time,o,h,l,c,volume,body_len,candle_len,upper_wick,lower_wick,direction,mid_price,body_pct,candle_type,pinbar_dir,is_special_maru,is_big_maru_as0,is_big_normal_as0,prior_maru_max_len_as0,is_big_maru_as1,is_big_normal_as1,prior_maru_max_len_as1,is_big_maru_as2,is_big_normal_as2,prior_maru_max_len_as2,pat,pat_dir,pat_status,pat_start_idx,pat_end_idx,pat_confirm_idx,is_range,is_range_confirm_idx,is_range_lag,market_state,range_active,range_hi,range_lo,range_start_idx,range_confirm_idx,breakout_th,pullback_th,range_break_frac,cts_idx,cts_price,cts_event,bos_idx,bos_price,bos_event,cts_cycle_id,cts_threshold,bos_threshold,cycle_stage,cts_phase_debug,reversal_watch_active,reversal_bos_th_frozen,reversal_watch_extreme,last_breakout_pat_apply_idx
2025-11-25 12:00:00+00:00,0.55946,0.55976,0.55939,0.55946,490,0.0,0.00036999999999998145,0.000300000000000078,6.999999999990347e-05,0,0.559575,0.0,pinbar,-1,False,False,False,0.0,False,False,0.0,False,False,0.0,,0,,-1,-1,-1,0,-1,-1,none,0,,,-1,-1,,,,-1,,,-1,,,0,,,NONE,NONE,0,,,-1
2025-11-25 12:15:00+00:00,0.55945,0.55967,0.5594,0.55954,531,9.00000000000345e-05,0.00026999999999999247,0.00012999999999996348,4.999999999999449e-05,1,0.559535,0.33333333333347037,pinbar,0,False,False,False,0.0,False,False,0.0,False,False,0.0,,0,,-1,-1,-1,0,-1,-1,none,0,,,-1,-1,,,,-1,,,-1,,,0,,,NONE,NONE,0,,,-1
2025-11-25 12:30:00+00:00,0.55953,0.56024,0.55938,0.56004,973,0.0005100000000000104,0.0008599999999999719,0.00019999999999997797,0.00014999999999998348,1,0.5598099999999999,0.593023255813985,normal,0,False,False,False,0.0,False,False,0.0,False,False,0.0,,0,,-1,-1,-1,1,6,4,none,0,,,-1,-1,,,,-1,,,-1,,,0,,,NONE,NONE,0,,,-1
2025-11-25 12:45:00+00:00,0.56002,0.5602,0.5597,0.55999,1328,2.999999999997449e-05,0.000500000000000056,0.000180000000000069,0.00029000000000001247,-1,0.55995,0.059999999999942266,pinbar,1,False,False,False,0.0,False,False,0.0,False,False,0.0,,0,,-1,-1,-1,1,6,3,none,0,,,-1,-1,,,,-1,,,-1,,,0,,,NONE,NONE,0,,,-1
2025-11-25 13:00:00+00:00,0.56,0.56103,0.55994,0.56087,1082,0.0008699999999999264,0.0010900000000000354,0.000160000000000049,6.0000000000060005e-05,1,0.560485,0.7981651376145854,maru,0,True,False,False,0.0,False,False,0.0,False,False,0.0,,0,,-1,-1,-1,1,6,2,none,0,,,-1,-1,,,,-1,,,-1,,,0,,,NONE,NONE,0,,,-1
2025-11-25 13:15:00+00:00,0.56088,0.56149,0.56058,0.56071,1281,0.00017000000000000348,0.0009100000000000774,0.0006099999999999994,0.0001300000000000745,-1,0.561035,0.18681318681317474,pinbar,-1,False,False,False,0.0010900000000000354,False,False,0.0,False,False,0.0,,0,,-1,-1,-1,1,7,2,none,0,,,-1,-1,,,,-1,,,-1,,,0,,,NONE,NONE,0,,,-1
2025-11-25 13:30:00+00:00,0.56068,0.56169,0.55994,0.5602,1804,0.00047999999999992493,0.0017500000000000293,0.0010100000000000664,0.000260000000000038,-1,0.5608150000000001,0.2742857142856668,pinbar,-1,False,False,False,0.0010900000000000354,False,False,0.0010900000000000354,False,False,0.0,,0,,-1,-1,-1,1,8,2,none,0,,,-1,-1,,,,-1,,,-1,,,0,,,NONE,NONE,0,,,-1
2025-11-25 13:45:00+00:00,0.56019,0.56098,0.56019,0.56072,1044,0.0005300000000000304,0.0007900000000000684,0.000260000000000038,0.0,1,0.560585,0.6708860759493476,maru,0,True,True,True,0.0010900000000000354,True,True,0.0010900000000000354,True,True,0.0010900000000000354,,0,,-1,-1,-1,1,11,4,none,0,,,-1,-1,,,,-1,,,-1,,,0,,,NONE,NONE,0,,,-1
2025-11-25 14:00:00+00:00,0.56072,0.56098,0.56034,0.56036,1067,0.00036000000000002697,0.0006400000000000849,0.000260000000000038,2.0000000000020002e-05,-1,0.5606599999999999,0.5624999999999675,normal,0,True,False,True,0.0010900000000000354,False,True,0.0010900000000000354,False,True,0.0010900000000000354,,0,,-1,-1,-1,1,11,3,none,0,,,-1,-1,,,,-1,,,-1,,,0,,,NONE,NONE,0,,,-1
2025-11-25 14:15:00+00:00,0.56035,0.5604,0.56006,0.5601,1021,0.00024999999999997247,0.00034000000000000696,4.999999999999449e-05,4.0000000000040004e-05,-1,0.56023,0.7352941176469627,maru,0,False,False,False,0.0010900000000000354,False,False,0.0010900000000000354,False,False,0.0010900000000000354,,0,,-1,-1,-1,0,-1,-1,none,0,,,-1,-1,,,,-1,,,-1,,,0,,,NONE,NONE,0,,,-1
2025-11-25 14:30:00+00:00,0.5601,0.56045,0.55953,0.55976,1631,0.00034000000000000696,0.0009200000000000319,0.00034999999999996145,0.0002300000000000635,-1,0.55999,0.3695652173912991,pinbar,0,False,False,False,0.0010900000000000354,False,False,0.0010900000000000354,False,False,0.0010900000000000354,,0,,-1,-1,-1,0,-1,-1,none,0,,,-1,-1,,,,-1,,,-1,,,0,,,NONE,NONE,0,,,-1
2025-11-25 14:45:00+00:00,0.55975,0.56066,0.55948,0.5606,1625,0.0008500000000000174,0.0011800000000000699,6.0000000000060005e-05,0.00026999999999999247,1,0.5600700000000001,0.7203389830508196,maru,0,True,True,True,0.0010900000000000354,True,True,0.0010900000000000354,True,True,0.0010900000000000354,,0,,-1,-1,-1,1,13,2,none,0,,,-1,-1,,,,-1,,,-1,,,0,,,NONE,NONE,0,,,-1
2025-11-25 15:00:00+00:00,0.56064,0.56088,0.56016,0.56058,2350,6.0000000000060005e-05,0.0007200000000000539,0.00024000000000001798,0.00041999999999997595,-1,0.56052,0.08333333333341043,pinbar,1,False,False,False,0.0011800000000000699,False,False,0.0010900000000000354,False,False,0.0010900000000000354,,0,,-1,-1,-1,1,14,2,none,0,,,-1,-1,,,,-1,,,-1,,,0,,,NONE,NONE,0,,,-1
2025-11-25 15:15:00+00:00,0.56058,0.56082,0.56034,0.56054,2246,3.999999999992898e-05,0.00048000000000003595,0.00024000000000001798,0.000200000000000089,-1,0.56058,0.08333333333317913,pinbar,-1,False,False,False,0.0011800000000000699,False,False,0.0011800000000000699,False,False,0.0010900000000000354,,0,,-1,-1,-1,1,15,2,none,0,,,-1,-1,,,,-1,,,-1,,,0,,,NONE,NONE,0,,,-1
2025-11-25 15:30:00+00:00,0.56054,0.56116,0.5605,0.56066,1292,0.00012000000000000899,0.0006599999999999939,0.0004999999999999449,4.0000000000040004e-05,1,0.5608299999999999,0.18181818181819712,pinbar,-1,False,False,False,0.0011800000000000699,False,False,0.0011800000000000699,False,False,0.0011800000000000699,,0,,-1,-1,-1,1,16,2,none,0,,,-1,-1,,,,-1,,,-1,,,0,,,NONE,NONE,0,,,-1
2025-11-25 15:45:00+00:00,0.56068,0.56086,0.56028,0.5608,1406,0.00012000000000000899,0.0005800000000000249,6.0000000000060005e-05,0.00039999999999995595,1,0.56057,0.20689655172414453,pinbar,1,False,False,False,0.0011800000000000699,False,False,0.0011800000000000699,False,False,0.0011800000000000699,,0,,-1,-1,-1,1,18,3,none,0,,,-1,-1,,,,-1,,,-1,,,0,,,NONE,NONE,0,,,-1
2025-11-25 16:00:00+00:00,0.5608,0.56094,0.56062,0.56088,961,8.000000000008001e-05,0.00031999999999998696,5.999999999994898e-05,0.00017999999999995797,1,0.5607800000000001,0.25000000000026024,pinbar,1,False,False,False,0.0011800000000000699,False,False,0.0011800000000000699,False,False,0.0011800000000000699,,0,,-1,-1,-1,1,18,2,none,0,,,-1,-1,,,,-1,,,-1,,,0,,,NONE,NONE,0,,,-1
2025-11-25 16:15:00+00:00,0.56089,0.56147,0.56084,0.56105,748,0.000160000000000049,0.0006300000000000194,0.00041999999999997595,4.999999999999449e-05,1,0.5611550000000001,0.2539682539683239,pinbar,-1,False,False,False,0.0011800000000000699,False,False,0.0011800000000000699,False,False,0.0011800000000000699,,0,,-1,-1,-1,0,-1,-1,none,0,,,-1,-1,,,,-1,,,-1,,,0,,,NONE,NONE,0,,,-1
2025-11-25 16:30:00+00:00,0.56108,0.5611,0.56075,0.56084,583,0.00024000000000001798,0.0003500000000000725,2.0000000000020002e-05,9.00000000000345e-05,-1,0.560925,0.6857142857141951,maru,0,True,False,False,0.0011800000000000699,False,False,0.0011800000000000699,False,False,0.0011800000000000699,,0,,-1,-1,-1,0,-1,-1,none,0,,,-1,-1,,,,-1,,,-1,,,0,,,NONE,NONE,0,,,-1
2025-11-25 16:45:00+00:00,0.56083,0.56092,0.5606,0.56078,599,5.0000000000105516e-05,0.00031999999999998696,8.999999999992347e-05,0.00017999999999995797,-1,0.5607599999999999,0.1562500000003361,pinbar,1,False,False,False,0.0011800000000000699,False,False,0.0011800000000000699,False,False,0.0011800000000000699,,0,,-1,-1,-1,0,-1,-1,none,0,,,-1,-1,,,,-1,,,-1,,,0,,,NONE,NONE,0,,,-1
2025-11-25 17:00:00+00:00,0.56078,0.56192,0.56078,0.56155,2014,0.0007700000000000484,0.0011400000000000299,0.00036999999999998145,0.0,1,0.56135,0.6754385964912528,maru,0,True,True,True,0.0011800000000000699,True,True,0.0011800000000000699,True,True,0.0011800000000000699,,0,,-1,-1,-1,0,-1,-1,none,0,,,-1,-1,,,,-1,,,-1,,,0,,,NONE,NONE,0,,,-1
2025-11-25 17:15:00+00:00,0.56154,0.5625,0.56147,0.56206,987,0.0005199999999999649,0.0010299999999999754,0.00043999999999999595,7.00000000000145e-05,1,0.561985,0.5048543689320169,normal,0,True,False,True,0.0011800000000000699,False,True,0.0011800000000000699,False,True,0.0011800000000000699,one_maru_continuous,1,SUCCESS,20,21,-1,1,24,3,breakout,0,,,-1,-1,,,,21,0.5625,CTS_ESTABLISHED,2,0.55938,BOS_CONFIRMED,1,,0.55938,SEEK_PULLBACK,EST_OR_UPD,0,,,21
2025-11-25 17:30:00+00:00,0.56208,0.56255,0.56206,0.56248,744,0.00039999999999995595,0.0004899999999999904,7.00000000000145e-05,2.0000000000020002e-05,1,0.562305,0.8163265306121709,maru,0,True,False,False,0.0011800000000000699,False,False,0.0011800000000000699,False,False,0.0011800000000000699,,0,,-1,-1,-1,1,24,2,breakout,0,,,-1,-1,,,,21,0.5625,,2,0.55938,,1,,0.55938,SEEK_PULLBACK,EST_OR_UPD,0,,,21
2025-11-25 17:45:00+00:00,0.56247,0.56287,0.56215,0.56262,451,0.00014999999999998348,0.0007199999999999429,0.00024999999999997247,0.00031999999999998696,1,0.5625100000000001,0.2083333333333269,pinbar,0,False,False,False,0.0011800000000000699,False,False,0.0011800000000000699,False,False,0.0011800000000000699,,0,,-1,-1,-1,1,25,2,range,1,0.56287,0.56215,23,25,0.56287,0.56215,,23,0.56287,,2,0.55938,,1,0.56287,0.55938,SEEK_PULLBACK,EST_OR_UPD,0,,,21
2025-11-25 18:00:00+00:00,0.56262,0.56262,0.56213,0.56239,353,0.0002300000000000635,0.0004899999999999904,0.0,0.00025999999999992696,-1,0.5623750000000001,0.46938775510217956,normal,0,False,False,False,0.0011800000000000699,False,False,0.0011800000000000699,False,False,0.0011800000000000699,,0,,-1,-1,-1,1,26,2,range,1,0.56287,0.56213,23,25,0.56287,0.56213,,23,0.56287,,2,0.55938,,1,0.56287,0.55938,SEEK_PULLBACK,EST_OR_UPD,0,,,21
2025-11-25 18:15:00+00:00,0.56236,0.56251,0.56218,0.56232,269,3.999999999992898e-05,0.00032999999999994145,0.00014999999999998348,0.000140000000000029,-1,0.562345,0.12121212121192751,pinbar,0,False,False,False,0.0011800000000000699,False,False,0.0011800000000000699,False,False,0.0011800000000000699,,0,,-1,-1,-1,1,27,2,range,1,0.56287,0.56213,23,25,0.56287,0.56213,,23,0.56287,,2,0.55938,,1,0.56287,0.55938,SEEK_PULLBACK,EST_OR_UPD,0,,,21
2025-11-25 18:30:00+00:00,0.56234,0.56241,0.56212,0.56236,449,2.0000000000020002e-05,0.00029000000000001247,4.999999999999449e-05,0.00021999999999999797,1,0.562265,0.06896551724144531,pinbar,1,False,False,False,0.0011800000000000699,False,False,0.0011800000000000699,False,False,0.0011800000000000699,,0,,-1,-1,-1,1,28,2,range,1,0.56287,0.56212,23,25,0.56287,0.56212,,23,0.56287,,2,0.55938,,1,0.56287,0.55938,SEEK_PULLBACK,EST_OR_UPD,0,,,21
2025-11-25 18:45:00+00:00,0.56237,0.56248,0.56224,0.56226,494,0.0001100000000000545,0.00024000000000001798,0.00010999999999994348,2.0000000000020002e-05,-1,0.56236,0.4583333333335261,normal,0,False,False,False,0.0011800000000000699,False,False,0.0011800000000000699,False,False,0.0011800000000000699,,0,,-1,-1,-1,1,32,5,range,1,0.56287,0.56212,23,25,0.56287,0.56212,,23,0.56287,,2,0.55938,,1,0.56287,0.55938,SEEK_PULLBACK,EST_OR_UPD,0,,,21
2025-11-25 19:00:00+00:00,0.56226,0.56234,0.56206,0.56226,597,0.0,0.00027999999999994696,7.999999999996898e-05,0.00019999999999997797,0,0.5622,0.0,pinbar,1,False,False,False,0.0011800000000000699,False,False,0.0011800000000000699,False,False,0.0011800000000000699,,0,,-1,-1,-1,1,30,2,range,1,0.56287,0.56206,23,25,0.56287,0.56206,,23,0.56287,,2,0.55938,,1,0.56287,0.55938,SEEK_PULLBACK,EST_OR_UPD,0,,,21
2025-11-25 19:15:00+00:00,0.56226,0.56226,0.56186,0.56192,586,0.00034000000000000696,0.00039999999999995595,0.0,5.999999999994898e-05,-1,0.56206,0.850000000000111,maru,0,True,False,False,0.0011800000000000699,False,False,0.0011800000000000699,False,False,0.0011800000000000699,,0,,-1,-1,-1,1,33,4,range,1,0.56287,0.56186,23,25,0.56287,0.56186,0.41176470588242975,23,0.56287,,2,0.55938,,1,0.56287,0.55938,SEEK_PULLBACK,EST_OR_UPD,0,,,21
2025-11-25 19:30:00+00:00,0.56192,0.56215,0.56187,0.56214,529,0.00021999999999999797,0.000280000000000058,1.0000000000065512e-05,4.999999999999449e-05,1,0.56201,0.7857142857141158,maru,0,True,False,False,0.0011800000000000699,False,False,0.0011800000000000699,False,False,0.0011800000000000699,,0,,-1,-1,-1,1,33,3,range,1,0.56287,0.56186,23,25,0.56287,0.56186,,23,0.56287,,2,0.55938,,1,0.56287,0.55938,SEEK_PULLBACK,EST_OR_UPD,0,,,21
2025-11-25 19:45:00+00:00,0.56212,0.56264,0.56207,0.56249,301,0.0003700000000000925,0.0005700000000000705,0.00014999999999998348,4.999999999999449e-05,1,0.5623549999999999,0.6491228070176259,normal,0,True,False,True,0.0011400000000000299,False,False,0.0011800000000000699,False,False,0.0011800000000000699,,0,,-1,-1,-1,1,36,5,range,1,0.56287,0.56186,23,25,0.56287,0.56186,,23,0.56287,,2,0.55938,,1,0.56287,0.55938,SEEK_PULLBACK,EST_OR_UPD,0,,,21
2025-11-25 20:00:00+00:00,0.56252,0.56263,0.56239,0.56248,144,4.0000000000040004e-05,0.00024000000000001798,0.00010999999999994348,9.00000000000345e-05,-1,0.56251,0.16666666666682087,pinbar,0,False,False,False,0.0011400000000000299,False,False,0.0011400000000000299,False,False,0.0011800000000000699,,0,,-1,-1,-1,0,-1,-1,range,1,0.56287,0.56186,23,25,0.56287,0.56186,,23,0.56287,,2,0.55938,,1,0.56287,0.55938,SEEK_PULLBACK,EST_OR_UPD,0,,,21
2025-11-25 20:15:00+00:00,0.56247,0.5625,0.56188,0.56188,350,0.0005899999999999794,0.0006199999999999539,2.999999999997449e-05,0.0,-1,0.56219,0.951612903225844,maru,0,True,False,True,0.0011400000000000299,False,True,0.0011400000000000299,False,True,0.0011400000000000299,,0,,-1,-1,-1,1,36,3,range,1,0.56287,0.56186,23,25,0.56287,0.56186,,23,0.56287,,2,0.55938,,1,0.56287,0.55938,SEEK_PULLBACK,EST_OR_UPD,0,,,21
2025-11-25 20:30:00+00:00,0.56186,0.56203,0.56174,0.56179,291,7.00000000000145e-05,0.00029000000000001247,0.00017000000000000348,4.999999999999449e-05,-1,0.561885,0.24137931034486718,pinbar,-1,False,False,False,0.0011400000000000299,False,False,0.0011400000000000299,False,False,0.0011400000000000299,,0,,-1,-1,-1,1,38,4,range,1,0.56287,0.56174,23,25,0.56287,0.56174,1.0,23,0.56287,,2,0.55938,,1,0.56287,0.55938,SEEK_PULLBACK,EST_OR_UPD,0,,,21
2025-11-25 20:45:00+00:00,0.56177,0.56187,0.56165,0.5618,264,2.999999999997449e-05,0.00021999999999999797,7.00000000000145e-05,0.00012000000000000899,1,0.56176,0.13636363636352167,pinbar,1,False,False,False,0.0011400000000000299,False,False,0.0011400000000000299,False,False,0.0011400000000000299,,0,,-1,-1,-1,1,40,5,range,1,0.56287,0.56165,23,25,0.56287,0.56165,,23,0.56287,,2,0.55938,,1,0.56287,0.55938,SEEK_PULLBACK,EST_OR_UPD,0,,,21
2025-11-25 21:00:00+00:00,0.56178,0.56238,0.56174,0.56207,207,0.00029000000000001247,0.0006399999999999739,0.00031000000000003247,3.999999999992898e-05,1,0.56206,0.45312500000003797,normal,0,False,False,True,0.0011400000000000299,False,True,0.0011400000000000299,False,True,0.0011400000000000299,,0,,-1,-1,-1,1,38,2,range,1,0.56287,0.56165,23,25,0.56287,0.56165,,23,0.56287,,2,0.55938,,1,0.56287,0.55938,SEEK_PULLBACK,EST_OR_UPD,0,,,21
2025-11-25 21:15:00+00:00,0.56205,0.56224,0.56198,0.56218,163,0.00012999999999996348,0.00025999999999992696,5.999999999994898e-05,7.00000000000145e-05,1,0.56211,0.5,normal,0,False,False,False,0.0011400000000000299,False,False,0.0011400000000000299,False,False,0.0011400000000000299,,0,,-1,-1,-1,1,39,2,range,1,0.56287,0.56165,23,25,0.56287,0.56165,,23,0.56287,,2,0.55938,,1,0.56287,0.55938,SEEK_PULLBACK,EST_OR_UPD,0,,,21
2025-11-25 21:30:00+00:00,0.56219,0.5622,0.56192,0.56196,113,0.00022999999999995246,0.000280000000000058,1.0000000000065512e-05,4.0000000000040004e-05,-1,0.56206,0.8214285714282316,maru,0,True,False,False,0.0011400000000000299,False,False,0.0011400000000000299,False,False,0.0011400000000000299,,0,,-1,-1,-1,1,41,3,range,1,0.56287,0.56165,23,25,0.56287,0.56165,,23,0.56287,,2,0.55938,,1,0.56287,0.55938,SEEK_PULLBACK,EST_OR_UPD,0,,,21
2025-11-25 21:45:00+00:00,0.56195,0.56205,0.56195,0.56199,325,4.0000000000040004e-05,0.00010000000000010001,6.0000000000060005e-05,0.0,1,0.562,0.4,pinbar,-1,False,False,False,0.0006199999999999539,False,False,0.0011400000000000299,False,False,0.0011400000000000299,,0,,-1,-1,-1,0,-1,-1,range,1,0.56287,0.56165,23,25,0.56287,0.56165,,23,0.56287,,2,0.55938,,1,0.56287,0.55938,SEEK_PULLBACK,EST_OR_UPD,0,,,21
2025-11-25 22:00:00+00:00,0.56176,0.56188,0.56158,0.5618,176,3.999999999992898e-05,0.000300000000000078,8.000000000008001e-05,0.000180000000000069,1,0.5617300000000001,0.13333333333306194,pinbar,1,False,False,False,0.0006199999999999539,False,False,0.0006199999999999539,False,False,0.0011400000000000299,,0,,-1,-1,-1,0,-1,-1,range,1,0.56287,0.56158,23,25,0.56287,0.56158,,23,0.56287,,2,0.55938,,1,0.56287,0.55938,SEEK_PULLBACK,EST_OR_UPD,0,,,21
2025-11-25 22:15:00+00:00,0.56177,0.56223,0.56173,0.5621,174,0.0003300000000000525,0.000500000000000056,0.00012999999999996348,4.0000000000040004e-05,1,0.5619799999999999,0.6600000000000311,maru,0,True,True,True,0.0006199999999999539,True,True,0.0006199999999999539,True,True,0.0006199999999999539,,0,,-1,-1,-1,1,43,2,range,1,0.56287,0.56158,23,25,0.56287,0.56158,,23,0.56287,,2,0.55938,,1,0.56287,0.55938,SEEK_PULLBACK,EST_OR_UPD,0,,,21
2025-11-25 22:30:00+00:00,0.56209,0.56222,0.56202,0.5622,421,0.0001100000000000545,0.000200000000000089,2.0000000000020002e-05,7.00000000000145e-05,1,0.56212,0.5500000000000278,normal,0,False,False,False,0.0006199999999999539,False,False,0.0006199999999999539,False,False,0.0006199999999999539,one_maru_continuous,1,SUCCESS,41,42,-1,0,-1,-1,range,1,0.56287,0.56158,23,25,0.56287,0.56158,,23,0.56287,,2,0.55938,,1,0.56287,0.55938,SEEK_PULLBACK,EST_OR_UPD,0,,,21
2025-11-25 22:45:00+00:00,0.56216,0.56242,0.56201,0.56218,657,2.0000000000020002e-05,0.00041000000000002146,0.00024000000000001798,0.00014999999999998348,1,0.562215,0.04878048780492428,pinbar,-1,False,False,False,0.0006199999999999539,False,False,0.0006199999999999539,False,False,0.0006199999999999539,,0,,-1,-1,-1,1,46,3,range,1,0.56287,0.56158,23,25,0.56287,0.56158,,23,0.56287,,2,0.55938,,1,0.56287,0.55938,SEEK_PULLBACK,EST_OR_UPD,0,,,21
2025-11-25 23:00:00+00:00,0.5622,0.56262,0.56214,0.56258,282,0.00037999999999993594,0.00048000000000003595,4.0000000000040004e-05,6.0000000000060005e-05,1,0.56238,0.7916666666664739,maru,0,True,True,True,0.0006199999999999539,True,True,0.0006199999999999539,True,True,0.0006199999999999539,,0,,-1,-1,-1,1,46,2,range,1,0.56287,0.56158,23,25,0.56287,0.56158,,23,0.56287,,2,0.55938,,1,0.56287,0.55938,SEEK_PULLBACK,EST_OR_UPD,0,,,21
2025-11-25 23:15:00+00:00,0.5626,0.56262,0.56242,0.56255,178,4.999999999999449e-05,0.00019999999999997797,2.0000000000020002e-05,0.00012999999999996348,-1,0.56252,0.25,pinbar,1,False,False,False,0.0006199999999999539,False,False,0.0006199999999999539,False,False,0.0006199999999999539,,0,,-1,-1,-1,1,47,2,range,1,0.56287,0.56158,23,25,0.56287,0.56158,,23,0.56287,,2,0.55938,,1,0.56287,0.55938,SEEK_PULLBACK,EST_OR_UPD,0,,,21
2025-11-25 23:30:00+00:00,0.56252,0.56268,0.56234,0.56234,202,0.000180000000000069,0.00034000000000000696,0.00015999999999993797,0.0,-1,0.56251,0.5294117647060744,normal,0,True,False,True,0.0006199999999999539,False,True,0.0006199999999999539,False,True,0.0006199999999999539,,0,,-1,-1,-1,1,48,2,range,1,0.56287,0.56158,23,25,0.56287,0.56158,,23,0.56287,,2,0.55938,,1,0.56287,0.55938,SEEK_PULLBACK,EST_OR_UPD,0,,,21
2025-11-25 23:45:00+00:00,0.56235,0.56248,0.56218,0.56248,154,0.00012999999999996348,0.00029999999999996696,0.0,0.00017000000000000348,1,0.56233,0.4333333333332593,normal,0,False,False,False,0.0006199999999999539,False,False,0.0006199999999999539,False,False,0.0006199999999999539,,0,,-1,-1,-1,0,-1,-1,range,1,0.56287,0.56158,23,25,0.56287,0.56158,,23,0.56287,,2,0.55938,,1,0.56287,0.55938,SEEK_PULLBACK,EST_OR_UPD,0,,,21
2025-11-26 00:00:00+00:00,0.56248,0.56268,0.56233,0.56255,508,7.00000000000145e-05,0.00034999999999996145,0.00012999999999996348,0.00014999999999998348,1,0.562505,0.20000000000006343,pinbar,0,False,False,False,0.0006199999999999539,False,False,0.0006199999999999539,False,False,0.0006199999999999539,,0,,-1,-1,-1,1,50,2,range,1,0.56287,0.56158,23,25,0.56287,0.56158,,23,0.56287,,2,0.55938,,1,0.56287,0.55938,SEEK_PULLBACK,EST_OR_UPD,0,,,21
2025-11-26 00:15:00+00:00,0.56254,0.56262,0.56235,0.56256,380,1.999999999990898e-05,0.00026999999999999247,6.0000000000060005e-05,0.00019000000000002348,1,0.562485,0.07407407407373903,pinbar,1,False,False,False,0.0006199999999999539,False,False,0.0006199999999999539,False,False,0.0006199999999999539,,0,,-1,-1,-1,0,-1,-1,range,1,0.56287,0.56158,23,25,0.56287,0.56158,,23,0.56287,,2,0.55938,,1,0.56287,0.55938,SEEK_PULLBACK,EST_OR_UPD,0,,,21
2025-11-26 00:30:00+00:00,0.56255,0.5632,0.56244,0.56258,1257,2.999999999997449e-05,0.0007599999999999829,0.0006200000000000649,0.00010999999999994348,1,0.5628200000000001,0.03947368421049364,pinbar,-1,False,False,False,0.0006199999999999539,False,False,0.0006199999999999539,False,False,0.0006199999999999539,,0,,-1,-1,-1,0,-1,-1,range,1,0.5632,0.56158,23,25,0.5632,0.56158,,50,0.5632,CTS_UPDATED,2,0.55938,,1,0.5632,0.55938,SEEK_PULLBACK,EST_OR_UPD,0,,,21
2025-11-26 00:45:00+00:00,0.56256,0.56286,0.56237,0.56276,655,0.000200000000000089,0.0004899999999999904,9.999999999998899e-05,0.00018999999999991246,1,0.5626150000000001,0.40816326530631203,normal,0,False,False,True,0.0006199999999999539,False,True,0.0006199999999999539,False,True,0.0006199999999999539,,0,,-1,-1,-1,0,-1,-1,range,1,0.5632,0.56158,23,25,0.5632,0.56158,,50,0.5632,,2,0.55938,,1,0.5632,0.55938,SEEK_PULLBACK,EST_OR_UPD,0,,,21
2025-11-26 01:00:00+00:00,0.56272,0.56707,0.56262,0.56609,4727,0.003369999999999984,0.004449999999999954,0.0009799999999999809,9.999999999998899e-05,1,0.564845,0.7573033707865211,maru,0,True,True,True,0.0006199999999999539,True,True,0.0006199999999999539,True,True,0.0006199999999999539,,0,,-1,-1,-1,1,54,2,range,1,0.5632,0.56158,23,25,0.5632,0.56158,0.8575667655786237,52,0.56707,CTS_UPDATED,2,0.55938,,1,0.5632,0.55938,SEEK_PULLBACK,EST_OR_UPD,0,,,21
2025-11-26 01:15:00+00:00,0.5661,0.56738,0.566,0.56737,1901,0.0012699999999999934,0.0013800000000000479,9.99999999995449e-06,0.00010000000000010001,1,0.5666899999999999,0.920289855072427,maru,0,True,False,False,0.004449999999999954,True,True,0.0006199999999999539,True,True,0.0006199999999999539,one_maru_continuous,1,SUCCESS,52,53,-1,1,55,2,breakout,0,,,-1,-1,,,1.0,53,0.56738,CTS_UPDATED,2,0.55938,,1,0.5632,0.55938,SEEK_PULLBACK,EST_OR_UPD,0,,,53
2025-11-26 01:30:00+00:00,0.56736,0.56824,0.56688,0.56688,2271,0.00047999999999992493,0.0013599999999999168,0.0008799999999999919,0.0,-1,0.5675600000000001,0.3529411764705546,pinbar,-1,False,False,False,0.004449999999999954,False,False,0.004449999999999954,False,False,0.0006199999999999539,,0,,-1,-1,-1,0,-1,-1,breakout,0,,,-1,-1,,,,54,0.56824,CTS_UPDATED,2,0.55938,,1,0.5632,0.55938,SEEK_PULLBACK,EST_OR_UPD,0,,,53
2025-11-26 01:45:00+00:00,0.56689,0.5673,0.56674,0.56684,1393,4.999999999999449e-05,0.0005600000000000049,0.00041000000000002146,9.999999999998899e-05,-1,0.5670200000000001,0.08928571428570367,pinbar,-1,False,False,False,0.004449999999999954,False,False,0.004449999999999954,False,False,0.004449999999999954,,0,,-1,-1,-1,0,-1,-1,breakout,0,,,-1,-1,,,,54,0.56824,,2,0.55938,,1,0.5632,0.55938,SEEK_PULLBACK,EST_OR_UPD,0,,,53
2025-11-26 02:00:00+00:00,0.56685,0.56891,0.56666,0.56834,1795,0.0014899999999999913,0.0022499999999999742,0.0005700000000000705,0.00018999999999991246,1,0.567785,0.6622222222222259,maru,0,True,False,True,0.004449999999999954,False,True,0.004449999999999954,False,True,0.004449999999999954,one_maru_opposite,1,CONFIRMED,53,54,56,1,59,3,breakout,0,,,-1,-1,,,,56,0.56891,CTS_UPDATED,2,0.55938,,1,0.5632,0.55938,SEEK_PULLBACK,EST_OR_UPD,0,,,53
2025-11-26 02:15:00+00:00,0.56836,0.5691,0.56804,0.56874,1563,0.00038000000000004697,0.001060000000000061,0.00036000000000002697,0.00031999999999998696,1,0.56857,0.3584905660377596,pinbar,0,False,False,False,0.004449999999999954,False,False,0.004449999999999954,False,False,0.004449999999999954,,0,,-1,-1,-1,1,59,2,range,1,0.5691,0.56804,57,59,0.5691,0.56804,,57,0.5691,,2,0.55938,,1,0.5691,0.55938,SEEK_PULLBACK,EST_OR_UPD,0,,,53
2025-11-26 02:30:00+00:00,0.56876,0.56908,0.56838,0.56893,1003,0.00017000000000000348,0.0007000000000000339,0.00014999999999998348,0.00038000000000004697,1,0.56873,0.24285714285713605,pinbar,1,False,False,False,0.004449999999999954,False,False,0.004449999999999954,False,False,0.004449999999999954,,0,,-1,-1,-1,1,60,2,range,1,0.5691,0.56804,57,59,0.5691,0.56804,,57,0.5691,,2,0.55938,,1,0.5691,0.55938,SEEK_PULLBACK,EST_OR_UPD,0,,,53
2025-11-26 02:45:00+00:00,0.5689,0.5692,0.5682,0.56873,1028,0.00017000000000000348,0.0010000000000000009,0.000300000000000078,0.0005299999999999194,-1,0.5687,0.17000000000000334,pinbar,1,False,False,False,0.004449999999999954,False,False,0.004449999999999954,False,False,0.004449999999999954,,0,,-1,-1,-1,1,61,2,range,1,0.5692,0.56804,57,59,0.5692,0.56804,,57,0.5691,,2,0.55938,,1,0.5692,0.55938,SEEK_PULLBACK,EST_OR_UPD,0,,,53
2025-11-26 03:00:00+00:00,0.5687,0.56966,0.5687,0.56901,1039,0.00031000000000003247,0.0009600000000000719,0.0006500000000000394,0.0,1,0.56918,0.3229166666666763,pinbar,-1,False,False,False,0.004449999999999954,False,False,0.004449999999999954,False,False,0.004449999999999954,,0,,-1,-1,-1,1,63,3,range,1,0.56966,0.56804,57,59,0.56966,0.56804,,60,0.56966,CTS_UPDATED,2,0.55938,,1,0.56966,0.55938,SEEK_PULLBACK,EST_OR_UPD,0,,,53
2025-11-26 03:15:00+00:00,0.56898,0.56905,0.56862,0.56886,740,0.00012000000000000899,0.00042999999999993044,6.999999999990347e-05,0.00024000000000001798,-1,0.568835,0.2790697674419265,pinbar,1,False,False,False,0.004449999999999954,False,False,0.004449999999999954,False,False,0.004449999999999954,,0,,-1,-1,-1,1,64,3,range,1,0.56966,0.56804,57,59,0.56966,0.56804,,60,0.56966,,2,0.55938,,1,0.56966,0.55938,SEEK_PULLBACK,EST_OR_UPD,0,,,53
2025-11-26 03:30:00+00:00,0.56885,0.56928,0.56851,0.56865,1044,0.00019999999999997797,0.0007700000000000484,0.00043000000000004146,0.000140000000000029,-1,0.5688949999999999,0.2597402597402148,pinbar,-1,False,False,False,0.004449999999999954,False,False,0.004449999999999954,False,False,0.004449999999999954,,0,,-1,-1,-1,1,64,2,range,1,0.56966,0.56804,57,59,0.56966,0.56804,,60,0.56966,,2,0.55938,,1,0.56966,0.55938,SEEK_PULLBACK,EST_OR_UPD,0,,,53
2025-11-26 03:45:00+00:00,0.56868,0.56948,0.56867,0.5691,682,0.00042000000000008697,0.0008099999999999774,0.00037999999999993594,9.99999999995449e-06,1,0.569075,0.5185185185186404,normal,0,True,False,False,0.004449999999999954,False,False,0.004449999999999954,False,False,0.004449999999999954,,0,,-1,-1,-1,1,65,2,range,1,0.56966,0.56804,57,59,0.56966,0.56804,,60,0.56966,,2,0.55938,,1,0.56966,0.55938,SEEK_PULLBACK,EST_OR_UPD,0,,,53
2025-11-26 04:00:00+00:00,0.56908,0.56924,0.56847,0.56893,1017,0.00014999999999998348,0.0007699999999999374,0.00015999999999993797,0.00046000000000001595,-1,0.568855,0.19480519480518918,pinbar,1,False,False,False,0.004449999999999954,False,False,0.004449999999999954,False,False,0.004449999999999954,,0,,-1,-1,-1,1,66,2,range,1,0.56966,0.56804,57,59,0.56966,0.56804,,60,0.56966,,2,0.55938,,1,0.56966,0.55938,SEEK_PULLBACK,EST_OR_UPD,0,,,53
2025-11-26 04:15:00+00:00,0.56896,0.5692,0.56883,0.56885,797,0.0001100000000000545,0.0003700000000000925,0.00024000000000001798,2.0000000000020002e-05,-1,0.569015,0.2972972972973703,pinbar,-1,False,False,False,0.004449999999999954,False,False,0.004449999999999954,False,False,0.004449999999999954,,0,,-1,-1,-1,1,67,2,range,1,0.56966,0.56804,57,59,0.56966,0.56804,,60,0.56966,,2,0.55938,,1,0.56966,0.55938,SEEK_PULLBACK,EST_OR_UPD,0,,,53
2025-11-26 04:30:00+00:00,0.56884,0.56914,0.56881,0.56909,600,0.00024999999999997247,0.00032999999999994145,4.999999999999449e-05,2.999999999997449e-05,1,0.568975,0.7575757575758085,maru,0,True,False,False,0.004449999999999954,False,False,0.004449999999999954,False,False,0.004449999999999954,,0,,-1,-1,-1,1,68,2,range,1,0.56966,0.56804,57,59,0.56966,0.56804,,60,0.56966,,2,0.55938,,1,0.56966,0.55938,SEEK_PULLBACK,EST_OR_UPD,0,,,53
2025-11-26 04:45:00+00:00,0.56908,0.56923,0.56896,0.56896,570,0.00012000000000000899,0.00026999999999999247,0.00014999999999998348,0.0,-1,0.569095,0.4444444444444901,normal,0,False,False,False,0.004449999999999954,False,False,0.004449999999999954,False,False,0.004449999999999954,,0,,-1,-1,-1,1,69,2,range,1,0.56966,0.56804,57,59,0.56966,0.56804,,60,0.56966,,2,0.55938,,1,0.56966,0.55938,SEEK_PULLBACK,EST_OR_UPD,0,,,53
2025-11-26 05:00:00+00:00,0.56898,0.56922,0.56876,0.56889,576,9.00000000000345e-05,0.00045999999999990493,0.00023999999999990695,0.00012999999999996348,-1,0.56899,0.1956521739131589,pinbar,-1,False,False,False,0.004449999999999954,False,False,0.004449999999999954,False,False,0.004449999999999954,,0,,-1,-1,-1,1,71,3,range,1,0.56966,0.56804,57,59,0.56966,0.56804,,60,0.56966,,2,0.55938,,1,0.56966,0.55938,SEEK_PULLBACK,EST_OR_UPD,0,,,53
2025-11-26 05:15:00+00:00,0.5689,0.56924,0.56884,0.56907,750,0.00017000000000000348,0.00039999999999995595,0.00017000000000000348,5.999999999994898e-05,1,0.56904,0.4250000000000555,normal,0,False,False,False,0.004449999999999954,False,False,0.004449999999999954,False,False,0.004449999999999954,,0,,-1,-1,-1,1,71,2,range,1,0.56966,0.56804,57,59,0.56966,0.56804,,60,0.56966,,2,0.55938,,1,0.56966,0.55938,SEEK_PULLBACK,EST_OR_UPD,0,,,53
2025-11-26 05:30:00+00:00,0.56904,0.56918,0.56873,0.56873,469,0.00031000000000003247,0.00045000000000006146,0.000140000000000029,0.0,-1,0.568955,0.688888888888867,maru,0,True,False,False,0.004449999999999954,False,False,0.004449999999999954,False,False,0.004449999999999954,,0,,-1,-1,-1,1,72,2,range,1,0.56966,0.56804,57,59,0.56966,0.56804,,60,0.56966,,2,0.55938,,1,0.56966,0.55938,SEEK_PULLBACK,EST_OR_UPD,0,,,53
2025-11-26 05:45:00+00:00,0.56876,0.56914,0.56874,0.5691,417,0.00034000000000000696,0.00039999999999995595,3.999999999992898e-05,2.0000000000020002e-05,1,0.56894,0.850000000000111,maru,0,True,False,False,0.004449999999999954,False,False,0.004449999999999954,False,False,0.004449999999999954,,0,,-1,-1,-1,0,-1,-1,range,1,0.56966,0.56804,57,59,0.56966,0.56804,,60,0.56966,,2,0.55938,,1,0.56966,0.55938,SEEK_PULLBACK,EST_OR_UPD,0,,,53
2025-11-26 06:00:00+00:00,0.5691,0.56913,0.56878,0.56908,640,2.0000000000020002e-05,0.0003500000000000725,2.999999999997449e-05,0.000300000000000078,-1,0.568955,0.05714285714290246,pinbar,1,False,False,False,0.0022499999999999742,False,False,0.004449999999999954,False,False,0.004449999999999954,,0,,-1,-1,-1,0,-1,-1,range,1,0.56966,0.56804,57,59,0.56966,0.56804,,60,0.56966,,2,0.55938,,1,0.56966,0.55938,SEEK_PULLBACK,EST_OR_UPD,0,,,53
2025-11-26 06:15:00+00:00,0.56906,0.56936,0.56889,0.56936,657,0.00029999999999996696,0.00046999999999997044,0.0,0.00017000000000000348,1,0.569125,0.6382978723403954,normal,0,True,False,False,0.0022499999999999742,False,False,0.0022499999999999742,False,False,0.004449999999999954,,0,,-1,-1,-1,0,-1,-1,range,1,0.56966,0.56804,57,59,0.56966,0.56804,,60,0.56966,,2,0.55938,,1,0.56966,0.55938,SEEK_PULLBACK,EST_OR_UPD,0,,,53
2025-11-26 06:30:00+00:00,0.56937,0.56945,0.5685,0.56854,672,0.0008299999999999974,0.0009500000000000064,7.999999999996898e-05,4.0000000000040004e-05,-1,0.568975,0.8736842105263072,maru,0,True,False,False,0.0022499999999999742,False,False,0.0022499999999999742,False,False,0.0022499999999999742,,0,,-1,-1,-1,0,-1,-1,range,1,0.56966,0.56804,57,59,0.56966,0.56804,,60,0.56966,,2,0.55938,,1,0.56966,0.55938,SEEK_PULLBACK,EST_OR_UPD,0,,,53
2025-11-26 06:45:00+00:00,0.56854,0.56869,0.56818,0.56836,530,0.000180000000000069,0.0005100000000000104,0.00014999999999998348,0.00017999999999995797,-1,0.568435,0.35294117647071627,pinbar,0,False,False,False,0.0022499999999999742,False,False,0.0022499999999999742,False,False,0.0022499999999999742,,0,,-1,-1,-1,0,-1,-1,range,1,0.56966,0.56804,57,59,0.56966,0.56804,,60,0.56966,,2,0.55938,,1,0.56966,0.55938,SEEK_PULLBACK,EST_OR_UPD,0,,,53
2025-11-26 07:00:00+00:00,0.56836,0.56874,0.56833,0.56838,655,2.0000000000020002e-05,0.00041000000000002146,0.00036000000000002697,2.999999999997449e-05,1,0.568535,0.04878048780492428,pinbar,-1,False,False,False,0.0022499999999999742,False,False,0.0022499999999999742,False,False,0.0022499999999999742,,0,,-1,-1,-1,0,-1,-1,range,1,0.56966,0.56804,57,59,0.56966,0.56804,,60,0.56966,,2,0.55938,,1,0.56966,0.55938,SEEK_PULLBACK,EST_OR_UPD,0,,,53
2025-11-26 07:15:00+00:00,0.56838,0.56844,0.56787,0.56788,580,0.0004999999999999449,0.0005699999999999594,5.999999999994898e-05,1.0000000000065512e-05,-1,0.568155,0.8771929824561062,maru,0,True,False,False,0.0022499999999999742,False,False,0.0022499999999999742,False,False,0.0022499999999999742,one_maru_continuous,-1,CONFIRMED,74,75,77,0,-1,-1,range,1,0.56966,0.56787,57,59,0.56966,0.56787,0.3199999999999112,60,0.56966,,2,0.55938,,1,0.56966,0.55938,SEEK_PULLBACK,EST_OR_UPD,0,,,53
2025-11-26 07:30:00+00:00,0.56788,0.56802,0.56756,0.56763,1002,0.0002500000000000835,0.00046000000000001595,0.00013999999999991797,7.00000000000145e-05,-1,0.56779,0.5434782608697278,normal,0,False,False,False,0.0009500000000000064,False,False,0.0022499999999999742,False,False,0.0022499999999999742,,0,,-1,-1,-1,1,80,2,range,1,0.56966,0.56756,57,59,0.56966,0.56756,0.9599999999997513,60,0.56966,,2,0.55938,,1,0.56966,0.55938,SEEK_PULLBACK,EST_OR_UPD,0,,,53
2025-11-26 07:45:00+00:00,0.56761,0.5679,0.56732,0.5678,1076,0.00019000000000002348,0.0005799999999999139,9.999999999998899e-05,0.00028999999999990145,1,0.56761,0.3275862068966408,pinbar,0,False,False,False,0.0009500000000000064,False,False,0.0009500000000000064,False,False,0.0022499999999999742,,0,,-1,-1,-1,1,81,2,range,1,0.56966,0.56732,57,59,0.56966,0.56732,,60,0.56966,,2,0.55938,,1,0.56966,0.55938,SEEK_PULLBACK,EST_OR_UPD,0,,,53
2025-11-26 08:00:00+00:00,0.5678,0.56796,0.5675,0.56782,999,2.0000000000020002e-05,0.00046000000000001595,0.000140000000000029,0.00029999999999996696,1,0.5677300000000001,0.04347826086960719,pinbar,1,False,False,False,0.0009500000000000064,False,False,0.0009500000000000064,False,False,0.0009500000000000064,,0,,-1,-1,-1,1,83,3,range,1,0.56966,0.56732,57,59,0.56966,0.56732,,60,0.56966,,2,0.55938,,1,0.56966,0.55938,SEEK_PULLBACK,EST_OR_UPD,0,,,53
2025-11-26 08:15:00+00:00,0.56784,0.56809,0.56758,0.56768,628,0.000160000000000049,0.0005100000000000104,0.00024999999999997247,9.999999999998899e-05,-1,0.567835,0.3137254901961681,pinbar,0,False,False,False,0.0009500000000000064,False,False,0.0009500000000000064,False,False,0.0009500000000000064,,0,,-1,-1,-1,1,83,2,range,1,0.56966,0.56732,57,59,0.56966,0.56732,,60,0.56966,,2,0.55938,,1,0.56966,0.55938,SEEK_PULLBACK,EST_OR_UPD,0,,,53
2025-11-26 08:30:00+00:00,0.56768,0.56771,0.5669,0.5674,882,0.00027999999999994696,0.0008100000000000884,3.0000000000085514e-05,0.000500000000000056,-1,0.567305,0.3456790123455758,pinbar,1,False,False,False,0.0009500000000000064,False,False,0.0009500000000000064,False,False,0.0009500000000000064,,0,,-1,-1,-1,1,85,3,range,1,0.56966,0.5669,57,59,0.56966,0.5669,,60,0.56966,,2,0.55938,,1,0.56966,0.55938,SEEK_PULLBACK,EST_OR_UPD,0,,,53
2025-11-26 08:45:00+00:00,0.5674,0.56792,0.56738,0.56782,739,0.00041999999999997595,0.0005399999999999849,9.999999999998899e-05,2.0000000000020002e-05,1,0.56765,0.7777777777777549,maru,0,True,False,True,0.0009500000000000064,False,True,0.0009500000000000064,False,True,0.0009500000000000064,,0,,-1,-1,-1,1,85,2,range,1,0.56966,0.5669,57,59,0.56966,0.5669,,60,0.56966,,2,0.55938,,1,0.56966,0.55938,SEEK_PULLBACK,EST_OR_UPD,0,,,53
2025-11-26 09:00:00+00:00,0.56783,0.56822,0.56769,0.56798,705,0.0001500000000000945,0.0005299999999999194,0.00023999999999990695,0.00013999999999991797,1,0.567955,0.2830188679247496,pinbar,0,False,False,False,0.0009500000000000064,False,False,0.0009500000000000064,False,False,0.0009500000000000064,,0,,-1,-1,-1,1,86,2,range,1,0.56966,0.5669,57,59,0.56966,0.5669,,60,0.56966,,2,0.55938,,1,0.56966,0.55938,SEEK_PULLBACK,EST_OR_UPD,0,,,53
2025-11-26 09:15:00+00:00,0.56796,0.56799,0.56751,0.56763,621,0.0003300000000000525,0.00048000000000003595,2.999999999997449e-05,0.00012000000000000899,-1,0.56775,0.6875000000000578,maru,0,True,False,True,0.0009500000000000064,False,True,0.0009500000000000064,False,True,0.0009500000000000064,,0,,-1,-1,-1,1,87,2,range,1,0.56966,0.5669,57,59,0.56966,0.5669,,60,0.56966,,2,0.55938,,1,0.56966,0.55938,SEEK_PULLBACK,EST_OR_UPD,0,,,53
2025-11-26 09:30:00+00:00,0.56764,0.56826,0.56751,0.56806,778,0.00041999999999997595,0.0007500000000000284,0.00019999999999997797,0.0001300000000000745,1,0.567885,0.5599999999999468,normal,0,False,False,True,0.0009500000000000064,False,True,0.0009500000000000064,False,True,0.0009500000000000064,,0,,-1,-1,-1,1,88,2,range,1,0.56966,0.5669,57,59,0.56966,0.5669,,60,0.56966,,2,0.55938,,1,0.56966,0.55938,SEEK_PULLBACK,EST_OR_UPD,0,,,53
2025-11-26 09:45:00+00:00,0.56809,0.56809,0.5675,0.56762,648,0.00046999999999997044,0.0005899999999999794,0.0,0.00012000000000000899,-1,0.567795,0.7966101694915031,maru,0,True,False,True,0.0009500000000000064,False,True,0.0009500000000000064,False,True,0.0009500000000000064,,0,,-1,-1,-1,0,-1,-1,range,1,0.56966,0.5669,57,59,0.56966,0.5669,,60,0.56966,,2,0.55938,,1,0.56966,0.55938,SEEK_PULLBACK,EST_OR_UPD,0,,,53
2025-11-26 10:00:00+00:00,0.56764,0.56776,0.56746,0.56772,770,7.999999999996898e-05,0.000300000000000078,4.0000000000040004e-05,0.000180000000000069,1,0.56761,0.26666666666649397,pinbar,1,False,False,False,0.0009500000000000064,False,False,0.0009500000000000064,False,False,0.0009500000000000064,,0,,-1,-1,-1,0,-1,-1,range,1,0.56966,0.5669,57,59,0.56966,0.5669,,60,0.56966,,2,0.55938,,1,0.56966,0.55938,SEEK_PULLBACK,EST_OR_UPD,0,,,53
2025-11-26 10:15:00+00:00,0.56773,0.56781,0.56732,0.56732,450,0.00040999999999991044,0.0004899999999999904,8.000000000008001e-05,0.0,-1,0.5675650000000001,0.8367346938773845,maru,0,True,False,True,0.0009500000000000064,False,True,0.0009500000000000064,False,True,0.0009500000000000064,one_maru_opposite,-1,CONFIRMED,87,88,89,0,-1,-1,range,1,0.56966,0.5669,57,59,0.56966,0.5669,,60,0.56966,,2,0.55938,,1,0.56966,0.55938,SEEK_PULLBACK,EST_OR_UPD,0,,,53
2025-11-26 10:30:00+00:00,0.56732,0.56736,0.567,0.56728,590,4.0000000000040004e-05,0.00036000000000002697,3.999999999992898e-05,0.000280000000000058,-1,0.56718,0.11111111111121391,pinbar,1,False,False,False,0.0005899999999999794,False,False,0.0009500000000000064,False,False,0.0009500000000000064,,0,,-1,-1,-1,1,94,4,range,1,0.56966,0.5669,57,59,0.56966,0.5669,,60,0.56966,,2,0.55938,,1,0.56966,0.55938,SEEK_PULLBACK,EST_OR_UPD,0,,,53
2025-11-26 10:45:00+00:00,0.56726,0.56742,0.56684,0.56691,522,0.00034999999999996145,0.0005800000000000249,0.000160000000000049,7.00000000000145e-05,-1,0.56713,0.6034482758619766,normal,0,False,False,True,0.0005899999999999794,False,True,0.0005899999999999794,False,True,0.0009500000000000064,one_maru_continuous,-1,CONFIRMED,89,90,91,1,94,3,range,1,0.56966,0.56684,57,59,0.56966,0.56684,,60,0.56966,,2,0.55938,,1,0.56966,0.55938,SEEK_PULLBACK,EST_OR_UPD,0,,,53
2025-11-26 11:00:00+00:00,0.5669,0.56722,0.56684,0.56698,544,8.000000000008001e-05,0.00037999999999993594,0.00023999999999990695,5.999999999994898e-05,1,0.5670299999999999,0.21052631578971973,pinbar,-1,False,False,False,0.0005899999999999794,False,False,0.0005899999999999794,False,False,0.0005899999999999794,,0,,-1,-1,-1,1,94,2,range,1,0.56966,0.56684,57,59,0.56966,0.56684,,60,0.56966,,2,0.55938,,1,0.56966,0.55938,SEEK_PULLBACK,EST_OR_UPD,0,,,53
2025-11-26 11:15:00+00:00,0.56698,0.56708,0.56666,0.56668,498,0.000300000000000078,0.00041999999999997595,9.999999999998899e-05,1.999999999990898e-05,-1,0.56687,0.7142857142859409,maru,0,True,True,True,0.0005899999999999794,True,True,0.0005899999999999794,True,True,0.0005899999999999794,,0,,-1,-1,-1,1,95,2,range,1,0.56966,0.56666,57,59,0.56966,0.56666,0.533333333333358,60,0.56966,,2,0.55938,,1,0.56966,0.55938,SEEK_PULLBACK,EST_OR_UPD,0,,,53
2025-11-26 11:30:00+00:00,0.56668,0.56724,0.5666,0.5671,855,0.00042000000000008697,0.0006399999999999739,0.00013999999999991797,7.999999999996898e-05,1,0.56692,0.6562500000001626,normal,0,False,False,True,0.0005899999999999794,False,True,0.0005899999999999794,False,True,0.0005899999999999794,,0,,-1,-1,-1,1,97,3,range,1,0.56966,0.5666,57,59,0.56966,0.5666,,60,0.56966,,2,0.55938,,1,0.56966,0.55938,SEEK_PULLBACK,EST_OR_UPD,0,,,53
2025-11-26 11:45:00+00:00,0.5671,0.5673,0.56688,0.56705,959,4.999999999999449e-05,0.00041999999999997595,0.00019999999999997797,0.00017000000000000348,-1,0.5670900000000001,0.11904761904761275,pinbar,0,False,False,False,0.0005899999999999794,False,False,0.0005899999999999794,False,False,0.0005899999999999794,,0,,-1,-1,-1,1,98,3,range,1,0.56966,0.5666,57,59,0.56966,0.5666,,60,0.56966,,2,0.55938,,1,0.56966,0.55938,SEEK_PULLBACK,EST_OR_UPD,0,,,53
2025-11-26 12:00:00+00:00,0.56703,0.56708,0.56651,0.56655,1305,0.00048000000000003595,0.0005700000000000705,4.999999999999449e-05,4.0000000000040004e-05,-1,0.5667949999999999,0.8421052631578537,maru,0,True,True,True,0.0005899999999999794,True,True,0.0005899999999999794,True,True,0.0005899999999999794,,0,,-1,-1,-1,1,98,2,range,1,0.56966,0.56651,57,59,0.56966,0.56651,0.1041666666666474,60,0.56966,,2,0.55938,,1,0.56966,0.55938,SEEK_PULLBACK,EST_OR_UPD,0,,,53
2025-11-26 12:15:00+00:00,0.56654,0.56688,0.56636,0.56681,855,0.00026999999999999247,0.000520000000000076,7.00000000000145e-05,0.000180000000000069,1,0.56662,0.5192307692306789,normal,0,False,False,True,0.0005899999999999794,False,True,0.0005899999999999794,False,True,0.0005899999999999794,,0,,-1,-1,-1,1,102,5,range,1,0.56966,0.56636,57,59,0.56966,0.56636,,60,0.56966,,2,0.55938,,1,0.56966,0.55938,SEEK_PULLBACK,EST_OR_UPD,0,,,53
2025-11-26 12:30:00+00:00,0.56684,0.56702,0.56628,0.567,686,0.00015999999999993797,0.0007399999999999629,2.0000000000020002e-05,0.0005600000000000049,1,0.56665,0.21621621621614323,pinbar,1,False,False,False,0.0005899999999999794,False,False,0.0005899999999999794,False,False,0.0005899999999999794,,0,,-1,-1,-1,1,102,4,range,1,0.56966,0.56628,57,59,0.56966,0.56628,,60,0.56966,,2,0.55938,,1,0.56966,0.55938,SEEK_PULLBACK,EST_OR_UPD,0,,,53
2025-11-26 12:45:00+00:00,0.567,0.56725,0.56692,0.56713,717,0.0001300000000000745,0.0003300000000000525,0.00012000000000000899,7.999999999996898e-05,1,0.5670850000000001,0.39393939393955707,pinbar,0,False,False,False,0.0005899999999999794,False,False,0.0005899999999999794,False,False,0.0005899999999999794,,0,,-1,-1,-1,1,103,4,range,1,0.56966,0.56628,57,59,0.56966,0.56628,,60,0.56966,,2,0.55938,,1,0.56966,0.55938,SEEK_PULLBACK,EST_OR_UPD,0,,,53
2025-11-26 13:00:00+00:00,0.56716,0.56796,0.5671,0.56764,822,0.00048000000000003595,0.0008599999999999719,0.00031999999999998696,5.999999999994898e-05,1,0.5675300000000001,0.558139534883781,normal,0,True,False,True,0.0005899999999999794,False,True,0.0005899999999999794,False,True,0.0005899999999999794,,0,,-1,-1,-1,0,-1,-1,range,1,0.56966,0.56628,57,59,0.56966,0.56628,,60,0.56966,,2,0.55938,,1,0.56966,0.55938,SEEK_PULLBACK,EST_OR_UPD,0,,,53
2025-11-26 13:15:00+00:00,0.56766,0.56832,0.56764,0.56791,1095,0.00024999999999997247,0.0006800000000000139,0.00041000000000002146,2.0000000000020002e-05,1,0.56798,0.36764705882348137,pinbar,-1,False,False,False,0.0005899999999999794,False,False,0.0005899999999999794,False,False,0.0005899999999999794,,0,,-1,-1,-1,1,106,5,range,1,0.56966,0.56628,57,59,0.56966,0.56628,,60,0.56966,,2,0.55938,,1,0.56966,0.55938,SEEK_PULLBACK,EST_OR_UPD,0,,,53
2025-11-26 13:30:00+00:00,0.56789,0.56789,0.56678,0.56682,2449,0.0010700000000000154,0.0011100000000000554,0.0,4.0000000000040004e-05,-1,0.5673349999999999,0.9639639639639297,maru,0,True,True,True,0.0005899999999999794,True,True,0.0005899999999999794,True,True,0.0005899999999999794,,0,,-1,-1,-1,1,104,2,range,1,0.56966,0.56628,57,59,0.56966,0.56628,,60,0.56966,,2,0.55938,,1,0.56966,0.55938,SEEK_PULLBACK,EST_OR_UPD,0,,,53
2025-11-26 13:45:00+00:00,0.5668,0.5672,0.56638,0.56708,1932,0.000280000000000058,0.0008200000000000429,0.00012000000000000899,0.00041999999999997595,1,0.56679,0.34146341463419916,pinbar,1,False,False,False,0.0011100000000000554,False,False,0.0005899999999999794,False,False,0.0005899999999999794,,0,,-1,-1,-1,1,105,2,range,1,0.56966,0.56628,57,59,0.56966,0.56628,,60,0.56966,,2,0.55938,,1,0.56966,0.55938,SEEK_PULLBACK,EST_OR_UPD,0,,,53
2025-11-26 14:00:00+00:00,0.56708,0.56708,0.56668,0.56693,1073,0.00014999999999998348,0.00040000000000006697,0.0,0.0002500000000000835,-1,0.56688,0.3749999999998959,pinbar,1,False,False,False,0.0011100000000000554,False,False,0.0011100000000000554,False,False,0.0005899999999999794,,0,,-1,-1,-1,0,-1,-1,range,1,0.56966,0.56628,57,59,0.56966,0.56628,,60,0.56966,,2,0.55938,,1,0.56966,0.55938,SEEK_PULLBACK,EST_OR_UPD,0,,,53
2025-11-26 14:15:00+00:00,0.56692,0.56733,0.56692,0.56705,808,0.0001300000000000745,0.00041000000000002146,0.00027999999999994696,0.0,1,0.567125,0.3170731707318724,pinbar,-1,False,False,False,0.0011100000000000554,False,False,0.0011100000000000554,False,False,0.0011100000000000554,,0,,-1,-1,-1,0,-1,-1,range,1,0.56966,0.56628,57,59,0.56966,0.56628,,60,0.56966,,2,0.55938,,1,0.56966,0.55938,SEEK_PULLBACK,EST_OR_UPD,0,,,53
2025-11-26 14:30:00+00:00,0.56704,0.56774,0.56692,0.56768,943,0.0006399999999999739,0.0008200000000000429,6.0000000000060005e-05,0.00012000000000000899,1,0.56733,0.7804878048779761,maru,0,True,True,True,0.0011100000000000554,True,True,0.0011100000000000554,True,True,0.0011100000000000554,,0,,-1,-1,-1,0,-1,-1,range,1,0.56966,0.56628,57,59,0.56966,0.56628,,60,0.56966,,2,0.55938,,1,0.56966,0.55938,SEEK_PULLBACK,EST_OR_UPD,0,,,53
2025-11-26 14:45:00+00:00,0.56768,0.56804,0.56761,0.56772,985,4.0000000000040004e-05,0.00043000000000004146,0.00031999999999998696,7.00000000000145e-05,1,0.567825,0.09302325581403754,pinbar,-1,False,False,False,0.0011100000000000554,False,False,0.0011100000000000554,False,False,0.0011100000000000554,,0,,-1,-1,-1,0,-1,-1,range,1,0.56966,0.56628,57,59,0.56966,0.56628,,60,0.56966,,2,0.55938,,1,0.56966,0.55938,SEEK_PULLBACK,EST_OR_UPD,0,,,53
2025-11-26 15:00:00+00:00,0.5677,0.56872,0.56746,0.56862,1295,0.0009200000000000319,0.0012600000000000389,9.999999999998899e-05,0.00024000000000001798,1,0.56809,0.730158730158733,maru,0,True,True,True,0.0011100000000000554,True,True,0.0011100000000000554,True,True,0.0011100000000000554,continuous,1,SUCCESS,106,108,-1,0,-1,-1,range,1,0.56966,0.56628,57,59,0.56966,0.56628,,60,0.56966,,2,0.55938,,1,0.56966,0.55938,SEEK_PULLBACK,EST_OR_UPD,0,,,53
2025-11-26 15:15:00+00:00,0.56864,0.56914,0.56852,0.56876,1214,0.00012000000000000899,0.0006199999999999539,0.00037999999999993594,0.00012000000000000899,1,0.56883,0.19354838709680308,pinbar,-1,False,False,False,0.0012600000000000389,False,False,0.0011100000000000554,False,False,0.0011100000000000554,one_maru_continuous,1,SUCCESS,108,109,-1,1,111,2,range,1,0.56966,0.56628,57,59,0.56966,0.56628,,60,0.56966,,2,0.55938,,1,0.56966,0.55938,SEEK_PULLBACK,EST_OR_UPD,0,,,53
2025-11-26 15:30:00+00:00,0.56876,0.56918,0.56853,0.56898,923,0.00021999999999999797,0.0006500000000000394,0.00019999999999997797,0.0002300000000000635,1,0.568855,0.33846153846151483,pinbar,0,False,False,False,0.0012600000000000389,False,False,0.0012600000000000389,False,False,0.0011100000000000554,,0,,-1,-1,-1,1,112,2,range,1,0.56966,0.56628,57,59,0.56966,0.56628,,60,0.56966,,2,0.55938,,1,0.56966,0.55938,SEEK_PULLBACK,EST_OR_UPD,0,,,53
2025-11-26 15:45:00+00:00,0.56895,0.5693,0.56876,0.56892,1115,2.999999999997449e-05,0.0005399999999999849,0.0003500000000000725,0.00015999999999993797,-1,0.56903,0.05555555555550987,pinbar,-1,False,False,False,0.0012600000000000389,False,False,0.0012600000000000389,False,False,0.0012600000000000389,,0,,-1,-1,-1,1,113,2,range,1,0.56966,0.56628,57,59,0.56966,0.56628,,60,0.56966,,2,0.55938,,1,0.56966,0.55938,SEEK_PULLBACK,EST_OR_UPD,0,,,53
2025-11-26 16:00:00+00:00,0.56893,0.56932,0.56882,0.56904,841,0.00010999999999994348,0.000500000000000056,0.000280000000000058,0.0001100000000000545,1,0.56907,0.21999999999986233,pinbar,-1,False,False,False,0.0012600000000000389,False,False,0.0012600000000000389,False,False,0.0012600000000000389,,0,,-1,-1,-1,1,114,2,range,1,0.56966,0.56628,57,59,0.56966,0.56628,,60,0.56966,,2,0.55938,,1,0.56966,0.55938,SEEK_PULLBACK,EST_OR_UPD,0,,,53
2025-11-26 16:15:00+00:00,0.56902,0.56932,0.56901,0.56918,901,0.000160000000000049,0.00031000000000003247,0.000140000000000029,9.99999999995449e-06,1,0.569165,0.5161290322581685,normal,0,True,False,False,0.0012600000000000389,False,False,0.0012600000000000389,False,False,0.0012600000000000389,,0,,-1,-1,-1,1,115,2,range,1,0.56966,0.56628,57,59,0.56966,0.56628,,60,0.56966,,2,0.55938,,1,0.56966,0.55938,SEEK_PULLBACK,EST_OR_UPD,0,,,53
2025-11-26 16:30:00+00:00,0.5692,0.56936,0.56902,0.5693,795,9.999999999998899e-05,0.00034000000000000696,5.999999999994898e-05,0.000180000000000069,1,0.56919,0.2941176470587851,pinbar,1,False,False,False,0.0012600000000000389,False,False,0.0012600000000000389,False,False,0.0012600000000000389,,0,,-1,-1,-1,1,116,2,range,1,0.56966,0.56628,57,59,0.56966,0.56628,,60,0.56966,,2,0.55938,,1,0.56966,0.55938,SEEK_PULLBACK,EST_OR_UPD,0,,,53
2025-11-26 16:45:00+00:00,0.56932,0.5694,0.56904,0.56926,798,6.0000000000060005e-05,0.00036000000000002697,7.999999999996898e-05,0.00021999999999999797,-1,0.5692200000000001,0.16666666666682087,pinbar,1,False,False,False,0.0012600000000000389,False,False,0.0012600000000000389,False,False,0.0012600000000000389,,0,,-1,-1,-1,1,117,2,range,1,0.56966,0.56628,57,59,0.56966,0.56628,,60,0.56966,,2,0.55938,,1,0.56966,0.55938,SEEK_PULLBACK,EST_OR_UPD,0,,,53
2025-11-26 17:00:00+00:00,0.56926,0.56933,0.56906,0.56907,611,0.00019000000000002348,0.00026999999999999247,7.00000000000145e-05,9.99999999995449e-06,-1,0.569195,0.7037037037038103,maru,0,True,False,False,0.0012600000000000389,False,False,0.0012600000000000389,False,False,0.0012600000000000389,,0,,-1,-1,-1,1,118,2,range,1,0.56966,0.56628,57,59,0.56966,0.56628,,60,0.56966,,2,0.55938,,1,0.56966,0.55938,SEEK_PULLBACK,EST_OR_UPD,0,,,53
2025-11-26 17:15:00+00:00,0.56908,0.56922,0.569,0.5691,579,2.0000000000020002e-05,0.00021999999999999797,0.00011999999999989797,8.000000000008001e-05,1,0.56911,0.09090909090918266,pinbar,-1,False,False,False,0.0012600000000000389,False,False,0.0012600000000000389,False,False,0.0012600000000000389,,0,,-1,-1,-1,0,-1,-1,range,1,0.56966,0.56628,57,59,0.56966,0.56628,,60,0.56966,,2,0.55938,,1,0.56966,0.55938,SEEK_PULLBACK,EST_OR_UPD,0,,,53
2025-11-26 17:30:00+00:00,0.56911,0.56926,0.56896,0.5692,414,9.00000000000345e-05,0.00029999999999996696,5.999999999994898e-05,0.00014999999999998348,1,0.56911,0.30000000000014804,pinbar,1,False,False,False,0.0012600000000000389,False,False,0.0012600000000000389,False,False,0.0012600000000000389,,0,,-1,-1,-1,0,-1,-1,range,1,0.56966,0.56628,57,59,0.56966,0.56628,,60,0.56966,,2,0.55938,,1,0.56966,0.55938,SEEK_PULLBACK,EST_OR_UPD,0,,,53
2025-11-26 17:45:00+00:00,0.5692,0.56935,0.56917,0.56932,373,0.00012000000000000899,0.000180000000000069,2.999999999997449e-05,3.0000000000085514e-05,1,0.56926,0.666666666666461,maru,0,False,False,False,0.0012600000000000389,False,False,0.0012600000000000389,False,False,0.0012600000000000389,,0,,-1,-1,-1,0,-1,-1,range,1,0.56966,0.56628,57,59,0.56966,0.56628,,60,0.56966,,2,0.55938,,1,0.56966,0.55938,SEEK_PULLBACK,EST_OR_UPD,0,,,53
2025-11-26 18:00:00+00:00,0.56932,0.56959,0.56919,0.56954,616,0.00021999999999999797,0.00040000000000006697,4.999999999999449e-05,0.0001300000000000745,1,0.5693900000000001,0.5499999999999029,normal,0,False,False,False,0.0012600000000000389,False,False,0.0012600000000000389,False,False,0.0012600000000000389,,0,,-1,-1,-1,1,122,2,range,1,0.56966,0.56628,57,59,0.56966,0.56628,,60,0.56966,,2,0.55938,,1,0.56966,0.55938,SEEK_PULLBACK,EST_OR_UPD,0,,,53
2025-11-26 18:15:00+00:00,0.56956,0.56966,0.56948,0.56962,385,6.0000000000060005e-05,0.000180000000000069,4.0000000000040004e-05,7.999999999996898e-05,1,0.56957,0.33333333333353893,pinbar,0,False,False,False,0.0012600000000000389,False,False,0.0012600000000000389,False,False,0.0012600000000000389,,0,,-1,-1,-1,1,123,2,range,1,0.56966,0.56628,57,59,0.56966,0.56628,,60,0.56966,,2,0.55938,,1,0.56966,0.55938,SEEK_PULLBACK,EST_OR_UPD,0,,,53
2025-11-26 18:30:00+00:00,0.56961,0.56961,0.56922,0.56936,318,0.00024999999999997247,0.00039000000000000146,0.0,0.000140000000000029,-1,0.569415,0.641025641025568,normal,0,True,False,False,0.0012600000000000389,False,False,0.0012600000000000389,False,False,0.0012600000000000389,,0,,-1,-1,-1,1,124,2,range,1,0.56966,0.56628,57,59,0.56966,0.56628,,60,0.56966,,2,0.55938,,1,0.56966,0.55938,SEEK_PULLBACK,EST_OR_UPD,0,,,53
2025-11-26 18:45:00+00:00,0.56934,0.56966,0.56925,0.5696,376,0.000260000000000038,0.00041000000000002146,6.0000000000060005e-05,8.999999999992347e-05,1,0.569455,0.634146341463474,normal,0,False,False,False,0.0012600000000000389,False,False,0.0012600000000000389,False,False,0.0012600000000000389,,0,,-1,-1,-1,1,125,2,range,1,0.56966,0.56628,57,59,0.56966,0.56628,,60,0.56966,,2,0.55938,,1,0.56966,0.55938,SEEK_PULLBACK,EST_OR_UPD,0,,,53
2025-11-26 19:00:00+00:00,0.5696,0.56974,0.56936,0.56951,496,9.00000000000345e-05,0.00038000000000004697,0.000140000000000029,0.00014999999999998348,-1,0.56955,0.23684210526321942,pinbar,0,False,False,False,0.0012600000000000389,False,False,0.0012600000000000389,False,False,0.0012600000000000389,,0,,-1,-1,-1,1,126,2,range,1,0.56974,0.56628,57,59,0.56974,0.56628,,60,0.56966,,2,0.55938,,1,0.56974,0.55938,SEEK_PULLBACK,EST_OR_UPD,0,,,53
2025-11-26 19:15:00+00:00,0.5695,0.56954,0.5694,0.5695,311,0.0,0.000140000000000029,4.0000000000040004e-05,9.999999999998899e-05,0,0.56947,0.0,pinbar,1,False,False,False,0.0012600000000000389,False,False,0.0012600000000000389,False,False,0.0012600000000000389,,0,,-1,-1,-1,1,127,2,range,1,0.56974,0.56628,57,59,0.56974,0.56628,,60,0.56966,,2,0.55938,,1,0.56974,0.55938,SEEK_PULLBACK,EST_OR_UPD,0,,,53
2025-11-26 19:30:00+00:00,0.5695,0.56961,0.56944,0.56956,314,5.999999999994898e-05,0.00017000000000000348,4.999999999999449e-05,6.0000000000060005e-05,1,0.569525,0.3529411764702809,pinbar,0,False,False,False,0.0012600000000000389,False,False,0.0012600000000000389,False,False,0.0012600000000000389,,0,,-1,-1,-1,1,128,2,range,1,0.56974,0.56628,57,59,0.56974,0.56628,,60,0.56966,,2,0.55938,,1,0.56974,0.55938,SEEK_PULLBACK,EST_OR_UPD,0,,,53
2025-11-26 19:45:00+00:00,0.56959,0.5696,0.56941,0.5695,355,9.00000000000345e-05,0.00019000000000002348,9.99999999995449e-06,9.00000000000345e-05,-1,0.5695049999999999,0.47368421052643883,normal,0,False,False,False,0.0012600000000000389,False,False,0.0012600000000000389,False,False,0.0012600000000000389,,0,,-1,-1,-1,1,129,2,range,1,0.56974,0.56628,57,59,0.56974,0.56628,,60,0.56966,,2,0.55938,,1,0.56974,0.55938,SEEK_PULLBACK,EST_OR_UPD,0,,,53
2025-11-26 20:00:00+00:00,0.5695,0.5696,0.56923,0.5696,179,9.999999999998899e-05,0.00036999999999998145,0.0,0.00026999999999999247,1,0.569415,0.2702702702702541,pinbar,1,False,False,False,0.0012600000000000389,False,False,0.0012600000000000389,False,False,0.0012600000000000389,,0,,-1,-1,-1,1,130,2,range,1,0.56974,0.56628,57,59,0.56974,0.56628,,60,0.56966,,2,0.55938,,1,0.56974,0.55938,SEEK_PULLBACK,EST_OR_UPD,0,,,53
2025-11-26 20:15:00+00:00,0.56962,0.56966,0.56952,0.56954,224,7.999999999996898e-05,0.000140000000000029,4.0000000000040004e-05,2.0000000000020002e-05,-1,0.56959,0.5714285714282316,normal,0,False,False,False,0.0012600000000000389,False,False,0.0012600000000000389,False,False,0.0012600000000000389,,0,,-1,-1,-1,1,132,3,range,1,0.56974,0.56628,57,59,0.56974,0.56628,,60,0.56966,,2,0.55938,,1,0.56974,0.55938,SEEK_PULLBACK,EST_OR_UPD,0,,,53
2025-11-26 20:30:00+00:00,0.56954,0.56964,0.56948,0.56954,345,0.0,0.000160000000000049,9.999999999998899e-05,6.0000000000060005e-05,0,0.5695600000000001,0.0,pinbar,-1,False,False,False,0.0012600000000000389,False,False,0.0012600000000000389,False,False,0.0012600000000000389,,0,,-1,-1,-1,1,132,2,range,1,0.56974,0.56628,57,59,0.56974,0.56628,,60,0.56966,,2,0.55938,,1,0.56974,0.55938,SEEK_PULLBACK,EST_OR_UPD,0,,,53
2025-11-26 20:45:00+00:00,0.56954,0.56956,0.56932,0.56935,269,0.00019000000000002348,0.00023999999999990695,1.999999999990898e-05,2.999999999997449e-05,-1,0.56944,0.7916666666670714,maru,0,True,False,False,0.0012600000000000389,False,False,0.0012600000000000389,False,False,0.0012600000000000389,,0,,-1,-1,-1,1,133,2,range,1,0.56974,0.56628,57,59,0.56974,0.56628,,60,0.56966,,2,0.55938,,1,0.56974,0.55938,SEEK_PULLBACK,EST_OR_UPD,0,,,53
2025-11-26 21:00:00+00:00,0.56934,0.56964,0.56934,0.56953,240,0.00019000000000002348,0.000300000000000078,0.0001100000000000545,0.0,1,0.56949,0.6333333333332469,normal,0,True,False,False,0.0012600000000000389,False,False,0.0012600000000000389,False,False,0.0012600000000000389,,0,,-1,-1,-1,0,-1,-1,range,1,0.56974,0.56628,57,59,0.56974,0.56628,,60,0.56966,,2,0.55938,,1,0.56974,0.55938,SEEK_PULLBACK,EST_OR_UPD,0,,,53
2025-11-26 21:15:00+00:00,0.56954,0.5697,0.56947,0.56952,123,2.0000000000020002e-05,0.00022999999999995246,0.00015999999999993797,4.999999999999449e-05,-1,0.569585,0.08695652173923538,pinbar,-1,False,False,False,0.0012600000000000389,False,False,0.0012600000000000389,False,False,0.0012600000000000389,,0,,-1,-1,-1,0,-1,-1,range,1,0.56974,0.56628,57,59,0.56974,0.56628,,60,0.56966,,2,0.55938,,1,0.56974,0.55938,SEEK_PULLBACK,EST_OR_UPD,0,,,53
2025-11-26 21:30:00+00:00,0.5695,0.56974,0.56944,0.56974,196,0.00024000000000001798,0.000300000000000078,0.0,6.0000000000060005e-05,1,0.56959,0.7999999999998519,maru,0,True,False,False,0.0012600000000000389,False,False,0.0012600000000000389,False,False,0.0012600000000000389,,0,,-1,-1,-1,0,-1,-1,range,1,0.56974,0.56628,57,59,0.56974,0.56628,,60,0.56966,,2,0.55938,,1,0.56974,0.55938,SEEK_PULLBACK,EST_OR_UPD,0,,,53
2025-11-26 21:45:00+00:00,0.56978,0.57018,0.56978,0.5699,439,0.00012000000000000899,0.00040000000000006697,0.000280000000000058,0.0,1,0.5699799999999999,0.29999999999997223,pinbar,-1,False,False,False,0.0012600000000000389,False,False,0.0012600000000000389,False,False,0.0012600000000000389,,0,,-1,-1,-1,1,137,2,range,1,0.57018,0.56628,57,59,0.57018,0.56628,1.0,135,0.57018,CTS_UPDATED,2,0.55938,,1,0.57018,0.55938,SEEK_PULLBACK,EST_OR_UPD,0,,,53
2025-11-26 22:00:00+00:00,0.5701,0.57015,0.5694,0.57014,401,3.999999999992898e-05,0.0007500000000000284,1.0000000000065512e-05,0.0007000000000000339,1,0.569775,0.05333333333323662,pinbar,1,False,False,False,0.0012600000000000389,False,False,0.0012600000000000389,False,False,0.0012600000000000389,,0,,-1,-1,-1,1,138,2,range,1,0.57018,0.56628,57,59,0.57018,0.56628,,135,0.57018,,2,0.55938,,1,0.57018,0.55938,SEEK_PULLBACK,EST_OR_UPD,0,,,53
2025-11-26 22:15:00+00:00,0.57016,0.57038,0.57015,0.57017,205,9.99999999995449e-06,0.00022999999999995246,0.00021000000000004349,9.99999999995449e-06,1,0.570265,0.04347826086937633,pinbar,-1,False,False,False,0.0012600000000000389,False,False,0.0012600000000000389,False,False,0.0012600000000000389,,0,,-1,-1,-1,0,-1,-1,range,1,0.57038,0.56628,57,59,0.57038,0.56628,,137,0.57038,CTS_UPDATED,2,0.55938,,1,0.57038,0.55938,SEEK_PULLBACK,EST_OR_UPD,0,,,53
2025-11-26 22:30:00+00:00,0.57016,0.57018,0.56958,0.5701,254,5.999999999994898e-05,0.0006000000000000449,2.0000000000020002e-05,0.000520000000000076,-1,0.5698799999999999,0.09999999999990748,pinbar,1,False,False,False,0.0012600000000000389,False,False,0.0012600000000000389,False,False,0.0012600000000000389,,0,,-1,-1,-1,1,140,2,range,1,0.57038,0.56628,57,59,0.57038,0.56628,,137,0.57038,,2,0.55938,,1,0.57038,0.55938,SEEK_PULLBACK,EST_OR_UPD,0,,,53
2025-11-26 22:45:00+00:00,0.57006,0.57012,0.56986,0.56988,208,0.00017999999999995797,0.00025999999999992696,5.999999999994898e-05,2.0000000000020002e-05,-1,0.56999,0.6923076923077252,maru,0,True,False,False,0.0012600000000000389,False,False,0.0012600000000000389,False,False,0.0012600000000000389,,0,,-1,-1,-1,1,141,2,range,1,0.57038,0.56628,57,59,0.57038,0.56628,,137,0.57038,,2,0.55938,,1,0.57038,0.55938,SEEK_PULLBACK,EST_OR_UPD,0,,,53
2025-11-26 23:00:00+00:00,0.5699,0.57008,0.56987,0.5699,306,0.0,0.00021000000000004349,0.000180000000000069,2.999999999997449e-05,0,0.569975,0.0,pinbar,-1,False,False,False,0.000300000000000078,False,False,0.0012600000000000389,False,False,0.0012600000000000389,,0,,-1,-1,-1,0,-1,-1,range,1,0.57038,0.56628,57,59,0.57038,0.56628,,137,0.57038,,2,0.55938,,1,0.57038,0.55938,SEEK_PULLBACK,EST_OR_UPD,0,,,53
2025-11-26 23:15:00+00:00,0.56991,0.57001,0.56988,0.57,142,8.999999999992347e-05,0.00012999999999996348,1.0000000000065512e-05,2.999999999997449e-05,1,0.569945,0.6923076923072982,maru,0,True,False,False,0.000300000000000078,False,False,0.000300000000000078,False,False,0.0012600000000000389,,0,,-1,-1,-1,0,-1,-1,range,1,0.57038,0.56628,57,59,0.57038,0.56628,,137,0.57038,,2,0.55938,,1,0.57038,0.55938,SEEK_PULLBACK,EST_OR_UPD,0,,,53
2025-11-26 23:30:00+00:00,0.57,0.57044,0.57,0.57041,314,0.00041000000000002146,0.00043999999999999595,2.999999999997449e-05,0.0,1,0.57022,0.9318181818182392,maru,0,True,True,True,0.000300000000000078,True,True,0.000300000000000078,True,True,0.000300000000000078,,0,,-1,-1,-1,0,-1,-1,range,1,0.57038,0.56628,57,59,0.57038,0.56628,0.07317073170725102,137,0.57038,,2,0.55938,,1,0.57038,0.55938,SEEK_PULLBACK,EST_OR_UPD,0,,,53
2025-11-26 23:45:00+00:00,0.57042,0.57064,0.57036,0.57044,227,1.999999999990898e-05,0.000280000000000058,0.000200000000000089,6.0000000000060005e-05,1,0.5705,0.07142857142823156,pinbar,-1,False,False,False,0.00043999999999999595,False,False,0.000300000000000078,False,False,0.000300000000000078,one_maru_continuous,1,SUCCESS,142,143,-1,0,-1,-1,range,1,0.57038,0.56628,57,59,0.57038,0.56628,1.0,143,0.57064,CTS_UPDATED,2,0.55938,,1,0.57038,0.55938,SEEK_PULLBACK,EST_OR_UPD,0,,,53
2025-11-27 00:00:00+00:00,0.57042,0.57104,0.5704,0.57074,616,0.00031999999999998696,0.0006399999999999739,0.00029999999999996696,2.0000000000020002e-05,1,0.57072,0.5,normal,0,True,False,True,0.00043999999999999595,False,True,0.00043999999999999595,False,True,0.000300000000000078,one_maru_continuous,1,CONFIRMED,141,142,144,1,146,2,breakout,0,,,-1,-1,,,1.0,144,0.57104,CTS_UPDATED,2,0.55938,,1,0.57038,0.55938,SEEK_PULLBACK,EST_OR_UPD,0,,,144
2025-11-27 00:15:00+00:00,0.57071,0.57106,0.57067,0.57106,258,0.00034999999999996145,0.00039000000000000146,0.0,4.0000000000040004e-05,1,0.570865,0.8974358974357952,maru,0,True,True,True,0.00043999999999999595,True,True,0.00043999999999999595,True,True,0.00043999999999999595,,0,,-1,-1,-1,0,-1,-1,breakout,0,,,-1,-1,,,,144,0.57104,,2,0.55938,,1,0.57038,0.55938,SEEK_PULLBACK,EST_OR_UPD,0,,,144
2025-11-27 00:30:00+00:00,0.57107,0.57109,0.57066,0.57072,316,0.00034999999999996145,0.00043000000000004146,2.0000000000020002e-05,6.0000000000060005e-05,-1,0.570875,0.8139534883719249,maru,0,True,True,True,0.00043999999999999595,True,True,0.00043999999999999595,True,True,0.00043999999999999595,,0,,-1,-1,-1,0,-1,-1,breakout,0,,,-1,-1,,,,144,0.57104,,2,0.55938,,1,0.57038,0.55938,SEEK_PULLBACK,EST_OR_UPD,0,,,144
2025-11-27 00:45:00+00:00,0.57072,0.57125,0.5707,0.57109,676,0.00036999999999998145,0.0005500000000000504,0.000160000000000049,2.0000000000020002e-05,1,0.570975,0.6727272727271773,maru,0,True,True,True,0.00043999999999999595,True,True,0.00043999999999999595,True,True,0.00043999999999999595,,0,,-1,-1,-1,0,-1,-1,breakout,0,,,-1,-1,,,,147,0.57125,CTS_UPDATED,2,0.55938,,1,0.57038,0.55938,SEEK_PULLBACK,EST_OR_UPD,0,,,144
2025-11-27 01:00:00+00:00,0.5711,0.57162,0.571,0.57157,707,0.00046999999999997044,0.0006200000000000649,4.999999999999449e-05,0.00010000000000010001,1,0.57131,0.7580645161289051,maru,0,True,True,True,0.0005500000000000504,True,True,0.00043999999999999595,True,True,0.00043999999999999595,one_maru_continuous,1,SUCCESS,147,148,-1,1,150,2,breakout,0,,,-1,-1,,,,148,0.57162,CTS_UPDATED,2,0.55938,,1,0.57038,0.55938,SEEK_PULLBACK,EST_OR_UPD,0,,,148
2025-11-27 01:15:00+00:00,0.57155,0.57166,0.57109,0.57162,709,7.00000000000145e-05,0.0005699999999999594,3.999999999992898e-05,0.00046000000000001595,1,0.571375,0.12280701754389382,pinbar,1,False,False,False,0.0006200000000000649,False,False,0.0005500000000000504,False,False,0.00043999999999999595,,0,,-1,-1,-1,0,-1,-1,breakout,0,,,-1,-1,,,,148,0.57162,,2,0.55938,,1,0.57038,0.55938,SEEK_PULLBACK,EST_OR_UPD,0,,,148
2025-11-27 01:30:00+00:00,0.57162,0.57168,0.57122,0.57126,746,0.00036000000000002697,0.00046000000000001595,5.999999999994898e-05,4.0000000000040004e-05,-1,0.57145,0.7826086956522054,maru,0,True,True,True,0.0006200000000000649,True,True,0.0006200000000000649,True,True,0.0005500000000000504,,0,,-1,-1,-1,0,-1,-1,breakout,0,,,-1,-1,,,,148,0.57162,,2,0.55938,,1,0.57038,0.55938,SEEK_PULLBACK,EST_OR_UPD,0,,,148
2025-11-27 01:45:00+00:00,0.57128,0.57208,0.57126,0.57208,711,0.0008000000000000229,0.0008200000000000429,0.0,2.0000000000020002e-05,1,0.57167,0.9756097560975379,maru,0,True,True,True,0.0006200000000000649,True,True,0.0006200000000000649,True,True,0.0006200000000000649,one_maru_continuous,1,CONFIRMED,148,149,151,0,-1,-1,breakout,0,,,-1,-1,,,,151,0.57208,CTS_UPDATED,2,0.55938,,1,0.57038,0.55938,SEEK_PULLBACK,EST_OR_UPD,0,,,148
2025-11-27 02:00:00+00:00,0.57208,0.5732,0.57196,0.57266,786,0.0005799999999999139,0.0012400000000000189,0.000540000000000096,0.00012000000000000899,1,0.5725800000000001,0.46774193548379445,normal,0,False,False,True,0.0008200000000000429,False,True,0.0006200000000000649,False,True,0.0006200000000000649,one_maru_continuous,1,SUCCESS,151,152,-1,1,154,2,breakout,0,,,-1,-1,,,,152,0.5732,CTS_UPDATED,2,0.55938,,1,0.57038,0.55938,SEEK_PULLBACK,EST_OR_UPD,0,,,152
2025-11-27 02:15:00+00:00,0.57263,0.5729,0.57234,0.57283,719,0.00019999999999997797,0.0005600000000000049,7.00000000000145e-05,0.00029000000000001247,1,0.5726199999999999,0.3571428571428147,pinbar,1,False,False,False,0.0008200000000000429,False,False,0.0008200000000000429,False,False,0.0006200000000000649,,0,,-1,-1,-1,1,155,2,range,1,0.5732,0.57234,153,155,0.5732,0.57234,,152,0.5732,,2,0.55938,,1,0.5732,0.55938,SEEK_PULLBACK,EST_OR_UPD,0,,,152
2025-11-27 02:30:00+00:00,0.5728,0.57302,0.57257,0.5728,679,0.0,0.00044999999999995044,0.00021999999999999797,0.00022999999999995246,0,0.5727949999999999,0.0,pinbar,1,False,False,False,0.0008200000000000429,False,False,0.0008200000000000429,False,False,0.0008200000000000429,,0,,-1,-1,-1,1,158,4,range,1,0.5732,0.57234,153,155,0.5732,0.57234,,152,0.5732,,2,0.55938,,1,0.5732,0.55938,SEEK_PULLBACK,EST_OR_UPD,0,,,152
2025-11-27 02:45:00+00:00,0.57281,0.57281,0.5722,0.57254,828,0.00026999999999999247,0.0006099999999999994,0.0,0.00034000000000000696,-1,0.572505,0.4426229508196602,normal,0,False,False,True,0.0008200000000000429,False,True,0.0008200000000000429,False,True,0.0008200000000000429,,0,,-1,-1,-1,1,157,2,range,1,0.5732,0.5722,153,155,0.5732,0.5722,,152,0.5732,,2,0.55938,,1,0.5732,0.55938,SEEK_PULLBACK,EST_OR_UPD,0,,,152
2025-11-27 03:00:00+00:00,0.57254,0.57273,0.57223,0.57228,762,0.000260000000000038,0.0004999999999999449,0.00018999999999991246,4.999999999999449e-05,-1,0.57248,0.5200000000001332,normal,0,True,False,True,0.0008200000000000429,False,True,0.0008200000000000429,False,True,0.0008200000000000429,,0,,-1,-1,-1,1,158,2,range,1,0.5732,0.5722,153,155,0.5732,0.5722,,152,0.5732,,2,0.55938,,1,0.5732,0.55938,SEEK_PULLBACK,EST_OR_UPD,0,,,152
2025-11-27 03:15:00+00:00,0.57227,0.5725,0.5722,0.57238,735,0.0001100000000000545,0.00029999999999996696,0.00012000000000000899,6.999999999990347e-05,1,0.57235,0.3666666666668887,pinbar,0,False,False,False,0.0008200000000000429,False,False,0.0008200000000000429,False,False,0.0008200000000000429,,0,,-1,-1,-1,0,-1,-1,range,1,0.5732,0.5722,153,155,0.5732,0.5722,,152,0.5732,,2,0.55938,,1,0.5732,0.55938,SEEK_PULLBACK,EST_OR_UPD,0,,,152
2025-11-27 03:30:00+00:00,0.57238,0.57276,0.57222,0.57269,550,0.00031000000000003247,0.000540000000000096,7.00000000000145e-05,0.000160000000000049,1,0.5724899999999999,0.5740740740740322,normal,0,False,False,True,0.0008200000000000429,False,True,0.0008200000000000429,False,True,0.0008200000000000429,,0,,-1,-1,-1,1,160,2,range,1,0.5732,0.5722,153,155,0.5732,0.5722,,152,0.5732,,2,0.55938,,1,0.5732,0.55938,SEEK_PULLBACK,EST_OR_UPD,0,,,152
2025-11-27 03:45:00+00:00,0.57268,0.57279,0.57248,0.57276,420,8.000000000008001e-05,0.00031000000000003247,2.999999999997449e-05,0.00019999999999997797,1,0.572635,0.2580645161292633,pinbar,1,False,False,False,0.0008200000000000429,False,False,0.0008200000000000429,False,False,0.0008200000000000429,,0,,-1,-1,-1,1,161,2,range,1,0.5732,0.5722,153,155,0.5732,0.5722,,152,0.5732,,2,0.55938,,1,0.5732,0.55938,SEEK_PULLBACK,EST_OR_UPD,0,,,152
2025-11-27 04:00:00+00:00,0.57276,0.57276,0.57242,0.57254,372,0.00021999999999999797,0.00034000000000000696,0.0,0.00012000000000000899,-1,0.57259,0.6470588235293926,normal,0,True,False,False,0.0008200000000000429,False,False,0.0008200000000000429,False,False,0.0008200000000000429,,0,,-1,-1,-1,1,163,3,range,1,0.5732,0.5722,153,155,0.5732,0.5722,,152,0.5732,,2,0.55938,,1,0.5732,0.55938,SEEK_PULLBACK,EST_OR_UPD,0,,,152
2025-11-27 04:15:00+00:00,0.57254,0.57278,0.57244,0.57277,457,0.00022999999999995246,0.00034000000000000696,9.99999999995449e-06,0.00010000000000010001,1,0.57261,0.6764705882351405,maru,0,True,False,False,0.0008200000000000429,False,False,0.0008200000000000429,False,False,0.0008200000000000429,,0,,-1,-1,-1,1,163,2,range,1,0.5732,0.5722,153,155,0.5732,0.5722,,152,0.5732,,2,0.55938,,1,0.5732,0.55938,SEEK_PULLBACK,EST_OR_UPD,0,,,152
2025-11-27 04:30:00+00:00,0.57278,0.57312,0.57277,0.57286,504,8.000000000008001e-05,0.00034999999999996145,0.00025999999999992696,9.99999999995449e-06,1,0.572945,0.22857142857168233,pinbar,-1,False,False,False,0.0008200000000000429,False,False,0.0008200000000000429,False,False,0.0008200000000000429,,0,,-1,-1,-1,1,164,2,range,1,0.5732,0.5722,153,155,0.5732,0.5722,,152,0.5732,,2,0.55938,,1,0.5732,0.55938,SEEK_PULLBACK,EST_OR_UPD,0,,,152
2025-11-27 04:45:00+00:00,0.57286,0.57306,0.57258,0.57267,326,0.00019000000000002348,0.00048000000000003595,0.00019999999999997797,9.00000000000345e-05,-1,0.57282,0.39583333333335263,pinbar,0,False,False,False,0.0008200000000000429,False,False,0.0008200000000000429,False,False,0.0008200000000000429,,0,,-1,-1,-1,1,165,2,range,1,0.5732,0.5722,153,155,0.5732,0.5722,,152,0.5732,,2,0.55938,,1,0.5732,0.55938,SEEK_PULLBACK,EST_OR_UPD,0,,,152
2025-11-27 05:00:00+00:00,0.57269,0.57292,0.57266,0.57286,341,0.00017000000000000348,0.000260000000000038,5.999999999994898e-05,3.0000000000085514e-05,1,0.5727899999999999,0.6538461538460717,normal,0,False,False,False,0.0008200000000000429,False,False,0.0008200000000000429,False,False,0.0008200000000000429,,0,,-1,-1,-1,1,166,2,range,1,0.5732,0.5722,153,155,0.5732,0.5722,,152,0.5732,,2,0.55938,,1,0.5732,0.55938,SEEK_PULLBACK,EST_OR_UPD,0,,,152
2025-11-27 05:15:00+00:00,0.57284,0.57314,0.57278,0.57306,361,0.00021999999999999797,0.00036000000000002697,7.999999999996898e-05,6.0000000000060005e-05,1,0.5729599999999999,0.6111111111110598,normal,0,False,False,False,0.0008200000000000429,False,False,0.0008200000000000429,False,False,0.0008200000000000429,,0,,-1,-1,-1,0,-1,-1,range,1,0.5732,0.5722,153,155,0.5732,0.5722,,152,0.5732,,2,0.55938,,1,0.5732,0.55938,SEEK_PULLBACK,EST_OR_UPD,0,,,152
2025-11-27 05:30:00+00:00,0.57304,0.57304,0.57266,0.57276,328,0.00027999999999994696,0.00038000000000004697,0.0,0.00010000000000010001,-1,0.57285,0.7368421052629273,maru,0,True,False,False,0.0008200000000000429,False,False,0.0008200000000000429,False,False,0.0008200000000000429,,0,,-1,-1,-1,0,-1,-1,range,1,0.5732,0.5722,153,155,0.5732,0.5722,,152,0.5732,,2,0.55938,,1,0.5732,0.55938,SEEK_PULLBACK,EST_OR_UPD,0,,,152
2025-11-27 05:45:00+00:00,0.57277,0.57285,0.57249,0.57249,562,0.00027999999999994696,0.00035999999999991594,7.999999999996898e-05,0.0,-1,0.57267,0.7777777777778121,maru,0,True,False,False,0.0008200000000000429,False,False,0.0008200000000000429,False,False,0.0008200000000000429,,0,,-1,-1,-1,0,-1,-1,range,1,0.5732,0.5722,153,155,0.5732,0.5722,,152,0.5732,,2,0.55938,,1,0.5732,0.55938,SEEK_PULLBACK,EST_OR_UPD,0,,,152
2025-11-27 06:00:00+00:00,0.57248,0.57258,0.57234,0.57251,374,2.999999999997449e-05,0.00024000000000001798,7.00000000000145e-05,0.000140000000000029,1,0.57246,0.12499999999988436,pinbar,1,False,False,False,0.0008200000000000429,False,False,0.0008200000000000429,False,False,0.0008200000000000429,,0,,-1,-1,-1,0,-1,-1,range,1,0.5732,0.5722,153,155,0.5732,0.5722,,152,0.5732,,2,0.55938,,1,0.5732,0.55938,SEEK_PULLBACK,EST_OR_UPD,0,,,152
2025-11-27 06:15:00+00:00,0.57252,0.57254,0.57163,0.5717,583,0.0008200000000000429,0.0009100000000000774,2.0000000000020002e-05,7.00000000000145e-05,-1,0.572085,0.9010989010988716,maru,0,True,True,True,0.0008200000000000429,True,True,0.0008200000000000429,True,True,0.0008200000000000429,double_maru,-1,CONFIRMED,166,167,169,1,171,2,range,1,0.5732,0.5722,153,155,0.5732,0.5722,0.6097560975610119,152,0.5732,,2,0.55938,,1,0.5732,0.55938,SEEK_PULLBACK,EST_OR_UPD,0,,,152
2025-11-27 06:30:00+00:00,0.57171,0.57184,0.57154,0.57178,550,6.999999999990347e-05,0.00029999999999996696,6.0000000000060005e-05,0.00017000000000000348,1,0.57169,0.23333333333303727,pinbar,1,False,False,False,0.0009100000000000774,False,False,0.0008200000000000429,False,False,0.0008200000000000429,one_maru_opposite,-1,SUCCESS,169,170,-1,1,174,4,pullback,1,0.5732,0.57154,153,155,0.5732,0.57154,1.0,152,0.5732,CTS_CONFIRMED,2,0.55938,,1,0.5732,0.55938,SEEK_BREAKOUT,CONFIRMED,0,,,152
2025-11-27 06:45:00+00:00,0.5718,0.57197,0.57168,0.57195,382,0.00014999999999998348,0.00029000000000001247,2.0000000000020002e-05,0.00012000000000000899,1,0.571825,0.5172413793102656,normal,0,True,False,False,0.0009100000000000774,False,False,0.0009100000000000774,False,False,0.0008200000000000429,,0,,-1,-1,-1,1,173,2,pullback_range,1,0.5732,0.57154,153,155,0.5732,0.57154,,152,0.5732,,2,0.55938,,1,0.5732,0.55938,SEEK_BREAKOUT,CONFIRMED,0,,,152
2025-11-27 07:00:00+00:00,0.57196,0.572,0.57174,0.57192,580,4.0000000000040004e-05,0.00025999999999992696,3.999999999992898e-05,0.00017999999999995797,-1,0.57187,0.15384615384635092,pinbar,1,False,False,False,0.0009100000000000774,False,False,0.0009100000000000774,False,False,0.0009100000000000774,,0,,-1,-1,-1,1,176,4,pullback_range,1,0.5732,0.57154,153,155,0.5732,0.57154,,152,0.5732,,2,0.55938,,1,0.5732,0.55938,SEEK_BREAKOUT,CONFIRMED,0,,,152
2025-11-27 07:15:00+00:00,0.5719,0.57203,0.57184,0.57188,450,1.999999999990898e-05,0.00019000000000002348,0.0001300000000000745,4.0000000000040004e-05,-1,0.5719350000000001,0.10526315789424477,pinbar,-1,False,False,False,0.0009100000000000774,False,False,0.0009100000000000774,False,False,0.0009100000000000774,,0,,-1,-1,-1,1,177,4,pullback_range,1,0.5732,0.57154,153,155,0.5732,0.57154,,152,0.5732,,2,0.55938,,1,0.5732,0.55938,SEEK_BREAKOUT,CONFIRMED,0,,,152
2025-11-27 07:30:00+00:00,0.57189,0.57198,0.57169,0.57173,605,0.000160000000000049,0.00029000000000001247,9.00000000000345e-05,3.999999999992898e-05,-1,0.5718350000000001,0.5517241379311797,normal,0,False,False,False,0.0009100000000000774,False,False,0.0009100000000000774,False,False,0.0009100000000000774,,0,,-1,-1,-1,1,176,2,pullback_range,1,0.5732,0.57154,153,155,0.5732,0.57154,,152,0.5732,,2,0.55938,,1,0.5732,0.55938,SEEK_BREAKOUT,CONFIRMED,0,,,152
2025-11-27 07:45:00+00:00,0.57174,0.57256,0.57164,0.57245,809,0.0007099999999999884,0.0009199999999999209,0.00010999999999994348,9.999999999998899e-05,1,0.5721,0.7717391304348364,maru,0,False,True,True,0.0009100000000000774,True,True,0.0009100000000000774,True,True,0.0009100000000000774,,0,,-1,-1,-1,1,177,2,pullback_range,1,0.5732,0.57154,153,155,0.5732,0.57154,,152,0.5732,,2,0.55938,,1,0.5732,0.55938,SEEK_BREAKOUT,CONFIRMED,0,,,152
2025-11-27 08:00:00+00:00,0.57246,0.57253,0.5718,0.57181,838,0.0006499999999999284,0.0007300000000000084,7.00000000000145e-05,1.0000000000065512e-05,-1,0.572165,0.8904109589040012,maru,0,True,True,True,0.0009199999999999209,True,True,0.0009100000000000774,True,True,0.0009100000000000774,,0,,-1,-1,-1,0,-1,-1,pullback_range,1,0.5732,0.57154,153,155,0.5732,0.57154,,152,0.5732,,2,0.55938,,1,0.5732,0.55938,SEEK_BREAKOUT,CONFIRMED,0,,,152
2025-11-27 08:15:00+00:00,0.5718,0.57206,0.57162,0.57189,717,9.00000000000345e-05,0.00043999999999999595,0.00017000000000000348,0.00017999999999995797,1,0.57184,0.20454545454553483,pinbar,0,False,False,False,0.0009199999999999209,False,False,0.0009199999999999209,False,False,0.0009100000000000774,,0,,-1,-1,-1,1,182,5,pullback_range,1,0.5732,0.57154,153,155,0.5732,0.57154,,152,0.5732,,2,0.55938,,1,0.5732,0.55938,SEEK_BREAKOUT,CONFIRMED,0,,,152
2025-11-27 08:30:00+00:00,0.57188,0.57218,0.57146,0.57154,658,0.00034000000000000696,0.0007200000000000539,0.00029999999999996696,8.000000000008001e-05,-1,0.57182,0.4722222222221965,normal,0,False,False,True,0.0009199999999999209,False,True,0.0009199999999999209,False,True,0.0009199999999999209,one_maru_opposite,-1,CONFIRMED,176,177,178,1,181,3,pullback,1,0.5732,0.57146,153,155,0.5732,0.57146,,152,0.5732,,2,0.55938,,1,0.5732,0.55938,SEEK_BREAKOUT,CONFIRMED,0,,,152
2025-11-27 08:45:00+00:00,0.57154,0.57178,0.57146,0.57159,764,4.999999999999449e-05,0.00031999999999998696,0.00018999999999991246,8.000000000008001e-05,1,0.57162,0.15624999999998915,pinbar,-1,False,False,False,0.0009199999999999209,False,False,0.0009199999999999209,False,False,0.0009199999999999209,,0,,-1,-1,-1,1,181,2,pullback_range,1,0.5732,0.57146,153,155,0.5732,0.57146,,152,0.5732,,2,0.55938,,1,0.5732,0.55938,SEEK_BREAKOUT,CONFIRMED,0,,,152
2025-11-27 09:00:00+00:00,0.57158,0.57158,0.57119,0.57126,942,0.00031999999999998696,0.00039000000000000146,0.0,7.00000000000145e-05,-1,0.571385,0.8205128205127841,maru,0,True,False,False,0.0009199999999999209,False,False,0.0009199999999999209,False,False,0.0009199999999999209,,0,,-1,-1,-1,1,183,3,pullback,1,0.5732,0.57119,153,155,0.5732,0.57119,0.6249999999999566,152,0.5732,,2,0.55938,,1,0.5732,0.55938,SEEK_BREAKOUT,CONFIRMED,0,,,152
2025-11-27 09:15:00+00:00,0.57128,0.57157,0.5712,0.5715,790,0.00021999999999999797,0.00036999999999998145,7.00000000000145e-05,7.999999999996898e-05,1,0.571385,0.5945945945946189,normal,0,False,False,False,0.0009199999999999209,False,False,0.0009199999999999209,False,False,0.0009199999999999209,,0,,-1,-1,-1,1,183,2,pullback_range,1,0.5732,0.57119,153,155,0.5732,0.57119,,152,0.5732,,2,0.55938,,1,0.5732,0.55938,SEEK_BREAKOUT,CONFIRMED,0,,,152
2025-11-27 09:30:00+00:00,0.57152,0.5718,0.57151,0.5717,558,0.00017999999999995797,0.00029000000000001247,9.999999999998899e-05,1.0000000000065512e-05,1,0.571655,0.6206896551722422,normal,0,True,False,False,0.0009199999999999209,False,False,0.0009199999999999209,False,False,0.0009199999999999209,,0,,-1,-1,-1,0,-1,-1,pullback_range,1,0.5732,0.57119,153,155,0.5732,0.57119,,152,0.5732,,2,0.55938,,1,0.5732,0.55938,SEEK_BREAKOUT,CONFIRMED,0,,,152
2025-11-27 09:45:00+00:00,0.57168,0.57172,0.57148,0.57152,559,0.00015999999999993797,0.00024000000000001798,4.0000000000040004e-05,4.0000000000040004e-05,-1,0.5716,0.6666666666663583,maru,0,False,False,False,0.0009199999999999209,False,False,0.0009199999999999209,False,False,0.0009199999999999209,,0,,-1,-1,-1,0,-1,-1,pullback_range,1,0.5732,0.57119,153,155,0.5732,0.57119,,152,0.5732,,2,0.55938,,1,0.5732,0.55938,SEEK_BREAKOUT,CONFIRMED,0,,,152
2025-11-27 10:00:00+00:00,0.57155,0.57161,0.57124,0.57128,718,0.00026999999999999247,0.00036999999999998145,5.999999999994898e-05,4.0000000000040004e-05,-1,0.571425,0.7297297297297459,maru,0,False,False,False,0.0009199999999999209,False,False,0.0009199999999999209,False,False,0.0009199999999999209,,0,,-1,-1,-1,0,-1,-1,pullback_range,1,0.5732,0.57119,153,155,0.5732,0.57119,,152,0.5732,,2,0.55938,,1,0.5732,0.55938,SEEK_BREAKOUT,CONFIRMED,0,,,152
2025-11-27 10:15:00+00:00,0.57128,0.57148,0.57124,0.57142,392,0.000140000000000029,0.00024000000000001798,5.999999999994898e-05,4.0000000000040004e-05,1,0.57136,0.5833333333334104,normal,0,False,False,False,0.0009199999999999209,False,False,0.0009199999999999209,False,False,0.0009199999999999209,,0,,-1,-1,-1,0,-1,-1,pullback_range,1,0.5732,0.57119,153,155,0.5732,0.57119,,152,0.5732,,2,0.55938,,1,0.5732,0.55938,SEEK_BREAKOUT,CONFIRMED,0,,,152
2025-11-27 10:30:00+00:00,0.57142,0.57144,0.57102,0.5711,390,0.00031999999999998696,0.00041999999999997595,1.999999999990898e-05,8.000000000008001e-05,-1,0.5712299999999999,0.7619047619047745,maru,0,True,False,False,0.0009199999999999209,False,False,0.0009199999999999209,False,False,0.0009199999999999209,double_maru,-1,CONFIRMED,183,184,186,1,188,2,pullback,1,0.5732,0.57102,153,155,0.5732,0.57102,0.2812499999997723,152,0.5732,,2,0.55938,,1,0.5732,0.55938,SEEK_BREAKOUT,CONFIRMED,0,,,152
2025-11-27 10:45:00+00:00,0.57108,0.57108,0.57092,0.57098,343,9.999999999998899e-05,0.000160000000000049,0.0,6.0000000000060005e-05,-1,0.571,0.6249999999997398,normal,0,True,False,False,0.0007300000000000084,False,False,0.0009199999999999209,False,False,0.0009199999999999209,,0,,-1,-1,-1,0,-1,-1,pullback,1,0.5732,0.57092,153,155,0.5732,0.57092,0.3999999999993339,152,0.5732,,2,0.55938,,1,0.5732,0.55938,SEEK_BREAKOUT,CONFIRMED,0,,,152
2025-11-27 11:00:00+00:00,0.57098,0.57112,0.57088,0.57102,625,3.999999999992898e-05,0.00023999999999990695,9.999999999998899e-05,9.999999999998899e-05,1,0.571,0.16666666666643537,pinbar,0,False,False,False,0.0007300000000000084,False,False,0.0007300000000000084,False,False,0.0009199999999999209,,0,,-1,-1,-1,0,-1,-1,pullback,1,0.5732,0.57088,153,155,0.5732,0.57088,,152,0.5732,,2,0.55938,,1,0.5732,0.55938,SEEK_BREAKOUT,CONFIRMED,0,,,152
2025-11-27 11:15:00+00:00,0.57104,0.57128,0.57098,0.57123,610,0.00019000000000002348,0.00029999999999996696,4.999999999999449e-05,5.999999999994898e-05,1,0.57113,0.6333333333334814,normal,0,False,False,False,0.0007300000000000084,False,False,0.0007300000000000084,False,False,0.0007300000000000084,,0,,-1,-1,-1,0,-1,-1,pullback_range,1,0.5732,0.57088,153,155,0.5732,0.57088,,152,0.5732,,2,0.55938,,1,0.5732,0.55938,SEEK_BREAKOUT,CONFIRMED,0,,,152
2025-11-27 11:30:00+00:00,0.57125,0.57159,0.5712,0.57151,591,0.00025999999999992696,0.00039000000000000146,8.000000000008001e-05,4.999999999999449e-05,1,0.5713950000000001,0.6666666666664769,maru,0,False,False,True,0.0007300000000000084,False,True,0.0007300000000000084,False,True,0.0007300000000000084,,0,,-1,-1,-1,1,193,3,pullback_range,1,0.5732,0.57088,153,155,0.5732,0.57088,,152,0.5732,,2,0.55938,,1,0.5732,0.55938,SEEK_BREAKOUT,CONFIRMED,0,,,152
2025-11-27 11:45:00+00:00,0.57152,0.57163,0.57143,0.57154,547,2.0000000000020002e-05,0.00019999999999997797,8.999999999992347e-05,9.00000000000345e-05,1,0.57153,0.10000000000011103,pinbar,0,False,False,False,0.00041999999999997595,False,False,0.0007300000000000084,False,False,0.0007300000000000084,,0,,-1,-1,-1,1,193,2,pullback_range,1,0.5732,0.57088,153,155,0.5732,0.57088,,152,0.5732,,2,0.55938,,1,0.5732,0.55938,SEEK_BREAKOUT,CONFIRMED,0,,,152
2025-11-27 12:00:00+00:00,0.57154,0.57172,0.57138,0.57165,325,0.00010999999999994348,0.00034000000000000696,7.00000000000145e-05,0.000160000000000049,1,0.57155,0.32352941176453304,pinbar,0,False,False,False,0.00041999999999997595,False,False,0.00041999999999997595,False,False,0.0007300000000000084,,0,,-1,-1,-1,1,194,2,pullback_range,1,0.5732,0.57088,153,155,0.5732,0.57088,,152,0.5732,,2,0.55938,,1,0.5732,0.55938,SEEK_BREAKOUT,CONFIRMED,0,,,152
2025-11-27 12:15:00+00:00,0.57165,0.57167,0.57145,0.57155,304,9.999999999998899e-05,0.00021999999999999797,2.0000000000020002e-05,9.999999999998899e-05,-1,0.5715600000000001,0.4545454545454087,normal,0,False,False,True,0.00041999999999997595,False,True,0.00041999999999997595,False,True,0.00041999999999997595,,0,,-1,-1,-1,1,196,3,pullback_range,1,0.5732,0.57088,153,155,0.5732,0.57088,,152,0.5732,,2,0.55938,,1,0.5732,0.55938,SEEK_BREAKOUT,CONFIRMED,0,,,152
2025-11-27 12:30:00+00:00,0.57154,0.57177,0.57149,0.57158,430,3.999999999992898e-05,0.00027999999999994696,0.00019000000000002348,4.999999999999449e-05,1,0.5716300000000001,0.14285714285691628,pinbar,-1,False,False,False,0.00041999999999997595,False,False,0.00041999999999997595,False,False,0.00041999999999997595,,0,,-1,-1,-1,1,197,3,pullback_range,1,0.5732,0.57088,153,155,0.5732,0.57088,,152,0.5732,,2,0.55938,,1,0.5732,0.55938,SEEK_BREAKOUT,CONFIRMED,0,,,152
2025-11-27 12:45:00+00:00,0.57156,0.5716,0.57126,0.57128,669,0.00027999999999994696,0.00034000000000000696,4.0000000000040004e-05,2.0000000000020002e-05,-1,0.57143,0.823529411764533,maru,0,True,True,True,0.00041999999999997595,True,True,0.00041999999999997595,True,True,0.00041999999999997595,,0,,-1,-1,-1,1,198,3,pullback_range,1,0.5732,0.57088,153,155,0.5732,0.57088,,152,0.5732,,2,0.55938,,1,0.5732,0.55938,SEEK_BREAKOUT,CONFIRMED,0,,,152
2025-11-27 13:00:00+00:00,0.5713,0.57152,0.5712,0.57146,569,0.00015999999999993797,0.00031999999999998696,6.0000000000060005e-05,9.999999999998899e-05,1,0.5713600000000001,0.4999999999998265,normal,0,False,False,True,0.00041999999999997595,False,True,0.00041999999999997595,False,True,0.00041999999999997595,,0,,-1,-1,-1,1,198,2,pullback_range,1,0.5732,0.57088,153,155,0.5732,0.57088,,152,0.5732,,2,0.55938,,1,0.5732,0.55938,SEEK_BREAKOUT,CONFIRMED,0,,,152
2025-11-27 13:15:00+00:00,0.57146,0.57168,0.57136,0.57164,509,0.000180000000000069,0.00031999999999998696,3.999999999992898e-05,9.999999999998899e-05,1,0.57152,0.5625000000002385,normal,0,False,False,True,0.00041999999999997595,False,True,0.00041999999999997595,False,True,0.00041999999999997595,,0,,-1,-1,-1,1,200,3,pullback_range,1,0.5732,0.57088,153,155,0.5732,0.57088,,152,0.5732,,2,0.55938,,1,0.5732,0.55938,SEEK_BREAKOUT,CONFIRMED,0,,,152
2025-11-27 13:30:00+00:00,0.57165,0.57176,0.57146,0.5715,738,0.00014999999999998348,0.000300000000000078,0.0001100000000000545,4.0000000000040004e-05,-1,0.57161,0.499999999999815,normal,0,False,False,True,0.00041999999999997595,False,True,0.00041999999999997595,False,True,0.00041999999999997595,,0,,-1,-1,-1,1,200,2,pullback_range,1,0.5732,0.57088,153,155,0.5732,0.57088,,152,0.5732,,2,0.55938,,1,0.5732,0.55938,SEEK_BREAKOUT,CONFIRMED,0,,,152
2025-11-27 13:45:00+00:00,0.57151,0.57203,0.57146,0.57186,724,0.0003500000000000725,0.0005700000000000705,0.00017000000000000348,4.999999999999449e-05,1,0.571745,0.6140350877193494,normal,0,True,False,True,0.00041999999999997595,False,True,0.00041999999999997595,False,True,0.00041999999999997595,,0,,-1,-1,-1,1,201,2,pullback_range,1,0.5732,0.57088,153,155,0.5732,0.57088,,152,0.5732,,2,0.55938,,1,0.5732,0.55938,SEEK_BREAKOUT,CONFIRMED,0,,,152
2025-11-27 14:00:00+00:00,0.57186,0.57207,0.57165,0.57168,409,0.000180000000000069,0.00041999999999997595,0.00020999999999993246,2.999999999997449e-05,-1,0.57186,0.4285714285716174,normal,0,False,False,True,0.00041999999999997595,False,True,0.00041999999999997595,False,True,0.00041999999999997595,,0,,-1,-1,-1,1,202,2,pullback_range,1,0.5732,0.57088,153,155,0.5732,0.57088,,152,0.5732,,2,0.55938,,1,0.5732,0.55938,SEEK_BREAKOUT,CONFIRMED,0,,,152
2025-11-27 14:15:00+00:00,0.57169,0.5719,0.57164,0.57172,424,2.999999999997449e-05,0.00025999999999992696,0.00017999999999995797,4.999999999999449e-05,1,0.57177,0.1153846153845497,pinbar,-1,False,False,False,0.00041999999999997595,False,False,0.00041999999999997595,False,False,0.00041999999999997595,,0,,-1,-1,-1,0,-1,-1,pullback_range,1,0.5732,0.57088,153,155,0.5732,0.57088,,152,0.5732,,2,0.55938,,1,0.5732,0.55938,SEEK_BREAKOUT,CONFIRMED,0,,,152
2025-11-27 14:30:00+00:00,0.57171,0.57189,0.57156,0.57188,396,0.00017000000000000348,0.0003300000000000525,9.99999999995449e-06,0.0001500000000000945,1,0.571725,0.5151515151514438,normal,0,True,False,True,0.00041999999999997595,False,True,0.00041999999999997595,False,True,0.00041999999999997595,,0,,-1,-1,-1,0,-1,-1,pullback_range,1,0.5732,0.57088,153,155,0.5732,0.57088,,152,0.5732,,2,0.55938,,1,0.5732,0.55938,SEEK_BREAKOUT,CONFIRMED,0,,,152
2025-11-27 14:45:00+00:00,0.57188,0.57214,0.57183,0.57199,457,0.00010999999999994348,0.00031000000000003247,0.00014999999999998348,5.0000000000105516e-05,1,0.571985,0.3548387096771998,pinbar,0,False,False,False,0.00041999999999997595,False,False,0.00041999999999997595,False,False,0.00041999999999997595,,0,,-1,-1,-1,0,-1,-1,pullback_range,1,0.5732,0.57088,153,155,0.5732,0.57088,,152,0.5732,,2,0.55938,,1,0.5732,0.55938,SEEK_BREAKOUT,CONFIRMED,0,,,152
2025-11-27 15:00:00+00:00,0.57198,0.57268,0.57194,0.57268,438,0.0006999999999999229,0.0007399999999999629,0.0,4.0000000000040004e-05,1,0.57231,0.9459459459458892,maru,0,True,True,True,0.00041999999999997595,True,True,0.00041999999999997595,True,True,0.00041999999999997595,continuous,1,SUCCESS,202,204,-1,1,207,3,pullback_range,1,0.5732,0.57088,153,155,0.5732,0.57088,,152,0.5732,,2,0.55938,,1,0.5732,0.55938,SEEK_BREAKOUT,CONFIRMED,0,,,152
2025-11-27 15:15:00+00:00,0.57266,0.573,0.57266,0.5729,541,0.00024000000000001798,0.00034000000000000696,9.999999999998899e-05,0.0,1,0.57283,0.7058823529412149,maru,0,True,False,False,0.0007399999999999629,True,True,0.00041999999999997595,True,True,0.00041999999999997595,one_maru_continuous,1,SUCCESS,204,205,-1,1,207,2,pullback_range,1,0.5732,0.57088,153,155,0.5732,0.57088,,152,0.5732,,2,0.55938,,1,0.5732,0.55938,SEEK_BREAKOUT,CONFIRMED,0,,,152
2025-11-27 15:30:00+00:00,0.5729,0.57291,0.57268,0.57284,343,5.999999999994898e-05,0.0002300000000000635,1.0000000000065512e-05,0.000160000000000049,-1,0.5727949999999999,0.2608695652170975,pinbar,1,False,False,False,0.0007399999999999629,False,False,0.0007399999999999629,False,False,0.00041999999999997595,,0,,-1,-1,-1,1,208,2,pullback_range,1,0.5732,0.57088,153,155,0.5732,0.57088,,152,0.5732,,2,0.55938,,1,0.5732,0.55938,SEEK_BREAKOUT,CONFIRMED,0,,,152
2025-11-27 15:45:00+00:00,0.57284,0.57286,0.57254,0.57268,781,0.000160000000000049,0.00031999999999998696,2.0000000000020002e-05,0.00013999999999991797,-1,0.5727,0.5000000000001735,normal,0,True,False,False,0.0007399999999999629,False,False,0.0007399999999999629,False,False,0.0007399999999999629,,0,,-1,-1,-1,1,209,2,pullback_range,1,0.5732,0.57088,153,155,0.5732,0.57088,,152,0.5732,,2,0.55938,,1,0.5732,0.55938,SEEK_BREAKOUT,CONFIRMED,0,,,152
2025-11-27 16:00:00+00:00,0.57268,0.57282,0.5724,0.57268,809,0.0,0.00041999999999997595,0.000140000000000029,0.00027999999999994696,0,0.5726100000000001,0.0,pinbar,1,False,False,False,0.0007399999999999629,False,False,0.0007399999999999629,False,False,0.0007399999999999629,,0,,-1,-1,-1,1,210,2,pullback_range,1,0.5732,0.57088,153,155,0.5732,0.57088,,152,0.5732,,2,0.55938,,1,0.5732,0.55938,SEEK_BREAKOUT,CONFIRMED,0,,,152
2025-11-27 16:15:00+00:00,0.5727,0.57274,0.57264,0.57268,317,2.0000000000020002e-05,9.999999999998899e-05,4.0000000000040004e-05,3.999999999992898e-05,-1,0.57269,0.20000000000022206,pinbar,0,False,False,False,0.0007399999999999629,False,False,0.0007399999999999629,False,False,0.0007399999999999629,,0,,-1,-1,-1,0,-1,-1,pullback_range,1,0.5732,0.57088,153,155,0.5732,0.57088,,152,0.5732,,2,0.55938,,1,0.5732,0.55938,SEEK_BREAKOUT,CONFIRMED,0,,,152
2025-11-27 16:30:00+00:00,0.57268,0.57268,0.57239,0.5724,182,0.00027999999999994696,0.00029000000000001247,0.0,1.0000000000065512e-05,-1,0.572535,0.9655172413790859,maru,0,True,False,False,0.0007399999999999629,False,False,0.0007399999999999629,False,False,0.0007399999999999629,,0,,-1,-1,-1,0,-1,-1,pullback_range,1,0.5732,0.57088,153,155,0.5732,0.57088,,152,0.5732,,2,0.55938,,1,0.5732,0.55938,SEEK_BREAKOUT,CONFIRMED,0,,,152
2025-11-27 16:45:00+00:00,0.57238,0.57254,0.5723,0.57254,137,0.000160000000000049,0.00024000000000001798,0.0,7.999999999996898e-05,1,0.57242,0.6666666666668208,maru,0,True,False,False,0.0007399999999999629,False,False,0.0007399999999999629,False,False,0.0007399999999999629,,0,,-1,-1,-1,1,215,4,pullback_range,1,0.5732,0.57088,153,155,0.5732,0.57088,,152,0.5732,,2,0.55938,,1,0.5732,0.55938,SEEK_BREAKOUT,CONFIRMED,0,,,152
2025-11-27 17:00:00+00:00,0.57254,0.57266,0.57225,0.57226,154,0.000280000000000058,0.00040999999999991044,0.00011999999999989797,9.99999999995449e-06,-1,0.5724549999999999,0.6829268292685833,maru,0,True,False,True,0.0007399999999999629,False,True,0.0007399999999999629,False,True,0.0007399999999999629,,0,,-1,-1,-1,1,215,3,pullback_range,1,0.5732,0.57088,153,155,0.5732,0.57088,,152,0.5732,,2,0.55938,,1,0.5732,0.55938,SEEK_BREAKOUT,CONFIRMED,0,,,152
2025-11-27 17:15:00+00:00,0.57226,0.57226,0.5721,0.57218,174,7.999999999996898e-05,0.00015999999999993797,0.0,7.999999999996898e-05,-1,0.57218,0.5,normal,0,True,False,False,0.0007399999999999629,False,False,0.0007399999999999629,False,False,0.0007399999999999629,,0,,-1,-1,-1,1,217,4,pullback_range,1,0.5732,0.57088,153,155,0.5732,0.57088,,152,0.5732,,2,0.55938,,1,0.5732,0.55938,SEEK_BREAKOUT,CONFIRMED,0,,,152
2025-11-27 17:30:00+00:00,0.57217,0.5723,0.5721,0.57212,181,4.999999999999449e-05,0.00019999999999997797,0.0001300000000000745,1.999999999990898e-05,-1,0.5722,0.25,pinbar,-1,False,False,False,0.0007399999999999629,False,False,0.0007399999999999629,False,False,0.0007399999999999629,,0,,-1,-1,-1,1,216,2,pullback_range,1,0.5732,0.57088,153,155,0.5732,0.57088,,152,0.5732,,2,0.55938,,1,0.5732,0.55938,SEEK_BREAKOUT,CONFIRMED,0,,,152
2025-11-27 17:45:00+00:00,0.5721,0.57236,0.57208,0.57235,214,0.00024999999999997247,0.00027999999999994696,9.99999999995449e-06,2.0000000000020002e-05,1,0.57222,0.8928571428572136,maru,0,True,False,False,0.0007399999999999629,False,False,0.0007399999999999629,False,False,0.0007399999999999629,,0,,-1,-1,-1,1,217,2,pullback_range,1,0.5732,0.57088,153,155,0.5732,0.57088,,152,0.5732,,2,0.55938,,1,0.5732,0.55938,SEEK_BREAKOUT,CONFIRMED,0,,,152
2025-11-27 18:00:00+00:00,0.57235,0.5724,0.57228,0.57228,78,7.00000000000145e-05,0.00012000000000000899,4.999999999999449e-05,0.0,-1,0.5723400000000001,0.5833333333334104,normal,0,True,False,False,0.00040999999999991044,False,False,0.0007399999999999629,False,False,0.0007399999999999629,,0,,-1,-1,-1,1,220,4,pullback_range,1,0.5732,0.57088,153,155,0.5732,0.57088,,152,0.5732,,2,0.55938,,1,0.5732,0.55938,SEEK_BREAKOUT,CONFIRMED,0,,,152
2025-11-27 18:15:00+00:00,0.57231,0.57231,0.57224,0.57224,72,7.00000000000145e-05,7.00000000000145e-05,0.0,0.0,-1,0.572275,1.0,maru,0,True,False,False,0.00040999999999991044,False,False,0.00040999999999991044,False,False,0.0007399999999999629,,0,,-1,-1,-1,1,220,3,pullback_range,1,0.5732,0.57088,153,155,0.5732,0.57088,,152,0.5732,,2,0.55938,,1,0.5732,0.55938,SEEK_BREAKOUT,CONFIRMED,0,,,152
2025-11-27 18:30:00+00:00,0.57225,0.57226,0.5722,0.57222,61,3.0000000000085514e-05,5.999999999994898e-05,9.99999999995449e-06,1.999999999990898e-05,-1,0.57223,0.5000000000018504,normal,0,False,False,False,0.00040999999999991044,False,False,0.00040999999999991044,False,False,0.00040999999999991044,,0,,-1,-1,-1,1,221,3,pullback_range,1,0.5732,0.57088,153,155,0.5732,0.57088,,152,0.5732,,2,0.55938,,1,0.5732,0.55938,SEEK_BREAKOUT,CONFIRMED,0,,,152
2025-11-27 18:45:00+00:00,0.5722,0.57235,0.5722,0.5722,72,0.0,0.00014999999999998348,0.00014999999999998348,0.0,0,0.5722750000000001,0.0,pinbar,-1,False,False,False,0.00040999999999991044,False,False,0.00040999999999991044,False,False,0.00040999999999991044,,0,,-1,-1,-1,1,221,2,pullback_range,1,0.5732,0.57088,153,155,0.5732,0.57088,,152,0.5732,,2,0.55938,,1,0.5732,0.55938,SEEK_BREAKOUT,CONFIRMED,0,,,152
2025-11-27 19:00:00+00:00,0.57222,0.57231,0.5722,0.5723,108,8.000000000008001e-05,0.00010999999999994348,9.99999999995449e-06,1.999999999990898e-05,1,0.572255,0.7272727272738283,maru,0,True,False,False,0.00040999999999991044,False,False,0.00040999999999991044,False,False,0.00040999999999991044,,0,,-1,-1,-1,0,-1,-1,pullback_range,1,0.5732,0.57088,153,155,0.5732,0.57088,,152,0.5732,,2,0.55938,,1,0.5732,0.55938,SEEK_BREAKOUT,CONFIRMED,0,,,152
2025-11-27 19:15:00+00:00,0.5723,0.57236,0.57226,0.57226,99,4.0000000000040004e-05,9.999999999998899e-05,5.999999999994898e-05,0.0,-1,0.57231,0.4000000000004441,normal,0,False,False,False,0.00040999999999991044,False,False,0.00040999999999991044,False,False,0.00040999999999991044,,0,,-1,-1,-1,0,-1,-1,pullback_range,1,0.5732,0.57088,153,155,0.5732,0.57088,,152,0.5732,,2,0.55938,,1,0.5732,0.55938,SEEK_BREAKOUT,CONFIRMED,0,,,152
2025-11-27 19:30:00+00:00,0.57224,0.57226,0.57214,0.57215,172,8.999999999992347e-05,0.00012000000000000899,2.0000000000020002e-05,1.0000000000065512e-05,-1,0.5722,0.7499999999993061,maru,0,True,False,False,0.00040999999999991044,False,False,0.00040999999999991044,False,False,0.00040999999999991044,one_maru_continuous,-1,CONFIRMED,217,218,222,1,224,2,pullback_range,1,0.5732,0.57088,153,155,0.5732,0.57088,,152,0.5732,,2,0.55938,,1,0.5732,0.55938,SEEK_BREAKOUT,CONFIRMED,0,,,152
2025-11-27 19:45:00+00:00,0.57216,0.57222,0.57214,0.57218,195,2.0000000000020002e-05,7.999999999996898e-05,3.999999999992898e-05,2.0000000000020002e-05,1,0.5721799999999999,0.25000000000034694,pinbar,0,False,False,False,0.00040999999999991044,False,False,0.00040999999999991044,False,False,0.00040999999999991044,,0,,-1,-1,-1,1,225,2,pullback_range,1,0.5732,0.57088,153,155,0.5732,0.57088,,152,0.5732,,2,0.55938,,1,0.5732,0.55938,SEEK_BREAKOUT,CONFIRMED,0,,,152
2025-11-27 20:00:00+00:00,0.5722,0.57222,0.57214,0.57214,106,6.0000000000060005e-05,7.999999999996898e-05,1.999999999990898e-05,0.0,-1,0.5721799999999999,0.7500000000010408,maru,0,True,False,False,0.00040999999999991044,False,False,0.00040999999999991044,False,False,0.00040999999999991044,,0,,-1,-1,-1,1,226,2,pullback_range,1,0.5732,0.57088,153,155,0.5732,0.57088,,152,0.5732,,2,0.55938,,1,0.5732,0.55938,SEEK_BREAKOUT,CONFIRMED,0,,,152
2025-11-27 20:15:00+00:00,0.57214,0.57221,0.57214,0.57216,66,2.0000000000020002e-05,7.00000000000145e-05,4.999999999999449e-05,0.0,1,0.572175,0.2857142857145123,pinbar,-1,False,False,False,0.00027999999999994696,False,False,0.00040999999999991044,False,False,0.00040999999999991044,,0,,-1,-1,-1,1,227,2,pullback_range,1,0.5732,0.57088,153,155,0.5732,0.57088,,152,0.5732,,2,0.55938,,1,0.5732,0.55938,SEEK_BREAKOUT,CONFIRMED,0,,,152
2025-11-27 20:30:00+00:00,0.57214,0.57223,0.5721,0.5722,103,6.0000000000060005e-05,0.00012999999999996348,2.999999999997449e-05,3.999999999992898e-05,1,0.572165,0.46153846153905276,normal,0,False,False,False,0.00027999999999994696,False,False,0.00027999999999994696,False,False,0.00040999999999991044,,0,,-1,-1,-1,0,-1,-1,pullback_range,1,0.5732,0.57088,153,155,0.5732,0.57088,,152,0.5732,,2,0.55938,,1,0.5732,0.55938,SEEK_BREAKOUT,CONFIRMED,0,,,152
2025-11-27 20:45:00+00:00,0.5722,0.57228,0.57208,0.57214,145,6.0000000000060005e-05,0.00019999999999997797,7.999999999996898e-05,5.999999999994898e-05,-1,0.57218,0.30000000000033306,pinbar,0,False,False,False,0.00027999999999994696,False,False,0.00027999999999994696,False,False,0.00027999999999994696,,0,,-1,-1,-1,0,-1,-1,pullback_range,1,0.5732,0.57088,153,155,0.5732,0.57088,,152,0.5732,,2,0.55938,,1,0.5732,0.55938,SEEK_BREAKOUT,CONFIRMED,0,,,152
2025-11-27 21:00:00+00:00,0.57214,0.57238,0.57214,0.57234,128,0.00019999999999997797,0.00024000000000001798,4.0000000000040004e-05,0.0,1,0.57226,0.8333333333331792,maru,0,True,True,True,0.00027999999999994696,True,True,0.00027999999999994696,True,True,0.00027999999999994696,,0,,-1,-1,-1,1,232,4,pullback_range,1,0.5732,0.57088,153,155,0.5732,0.57088,,152,0.5732,,2,0.55938,,1,0.5732,0.55938,SEEK_BREAKOUT,CONFIRMED,0,,,152
2025-11-27 21:15:00+00:00,0.57232,0.57262,0.57232,0.57261,140,0.00028999999999990145,0.00029999999999996696,1.0000000000065512e-05,0.0,1,0.57247,0.9666666666664446,maru,0,True,True,True,0.00024000000000001798,True,True,0.00027999999999994696,True,True,0.00027999999999994696,one_maru_continuous,1,SUCCESS,228,229,-1,1,232,3,pullback_range,1,0.5732,0.57088,153,155,0.5732,0.57088,,152,0.5732,,2,0.55938,,1,0.5732,0.55938,SEEK_BREAKOUT,CONFIRMED,0,,,152
2025-11-27 21:30:00+00:00,0.5726,0.57268,0.57252,0.57265,146,4.999999999999449e-05,0.00015999999999993797,2.999999999997449e-05,7.999999999996898e-05,1,0.5726,0.31250000000008676,pinbar,1,False,False,False,0.00029999999999996696,False,False,0.00024000000000001798,False,False,0.00027999999999994696,,0,,-1,-1,-1,1,233,3,pullback_range,1,0.5732,0.57088,153,155,0.5732,0.57088,,152,0.5732,,2,0.55938,,1,0.5732,0.55938,SEEK_BREAKOUT,CONFIRMED,0,,,152
2025-11-27 21:45:00+00:00,0.57265,0.57294,0.57262,0.57294,230,0.00029000000000001247,0.00031999999999998696,0.0,2.999999999997449e-05,1,0.5727800000000001,0.9062500000000759,maru,0,True,True,True,0.00029999999999996696,True,True,0.00029999999999996696,True,True,0.00024000000000001798,continuous,1,SUCCESS,229,231,-1,1,233,2,pullback_range,1,0.5732,0.57088,153,155,0.5732,0.57088,,152,0.5732,,2,0.55938,,1,0.5732,0.55938,SEEK_BREAKOUT,CONFIRMED,0,,,152
2025-11-27 22:00:00+00:00,0.57258,0.57296,0.57218,0.57234,129,0.00024000000000001798,0.0007800000000000029,0.00038000000000004697,0.00015999999999993797,-1,0.57257,0.3076923076923296,pinbar,0,False,False,False,0.00031999999999998696,False,False,0.00029999999999996696,False,False,0.00029999999999996696,,0,,-1,-1,-1,1,234,2,pullback_range,1,0.5732,0.57088,153,155,0.5732,0.57088,,152,0.5732,,2,0.55938,,1,0.5732,0.55938,SEEK_BREAKOUT,CONFIRMED,0,,,152
2025-11-27 22:15:00+00:00,0.57237,0.57274,0.57205,0.57264,392,0.00026999999999999247,0.0006900000000000794,9.999999999998899e-05,0.000320000000000098,1,0.572395,0.391304347826031,pinbar,0,False,False,False,0.00031999999999998696,False,False,0.00031999999999998696,False,False,0.00029999999999996696,,0,,-1,-1,-1,1,235,2,pullback_range,1,0.5732,0.57088,153,155,0.5732,0.57088,,152,0.5732,,2,0.55938,,1,0.5732,0.55938,SEEK_BREAKOUT,CONFIRMED,0,,,152
2025-11-27 22:30:00+00:00,0.57265,0.57277,0.57262,0.57269,122,4.0000000000040004e-05,0.00014999999999998348,7.999999999996898e-05,2.999999999997449e-05,1,0.572695,0.2666666666669627,pinbar,-1,False,False,False,0.00031999999999998696,False,False,0.00031999999999998696,False,False,0.00031999999999998696,,0,,-1,-1,-1,1,238,4,pullback_range,1,0.5732,0.57088,153,155,0.5732,0.57088,,152,0.5732,,2,0.55938,,1,0.5732,0.55938,SEEK_BREAKOUT,CONFIRMED,0,,,152
2025-11-27 22:45:00+00:00,0.5727,0.57276,0.57216,0.57238,706,0.00031999999999998696,0.0006000000000000449,6.0000000000060005e-05,0.00021999999999999797,-1,0.57246,0.5333333333332717,normal,0,False,False,True,0.00031999999999998696,False,True,0.00031999999999998696,False,True,0.00031999999999998696,,0,,-1,-1,-1,1,237,2,pullback_range,1,0.5732,0.57088,153,155,0.5732,0.57088,,152,0.5732,,2,0.55938,,1,0.5732,0.55938,SEEK_BREAKOUT,CONFIRMED,0,,,152
2025-11-27 23:00:00+00:00,0.57234,0.57282,0.57226,0.5726,324,0.000260000000000038,0.0005600000000000049,0.00021999999999999797,7.999999999996898e-05,1,0.57254,0.46428571428577803,normal,0,False,False,True,0.00031999999999998696,False,True,0.00031999999999998696,False,True,0.00031999999999998696,,0,,-1,-1,-1,1,238,2,pullback_range,1,0.5732,0.57088,153,155,0.5732,0.57088,,152,0.5732,,2,0.55938,,1,0.5732,0.55938,SEEK_BREAKOUT,CONFIRMED,0,,,152
2025-11-27 23:15:00+00:00,0.5726,0.57268,0.57256,0.5726,131,0.0,0.00012000000000000899,7.999999999996898e-05,4.0000000000040004e-05,0,0.5726199999999999,0.0,pinbar,-1,False,False,False,0.00031999999999998696,False,False,0.00031999999999998696,False,False,0.00031999999999998696,,0,,-1,-1,-1,1,242,5,pullback_range,1,0.5732,0.57088,153,155,0.5732,0.57088,,152,0.5732,,2,0.55938,,1,0.5732,0.55938,SEEK_BREAKOUT,CONFIRMED,0,,,152
2025-11-27 23:30:00+00:00,0.57261,0.57288,0.57261,0.57277,138,0.000160000000000049,0.00026999999999999247,0.00010999999999994348,0.0,1,0.572745,0.5925925925927906,normal,0,True,False,True,0.00031999999999998696,False,True,0.00031999999999998696,False,True,0.00031999999999998696,,0,,-1,-1,-1,1,241,3,pullback_range,1,0.5732,0.57088,153,155,0.5732,0.57088,,152,0.5732,,2,0.55938,,1,0.5732,0.55938,SEEK_BREAKOUT,CONFIRMED,0,,,152
2025-11-27 23:45:00+00:00,0.5728,0.57302,0.5728,0.57292,124,0.00012000000000000899,0.00021999999999999797,9.999999999998899e-05,0.0,1,0.57291,0.5454545454545914,normal,0,True,False,True,0.00031999999999998696,False,True,0.00031999999999998696,False,True,0.00031999999999998696,,0,,-1,-1,-1,0,-1,-1,pullback_range,1,0.5732,0.57088,153,155,0.5732,0.57088,,152,0.5732,,2,0.55938,,1,0.5732,0.55938,SEEK_BREAKOUT,CONFIRMED,0,,,152
2025-11-28 00:00:00+00:00,0.57293,0.57316,0.57283,0.57304,250,0.00010999999999994348,0.0003300000000000525,0.00012000000000000899,0.00010000000000010001,1,0.5729949999999999,0.33333333333310905,pinbar,0,False,False,False,0.00031999999999998696,False,False,0.00031999999999998696,False,False,0.00031999999999998696,,0,,-1,-1,-1,0,-1,-1,pullback_range,1,0.5732,0.57088,153,155,0.5732,0.57088,,152,0.5732,,2,0.55938,,1,0.5732,0.55938,SEEK_BREAKOUT,CONFIRMED,0,,,152
2025-11-28 00:15:00+00:00,0.57303,0.57305,0.57268,0.57278,637,0.0002500000000000835,0.00036999999999998145,1.999999999990898e-05,9.999999999998899e-05,-1,0.572865,0.6756756756759352,maru,0,True,True,True,0.00031999999999998696,True,True,0.00031999999999998696,True,True,0.00031999999999998696,,0,,-1,-1,-1,1,244,3,pullback_range,1,0.5732,0.57088,153,155,0.5732,0.57088,,152,0.5732,,2,0.55938,,1,0.5732,0.55938,SEEK_BREAKOUT,CONFIRMED,0,,,152
2025-11-28 00:30:00+00:00,0.5728,0.57295,0.57262,0.57264,470,0.00015999999999993797,0.00032999999999994145,0.00014999999999998348,2.0000000000020002e-05,-1,0.572785,0.4848484848483829,normal,0,False,False,True,0.00036999999999998145,False,True,0.00031999999999998696,False,True,0.00031999999999998696,,0,,-1,-1,-1,1,244,2,pullback_range,1,0.5732,0.57088,153,155,0.5732,0.57088,,152,0.5732,,2,0.55938,,1,0.5732,0.55938,SEEK_BREAKOUT,CONFIRMED,0,,,152
2025-11-28 00:45:00+00:00,0.57263,0.57268,0.57242,0.57262,696,9.99999999995449e-06,0.00025999999999992696,4.999999999999449e-05,0.00019999999999997797,-1,0.57255,0.03846153846137423,pinbar,1,False,False,False,0.00036999999999998145,False,False,0.00036999999999998145,False,False,0.00031999999999998696,,0,,-1,-1,-1,1,246,3,pullback_range,1,0.5732,0.57088,153,155,0.5732,0.57088,,152,0.5732,,2,0.55938,,1,0.5732,0.55938,SEEK_BREAKOUT,CONFIRMED,0,,,152
2025-11-28 01:00:00+00:00,0.57264,0.57292,0.57264,0.57278,1038,0.00013999999999991797,0.00027999999999994696,0.000140000000000029,0.0,1,0.5727800000000001,0.49999999999980177,normal,0,False,False,True,0.00036999999999998145,False,True,0.00036999999999998145,False,True,0.00036999999999998145,,0,,-1,-1,-1,0,-1,-1,pullback_range,1,0.5732,0.57088,153,155,0.5732,0.57088,,152,0.5732,,2,0.55938,,1,0.5732,0.55938,SEEK_BREAKOUT,CONFIRMED,0,,,152
2025-11-28 01:15:00+00:00,0.57278,0.57293,0.57259,0.57282,520,4.0000000000040004e-05,0.00034000000000000696,0.0001100000000000545,0.00018999999999991246,1,0.57276,0.11764705882364467,pinbar,1,False,False,False,0.00036999999999998145,False,False,0.00036999999999998145,False,False,0.00036999999999998145,,0,,-1,-1,-1,0,-1,-1,pullback_range,1,0.5732,0.57088,153,155,0.5732,0.57088,,152,0.5732,,2,0.55938,,1,0.5732,0.55938,SEEK_BREAKOUT,CONFIRMED,0,,,152
2025-11-28 01:30:00+00:00,0.5728,0.57282,0.57244,0.57256,309,0.00024000000000001798,0.00038000000000004697,2.0000000000020002e-05,0.00012000000000000899,-1,0.57263,0.6315789473683903,normal,0,True,False,True,0.00036999999999998145,False,True,0.00036999999999998145,False,True,0.00036999999999998145,one_maru_continuous,-1,CONFIRMED,241,242,246,0,-1,-1,pullback_range,1,0.5732,0.57088,153,155,0.5732,0.57088,,152,0.5732,,2,0.55938,,1,0.5732,0.55938,SEEK_BREAKOUT,CONFIRMED,0,,,152
2025-11-28 01:45:00+00:00,0.57258,0.57271,0.5723,0.5724,450,0.00017999999999995797,0.00041000000000002146,0.0001300000000000745,9.999999999998899e-05,-1,0.572505,0.43902439024377693,normal,0,False,False,True,0.00036999999999998145,False,True,0.00036999999999998145,False,True,0.00036999999999998145,,0,,-1,-1,-1,1,251,4,pullback_range,1,0.5732,0.57088,153,155,0.5732,0.57088,,152,0.5732,,2,0.55938,,1,0.5732,0.55938,SEEK_BREAKOUT,CONFIRMED,0,,,152
2025-11-28 02:00:00+00:00,0.57239,0.57258,0.57238,0.57243,553,4.0000000000040004e-05,0.00019999999999997797,0.00014999999999998348,9.99999999995449e-06,1,0.57248,0.20000000000022206,pinbar,-1,False,False,False,0.00036999999999998145,False,False,0.00036999999999998145,False,False,0.00036999999999998145,,0,,-1,-1,-1,0,-1,-1,pullback_range,1,0.5732,0.57088,153,155,0.5732,0.57088,,152,0.5732,,2,0.55938,,1,0.5732,0.55938,SEEK_BREAKOUT,CONFIRMED,0,,,152
2025-11-28 02:15:00+00:00,0.57244,0.57244,0.57217,0.57224,1365,0.00019999999999997797,0.00026999999999999247,0.0,7.00000000000145e-05,-1,0.572305,0.7407407407406799,maru,0,True,True,True,0.00036999999999998145,True,True,0.00036999999999998145,True,True,0.00036999999999998145,,0,,-1,-1,-1,1,251,2,pullback_range,1,0.5732,0.57088,153,155,0.5732,0.57088,,152,0.5732,,2,0.55938,,1,0.5732,0.55938,SEEK_BREAKOUT,CONFIRMED,0,,,152
2025-11-28 02:30:00+00:00,0.57225,0.5725,0.57216,0.57226,2420,9.99999999995449e-06,0.00034000000000000696,0.00024000000000001798,9.00000000000345e-05,1,0.57233,0.029411764705747898,pinbar,-1,False,False,False,0.00036999999999998145,False,False,0.00036999999999998145,False,False,0.00036999999999998145,,0,,-1,-1,-1,1,252,2,pullback_range,1,0.5732,0.57088,153,155,0.5732,0.57088,,152,0.5732,,2,0.55938,,1,0.5732,0.55938,SEEK_BREAKOUT,CONFIRMED,0,,,152
2025-11-28 02:45:00+00:00,0.57226,0.57248,0.5721,0.57234,3531,7.999999999996898e-05,0.00037999999999993594,0.000140000000000029,0.00015999999999993797,1,0.57229,0.21052631578942754,pinbar,0,False,False,False,0.00036999999999998145,False,False,0.00036999999999998145,False,False,0.00036999999999998145,,0,,-1,-1,-1,1,253,2,pullback_range,1,0.5732,0.57088,153,155,0.5732,0.57088,,152,0.5732,,2,0.55938,,1,0.5732,0.55938,SEEK_BREAKOUT,CONFIRMED,0,,,152
2025-11-28 03:00:00+00:00,0.57235,0.57249,0.57203,0.5722,7711,0.00014999999999998348,0.00046000000000001595,0.000140000000000029,0.00017000000000000348,-1,0.57226,0.3260869565216919,pinbar,0,False,False,False,0.00036999999999998145,False,False,0.00036999999999998145,False,False,0.00036999999999998145,,0,,-1,-1,-1,1,254,2,pullback_range,1,0.5732,0.57088,153,155,0.5732,0.57088,,152,0.5732,,2,0.55938,,1,0.5732,0.55938,SEEK_BREAKOUT,CONFIRMED,0,,,152
2025-11-28 03:15:00+00:00,0.57222,0.5725,0.5721,0.57221,3452,9.99999999995449e-06,0.00039999999999995595,0.000280000000000058,0.00010999999999994348,-1,0.5723,0.02499999999988898,pinbar,-1,False,False,False,0.00036999999999998145,False,False,0.00036999999999998145,False,False,0.00036999999999998145,,0,,-1,-1,-1,1,256,3,pullback_range,1,0.5732,0.57088,153,155,0.5732,0.57088,,152,0.5732,,2,0.55938,,1,0.5732,0.55938,SEEK_BREAKOUT,CONFIRMED,0,,,152
2025-11-28 03:30:00+00:00,0.57222,0.57234,0.57197,0.57216,4379,5.999999999994898e-05,0.00036999999999998145,0.00012000000000000899,0.00019000000000002348,-1,0.572155,0.1621621621620324,pinbar,1,False,False,False,0.00036999999999998145,False,False,0.00036999999999998145,False,False,0.00036999999999998145,,0,,-1,-1,-1,1,256,2,pullback_range,1,0.5732,0.57088,153,155,0.5732,0.57088,,152,0.5732,,2,0.55938,,1,0.5732,0.55938,SEEK_BREAKOUT,CONFIRMED,0,,,152
2025-11-28 03:45:00+00:00,0.57219,0.57222,0.5719,0.57208,3795,0.00010999999999994348,0.00031999999999998696,2.999999999997449e-05,0.000180000000000069,-1,0.57206,0.34374999999983735,pinbar,1,False,False,False,0.00036999999999998145,False,False,0.00036999999999998145,False,False,0.00036999999999998145,,0,,-1,-1,-1,1,257,2,pullback_range,1,0.5732,0.57088,153,155,0.5732,0.57088,,152,0.5732,,2,0.55938,,1,0.5732,0.55938,SEEK_BREAKOUT,CONFIRMED,0,,,152
2025-11-28 04:00:00+00:00,0.57208,0.57228,0.57194,0.57215,3617,7.00000000000145e-05,0.00034000000000000696,0.00012999999999996348,0.000140000000000029,1,0.57211,0.20588235294121487,pinbar,0,False,False,False,0.00036999999999998145,False,False,0.00036999999999998145,False,False,0.00036999999999998145,,0,,-1,-1,-1,0,-1,-1,pullback_range,1,0.5732,0.57088,153,155,0.5732,0.57088,,152,0.5732,,2,0.55938,,1,0.5732,0.55938,SEEK_BREAKOUT,CONFIRMED,0,,,152
2025-11-28 04:15:00+00:00,0.57215,0.57223,0.572,0.572,3444,0.0001500000000000945,0.0002300000000000635,7.999999999996898e-05,0.0,-1,0.5721149999999999,0.6521739130437091,normal,0,True,False,True,0.00036999999999998145,False,True,0.00036999999999998145,False,True,0.00036999999999998145,,0,,-1,-1,-1,0,-1,-1,pullback_range,1,0.5732,0.57088,153,155,0.5732,0.57088,,152,0.5732,,2,0.55938,,1,0.5732,0.55938,SEEK_BREAKOUT,CONFIRMED,0,,,152
2025-11-28 04:30:00+00:00,0.572,0.57201,0.57178,0.57182,3143,0.00017999999999995797,0.0002300000000000635,1.0000000000065512e-05,4.0000000000040004e-05,-1,0.571895,0.7826086956517752,maru,0,True,False,True,0.00036999999999998145,False,True,0.00036999999999998145,False,True,0.00036999999999998145,,0,,-1,-1,-1,1,260,2,pullback_range,1,0.5732,0.57088,153,155,0.5732,0.57088,,152,0.5732,,2,0.55938,,1,0.5732,0.55938,SEEK_BREAKOUT,CONFIRMED,0,,,152
2025-11-28 04:45:00+00:00,0.57182,0.5719,0.57172,0.5718,3528,2.0000000000020002e-05,0.00017999999999995797,7.999999999996898e-05,7.999999999996898e-05,-1,0.5718099999999999,0.11111111111124818,pinbar,0,False,False,False,0.00036999999999998145,False,False,0.00036999999999998145,False,False,0.00036999999999998145,,0,,-1,-1,-1,1,263,4,pullback_range,1,0.5732,0.57088,153,155,0.5732,0.57088,,152,0.5732,,2,0.55938,,1,0.5732,0.55938,SEEK_BREAKOUT,CONFIRMED,0,,,152
2025-11-28 05:00:00+00:00,0.5718,0.57195,0.57172,0.5719,6663,9.999999999998899e-05,0.00022999999999995246,4.999999999999449e-05,7.999999999996898e-05,1,0.571835,0.43478260869569413,normal,0,False,False,True,0.00036999999999998145,False,True,0.00036999999999998145,False,True,0.00036999999999998145,,0,,-1,-1,-1,1,263,3,pullback_range,1,0.5732,0.57088,153,155,0.5732,0.57088,,152,0.5732,,2,0.55938,,1,0.5732,0.55938,SEEK_BREAKOUT,CONFIRMED,0,,,152
2025-11-28 05:15:00+00:00,0.57189,0.57199,0.57161,0.57171,3366,0.00017999999999995797,0.00038000000000004697,9.999999999998899e-05,0.00010000000000010001,-1,0.5718,0.4736842105261466,normal,0,False,False,True,0.00036999999999998145,False,True,0.00036999999999998145,False,True,0.00036999999999998145,,0,,-1,-1,-1,1,263,2,pullback_range,1,0.5732,0.57088,153,155,0.5732,0.57088,,152,0.5732,,2,0.55938,,1,0.5732,0.55938,SEEK_BREAKOUT,CONFIRMED,0,,,152
2025-11-28 05:30:00+00:00,0.57171,0.57186,0.5716,0.57164,4765,7.00000000000145e-05,0.000260000000000038,0.00014999999999998348,4.0000000000040004e-05,-1,0.5717300000000001,0.26923076923078565,pinbar,-1,False,False,False,0.00036999999999998145,False,False,0.00036999999999998145,False,False,0.00036999999999998145,,0,,-1,-1,-1,1,265,3,pullback_range,1,0.5732,0.57088,153,155,0.5732,0.57088,,152,0.5732,,2,0.55938,,1,0.5732,0.55938,SEEK_BREAKOUT,CONFIRMED,0,,,152
2025-11-28 05:45:00+00:00,0.57164,0.57186,0.57162,0.57185,3753,0.00020999999999993246,0.00024000000000001798,1.0000000000065512e-05,2.0000000000020002e-05,1,0.57174,0.874999999999653,maru,0,True,False,True,0.00036999999999998145,False,True,0.00036999999999998145,False,True,0.00036999999999998145,,0,,-1,-1,-1,1,265,2,pullback_range,1,0.5732,0.57088,153,155,0.5732,0.57088,,152,0.5732,,2,0.55938,,1,0.5732,0.55938,SEEK_BREAKOUT,CONFIRMED,0,,,152
2025-11-28 06:00:00+00:00,0.57186,0.5721,0.57178,0.57197,3952,0.00010999999999994348,0.000320000000000098,0.0001300000000000745,8.000000000008001e-05,1,0.57194,0.3437499999997181,pinbar,0,False,False,False,0.00036999999999998145,False,False,0.00036999999999998145,False,False,0.00036999999999998145,,0,,-1,-1,-1,0,-1,-1,pullback_range,1,0.5732,0.57088,153,155,0.5732,0.57088,,152,0.5732,,2,0.55938,,1,0.5732,0.55938,SEEK_BREAKOUT,CONFIRMED,0,,,152
2025-11-28 06:15:00+00:00,0.57196,0.57198,0.57164,0.57174,5541,0.00021999999999999797,0.00034000000000000696,2.0000000000020002e-05,9.999999999998899e-05,-1,0.57181,0.6470588235293926,normal,0,True,False,True,0.00036999999999998145,False,True,0.00036999999999998145,False,True,0.00036999999999998145,,0,,-1,-1,-1,0,-1,-1,pullback_range,1,0.5732,0.57088,153,155,0.5732,0.57088,,152,0.5732,,2,0.55938,,1,0.5732,0.55938,SEEK_BREAKOUT,CONFIRMED,0,,,152
2025-11-28 06:30:00+00:00,0.57172,0.57188,0.57144,0.5715,3587,0.00021999999999999797,0.00044000000000010697,0.000160000000000049,6.0000000000060005e-05,-1,0.5716600000000001,0.4999999999998738,normal,0,False,False,True,0.00036999999999998145,False,True,0.00036999999999998145,False,True,0.00036999999999998145,,0,,-1,-1,-1,1,269,3,pullback_range,1,0.5732,0.57088,153,155,0.5732,0.57088,,152,0.5732,,2,0.55938,,1,0.5732,0.55938,SEEK_BREAKOUT,CONFIRMED,0,,,152
2025-11-28 06:45:00+00:00,0.57148,0.5716,0.5713,0.57142,5158,5.999999999994898e-05,0.00029999999999996696,0.00012000000000000899,0.00012000000000000899,-1,0.57145,0.19999999999985196,pinbar,0,False,False,False,0.00036999999999998145,False,False,0.00036999999999998145,False,False,0.00036999999999998145,,0,,-1,-1,-1,1,269,2,pullback_range,1,0.5732,0.57088,153,155,0.5732,0.57088,,152,0.5732,,2,0.55938,,1,0.5732,0.55938,SEEK_BREAKOUT,CONFIRMED,0,,,152
2025-11-28 07:00:00+00:00,0.57142,0.57164,0.57128,0.5714,6919,2.0000000000020002e-05,0.00036000000000002697,0.00021999999999999797,0.00012000000000000899,-1,0.5714600000000001,0.055555555555606956,pinbar,-1,False,False,False,0.00036999999999998145,False,False,0.00036999999999998145,False,False,0.00036999999999998145,,0,,-1,-1,-1,1,270,2,pullback_range,1,0.5732,0.57088,153,155,0.5732,0.57088,,152,0.5732,,2,0.55938,,1,0.5732,0.55938,SEEK_BREAKOUT,CONFIRMED,0,,,152
2025-11-28 07:15:00+00:00,0.5714,0.57175,0.57132,0.57152,8011,0.00012000000000000899,0.00042999999999993044,0.00022999999999995246,7.999999999996898e-05,1,0.571535,0.2790697674419265,pinbar,-1,False,False,False,0.00036999999999998145,False,False,0.00036999999999998145,False,False,0.00036999999999998145,,0,,-1,-1,-1,0,-1,-1,pullback_range,1,0.5732,0.57088,153,155,0.5732,0.57088,,152,0.5732,,2,0.55938,,1,0.5732,0.55938,SEEK_BREAKOUT,CONFIRMED,0,,,152
2025-11-28 07:30:00+00:00,0.57152,0.57179,0.57138,0.57153,5211,9.99999999995449e-06,0.00041000000000002146,0.000260000000000038,0.000140000000000029,1,0.571585,0.024390243902326747,pinbar,-1,False,False,False,0.00036999999999998145,False,False,0.00036999999999998145,False,False,0.00036999999999998145,,0,,-1,-1,-1,0,-1,-1,pullback_range,1,0.5732,0.57088,153,155,0.5732,0.57088,,152,0.5732,,2,0.55938,,1,0.5732,0.55938,SEEK_BREAKOUT,CONFIRMED,0,,,152
2025-11-28 07:45:00+00:00,0.57154,0.57156,0.57103,0.57107,3303,0.00047000000000008146,0.0005299999999999194,1.999999999990898e-05,3.999999999992898e-05,-1,0.571295,0.8867924528304773,maru,0,True,True,True,0.00036999999999998145,True,True,0.00036999999999998145,True,True,0.00036999999999998145,,0,,-1,-1,-1,1,273,2,pullback_range,1,0.5732,0.57088,153,155,0.5732,0.57088,,152,0.5732,,2,0.55938,,1,0.5732,0.55938,SEEK_BREAKOUT,CONFIRMED,0,,,152
2025-11-28 08:00:00+00:00,0.57106,0.57146,0.57088,0.57096,4942,9.999999999998899e-05,0.0005799999999999139,0.00039999999999995595,7.999999999996898e-05,-1,0.57117,0.17241379310345487,pinbar,-1,False,False,False,0.0005299999999999194,False,False,0.00036999999999998145,False,False,0.00036999999999998145,,0,,-1,-1,-1,1,274,2,pullback_range,1,0.5732,0.57088,153,155,0.5732,0.57088,,152,0.5732,,2,0.55938,,1,0.5732,0.55938,SEEK_BREAKOUT,CONFIRMED,0,,,152
2025-11-28 08:15:00+00:00,0.57096,0.57123,0.5709,0.57118,4617,0.00021999999999999797,0.0003300000000000525,4.999999999999449e-05,6.0000000000060005e-05,1,0.5710649999999999,0.6666666666665545,maru,0,False,False,True,0.0005299999999999194,False,True,0.0005299999999999194,True,True,0.00036999999999998145,,0,,-1,-1,-1,1,275,2,pullback_range,1,0.5732,0.57088,153,155,0.5732,0.57088,,152,0.5732,,2,0.55938,,1,0.5732,0.55938,SEEK_BREAKOUT,CONFIRMED,0,,,152
2025-11-28 08:30:00+00:00,0.57116,0.57133,0.57096,0.57112,4546,4.0000000000040004e-05,0.00036999999999998145,0.00017000000000000348,0.00015999999999993797,-1,0.571145,0.10810810810822165,pinbar,0,False,False,False,0.0005299999999999194,False,False,0.0005299999999999194,False,False,0.0005299999999999194,,0,,-1,-1,-1,1,278,4,pullback_range,1,0.5732,0.57088,153,155,0.5732,0.57088,,152,0.5732,,2,0.55938,,1,0.5732,0.55938,SEEK_BREAKOUT,CONFIRMED,0,,,152
2025-11-28 08:45:00+00:00,0.57112,0.57128,0.57087,0.5709,4457,0.00021999999999999797,0.00041000000000002146,0.000160000000000049,2.999999999997449e-05,-1,0.571075,0.5365853658536255,normal,0,True,False,True,0.0005299999999999194,False,True,0.0005299999999999194,False,True,0.0005299999999999194,,0,,-1,-1,-1,1,277,2,pullback,1,0.5732,0.57087,153,155,0.5732,0.57087,,152,0.5732,,2,0.55938,,1,0.5732,0.55938,SEEK_BREAKOUT,CONFIRMED,0,,,152
2025-11-28 09:00:00+00:00,0.57092,0.57119,0.57071,0.57094,4592,2.0000000000020002e-05,0.00047999999999992493,0.00024999999999997247,0.00020999999999993246,1,0.5709500000000001,0.041666666666714855,pinbar,-1,False,False,False,0.0005299999999999194,False,False,0.0005299999999999194,False,False,0.0005299999999999194,,0,,-1,-1,-1,1,279,3,pullback,1,0.5732,0.57071,153,155,0.5732,0.57071,,152,0.5732,,2,0.55938,,1,0.5732,0.55938,SEEK_BREAKOUT,CONFIRMED,0,,,152
2025-11-28 09:15:00+00:00,0.57094,0.57126,0.57084,0.57094,5206,0.0,0.00041999999999997595,0.00031999999999998696,9.999999999998899e-05,0,0.5710500000000001,0.0,pinbar,-1,False,False,False,0.0005299999999999194,False,False,0.0005299999999999194,False,False,0.0005299999999999194,,0,,-1,-1,-1,1,279,2,pullback_range,1,0.5732,0.57071,153,155,0.5732,0.57071,,152,0.5732,,2,0.55938,,1,0.5732,0.55938,SEEK_BREAKOUT,CONFIRMED,0,,,152
2025-11-28 09:30:00+00:00,0.57092,0.57128,0.57085,0.5712,7027,0.000280000000000058,0.00043000000000004146,7.999999999996898e-05,7.00000000000145e-05,1,0.5710649999999999,0.6511627906977465,normal,0,False,False,True,0.0005299999999999194,False,True,0.0005299999999999194,False,True,0.0005299999999999194,,0,,-1,-1,-1,1,280,2,pullback_range,1,0.5732,0.57071,153,155,0.5732,0.57071,,152,0.5732,,2,0.55938,,1,0.5732,0.55938,SEEK_BREAKOUT,CONFIRMED,0,,,152
2025-11-28 09:45:00+00:00,0.57122,0.57125,0.5708,0.57092,5892,0.00029999999999996696,0.00045000000000006146,3.0000000000085514e-05,0.00012000000000000899,-1,0.571025,0.6666666666665022,maru,0,True,True,True,0.0005299999999999194,True,True,0.0005299999999999194,True,True,0.0005299999999999194,,0,,-1,-1,-1,0,-1,-1,pullback_range,1,0.5732,0.57071,153,155,0.5732,0.57071,,152,0.5732,,2,0.55938,,1,0.5732,0.55938,SEEK_BREAKOUT,CONFIRMED,0,,,152
2025-11-28 10:00:00+00:00,0.57092,0.57109,0.57084,0.57103,4608,0.0001100000000000545,0.00024999999999997247,5.999999999994898e-05,7.999999999996898e-05,1,0.570965,0.44000000000026646,normal,0,False,False,False,0.0005299999999999194,False,False,0.0005299999999999194,False,False,0.0005299999999999194,,0,,-1,-1,-1,0,-1,-1,pullback_range,1,0.5732,0.57071,153,155,0.5732,0.57071,,152,0.5732,,2,0.55938,,1,0.5732,0.55938,SEEK_BREAKOUT,CONFIRMED,0,,,152
2025-11-28 10:15:00+00:00,0.57104,0.57109,0.57067,0.57074,3966,0.00029999999999996696,0.00041999999999997595,4.999999999999449e-05,7.00000000000145e-05,-1,0.57088,0.7142857142856766,maru,0,False,True,True,0.0005299999999999194,True,True,0.0005299999999999194,True,True,0.0005299999999999194,,0,,-1,-1,-1,0,-1,-1,pullback,1,0.5732,0.57067,153,155,0.5732,0.57067,,152,0.5732,,2,0.55938,,1,0.5732,0.55938,SEEK_BREAKOUT,CONFIRMED,0,,,152
2025-11-28 10:30:00+00:00,0.57074,0.57079,0.5705,0.57056,5121,0.000180000000000069,0.00029000000000001247,4.999999999999449e-05,5.999999999994898e-05,-1,0.5706450000000001,0.620689655172625,normal,0,False,False,True,0.0005299999999999194,False,True,0.0005299999999999194,False,True,0.0005299999999999194,one_maru_continuous,-1,SUCCESS,281,282,-1,1,286,4,pullback,1,0.5732,0.5705,153,155,0.5732,0.5705,0.6111111111111797,152,0.5732,,2,0.55938,,1,0.5732,0.55938,SEEK_BREAKOUT,CONFIRMED,0,,,152
2025-11-28 10:45:00+00:00,0.57056,0.57076,0.57051,0.57066,4710,9.999999999998899e-05,0.0002500000000000835,0.00010000000000010001,4.999999999999449e-05,1,0.570635,0.3999999999998224,pinbar,0,False,False,False,0.0005299999999999194,False,False,0.0005299999999999194,False,False,0.0005299999999999194,,0,,-1,-1,-1,1,286,3,pullback_range,1,0.5732,0.5705,153,155,0.5732,0.5705,,152,0.5732,,2,0.55938,,1,0.5732,0.55938,SEEK_BREAKOUT,CONFIRMED,0,,,152
2025-11-28 11:00:00+00:00,0.57066,0.57068,0.5704,0.57049,4323,0.00016999999999989246,0.00027999999999994696,2.0000000000020002e-05,9.00000000000345e-05,-1,0.57054,0.6071428571425881,normal,0,True,False,True,0.0005299999999999194,False,True,0.0005299999999999194,False,True,0.0005299999999999194,,0,,-1,-1,-1,1,286,2,pullback,1,0.5732,0.5704,153,155,0.5732,0.5704,0.05882352941153421,152,0.5732,,2,0.55938,,1,0.5732,0.55938,SEEK_BREAKOUT,CONFIRMED,0,,,152
2025-11-28 11:15:00+00:00,0.57049,0.57063,0.57038,0.57046,5239,3.0000000000085514e-05,0.00024999999999997247,0.00013999999999991797,7.999999999996898e-05,-1,0.570505,0.12000000000035527,pinbar,-1,False,False,False,0.0005299999999999194,False,False,0.0005299999999999194,False,False,0.0005299999999999194,,0,,-1,-1,-1,1,287,2,pullback,1,0.5732,0.57038,153,155,0.5732,0.57038,,152,0.5732,,2,0.55938,,1,0.5732,0.55938,SEEK_BREAKOUT,CONFIRMED,0,,,152
2025-11-28 11:30:00+00:00,0.57047,0.57072,0.57042,0.57063,8468,0.00015999999999993797,0.00029999999999996696,9.00000000000345e-05,4.999999999999449e-05,1,0.57057,0.5333333333331853,normal,0,False,False,True,0.0005299999999999194,False,True,0.0005299999999999194,False,True,0.0005299999999999194,,0,,-1,-1,-1,1,288,2,pullback_range,1,0.5732,0.57038,153,155,0.5732,0.57038,,152,0.5732,,2,0.55938,,1,0.5732,0.55938,SEEK_BREAKOUT,CONFIRMED,0,,,152
2025-11-28 11:45:00+00:00,0.57065,0.57096,0.57045,0.57062,7824,2.999999999997449e-05,0.0005100000000000104,0.00031000000000003247,0.00017000000000000348,-1,0.570705,0.05882352941171348,pinbar,-1,False,False,False,0.0005299999999999194,False,False,0.0005299999999999194,False,False,0.0005299999999999194,,0,,-1,-1,-1,1,289,2,pullback_range,1,0.5732,0.57038,153,155,0.5732,0.57038,,152,0.5732,,2,0.55938,,1,0.5732,0.55938,SEEK_BREAKOUT,CONFIRMED,0,,,152
2025-11-28 12:00:00+00:00,0.57063,0.5708,0.57044,0.57068,4319,4.999999999999449e-05,0.00036000000000002697,0.00012000000000000899,0.00019000000000002348,1,0.5706199999999999,0.1388888888888632,pinbar,1,False,False,False,0.0005299999999999194,False,False,0.0005299999999999194,False,False,0.0005299999999999194,,0,,-1,-1,-1,0,-1,-1,pullback_range,1,0.5732,0.57038,153,155,0.5732,0.57038,,152,0.5732,,2,0.55938,,1,0.5732,0.55938,SEEK_BREAKOUT,CONFIRMED,0,,,152
2025-11-28 12:15:00+00:00,0.57067,0.57097,0.5706,0.57093,5161,0.000260000000000038,0.00036999999999998145,3.999999999992898e-05,7.00000000000145e-05,1,0.570785,0.7027027027028405,maru,0,False,True,True,0.0005299999999999194,True,True,0.0005299999999999194,True,True,0.0005299999999999194,,0,,-1,-1,-1,1,291,2,pullback_range,1,0.5732,0.57038,153,155,0.5732,0.57038,,152,0.5732,,2,0.55938,,1,0.5732,0.55938,SEEK_BREAKOUT,CONFIRMED,0,,,152
2025-11-28 12:30:00+00:00,0.57092,0.57116,0.5707,0.57091,6408,9.99999999995449e-06,0.00046000000000001595,0.00024000000000001798,0.00021000000000004349,-1,0.5709299999999999,0.02173913043468292,pinbar,-1,False,False,False,0.0005299999999999194,False,False,0.0005299999999999194,False,False,0.0005299999999999194,,0,,-1,-1,-1,0,-1,-1,pullback_range,1,0.5732,0.57038,153,155,0.5732,0.57038,,152,0.5732,,2,0.55938,,1,0.5732,0.55938,SEEK_BREAKOUT,CONFIRMED,0,,,152
2025-11-28 12:45:00+00:00,0.57091,0.57107,0.57075,0.5709,5760,1.0000000000065512e-05,0.00031999999999998696,0.00015999999999993797,0.00014999999999998348,-1,0.57091,0.031250000000206,pinbar,0,False,False,False,0.0005299999999999194,False,False,0.0005299999999999194,False,False,0.0005299999999999194,,0,,-1,-1,-1,0,-1,-1,pullback_range,1,0.5732,0.57038,153,155,0.5732,0.57038,,152,0.5732,,2,0.55938,,1,0.5732,0.55938,SEEK_BREAKOUT,CONFIRMED,0,,,152
2025-11-28 13:00:00+00:00,0.57092,0.5714,0.57083,0.57122,5775,0.00029999999999996696,0.0005700000000000705,0.000180000000000069,9.00000000000345e-05,1,0.571115,0.5263157894735612,normal,0,False,False,True,0.0005299999999999194,False,True,0.0005299999999999194,False,True,0.0005299999999999194,,0,,-1,-1,-1,0,-1,-1,pullback_range,1,0.5732,0.57038,153,155,0.5732,0.57038,,152,0.5732,,2,0.55938,,1,0.5732,0.55938,SEEK_BREAKOUT,CONFIRMED,0,,,152
2025-11-28 13:15:00+00:00,0.57124,0.57144,0.57109,0.57138,4566,0.000140000000000029,0.00034999999999996145,5.999999999994898e-05,0.00014999999999998348,1,0.5712649999999999,0.40000000000012687,normal,0,False,False,True,0.0005299999999999194,False,True,0.0005299999999999194,False,True,0.0005299999999999194,,0,,-1,-1,-1,0,-1,-1,pullback_range,1,0.5732,0.57038,153,155,0.5732,0.57038,,152,0.5732,,2,0.55938,,1,0.5732,0.55938,SEEK_BREAKOUT,CONFIRMED,0,,,152
2025-11-28 13:30:00+00:00,0.57138,0.57184,0.57138,0.57176,3757,0.00038000000000004697,0.00046000000000001595,7.999999999996898e-05,0.0,1,0.57161,0.8260869565218126,maru,0,True,True,True,0.0005299999999999194,True,True,0.0005299999999999194,True,True,0.0005299999999999194,continuous,1,SUCCESS,292,294,-1,0,-1,-1,pullback_range,1,0.5732,0.57038,153,155,0.5732,0.57038,,152,0.5732,,2,0.55938,,1,0.5732,0.55938,SEEK_BREAKOUT,CONFIRMED,0,,,152
2025-11-28 13:45:00+00:00,0.57174,0.57211,0.57168,0.57204,2251,0.00029999999999996696,0.00043000000000004146,7.00000000000145e-05,6.0000000000060005e-05,1,0.571895,0.6976744186045071,maru,0,False,True,True,0.00046000000000001595,True,True,0.0005299999999999194,True,True,0.0005299999999999194,one_maru_continuous,1,SUCCESS,294,295,-1,1,297,2,pullback_range,1,0.5732,0.57038,153,155,0.5732,0.57038,,152,0.5732,,2,0.55938,,1,0.5732,0.55938,SEEK_BREAKOUT,CONFIRMED,0,,,152
2025-11-28 14:00:00+00:00,0.57204,0.57244,0.57194,0.5724,1984,0.00036000000000002697,0.0004999999999999449,3.999999999992898e-05,9.999999999998899e-05,1,0.57219,0.7200000000001332,maru,0,True,True,True,0.00046000000000001595,True,True,0.00046000000000001595,True,True,0.0005299999999999194,one_maru_continuous,1,SUCCESS,295,296,-1,1,298,2,pullback_range,1,0.5732,0.57038,153,155,0.5732,0.57038,,152,0.5732,,2,0.55938,,1,0.5732,0.55938,SEEK_BREAKOUT,CONFIRMED,0,,,152
2025-11-28 14:15:00+00:00,0.57239,0.57246,0.5719,0.57196,620,0.00042999999999993044,0.0005600000000000049,7.00000000000145e-05,6.0000000000060005e-05,-1,0.5721799999999999,0.7678571428570119,maru,0,False,True,True,0.0004999999999999449,True,True,0.00046000000000001595,True,True,0.00046000000000001595,,0,,-1,-1,-1,1,299,2,pullback_range,1,0.5732,0.57038,153,155,0.5732,0.57038,,152,0.5732,,2,0.55938,,1,0.5732,0.55938,SEEK_BREAKOUT,CONFIRMED,0,,,152
2025-11-28 14:30:00+00:00,0.57199,0.57243,0.57184,0.57196,719,2.999999999997449e-05,0.0005899999999999794,0.00043999999999999595,0.00012000000000000899,-1,0.5721350000000001,0.05084745762707718,pinbar,-1,False,False,False,0.0005600000000000049,False,False,0.0004999999999999449,False,False,0.00046000000000001595,,0,,-1,-1,-1,1,300,2,pullback_range,1,0.5732,0.57038,153,155,0.5732,0.57038,,152,0.5732,,2,0.55938,,1,0.5732,0.55938,SEEK_BREAKOUT,CONFIRMED,0,,,152
2025-11-28 14:45:00+00:00,0.57194,0.57224,0.57176,0.57223,769,0.00029000000000001247,0.00047999999999992493,9.99999999995449e-06,0.00017999999999995797,1,0.5720000000000001,0.6041666666667871,normal,0,True,False,True,0.0005600000000000049,False,True,0.0005600000000000049,False,True,0.0004999999999999449,,0,,-1,-1,-1,0,-1,-1,pullback_range,1,0.5732,0.57038,153,155,0.5732,0.57038,,152,0.5732,,2,0.55938,,1,0.5732,0.55938,SEEK_BREAKOUT,CONFIRMED,0,,,152
2025-11-28 15:00:00+00:00,0.57224,0.57282,0.57214,0.57228,1014,4.0000000000040004e-05,0.0006800000000000139,0.0005399999999999849,9.999999999998899e-05,1,0.57248,0.05882352941182233,pinbar,-1,False,False,False,0.0005600000000000049,False,False,0.0005600000000000049,False,False,0.0005600000000000049,,0,,-1,-1,-1,0,-1,-1,pullback_range,1,0.5732,0.57038,153,155,0.5732,0.57038,,152,0.5732,,2,0.55938,,1,0.5732,0.55938,SEEK_BREAKOUT,CONFIRMED,0,,,152
2025-11-28 15:15:00+00:00,0.57229,0.57274,0.5722,0.57262,1283,0.0003300000000000525,0.0005399999999999849,0.00012000000000000899,8.999999999992347e-05,1,0.57247,0.6111111111112253,normal,0,False,False,True,0.0005600000000000049,False,True,0.0005600000000000049,False,True,0.0005600000000000049,,0,,-1,-1,-1,0,-1,-1,pullback_range,1,0.5732,0.57038,153,155,0.5732,0.57038,,152,0.5732,,2,0.55938,,1,0.5732,0.55938,SEEK_BREAKOUT,CONFIRMED,0,,,152
2025-11-28 15:30:00+00:00,0.57262,0.57336,0.57257,0.57312,1527,0.0004999999999999449,0.0007899999999999574,0.00024000000000001798,4.999999999999449e-05,1,0.572965,0.6329113924050277,normal,0,True,False,True,0.0005600000000000049,False,True,0.0005600000000000049,False,True,0.0005600000000000049,,0,,-1,-1,-1,1,305,3,pullback_range,1,0.57336,0.57038,153,155,0.57336,0.57038,,152,0.5732,,2,0.55938,,1,0.57336,0.55938,SEEK_BREAKOUT,CONFIRMED,0,,,152
2025-11-28 15:45:00+00:00,0.57312,0.57438,0.57312,0.57402,1324,0.0009000000000000119,0.0012600000000000389,0.00036000000000002697,0.0,1,0.57375,0.7142857142857016,maru,0,True,True,True,0.0005600000000000049,True,True,0.0005600000000000049,True,True,0.0005600000000000049,continuous,1,SUCCESS,301,303,-1,1,305,2,pullback_range,1,0.57336,0.57038,153,155,0.57336,0.57038,0.7333333333333169,152,0.5732,,2,0.55938,,1,0.57336,0.55938,SEEK_BREAKOUT,CONFIRMED,0,,,152
2025-11-28 16:00:00+00:00,0.57402,0.57407,0.57362,0.57384,1515,0.00017999999999995797,0.00044999999999995044,4.999999999999449e-05,0.00021999999999999797,-1,0.5738449999999999,0.3999999999999507,pinbar,0,False,False,False,0.0012600000000000389,False,False,0.0005600000000000049,False,False,0.0005600000000000049,,0,,-1,-1,-1,0,-1,-1,breakout,0,,,-1,-1,,,1.0,303,0.57438,CTS_ESTABLISHED,285,0.57038,BOS_CONFIRMED,2,,0.57038,SEEK_PULLBACK,EST_OR_UPD,0,,,304
2025-11-28 16:15:00+00:00,0.57382,0.57388,0.57332,0.57336,740,0.00046000000000001595,0.0005599999999998939,5.999999999994898e-05,3.999999999992898e-05,-1,0.5736,0.8214285714287555,maru,0,True,False,False,0.0012600000000000389,False,False,0.0012600000000000389,True,True,0.0005600000000000049,,0,,-1,-1,-1,1,307,2,range,1,0.57438,0.57332,305,307,0.57438,0.57332,,303,0.57438,,285,0.57038,,2,0.57438,0.57038,SEEK_PULLBACK,EST_OR_UPD,0,,,304
2025-11-28 16:30:00+00:00,0.57336,0.57357,0.57319,0.57351,751,0.00014999999999998348,0.00038000000000004697,6.0000000000060005e-05,0.00017000000000000348,1,0.57338,0.3947368421051709,pinbar,0,False,False,False,0.0012600000000000389,False,False,0.0012600000000000389,False,False,0.0012600000000000389,,0,,-1,-1,-1,1,308,2,range,1,0.57438,0.57319,305,307,0.57438,0.57319,,303,0.57438,,285,0.57038,,2,0.57438,0.57038,SEEK_PULLBACK,EST_OR_UPD,0,,,304
2025-11-28 16:45:00+00:00,0.57352,0.5737,0.57347,0.57354,630,2.0000000000020002e-05,0.00022999999999995246,0.00015999999999993797,4.999999999999449e-05,1,0.573585,0.08695652173923538,pinbar,-1,False,False,False,0.0012600000000000389,False,False,0.0012600000000000389,False,False,0.0012600000000000389,,0,,-1,-1,-1,0,-1,-1,range,1,0.57438,0.57319,305,307,0.57438,0.57319,,303,0.57438,,285,0.57038,,2,0.57438,0.57038,SEEK_PULLBACK,EST_OR_UPD,0,,,304
2025-11-28 17:00:00+00:00,0.57354,0.57366,0.57328,0.57339,558,0.0001500000000000945,0.00037999999999993594,0.00011999999999989797,0.00010999999999994348,-1,0.5734699999999999,0.3947368421055784,pinbar,0,False,False,False,0.0012600000000000389,False,False,0.0012600000000000389,False,False,0.0012600000000000389,,0,,-1,-1,-1,1,310,2,range,1,0.57438,0.57319,305,307,0.57438,0.57319,,303,0.57438,,285,0.57038,,2,0.57438,0.57038,SEEK_PULLBACK,EST_OR_UPD,0,,,304
2025-11-28 17:15:00+00:00,0.57338,0.57343,0.57321,0.57323,677,0.00014999999999998348,0.00021999999999999797,4.999999999999449e-05,2.0000000000020002e-05,-1,0.57332,0.681818181818113,maru,0,True,False,False,0.0012600000000000389,False,False,0.0012600000000000389,False,False,0.0012600000000000389,,0,,-1,-1,-1,0,-1,-1,range,1,0.57438,0.57319,305,307,0.57438,0.57319,,303,0.57438,,285,0.57038,,2,0.57438,0.57038,SEEK_PULLBACK,EST_OR_UPD,0,,,304
2025-11-28 17:30:00+00:00,0.57324,0.57346,0.57319,0.5734,502,0.000160000000000049,0.00026999999999999247,5.999999999994898e-05,4.999999999999449e-05,1,0.573325,0.5925925925927906,normal,0,False,False,False,0.0012600000000000389,False,False,0.0012600000000000389,False,False,0.0012600000000000389,,0,,-1,-1,-1,1,312,2,range,1,0.57438,0.57319,305,307,0.57438,0.57319,,303,0.57438,,285,0.57038,,2,0.57438,0.57038,SEEK_PULLBACK,EST_OR_UPD,0,,,304
2025-11-28 17:45:00+00:00,0.57338,0.57392,0.57318,0.57384,517,0.00046000000000001595,0.0007399999999999629,7.999999999996898e-05,0.00019999999999997797,1,0.57355,0.6216216216216743,normal,0,False,False,True,0.0012600000000000389,False,True,0.0012600000000000389,False,True,0.0012600000000000389,,0,,-1,-1,-1,1,313,2,range,1,0.57438,0.57318,305,307,0.57438,0.57318,,303,0.57438,,285,0.57038,,2,0.57438,0.57038,SEEK_PULLBACK,EST_OR_UPD,0,,,304
2025-11-28 18:00:00+00:00,0.57384,0.57388,0.57339,0.57346,471,0.00038000000000004697,0.0004899999999999904,3.999999999992898e-05,7.00000000000145e-05,-1,0.5736349999999999,0.7755102040817436,maru,0,True,False,False,0.0012600000000000389,False,False,0.0012600000000000389,False,False,0.0012600000000000389,,0,,-1,-1,-1,1,314,2,range,1,0.57438,0.57318,305,307,0.57438,0.57318,,303,0.57438,,285,0.57038,,2,0.57438,0.57038,SEEK_PULLBACK,EST_OR_UPD,0,,,304
2025-11-28 18:15:00+00:00,0.57346,0.57372,0.57345,0.57372,546,0.000260000000000038,0.00026999999999999247,0.0,9.99999999995449e-06,1,0.573585,0.9629629629631304,maru,0,True,False,False,0.0012600000000000389,False,False,0.0012600000000000389,False,False,0.0012600000000000389,,0,,-1,-1,-1,1,315,2,range,1,0.57438,0.57318,305,307,0.57438,0.57318,,303,0.57438,,285,0.57038,,2,0.57438,0.57038,SEEK_PULLBACK,EST_OR_UPD,0,,,304
2025-11-28 18:30:00+00:00,0.57372,0.57372,0.5735,0.57354,760,0.00017999999999995797,0.00021999999999999797,0.0,4.0000000000040004e-05,-1,0.57361,0.8181818181816347,maru,0,True,False,False,0.0012600000000000389,False,False,0.0012600000000000389,False,False,0.0012600000000000389,,0,,-1,-1,-1,1,316,2,range,1,0.57438,0.57318,305,307,0.57438,0.57318,,303,0.57438,,285,0.57038,,2,0.57438,0.57038,SEEK_PULLBACK,EST_OR_UPD,0,,,304
2025-11-28 18:45:00+00:00,0.57356,0.57368,0.57348,0.57354,918,1.999999999990898e-05,0.00019999999999997797,0.00012000000000000899,6.0000000000060005e-05,-1,0.57358,0.09999999999955592,pinbar,-1,False,False,False,0.0005599999999998939,False,False,0.0012600000000000389,False,False,0.0012600000000000389,,0,,-1,-1,-1,1,317,2,range,1,0.57438,0.57318,305,307,0.57438,0.57318,,303,0.57438,,285,0.57038,,2,0.57438,0.57038,SEEK_PULLBACK,EST_OR_UPD,0,,,304
2025-11-28 19:00:00+00:00,0.57354,0.57362,0.57353,0.57362,94,7.999999999996898e-05,9.00000000000345e-05,0.0,1.0000000000065512e-05,1,0.573575,0.8888888888882036,maru,0,True,False,False,0.0005599999999998939,False,False,0.0005599999999998939,False,False,0.0012600000000000389,,0,,-1,-1,-1,0,-1,-1,range,1,0.57438,0.57318,305,307,0.57438,0.57318,,303,0.57438,,285,0.57038,,2,0.57438,0.57038,SEEK_PULLBACK,EST_OR_UPD,0,,,304
2025-11-28 19:15:00+00:00,0.57362,0.57366,0.57356,0.57366,227,3.999999999992898e-05,9.999999999998899e-05,0.0,6.0000000000060005e-05,1,0.57361,0.3999999999993339,pinbar,1,False,False,False,0.0004899999999999904,False,False,0.0005599999999998939,False,False,0.0005599999999998939,,0,,-1,-1,-1,0,-1,-1,range,1,0.57438,0.57318,305,307,0.57438,0.57318,,303,0.57438,,285,0.57038,,2,0.57438,0.57038,SEEK_PULLBACK,EST_OR_UPD,0,,,304
2025-11-28 19:30:00+00:00,0.57366,0.5737,0.57365,0.57367,53,1.0000000000065512e-05,4.999999999999449e-05,2.999999999997449e-05,9.99999999995449e-06,1,0.5736749999999999,0.20000000000133228,pinbar,-1,False,False,False,0.0004899999999999904,False,False,0.0004899999999999904,False,False,0.0005599999999998939,,0,,-1,-1,-1,0,-1,-1,range,1,0.57438,0.57318,305,307,0.57438,0.57318,,303,0.57438,,285,0.57038,,2,0.57438,0.57038,SEEK_PULLBACK,EST_OR_UPD,0,,,304
2025-11-28 19:45:00+00:00,0.57368,0.57372,0.57365,0.57367,1309,9.99999999995449e-06,7.00000000000145e-05,4.0000000000040004e-05,2.0000000000020002e-05,-1,0.573685,0.14285714285646312,pinbar,-1,False,False,False,0.0004899999999999904,False,False,0.0004899999999999904,False,False,0.0004899999999999904,,0,,-1,-1,-1,0,-1,-1,range,1,0.57438,0.57318,305,307,0.57438,0.57318,,303,0.57438,,285,0.57038,,2,0.57438,0.57038,SEEK_PULLBACK,EST_OR_UPD,0,,,304
2025-11-28 20:00:00+00:00,0.57368,0.57384,0.5736,0.57379,1548,0.0001100000000000545,0.00024000000000001798,4.999999999999449e-05,7.999999999996898e-05,1,0.57372,0.4583333333335261,normal,0,False,False,False,0.0004899999999999904,False,False,0.0004899999999999904,False,False,0.0004899999999999904,,0,,-1,-1,-1,1,323,3,range,1,0.57438,0.57318,305,307,0.57438,0.57318,,303,0.57438,,285,0.57038,,2,0.57438,0.57038,SEEK_PULLBACK,EST_OR_UPD,0,,,304
2025-11-28 20:15:00+00:00,0.57378,0.57382,0.57373,0.57376,2302,1.999999999990898e-05,9.00000000000345e-05,4.0000000000040004e-05,3.0000000000085514e-05,-1,0.5737749999999999,0.2222222222211257,pinbar,0,False,False,False,0.0004899999999999904,False,False,0.0004899999999999904,False,False,0.0004899999999999904,,0,,-1,-1,-1,1,323,2,range,1,0.57438,0.57318,305,307,0.57438,0.57318,,303,0.57438,,285,0.57038,,2,0.57438,0.57038,SEEK_PULLBACK,EST_OR_UPD,0,,,304
2025-11-28 20:30:00+00:00,0.57375,0.57389,0.57373,0.57388,3524,0.00012999999999996348,0.000160000000000049,1.0000000000065512e-05,2.0000000000020002e-05,1,0.5738099999999999,0.8124999999995229,maru,0,True,False,False,0.0004899999999999904,False,False,0.0004899999999999904,False,False,0.0004899999999999904,,0,,-1,-1,-1,1,324,2,range,1,0.57438,0.57318,305,307,0.57438,0.57318,,303,0.57438,,285,0.57038,,2,0.57438,0.57038,SEEK_PULLBACK,EST_OR_UPD,0,,,304
2025-11-28 20:45:00+00:00,0.57388,0.57392,0.57378,0.57382,576,5.999999999994898e-05,0.000140000000000029,4.0000000000040004e-05,4.0000000000040004e-05,-1,0.57385,0.4285714285709754,normal,0,False,False,False,0.0004899999999999904,False,False,0.0004899999999999904,False,False,0.0004899999999999904,,0,,-1,-1,-1,0,-1,-1,range,1,0.57438,0.57318,305,307,0.57438,0.57318,,303,0.57438,,285,0.57038,,2,0.57438,0.57038,SEEK_PULLBACK,EST_OR_UPD,0,,,304
2025-11-28 21:00:00+00:00,0.57382,0.57392,0.57365,0.57374,987,7.999999999996898e-05,0.00026999999999999247,9.999999999998899e-05,9.00000000000345e-05,-1,0.573785,0.2962962962961897,pinbar,0,False,False,False,0.0004899999999999904,False,False,0.0004899999999999904,False,False,0.0004899999999999904,,0,,-1,-1,-1,0,-1,-1,range,1,0.57438,0.57318,305,307,0.57438,0.57318,,303,0.57438,,285,0.57038,,2,0.57438,0.57038,SEEK_PULLBACK,EST_OR_UPD,0,,,304
2025-11-28 21:15:00+00:00,0.57372,0.57378,0.57358,0.57361,2122,0.0001100000000000545,0.00019999999999997797,5.999999999994898e-05,2.999999999997449e-05,-1,0.57368,0.5500000000003331,normal,0,False,False,False,0.0004899999999999904,False,False,0.0004899999999999904,False,False,0.0004899999999999904,,0,,-1,-1,-1,0,-1,-1,range,1,0.57438,0.57318,305,307,0.57438,0.57318,,303,0.57438,,285,0.57038,,2,0.57438,0.57038,SEEK_PULLBACK,EST_OR_UPD,0,,,304
2025-11-28 21:30:00+00:00,0.5736,0.57374,0.57346,0.57364,4315,4.0000000000040004e-05,0.000280000000000058,9.999999999998899e-05,0.000140000000000029,1,0.5736,0.14285714285725615,pinbar,1,False,False,False,0.0004899999999999904,False,False,0.0004899999999999904,False,False,0.0004899999999999904,,0,,-1,-1,-1,0,-1,-1,range,1,0.57438,0.57318,305,307,0.57438,0.57318,,303,0.57438,,285,0.57038,,2,0.57438,0.57038,SEEK_PULLBACK,EST_OR_UPD,0,,,304
2025-11-28 21:45:00+00:00,0.57362,0.57372,0.57324,0.57348,7158,0.000140000000000029,0.00048000000000003595,9.999999999998899e-05,0.00024000000000001798,-1,0.57348,0.2916666666667052,pinbar,1,False,False,False,0.0004899999999999904,False,False,0.0004899999999999904,False,False,0.0004899999999999904,,0,,-1,-1,-1,0,-1,-1,range,1,0.57438,0.57318,305,307,0.57438,0.57318,,303,0.57438,,285,0.57038,,2,0.57438,0.57038,SEEK_PULLBACK,EST_OR_UPD,0,,,304
2025-11-30 22:00:00+00:00,0.57268,0.57302,0.57268,0.573,115,0.00031999999999998696,0.00034000000000000696,2.0000000000020002e-05,0.0,1,0.57285,0.9411764705881777,maru,0,True,True,True,0.0004899999999999904,True,True,0.0004899999999999904,True,True,0.0004899999999999904,,0,,-1,-1,-1,1,331,3,range,1,0.57438,0.57268,305,307,0.57438,0.57268,1.0,303,0.57438,,285,0.57038,,2,0.57438,0.57038,SEEK_PULLBACK,EST_OR_UPD,0,,,304
2025-11-30 22:15:00+00:00,0.573,0.57306,0.57278,0.57284,142,0.00015999999999993797,0.000280000000000058,6.0000000000060005e-05,6.0000000000060005e-05,-1,0.57292,0.5714285714282316,normal,0,False,False,True,0.00034000000000000696,False,True,0.0004899999999999904,False,True,0.0004899999999999904,,0,,-1,-1,-1,0,-1,-1,range,1,0.57438,0.57268,305,307,0.57438,0.57268,,303,0.57438,,285,0.57038,,2,0.57438,0.57038,SEEK_PULLBACK,EST_OR_UPD,0,,,304
2025-11-30 22:30:00+00:00,0.57284,0.5733,0.5728,0.57315,918,0.00031000000000003247,0.000500000000000056,0.00014999999999998348,4.0000000000040004e-05,1,0.5730500000000001,0.6199999999999956,normal,0,True,False,True,0.00034000000000000696,False,True,0.00034000000000000696,False,True,0.0004899999999999904,,0,,-1,-1,-1,1,333,3,range,1,0.57438,0.57268,305,307,0.57438,0.57268,,303,0.57438,,285,0.57038,,2,0.57438,0.57038,SEEK_PULLBACK,EST_OR_UPD,0,,,304
2025-11-30 22:45:00+00:00,0.57314,0.57316,0.57268,0.57276,1359,0.00037999999999993594,0.00048000000000003595,2.0000000000020002e-05,8.000000000008001e-05,-1,0.57292,0.7916666666664739,maru,0,True,True,True,0.00034000000000000696,True,True,0.00034000000000000696,True,True,0.00034000000000000696,,0,,-1,-1,-1,1,333,2,range,1,0.57438,0.57268,305,307,0.57438,0.57268,,303,0.57438,,285,0.57038,,2,0.57438,0.57038,SEEK_PULLBACK,EST_OR_UPD,0,,,304
2025-11-30 23:00:00+00:00,0.57273,0.5738,0.57273,0.57376,426,0.0010300000000000864,0.0010700000000000154,3.999999999992898e-05,0.0,1,0.5732649999999999,0.9626168224299735,maru,0,True,True,True,0.00048000000000003595,True,True,0.00034000000000000696,True,True,0.00034000000000000696,,0,,-1,-1,-1,1,334,2,range,1,0.57438,0.57268,305,307,0.57438,0.57268,,303,0.57438,,285,0.57038,,2,0.57438,0.57038,SEEK_PULLBACK,EST_OR_UPD,0,,,304
2025-11-30 23:15:00+00:00,0.57374,0.57394,0.5731,0.57313,376,0.0006099999999999994,0.0008399999999999519,0.00019999999999997797,2.999999999997449e-05,-1,0.57352,0.7261904761905171,maru,0,True,True,True,0.0010700000000000154,True,True,0.00048000000000003595,True,True,0.00034000000000000696,,0,,-1,-1,-1,1,335,2,range,1,0.57438,0.57268,305,307,0.57438,0.57268,,303,0.57438,,285,0.57038,,2,0.57438,0.57038,SEEK_PULLBACK,EST_OR_UPD,0,,,304
2025-11-30 23:30:00+00:00,0.57313,0.57331,0.5729,0.5732,313,7.00000000000145e-05,0.00041000000000002146,0.00010999999999994348,0.0002300000000000635,1,0.573105,0.17073170731709958,pinbar,1,False,False,False,0.0010700000000000154,False,False,0.0010700000000000154,False,False,0.00048000000000003595,,0,,-1,-1,-1,1,336,2,range,1,0.57438,0.57268,305,307,0.57438,0.57268,,303,0.57438,,285,0.57038,,2,0.57438,0.57038,SEEK_PULLBACK,EST_OR_UPD,0,,,304
2025-11-30 23:45:00+00:00,0.5732,0.57362,0.5732,0.5736,328,0.00039999999999995595,0.00041999999999997595,2.0000000000020002e-05,0.0,1,0.57341,0.952380952380902,maru,0,True,False,False,0.0010700000000000154,False,False,0.0010700000000000154,False,False,0.0010700000000000154,,0,,-1,-1,-1,1,337,2,range,1,0.57438,0.57268,305,307,0.57438,0.57268,,303,0.57438,,285,0.57038,,2,0.57438,0.57038,SEEK_PULLBACK,EST_OR_UPD,0,,,304
2025-12-01 00:00:00+00:00,0.57362,0.57371,0.57315,0.5733,882,0.00031999999999998696,0.0005600000000000049,9.00000000000345e-05,0.00014999999999998348,-1,0.5734300000000001,0.5714285714285431,normal,0,False,False,True,0.0010700000000000154,False,True,0.0010700000000000154,False,True,0.0010700000000000154,,0,,-1,-1,-1,1,338,2,range,1,0.57438,0.57268,305,307,0.57438,0.57268,,303,0.57438,,285,0.57038,,2,0.57438,0.57038,SEEK_PULLBACK,EST_OR_UPD,0,,,304
2025-12-01 00:15:00+00:00,0.57331,0.5736,0.57331,0.57356,607,0.00024999999999997247,0.00029000000000001247,4.0000000000040004e-05,0.0,1,0.573455,0.8620689655171093,maru,0,True,False,False,0.0010700000000000154,False,False,0.0010700000000000154,False,False,0.0010700000000000154,,0,,-1,-1,-1,0,-1,-1,range,1,0.57438,0.57268,305,307,0.57438,0.57268,,303,0.57438,,285,0.57038,,2,0.57438,0.57038,SEEK_PULLBACK,EST_OR_UPD,0,,,304
2025-12-01 00:30:00+00:00,0.57353,0.57376,0.57326,0.57342,852,0.00010999999999994348,0.000500000000000056,0.0002300000000000635,0.000160000000000049,-1,0.57351,0.21999999999986233,pinbar,0,False,False,False,0.0010700000000000154,False,False,0.0010700000000000154,False,False,0.0010700000000000154,,0,,-1,-1,-1,0,-1,-1,range,1,0.57438,0.57268,305,307,0.57438,0.57268,,303,0.57438,,285,0.57038,,2,0.57438,0.57038,SEEK_PULLBACK,EST_OR_UPD,0,,,304
2025-12-01 00:45:00+00:00,0.57342,0.57346,0.57301,0.57322,974,0.000200000000000089,0.00044999999999995044,3.999999999992898e-05,0.00020999999999993246,-1,0.5732349999999999,0.44444444444469117,normal,0,False,False,False,0.0010700000000000154,False,False,0.0010700000000000154,False,False,0.0010700000000000154,,0,,-1,-1,-1,0,-1,-1,range,1,0.57438,0.57268,305,307,0.57438,0.57268,,303,0.57438,,285,0.57038,,2,0.57438,0.57038,SEEK_PULLBACK,EST_OR_UPD,0,,,304
2025-12-01 01:00:00+00:00,0.57321,0.57391,0.57303,0.5738,1689,0.0005899999999999794,0.0008799999999999919,0.0001100000000000545,0.00017999999999995797,1,0.57347,0.6704545454545282,maru,0,False,True,True,0.0010700000000000154,True,True,0.0010700000000000154,True,True,0.0010700000000000154,,0,,-1,-1,-1,1,343,3,range,1,0.57438,0.57268,305,307,0.57438,0.57268,,303,0.57438,,285,0.57038,,2,0.57438,0.57038,SEEK_PULLBACK,EST_OR_UPD,0,,,304
2025-12-01 01:15:00+00:00,0.57378,0.57444,0.57371,0.5742,1115,0.00042000000000008697,0.0007299999999998974,0.00023999999999990695,6.999999999990347e-05,1,0.574075,0.5753424657536247,normal,0,True,False,True,0.0010700000000000154,False,True,0.0010700000000000154,False,True,0.0010700000000000154,one_maru_continuous,1,SUCCESS,340,341,-1,1,343,2,range,1,0.57444,0.57268,305,307,0.57444,0.57268,,303,0.57438,,285,0.57038,,2,0.57444,0.57038,SEEK_PULLBACK,EST_OR_UPD,0,,,304
2025-12-01 01:30:00+00:00,0.57421,0.57424,0.57376,0.57396,1223,0.00024999999999997247,0.00047999999999992493,2.999999999997449e-05,0.00019999999999997797,-1,0.5740000000000001,0.5208333333333575,normal,0,True,False,False,0.0010700000000000154,False,False,0.0010700000000000154,False,False,0.0010700000000000154,,0,,-1,-1,-1,0,-1,-1,range,1,0.57444,0.57268,305,307,0.57444,0.57268,,303,0.57438,,285,0.57038,,2,0.57444,0.57038,SEEK_PULLBACK,EST_OR_UPD,0,,,304
2025-12-01 01:45:00+00:00,0.57395,0.57428,0.57376,0.57385,913,9.999999999998899e-05,0.0005199999999999649,0.0003300000000000525,8.999999999992347e-05,-1,0.57402,0.1923076923076841,pinbar,-1,False,False,False,0.0010700000000000154,False,False,0.0010700000000000154,False,False,0.0010700000000000154,,0,,-1,-1,-1,0,-1,-1,range,1,0.57444,0.57268,305,307,0.57444,0.57268,,303,0.57438,,285,0.57038,,2,0.57444,0.57038,SEEK_PULLBACK,EST_OR_UPD,0,,,304
2025-12-01 02:00:00+00:00,0.57386,0.57386,0.57324,0.57365,1112,0.00021000000000004349,0.0006200000000000649,0.0,0.00041000000000002146,-1,0.57355,0.3387096774193895,pinbar,1,False,False,False,0.0010700000000000154,False,False,0.0010700000000000154,False,False,0.0010700000000000154,,0,,-1,-1,-1,1,346,2,range,1,0.57444,0.57268,305,307,0.57444,0.57268,,303,0.57438,,285,0.57038,,2,0.57444,0.57038,SEEK_PULLBACK,EST_OR_UPD,0,,,304
2025-12-01 02:15:00+00:00,0.57366,0.57368,0.57298,0.57317,848,0.0004899999999999904,0.0006999999999999229,2.0000000000020002e-05,0.00018999999999991246,-1,0.57333,0.7000000000000635,maru,0,True,False,True,0.0010700000000000154,False,True,0.0010700000000000154,False,True,0.0010700000000000154,,0,,-1,-1,-1,1,347,2,range,1,0.57444,0.57268,305,307,0.57444,0.57268,,303,0.57438,,285,0.57038,,2,0.57444,0.57038,SEEK_PULLBACK,EST_OR_UPD,0,,,304
2025-12-01 02:30:00+00:00,0.57318,0.57361,0.57314,0.57342,675,0.00024000000000001798,0.00046999999999997044,0.00018999999999991246,4.0000000000040004e-05,1,0.573375,0.5106382978724108,normal,0,True,False,True,0.0008799999999999919,False,False,0.0010700000000000154,False,False,0.0010700000000000154,,0,,-1,-1,-1,0,-1,-1,range,1,0.57444,0.57268,305,307,0.57444,0.57268,,303,0.57438,,285,0.57038,,2,0.57444,0.57038,SEEK_PULLBACK,EST_OR_UPD,0,,,304
2025-12-01 02:45:00+00:00,0.57345,0.57345,0.5729,0.57308,662,0.00036999999999998145,0.0005500000000000504,0.0,0.000180000000000069,-1,0.573175,0.6727272727271773,maru,0,True,False,True,0.0008799999999999919,False,True,0.0008799999999999919,False,True,0.0010700000000000154,,0,,-1,-1,-1,1,349,2,range,1,0.57444,0.57268,305,307,0.57444,0.57268,,303,0.57438,,285,0.57038,,2,0.57444,0.57038,SEEK_PULLBACK,EST_OR_UPD,0,,,304
2025-12-01 03:00:00+00:00,0.57307,0.57308,0.57256,0.57276,637,0.00030999999999992145,0.000520000000000076,1.0000000000065512e-05,0.000200000000000089,-1,0.57282,0.596153846153608,normal,0,True,False,True,0.0008799999999999919,False,True,0.0008799999999999919,False,True,0.0008799999999999919,,0,,-1,-1,-1,0,-1,-1,range,1,0.57444,0.57256,305,307,0.57444,0.57256,,303,0.57438,,285,0.57038,,2,0.57444,0.57038,SEEK_PULLBACK,EST_OR_UPD,0,,,304
2025-12-01 03:15:00+00:00,0.57278,0.57316,0.57275,0.57313,438,0.0003500000000000725,0.00041000000000002146,2.999999999997449e-05,2.999999999997449e-05,1,0.572955,0.853658536585498,maru,0,True,False,False,0.0008799999999999919,False,False,0.0008799999999999919,False,False,0.0008799999999999919,,0,,-1,-1,-1,0,-1,-1,range,1,0.57444,0.57256,305,307,0.57444,0.57256,,303,0.57438,,285,0.57038,,2,0.57444,0.57038,SEEK_PULLBACK,EST_OR_UPD,0,,,304
2025-12-01 03:30:00+00:00,0.57313,0.57316,0.57298,0.5731,295,2.999999999997449e-05,0.00017999999999995797,2.999999999997449e-05,0.00012000000000000899,-1,0.57307,0.16666666666656388,pinbar,1,False,False,False,0.0008799999999999919,False,False,0.0008799999999999919,False,False,0.0008799999999999919,,0,,-1,-1,-1,1,355,5,range,1,0.57444,0.57256,305,307,0.57444,0.57256,,303,0.57438,,285,0.57038,,2,0.57444,0.57038,SEEK_PULLBACK,EST_OR_UPD,0,,,304
2025-12-01 03:45:00+00:00,0.57312,0.57362,0.57309,0.57362,620,0.000500000000000056,0.0005300000000000304,0.0,2.999999999997449e-05,1,0.5733550000000001,0.9433962264151458,maru,0,True,False,True,0.0008799999999999919,False,True,0.0008799999999999919,False,True,0.0008799999999999919,one_maru_opposite,1,CONFIRMED,349,350,351,1,353,2,range,1,0.57444,0.57256,305,307,0.57444,0.57256,,303,0.57438,,285,0.57038,,2,0.57444,0.57038,SEEK_PULLBACK,EST_OR_UPD,0,,,304
2025-12-01 04:00:00+00:00,0.57364,0.57367,0.57318,0.57322,358,0.00042000000000008697,0.0004899999999999904,2.999999999997449e-05,3.999999999992898e-05,-1,0.5734250000000001,0.8571428571430514,maru,0,True,False,True,0.0008799999999999919,False,True,0.0008799999999999919,False,True,0.0008799999999999919,,0,,-1,-1,-1,1,354,2,range,1,0.57444,0.57256,305,307,0.57444,0.57256,,303,0.57438,,285,0.57038,,2,0.57444,0.57038,SEEK_PULLBACK,EST_OR_UPD,0,,,304
2025-12-01 04:15:00+00:00,0.57324,0.57348,0.57322,0.57346,267,0.00021999999999999797,0.000260000000000038,2.0000000000020002e-05,2.0000000000020002e-05,1,0.57335,0.8461538461537148,maru,0,True,False,False,0.0006999999999999229,False,False,0.0008799999999999919,False,False,0.0008799999999999919,,0,,-1,-1,-1,0,-1,-1,range,1,0.57444,0.57256,305,307,0.57444,0.57256,,303,0.57438,,285,0.57038,,2,0.57444,0.57038,SEEK_PULLBACK,EST_OR_UPD,0,,,304
2025-12-01 04:30:00+00:00,0.57346,0.57374,0.57338,0.57338,462,7.999999999996898e-05,0.00036000000000002697,0.000280000000000058,0.0,-1,0.5735600000000001,0.22222222222211943,pinbar,-1,False,False,False,0.0005500000000000504,False,False,0.0006999999999999229,False,False,0.0008799999999999919,,0,,-1,-1,-1,0,-1,-1,range,1,0.57444,0.57256,305,307,0.57444,0.57256,,303,0.57438,,285,0.57038,,2,0.57444,0.57038,SEEK_PULLBACK,EST_OR_UPD,0,,,304
2025-12-01 04:45:00+00:00,0.57339,0.57346,0.57314,0.57314,508,0.00024999999999997247,0.00031999999999998696,7.00000000000145e-05,0.0,-1,0.5732999999999999,0.7812499999999458,maru,0,True,False,True,0.0005500000000000504,False,True,0.0005500000000000504,False,False,0.0006999999999999229,,0,,-1,-1,-1,0,-1,-1,range,1,0.57444,0.57256,305,307,0.57444,0.57256,,303,0.57438,,285,0.57038,,2,0.57444,0.57038,SEEK_PULLBACK,EST_OR_UPD,0,,,304
2025-12-01 05:00:00+00:00,0.57314,0.5732,0.57278,0.57306,514,7.999999999996898e-05,0.00042000000000008697,6.0000000000060005e-05,0.000280000000000058,-1,0.57299,0.1904761904760772,pinbar,1,False,False,False,0.0005300000000000304,False,False,0.0005500000000000504,False,False,0.0005500000000000504,,0,,-1,-1,-1,1,359,3,range,1,0.57444,0.57256,305,307,0.57444,0.57256,,303,0.57438,,285,0.57038,,2,0.57444,0.57038,SEEK_PULLBACK,EST_OR_UPD,0,,,304
2025-12-01 05:15:00+00:00,0.57306,0.5731,0.57272,0.57286,486,0.00019999999999997797,0.00038000000000004697,4.0000000000040004e-05,0.000140000000000029,-1,0.57291,0.5263157894735612,normal,0,False,False,True,0.0005300000000000304,False,True,0.0005300000000000304,False,True,0.0005500000000000504,,0,,-1,-1,-1,1,359,2,range,1,0.57444,0.57256,305,307,0.57444,0.57256,,303,0.57438,,285,0.57038,,2,0.57444,0.57038,SEEK_PULLBACK,EST_OR_UPD,0,,,304
2025-12-01 05:30:00+00:00,0.57288,0.57292,0.5726,0.57267,557,0.00020999999999993246,0.00031999999999998696,4.0000000000040004e-05,7.00000000000145e-05,-1,0.5727599999999999,0.6562499999998157,normal,0,False,False,True,0.0005300000000000304,False,True,0.0005300000000000304,False,True,0.0005300000000000304,one_maru_continuous,-1,CONFIRMED,355,356,358,1,360,2,range,1,0.57444,0.57256,305,307,0.57444,0.57256,,303,0.57438,,285,0.57038,,2,0.57444,0.57038,SEEK_PULLBACK,EST_OR_UPD,0,,,304
2025-12-01 05:45:00+00:00,0.57267,0.57295,0.57265,0.5729,445,0.00022999999999995246,0.00029999999999996696,4.999999999999449e-05,2.0000000000020002e-05,1,0.5728,0.7666666666665927,maru,0,True,False,True,0.0005300000000000304,False,True,0.0005300000000000304,False,True,0.0005300000000000304,,0,,-1,-1,-1,1,362,3,range,1,0.57444,0.57256,305,307,0.57444,0.57256,,303,0.57438,,285,0.57038,,2,0.57444,0.57038,SEEK_PULLBACK,EST_OR_UPD,0,,,304
2025-12-01 06:00:00+00:00,0.57291,0.57298,0.57272,0.57284,569,7.00000000000145e-05,0.000260000000000038,7.00000000000145e-05,0.00012000000000000899,-1,0.5728500000000001,0.26923076923078565,pinbar,0,False,False,False,0.0005300000000000304,False,False,0.0005300000000000304,False,False,0.0005300000000000304,,0,,-1,-1,-1,1,362,2,range,1,0.57444,0.57256,305,307,0.57444,0.57256,,303,0.57438,,285,0.57038,,2,0.57444,0.57038,SEEK_PULLBACK,EST_OR_UPD,0,,,304
2025-12-01 06:15:00+00:00,0.57285,0.573,0.57281,0.57296,378,0.0001100000000000545,0.00018999999999991246,3.999999999992898e-05,3.999999999992898e-05,1,0.572905,0.5789473684216062,normal,0,False,False,False,0.0005300000000000304,False,False,0.0005300000000000304,False,False,0.0005300000000000304,,0,,-1,-1,-1,0,-1,-1,range,1,0.57444,0.57256,305,307,0.57444,0.57256,,303,0.57438,,285,0.57038,,2,0.57444,0.57038,SEEK_PULLBACK,EST_OR_UPD,0,,,304
2025-12-01 06:30:00+00:00,0.57296,0.57304,0.57283,0.57288,527,8.000000000008001e-05,0.00021000000000004349,7.999999999996898e-05,4.999999999999449e-05,-1,0.572935,0.3809523809526831,pinbar,0,False,False,False,0.0005300000000000304,False,False,0.0005300000000000304,False,False,0.0005300000000000304,,0,,-1,-1,-1,0,-1,-1,range,1,0.57444,0.57256,305,307,0.57444,0.57256,,303,0.57438,,285,0.57038,,2,0.57444,0.57038,SEEK_PULLBACK,EST_OR_UPD,0,,,304
2025-12-01 06:45:00+00:00,0.5729,0.57304,0.57278,0.57303,395,0.0001300000000000745,0.000260000000000038,9.99999999995449e-06,0.00012000000000000899,1,0.57291,0.5000000000002135,normal,0,True,False,False,0.0005300000000000304,False,False,0.0005300000000000304,False,False,0.0005300000000000304,,0,,-1,-1,-1,0,-1,-1,range,1,0.57444,0.57256,305,307,0.57444,0.57256,,303,0.57438,,285,0.57038,,2,0.57444,0.57038,SEEK_PULLBACK,EST_OR_UPD,0,,,304
2025-12-01 07:00:00+00:00,0.57305,0.57324,0.57264,0.57264,502,0.00040999999999991044,0.0005999999999999339,0.00019000000000002348,0.0,-1,0.57294,0.6833333333332593,maru,0,True,True,True,0.0005300000000000304,True,True,0.0005300000000000304,True,True,0.0005300000000000304,,0,,-1,-1,-1,0,-1,-1,range,1,0.57444,0.57256,305,307,0.57444,0.57256,,303,0.57438,,285,0.57038,,2,0.57444,0.57038,SEEK_PULLBACK,EST_OR_UPD,0,,,304
2025-12-01 07:15:00+00:00,0.57265,0.57346,0.5726,0.57342,500,0.0007700000000000484,0.0008599999999999719,3.999999999992898e-05,4.999999999999449e-05,1,0.5730299999999999,0.8953488372093878,maru,0,True,True,True,0.0005999999999999339,True,True,0.0005300000000000304,True,True,0.0005300000000000304,,0,,-1,-1,-1,1,370,5,range,1,0.57444,0.57256,305,307,0.57444,0.57256,,303,0.57438,,285,0.57038,,2,0.57444,0.57038,SEEK_PULLBACK,EST_OR_UPD,0,,,304
2025-12-01 07:30:00+00:00,0.57341,0.57373,0.57326,0.5737,590,0.00029000000000001247,0.00046999999999997044,2.999999999997449e-05,0.00014999999999998348,1,0.573495,0.61702127659581,normal,0,True,False,True,0.0008599999999999719,False,True,0.0005999999999999339,False,True,0.0005300000000000304,one_maru_continuous,1,SUCCESS,365,366,-1,1,369,3,range,1,0.57444,0.57256,305,307,0.57444,0.57256,,303,0.57438,,285,0.57038,,2,0.57444,0.57038,SEEK_PULLBACK,EST_OR_UPD,0,,,304
2025-12-01 07:45:00+00:00,0.57372,0.57406,0.57353,0.57364,872,7.999999999996898e-05,0.0005300000000000304,0.00034000000000000696,0.0001100000000000545,-1,0.573795,0.1509433962263479,pinbar,-1,False,False,False,0.0008599999999999719,False,False,0.0008599999999999719,False,False,0.0005999999999999339,,0,,-1,-1,-1,1,369,2,range,1,0.57444,0.57256,305,307,0.57444,0.57256,,303,0.57438,,285,0.57038,,2,0.57444,0.57038,SEEK_PULLBACK,EST_OR_UPD,0,,,304
2025-12-01 08:00:00+00:00,0.57364,0.574,0.5734,0.57376,1106,0.00012000000000000899,0.0005999999999999339,0.00023999999999990695,0.00024000000000001798,1,0.5737,0.200000000000037,pinbar,0,False,False,False,0.0008599999999999719,False,False,0.0008599999999999719,False,False,0.0008599999999999719,,0,,-1,-1,-1,1,371,3,range,1,0.57444,0.57256,305,307,0.57444,0.57256,,303,0.57438,,285,0.57038,,2,0.57444,0.57038,SEEK_PULLBACK,EST_OR_UPD,0,,,304
2025-12-01 08:15:00+00:00,0.57376,0.57391,0.57349,0.5736,711,0.000160000000000049,0.00041999999999997595,0.00014999999999998348,0.00010999999999994348,-1,0.5737000000000001,0.38095238095251943,pinbar,0,False,False,False,0.0008599999999999719,False,False,0.0008599999999999719,False,False,0.0008599999999999719,,0,,-1,-1,-1,1,372,3,range,1,0.57444,0.57256,305,307,0.57444,0.57256,,303,0.57438,,285,0.57038,,2,0.57444,0.57038,SEEK_PULLBACK,EST_OR_UPD,0,,,304
2025-12-01 08:30:00+00:00,0.5736,0.57366,0.57314,0.57334,932,0.000260000000000038,0.0005199999999999649,5.999999999994898e-05,0.00019999999999997797,-1,0.5733999999999999,0.5000000000001068,normal,0,False,False,True,0.0008599999999999719,False,True,0.0008599999999999719,False,True,0.0008599999999999719,,0,,-1,-1,-1,1,372,2,range,1,0.57444,0.57256,305,307,0.57444,0.57256,,303,0.57438,,285,0.57038,,2,0.57444,0.57038,SEEK_PULLBACK,EST_OR_UPD,0,,,304
2025-12-01 08:45:00+00:00,0.57334,0.57362,0.57318,0.57346,979,0.00012000000000000899,0.00043999999999999595,0.000160000000000049,0.00015999999999993797,1,0.5734,0.2727272727272957,pinbar,0,False,False,False,0.0008599999999999719,False,False,0.0008599999999999719,False,False,0.0008599999999999719,,0,,-1,-1,-1,0,-1,-1,range,1,0.57444,0.57256,305,307,0.57444,0.57256,,303,0.57438,,285,0.57038,,2,0.57444,0.57038,SEEK_PULLBACK,EST_OR_UPD,0,,,304
2025-12-01 09:00:00+00:00,0.57346,0.57374,0.57332,0.57358,1024,0.00012000000000000899,0.00041999999999997595,0.000160000000000049,0.00013999999999991797,1,0.5735300000000001,0.2857142857143235,pinbar,0,False,False,False,0.0008599999999999719,False,False,0.0008599999999999719,False,False,0.0008599999999999719,,0,,-1,-1,-1,1,376,4,range,1,0.57444,0.57256,305,307,0.57444,0.57256,,303,0.57438,,285,0.57038,,2,0.57444,0.57038,SEEK_PULLBACK,EST_OR_UPD,0,,,304
2025-12-01 09:15:00+00:00,0.57358,0.5737,0.57332,0.5737,574,0.00012000000000000899,0.00037999999999993594,0.0,0.00025999999999992696,1,0.57351,0.3157894736842874,pinbar,1,False,False,False,0.0008599999999999719,False,False,0.0008599999999999719,False,False,0.0008599999999999719,,0,,-1,-1,-1,1,376,3,range,1,0.57444,0.57256,305,307,0.57444,0.57256,,303,0.57438,,285,0.57038,,2,0.57444,0.57038,SEEK_PULLBACK,EST_OR_UPD,0,,,304
2025-12-01 09:30:00+00:00,0.5737,0.57392,0.5736,0.57386,847,0.000160000000000049,0.00031999999999998696,5.999999999994898e-05,9.999999999998899e-05,1,0.57376,0.5000000000001735,normal,0,False,False,False,0.0008599999999999719,False,False,0.0008599999999999719,False,False,0.0008599999999999719,,0,,-1,-1,-1,1,376,2,range,1,0.57444,0.57256,305,307,0.57444,0.57256,,303,0.57438,,285,0.57038,,2,0.57444,0.57038,SEEK_PULLBACK,EST_OR_UPD,0,,,304
2025-12-01 09:45:00+00:00,0.57386,0.57398,0.5737,0.57378,727,8.000000000008001e-05,0.000280000000000058,0.00012000000000000899,7.999999999996898e-05,-1,0.57384,0.2857142857145123,pinbar,0,False,False,False,0.0008599999999999719,False,False,0.0008599999999999719,False,False,0.0008599999999999719,,0,,-1,-1,-1,0,-1,-1,range,1,0.57444,0.57256,305,307,0.57444,0.57256,,303,0.57438,,285,0.57038,,2,0.57444,0.57038,SEEK_PULLBACK,EST_OR_UPD,0,,,304
2025-12-01 10:00:00+00:00,0.57378,0.57392,0.5736,0.57365,965,0.00012999999999996348,0.00031999999999998696,0.000140000000000029,4.999999999999449e-05,-1,0.57376,0.4062499999999024,normal,0,False,False,False,0.0008599999999999719,False,False,0.0008599999999999719,False,False,0.0008599999999999719,,0,,-1,-1,-1,1,381,5,range,1,0.57444,0.57256,305,307,0.57444,0.57256,,303,0.57438,,285,0.57038,,2,0.57444,0.57038,SEEK_PULLBACK,EST_OR_UPD,0,,,304
2025-12-01 10:15:00+00:00,0.57366,0.57369,0.57342,0.5736,834,5.999999999994898e-05,0.00026999999999999247,3.0000000000085514e-05,0.00017999999999995797,-1,0.573555,0.22222222222203947,pinbar,1,False,False,False,0.0008599999999999719,False,False,0.0008599999999999719,False,False,0.0008599999999999719,,0,,-1,-1,-1,1,381,4,range,1,0.57444,0.57256,305,307,0.57444,0.57256,,303,0.57438,,285,0.57038,,2,0.57444,0.57038,SEEK_PULLBACK,EST_OR_UPD,0,,,304
2025-12-01 10:30:00+00:00,0.57358,0.5736,0.57294,0.57294,779,0.0006399999999999739,0.0006599999999999939,2.0000000000020002e-05,0.0,-1,0.57327,0.9696969696969391,maru,0,True,True,True,0.0008599999999999719,True,True,0.0008599999999999719,True,True,0.0008599999999999719,,0,,-1,-1,-1,1,380,2,range,1,0.57444,0.57256,305,307,0.57444,0.57256,,303,0.57438,,285,0.57038,,2,0.57444,0.57038,SEEK_PULLBACK,EST_OR_UPD,0,,,304
2025-12-01 10:45:00+00:00,0.57294,0.5733,0.57284,0.57324,667,0.00029999999999996696,0.00046000000000001595,6.0000000000060005e-05,9.999999999998899e-05,1,0.57307,0.6521739130433838,normal,0,False,False,True,0.0008599999999999719,False,True,0.0008599999999999719,False,True,0.0008599999999999719,,0,,-1,-1,-1,0,-1,-1,range,1,0.57444,0.57256,305,307,0.57444,0.57256,,303,0.57438,,285,0.57038,,2,0.57444,0.57038,SEEK_PULLBACK,EST_OR_UPD,0,,,304
2025-12-01 11:00:00+00:00,0.57322,0.57345,0.5731,0.57315,532,6.999999999990347e-05,0.00034999999999996145,0.0002300000000000635,4.999999999999449e-05,-1,0.573275,0.19999999999974624,pinbar,-1,False,False,False,0.0008599999999999719,False,False,0.0008599999999999719,False,False,0.0008599999999999719,,0,,-1,-1,-1,0,-1,-1,range,1,0.57444,0.57256,305,307,0.57444,0.57256,,303,0.57438,,285,0.57038,,2,0.57444,0.57038,SEEK_PULLBACK,EST_OR_UPD,0,,,304
2025-12-01 11:15:00+00:00,0.57316,0.57363,0.57316,0.57362,503,0.00046000000000001595,0.00046999999999997044,9.99999999995449e-06,0.0,1,0.573395,0.9787234042554146,maru,0,True,False,True,0.0008599999999999719,False,True,0.0008599999999999719,False,True,0.0008599999999999719,,0,,-1,-1,-1,1,384,3,range,1,0.57444,0.57256,305,307,0.57444,0.57256,,303,0.57438,,285,0.57038,,2,0.57444,0.57038,SEEK_PULLBACK,EST_OR_UPD,0,,,304
2025-12-01 11:30:00+00:00,0.57364,0.57381,0.57354,0.57364,592,0.0,0.00026999999999999247,0.00017000000000000348,9.999999999998899e-05,0,0.573675,0.0,pinbar,-1,False,False,False,0.0008599999999999719,False,False,0.0008599999999999719,False,False,0.0008599999999999719,,0,,-1,-1,-1,1,384,2,range,1,0.57444,0.57256,305,307,0.57444,0.57256,,303,0.57438,,285,0.57038,,2,0.57444,0.57038,SEEK_PULLBACK,EST_OR_UPD,0,,,304
2025-12-01 11:45:00+00:00,0.57362,0.57372,0.57343,0.5737,680,7.999999999996898e-05,0.00029000000000001247,2.0000000000020002e-05,0.00019000000000002348,1,0.573575,0.27586206896539844,pinbar,1,False,False,False,0.0008599999999999719,False,False,0.0008599999999999719,False,False,0.0008599999999999719,,0,,-1,-1,-1,1,385,2,range,1,0.57444,0.57256,305,307,0.57444,0.57256,,303,0.57438,,285,0.57038,,2,0.57444,0.57038,SEEK_PULLBACK,EST_OR_UPD,0,,,304
2025-12-01 12:00:00+00:00,0.5737,0.57384,0.57332,0.5736,539,9.999999999998899e-05,0.0005199999999999649,0.000140000000000029,0.00027999999999994696,-1,0.57358,0.1923076923076841,pinbar,1,False,False,False,0.0008599999999999719,False,False,0.0008599999999999719,False,False,0.0008599999999999719,,0,,-1,-1,-1,0,-1,-1,range,1,0.57444,0.57256,305,307,0.57444,0.57256,,303,0.57438,,285,0.57038,,2,0.57444,0.57038,SEEK_PULLBACK,EST_OR_UPD,0,,,304
2025-12-01 12:15:00+00:00,0.57359,0.57384,0.57354,0.5737,747,0.00010999999999994348,0.00029999999999996696,0.000140000000000029,4.999999999999449e-05,1,0.57369,0.36666666666651865,pinbar,0,False,False,False,0.0008599999999999719,False,False,0.0008599999999999719,False,False,0.0008599999999999719,,0,,-1,-1,-1,0,-1,-1,range,1,0.57444,0.57256,305,307,0.57444,0.57256,,303,0.57438,,285,0.57038,,2,0.57444,0.57038,SEEK_PULLBACK,EST_OR_UPD,0,,,304
2025-12-01 12:30:00+00:00,0.5737,0.574,0.57364,0.57396,702,0.000260000000000038,0.00035999999999991594,3.999999999992898e-05,5.999999999994898e-05,1,0.57382,0.7222222222224963,maru,0,False,False,False,0.0008599999999999719,False,False,0.0008599999999999719,False,False,0.0008599999999999719,one_maru_opposite,1,CONFIRMED,381,382,386,0,-1,-1,range,1,0.57444,0.57256,305,307,0.57444,0.57256,,303,0.57438,,285,0.57038,,2,0.57444,0.57038,SEEK_PULLBACK,EST_OR_UPD,0,,,304
2025-12-01 12:45:00+00:00,0.57398,0.57482,0.57398,0.57479,955,0.0008099999999999774,0.0008399999999999519,2.999999999997449e-05,0.0,1,0.5744,0.9642857142857426,maru,0,True,True,True,0.0008599999999999719,True,True,0.0008599999999999719,True,True,0.0008599999999999719,,0,,-1,-1,-1,1,389,2,range,1,0.57444,0.57256,305,307,0.57444,0.57256,0.43209876543220027,387,0.57482,CTS_UPDATED,285,0.57038,,2,0.57444,0.57038,SEEK_PULLBACK,EST_OR_UPD,0,,,304
2025-12-01 13:00:00+00:00,0.5748,0.5752,0.57468,0.5747,1024,9.999999999998899e-05,0.000520000000000076,0.00040000000000006697,2.0000000000020002e-05,-1,0.57494,0.19230769230764302,pinbar,-1,False,False,False,0.0008599999999999719,False,False,0.0008599999999999719,False,False,0.0008599999999999719,,0,,-1,-1,-1,1,390,2,range,1,0.5752,0.57468,388,390,0.5752,0.57468,1.0,388,0.5752,,285,0.57038,,2,0.5752,0.57038,SEEK_PULLBACK,EST_OR_UPD,0,,,388
2025-12-01 13:15:00+00:00,0.5747,0.57471,0.57429,0.57452,841,0.00017999999999995797,0.00042000000000008697,1.0000000000065512e-05,0.0002300000000000635,-1,0.5745,0.42857142857123975,normal,0,False,False,False,0.0008599999999999719,False,False,0.0008599999999999719,False,False,0.0008599999999999719,,0,,-1,-1,-1,1,391,2,range,1,0.5752,0.57429,388,390,0.5752,0.57429,0.8888888888887518,388,0.5752,,285,0.57038,,2,0.5752,0.57038,SEEK_PULLBACK,EST_OR_UPD,0,,,388
2025-12-01 13:30:00+00:00,0.57452,0.5748,0.57426,0.57475,919,0.00022999999999995246,0.0005399999999999849,4.999999999999449e-05,0.000260000000000038,1,0.57453,0.42592592592584977,normal,0,False,False,True,0.0008599999999999719,False,True,0.0008599999999999719,False,True,0.0008599999999999719,,0,,-1,-1,-1,0,-1,-1,range,1,0.5752,0.57426,388,390,0.5752,0.57426,,388,0.5752,,285,0.57038,,2,0.5752,0.57038,SEEK_PULLBACK,EST_OR_UPD,0,,,388
2025-12-01 13:45:00+00:00,0.57474,0.5748,0.57428,0.57446,679,0.000280000000000058,0.0005199999999999649,5.999999999994898e-05,0.00017999999999995797,-1,0.57454,0.5384615384616863,normal,0,False,False,True,0.0008599999999999719,False,True,0.0008599999999999719,False,True,0.0008599999999999719,,0,,-1,-1,-1,0,-1,-1,range,1,0.5752,0.57426,388,390,0.5752,0.57426,,388,0.5752,,285,0.57038,,2,0.5752,0.57038,SEEK_PULLBACK,EST_OR_UPD,0,,,388
2025-12-01 14:00:00+00:00,0.57446,0.57453,0.5739,0.57394,847,0.0005199999999999649,0.0006300000000000194,7.00000000000145e-05,4.0000000000040004e-05,-1,0.5742149999999999,0.8253968253967443,maru,0,True,True,True,0.0008599999999999719,True,True,0.0008599999999999719,True,True,0.0008599999999999719,,0,,-1,-1,-1,1,395,3,range,1,0.5752,0.57426,388,390,0.5752,0.57426,0.6153846153846319,388,0.5752,,285,0.57038,,2,0.5752,0.57038,SEEK_PULLBACK,EST_OR_UPD,0,,,388
2025-12-01 14:15:00+00:00,0.57392,0.5741,0.57375,0.5739,777,2.0000000000020002e-05,0.0003500000000000725,0.000180000000000069,0.00014999999999998348,-1,0.573925,0.05714285714290246,pinbar,-1,False,False,False,0.0008399999999999519,False,False,0.0008599999999999719,False,False,0.0008599999999999719,one_maru_continuous,-1,SUCCESS,392,393,-1,1,395,2,pullback,1,0.5752,0.57375,388,390,0.5752,0.57375,1.0,388,0.5752,CTS_CONFIRMED,285,0.57038,,2,0.5752,0.57038,SEEK_BREAKOUT,CONFIRMED,0,,,388
2025-12-01 14:30:00+00:00,0.5739,0.5742,0.57363,0.57375,1371,0.00014999999999998348,0.0005700000000000705,0.000300000000000078,0.00012000000000000899,-1,0.573915,0.2631578947367806,pinbar,-1,False,False,False,0.0008399999999999519,False,False,0.0008399999999999519,False,False,0.0008599999999999719,,0,,-1,-1,-1,1,396,2,pullback,1,0.5752,0.57363,388,390,0.5752,0.57363,,388,0.5752,,285,0.57038,,2,0.5752,0.57038,SEEK_BREAKOUT,CONFIRMED,0,,,388
2025-12-01 14:45:00+00:00,0.57374,0.57412,0.57358,0.57409,1193,0.00034999999999996145,0.0005399999999999849,2.999999999997449e-05,0.000160000000000049,1,0.57385,0.6481481481480948,normal,0,True,False,True,0.0008399999999999519,False,True,0.0008399999999999519,False,True,0.0008399999999999519,,0,,-1,-1,-1,1,398,3,pullback,1,0.5752,0.57358,388,390,0.5752,0.57358,,388,0.5752,,285,0.57038,,2,0.5752,0.57038,SEEK_BREAKOUT,CONFIRMED,0,,,388
2025-12-01 15:00:00+00:00,0.57408,0.57446,0.57402,0.57412,1287,3.999999999992898e-05,0.00043999999999999595,0.00034000000000000696,6.0000000000060005e-05,1,0.57424,0.09090909090893035,pinbar,-1,False,False,False,0.0008399999999999519,False,False,0.0008399999999999519,False,False,0.0008399999999999519,,0,,-1,-1,-1,1,399,3,pullback_range,1,0.5752,0.57358,388,390,0.5752,0.57358,,388,0.5752,,285,0.57038,,2,0.5752,0.57038,SEEK_BREAKOUT,CONFIRMED,0,,,388
2025-12-01 15:15:00+00:00,0.57412,0.57446,0.574,0.57414,1293,2.0000000000020002e-05,0.00046000000000001595,0.00031999999999998696,0.00012000000000000899,1,0.57423,0.04347826086960719,pinbar,-1,False,False,False,0.0008399999999999519,False,False,0.0008399999999999519,False,False,0.0008399999999999519,,0,,-1,-1,-1,1,399,2,pullback_range,1,0.5752,0.57358,388,390,0.5752,0.57358,,388,0.5752,,285,0.57038,,2,0.5752,0.57038,SEEK_BREAKOUT,CONFIRMED,0,,,388
2025-12-01 15:30:00+00:00,0.57414,0.57414,0.57336,0.57366,1177,0.00048000000000003595,0.0007800000000000029,0.0,0.00029999999999996696,-1,0.57375,0.6153846153846592,normal,0,True,False,True,0.0008399999999999519,False,True,0.0008399999999999519,False,True,0.0008399999999999519,,0,,-1,-1,-1,1,400,2,pullback,1,0.5752,0.57336,388,390,0.5752,0.57336,,388,0.5752,,285,0.57038,,2,0.5752,0.57038,SEEK_BREAKOUT,CONFIRMED,0,,,388
2025-12-01 15:45:00+00:00,0.57364,0.57444,0.5736,0.57418,1144,0.0005399999999999849,0.0008399999999999519,0.00025999999999992696,4.0000000000040004e-05,1,0.57402,0.6428571428571618,normal,0,True,False,True,0.0008399999999999519,False,True,0.0008399999999999519,False,True,0.0008399999999999519,,0,,-1,-1,-1,1,401,2,pullback_range,1,0.5752,0.57336,388,390,0.5752,0.57336,,388,0.5752,,285,0.57038,,2,0.5752,0.57038,SEEK_BREAKOUT,CONFIRMED,0,,,388
2025-12-01 16:00:00+00:00,0.57418,0.57438,0.57351,0.57354,981,0.0006399999999999739,0.0008700000000000374,0.00019999999999997797,3.0000000000085514e-05,-1,0.5739449999999999,0.7356321839079843,maru,0,True,True,True,0.0008399999999999519,True,True,0.0008399999999999519,True,True,0.0008399999999999519,,0,,-1,-1,-1,1,402,2,pullback_range,1,0.5752,0.57336,388,390,0.5752,0.57336,,388,0.5752,,285,0.57038,,2,0.5752,0.57038,SEEK_BREAKOUT,CONFIRMED,0,,,388
2025-12-01 16:15:00+00:00,0.57352,0.57372,0.57346,0.57363,662,0.00010999999999994348,0.000260000000000038,9.00000000000345e-05,6.0000000000060005e-05,1,0.57359,0.42307692307664385,normal,0,False,False,False,0.0008700000000000374,False,False,0.0008399999999999519,False,False,0.0008399999999999519,one_maru_opposite,-1,SUCCESS,400,401,-1,1,403,2,pullback_range,1,0.5752,0.57336,388,390,0.5752,0.57336,,388,0.5752,,285,0.57038,,2,0.5752,0.57038,SEEK_BREAKOUT,CONFIRMED,0,,,388
2025-12-01 16:30:00+00:00,0.57365,0.57382,0.57353,0.5738,824,0.00014999999999998348,0.00029000000000001247,2.0000000000020002e-05,0.00012000000000000899,1,0.5736749999999999,0.5172413793102656,normal,0,True,False,False,0.0008700000000000374,False,False,0.0008700000000000374,False,False,0.0008399999999999519,,0,,-1,-1,-1,1,405,3,pullback_range,1,0.5752,0.57336,388,390,0.5752,0.57336,,388,0.5752,,285,0.57038,,2,0.5752,0.57038,SEEK_BREAKOUT,CONFIRMED,0,,,388
2025-12-01 16:45:00+00:00,0.5738,0.57381,0.57344,0.57352,1109,0.00027999999999994696,0.0003700000000000925,1.0000000000065512e-05,8.000000000008001e-05,-1,0.573625,0.7567567567564243,maru,0,True,False,False,0.0008700000000000374,False,False,0.0008700000000000374,False,False,0.0008700000000000374,,0,,-1,-1,-1,1,405,2,pullback_range,1,0.5752,0.57336,388,390,0.5752,0.57336,,388,0.5752,,285,0.57038,,2,0.5752,0.57038,SEEK_BREAKOUT,CONFIRMED,0,,,388
2025-12-01 17:00:00+00:00,0.57352,0.57372,0.57337,0.57348,793,4.0000000000040004e-05,0.00034999999999996145,0.00019999999999997797,0.00010999999999994348,-1,0.573545,0.11428571428584117,pinbar,-1,False,False,False,0.0008700000000000374,False,False,0.0008700000000000374,False,False,0.0008700000000000374,,0,,-1,-1,-1,1,407,3,pullback_range,1,0.5752,0.57336,388,390,0.5752,0.57336,,388,0.5752,,285,0.57038,,2,0.5752,0.57038,SEEK_BREAKOUT,CONFIRMED,0,,,388
2025-12-01 17:15:00+00:00,0.57349,0.57377,0.57339,0.57377,537,0.00027999999999994696,0.00038000000000004697,0.0,0.00010000000000010001,1,0.57358,0.7368421052629273,maru,0,True,False,False,0.0008700000000000374,False,False,0.0008700000000000374,False,False,0.0008700000000000374,,0,,-1,-1,-1,1,407,2,pullback_range,1,0.5752,0.57336,388,390,0.5752,0.57336,,388,0.5752,,285,0.57038,,2,0.5752,0.57038,SEEK_BREAKOUT,CONFIRMED,0,,,388
2025-12-01 17:30:00+00:00,0.57376,0.57402,0.57374,0.57399,653,0.00022999999999995246,0.00027999999999994696,2.999999999997449e-05,2.0000000000020002e-05,1,0.57388,0.8214285714285573,maru,0,True,False,False,0.0008700000000000374,False,False,0.0008700000000000374,False,False,0.0008700000000000374,,0,,-1,-1,-1,0,-1,-1,pullback_range,1,0.5752,0.57336,388,390,0.5752,0.57336,,388,0.5752,,285,0.57038,,2,0.5752,0.57038,SEEK_BREAKOUT,CONFIRMED,0,,,388
2025-12-01 17:45:00+00:00,0.57399,0.57399,0.5736,0.5737,460,0.00029000000000001247,0.00039000000000000146,0.0,9.999999999998899e-05,-1,0.573795,0.7435897435897728,maru,0,True,False,False,0.0008700000000000374,False,False,0.0008700000000000374,False,False,0.0008700000000000374,,0,,-1,-1,-1,0,-1,-1,pullback_range,1,0.5752,0.57336,388,390,0.5752,0.57336,,388,0.5752,,285,0.57038,,2,0.5752,0.57038,SEEK_BREAKOUT,CONFIRMED,0,,,388
2025-12-01 18:00:00+00:00,0.5737,0.5738,0.5736,0.5737,143,0.0,0.00019999999999997797,9.999999999998899e-05,9.999999999998899e-05,0,0.5737,0.0,pinbar,-1,False,False,False,0.0008700000000000374,False,False,0.0008700000000000374,False,False,0.0008700000000000374,,0,,-1,-1,-1,0,-1,-1,pullback_range,1,0.5752,0.57336,388,390,0.5752,0.57336,,388,0.5752,,285,0.57038,,2,0.5752,0.57038,SEEK_BREAKOUT,CONFIRMED,0,,,388
2025-12-01 18:15:00+00:00,0.57368,0.57369,0.57312,0.57316,410,0.0005199999999999649,0.0005700000000000705,1.0000000000065512e-05,4.0000000000040004e-05,-1,0.5734049999999999,0.9122807017542117,maru,0,True,False,True,0.0008700000000000374,False,True,0.0008700000000000374,False,True,0.0008700000000000374,,0,,-1,-1,-1,1,411,2,pullback,1,0.5752,0.57312,388,390,0.5752,0.57312,0.3846153846153682,388,0.5752,,285,0.57038,,2,0.5752,0.57038,SEEK_BREAKOUT,CONFIRMED,0,,,388
2025-12-01 18:30:00+00:00,0.57316,0.57326,0.57303,0.57326,408,9.999999999998899e-05,0.00022999999999995246,0.0,0.00012999999999996348,1,0.573145,0.43478260869569413,normal,0,False,False,False,0.0005700000000000705,False,False,0.0008700000000000374,False,False,0.0008700000000000374,,0,,-1,-1,-1,0,-1,-1,pullback,1,0.5752,0.57303,388,390,0.5752,0.57303,,388,0.5752,,285,0.57038,,2,0.5752,0.57038,SEEK_BREAKOUT,CONFIRMED,0,,,388
2025-12-01 18:45:00+00:00,0.57324,0.57324,0.57302,0.57314,292,9.999999999998899e-05,0.00021999999999999797,0.0,0.00012000000000000899,-1,0.5731299999999999,0.4545454545454087,normal,0,False,False,False,0.0005700000000000705,False,False,0.0005700000000000705,False,False,0.0008700000000000374,,0,,-1,-1,-1,0,-1,-1,pullback,1,0.5752,0.57302,388,390,0.5752,0.57302,,388,0.5752,,285,0.57038,,2,0.5752,0.57038,SEEK_BREAKOUT,CONFIRMED,0,,,388
2025-12-01 19:00:00+00:00,0.57313,0.57314,0.57282,0.57292,408,0.00021000000000004349,0.00031999999999998696,9.99999999995449e-06,9.999999999998899e-05,-1,0.57298,0.6562500000001626,normal,0,True,False,True,0.0005700000000000705,False,True,0.0005700000000000705,False,True,0.0005700000000000705,one_maru_opposite,-1,CONFIRMED,409,410,412,0,-1,-1,pullback,1,0.5752,0.57282,388,390,0.5752,0.57282,0.4761904761903251,388,0.5752,,285,0.57038,,2,0.5752,0.57038,SEEK_BREAKOUT,CONFIRMED,0,,,388
2025-12-01 19:15:00+00:00,0.57293,0.57295,0.57264,0.57274,389,0.00019000000000002348,0.00030999999999992145,1.999999999990898e-05,9.999999999998899e-05,-1,0.5727949999999999,0.6129032258066827,normal,0,True,False,True,0.0005700000000000705,False,True,0.0005700000000000705,False,True,0.0005700000000000705,,0,,-1,-1,-1,1,415,2,pullback,1,0.5752,0.57264,388,390,0.5752,0.57264,0.4210526315787321,388,0.5752,,285,0.57038,,2,0.5752,0.57038,SEEK_BREAKOUT,CONFIRMED,0,,,388
2025-12-01 19:30:00+00:00,0.57272,0.57282,0.57251,0.57254,373,0.00017999999999995797,0.00031000000000003247,9.999999999998899e-05,3.0000000000085514e-05,-1,0.572665,0.5806451612901262,normal,0,True,False,True,0.0005700000000000705,False,True,0.0005700000000000705,False,True,0.0005700000000000705,,0,,-1,-1,-1,1,416,2,pullback,1,0.5752,0.57251,388,390,0.5752,0.57251,0.5555555555556241,388,0.5752,,285,0.57038,,2,0.5752,0.57038,SEEK_BREAKOUT,CONFIRMED,0,,,388
2025-12-01 19:45:00+00:00,0.57254,0.57279,0.57254,0.57268,356,0.00013999999999991797,0.00024999999999997247,0.0001100000000000545,0.0,1,0.572665,0.5599999999997336,normal,0,True,False,False,0.0005700000000000705,False,False,0.0005700000000000705,False,False,0.0005700000000000705,,0,,-1,-1,-1,1,418,3,pullback_range,1,0.5752,0.57251,388,390,0.5752,0.57251,,388,0.5752,,285,0.57038,,2,0.5752,0.57038,SEEK_BREAKOUT,CONFIRMED,0,,,388
2025-12-01 20:00:00+00:00,0.57266,0.57278,0.57256,0.57262,336,3.999999999992898e-05,0.00021999999999999797,0.00012000000000000899,6.0000000000060005e-05,-1,0.57267,0.1818181818178607,pinbar,-1,False,False,False,0.0005700000000000705,False,False,0.0005700000000000705,False,False,0.0005700000000000705,,0,,-1,-1,-1,1,418,2,pullback_range,1,0.5752,0.57251,388,390,0.5752,0.57251,,388,0.5752,,285,0.57038,,2,0.5752,0.57038,SEEK_BREAKOUT,CONFIRMED,0,,,388
2025-12-01 20:15:00+00:00,0.57263,0.57264,0.5725,0.57252,410,0.00010999999999994348,0.000140000000000029,1.0000000000065512e-05,2.0000000000020002e-05,-1,0.57257,0.7857142857137193,maru,0,True,False,False,0.0005700000000000705,False,False,0.0005700000000000705,False,False,0.0005700000000000705,,0,,-1,-1,-1,1,421,4,pullback,1,0.5752,0.5725,388,390,0.5752,0.5725,,388,0.5752,,285,0.57038,,2,0.5752,0.57038,SEEK_BREAKOUT,CONFIRMED,0,,,388
2025-12-01 20:30:00+00:00,0.57252,0.57267,0.57246,0.57262,231,9.999999999998899e-05,0.00021000000000004349,4.999999999999449e-05,6.0000000000060005e-05,1,0.572565,0.4761904761903251,normal,0,False,False,False,0.0005700000000000705,False,False,0.0005700000000000705,False,False,0.0005700000000000705,,0,,-1,-1,-1,1,421,3,pullback,1,0.5752,0.57246,388,390,0.5752,0.57246,,388,0.5752,,285,0.57038,,2,0.5752,0.57038,SEEK_BREAKOUT,CONFIRMED,0,,,388
2025-12-01 20:45:00+00:00,0.57263,0.5728,0.5726,0.57278,309,0.00014999999999998348,0.00019999999999997797,2.0000000000020002e-05,2.999999999997449e-05,1,0.5727,0.75,maru,0,False,False,False,0.0005700000000000705,False,False,0.0005700000000000705,False,False,0.0005700000000000705,,0,,-1,-1,-1,1,421,2,pullback_range,1,0.5752,0.57246,388,390,0.5752,0.57246,,388,0.5752,,285,0.57038,,2,0.5752,0.57038,SEEK_BREAKOUT,CONFIRMED,0,,,388
2025-12-01 21:00:00+00:00,0.57275,0.57286,0.5727,0.57275,205,0.0,0.000160000000000049,0.0001100000000000545,4.999999999999449e-05,0,0.5727800000000001,0.0,pinbar,-1,False,False,False,0.0005700000000000705,False,False,0.0005700000000000705,False,False,0.0005700000000000705,,0,,-1,-1,-1,1,422,2,pullback_range,1,0.5752,0.57246,388,390,0.5752,0.57246,,388,0.5752,,285,0.57038,,2,0.5752,0.57038,SEEK_BREAKOUT,CONFIRMED,0,,,388
2025-12-01 21:15:00+00:00,0.57276,0.57276,0.57264,0.57264,136,0.00012000000000000899,0.00012000000000000899,0.0,0.0,-1,0.5727,1.0,maru,0,True,False,False,0.0005700000000000705,False,False,0.0005700000000000705,False,False,0.0005700000000000705,,0,,-1,-1,-1,1,425,4,pullback_range,1,0.5752,0.57246,388,390,0.5752,0.57246,,388,0.5752,,285,0.57038,,2,0.5752,0.57038,SEEK_BREAKOUT,CONFIRMED,0,,,388
2025-12-01 21:30:00+00:00,0.57266,0.57282,0.5726,0.5728,146,0.000140000000000029,0.00021999999999999797,2.0000000000020002e-05,5.999999999994898e-05,1,0.57271,0.636363636363774,normal,0,True,False,False,0.0005700000000000705,False,False,0.0005700000000000705,False,False,0.0005700000000000705,,0,,-1,-1,-1,1,424,2,pullback_range,1,0.5752,0.57246,388,390,0.5752,0.57246,,388,0.5752,,285,0.57038,,2,0.5752,0.57038,SEEK_BREAKOUT,CONFIRMED,0,,,388
2025-12-01 21:45:00+00:00,0.57282,0.5729,0.57278,0.5729,209,7.999999999996898e-05,0.00012000000000000899,0.0,4.0000000000040004e-05,1,0.57284,0.6666666666663583,maru,0,True,False,False,0.0005700000000000705,False,False,0.0005700000000000705,False,False,0.0005700000000000705,,0,,-1,-1,-1,0,-1,-1,pullback_range,1,0.5752,0.57246,388,390,0.5752,0.57246,,388,0.5752,,285,0.57038,,2,0.5752,0.57038,SEEK_BREAKOUT,CONFIRMED,0,,,388
2025-12-01 22:00:00+00:00,0.57244,0.57268,0.57237,0.5726,94,0.000160000000000049,0.00030999999999992145,7.999999999996898e-05,6.999999999990347e-05,1,0.572525,0.5161290322583534,normal,0,False,False,True,0.0005700000000000705,False,True,0.0005700000000000705,False,True,0.0005700000000000705,,0,,-1,-1,-1,1,426,2,pullback,1,0.5752,0.57237,388,390,0.5752,0.57237,,388,0.5752,,285,0.57038,,2,0.5752,0.57038,SEEK_BREAKOUT,CONFIRMED,0,,,388
2025-12-01 22:15:00+00:00,0.57262,0.5727,0.5725,0.57268,177,5.999999999994898e-05,0.00019999999999997797,2.0000000000020002e-05,0.00012000000000000899,1,0.5726,0.29999999999977794,pinbar,1,False,False,False,0.0005700000000000705,False,False,0.0005700000000000705,False,False,0.0005700000000000705,,0,,-1,-1,-1,1,427,2,pullback_range,1,0.5752,0.57237,388,390,0.5752,0.57237,,388,0.5752,,285,0.57038,,2,0.5752,0.57038,SEEK_BREAKOUT,CONFIRMED,0,,,388
2025-12-01 22:30:00+00:00,0.57268,0.5727,0.57254,0.57256,142,0.00012000000000000899,0.00015999999999993797,2.0000000000020002e-05,1.999999999990898e-05,-1,0.57262,0.750000000000347,maru,0,False,False,False,0.0005700000000000705,False,False,0.0005700000000000705,False,False,0.0005700000000000705,,0,,-1,-1,-1,0,-1,-1,pullback_range,1,0.5752,0.57237,388,390,0.5752,0.57237,,388,0.5752,,285,0.57038,,2,0.5752,0.57038,SEEK_BREAKOUT,CONFIRMED,0,,,388
2025-12-01 22:45:00+00:00,0.57256,0.57264,0.57252,0.57261,247,4.999999999999449e-05,0.00012000000000000899,3.0000000000085514e-05,3.999999999992898e-05,1,0.5725800000000001,0.4166666666665896,normal,0,False,False,True,0.00019999999999997797,False,False,0.0005700000000000705,False,False,0.0005700000000000705,,0,,-1,-1,-1,1,431,4,pullback_range,1,0.5752,0.57237,388,390,0.5752,0.57237,,388,0.5752,,285,0.57038,,2,0.5752,0.57038,SEEK_BREAKOUT,CONFIRMED,0,,,388
2025-12-01 23:00:00+00:00,0.57262,0.5728,0.57262,0.57276,193,0.000140000000000029,0.00017999999999995797,3.999999999992898e-05,0.0,1,0.57271,0.7777777777781204,maru,0,True,True,True,0.00019999999999997797,True,True,0.00019999999999997797,False,False,0.0005700000000000705,,0,,-1,-1,-1,1,430,2,pullback_range,1,0.5752,0.57237,388,390,0.5752,0.57237,,388,0.5752,,285,0.57038,,2,0.5752,0.57038,SEEK_BREAKOUT,CONFIRMED,0,,,388
2025-12-01 23:15:00+00:00,0.57275,0.57291,0.57262,0.57276,187,1.0000000000065512e-05,0.00029000000000001247,0.00014999999999998348,0.00012999999999996348,1,0.572765,0.03448275862091408,pinbar,-1,False,False,False,0.00019999999999997797,False,False,0.00019999999999997797,False,False,0.00019999999999997797,,0,,-1,-1,-1,0,-1,-1,pullback_range,1,0.5752,0.57237,388,390,0.5752,0.57237,,388,0.5752,,285,0.57038,,2,0.5752,0.57038,SEEK_BREAKOUT,CONFIRMED,0,,,388
2025-12-01 23:30:00+00:00,0.57276,0.57276,0.5727,0.57271,80,4.999999999999449e-05,6.0000000000060005e-05,0.0,1.0000000000065512e-05,-1,0.57273,0.8333333333324081,maru,0,True,False,False,0.00019999999999997797,False,False,0.00019999999999997797,False,False,0.00019999999999997797,,0,,-1,-1,-1,0,-1,-1,pullback_range,1,0.5752,0.57237,388,390,0.5752,0.57237,,388,0.5752,,285,0.57038,,2,0.5752,0.57038,SEEK_BREAKOUT,CONFIRMED,0,,,388
2025-12-01 23:45:00+00:00,0.5727,0.57274,0.5725,0.57253,80,0.00017000000000000348,0.00024000000000001798,4.0000000000040004e-05,2.999999999997449e-05,-1,0.57262,0.7083333333332947,maru,0,False,True,True,0.00017999999999995797,True,True,0.00019999999999997797,True,True,0.00019999999999997797,,0,,-1,-1,-1,0,-1,-1,pullback_range,1,0.5752,0.57237,388,390,0.5752,0.57237,,388,0.5752,,285,0.57038,,2,0.5752,0.57038,SEEK_BREAKOUT,CONFIRMED,0,,,388
2025-12-02 00:00:00+00:00,0.57255,0.57274,0.5725,0.57259,300,4.0000000000040004e-05,0.00024000000000001798,0.00014999999999998348,4.999999999999449e-05,1,0.57262,0.16666666666682087,pinbar,-1,False,False,False,0.00024000000000001798,False,False,0.00017999999999995797,False,False,0.00019999999999997797,,0,,-1,-1,-1,0,-1,-1,pullback_range,1,0.5752,0.57237,388,390,0.5752,0.57237,,388,0.5752,,285,0.57038,,2,0.5752,0.57038,SEEK_BREAKOUT,CONFIRMED,0,,,388
2025-12-02 00:15:00+00:00,0.5726,0.57262,0.57232,0.57236,413,0.00024000000000001798,0.00029999999999996696,2.0000000000020002e-05,3.999999999992898e-05,-1,0.57247,0.800000000000148,maru,0,True,True,True,0.00024000000000001798,True,True,0.00024000000000001798,True,True,0.00017999999999995797,double_maru,-1,CONFIRMED,430,431,433,1,438,5,pullback,1,0.5752,0.57232,388,390,0.5752,0.57232,0.04166666666693651,388,0.5752,,285,0.57038,,2,0.5752,0.57038,SEEK_BREAKOUT,CONFIRMED,0,,,388
2025-12-02 00:30:00+00:00,0.57237,0.57251,0.57216,0.57247,275,9.999999999998899e-05,0.00034999999999996145,3.999999999992898e-05,0.00021000000000004349,1,0.572335,0.2857142857142857,pinbar,1,False,False,False,0.00029999999999996696,False,False,0.00024000000000001798,False,False,0.00024000000000001798,,0,,-1,-1,-1,1,437,3,pullback,1,0.5752,0.57216,388,390,0.5752,0.57216,,388,0.5752,,285,0.57038,,2,0.5752,0.57038,SEEK_BREAKOUT,CONFIRMED,0,,,388
2025-12-02 00:45:00+00:00,0.57246,0.57246,0.5721,0.5723,415,0.00015999999999993797,0.00035999999999991594,0.0,0.00019999999999997797,-1,0.57228,0.4444444444443759,normal,0,False,False,True,0.00029999999999996696,False,True,0.00029999999999996696,False,True,0.00024000000000001798,,0,,-1,-1,-1,1,437,2,pullback,1,0.5752,0.5721,388,390,0.5752,0.5721,,388,0.5752,,285,0.57038,,2,0.5752,0.57038,SEEK_BREAKOUT,CONFIRMED,0,,,388
2025-12-02 01:00:00+00:00,0.5723,0.57236,0.57186,0.57203,502,0.00026999999999999247,0.0004999999999999449,5.999999999994898e-05,0.00017000000000000348,-1,0.57211,0.5400000000000444,normal,0,False,False,True,0.00029999999999996696,False,True,0.00029999999999996696,False,True,0.00029999999999996696,,0,,-1,-1,-1,0,-1,-1,pullback,1,0.5752,0.57186,388,390,0.5752,0.57186,0.2592592592593202,388,0.5752,,285,0.57038,,2,0.5752,0.57038,SEEK_BREAKOUT,CONFIRMED,0,,,388
2025-12-02 01:15:00+00:00,0.57201,0.57238,0.57197,0.57231,546,0.00029999999999996696,0.00041000000000002146,7.00000000000145e-05,4.0000000000040004e-05,1,0.572175,0.7317073170730518,maru,0,True,True,True,0.00029999999999996696,True,True,0.00029999999999996696,True,True,0.00029999999999996696,,0,,-1,-1,-1,0,-1,-1,pullback_range,1,0.5752,0.57186,388,390,0.5752,0.57186,,388,0.5752,,285,0.57038,,2,0.5752,0.57038,SEEK_BREAKOUT,CONFIRMED,0,,,388
2025-12-02 01:30:00+00:00,0.57232,0.5725,0.57222,0.57238,606,5.999999999994898e-05,0.000280000000000058,0.00012000000000000899,0.00010000000000010001,1,0.57236,0.2142857142854877,pinbar,0,False,False,False,0.00041000000000002146,False,False,0.00029999999999996696,False,False,0.00029999999999996696,,0,,-1,-1,-1,1,441,3,pullback_range,1,0.5752,0.57186,388,390,0.5752,0.57186,,388,0.5752,,285,0.57038,,2,0.5752,0.57038,SEEK_BREAKOUT,CONFIRMED,0,,,388
2025-12-02 01:45:00+00:00,0.57238,0.57266,0.57238,0.57265,409,0.00026999999999999247,0.00027999999999994696,9.99999999995449e-06,0.0,1,0.5725199999999999,0.9642857142858701,maru,0,True,True,True,0.00041000000000002146,True,True,0.00041000000000002146,True,True,0.00029999999999996696,continuous,1,SUCCESS,437,439,-1,1,441,2,pullback_range,1,0.5752,0.57186,388,390,0.5752,0.57186,,388,0.5752,,285,0.57038,,2,0.5752,0.57038,SEEK_BREAKOUT,CONFIRMED,0,,,388
2025-12-02 02:00:00+00:00,0.57264,0.57276,0.57244,0.57276,457,0.00012000000000000899,0.000320000000000098,0.0,0.000200000000000089,1,0.5726,0.3749999999999133,pinbar,1,False,False,False,0.00041000000000002146,False,False,0.00041000000000002146,False,False,0.00041000000000002146,,0,,-1,-1,-1,1,442,2,pullback_range,1,0.5752,0.57186,388,390,0.5752,0.57186,,388,0.5752,,285,0.57038,,2,0.5752,0.57038,SEEK_BREAKOUT,CONFIRMED,0,,,388
2025-12-02 02:15:00+00:00,0.57278,0.5728,0.57246,0.57248,374,0.00029999999999996696,0.00034000000000000696,2.0000000000020002e-05,2.0000000000020002e-05,-1,0.57263,0.8823529411763553,maru,0,True,True,True,0.00041000000000002146,True,True,0.00041000000000002146,True,True,0.00041000000000002146,,0,,-1,-1,-1,1,443,2,pullback_range,1,0.5752,0.57186,388,390,0.5752,0.57186,,388,0.5752,,285,0.57038,,2,0.5752,0.57038,SEEK_BREAKOUT,CONFIRMED,0,,,388
2025-12-02 02:30:00+00:00,0.57248,0.57262,0.57236,0.57257,378,9.00000000000345e-05,0.000260000000000038,4.999999999999449e-05,0.00012000000000000899,1,0.5724899999999999,0.34615384615392825,pinbar,0,False,False,False,0.00041000000000002146,False,False,0.00041000000000002146,False,False,0.00041000000000002146,,0,,-1,-1,-1,1,444,2,pullback_range,1,0.5752,0.57186,388,390,0.5752,0.57186,,388,0.5752,,285,0.57038,,2,0.5752,0.57038,SEEK_BREAKOUT,CONFIRMED,0,,,388
2025-12-02 02:45:00+00:00,0.5726,0.57272,0.57256,0.57266,529,5.999999999994898e-05,0.000160000000000049,6.0000000000060005e-05,4.0000000000040004e-05,1,0.57264,0.37499999999956635,pinbar,0,False,False,False,0.00041000000000002146,False,False,0.00041000000000002146,False,False,0.00041000000000002146,,0,,-1,-1,-1,1,447,4,pullback_range,1,0.5752,0.57186,388,390,0.5752,0.57186,,388,0.5752,,285,0.57038,,2,0.5752,0.57038,SEEK_BREAKOUT,CONFIRMED,0,,,388
2025-12-02 03:00:00+00:00,0.57267,0.57278,0.57256,0.57258,388,9.00000000000345e-05,0.00021999999999999797,0.00010999999999994348,2.0000000000020002e-05,-1,0.57267,0.40909090909106965,normal,0,False,False,True,0.00041000000000002146,False,True,0.00041000000000002146,False,True,0.00041000000000002146,,0,,-1,-1,-1,1,447,3,pullback_range,1,0.5752,0.57186,388,390,0.5752,0.57186,,388,0.5752,,285,0.57038,,2,0.5752,0.57038,SEEK_BREAKOUT,CONFIRMED,0,,,388
2025-12-02 03:15:00+00:00,0.5726,0.57261,0.57231,0.57236,316,0.00024000000000001798,0.00029999999999996696,9.99999999995449e-06,4.999999999999449e-05,-1,0.57246,0.800000000000148,maru,0,True,True,True,0.00041000000000002146,True,True,0.00041000000000002146,True,True,0.00041000000000002146,one_maru_opposite,-1,CONFIRMED,441,442,445,1,447,2,pullback_range,1,0.5752,0.57186,388,390,0.5752,0.57186,,388,0.5752,,285,0.57038,,2,0.5752,0.57038,SEEK_BREAKOUT,CONFIRMED,0,,,388
2025-12-02 03:30:00+00:00,0.57236,0.57247,0.57221,0.57244,353,7.999999999996898e-05,0.000260000000000038,3.0000000000085514e-05,0.00014999999999998348,1,0.5723400000000001,0.30769230769214345,pinbar,1,False,False,False,0.00041000000000002146,False,False,0.00041000000000002146,False,False,0.00041000000000002146,,0,,-1,-1,-1,1,451,5,pullback_range,1,0.5752,0.57186,388,390,0.5752,0.57186,,388,0.5752,,285,0.57038,,2,0.5752,0.57038,SEEK_BREAKOUT,CONFIRMED,0,,,388
2025-12-02 03:45:00+00:00,0.57242,0.57268,0.5724,0.5726,398,0.00017999999999995797,0.00027999999999994696,7.999999999996898e-05,2.0000000000020002e-05,1,0.57254,0.6428571428571145,normal,0,True,False,True,0.00041000000000002146,False,True,0.00041000000000002146,False,True,0.00041000000000002146,,0,,-1,-1,-1,1,449,2,pullback_range,1,0.5752,0.57186,388,390,0.5752,0.57186,,388,0.5752,,285,0.57038,,2,0.5752,0.57038,SEEK_BREAKOUT,CONFIRMED,0,,,388
2025-12-02 04:00:00+00:00,0.57261,0.57279,0.57259,0.57264,304,3.0000000000085514e-05,0.00019999999999997797,0.00014999999999998348,1.999999999990898e-05,1,0.57269,0.15000000000044408,pinbar,-1,False,False,False,0.00041000000000002146,False,False,0.00041000000000002146,False,False,0.00041000000000002146,,0,,-1,-1,-1,1,450,2,pullback_range,1,0.5752,0.57186,388,390,0.5752,0.57186,,388,0.5752,,285,0.57038,,2,0.5752,0.57038,SEEK_BREAKOUT,CONFIRMED,0,,,388
2025-12-02 04:15:00+00:00,0.57264,0.57284,0.57258,0.57265,262,9.99999999995449e-06,0.000260000000000038,0.00019000000000002348,6.0000000000060005e-05,1,0.57271,0.0384615384613578,pinbar,-1,False,False,False,0.00041000000000002146,False,False,0.00041000000000002146,False,False,0.00041000000000002146,,0,,-1,-1,-1,1,452,3,pullback_range,1,0.5752,0.57186,388,390,0.5752,0.57186,,388,0.5752,,285,0.57038,,2,0.5752,0.57038,SEEK_BREAKOUT,CONFIRMED,0,,,388
2025-12-02 04:30:00+00:00,0.57262,0.57274,0.57247,0.57273,255,0.00010999999999994348,0.00026999999999999247,1.0000000000065512e-05,0.00014999999999998348,1,0.572605,0.40740740740720943,normal,0,False,False,True,0.00041000000000002146,False,True,0.00041000000000002146,False,True,0.00041000000000002146,,0,,-1,-1,-1,1,452,2,pullback_range,1,0.5752,0.57186,388,390,0.5752,0.57186,,388,0.5752,,285,0.57038,,2,0.5752,0.57038,SEEK_BREAKOUT,CONFIRMED,0,,,388
2025-12-02 04:45:00+00:00,0.57272,0.57274,0.57242,0.57246,301,0.000260000000000038,0.00031999999999998696,2.0000000000020002e-05,3.999999999992898e-05,-1,0.5725800000000001,0.8125000000001518,maru,0,True,True,True,0.00041000000000002146,True,True,0.00041000000000002146,True,True,0.00041000000000002146,,0,,-1,-1,-1,1,453,2,pullback_range,1,0.5752,0.57186,388,390,0.5752,0.57186,,388,0.5752,,285,0.57038,,2,0.5752,0.57038,SEEK_BREAKOUT,CONFIRMED,0,,,388
2025-12-02 05:00:00+00:00,0.57246,0.57267,0.5724,0.57264,383,0.000180000000000069,0.00026999999999999247,2.999999999997449e-05,5.999999999994898e-05,1,0.572535,0.6666666666669407,maru,0,False,False,True,0.00041000000000002146,False,True,0.00041000000000002146,False,True,0.00041000000000002146,,0,,-1,-1,-1,1,456,4,pullback_range,1,0.5752,0.57186,388,390,0.5752,0.57186,,388,0.5752,,285,0.57038,,2,0.5752,0.57038,SEEK_BREAKOUT,CONFIRMED,0,,,388
2025-12-02 05:15:00+00:00,0.57263,0.57274,0.57261,0.57262,264,9.99999999995449e-06,0.0001300000000000745,0.0001100000000000545,1.0000000000065512e-05,-1,0.572675,0.07692307692268276,pinbar,-1,False,False,False,0.00034000000000000696,False,False,0.00041000000000002146,False,False,0.00041000000000002146,,0,,-1,-1,-1,0,-1,-1,pullback_range,1,0.5752,0.57186,388,390,0.5752,0.57186,,388,0.5752,,285,0.57038,,2,0.5752,0.57038,SEEK_BREAKOUT,CONFIRMED,0,,,388
2025-12-02 05:30:00+00:00,0.57261,0.57275,0.57248,0.57273,217,0.00012000000000000899,0.00026999999999999247,2.0000000000020002e-05,0.00012999999999996348,1,0.572615,0.4444444444444901,normal,0,False,False,True,0.00034000000000000696,False,True,0.00034000000000000696,False,True,0.00041000000000002146,,0,,-1,-1,-1,1,456,2,pullback_range,1,0.5752,0.57186,388,390,0.5752,0.57186,,388,0.5752,,285,0.57038,,2,0.5752,0.57038,SEEK_BREAKOUT,CONFIRMED,0,,,388
2025-12-02 05:45:00+00:00,0.57274,0.57292,0.57274,0.57286,108,0.00012000000000000899,0.00017999999999995797,5.999999999994898e-05,0.0,1,0.57283,0.6666666666668722,maru,0,True,False,True,0.00034000000000000696,False,True,0.00034000000000000696,False,True,0.00034000000000000696,one_maru_opposite,1,CONFIRMED,452,453,455,1,459,4,pullback_range,1,0.5752,0.57186,388,390,0.5752,0.57186,,388,0.5752,,285,0.57038,,2,0.5752,0.57038,SEEK_BREAKOUT,CONFIRMED,0,,,388
2025-12-02 06:00:00+00:00,0.57285,0.57287,0.57256,0.57258,201,0.00026999999999999247,0.00031000000000003247,2.0000000000020002e-05,2.0000000000020002e-05,-1,0.572715,0.8709677419353683,maru,0,True,True,True,0.00034000000000000696,True,True,0.00034000000000000696,True,True,0.00034000000000000696,,0,,-1,-1,-1,1,459,3,pullback_range,1,0.5752,0.57186,388,390,0.5752,0.57186,,388,0.5752,,285,0.57038,,2,0.5752,0.57038,SEEK_BREAKOUT,CONFIRMED,0,,,388
2025-12-02 06:15:00+00:00,0.57257,0.57276,0.57246,0.5726,362,2.999999999997449e-05,0.000300000000000078,0.000160000000000049,0.0001100000000000545,1,0.5726100000000001,0.09999999999988898,pinbar,-1,False,False,False,0.00031999999999998696,False,False,0.00034000000000000696,False,False,0.00034000000000000696,,0,,-1,-1,-1,0,-1,-1,pullback_range,1,0.5752,0.57186,388,390,0.5752,0.57186,,388,0.5752,,285,0.57038,,2,0.5752,0.57038,SEEK_BREAKOUT,CONFIRMED,0,,,388
2025-12-02 06:30:00+00:00,0.57261,0.57276,0.57241,0.57255,410,5.999999999994898e-05,0.0003500000000000725,0.0001500000000000945,0.000140000000000029,-1,0.572585,0.17142857142839016,pinbar,0,False,False,False,0.00031999999999998696,False,False,0.00031999999999998696,False,False,0.00034000000000000696,,0,,-1,-1,-1,0,-1,-1,pullback_range,1,0.5752,0.57186,388,390,0.5752,0.57186,,388,0.5752,,285,0.57038,,2,0.5752,0.57038,SEEK_BREAKOUT,CONFIRMED,0,,,388
2025-12-02 06:45:00+00:00,0.57258,0.57284,0.57246,0.57278,356,0.00019999999999997797,0.00038000000000004697,6.0000000000060005e-05,0.00012000000000000899,1,0.57265,0.5263157894735612,normal,0,False,False,True,0.00031999999999998696,False,True,0.00031999999999998696,False,True,0.00031999999999998696,,0,,-1,-1,-1,0,-1,-1,pullback_range,1,0.5752,0.57186,388,390,0.5752,0.57186,,388,0.5752,,285,0.57038,,2,0.5752,0.57038,SEEK_BREAKOUT,CONFIRMED,0,,,388
2025-12-02 07:00:00+00:00,0.57278,0.57296,0.57277,0.57292,436,0.000140000000000029,0.00019000000000002348,4.0000000000040004e-05,9.99999999995449e-06,1,0.572865,0.7368421052632194,maru,0,True,False,True,0.00031999999999998696,False,True,0.00031999999999998696,False,True,0.00031999999999998696,,0,,-1,-1,-1,0,-1,-1,pullback_range,1,0.5752,0.57186,388,390,0.5752,0.57186,,388,0.5752,,285,0.57038,,2,0.5752,0.57038,SEEK_BREAKOUT,CONFIRMED,0,,,388
2025-12-02 07:15:00+00:00,0.57292,0.57296,0.57269,0.57296,317,4.0000000000040004e-05,0.00026999999999999247,0.0,0.00022999999999995246,1,0.572825,0.14814814814830043,pinbar,1,False,False,False,0.00031999999999998696,False,False,0.00031999999999998696,False,False,0.00031999999999998696,,0,,-1,-1,-1,0,-1,-1,pullback_range,1,0.5752,0.57186,388,390,0.5752,0.57186,,388,0.5752,,285,0.57038,,2,0.5752,0.57038,SEEK_BREAKOUT,CONFIRMED,0,,,388
2025-12-02 07:30:00+00:00,0.57296,0.57328,0.57276,0.57304,576,7.999999999996898e-05,0.0005199999999999649,0.00024000000000001798,0.00019999999999997797,1,0.5730200000000001,0.1538461538461046,pinbar,0,False,False,False,0.00031999999999998696,False,False,0.00031999999999998696,False,False,0.00031999999999998696,,0,,-1,-1,-1,1,464,2,pullback_range,1,0.5752,0.57186,388,390,0.5752,0.57186,,388,0.5752,,285,0.57038,,2,0.5752,0.57038,SEEK_BREAKOUT,CONFIRMED,0,,,388
2025-12-02 07:45:00+00:00,0.57305,0.57316,0.57293,0.57304,433,9.99999999995449e-06,0.00022999999999995246,0.0001100000000000545,0.00010999999999994348,-1,0.573045,0.04347826086937633,pinbar,0,False,False,False,0.00031999999999998696,False,False,0.00031999999999998696,False,False,0.00031999999999998696,,0,,-1,-1,-1,1,465,2,pullback_range,1,0.5752,0.57186,388,390,0.5752,0.57186,,388,0.5752,,285,0.57038,,2,0.5752,0.57038,SEEK_BREAKOUT,CONFIRMED,0,,,388
2025-12-02 08:00:00+00:00,0.57304,0.5732,0.5729,0.57307,722,2.999999999997449e-05,0.000300000000000078,0.0001300000000000745,0.000140000000000029,1,0.5730500000000001,0.09999999999988898,pinbar,0,False,False,False,0.00031999999999998696,False,False,0.00031999999999998696,False,False,0.00031999999999998696,,0,,-1,-1,-1,0,-1,-1,pullback_range,1,0.5752,0.57186,388,390,0.5752,0.57186,,388,0.5752,,285,0.57038,,2,0.5752,0.57038,SEEK_BREAKOUT,CONFIRMED,0,,,388
2025-12-02 08:15:00+00:00,0.57308,0.57314,0.57294,0.573,458,8.000000000008001e-05,0.00019999999999997797,5.999999999994898e-05,5.999999999994898e-05,-1,0.57304,0.4000000000004441,normal,0,False,False,True,0.00031999999999998696,False,True,0.00031999999999998696,False,True,0.00031999999999998696,,0,,-1,-1,-1,0,-1,-1,pullback_range,1,0.5752,0.57186,388,390,0.5752,0.57186,,388,0.5752,,285,0.57038,,2,0.5752,0.57038,SEEK_BREAKOUT,CONFIRMED,0,,,388
2025-12-02 08:30:00+00:00,0.573,0.57303,0.57234,0.57244,412,0.0005600000000000049,0.0006900000000000794,3.0000000000085514e-05,9.999999999998899e-05,-1,0.572685,0.8115942028984644,maru,0,True,True,True,0.00031999999999998696,True,True,0.00031999999999998696,True,True,0.00031999999999998696,,0,,-1,-1,-1,1,468,2,pullback_range,1,0.5752,0.57186,388,390,0.5752,0.57186,,388,0.5752,,285,0.57038,,2,0.5752,0.57038,SEEK_BREAKOUT,CONFIRMED,0,,,388
2025-12-02 08:45:00+00:00,0.57244,0.57255,0.57224,0.57251,445,7.00000000000145e-05,0.00031000000000003247,4.0000000000040004e-05,0.00019999999999997797,1,0.572395,0.22580645161292634,pinbar,1,False,False,False,0.0006900000000000794,False,False,0.00031999999999998696,False,False,0.00031999999999998696,,0,,-1,-1,-1,0,-1,-1,pullback_range,1,0.5752,0.57186,388,390,0.5752,0.57186,,388,0.5752,,285,0.57038,,2,0.5752,0.57038,SEEK_BREAKOUT,CONFIRMED,0,,,388
2025-12-02 09:00:00+00:00,0.57249,0.57265,0.57246,0.57252,356,2.999999999997449e-05,0.00019000000000002348,0.00012999999999996348,3.0000000000085514e-05,1,0.5725549999999999,0.1578947368419515,pinbar,-1,False,False,False,0.0006900000000000794,False,False,0.0006900000000000794,False,False,0.00031999999999998696,,0,,-1,-1,-1,0,-1,-1,pullback_range,1,0.5752,0.57186,388,390,0.5752,0.57186,,388,0.5752,,285,0.57038,,2,0.5752,0.57038,SEEK_BREAKOUT,CONFIRMED,0,,,388
2025-12-02 09:15:00+00:00,0.57252,0.57256,0.57179,0.57191,520,0.0006099999999999994,0.0007699999999999374,3.999999999992898e-05,0.00012000000000000899,-1,0.572175,0.7922077922078559,maru,0,True,True,True,0.0006900000000000794,True,True,0.0006900000000000794,True,True,0.0006900000000000794,one_maru_opposite,-1,CONFIRMED,466,467,469,0,-1,-1,pullback,1,0.5752,0.57179,388,390,0.5752,0.57179,,388,0.5752,,285,0.57038,,2,0.5752,0.57038,SEEK_BREAKOUT,CONFIRMED,0,,,388
2025-12-02 09:30:00+00:00,0.5719,0.57192,0.57162,0.57176,439,0.00013999999999991797,0.00029999999999996696,2.0000000000020002e-05,0.000140000000000029,-1,0.57177,0.46666666666644463,normal,0,False,False,False,0.0007699999999999374,False,False,0.0006900000000000794,False,False,0.0006900000000000794,one_maru_continuous,-1,SUCCESS,469,470,-1,1,472,2,pullback,1,0.5752,0.57162,388,390,0.5752,0.57162,0.21428571428565765,388,0.5752,,285,0.57038,,2,0.5752,0.57038,SEEK_BREAKOUT,CONFIRMED,0,,,388
2025-12-02 09:45:00+00:00,0.57175,0.57194,0.57154,0.57177,441,2.0000000000020002e-05,0.00039999999999995595,0.00017000000000000348,0.00020999999999993246,1,0.57174,0.050000000000055514,pinbar,1,False,False,False,0.0007699999999999374,False,False,0.0007699999999999374,False,False,0.0006900000000000794,,0,,-1,-1,-1,1,476,5,pullback,1,0.5752,0.57154,388,390,0.5752,0.57154,,388,0.5752,,285,0.57038,,2,0.5752,0.57038,SEEK_BREAKOUT,CONFIRMED,0,,,388
2025-12-02 10:00:00+00:00,0.57178,0.57181,0.57156,0.5717,477,7.999999999996898e-05,0.0002500000000000835,3.0000000000085514e-05,0.000140000000000029,-1,0.571685,0.3199999999997691,pinbar,1,False,False,False,0.0007699999999999374,False,False,0.0007699999999999374,False,False,0.0007699999999999374,,0,,-1,-1,-1,1,476,4,pullback_range,1,0.5752,0.57154,388,390,0.5752,0.57154,,388,0.5752,,285,0.57038,,2,0.5752,0.57038,SEEK_BREAKOUT,CONFIRMED,0,,,388
2025-12-02 10:15:00+00:00,0.57169,0.57172,0.57119,0.57134,684,0.0003500000000000725,0.0005300000000000304,2.999999999997449e-05,0.00014999999999998348,-1,0.571455,0.6603773584906648,maru,0,True,True,True,0.0007699999999999374,True,True,0.0007699999999999374,True,True,0.0007699999999999374,,0,,-1,-1,-1,1,475,2,pullback,1,0.5752,0.57119,388,390,0.5752,0.57119,0.5714285714287074,388,0.5752,,285,0.57038,,2,0.5752,0.57038,SEEK_BREAKOUT,CONFIRMED,0,,,388
2025-12-02 10:30:00+00:00,0.57134,0.57155,0.57134,0.57146,458,0.00012000000000000899,0.00021000000000004349,9.00000000000345e-05,0.0,1,0.571445,0.5714285714284959,normal,0,True,False,False,0.0007699999999999374,False,False,0.0007699999999999374,False,False,0.0007699999999999374,,0,,-1,-1,-1,0,-1,-1,pullback_range,1,0.5752,0.57119,388,390,0.5752,0.57119,,388,0.5752,,285,0.57038,,2,0.5752,0.57038,SEEK_BREAKOUT,CONFIRMED,0,,,388
2025-12-02 10:45:00+00:00,0.57145,0.57152,0.57111,0.57133,403,0.00012000000000000899,0.00041000000000002146,7.00000000000145e-05,0.00021999999999999797,-1,0.571315,0.2926829268292749,pinbar,1,False,False,False,0.0007699999999999374,False,False,0.0007699999999999374,False,False,0.0007699999999999374,,0,,-1,-1,-1,0,-1,-1,pullback,1,0.5752,0.57111,388,390,0.5752,0.57111,,388,0.5752,,285,0.57038,,2,0.5752,0.57038,SEEK_BREAKOUT,CONFIRMED,0,,,388
2025-12-02 11:00:00+00:00,0.57132,0.57174,0.57128,0.57169,523,0.00036999999999998145,0.00046000000000001595,4.999999999999449e-05,4.0000000000040004e-05,1,0.57151,0.8043478260868883,maru,0,True,False,True,0.0007699999999999374,False,True,0.0007699999999999374,False,True,0.0007699999999999374,,0,,-1,-1,-1,1,478,2,pullback_range,1,0.5752,0.57111,388,390,0.5752,0.57111,,388,0.5752,,285,0.57038,,2,0.5752,0.57038,SEEK_BREAKOUT,CONFIRMED,0,,,388
2025-12-02 11:15:00+00:00,0.57169,0.57186,0.5715,0.5716,362,9.00000000000345e-05,0.00036000000000002697,0.00017000000000000348,9.999999999998899e-05,-1,0.57168,0.2500000000000771,pinbar,0,False,False,False,0.0007699999999999374,False,False,0.0007699999999999374,False,False,0.0007699999999999374,,0,,-1,-1,-1,1,479,2,pullback_range,1,0.5752,0.57111,388,390,0.5752,0.57111,,388,0.5752,,285,0.57038,,2,0.5752,0.57038,SEEK_BREAKOUT,CONFIRMED,0,,,388
2025-12-02 11:30:00+00:00,0.57158,0.57176,0.57154,0.57166,439,7.999999999996898e-05,0.00021999999999999797,0.00010000000000010001,3.999999999992898e-05,1,0.57165,0.363636363636226,pinbar,0,False,False,False,0.0007699999999999374,False,False,0.0007699999999999374,False,False,0.0007699999999999374,,0,,-1,-1,-1,1,480,2,pullback_range,1,0.5752,0.57111,388,390,0.5752,0.57111,,388,0.5752,,285,0.57038,,2,0.5752,0.57038,SEEK_BREAKOUT,CONFIRMED,0,,,388
2025-12-02 11:45:00+00:00,0.57167,0.57167,0.57148,0.57157,513,9.999999999998899e-05,0.00019000000000002348,0.0,9.00000000000345e-05,-1,0.5715749999999999,0.5263157894735612,normal,0,True,False,False,0.0007699999999999374,False,False,0.0007699999999999374,False,False,0.0007699999999999374,,0,,-1,-1,-1,0,-1,-1,pullback_range,1,0.5752,0.57111,388,390,0.5752,0.57111,,388,0.5752,,285,0.57038,,2,0.5752,0.57038,SEEK_BREAKOUT,CONFIRMED,0,,,388
2025-12-02 12:00:00+00:00,0.57156,0.5718,0.57154,0.57161,494,4.999999999999449e-05,0.00025999999999992696,0.00019000000000002348,1.999999999990898e-05,1,0.57167,0.19230769230772515,pinbar,-1,False,False,False,0.0007699999999999374,False,False,0.0007699999999999374,False,False,0.0007699999999999374,,0,,-1,-1,-1,0,-1,-1,pullback_range,1,0.5752,0.57111,388,390,0.5752,0.57111,,388,0.5752,,285,0.57038,,2,0.5752,0.57038,SEEK_BREAKOUT,CONFIRMED,0,,,388
2025-12-02 12:15:00+00:00,0.5716,0.57203,0.57146,0.57194,439,0.00034000000000000696,0.0005700000000000705,9.00000000000345e-05,0.000140000000000029,1,0.571745,0.5964912280701139,normal,0,False,False,True,0.0007699999999999374,False,True,0.0007699999999999374,False,True,0.0007699999999999374,,0,,-1,-1,-1,0,-1,-1,pullback_range,1,0.5752,0.57111,388,390,0.5752,0.57111,,388,0.5752,,285,0.57038,,2,0.5752,0.57038,SEEK_BREAKOUT,CONFIRMED,0,,,388
2025-12-02 12:30:00+00:00,0.57194,0.57228,0.5719,0.57222,464,0.00027999999999994696,0.00038000000000004697,6.0000000000060005e-05,4.0000000000040004e-05,1,0.57209,0.7368421052629273,maru,0,False,False,False,0.0007699999999999374,False,False,0.0007699999999999374,False,False,0.0007699999999999374,,0,,-1,-1,-1,0,-1,-1,pullback_range,1,0.5752,0.57111,388,390,0.5752,0.57111,,388,0.5752,,285,0.57038,,2,0.5752,0.57038,SEEK_BREAKOUT,CONFIRMED,0,,,388
2025-12-02 12:45:00+00:00,0.57222,0.57244,0.5722,0.57236,543,0.000140000000000029,0.00023999999999990695,7.999999999996898e-05,1.999999999990898e-05,1,0.5723199999999999,0.5833333333336803,normal,0,True,False,False,0.0007699999999999374,False,False,0.0007699999999999374,False,False,0.0007699999999999374,,0,,-1,-1,-1,1,485,2,pullback_range,1,0.5752,0.57111,388,390,0.5752,0.57111,,388,0.5752,,285,0.57038,,2,0.5752,0.57038,SEEK_BREAKOUT,CONFIRMED,0,,,388
2025-12-02 13:00:00+00:00,0.57233,0.5726,0.57222,0.57259,531,0.000260000000000038,0.00038000000000004697,9.99999999995449e-06,0.0001100000000000545,1,0.57241,0.6842105263158048,maru,0,True,False,False,0.0007699999999999374,False,False,0.0007699999999999374,False,False,0.0007699999999999374,one_maru_continuous,1,CONFIRMED,482,483,484,0,-1,-1,pullback_range,1,0.5752,0.57111,388,390,0.5752,0.57111,,388,0.5752,,285,0.57038,,2,0.5752,0.57038,SEEK_BREAKOUT,CONFIRMED,0,,,388
2025-12-02 13:15:00+00:00,0.57258,0.57264,0.5724,0.57242,589,0.00015999999999993797,0.00024000000000001798,6.0000000000060005e-05,2.0000000000020002e-05,-1,0.57252,0.6666666666663583,maru,0,True,False,False,0.0007699999999999374,False,False,0.0007699999999999374,False,False,0.0007699999999999374,,0,,-1,-1,-1,0,-1,-1,pullback_range,1,0.5752,0.57111,388,390,0.5752,0.57111,,388,0.5752,,285,0.57038,,2,0.5752,0.57038,SEEK_BREAKOUT,CONFIRMED,0,,,388
2025-12-02 13:30:00+00:00,0.57243,0.57282,0.57243,0.57275,454,0.00031999999999998696,0.00039000000000000146,7.00000000000145e-05,0.0,1,0.5726249999999999,0.8205128205127841,maru,0,True,True,True,0.0005300000000000304,False,True,0.0007699999999999374,False,True,0.0007699999999999374,,0,,-1,-1,-1,0,-1,-1,pullback_range,1,0.5752,0.57111,388,390,0.5752,0.57111,,388,0.5752,,285,0.57038,,2,0.5752,0.57038,SEEK_BREAKOUT,CONFIRMED,0,,,388
2025-12-02 13:45:00+00:00,0.57277,0.57312,0.57248,0.57312,517,0.00034999999999996145,0.0006399999999999739,0.0,0.00029000000000001247,1,0.5728,0.546874999999962,normal,0,True,False,True,0.00046000000000001595,False,True,0.0005300000000000304,False,True,0.0007699999999999374,,0,,-1,-1,-1,1,490,3,pullback_range,1,0.5752,0.57111,388,390,0.5752,0.57111,,388,0.5752,,285,0.57038,,2,0.5752,0.57038,SEEK_BREAKOUT,CONFIRMED,0,,,388
2025-12-02 14:00:00+00:00,0.57312,0.57367,0.57312,0.57344,896,0.00031999999999998696,0.0005500000000000504,0.0002300000000000635,0.0,1,0.573395,0.5818181818181047,normal,0,True,False,True,0.00046000000000001595,False,True,0.00046000000000001595,False,True,0.0005300000000000304,one_maru_continuous,1,CONFIRMED,486,487,488,1,491,3,pullback_range,1,0.5752,0.57111,388,390,0.5752,0.57111,,388,0.5752,,285,0.57038,,2,0.5752,0.57038,SEEK_BREAKOUT,CONFIRMED,0,,,388
2025-12-02 14:15:00+00:00,0.57345,0.57347,0.57318,0.5733,598,0.00014999999999998348,0.00029000000000001247,2.0000000000020002e-05,0.00012000000000000899,-1,0.5733250000000001,0.5172413793102656,normal,0,True,False,True,0.00046000000000001595,False,True,0.00046000000000001595,False,True,0.00046000000000001595,,0,,-1,-1,-1,1,491,2,pullback_range,1,0.5752,0.57111,388,390,0.5752,0.57111,,388,0.5752,,285,0.57038,,2,0.5752,0.57038,SEEK_BREAKOUT,CONFIRMED,0,,,388
2025-12-02 14:30:00+00:00,0.57331,0.57347,0.57292,0.57298,1550,0.00032999999999994145,0.0005500000000000504,0.000160000000000049,6.0000000000060005e-05,-1,0.573195,0.5999999999998386,normal,0,False,False,True,0.00046000000000001595,False,True,0.00046000000000001595,False,True,0.00046000000000001595,,0,,-1,-1,-1,1,492,2,pullback_range,1,0.5752,0.57111,388,390,0.5752,0.57111,,388,0.5752,,285,0.57038,,2,0.5752,0.57038,SEEK_BREAKOUT,CONFIRMED,0,,,388
2025-12-02 14:45:00+00:00,0.573,0.5734,0.57281,0.57334,1031,0.00034000000000000696,0.0005899999999999794,6.0000000000060005e-05,0.00018999999999991246,1,0.573105,0.5762711864407098,normal,0,False,False,True,0.00046000000000001595,False,True,0.00046000000000001595,False,True,0.00046000000000001595,,0,,-1,-1,-1,0,-1,-1,pullback_range,1,0.5752,0.57111,388,390,0.5752,0.57111,,388,0.5752,,285,0.57038,,2,0.5752,0.57038,SEEK_BREAKOUT,CONFIRMED,0,,,388
2025-12-02 15:00:00+00:00,0.57335,0.57364,0.57312,0.57313,884,0.00021999999999999797,0.000520000000000076,0.00029000000000001247,1.0000000000065512e-05,-1,0.57338,0.4230769230768574,normal,0,False,False,True,0.00046000000000001595,False,True,0.00046000000000001595,False,True,0.00046000000000001595,,0,,-1,-1,-1,1,496,4,pullback_range,1,0.5752,0.57111,388,390,0.5752,0.57111,,388,0.5752,,285,0.57038,,2,0.5752,0.57038,SEEK_BREAKOUT,CONFIRMED,0,,,388
2025-12-02 15:15:00+00:00,0.57314,0.57326,0.57256,0.57274,1051,0.00039999999999995595,0.0007000000000000339,0.00012000000000000899,0.000180000000000069,-1,0.57291,0.5714285714284808,normal,0,False,False,True,0.00046000000000001595,False,True,0.00046000000000001595,False,True,0.00046000000000001595,,0,,-1,-1,-1,1,497,4,pullback_range,1,0.5752,0.57111,388,390,0.5752,0.57111,,388,0.5752,,285,0.57038,,2,0.5752,0.57038,SEEK_BREAKOUT,CONFIRMED,0,,,388
2025-12-02 15:30:00+00:00,0.57274,0.57397,0.57274,0.57374,1237,0.0010000000000000009,0.0012299999999999534,0.00022999999999995246,0.0,1,0.5733550000000001,0.8130081300813323,maru,0,True,True,True,0.00046000000000001595,True,True,0.00046000000000001595,True,True,0.00046000000000001595,,0,,-1,-1,-1,1,496,2,pullback_range,1,0.5752,0.57111,388,390,0.5752,0.57111,,388,0.5752,,285,0.57038,,2,0.5752,0.57038,SEEK_BREAKOUT,CONFIRMED,0,,,388
2025-12-02 15:45:00+00:00,0.57372,0.57448,0.57372,0.57402,1171,0.00029999999999996696,0.0007599999999999829,0.00046000000000001595,0.0,1,0.5741,0.3947368421052286,pinbar,-1,False,False,False,0.0012299999999999534,False,False,0.00046000000000001595,False,False,0.00046000000000001595,one_maru_continuous,1,SUCCESS,494,495,-1,0,-1,-1,pullback_range,1,0.5752,0.57111,388,390,0.5752,0.57111,,388,0.5752,,285,0.57038,,2,0.5752,0.57038,SEEK_BREAKOUT,CONFIRMED,0,,,388
2025-12-02 16:00:00+00:00,0.57403,0.57406,0.57341,0.57344,1081,0.0005900000000000905,0.0006500000000000394,2.999999999997449e-05,2.999999999997449e-05,-1,0.573735,0.9076923076923917,maru,0,True,False,True,0.0012299999999999534,False,True,0.0012299999999999534,True,True,0.00046000000000001595,,0,,-1,-1,-1,0,-1,-1,pullback_range,1,0.5752,0.57111,388,390,0.5752,0.57111,,388,0.5752,,285,0.57038,,2,0.5752,0.57038,SEEK_BREAKOUT,CONFIRMED,0,,,388
2025-12-02 16:15:00+00:00,0.57342,0.57342,0.57279,0.57304,891,0.00038000000000004697,0.0006300000000000194,0.0,0.00024999999999997247,-1,0.573105,0.6031746031746591,normal,0,True,False,True,0.0012299999999999534,False,True,0.0012299999999999534,False,True,0.0012299999999999534,,0,,-1,-1,-1,1,501,4,pullback_range,1,0.5752,0.57111,388,390,0.5752,0.57111,,388,0.5752,,285,0.57038,,2,0.5752,0.57038,SEEK_BREAKOUT,CONFIRMED,0,,,388
2025-12-02 16:30:00+00:00,0.57302,0.57322,0.57284,0.57284,1017,0.00017999999999995797,0.00037999999999993594,0.00019999999999997797,0.0,-1,0.5730299999999999,0.473684210526285,normal,0,False,False,False,0.0012299999999999534,False,False,0.0012299999999999534,False,False,0.0012299999999999534,,0,,-1,-1,-1,1,501,3,pullback_range,1,0.5752,0.57111,388,390,0.5752,0.57111,,388,0.5752,,285,0.57038,,2,0.5752,0.57038,SEEK_BREAKOUT,CONFIRMED,0,,,388
2025-12-02 16:45:00+00:00,0.57284,0.57302,0.57236,0.57252,1199,0.00031999999999998696,0.0006599999999999939,0.00017999999999995797,0.000160000000000049,-1,0.5726899999999999,0.48484848484846954,normal,0,False,False,True,0.0012299999999999534,False,True,0.0012299999999999534,False,True,0.0012299999999999534,one_maru_continuous,-1,CONFIRMED,496,497,499,1,501,2,pullback_range,1,0.5752,0.57111,388,390,0.5752,0.57111,,388,0.5752,,285,0.57038,,2,0.5752,0.57038,SEEK_BREAKOUT,CONFIRMED,0,,,388
2025-12-02 17:00:00+00:00,0.5725,0.5727,0.57234,0.57246,843,4.0000000000040004e-05,0.00036000000000002697,0.00019999999999997797,0.00012000000000000899,-1,0.5725199999999999,0.11111111111121391,pinbar,-1,False,False,False,0.0012299999999999534,False,False,0.0012299999999999534,False,False,0.0012299999999999534,,0,,-1,-1,-1,0,-1,-1,pullback_range,1,0.5752,0.57111,388,390,0.5752,0.57111,,388,0.5752,,285,0.57038,,2,0.5752,0.57038,SEEK_BREAKOUT,CONFIRMED,0,,,388
2025-12-02 17:15:00+00:00,0.57246,0.57294,0.57246,0.5729,738,0.00043999999999999595,0.00048000000000003595,4.0000000000040004e-05,0.0,1,0.5727,0.9166666666665896,maru,0,True,False,False,0.0012299999999999534,False,False,0.0012299999999999534,False,False,0.0012299999999999534,,0,,-1,-1,-1,1,503,2,pullback_range,1,0.5752,0.57111,388,390,0.5752,0.57111,,388,0.5752,,285,0.57038,,2,0.5752,0.57038,SEEK_BREAKOUT,CONFIRMED,0,,,388
2025-12-02 17:30:00+00:00,0.57291,0.57328,0.57288,0.5731,736,0.00019000000000002348,0.00040000000000006697,0.00017999999999995797,3.0000000000085514e-05,1,0.57308,0.47499999999997916,normal,0,False,False,False,0.0012299999999999534,False,False,0.0012299999999999534,False,False,0.0012299999999999534,,0,,-1,-1,-1,1,505,3,pullback_range,1,0.5752,0.57111,388,390,0.5752,0.57111,,388,0.5752,,285,0.57038,,2,0.5752,0.57038,SEEK_BREAKOUT,CONFIRMED,0,,,388
2025-12-02 17:45:00+00:00,0.57308,0.57315,0.57286,0.5729,295,0.000180000000000069,0.00029000000000001247,7.00000000000145e-05,3.999999999992898e-05,-1,0.573005,0.620689655172625,normal,0,False,False,False,0.0012299999999999534,False,False,0.0012299999999999534,False,False,0.0012299999999999534,,0,,-1,-1,-1,1,505,2,pullback_range,1,0.5752,0.57111,388,390,0.5752,0.57111,,388,0.5752,,285,0.57038,,2,0.5752,0.57038,SEEK_BREAKOUT,CONFIRMED,0,,,388
2025-12-02 18:00:00+00:00,0.5729,0.57306,0.57271,0.57286,143,3.999999999992898e-05,0.00034999999999996145,0.000160000000000049,0.00014999999999998348,-1,0.5728850000000001,0.11428571428552396,pinbar,0,False,False,False,0.0012299999999999534,False,False,0.0012299999999999534,False,False,0.0012299999999999534,,0,,-1,-1,-1,1,507,3,pullback_range,1,0.5752,0.57111,388,390,0.5752,0.57111,,388,0.5752,,285,0.57038,,2,0.5752,0.57038,SEEK_BREAKOUT,CONFIRMED,0,,,388
2025-12-02 18:15:00+00:00,0.57286,0.57307,0.57282,0.57288,62,1.999999999990898e-05,0.00024999999999997247,0.00019000000000002348,4.0000000000040004e-05,1,0.572945,0.07999999999964473,pinbar,-1,False,False,False,0.0012299999999999534,False,False,0.0012299999999999534,False,False,0.0012299999999999534,,0,,-1,-1,-1,0,-1,-1,pullback_range,1,0.5752,0.57111,388,390,0.5752,0.57111,,388,0.5752,,285,0.57038,,2,0.5752,0.57038,SEEK_BREAKOUT,CONFIRMED,0,,,388
2025-12-02 18:30:00+00:00,0.5729,0.57301,0.5725,0.57258,227,0.00031999999999998696,0.0005100000000000104,0.0001100000000000545,7.999999999996898e-05,-1,0.572755,0.6274509803921184,normal,0,False,False,False,0.0012299999999999534,False,False,0.0012299999999999534,False,False,0.0012299999999999534,,0,,-1,-1,-1,0,-1,-1,pullback_range,1,0.5752,0.57111,388,390,0.5752,0.57111,,388,0.5752,,285,0.57038,,2,0.5752,0.57038,SEEK_BREAKOUT,CONFIRMED,0,,,388
2025-12-02 18:45:00+00:00,0.57256,0.5728,0.57254,0.57279,352,0.0002300000000000635,0.00025999999999992696,9.99999999995449e-06,1.999999999990898e-05,1,0.57267,0.8846153846158773,maru,0,True,False,False,0.0012299999999999534,False,False,0.0012299999999999534,False,False,0.0012299999999999534,,0,,-1,-1,-1,0,-1,-1,pullback_range,1,0.5752,0.57111,388,390,0.5752,0.57111,,388,0.5752,,285,0.57038,,2,0.5752,0.57038,SEEK_BREAKOUT,CONFIRMED,0,,,388
2025-12-02 19:00:00+00:00,0.57278,0.57318,0.57274,0.57313,97,0.0003500000000000725,0.00043999999999999595,4.999999999999449e-05,3.999999999992898e-05,1,0.57296,0.7954545454547175,maru,0,True,False,False,0.0012299999999999534,False,False,0.0012299999999999534,False,False,0.0012299999999999534,,0,,-1,-1,-1,1,510,2,pullback_range,1,0.5752,0.57111,388,390,0.5752,0.57111,,388,0.5752,,285,0.57038,,2,0.5752,0.57038,SEEK_BREAKOUT,CONFIRMED,0,,,388
2025-12-02 19:15:00+00:00,0.57315,0.57332,0.57315,0.57322,90,6.999999999990347e-05,0.00017000000000000348,0.00010000000000010001,0.0,1,0.573235,0.4117647058817767,normal,0,False,False,False,0.0012299999999999534,False,False,0.0012299999999999534,False,False,0.0012299999999999534,one_maru_continuous,1,CONFIRMED,507,508,509,0,-1,-1,pullback_range,1,0.5752,0.57111,388,390,0.5752,0.57111,,388,0.5752,,285,0.57038,,2,0.5752,0.57038,SEEK_BREAKOUT,CONFIRMED,0,,,388
2025-12-02 19:30:00+00:00,0.57324,0.57326,0.57301,0.57308,149,0.00015999999999993797,0.00024999999999997247,2.0000000000020002e-05,7.00000000000145e-05,-1,0.573135,0.6399999999998224,normal,0,True,False,False,0.0012299999999999534,False,False,0.0012299999999999534,False,False,0.0012299999999999534,,0,,-1,-1,-1,0,-1,-1,pullback_range,1,0.5752,0.57111,388,390,0.5752,0.57111,,388,0.5752,,285,0.57038,,2,0.5752,0.57038,SEEK_BREAKOUT,CONFIRMED,0,,,388
2025-12-02 19:45:00+00:00,0.57307,0.57362,0.57304,0.57342,294,0.0003500000000000725,0.0005800000000000249,0.00019999999999997797,2.999999999997449e-05,1,0.57333,0.603448275862168,normal,0,True,False,False,0.0012299999999999534,False,False,0.0012299999999999534,False,False,0.0012299999999999534,one_maru_continuous,1,CONFIRMED,508,509,511,1,513,2,pullback_range,1,0.5752,0.57111,388,390,0.5752,0.57111,,388,0.5752,,285,0.57038,,2,0.5752,0.57038,SEEK_BREAKOUT,CONFIRMED,0,,,388
2025-12-02 20:00:00+00:00,0.57345,0.57376,0.57345,0.57355,295,9.999999999998899e-05,0.00031000000000003247,0.00021000000000004349,0.0,1,0.573605,0.322580645161221,pinbar,-1,False,False,False,0.0012299999999999534,False,False,0.0012299999999999534,False,False,0.0012299999999999534,,0,,-1,-1,-1,1,514,2,pullback_range,1,0.5752,0.57111,388,390,0.5752,0.57111,,388,0.5752,,285,0.57038,,2,0.5752,0.57038,SEEK_BREAKOUT,CONFIRMED,0,,,388
2025-12-02 20:15:00+00:00,0.57354,0.57358,0.57335,0.57344,169,0.00010000000000010001,0.00022999999999995246,3.999999999992898e-05,8.999999999992347e-05,-1,0.573465,0.43478260869617685,normal,0,False,False,False,0.0012299999999999534,False,False,0.0012299999999999534,False,False,0.0012299999999999534,,0,,-1,-1,-1,1,515,2,pullback_range,1,0.5752,0.57111,388,390,0.5752,0.57111,,388,0.5752,,285,0.57038,,2,0.5752,0.57038,SEEK_BREAKOUT,CONFIRMED,0,,,388
2025-12-02 20:30:00+00:00,0.57344,0.57353,0.57336,0.5735,219,6.0000000000060005e-05,0.00017000000000000348,2.999999999997449e-05,7.999999999996898e-05,1,0.573445,0.352941176470934,pinbar,0,False,False,False,0.0012299999999999534,False,False,0.0012299999999999534,False,False,0.0012299999999999534,,0,,-1,-1,-1,1,516,2,pullback_range,1,0.5752,0.57111,388,390,0.5752,0.57111,,388,0.5752,,285,0.57038,,2,0.5752,0.57038,SEEK_BREAKOUT,CONFIRMED,0,,,388
2025-12-02 20:45:00+00:00,0.57351,0.57364,0.57351,0.57354,220,3.0000000000085514e-05,0.0001300000000000745,9.999999999998899e-05,0.0,1,0.573575,0.2307692307697563,pinbar,-1,False,False,False,0.0012299999999999534,False,False,0.0012299999999999534,False,False,0.0012299999999999534,,0,,-1,-1,-1,1,517,2,pullback_range,1,0.5752,0.57111,388,390,0.5752,0.57111,,388,0.5752,,285,0.57038,,2,0.5752,0.57038,SEEK_BREAKOUT,CONFIRMED,0,,,388
2025-12-02 21:00:00+00:00,0.57352,0.57356,0.57337,0.57344,224,8.000000000008001e-05,0.00018999999999991246,3.999999999992898e-05,6.999999999990347e-05,-1,0.573465,0.42105263157956246,normal,0,False,False,False,0.0012299999999999534,False,False,0.0012299999999999534,False,False,0.0012299999999999534,,0,,-1,-1,-1,0,-1,-1,pullback_range,1,0.5752,0.57111,388,390,0.5752,0.57111,,388,0.5752,,285,0.57038,,2,0.5752,0.57038,SEEK_BREAKOUT,CONFIRMED,0,,,388
2025-12-02 21:15:00+00:00,0.57342,0.57364,0.57338,0.57361,135,0.00018999999999991246,0.000260000000000038,3.0000000000085514e-05,4.0000000000040004e-05,1,0.57351,0.7307692307687873,maru,0,False,False,False,0.0012299999999999534,False,False,0.0012299999999999534,False,False,0.0012299999999999534,,0,,-1,-1,-1,0,-1,-1,pullback_range,1,0.5752,0.57111,388,390,0.5752,0.57111,,388,0.5752,,285,0.57038,,2,0.5752,0.57038,SEEK_BREAKOUT,CONFIRMED,0,,,388
2025-12-02 21:30:00+00:00,0.57361,0.57361,0.57338,0.57358,102,2.999999999997449e-05,0.00022999999999995246,0.0,0.00019999999999997797,-1,0.573495,0.13043478260861172,pinbar,1,False,False,False,0.0006500000000000394,False,False,0.0012299999999999534,False,False,0.0012299999999999534,,0,,-1,-1,-1,1,523,5,pullback_range,1,0.5752,0.57111,388,390,0.5752,0.57111,,388,0.5752,,285,0.57038,,2,0.5752,0.57038,SEEK_BREAKOUT,CONFIRMED,0,,,388
2025-12-02 21:45:00+00:00,0.57357,0.5739,0.57356,0.57382,228,0.00024999999999997247,0.00034000000000000696,7.999999999996898e-05,1.0000000000065512e-05,1,0.57373,0.7352941176469627,maru,0,True,False,True,0.0006500000000000394,False,True,0.0006500000000000394,False,False,0.0012299999999999534,,0,,-1,-1,-1,1,521,2,pullback_range,1,0.5752,0.57111,388,390,0.5752,0.57111,,388,0.5752,,285,0.57038,,2,0.5752,0.57038,SEEK_BREAKOUT,CONFIRMED,0,,,388
2025-12-02 22:00:00+00:00,0.57358,0.57368,0.5735,0.57368,62,9.999999999998899e-05,0.00017999999999995797,0.0,7.999999999996898e-05,1,0.57359,0.5555555555556241,normal,0,True,False,False,0.00048000000000003595,False,False,0.0006500000000000394,False,False,0.0006500000000000394,,0,,-1,-1,-1,1,522,2,pullback_range,1,0.5752,0.57111,388,390,0.5752,0.57111,,388,0.5752,,285,0.57038,,2,0.5752,0.57038,SEEK_BREAKOUT,CONFIRMED,0,,,388
2025-12-02 22:15:00+00:00,0.5737,0.57384,0.57362,0.57368,110,2.0000000000020002e-05,0.00021999999999999797,0.000140000000000029,5.999999999994898e-05,-1,0.5737300000000001,0.09090909090918266,pinbar,-1,False,False,False,0.00048000000000003595,False,False,0.00048000000000003595,False,False,0.0006500000000000394,,0,,-1,-1,-1,1,524,3,pullback_range,1,0.5752,0.57111,388,390,0.5752,0.57111,,388,0.5752,,285,0.57038,,2,0.5752,0.57038,SEEK_BREAKOUT,CONFIRMED,0,,,388
2025-12-02 22:30:00+00:00,0.57367,0.57376,0.57359,0.57366,189,1.0000000000065512e-05,0.00017000000000000348,9.00000000000345e-05,6.999999999990347e-05,-1,0.573675,0.05882352941214886,pinbar,-1,False,False,False,0.00048000000000003595,False,False,0.00048000000000003595,False,False,0.00048000000000003595,,0,,-1,-1,-1,1,524,2,pullback_range,1,0.5752,0.57111,388,390,0.5752,0.57111,,388,0.5752,,285,0.57038,,2,0.5752,0.57038,SEEK_BREAKOUT,CONFIRMED,0,,,388
2025-12-02 22:45:00+00:00,0.57366,0.57374,0.57361,0.57361,208,4.999999999999449e-05,0.0001300000000000745,8.000000000008001e-05,0.0,-1,0.5736749999999999,0.38461538461512185,pinbar,-1,False,False,False,0.00048000000000003595,False,False,0.00048000000000003595,False,False,0.00048000000000003595,,0,,-1,-1,-1,0,-1,-1,pullback_range,1,0.5752,0.57111,388,390,0.5752,0.57111,,388,0.5752,,285,0.57038,,2,0.5752,0.57038,SEEK_BREAKOUT,CONFIRMED,0,,,388
2025-12-02 23:00:00+00:00,0.57362,0.57386,0.5736,0.57369,170,7.00000000000145e-05,0.000260000000000038,0.00017000000000000348,2.0000000000020002e-05,1,0.5737300000000001,0.26923076923078565,pinbar,-1,False,False,False,0.00048000000000003595,False,False,0.00048000000000003595,False,False,0.00048000000000003595,,0,,-1,-1,-1,0,-1,-1,pullback_range,1,0.5752,0.57111,388,390,0.5752,0.57111,,388,0.5752,,285,0.57038,,2,0.5752,0.57038,SEEK_BREAKOUT,CONFIRMED,0,,,388
2025-12-02 23:15:00+00:00,0.57368,0.57399,0.57368,0.57392,240,0.00024000000000001798,0.00031000000000003247,7.00000000000145e-05,0.0,1,0.573835,0.7741935483870737,maru,0,True,False,True,0.00048000000000003595,False,True,0.00048000000000003595,False,True,0.00048000000000003595,,0,,-1,-1,-1,1,530,5,pullback_range,1,0.5752,0.57111,388,390,0.5752,0.57111,,388,0.5752,,285,0.57038,,2,0.5752,0.57038,SEEK_BREAKOUT,CONFIRMED,0,,,388
2025-12-02 23:30:00+00:00,0.57392,0.57405,0.57388,0.57405,123,0.00012999999999996348,0.00017000000000000348,0.0,4.0000000000040004e-05,1,0.573965,0.7647058823527106,maru,0,True,False,False,0.00043999999999999595,False,False,0.00048000000000003595,False,False,0.00048000000000003595,,0,,-1,-1,-1,1,530,4,pullback_range,1,0.5752,0.57111,388,390,0.5752,0.57111,,388,0.5752,,285,0.57038,,2,0.5752,0.57038,SEEK_BREAKOUT,CONFIRMED,0,,,388
2025-12-02 23:45:00+00:00,0.57404,0.57412,0.57399,0.5741,97,6.0000000000060005e-05,0.00012999999999996348,1.999999999990898e-05,4.999999999999449e-05,1,0.574055,0.46153846153905276,normal,0,False,False,False,0.00043999999999999595,False,False,0.00043999999999999595,False,False,0.00048000000000003595,one_maru_continuous,1,CONFIRMED,525,526,527,1,529,2,pullback_range,1,0.5752,0.57111,388,390,0.5752,0.57111,,388,0.5752,,285,0.57038,,2,0.5752,0.57038,SEEK_BREAKOUT,CONFIRMED,0,,,388
2025-12-03 00:00:00+00:00,0.5741,0.57446,0.5741,0.57422,600,0.00011999999999989797,0.00035999999999991594,0.00024000000000001798,0.0,1,0.57428,0.33333333333312776,pinbar,-1,False,False,False,0.00043999999999999595,False,False,0.00043999999999999595,False,False,0.00043999999999999595,,0,,-1,-1,-1,1,533,5,pullback_range,1,0.5752,0.57111,388,390,0.5752,0.57111,,388,0.5752,,285,0.57038,,2,0.5752,0.57038,SEEK_BREAKOUT,CONFIRMED,0,,,388
2025-12-03 00:15:00+00:00,0.57423,0.57423,0.57393,0.57406,249,0.00017000000000000348,0.00029999999999996696,0.0,0.00012999999999996348,-1,0.57408,0.5666666666667407,normal,0,True,False,True,0.00043999999999999595,False,True,0.00043999999999999595,False,True,0.00043999999999999595,,0,,-1,-1,-1,0,-1,-1,pullback_range,1,0.5752,0.57111,388,390,0.5752,0.57111,,388,0.5752,,285,0.57038,,2,0.5752,0.57038,SEEK_BREAKOUT,CONFIRMED,0,,,388
2025-12-03 00:30:00+00:00,0.57406,0.57438,0.5735,0.57396,1530,9.999999999998899e-05,0.0008799999999999919,0.00031999999999998696,0.00046000000000001595,-1,0.57394,0.11363636363635217,pinbar,1,False,False,False,0.00043999999999999595,False,False,0.00043999999999999595,False,False,0.00043999999999999595,,0,,-1,-1,-1,1,532,2,pullback_range,1,0.5752,0.57111,388,390,0.5752,0.57111,,388,0.5752,,285,0.57038,,2,0.5752,0.57038,SEEK_BREAKOUT,CONFIRMED,0,,,388
2025-12-03 00:45:00+00:00,0.57398,0.57408,0.57375,0.5739,969,8.000000000008001e-05,0.0003300000000000525,9.999999999998899e-05,0.00014999999999998348,-1,0.573915,0.24242424242444632,pinbar,0,False,False,False,0.00043999999999999595,False,False,0.00043999999999999595,False,False,0.00043999999999999595,,0,,-1,-1,-1,0,-1,-1,pullback_range,1,0.5752,0.57111,388,390,0.5752,0.57111,,388,0.5752,,285,0.57038,,2,0.5752,0.57038,SEEK_BREAKOUT,CONFIRMED,0,,,388
2025-12-03 01:00:00+00:00,0.57388,0.57408,0.57375,0.57378,846,9.999999999998899e-05,0.0003300000000000525,0.000200000000000089,2.999999999997449e-05,-1,0.573915,0.3030303030302215,pinbar,-1,False,False,False,0.00043999999999999595,False,False,0.00043999999999999595,False,False,0.00043999999999999595,,0,,-1,-1,-1,0,-1,-1,pullback_range,1,0.5752,0.57111,388,390,0.5752,0.57111,,388,0.5752,,285,0.57038,,2,0.5752,0.57038,SEEK_BREAKOUT,CONFIRMED,0,,,388
2025-12-03 01:15:00+00:00,0.57378,0.57442,0.57374,0.57441,734,0.0006300000000000194,0.0006800000000000139,1.0000000000065512e-05,3.999999999992898e-05,1,0.57408,0.9264705882353037,maru,0,True,True,True,0.00043999999999999595,True,True,0.00043999999999999595,True,True,0.00043999999999999595,,0,,-1,-1,-1,0,-1,-1,pullback_range,1,0.5752,0.57111,388,390,0.5752,0.57111,,388,0.5752,,285,0.57038,,2,0.5752,0.57038,SEEK_BREAKOUT,CONFIRMED,0,,,388
2025-12-03 01:30:00+00:00,0.57443,0.5747,0.57414,0.5746,669,0.00017000000000000348,0.0005600000000000049,9.999999999998899e-05,0.00029000000000001247,1,0.5744199999999999,0.3035714285714321,pinbar,1,False,False,False,0.0006800000000000139,False,False,0.00043999999999999595,False,False,0.00043999999999999595,one_maru_continuous,1,SUCCESS,533,534,-1,0,-1,-1,pullback_range,1,0.5752,0.57111,388,390,0.5752,0.57111,,388,0.5752,,285,0.57038,,2,0.5752,0.57038,SEEK_BREAKOUT,CONFIRMED,0,,,388
2025-12-03 01:45:00+00:00,0.57459,0.57471,0.57444,0.57463,597,3.999999999992898e-05,0.0002700000000001035,8.000000000008001e-05,0.0001500000000000945,1,0.5745750000000001,0.14814814814782834,pinbar,1,False,False,False,0.0006800000000000139,False,False,0.0006800000000000139,False,False,0.00043999999999999595,,0,,-1,-1,-1,0,-1,-1,pullback_range,1,0.5752,0.57111,388,390,0.5752,0.57111,,388,0.5752,,285,0.57038,,2,0.5752,0.57038,SEEK_BREAKOUT,CONFIRMED,0,,,388
2025-12-03 02:00:00+00:00,0.57462,0.5752,0.5746,0.5752,824,0.0005800000000000249,0.0006000000000000449,0.0,2.0000000000020002e-05,1,0.5749,0.9666666666666358,maru,0,True,True,True,0.0006800000000000139,True,True,0.0006800000000000139,True,True,0.0006800000000000139,,0,,-1,-1,-1,1,538,2,pullback_range,1,0.5752,0.57111,388,390,0.5752,0.57111,,388,0.5752,,285,0.57038,,2,0.5752,0.57038,SEEK_BREAKOUT,CONFIRMED,0,,,388
2025-12-03 02:15:00+00:00,0.57522,0.57525,0.57486,0.57496,538,0.00025999999999992696,0.00039000000000000146,3.0000000000085514e-05,9.999999999998899e-05,-1,0.5750550000000001,0.6666666666664769,maru,0,True,False,True,0.0006800000000000139,False,True,0.0006800000000000139,False,True,0.0006800000000000139,,0,,-1,-1,-1,1,539,2,pullback_range,1,0.57525,0.57111,388,390,0.57525,0.57111,,388,0.5752,,285,0.57038,,2,0.57525,0.57038,SEEK_BREAKOUT,CONFIRMED,0,,,388
2025-12-03 02:30:00+00:00,0.57496,0.57508,0.57476,0.57508,483,0.00012000000000000899,0.00031999999999998696,0.0,0.00019999999999997797,1,0.5749200000000001,0.37500000000004335,pinbar,1,False,False,False,0.0006800000000000139,False,False,0.0006800000000000139,False,False,0.0006800000000000139,,0,,-1,-1,-1,1,540,2,pullback_range,1,0.57525,0.57111,388,390,0.57525,0.57111,,388,0.5752,,285,0.57038,,2,0.57525,0.57038,SEEK_BREAKOUT,CONFIRMED,0,,,388
2025-12-03 02:45:00+00:00,0.57506,0.57525,0.57502,0.57508,380,2.0000000000020002e-05,0.0002300000000000635,0.00017000000000000348,4.0000000000040004e-05,1,0.575135,0.0869565217391934,pinbar,-1,False,False,False,0.0006800000000000139,False,False,0.0006800000000000139,False,False,0.0006800000000000139,,0,,-1,-1,-1,1,541,2,pullback_range,1,0.57525,0.57111,388,390,0.57525,0.57111,,388,0.5752,,285,0.57038,,2,0.57525,0.57038,SEEK_BREAKOUT,CONFIRMED,0,,,388
2025-12-03 03:00:00+00:00,0.57508,0.5752,0.5749,0.57499,508,9.00000000000345e-05,0.000300000000000078,0.00012000000000000899,9.00000000000345e-05,-1,0.5750500000000001,0.300000000000037,pinbar,0,False,False,False,0.0006800000000000139,False,False,0.0006800000000000139,False,False,0.0006800000000000139,,0,,-1,-1,-1,1,542,2,pullback_range,1,0.57525,0.57111,388,390,0.57525,0.57111,,388,0.5752,,285,0.57038,,2,0.57525,0.57038,SEEK_BREAKOUT,CONFIRMED,0,,,388
2025-12-03 03:15:00+00:00,0.57498,0.57525,0.57496,0.5751,452,0.00011999999999989797,0.00029000000000001247,0.0001500000000000945,2.0000000000020002e-05,1,0.575105,0.4137931034479062,normal,0,False,False,False,0.0006800000000000139,False,False,0.0006800000000000139,False,False,0.0006800000000000139,,0,,-1,-1,-1,1,545,4,pullback_range,1,0.57525,0.57111,388,390,0.57525,0.57111,,388,0.5752,,285,0.57038,,2,0.57525,0.57038,SEEK_BREAKOUT,CONFIRMED,0,,,388
2025-12-03 03:30:00+00:00,0.5751,0.57512,0.57489,0.57502,482,7.999999999996898e-05,0.00022999999999995246,2.0000000000020002e-05,0.00012999999999996348,-1,0.575005,0.3478260869564588,pinbar,1,False,False,False,0.0006800000000000139,False,False,0.0006800000000000139,False,False,0.0006800000000000139,,0,,-1,-1,-1,1,544,2,pullback_range,1,0.57525,0.57111,388,390,0.57525,0.57111,,388,0.5752,,285,0.57038,,2,0.57525,0.57038,SEEK_BREAKOUT,CONFIRMED,0,,,388
2025-12-03 03:45:00+00:00,0.57502,0.5751,0.57485,0.57487,544,0.00014999999999998348,0.00024999999999997247,7.999999999996898e-05,2.0000000000020002e-05,-1,0.574975,0.6,normal,0,True,False,False,0.0006800000000000139,False,False,0.0006800000000000139,False,False,0.0006800000000000139,,0,,-1,-1,-1,1,545,2,pullback_range,1,0.57525,0.57111,388,390,0.57525,0.57111,,388,0.5752,,285,0.57038,,2,0.57525,0.57038,SEEK_BREAKOUT,CONFIRMED,0,,,388
2025-12-03 04:00:00+00:00,0.57488,0.57504,0.5748,0.57492,363,4.0000000000040004e-05,0.00024000000000001798,0.00012000000000000899,7.999999999996898e-05,1,0.57492,0.16666666666682087,pinbar,-1,False,False,False,0.0006800000000000139,False,False,0.0006800000000000139,False,False,0.0006800000000000139,,0,,-1,-1,-1,0,-1,-1,pullback_range,1,0.57525,0.57111,388,390,0.57525,0.57111,,388,0.5752,,285,0.57038,,2,0.57525,0.57038,SEEK_BREAKOUT,CONFIRMED,0,,,388
2025-12-03 04:15:00+00:00,0.57494,0.57514,0.57492,0.57498,317,4.0000000000040004e-05,0.00021999999999999797,0.00015999999999993797,2.0000000000020002e-05,1,0.5750299999999999,0.18181818181836532,pinbar,-1,False,False,False,0.0006800000000000139,False,False,0.0006800000000000139,False,False,0.0006800000000000139,,0,,-1,-1,-1,0,-1,-1,pullback_range,1,0.57525,0.57111,388,390,0.57525,0.57111,,388,0.5752,,285,0.57038,,2,0.57525,0.57038,SEEK_BREAKOUT,CONFIRMED,0,,,388
2025-12-03 04:30:00+00:00,0.57499,0.57518,0.57498,0.57512,303,0.00012999999999996348,0.00019999999999997797,6.0000000000060005e-05,9.99999999995449e-06,1,0.57508,0.649999999999889,normal,0,True,False,False,0.0006800000000000139,False,False,0.0006800000000000139,False,False,0.0006800000000000139,,0,,-1,-1,-1,0,-1,-1,pullback_range,1,0.57525,0.57111,388,390,0.57525,0.57111,,388,0.5752,,285,0.57038,,2,0.57525,0.57038,SEEK_BREAKOUT,CONFIRMED,0,,,388
2025-12-03 04:45:00+00:00,0.57512,0.57532,0.57511,0.57528,452,0.000160000000000049,0.00021000000000004349,4.0000000000040004e-05,9.99999999995449e-06,1,0.575215,0.7619047619048375,maru,0,True,False,False,0.0006800000000000139,False,False,0.0006800000000000139,False,False,0.0006800000000000139,,0,,-1,-1,-1,1,549,2,pullback_range,1,0.57532,0.57111,388,390,0.57532,0.57111,0.18749999999978317,388,0.5752,,285,0.57038,,2,0.57532,0.57038,SEEK_BREAKOUT,CONFIRMED,0,,,388
2025-12-03 05:00:00+00:00,0.57529,0.57547,0.57523,0.57544,426,0.00014999999999998348,0.00024000000000001798,3.0000000000085514e-05,5.999999999994898e-05,1,0.57535,0.6249999999998843,normal,0,False,False,False,0.0006800000000000139,False,False,0.0006800000000000139,False,False,0.0006800000000000139,,0,,-1,-1,-1,1,550,2,pullback_range,1,0.57547,0.57111,388,390,0.57547,0.57111,0.7999999999994079,388,0.5752,,285,0.57038,,2,0.57547,0.57038,SEEK_BREAKOUT,CONFIRMED,0,,,388
2025-12-03 05:15:00+00:00,0.57547,0.57557,0.57524,0.57532,401,0.00014999999999998348,0.0003300000000000525,9.999999999998899e-05,8.000000000008001e-05,-1,0.5754049999999999,0.4545454545453322,normal,0,False,False,False,0.0006800000000000139,False,False,0.0006800000000000139,False,False,0.0006800000000000139,,0,,-1,-1,-1,1,551,2,pullback_range,1,0.57557,0.57111,388,390,0.57557,0.57111,,388,0.5752,,285,0.57038,,2,0.57557,0.57038,SEEK_BREAKOUT,CONFIRMED,0,,,388
2025-12-03 05:30:00+00:00,0.57534,0.5754,0.57518,0.57525,390,8.999999999992347e-05,0.00021999999999999797,6.0000000000060005e-05,7.00000000000145e-05,-1,0.5752900000000001,0.409090909090565,normal,0,False,False,False,0.0006800000000000139,False,False,0.0006800000000000139,False,False,0.0006800000000000139,,0,,-1,-1,-1,1,552,2,pullback_range,1,0.57557,0.57111,388,390,0.57557,0.57111,,388,0.5752,,285,0.57038,,2,0.57557,0.57038,SEEK_BREAKOUT,CONFIRMED,0,,,388
2025-12-03 05:45:00+00:00,0.57525,0.57544,0.57522,0.57542,322,0.00017000000000000348,0.00021999999999999797,1.999999999990898e-05,3.0000000000085514e-05,1,0.5753299999999999,0.7727272727272957,maru,0,True,False,False,0.0006800000000000139,False,False,0.0006800000000000139,False,False,0.0006800000000000139,,0,,-1,-1,-1,0,-1,-1,pullback_range,1,0.57557,0.57111,388,390,0.57557,0.57111,,388,0.5752,,285,0.57038,,2,0.57557,0.57038,SEEK_BREAKOUT,CONFIRMED,0,,,388
2025-12-03 06:00:00+00:00,0.57544,0.57544,0.57514,0.57524,507,0.00019999999999997797,0.00029999999999996696,0.0,9.999999999998899e-05,-1,0.57529,0.6666666666666666,maru,0,True,False,False,0.0006800000000000139,False,False,0.0006800000000000139,False,False,0.0006800000000000139,,0,,-1,-1,-1,1,556,4,pullback_range,1,0.57557,0.57111,388,390,0.57557,0.57111,,388,0.5752,,285,0.57038,,2,0.57557,0.57038,SEEK_BREAKOUT,CONFIRMED,0,,,388
2025-12-03 06:15:00+00:00,0.57523,0.5753,0.57508,0.5751,400,0.0001300000000000745,0.00021999999999999797,7.00000000000145e-05,1.999999999990898e-05,-1,0.5751900000000001,0.590909090909435,normal,0,True,False,False,0.0006000000000000449,False,False,0.0006800000000000139,False,False,0.0006800000000000139,,0,,-1,-1,-1,1,555,2,pullback_range,1,0.57557,0.57111,388,390,0.57557,0.57111,,388,0.5752,,285,0.57038,,2,0.57557,0.57038,SEEK_BREAKOUT,CONFIRMED,0,,,388
2025-12-03 06:30:00+00:00,0.5751,0.57514,0.57486,0.57493,464,0.00016999999999989246,0.00027999999999994696,4.0000000000040004e-05,7.00000000000145e-05,-1,0.575,0.6071428571425881,normal,0,False,False,False,0.0006000000000000449,False,False,0.0006000000000000449,False,False,0.0006800000000000139,,0,,-1,-1,-1,0,-1,-1,pullback_range,1,0.57557,0.57111,388,390,0.57557,0.57111,,388,0.5752,,285,0.57038,,2,0.57557,0.57038,SEEK_BREAKOUT,CONFIRMED,0,,,388
2025-12-03 06:45:00+00:00,0.57492,0.57514,0.5749,0.57512,387,0.00019999999999997797,0.00024000000000001798,2.0000000000020002e-05,2.0000000000020002e-05,1,0.57502,0.8333333333331792,maru,0,True,False,False,0.0006000000000000449,False,False,0.0006000000000000449,False,False,0.0006000000000000449,,0,,-1,-1,-1,0,-1,-1,pullback_range,1,0.57557,0.57111,388,390,0.57557,0.57111,,388,0.5752,,285,0.57038,,2,0.57557,0.57038,SEEK_BREAKOUT,CONFIRMED,0,,,388
2025-12-03 07:00:00+00:00,0.57512,0.57552,0.5751,0.57518,742,6.0000000000060005e-05,0.00042000000000008697,0.00034000000000000696,2.0000000000020002e-05,1,0.57531,0.14285714285725615,pinbar,-1,False,False,False,0.00039000000000000146,False,False,0.0006000000000000449,False,False,0.0006000000000000449,,0,,-1,-1,-1,0,-1,-1,pullback_range,1,0.57557,0.57111,388,390,0.57557,0.57111,,388,0.5752,,285,0.57038,,2,0.57557,0.57038,SEEK_BREAKOUT,CONFIRMED,0,,,388
2025-12-03 07:15:00+00:00,0.57516,0.57519,0.57474,0.57474,515,0.00041999999999997595,0.00044999999999995044,2.999999999997449e-05,0.0,-1,0.574965,0.9333333333333826,maru,0,True,True,True,0.00039000000000000146,True,True,0.00039000000000000146,True,True,0.0006000000000000449,,0,,-1,-1,-1,0,-1,-1,pullback_range,1,0.57557,0.57111,388,390,0.57557,0.57111,,388,0.5752,,285,0.57038,,2,0.57557,0.57038,SEEK_BREAKOUT,CONFIRMED,0,,,388
2025-12-03 07:30:00+00:00,0.57472,0.57472,0.57437,0.57444,478,0.000280000000000058,0.00034999999999996145,0.0,6.999999999990347e-05,-1,0.5745450000000001,0.8000000000002537,maru,0,True,True,True,0.00044999999999995044,True,True,0.00039000000000000146,True,True,0.00039000000000000146,one_maru_continuous,-1,SUCCESS,557,558,-1,1,560,2,pullback_range,1,0.57557,0.57111,388,390,0.57557,0.57111,,388,0.5752,,285,0.57038,,2,0.57557,0.57038,SEEK_BREAKOUT,CONFIRMED,0,,,388
2025-12-03 07:45:00+00:00,0.57442,0.57468,0.57438,0.57447,400,4.999999999999449e-05,0.00029999999999996696,0.00020999999999993246,4.0000000000040004e-05,1,0.57453,0.16666666666666666,pinbar,-1,False,False,False,0.00044999999999995044,False,False,0.00044999999999995044,False,False,0.00039000000000000146,,0,,-1,-1,-1,1,563,4,pullback_range,1,0.57557,0.57111,388,390,0.57557,0.57111,,388,0.5752,,285,0.57038,,2,0.57557,0.57038,SEEK_BREAKOUT,CONFIRMED,0,,,388
2025-12-03 08:00:00+00:00,0.5745,0.57468,0.57429,0.57446,670,4.0000000000040004e-05,0.00039000000000000146,0.00017999999999995797,0.00017000000000000348,-1,0.5744849999999999,0.10256410256420476,pinbar,0,False,False,False,0.00044999999999995044,False,False,0.00044999999999995044,False,False,0.00044999999999995044,,0,,-1,-1,-1,1,562,2,pullback_range,1,0.57557,0.57111,388,390,0.57557,0.57111,,388,0.5752,,285,0.57038,,2,0.57557,0.57038,SEEK_BREAKOUT,CONFIRMED,0,,,388
2025-12-03 08:15:00+00:00,0.57446,0.57453,0.57419,0.57421,661,0.00024999999999997247,0.00034000000000000696,7.00000000000145e-05,2.0000000000020002e-05,-1,0.57436,0.7352941176469627,maru,0,True,True,True,0.00044999999999995044,True,True,0.00044999999999995044,True,True,0.00044999999999995044,,0,,-1,-1,-1,1,563,2,pullback_range,1,0.57557,0.57111,388,390,0.57557,0.57111,,388,0.5752,,285,0.57038,,2,0.57557,0.57038,SEEK_BREAKOUT,CONFIRMED,0,,,388
2025-12-03 08:30:00+00:00,0.57423,0.57439,0.5741,0.57432,595,9.00000000000345e-05,0.00028999999999990145,6.999999999990347e-05,0.00012999999999996348,1,0.574245,0.31034482758643134,pinbar,0,False,False,False,0.00044999999999995044,False,False,0.00044999999999995044,False,False,0.00044999999999995044,,0,,-1,-1,-1,1,566,4,pullback_range,1,0.57557,0.57111,388,390,0.57557,0.57111,,388,0.5752,,285,0.57038,,2,0.57557,0.57038,SEEK_BREAKOUT,CONFIRMED,0,,,388
2025-12-03 08:45:00+00:00,0.57432,0.57455,0.574,0.57439,642,6.999999999990347e-05,0.0005500000000000504,0.000160000000000049,0.000320000000000098,1,0.574275,0.1272727272725401,pinbar,1,False,False,False,0.00044999999999995044,False,False,0.00044999999999995044,False,False,0.00044999999999995044,,0,,-1,-1,-1,1,565,2,pullback_range,1,0.57557,0.57111,388,390,0.57557,0.57111,,388,0.5752,,285,0.57038,,2,0.57557,0.57038,SEEK_BREAKOUT,CONFIRMED,0,,,388
2025-12-03 09:00:00+00:00,0.5744,0.57458,0.57428,0.5744,755,0.0,0.00029999999999996696,0.00017999999999995797,0.00012000000000000899,0,0.57443,0.0,pinbar,-1,False,False,False,0.00044999999999995044,False,False,0.00044999999999995044,False,False,0.00044999999999995044,,0,,-1,-1,-1,1,566,2,pullback_range,1,0.57557,0.57111,388,390,0.57557,0.57111,,388,0.5752,,285,0.57038,,2,0.57557,0.57038,SEEK_BREAKOUT,CONFIRMED,0,,,388
2025-12-03 09:15:00+00:00,0.57439,0.57443,0.57395,0.57406,725,0.00032999999999994145,0.00048000000000003595,4.0000000000040004e-05,0.0001100000000000545,-1,0.57419,0.6874999999998266,maru,0,True,True,True,0.00044999999999995044,True,True,0.00044999999999995044,True,True,0.00044999999999995044,,0,,-1,-1,-1,1,567,2,pullback_range,1,0.57557,0.57111,388,390,0.57557,0.57111,,388,0.5752,,285,0.57038,,2,0.57557,0.57038,SEEK_BREAKOUT,CONFIRMED,0,,,388
2025-12-03 09:30:00+00:00,0.5741,0.57458,0.5741,0.57438,700,0.00027999999999994696,0.00047999999999992493,0.00019999999999997797,0.0,1,0.5743400000000001,0.583333333333314,normal,0,True,False,True,0.00048000000000003595,False,True,0.00044999999999995044,False,True,0.00044999999999995044,,0,,-1,-1,-1,1,568,2,pullback_range,1,0.57557,0.57111,388,390,0.57557,0.57111,,388,0.5752,,285,0.57038,,2,0.57557,0.57038,SEEK_BREAKOUT,CONFIRMED,0,,,388
2025-12-03 09:45:00+00:00,0.57437,0.57441,0.57412,0.57419,749,0.000180000000000069,0.00029000000000001247,3.999999999992898e-05,7.00000000000145e-05,-1,0.574265,0.620689655172625,normal,0,False,False,True,0.00048000000000003595,False,True,0.00048000000000003595,False,True,0.00044999999999995044,,0,,-1,-1,-1,0,-1,-1,pullback_range,1,0.57557,0.57111,388,390,0.57557,0.57111,,388,0.5752,,285,0.57038,,2,0.57557,0.57038,SEEK_BREAKOUT,CONFIRMED,0,,,388
2025-12-03 10:00:00+00:00,0.5742,0.5746,0.57418,0.57447,789,0.00026999999999999247,0.00041999999999997595,0.00012999999999996348,2.0000000000020002e-05,1,0.57439,0.6428571428571618,normal,0,True,False,True,0.00048000000000003595,False,True,0.00048000000000003595,False,True,0.00048000000000003595,,0,,-1,-1,-1,0,-1,-1,pullback_range,1,0.57557,0.57111,388,390,0.57557,0.57111,,388,0.5752,,285,0.57038,,2,0.57557,0.57038,SEEK_BREAKOUT,CONFIRMED,0,,,388
2025-12-03 10:15:00+00:00,0.5745,0.57471,0.57445,0.57463,480,0.00012999999999996348,0.000260000000000038,8.000000000008001e-05,4.999999999999449e-05,1,0.5745800000000001,0.4999999999997865,normal,0,False,False,True,0.00048000000000003595,False,True,0.00048000000000003595,False,True,0.00048000000000003595,,0,,-1,-1,-1,0,-1,-1,pullback_range,1,0.57557,0.57111,388,390,0.57557,0.57111,,388,0.5752,,285,0.57038,,2,0.57557,0.57038,SEEK_BREAKOUT,CONFIRMED,0,,,388
2025-12-03 10:30:00+00:00,0.57464,0.57491,0.57456,0.57485,488,0.00020999999999993246,0.0003500000000000725,6.0000000000060005e-05,8.000000000008001e-05,1,0.574735,0.5999999999996828,normal,0,False,False,True,0.00048000000000003595,False,True,0.00048000000000003595,False,True,0.00048000000000003595,,0,,-1,-1,-1,1,572,2,pullback_range,1,0.57557,0.57111,388,390,0.57557,0.57111,,388,0.5752,,285,0.57038,,2,0.57557,0.57038,SEEK_BREAKOUT,CONFIRMED,0,,,388
2025-12-03 10:45:00+00:00,0.57484,0.575,0.57473,0.57485,630,9.99999999995449e-06,0.00026999999999999247,0.00014999999999998348,0.0001100000000000545,1,0.574865,0.037037037036869516,pinbar,-1,False,False,False,0.00048000000000003595,False,False,0.00048000000000003595,False,False,0.00048000000000003595,,0,,-1,-1,-1,1,573,2,pullback_range,1,0.57557,0.57111,388,390,0.57557,0.57111,,388,0.5752,,285,0.57038,,2,0.57557,0.57038,SEEK_BREAKOUT,CONFIRMED,0,,,388
2025-12-03 11:00:00+00:00,0.57485,0.57488,0.57468,0.5748,703,4.999999999999449e-05,0.00019999999999997797,2.999999999997449e-05,0.00012000000000000899,-1,0.57478,0.25,pinbar,1,False,False,False,0.00048000000000003595,False,False,0.00048000000000003595,False,False,0.00048000000000003595,,0,,-1,-1,-1,0,-1,-1,pullback_range,1,0.57557,0.57111,388,390,0.57557,0.57111,,388,0.5752,,285,0.57038,,2,0.57557,0.57038,SEEK_BREAKOUT,CONFIRMED,0,,,388
2025-12-03 11:15:00+00:00,0.57479,0.57503,0.57471,0.57496,529,0.00017000000000000348,0.00031999999999998696,7.00000000000145e-05,7.999999999996898e-05,1,0.57487,0.5312500000000325,normal,0,False,False,True,0.00048000000000003595,False,True,0.00048000000000003595,False,True,0.00048000000000003595,,0,,-1,-1,-1,1,577,4,pullback_range,1,0.57557,0.57111,388,390,0.57557,0.57111,,388,0.5752,,285,0.57038,,2,0.57557,0.57038,SEEK_BREAKOUT,CONFIRMED,0,,,388
2025-12-03 11:30:00+00:00,0.57496,0.57519,0.57494,0.57496,618,0.0,0.00024999999999997247,0.00022999999999995246,2.0000000000020002e-05,0,0.5750649999999999,0.0,pinbar,-1,False,False,False,0.00048000000000003595,False,False,0.00048000000000003595,False,False,0.00048000000000003595,,0,,-1,-1,-1,1,576,2,pullback_range,1,0.57557,0.57111,388,390,0.57557,0.57111,,388,0.5752,,285,0.57038,,2,0.57557,0.57038,SEEK_BREAKOUT,CONFIRMED,0,,,388
2025-12-03 11:45:00+00:00,0.57494,0.57516,0.57484,0.57505,404,0.00010999999999994348,0.00031999999999998696,0.0001100000000000545,9.999999999998899e-05,1,0.575,0.34374999999983735,pinbar,0,False,False,False,0.00048000000000003595,False,False,0.00048000000000003595,False,False,0.00048000000000003595,,0,,-1,-1,-1,1,577,2,pullback_range,1,0.57557,0.57111,388,390,0.57557,0.57111,,388,0.5752,,285,0.57038,,2,0.57557,0.57038,SEEK_BREAKOUT,CONFIRMED,0,,,388
2025-12-03 12:00:00+00:00,0.57504,0.57517,0.57496,0.57504,436,0.0,0.00020999999999993246,0.00012999999999996348,7.999999999996898e-05,0,0.5750649999999999,0.0,pinbar,-1,False,False,False,0.00048000000000003595,False,False,0.00048000000000003595,False,False,0.00048000000000003595,,0,,-1,-1,-1,1,580,4,pullback_range,1,0.57557,0.57111,388,390,0.57557,0.57111,,388,0.5752,,285,0.57038,,2,0.57557,0.57038,SEEK_BREAKOUT,CONFIRMED,0,,,388
2025-12-03 12:15:00+00:00,0.57501,0.57508,0.57492,0.575,483,1.0000000000065512e-05,0.000160000000000049,7.00000000000145e-05,7.999999999996898e-05,-1,0.575,0.06250000000039031,pinbar,0,False,False,False,0.00048000000000003595,False,False,0.00048000000000003595,False,False,0.00048000000000003595,,0,,-1,-1,-1,1,580,3,pullback_range,1,0.57557,0.57111,388,390,0.57557,0.57111,,388,0.5752,,285,0.57038,,2,0.57557,0.57038,SEEK_BREAKOUT,CONFIRMED,0,,,388
2025-12-03 12:30:00+00:00,0.575,0.57507,0.5749,0.5749,398,9.999999999998899e-05,0.00017000000000000348,7.00000000000145e-05,0.0,-1,0.574985,0.5882352941175703,normal,0,True,False,False,0.00048000000000003595,False,False,0.00048000000000003595,False,False,0.00048000000000003595,,0,,-1,-1,-1,1,580,2,pullback_range,1,0.57557,0.57111,388,390,0.57557,0.57111,,388,0.5752,,285,0.57038,,2,0.57557,0.57038,SEEK_BREAKOUT,CONFIRMED,0,,,388
2025-12-03 12:45:00+00:00,0.5749,0.57495,0.57457,0.57458,398,0.00031999999999998696,0.00037999999999993594,4.999999999999449e-05,9.99999999995449e-06,-1,0.5747599999999999,0.8421052631580024,maru,0,True,True,True,0.00048000000000003595,True,True,0.00048000000000003595,True,True,0.00048000000000003595,,0,,-1,-1,-1,1,581,2,pullback_range,1,0.57557,0.57111,388,390,0.57557,0.57111,,388,0.5752,,285,0.57038,,2,0.57557,0.57038,SEEK_BREAKOUT,CONFIRMED,0,,,388
2025-12-03 13:00:00+00:00,0.57456,0.57529,0.57434,0.57506,723,0.000500000000000056,0.0009500000000000064,0.00022999999999995246,0.00021999999999999797,1,0.574815,0.5263157894737396,normal,0,False,False,True,0.00048000000000003595,False,True,0.00048000000000003595,False,True,0.00048000000000003595,,0,,-1,-1,-1,1,582,2,pullback_range,1,0.57557,0.57111,388,390,0.57557,0.57111,,388,0.5752,,285,0.57038,,2,0.57557,0.57038,SEEK_BREAKOUT,CONFIRMED,0,,,388
2025-12-03 13:15:00+00:00,0.5751,0.57572,0.57488,0.57488,1106,0.00021999999999999797,0.0008400000000000629,0.0006200000000000649,0.0,-1,0.5752999999999999,0.2619047619047399,pinbar,-1,False,False,False,0.00048000000000003595,False,False,0.00048000000000003595,False,False,0.00048000000000003595,,0,,-1,-1,-1,1,586,5,pullback_range,1,0.57572,0.57111,388,390,0.57572,0.57111,,388,0.5752,,285,0.57038,,2,0.57572,0.57038,SEEK_BREAKOUT,CONFIRMED,0,,,388
2025-12-03 13:30:00+00:00,0.5749,0.57524,0.57448,0.57524,1184,0.00034000000000000696,0.0007599999999999829,0.0,0.00041999999999997595,1,0.5748599999999999,0.4473684210526508,normal,0,False,False,True,0.00048000000000003595,False,True,0.00048000000000003595,False,True,0.00048000000000003595,,0,,-1,-1,-1,1,586,4,pullback_range,1,0.57572,0.57111,388,390,0.57572,0.57111,,388,0.5752,,285,0.57038,,2,0.57572,0.57038,SEEK_BREAKOUT,CONFIRMED,0,,,388
2025-12-03 13:45:00+00:00,0.57521,0.57522,0.57469,0.57472,833,0.0004899999999999904,0.0005299999999999194,9.99999999995449e-06,2.999999999997449e-05,-1,0.574955,0.9245283018869149,maru,0,True,True,True,0.00048000000000003595,True,True,0.00048000000000003595,True,True,0.00048000000000003595,,0,,-1,-1,-1,1,586,3,pullback_range,1,0.57572,0.57111,388,390,0.57572,0.57111,,388,0.5752,,285,0.57038,,2,0.57572,0.57038,SEEK_BREAKOUT,CONFIRMED,0,,,388
2025-12-03 14:00:00+00:00,0.57471,0.57478,0.57346,0.57376,1388,0.0009500000000000064,0.0013199999999999878,6.999999999990347e-05,0.000300000000000078,-1,0.57412,0.7196969696969812,maru,0,True,True,True,0.0005299999999999194,True,True,0.00048000000000003595,True,True,0.00048000000000003595,one_maru_continuous,-1,SUCCESS,583,584,-1,1,587,3,pullback_range,1,0.57572,0.57111,388,390,0.57572,0.57111,,388,0.5752,,285,0.57038,,2,0.57572,0.57038,SEEK_BREAKOUT,CONFIRMED,0,,,388
2025-12-03 14:15:00+00:00,0.57374,0.57418,0.57364,0.574,982,0.00025999999999992696,0.0005399999999999849,0.000180000000000069,9.999999999998899e-05,1,0.57391,0.48148148148135966,normal,0,False,False,False,0.0013199999999999878,False,True,0.0005299999999999194,False,True,0.00048000000000003595,,0,,-1,-1,-1,0,-1,-1,pullback_range,1,0.57572,0.57111,388,390,0.57572,0.57111,,388,0.5752,,285,0.57038,,2,0.57572,0.57038,SEEK_BREAKOUT,CONFIRMED,0,,,388
2025-12-03 14:30:00+00:00,0.574,0.57512,0.574,0.57495,1728,0.0009500000000000064,0.0011200000000000099,0.00017000000000000348,0.0,1,0.57456,0.8482142857142839,maru,0,True,True,True,0.0013199999999999878,True,True,0.0013199999999999878,True,True,0.0005299999999999194,,0,,-1,-1,-1,1,588,2,pullback_range,1,0.57572,0.57111,388,390,0.57572,0.57111,,388,0.5752,,285,0.57038,,2,0.57572,0.57038,SEEK_BREAKOUT,CONFIRMED,0,,,388
2025-12-03 14:45:00+00:00,0.57496,0.57501,0.57429,0.57474,1425,0.00021999999999999797,0.0007200000000000539,4.999999999999449e-05,0.00045000000000006146,-1,0.57465,0.3055555555555299,pinbar,1,False,False,False,0.0013199999999999878,False,False,0.0013199999999999878,False,False,0.0013199999999999878,,0,,-1,-1,-1,0,-1,-1,pullback_range,1,0.57572,0.57111,388,390,0.57572,0.57111,,388,0.5752,,285,0.57038,,2,0.57572,0.57038,SEEK_BREAKOUT,CONFIRMED,0,,,388
2025-12-03 15:00:00+00:00,0.57458,0.57532,0.57432,0.57475,1747,0.00017000000000000348,0.0010000000000000009,0.0005700000000000705,0.00025999999999992696,1,0.5748200000000001,0.17000000000000334,pinbar,-1,False,False,False,0.0013199999999999878,False,False,0.0013199999999999878,False,False,0.0013199999999999878,,0,,-1,-1,-1,0,-1,-1,pullback_range,1,0.57572,0.57111,388,390,0.57572,0.57111,,388,0.5752,,285,0.57038,,2,0.57572,0.57038,SEEK_BREAKOUT,CONFIRMED,0,,,388
2025-12-03 15:15:00+00:00,0.57476,0.57622,0.57473,0.57614,1370,0.0013799999999999368,0.0014899999999999913,7.999999999996898e-05,3.0000000000085514e-05,1,0.575475,0.9261744966442583,maru,0,True,True,True,0.0013199999999999878,True,True,0.0013199999999999878,True,True,0.0013199999999999878,,0,,-1,-1,-1,0,-1,-1,pullback_range,1,0.57572,0.57111,388,390,0.57572,0.57111,0.30434782608695304,388,0.5752,,285,0.57038,,2,0.57572,0.57038,SEEK_BREAKOUT,CONFIRMED,0,,,388
2025-12-03 15:30:00+00:00,0.57613,0.57624,0.57556,0.57612,1347,1.0000000000065512e-05,0.0006800000000000139,0.00010999999999994348,0.0005600000000000049,-1,0.5759,0.014705882353037216,pinbar,1,False,False,False,0.0014899999999999913,False,False,0.0013199999999999878,False,False,0.0013199999999999878,,0,,-1,-1,-1,0,-1,-1,pullback_range,1,0.57572,0.57111,388,390,0.57572,0.57111,1.0,388,0.5752,,285,0.57038,,2,0.57572,0.57038,SEEK_BREAKOUT,CONFIRMED,0,,,388
2025-12-03 15:45:00+00:00,0.57609,0.5766,0.57598,0.57627,1158,0.00017999999999995797,0.0006199999999999539,0.0003300000000000525,0.00010999999999994348,1,0.57629,0.29032258064511507,pinbar,-1,False,False,False,0.0014899999999999913,False,False,0.0014899999999999913,False,False,0.0013199999999999878,,0,,-1,-1,-1,1,594,3,pullback_range,1,0.57572,0.57111,388,390,0.57572,0.57111,1.0,388,0.5752,,285,0.57038,,2,0.57572,0.57038,SEEK_BREAKOUT,CONFIRMED,0,,,388
2025-12-03 16:00:00+00:00,0.57626,0.57658,0.57622,0.57658,894,0.00031999999999998696,0.00036000000000002697,0.0,4.0000000000040004e-05,1,0.5764,0.8888888888887861,maru,0,True,False,False,0.0014899999999999913,False,False,0.0014899999999999913,False,False,0.0014899999999999913,one_maru_opposite,1,CONFIRMED,589,590,592,0,-1,-1,breakout,0,,,-1,-1,,,1.0,592,0.57658,CTS_UPDATED,475,0.57111,BOS_CONFIRMED,3,,0.57111,SEEK_PULLBACK,EST_OR_UPD,0,,,592
2025-12-03 16:15:00+00:00,0.57656,0.57714,0.57647,0.57694,677,0.00038000000000004697,0.0006699999999999484,0.00019999999999997797,8.999999999992347e-05,1,0.576805,0.5671641791045914,normal,0,False,False,False,0.0014899999999999913,False,False,0.0014899999999999913,False,False,0.0014899999999999913,,0,,-1,-1,-1,1,595,2,breakout,0,,,-1,-1,,,,593,0.57714,CTS_UPDATED,475,0.57111,,3,,0.57111,SEEK_PULLBACK,EST_OR_UPD,0,,,592
2025-12-03 16:30:00+00:00,0.57694,0.57697,0.57649,0.5766,713,0.00034000000000000696,0.00048000000000003595,2.999999999997449e-05,0.0001100000000000545,-1,0.57673,0.7083333333332947,maru,0,True,False,False,0.0014899999999999913,False,False,0.0014899999999999913,False,False,0.0014899999999999913,,0,,-1,-1,-1,0,-1,-1,breakout,0,,,-1,-1,,,,593,0.57714,,475,0.57111,,3,,0.57111,SEEK_PULLBACK,EST_OR_UPD,0,,,592
2025-12-03 16:45:00+00:00,0.57659,0.57686,0.5765,0.57675,1081,0.00015999999999993797,0.00036000000000002697,0.0001100000000000545,9.00000000000345e-05,1,0.5766800000000001,0.44444444444423886,normal,0,False,False,False,0.0014899999999999913,False,False,0.0014899999999999913,False,False,0.0014899999999999913,,0,,-1,-1,-1,0,-1,-1,breakout,0,,,-1,-1,,,,593,0.57714,,475,0.57111,,3,,0.57111,SEEK_PULLBACK,EST_OR_UPD,0,,,592
2025-12-03 17:00:00+00:00,0.57676,0.57704,0.57666,0.57702,611,0.00025999999999992696,0.00038000000000004697,2.0000000000020002e-05,0.00010000000000010001,1,0.57685,0.6842105263155127,maru,0,True,False,False,0.0014899999999999913,False,False,0.0014899999999999913,False,False,0.0014899999999999913,,0,,-1,-1,-1,0,-1,-1,breakout,0,,,-1,-1,,,,593,0.57714,,475,0.57111,,3,,0.57111,SEEK_PULLBACK,EST_OR_UPD,0,,,592
2025-12-03 17:15:00+00:00,0.57701,0.5772,0.57695,0.5771,536,8.999999999992347e-05,0.0002500000000000835,0.00010000000000010001,6.0000000000060005e-05,1,0.577075,0.35999999999957366,pinbar,0,False,False,False,0.0014899999999999913,False,False,0.0014899999999999913,False,False,0.0014899999999999913,,0,,-1,-1,-1,1,599,2,breakout,0,,,-1,-1,,,,593,0.57714,,475,0.57111,,3,,0.57111,SEEK_PULLBACK,EST_OR_UPD,0,,,592
2025-12-03 17:30:00+00:00,0.5771,0.5773,0.57702,0.5773,573,0.000200000000000089,0.000280000000000058,0.0,7.999999999996898e-05,1,0.57716,0.7142857142858842,maru,0,True,False,False,0.0014899999999999913,False,False,0.0014899999999999913,False,False,0.0014899999999999913,one_maru_continuous,1,CONFIRMED,596,597,598,1,601,3,breakout,0,,,-1,-1,,,,597,0.5772,CTS_UPDATED,475,0.57111,,3,,0.57111,SEEK_PULLBACK,EST_OR_UPD,0,,,598
2025-12-03 17:45:00+00:00,0.57728,0.57728,0.57705,0.57718,378,9.999999999998899e-05,0.0002300000000000635,0.0,0.0001300000000000745,-1,0.5771649999999999,0.4347826086954843,normal,0,False,False,False,0.0014899999999999913,False,False,0.0014899999999999913,False,False,0.0014899999999999913,,0,,-1,-1,-1,1,603,4,range,1,0.57745,0.57705,599,603,0.57745,0.57705,,600,0.57745,,475,0.57111,,3,0.57745,0.57111,SEEK_PULLBACK,EST_OR_UPD,0,,,598
2025-12-03 18:00:00+00:00,0.57718,0.57745,0.57718,0.5774,139,0.00021999999999999797,0.00026999999999999247,4.999999999999449e-05,0.0,1,0.577315,0.8148148148148301,maru,0,True,False,False,0.0014899999999999913,False,False,0.0014899999999999913,False,False,0.0014899999999999913,,0,,-1,-1,-1,1,602,2,range,1,0.57745,0.57705,599,603,0.57745,0.57705,,600,0.57745,,475,0.57111,,3,0.57745,0.57111,SEEK_PULLBACK,EST_OR_UPD,0,,,598
2025-12-03 18:15:00+00:00,0.57739,0.5774,0.57713,0.57729,226,9.999999999998899e-05,0.00026999999999999247,1.0000000000065512e-05,0.00015999999999993797,-1,0.577265,0.37037037037033993,pinbar,1,False,False,False,0.00048000000000003595,False,False,0.0014899999999999913,False,False,0.0014899999999999913,,0,,-1,-1,-1,1,603,2,range,1,0.57745,0.57705,599,603,0.57745,0.57705,,600,0.57745,,475,0.57111,,3,0.57745,0.57111,SEEK_PULLBACK,EST_OR_UPD,0,,,598
2025-12-03 18:30:00+00:00,0.57733,0.57749,0.5772,0.57745,237,0.00012000000000000899,0.00028999999999990145,3.999999999992898e-05,0.00012999999999996348,1,0.577345,0.4137931034484475,normal,0,False,False,True,0.00048000000000003595,False,True,0.00048000000000003595,False,False,0.0014899999999999913,,0,,-1,-1,-1,1,606,4,range,1,0.57749,0.57705,599,603,0.57749,0.57705,,600,0.57745,,475,0.57111,,3,0.57749,0.57111,SEEK_PULLBACK,EST_OR_UPD,0,,,598
2025-12-03 18:45:00+00:00,0.57743,0.57754,0.57724,0.57728,330,0.00014999999999998348,0.000300000000000078,0.0001100000000000545,4.0000000000040004e-05,-1,0.5773900000000001,0.499999999999815,normal,0,False,False,True,0.00048000000000003595,False,True,0.00048000000000003595,False,True,0.00048000000000003595,,0,,-1,-1,-1,1,605,2,range,1,0.57754,0.57705,599,603,0.57754,0.57705,,600,0.57745,,475,0.57111,,3,0.57754,0.57111,SEEK_PULLBACK,EST_OR_UPD,0,,,598
2025-12-03 19:00:00+00:00,0.57726,0.57754,0.57726,0.5775,379,0.00024000000000001798,0.000280000000000058,4.0000000000040004e-05,0.0,1,0.5774,0.8571428571427439,maru,0,True,False,True,0.00048000000000003595,False,True,0.00048000000000003595,False,True,0.00048000000000003595,,0,,-1,-1,-1,1,606,2,range,1,0.57754,0.57705,599,603,0.57754,0.57705,,600,0.57745,,475,0.57111,,3,0.57754,0.57111,SEEK_PULLBACK,EST_OR_UPD,0,,,598
2025-12-03 19:15:00+00:00,0.57753,0.57756,0.57744,0.5775,159,2.999999999997449e-05,0.00012000000000000899,2.999999999997449e-05,6.0000000000060005e-05,-1,0.5774999999999999,0.2499999999997687,pinbar,1,False,False,False,0.00048000000000003595,False,False,0.00048000000000003595,False,False,0.00048000000000003595,,0,,-1,-1,-1,1,608,3,range,1,0.57756,0.57705,599,603,0.57756,0.57705,,605,0.57756,CTS_UPDATED,475,0.57111,,3,0.57756,0.57111,SEEK_PULLBACK,EST_OR_UPD,0,,,598
2025-12-03 19:30:00+00:00,0.57749,0.5775,0.5773,0.57738,265,0.00010999999999994348,0.00019999999999997797,1.0000000000065512e-05,7.999999999996898e-05,-1,0.5774,0.549999999999778,normal,0,True,False,False,0.00048000000000003595,False,False,0.00048000000000003595,False,False,0.00048000000000003595,,0,,-1,-1,-1,1,608,2,range,1,0.57756,0.57705,599,603,0.57756,0.57705,,605,0.57756,,475,0.57111,,3,0.57756,0.57111,SEEK_PULLBACK,EST_OR_UPD,0,,,598
2025-12-03 19:45:00+00:00,0.57737,0.57766,0.57734,0.57766,271,0.00028999999999990145,0.00031999999999998696,0.0,3.0000000000085514e-05,1,0.5774999999999999,0.906249999999729,maru,0,True,True,True,0.00048000000000003595,True,True,0.00048000000000003595,True,True,0.00048000000000003595,one_maru_opposite,1,CONFIRMED,604,605,607,1,609,2,range,1,0.57766,0.57705,599,603,0.57766,0.57705,0.34482758620697573,605,0.57756,,475,0.57111,,3,0.57766,0.57111,SEEK_PULLBACK,EST_OR_UPD,0,,,598
2025-12-03 20:00:00+00:00,0.57766,0.57766,0.57744,0.57748,217,0.00017999999999995797,0.00021999999999999797,0.0,4.0000000000040004e-05,-1,0.57755,0.8181818181816347,maru,0,True,False,True,0.00038000000000004697,False,False,0.00048000000000003595,False,False,0.00048000000000003595,,0,,-1,-1,-1,1,612,4,range,1,0.57766,0.57705,599,603,0.57766,0.57705,,605,0.57756,,475,0.57111,,3,0.57766,0.57111,SEEK_PULLBACK,EST_OR_UPD,0,,,598
2025-12-03 20:15:00+00:00,0.5775,0.5775,0.57742,0.57743,143,7.00000000000145e-05,7.999999999996898e-05,0.0,9.99999999995449e-06,-1,0.5774600000000001,0.8750000000005205,maru,0,True,False,False,0.00031999999999998696,False,False,0.00038000000000004697,False,False,0.00048000000000003595,,0,,-1,-1,-1,1,611,2,range,1,0.57766,0.57705,599,603,0.57766,0.57705,,605,0.57756,,475,0.57111,,3,0.57766,0.57111,SEEK_PULLBACK,EST_OR_UPD,0,,,598
2025-12-03 20:30:00+00:00,0.57742,0.57746,0.57732,0.57734,169,8.000000000008001e-05,0.00013999999999991797,3.999999999992898e-05,1.999999999990898e-05,-1,0.5773900000000001,0.5714285714294778,normal,0,False,False,False,0.00031999999999998696,False,False,0.00031999999999998696,False,False,0.00038000000000004697,one_maru_continuous,-1,CONFIRMED,608,609,610,1,615,5,range,1,0.57766,0.57705,599,603,0.57766,0.57705,,605,0.57756,,475,0.57111,,3,0.57766,0.57111,SEEK_PULLBACK,EST_OR_UPD,0,,,598
2025-12-03 20:45:00+00:00,0.57735,0.57748,0.57734,0.57742,127,7.00000000000145e-05,0.000140000000000029,5.999999999994898e-05,1.0000000000065512e-05,1,0.57741,0.5,normal,0,True,False,False,0.00031999999999998696,False,False,0.00031999999999998696,False,False,0.00031999999999998696,,0,,-1,-1,-1,1,615,4,range,1,0.57766,0.57705,599,603,0.57766,0.57705,,605,0.57756,,475,0.57111,,3,0.57766,0.57111,SEEK_PULLBACK,EST_OR_UPD,0,,,598
2025-12-03 21:00:00+00:00,0.57742,0.5776,0.5774,0.57752,152,9.999999999998899e-05,0.00019999999999997797,7.999999999996898e-05,2.0000000000020002e-05,1,0.5775,0.5,normal,0,False,False,True,0.00031999999999998696,False,True,0.00031999999999998696,False,True,0.00031999999999998696,,0,,-1,-1,-1,1,614,2,range,1,0.57766,0.57705,599,603,0.57766,0.57705,,605,0.57756,,475,0.57111,,3,0.57766,0.57111,SEEK_PULLBACK,EST_OR_UPD,0,,,598
2025-12-03 21:15:00+00:00,0.57754,0.57774,0.57753,0.5776,196,5.999999999994898e-05,0.00021000000000004349,0.000140000000000029,1.0000000000065512e-05,1,0.577635,0.2857142857139836,pinbar,-1,False,False,False,0.00031999999999998696,False,False,0.00031999999999998696,False,False,0.00031999999999998696,,0,,-1,-1,-1,0,-1,-1,range,1,0.57774,0.57705,599,603,0.57774,0.57705,,613,0.57774,CTS_UPDATED,475,0.57111,,3,0.57774,0.57111,SEEK_PULLBACK,EST_OR_UPD,0,,,598
2025-12-03 21:30:00+00:00,0.57762,0.57764,0.5775,0.5775,68,0.00012000000000000899,0.000140000000000029,2.0000000000020002e-05,0.0,-1,0.57757,0.8571428571427439,maru,0,True,False,False,0.00031999999999998696,False,False,0.00031999999999998696,False,False,0.00031999999999998696,,0,,-1,-1,-1,0,-1,-1,range,1,0.57774,0.57705,599,603,0.57774,0.57705,,613,0.57774,,475,0.57111,,3,0.57774,0.57111,SEEK_PULLBACK,EST_OR_UPD,0,,,598
2025-12-03 21:45:00+00:00,0.5775,0.57755,0.5774,0.57742,250,7.999999999996898e-05,0.00014999999999998348,4.999999999999449e-05,2.0000000000020002e-05,-1,0.577475,0.5333333333331853,normal,0,False,False,False,0.00031999999999998696,False,False,0.00031999999999998696,False,False,0.00031999999999998696,,0,,-1,-1,-1,0,-1,-1,range,1,0.57774,0.57705,599,603,0.57774,0.57705,,613,0.57774,,475,0.57111,,3,0.57774,0.57111,SEEK_PULLBACK,EST_OR_UPD,0,,,598
2025-12-03 22:00:00+00:00,0.57714,0.57729,0.57714,0.57724,30,9.999999999998899e-05,0.00014999999999998348,4.999999999999449e-05,0.0,1,0.577215,0.6666666666666666,maru,0,True,False,False,0.00031999999999998696,False,False,0.00031999999999998696,False,False,0.00031999999999998696,,0,,-1,-1,-1,1,618,2,range,1,0.57774,0.57705,599,603,0.57774,0.57705,,613,0.57774,,475,0.57111,,3,0.57774,0.57111,SEEK_PULLBACK,EST_OR_UPD,0,,,598
2025-12-03 22:15:00+00:00,0.57726,0.57733,0.57714,0.57725,99,9.99999999995449e-06,0.00019000000000002348,7.00000000000145e-05,0.0001100000000000545,-1,0.5772349999999999,0.052631578947122386,pinbar,1,False,False,False,0.00031999999999998696,False,False,0.00031999999999998696,False,False,0.00031999999999998696,,0,,-1,-1,-1,1,619,2,range,1,0.57774,0.57705,599,603,0.57774,0.57705,,613,0.57774,,475,0.57111,,3,0.57774,0.57111,SEEK_PULLBACK,EST_OR_UPD,0,,,598
2025-12-03 22:30:00+00:00,0.57724,0.5773,0.57719,0.57729,256,4.999999999999449e-05,0.0001100000000000545,1.0000000000065512e-05,4.999999999999449e-05,1,0.577245,0.4545454545451793,normal,0,False,False,False,0.00031999999999998696,False,False,0.00031999999999998696,False,False,0.00031999999999998696,,0,,-1,-1,-1,1,621,3,range,1,0.57774,0.57705,599,603,0.57774,0.57705,,613,0.57774,,475,0.57111,,3,0.57774,0.57111,SEEK_PULLBACK,EST_OR_UPD,0,,,598
2025-12-03 22:45:00+00:00,0.57731,0.57732,0.5772,0.57725,342,5.999999999994898e-05,0.00012000000000000899,1.0000000000065512e-05,4.999999999999449e-05,-1,0.5772600000000001,0.4999999999995374,normal,0,False,False,False,0.00031999999999998696,False,False,0.00031999999999998696,False,False,0.00031999999999998696,one_maru_continuous,-1,CONFIRMED,614,615,619,1,621,2,range,1,0.57774,0.57705,599,603,0.57774,0.57705,,613,0.57774,,475,0.57111,,3,0.57774,0.57111,SEEK_PULLBACK,EST_OR_UPD,0,,,598
2025-12-03 23:00:00+00:00,0.57724,0.57742,0.57719,0.57733,257,9.00000000000345e-05,0.0002300000000000635,9.00000000000345e-05,4.999999999999449e-05,1,0.577305,0.39130434782612894,pinbar,0,False,False,False,0.00031999999999998696,False,False,0.00031999999999998696,False,False,0.00031999999999998696,,0,,-1,-1,-1,1,622,2,range,1,0.57774,0.57705,599,603,0.57774,0.57705,,613,0.57774,,475,0.57111,,3,0.57774,0.57111,SEEK_PULLBACK,EST_OR_UPD,0,,,598
2025-12-03 23:15:00+00:00,0.57732,0.57732,0.57721,0.57724,121,8.000000000008001e-05,0.0001100000000000545,0.0,2.999999999997449e-05,-1,0.577265,0.7272727272730943,maru,0,True,False,False,0.00031999999999998696,False,False,0.00031999999999998696,False,False,0.00031999999999998696,,0,,-1,-1,-1,1,623,2,range,1,0.57774,0.57705,599,603,0.57774,0.57705,,613,0.57774,,475,0.57111,,3,0.57774,0.57111,SEEK_PULLBACK,EST_OR_UPD,0,,,598
2025-12-03 23:30:00+00:00,0.57724,0.57736,0.57724,0.57736,136,0.00012000000000000899,0.00012000000000000899,0.0,0.0,1,0.5772999999999999,1.0,maru,0,True,False,True,0.00021999999999999797,False,False,0.00031999999999998696,False,False,0.00031999999999998696,,0,,-1,-1,-1,0,-1,-1,range,1,0.57774,0.57705,599,603,0.57774,0.57705,,613,0.57774,,475,0.57111,,3,0.57774,0.57111,SEEK_PULLBACK,EST_OR_UPD,0,,,598
2025-12-03 23:45:00+00:00,0.57736,0.57741,0.57716,0.57732,218,3.999999999992898e-05,0.00024999999999997247,4.999999999999449e-05,0.000160000000000049,-1,0.577285,0.15999999999973355,pinbar,1,False,False,False,0.00014999999999998348,False,False,0.00021999999999999797,False,False,0.00031999999999998696,,0,,-1,-1,-1,0,-1,-1,range,1,0.57774,0.57705,599,603,0.57774,0.57705,,613,0.57774,,475,0.57111,,3,0.57774,0.57111,SEEK_PULLBACK,EST_OR_UPD,0,,,598
