time,o,h,l,c,volume,body_len,candle_len,upper_wick,lower_wick,direction,mid_price,body_pct,candle_type,pinbar_dir,is_special_maru,is_big_maru_as0,is_big_normal_as0,prior_maru_max_len_as0,is_big_maru_as1,is_big_normal_as1,prior_maru_max_len_as1,is_big_maru_as2,is_big_normal_as2,prior_maru_max_len_as2,pat,pat_dir,pat_status,pat_start_idx,pat_end_idx,pat_confirm_idx,is_range,is_range_confirm_idx,is_range_lag,base_pattern,base_low,base_high,base_min_close_open,base_max_close_open,market_state,range_active,range_hi,range_lo,range_start_idx,range_confirm_idx,breakout_th,pullback_th,range_break_frac,cts_idx,cts_price,cts_event,bos_idx,bos_price,bos_event,cts_cycle_id,cts_threshold,bos_threshold,cycle_stage,cts_phase_debug,reversal_watch_active,reversal_bos_th_frozen,pending_reversal_anchor_idx,pending_reversal_apply_idx,structure_id,struct_direction,last_breakout_pat_apply_idx
2025-12-15 00:00:00+00:00,0.58016,0.58041,0.57978,0.5804,1930,0.00024000000000001798,0.0006300000000000194,9.99999999995449e-06,0.00038000000000004697,1,0.580095,0.38095238095239775,pinbar,0,False,False,False,0.0,False,False,0.0,False,False,0.0,,0,,-1,-1,-1,0,-1,-1,base,0.57978,0.58041,,,,0,-1.0,-1.0,-1,-1,,,,-1,,,-1,,,0,,,,,0,,-1,-1,-1,0,-1
2025-12-15 01:00:00+00:00,0.58038,0.58088,0.58013,0.58081,3392,0.00043000000000004146,0.0007499999999999174,6.999999999990347e-05,0.00024999999999997247,1,0.580505,0.5733333333334517,normal,0,True,False,False,0.0,False,False,0.0,False,False,0.0,,0,,-1,-1,-1,0,-1,-1,base,0.58013,0.58088,,,,0,-1.0,-1.0,-1,-1,,,,-1,,,-1,,,0,,,,,0,,-1,-1,-1,0,-1
2025-12-15 02:00:00+00:00,0.58078,0.5808,0.57746,0.5781,5921,0.0026800000000000157,0.0033400000000000096,2.0000000000020002e-05,0.0006399999999999739,-1,0.5791299999999999,0.8023952095808408,maru,0,True,False,False,0.0,False,False,0.0,False,False,0.0,,0,,-1,-1,-1,1,4,2,base,0.57746,0.5808,,,,0,-1.0,-1.0,-1,-1,,,,-1,,,-1,,,0,,,,,0,,-1,-1,-1,0,-1
2025-12-15 03:00:00+00:00,0.5781,0.57845,0.57676,0.57702,3523,0.0010799999999999699,0.0016899999999999693,0.0003500000000000725,0.00025999999999992696,-1,0.577605,0.6390532544378636,normal,0,True,False,True,0.0033400000000000096,False,False,0.0,False,False,0.0,,0,,-1,-1,-1,1,5,2,base,0.57676,0.57845,,,,0,-1.0,-1.0,-1,-1,,,,-1,,,-1,,,0,,,,,0,,-1,-1,-1,0,-1
2025-12-15 04:00:00+00:00,0.57702,0.57756,0.57656,0.5775,2363,0.00048000000000003595,0.0010000000000000009,5.999999999994898e-05,0.00046000000000001595,1,0.5770599999999999,0.4800000000000355,normal,0,False,False,False,0.0033400000000000096,False,False,0.0033400000000000096,False,False,0.0,,0,,-1,-1,-1,0,-1,-1,base,0.57656,0.57756,,,,0,-1.0,-1.0,-1,-1,,,,-1,,,-1,,,0,,,,,0,,-1,-1,-1,0,-1
2025-12-15 05:00:00+00:00,0.57751,0.57822,0.5775,0.57812,2322,0.0006099999999999994,0.0007199999999999429,9.999999999998899e-05,9.99999999995449e-06,1,0.57786,0.8472222222222886,maru,0,True,False,False,0.0033400000000000096,False,False,0.0033400000000000096,False,False,0.0033400000000000096,,0,,-1,-1,-1,1,8,3,base,0.5775,0.57822,,,,0,-1.0,-1.0,-1,-1,,,,-1,,,-1,,,0,,,,,0,,-1,-1,-1,0,-1
2025-12-15 06:00:00+00:00,0.57811,0.57854,0.5777,0.5785,2705,0.00039000000000000146,0.0008400000000000629,4.0000000000040004e-05,0.00041000000000002146,1,0.57812,0.4642857142856812,normal,0,False,False,False,0.0033400000000000096,False,False,0.0033400000000000096,False,False,0.0033400000000000096,,0,,-1,-1,-1,1,8,2,base,0.5777,0.57854,,,,0,-1.0,-1.0,-1,-1,,,,-1,,,-1,,,0,,,,,0,,-1,-1,-1,0,-1
2025-12-15 07:00:00+00:00,0.5785,0.5788,0.57828,0.5783,3121,0.00019999999999997797,0.0005199999999999649,0.00029999999999996696,2.0000000000020002e-05,-1,0.57854,0.3846153846153682,pinbar,0,False,False,False,0.0033400000000000096,False,False,0.0033400000000000096,False,False,0.0033400000000000096,,0,,-1,-1,-1,1,9,2,base,0.57828,0.5788,,,,0,-1.0,-1.0,-1,-1,,,,-1,,,-1,,,0,,,,,0,,-1,-1,-1,0,-1
2025-12-15 08:00:00+00:00,0.57832,0.57868,0.57785,0.57792,3301,0.00039999999999995595,0.0008299999999999974,0.00036000000000002697,7.00000000000145e-05,-1,0.578265,0.4819277108433219,normal,0,False,False,False,0.0033400000000000096,False,False,0.0033400000000000096,False,False,0.0033400000000000096,,0,,-1,-1,-1,1,10,2,base,0.57785,0.57868,,,,0,-1.0,-1.0,-1,-1,,,,-1,,,-1,,,0,,,,,0,,-1,-1,-1,0,-1
2025-12-15 09:00:00+00:00,0.57792,0.57868,0.57784,0.57862,2570,0.0007000000000000339,0.0008399999999999519,5.999999999994898e-05,7.999999999996898e-05,1,0.57826,0.8333333333334214,maru,0,True,False,False,0.0033400000000000096,False,False,0.0033400000000000096,False,False,0.0033400000000000096,,0,,-1,-1,-1,0,-1,-1,base,0.57784,0.57868,,,,0,-1.0,-1.0,-1,-1,,,,-1,,,-1,,,0,,,,,0,,-1,-1,-1,0,-1
2025-12-15 10:00:00+00:00,0.57858,0.57869,0.57803,0.57856,2770,2.0000000000020002e-05,0.0006599999999999939,0.0001100000000000545,0.0005299999999999194,-1,0.57836,0.030303030303060887,pinbar,0,False,False,False,0.0033400000000000096,False,False,0.0033400000000000096,False,False,0.0033400000000000096,,0,,-1,-1,-1,0,-1,-1,base,0.57803,0.57869,,,,0,-1.0,-1.0,-1,-1,,,,-1,,,-1,,,0,,,,,0,,-1,-1,-1,0,-1
2025-12-15 11:00:00+00:00,0.57856,0.57955,0.57851,0.57932,1877,0.0007599999999999829,0.001040000000000041,0.0002300000000000635,4.999999999999449e-05,1,0.5790299999999999,0.7307692307691857,maru,0,True,False,False,0.0033400000000000096,False,False,0.0033400000000000096,False,False,0.0033400000000000096,,0,,-1,-1,-1,1,13,2,base,0.57851,0.57955,,,,0,-1.0,-1.0,-1,-1,,,,-1,,,-1,,,0,,,,,0,,-1,-1,-1,0,-1
2025-12-15 12:00:00+00:00,0.5793,0.57975,0.57929,0.57942,1881,0.00012000000000000899,0.00046000000000001595,0.00032999999999994145,1.0000000000065512e-05,1,0.57952,0.2608695652174018,pinbar,0,False,False,False,0.0033400000000000096,False,False,0.0033400000000000096,False,False,0.0033400000000000096,,0,,-1,-1,-1,1,14,2,base,0.57929,0.57975,,,,0,-1.0,-1.0,-1,-1,,,,-1,,,-1,,,0,,,,,0,,-1,-1,-1,0,-1
2025-12-15 13:00:00+00:00,0.57943,0.5799,0.57917,0.57917,2316,0.000260000000000038,0.0007300000000000084,0.00046999999999997044,0.0,-1,0.5795349999999999,0.3561643835616918,pinbar,-1,False,False,False,0.0033400000000000096,False,False,0.0033400000000000096,False,False,0.0033400000000000096,,0,,-1,-1,-1,1,16,3,base,0.57917,0.5799,,,,0,-1.0,-1.0,-1,-1,,,,-1,,,-1,,,0,,,,,0,,-1,-1,-1,0,-1
2025-12-15 14:00:00+00:00,0.57914,0.58028,0.57892,0.57971,4252,0.0005699999999999594,0.0013600000000000279,0.0005700000000000705,0.00021999999999999797,1,0.5796,0.4191176470587851,normal,0,False,False,False,0.0033400000000000096,False,False,0.0033400000000000096,False,False,0.0033400000000000096,,0,,-1,-1,-1,1,16,2,base,0.57892,0.58028,,,,0,-1.0,-1.0,-1,-1,,,,-1,,,-1,,,0,,,,,0,,-1,-1,-1,0,-1
2025-12-15 15:00:00+00:00,0.5797,0.5803,0.5792,0.58022,6102,0.0005199999999999649,0.0010999999999999899,8.000000000008001e-05,0.0004999999999999449,1,0.57975,0.4727272727272452,normal,0,False,False,False,0.0033400000000000096,False,False,0.0033400000000000096,False,False,0.0033400000000000096,one_maru_continuous,1,CONFIRMED,11,12,15,0,-1,-1,base,0.5792,0.5803,,,,0,-1.0,-1.0,-1,-1,,,,-1,,,-1,,,0,,,,,0,,-1,-1,-1,0,-1
2025-12-15 16:00:00+00:00,0.58023,0.5803,0.579,0.57936,4239,0.0008700000000000374,0.0013000000000000789,7.00000000000145e-05,0.00036000000000002697,-1,0.57965,0.6692307692307574,maru,0,True,False,False,0.0033400000000000096,False,False,0.0033400000000000096,False,False,0.0033400000000000096,,0,,-1,-1,-1,0,-1,-1,base,0.579,0.5803,,,,0,-1.0,-1.0,-1,-1,,,,-1,,,-1,,,0,,,,,0,,-1,-1,-1,0,-1
2025-12-15 17:00:00+00:00,0.57935,0.57948,0.57866,0.57872,3399,0.0006300000000000194,0.0008200000000000429,0.00012999999999996348,6.0000000000060005e-05,-1,0.57907,0.7682926829268127,maru,0,True,False,False,0.0033400000000000096,False,False,0.0033400000000000096,False,False,0.0033400000000000096,,0,,-1,-1,-1,1,19,2,base,0.57866,0.57948,,,,0,-1.0,-1.0,-1,-1,,,,-1,,,-1,,,0,,,,,0,,-1,-1,-1,0,-1
2025-12-15 18:00:00+00:00,0.57872,0.57908,0.57828,0.57862,1809,9.999999999998899e-05,0.0008000000000000229,0.00036000000000002697,0.00034000000000000696,-1,0.5786800000000001,0.12499999999998265,pinbar,0,False,False,True,0.0013000000000000789,False,False,0.0033400000000000096,False,False,0.0033400000000000096,,0,,-1,-1,-1,1,20,2,base,0.57828,0.57908,,,,0,-1.0,-1.0,-1,-1,,,,-1,,,-1,,,0,,,,,0,,-1,-1,-1,0,-1
2025-12-15 19:00:00+00:00,0.57862,0.57882,0.57835,0.57878,1275,0.00015999999999993797,0.00046999999999997044,4.0000000000040004e-05,0.00026999999999999247,1,0.578585,0.34042553191478303,pinbar,0,False,False,False,0.0013000000000000789,False,False,0.0013000000000000789,False,False,0.0033400000000000096,,0,,-1,-1,-1,1,23,4,base,0.57835,0.57882,,,,0,-1.0,-1.0,-1,-1,,,,-1,,,-1,,,0,,,,,0,,-1,-1,-1,0,-1
2025-12-15 20:00:00+00:00,0.57877,0.57878,0.57842,0.57847,771,0.00029999999999996696,0.00035999999999991594,9.99999999995449e-06,4.999999999999449e-05,-1,0.5786,0.8333333333334362,maru,0,True,False,False,0.0013000000000000789,False,False,0.0013000000000000789,False,False,0.0013000000000000789,one_maru_continuous,-1,CONFIRMED,16,17,20,1,23,3,base,0.57842,0.57878,,,,0,-1.0,-1.0,-1,-1,,,,-1,,,-1,,,0,,,,,0,,-1,-1,-1,0,-1
2025-12-15 21:00:00+00:00,0.57845,0.57865,0.57825,0.5783,702,0.00014999999999998348,0.00039999999999995595,0.00019999999999997797,4.999999999999449e-05,-1,0.57845,0.375,pinbar,0,False,False,False,0.0013000000000000789,False,False,0.0013000000000000789,False,False,0.0013000000000000789,,0,,-1,-1,-1,1,23,2,base,0.57825,0.57865,,,,0,-1.0,-1.0,-1,-1,,,,-1,,,-1,,,0,,,,,0,,-1,-1,-1,0,-1
2025-12-15 22:00:00+00:00,0.57808,0.57828,0.57788,0.5781,1485,1.999999999990898e-05,0.00040000000000006697,0.000180000000000069,0.000200000000000089,1,0.5780799999999999,0.04999999999976408,pinbar,0,False,False,False,0.0013000000000000789,False,False,0.0013000000000000789,False,False,0.0013000000000000789,,0,,-1,-1,-1,0,-1,-1,base,0.57788,0.57828,,,,0,-1.0,-1.0,-1,-1,,,,-1,,,-1,,,0,,,,,0,,-1,-1,-1,0,-1
2025-12-15 23:00:00+00:00,0.57812,0.57894,0.57806,0.57856,1345,0.00043999999999999595,0.0008799999999999919,0.00038000000000004697,5.999999999994898e-05,1,0.5785,0.5,normal,0,True,True,True,0.0013000000000000789,True,True,0.0013000000000000789,True,True,0.0013000000000000789,,0,,-1,-1,-1,0,-1,-1,no base 2nd big,0.57712,0.57894,0.57722,0.57856,,0,-1.0,-1.0,-1,-1,,,,-1,,,-1,,,0,,,,,0,,-1,-1,-1,0,-1
2025-12-16 00:00:00+00:00,0.57856,0.57872,0.57712,0.57722,2848,0.0013400000000000079,0.0016000000000000458,0.000160000000000049,9.999999999998899e-05,-1,0.57792,0.8374999999999809,maru,0,True,True,True,0.0013000000000000789,True,True,0.0013000000000000789,True,True,0.0013000000000000789,,0,,-1,-1,-1,1,27,3,base,0.57712,0.57872,,,,0,-1.0,-1.0,-1,-1,,,,-1,,,-1,,,0,,,,,0,,-1,-1,-1,0,-1
2025-12-16 01:00:00+00:00,0.57722,0.57735,0.57582,0.5765,4269,0.0007199999999999429,0.0015300000000000313,0.0001300000000000745,0.0006800000000000139,-1,0.576585,0.4705882352940707,normal,0,False,True,True,0.0016000000000000458,True,True,0.0013000000000000789,True,True,0.0013000000000000789,one_maru_continuous,-1,SUCCESS,24,25,-1,0,-1,-1,base,0.57582,0.57735,,,,0,-1.0,-1.0,-1,-1,,,,-1,,,-1,,,0,,,,,0,,-1,-1,-1,0,-1
2025-12-16 02:00:00+00:00,0.5765,0.57699,0.57636,0.57682,3852,0.00031999999999998696,0.0006300000000000194,0.00017000000000000348,0.000140000000000029,1,0.576675,0.5079365079364716,normal,0,True,False,False,0.0016000000000000458,False,False,0.0016000000000000458,False,False,0.0013000000000000789,,0,,-1,-1,-1,0,-1,-1,base,0.57636,0.57699,,,,0,-1.0,-1.0,-1,-1,,,,-1,,,-1,,,0,,,,,0,,-1,-1,-1,0,-1
2025-12-16 03:00:00+00:00,0.5768,0.57772,0.57672,0.57768,2516,0.0008799999999999919,0.0010000000000000009,4.0000000000040004e-05,7.999999999996898e-05,1,0.5772200000000001,0.8799999999999911,maru,0,True,False,True,0.0016000000000000458,False,True,0.0016000000000000458,False,True,0.0016000000000000458,,0,,-1,-1,-1,0,-1,-1,base,0.57672,0.57772,,,,0,-1.0,-1.0,-1,-1,,,,-1,,,-1,,,0,,,,,0,,-1,-1,-1,0,-1
2025-12-16 04:00:00+00:00,0.57768,0.57818,0.57755,0.57792,2155,0.00024000000000001798,0.0006300000000000194,0.000260000000000038,0.00012999999999996348,1,0.5778650000000001,0.38095238095239775,pinbar,0,False,False,False,0.0016000000000000458,False,False,0.0016000000000000458,False,False,0.0016000000000000458,,0,,-1,-1,-1,0,-1,-1,base,0.57755,0.57818,,,,0,-1.0,-1.0,-1,-1,,,,-1,,,-1,,,0,,,,,0,,-1,-1,-1,0,-1
2025-12-16 05:00:00+00:00,0.5779,0.57816,0.5776,0.57775,2263,0.00014999999999998348,0.0005600000000000049,0.000260000000000038,0.00014999999999998348,-1,0.57788,0.267857142857111,pinbar,0,False,False,False,0.0016000000000000458,False,False,0.0016000000000000458,False,False,0.0016000000000000458,,0,,-1,-1,-1,0,-1,-1,base,0.5776,0.57816,,,,0,-1.0,-1.0,-1,-1,,,,-1,,,-1,,,0,,,,,0,,-1,-1,-1,0,-1
2025-12-16 06:00:00+00:00,0.57774,0.57856,0.57754,0.57844,2148,0.0006999999999999229,0.0010199999999999099,0.00012000000000000899,0.00019999999999997797,1,0.57805,0.6862745098039066,maru,0,True,False,True,0.0016000000000000458,False,True,0.0016000000000000458,False,True,0.0016000000000000458,one_maru_continuous,1,CONFIRMED,27,28,30,1,33,3,base,0.57754,0.57856,,,,0,-1.0,-1.0,-1,-1,,,,-1,,,-1,,,0,,,,,0,,-1,-1,-1,0,-1
2025-12-16 07:00:00+00:00,0.57844,0.5787,0.57822,0.5785,1628,6.0000000000060005e-05,0.00048000000000003595,0.00019999999999997797,0.00021999999999999797,1,0.57846,0.12500000000011566,pinbar,0,False,False,False,0.0016000000000000458,False,False,0.0016000000000000458,False,False,0.0016000000000000458,,0,,-1,-1,-1,1,33,2,base,0.57822,0.5787,,,,0,-1.0,-1.0,-1,-1,,,,-1,,,-1,,,0,,,,,0,,-1,-1,-1,0,-1
2025-12-16 08:00:00+00:00,0.57852,0.57914,0.5785,0.57876,2333,0.00024000000000001798,0.0006399999999999739,0.00037999999999993594,2.0000000000020002e-05,1,0.57882,0.37500000000004335,pinbar,0,False,False,False,0.0016000000000000458,False,False,0.0016000000000000458,False,False,0.0016000000000000458,,0,,-1,-1,-1,1,35,3,base,0.5785,0.57914,,,,0,-1.0,-1.0,-1,-1,,,,-1,,,-1,,,0,,,,,0,,-1,-1,-1,0,-1
2025-12-16 09:00:00+00:00,0.57878,0.57891,0.57831,0.57833,2304,0.00044999999999995044,0.0006000000000000449,0.0001300000000000745,2.0000000000020002e-05,-1,0.5786100000000001,0.7499999999998612,maru,0,True,False,False,0.0016000000000000458,False,False,0.0016000000000000458,False,False,0.0016000000000000458,,0,,-1,-1,-1,1,35,2,base,0.57831,0.57891,,,,0,-1.0,-1.0,-1,-1,,,,-1,,,-1,,,0,,,,,0,,-1,-1,-1,0,-1
2025-12-16 10:00:00+00:00,0.57832,0.57863,0.57816,0.57832,2450,0.0,0.00046999999999997044,0.00031000000000003247,0.00015999999999993797,0,0.578395,0.0,pinbar,0,False,False,False,0.0016000000000000458,False,False,0.0016000000000000458,False,False,0.0016000000000000458,,0,,-1,-1,-1,1,36,2,base,0.57816,0.57863,,,,0,-1.0,-1.0,-1,-1,,,,-1,,,-1,,,0,,,,,0,,-1,-1,-1,0,-1
2025-12-16 11:00:00+00:00,0.5783,0.57854,0.57807,0.57854,1492,0.00024000000000001798,0.00047000000000008146,0.0,0.0002300000000000635,1,0.5783050000000001,0.5106382978722902,normal,0,True,False,False,0.0016000000000000458,False,False,0.0016000000000000458,False,False,0.0016000000000000458,,0,,-1,-1,-1,0,-1,-1,base,0.57807,0.57854,,,,0,-1.0,-1.0,-1,-1,,,,-1,,,-1,,,0,,,,,0,,-1,-1,-1,0,-1
2025-12-16 12:00:00+00:00,0.57854,0.57862,0.5779,0.57851,2175,3.0000000000085514e-05,0.0007200000000000539,7.999999999996898e-05,0.0006099999999999994,-1,0.57826,0.041666666666782315,pinbar,0,False,False,False,0.0016000000000000458,False,False,0.0016000000000000458,False,False,0.0016000000000000458,,0,,-1,-1,-1,0,-1,-1,base,0.5779,0.57862,,,,0,-1.0,-1.0,-1,-1,,,,-1,,,-1,,,0,,,,,0,,-1,-1,-1,0,-1
2025-12-16 13:00:00+00:00,0.57854,0.58074,0.5777,0.57924,9063,0.0006999999999999229,0.0030400000000000427,0.0015000000000000568,0.0008400000000000629,1,0.5792200000000001,0.23026315789470825,pinbar,0,False,True,True,0.0016000000000000458,True,True,0.0016000000000000458,True,True,0.0016000000000000458,,0,,-1,-1,-1,1,39,2,base,0.5777,0.58074,,,,0,-1.0,-1.0,-1,-1,,,,-1,,,-1,,,0,,,,,0,,-1,-1,-1,0,-1
2025-12-16 14:00:00+00:00,0.57922,0.58061,0.5789,0.58042,8150,0.0012000000000000899,0.0017099999999999893,0.00018999999999991246,0.00031999999999998696,1,0.579755,0.7017543859649692,maru,0,True,True,True,0.0016000000000000458,True,True,0.0016000000000000458,True,True,0.0016000000000000458,,0,,-1,-1,-1,1,40,2,no base,0.57854,0.58061,0.57922,0.58044,,0,-1.0,-1.0,-1,-1,,,,-1,,,-1,,,0,,,,,0,,-1,-1,-1,0,-1
2025-12-16 15:00:00+00:00,0.58044,0.58048,0.57854,0.57924,7128,0.0011999999999999789,0.0019399999999999418,4.0000000000040004e-05,0.0006999999999999229,-1,0.57951,0.6185567010309355,normal,0,True,True,True,0.0017099999999999893,True,True,0.0016000000000000458,True,True,0.0016000000000000458,,0,,-1,-1,-1,1,41,2,base,0.57854,0.58048,,,,0,-1.0,-1.0,-1,-1,,,,-1,,,-1,,,0,,,,,0,,-1,-1,-1,0,-1
2025-12-16 16:00:00+00:00,0.57922,0.57942,0.5788,0.57926,4529,4.0000000000040004e-05,0.0006200000000000649,0.000160000000000049,0.00041999999999997595,1,0.57911,0.06451612903231582,pinbar,0,False,False,False,0.0017099999999999893,False,False,0.0017099999999999893,False,False,0.0016000000000000458,,0,,-1,-1,-1,1,43,3,base,0.5788,0.57942,,,,0,-1.0,-1.0,-1,-1,,,,-1,,,-1,,,0,,,,,0,,-1,-1,-1,0,-1
2025-12-16 17:00:00+00:00,0.57928,0.57988,0.5788,0.57892,3235,0.00036000000000002697,0.0010799999999999699,0.0005999999999999339,0.00012000000000000899,-1,0.57934,0.3333333333333676,pinbar,0,False,False,True,0.0017099999999999893,False,True,0.0017099999999999893,False,True,0.0017099999999999893,,0,,-1,-1,-1,1,43,2,base,0.5788,0.57988,,,,0,-1.0,-1.0,-1,-1,,,,-1,,,-1,,,0,,,,,0,,-1,-1,-1,0,-1
2025-12-16 18:00:00+00:00,0.57892,0.57892,0.57798,0.57872,2034,0.00019999999999997797,0.0009399999999999409,0.0,0.0007399999999999629,-1,0.57845,0.21276595744679846,pinbar,1,False,False,True,0.0017099999999999893,False,True,0.0017099999999999893,False,True,0.0017099999999999893,,0,,-1,-1,-1,1,44,2,base,0.57798,0.57892,,,,0,-1.0,-1.0,-1,-1,,,,-1,,,-1,,,0,,,,,0,,-1,-1,-1,0,-1
2025-12-16 19:00:00+00:00,0.5787,0.57909,0.57726,0.57884,3237,0.000140000000000029,0.0018299999999999983,0.00024999999999997247,0.0014399999999999968,1,0.578175,0.07650273224045308,pinbar,0,False,True,True,0.0017099999999999893,True,True,0.0017099999999999893,True,True,0.0017099999999999893,,0,,-1,-1,-1,1,45,2,base,0.57726,0.57909,,,,0,-1.0,-1.0,-1,-1,,,,-1,,,-1,,,0,,,,,0,,-1,-1,-1,0,-1
2025-12-16 20:00:00+00:00,0.57884,0.57923,0.5786,0.5788,1402,4.0000000000040004e-05,0.0006300000000000194,0.00039000000000000146,0.00019999999999997797,-1,0.5789150000000001,0.06349206349212504,pinbar,0,False,False,False,0.0017099999999999893,False,False,0.0017099999999999893,False,False,0.0017099999999999893,,0,,-1,-1,-1,1,49,5,base,0.5786,0.57923,,,,0,-1.0,-1.0,-1,-1,,,,-1,,,-1,,,0,,,,,0,,-1,-1,-1,0,-1
2025-12-16 21:00:00+00:00,0.57882,0.57882,0.57816,0.57834,810,0.00048000000000003595,0.0006599999999999939,0.0,0.00017999999999995797,-1,0.57849,0.7272727272727885,maru,0,True,False,False,0.0017099999999999893,False,False,0.0017099999999999893,False,False,0.0017099999999999893,,0,,-1,-1,-1,1,47,2,base,0.57816,0.57882,,,,0,-1.0,-1.0,-1,-1,,,,-1,,,-1,,,0,,,,,0,,-1,-1,-1,0,-1
2025-12-16 22:00:00+00:00,0.57826,0.57836,0.57798,0.57812,725,0.000140000000000029,0.00037999999999993594,9.999999999998899e-05,0.00013999999999991797,-1,0.5781700000000001,0.3684210526317173,pinbar,0,False,False,False,0.0017099999999999893,False,False,0.0017099999999999893,False,False,0.0017099999999999893,,0,,-1,-1,-1,1,48,2,base,0.57798,0.57836,,,,0,-1.0,-1.0,-1,-1,,,,-1,,,-1,,,0,,,,,0,,-1,-1,-1,0,-1
2025-12-16 23:00:00+00:00,0.5781,0.5787,0.5781,0.5784,726,0.000300000000000078,0.0006000000000000449,0.00029999999999996696,0.0,1,0.5784,0.5000000000000925,normal,0,True,False,False,0.0017099999999999893,False,False,0.0017099999999999893,False,False,0.0017099999999999893,,0,,-1,-1,-1,1,50,3,base,0.5781,0.5787,,,,0,-1.0,-1.0,-1,-1,,,,-1,,,-1,,,0,,,,,0,,-1,-1,-1,0,-1
2025-12-17 00:00:00+00:00,0.5784,0.5784,0.57761,0.57799,2242,0.00041000000000002146,0.0007900000000000684,0.0,0.00038000000000004697,-1,0.578005,0.5189873417721341,normal,0,True,False,False,0.0017099999999999893,False,False,0.0017099999999999893,False,False,0.0017099999999999893,,0,,-1,-1,-1,1,50,2,base,0.57761,0.5784,,,,0,-1.0,-1.0,-1,-1,,,,-1,,,-1,,,0,,,,,0,,-1,-1,-1,0,-1
2025-12-17 01:00:00+00:00,0.578,0.57889,0.57774,0.5788,3653,0.0008000000000000229,0.0011499999999999844,9.00000000000345e-05,0.00025999999999992696,1,0.578315,0.6956521739130729,maru,0,True,True,True,0.0017099999999999893,True,True,0.0017099999999999893,True,True,0.0017099999999999893,,0,,-1,-1,-1,1,51,2,base,0.57774,0.57889,,,,0,-1.0,-1.0,-1,-1,,,,-1,,,-1,,,0,,,,,0,,-1,-1,-1,0,-1
2025-12-17 02:00:00+00:00,0.57882,0.57885,0.57714,0.5782,4173,0.0006199999999999539,0.0017099999999999893,2.999999999997449e-05,0.001060000000000061,-1,0.577995,0.36257309941518,pinbar,0,False,True,True,0.0017099999999999893,True,True,0.0017099999999999893,True,True,0.0017099999999999893,,0,,-1,-1,-1,1,52,2,base,0.57714,0.57885,,,,0,-1.0,-1.0,-1,-1,,,,-1,,,-1,,,0,,,,,0,,-1,-1,-1,0,-1
2025-12-17 03:00:00+00:00,0.5782,0.57884,0.57796,0.57874,2444,0.0005399999999999849,0.0008799999999999919,9.999999999998899e-05,0.00024000000000001798,1,0.5784,0.6136363636363522,normal,0,True,False,True,0.0017099999999999893,False,True,0.0017099999999999893,False,True,0.0017099999999999893,,0,,-1,-1,-1,0,-1,-1,no base,0.5775,0.57884,0.5775,0.57875,,0,-1.0,-1.0,-1,-1,,,,-1,,,-1,,,0,,,,,0,,-1,-1,-1,0,-1
2025-12-17 04:00:00+00:00,0.57875,0.57875,0.5775,0.5775,2341,0.0012499999999999734,0.0012499999999999734,0.0,0.0,-1,0.578125,1.0,maru,0,True,True,True,0.0017099999999999893,True,True,0.0017099999999999893,True,True,0.0017099999999999893,,0,,-1,-1,-1,1,56,4,base,0.5775,0.57875,,,,0,-1.0,-1.0,-1,-1,,,,-1,,,-1,,,0,,,,,0,,-1,-1,-1,0,-1
2025-12-17 05:00:00+00:00,0.57752,0.57763,0.57722,0.57756,2333,3.999999999992898e-05,0.00041000000000002146,7.00000000000145e-05,0.000300000000000078,1,0.577425,0.09756097560957777,pinbar,0,False,False,False,0.0017099999999999893,False,False,0.0017099999999999893,False,False,0.0017099999999999893,one_maru_opposite,-1,SUCCESS,52,53,-1,0,-1,-1,base,0.57722,0.57763,,,,0,-1.0,-1.0,-1,-1,,,,-1,,,-1,,,0,,,,,0,,-1,-1,-1,0,-1
2025-12-17 06:00:00+00:00,0.57756,0.57771,0.57692,0.57711,2834,0.00044999999999995044,0.0007899999999999574,0.00014999999999998348,0.00019000000000002348,-1,0.577315,0.5696202531645249,normal,0,True,False,False,0.0017099999999999893,False,False,0.0017099999999999893,False,False,0.0017099999999999893,,0,,-1,-1,-1,1,56,2,base,0.57692,0.57771,,,,0,-1.0,-1.0,-1,-1,,,,-1,,,-1,,,0,,,,,0,,-1,-1,-1,0,-1
2025-12-17 07:00:00+00:00,0.5771,0.57736,0.57673,0.5772,4362,0.00010000000000010001,0.0006300000000000194,0.00015999999999993797,0.00036999999999998145,1,0.577045,0.15873015873031257,pinbar,0,False,False,False,0.0017099999999999893,False,False,0.0017099999999999893,False,False,0.0017099999999999893,,0,,-1,-1,-1,1,57,2,base,0.57673,0.57736,,,,0,-1.0,-1.0,-1,-1,,,,-1,,,-1,,,0,,,,,0,,-1,-1,-1,0,-1
2025-12-17 08:00:00+00:00,0.57718,0.57778,0.57686,0.5777,2922,0.0005199999999999649,0.0009199999999999209,7.999999999996898e-05,0.00031999999999998696,1,0.57732,0.5652173913043583,normal,0,True,False,True,0.0017099999999999893,False,True,0.0017099999999999893,False,True,0.0017099999999999893,,0,,-1,-1,-1,1,58,2,no base,0.57686,0.5779,0.57705,0.5777,,0,-1.0,-1.0,-1,-1,,,,-1,,,-1,,,0,,,,,0,,-1,-1,-1,0,-1
2025-12-17 09:00:00+00:00,0.5777,0.5779,0.57705,0.57705,2953,0.0006500000000000394,0.0008500000000000174,0.00019999999999997797,0.0,-1,0.577475,0.7647058823529719,maru,0,True,False,True,0.0017099999999999893,False,True,0.0017099999999999893,False,True,0.0017099999999999893,,0,,-1,-1,-1,1,59,2,no base,0.57691,0.5779,0.57705,0.57774,,0,-1.0,-1.0,-1,-1,,,,-1,,,-1,,,0,,,,,0,,-1,-1,-1,0,-1
2025-12-17 10:00:00+00:00,0.57705,0.57782,0.57691,0.57774,2364,0.0006900000000000794,0.0009099999999999664,7.999999999996898e-05,0.00013999999999991797,1,0.577365,0.7582417582418736,maru,0,True,False,True,0.0017099999999999893,False,True,0.0017099999999999893,False,True,0.0017099999999999893,,0,,-1,-1,-1,0,-1,-1,base,0.57691,0.57782,,,,0,-1.0,-1.0,-1,-1,,,,-1,,,-1,,,0,,,,,0,,-1,-1,-1,0,-1
2025-12-17 11:00:00+00:00,0.57774,0.57805,0.577,0.57734,2277,0.00040000000000006697,0.0010499999999999954,0.00030999999999992145,0.00034000000000000696,-1,0.577525,0.38095238095244643,pinbar,0,False,True,True,0.0012499999999999734,False,True,0.0017099999999999893,False,True,0.0017099999999999893,,0,,-1,-1,-1,1,61,2,base,0.577,0.57805,,,,0,-1.0,-1.0,-1,-1,,,,-1,,,-1,,,0,,,,,0,,-1,-1,-1,0,-1
2025-12-17 12:00:00+00:00,0.57735,0.57802,0.57735,0.57798,2241,0.0006300000000000194,0.0006699999999999484,3.999999999992898e-05,0.0,1,0.577685,0.940298507462788,maru,0,True,False,True,0.0012499999999999734,False,True,0.0012499999999999734,False,False,0.0017099999999999893,,0,,-1,-1,-1,1,64,4,base,0.57735,0.57802,,,,0,-1.0,-1.0,-1,-1,,,,-1,,,-1,,,0,,,,,0,,-1,-1,-1,0,-1
2025-12-17 13:00:00+00:00,0.578,0.57805,0.57719,0.57793,3630,6.999999999990347e-05,0.0008599999999999719,4.999999999999449e-05,0.0007400000000000739,-1,0.57762,0.08139534883709972,pinbar,0,False,True,True,0.0012499999999999734,True,True,0.0012499999999999734,True,True,0.0012499999999999734,,0,,-1,-1,-1,1,64,3,base,0.57719,0.57805,,,,0,-1.0,-1.0,-1,-1,,,,-1,,,-1,,,0,,,,,0,,-1,-1,-1,0,-1
2025-12-17 14:00:00+00:00,0.57792,0.5788,0.57768,0.57855,4722,0.0006300000000000194,0.0011200000000000099,0.00024999999999997247,0.00024000000000001798,1,0.57824,0.5625000000000124,normal,0,True,True,True,0.0012499999999999734,True,True,0.0012499999999999734,True,True,0.0012499999999999734,,0,,-1,-1,-1,0,-1,-1,no base star 2nd big,0.57768,0.57943,0.57758,0.57855,,0,-1.0,-1.0,-1,-1,,,,-1,,,-1,,,0,,,,,0,,-1,-1,-1,0,-1
2025-12-17 15:00:00+00:00,0.57854,0.57943,0.57794,0.57836,5398,0.000180000000000069,0.0014899999999999913,0.0008899999999999464,0.00041999999999997595,-1,0.578685,0.12080536912756379,pinbar,0,False,True,True,0.0012499999999999734,True,True,0.0012499999999999734,True,True,0.0012499999999999734,,0,,-1,-1,-1,0,-1,-1,base,0.57794,0.57943,,,,0,-1.0,-1.0,-1,-1,,,,-1,,,-1,,,0,,,,,0,,-1,-1,-1,0,-1
2025-12-17 16:00:00+00:00,0.57836,0.579,0.57737,0.57758,5188,0.0007800000000000029,0.0016299999999999093,0.0006399999999999739,0.00020999999999993246,-1,0.578185,0.4785276073619916,normal,0,False,True,True,0.0012499999999999734,True,True,0.0012499999999999734,True,True,0.0012499999999999734,,0,,-1,-1,-1,1,67,3,base,0.57737,0.579,,,,0,-1.0,-1.0,-1,-1,,,,-1,,,-1,,,0,,,,,0,,-1,-1,-1,0,-1
2025-12-17 17:00:00+00:00,0.57758,0.57796,0.57742,0.57764,3434,6.0000000000060005e-05,0.0005399999999999849,0.00031999999999998696,0.00015999999999993797,1,0.57769,0.11111111111122533,pinbar,0,False,False,False,0.0012499999999999734,False,False,0.0012499999999999734,False,False,0.0012499999999999734,,0,,-1,-1,-1,1,67,2,base,0.57742,0.57796,,,,0,-1.0,-1.0,-1,-1,,,,-1,,,-1,,,0,,,,,0,,-1,-1,-1,0,-1
2025-12-17 18:00:00+00:00,0.57764,0.57821,0.5772,0.57733,1840,0.00031000000000003247,0.0010099999999999554,0.0005699999999999594,0.00012999999999996348,-1,0.577705,0.30693069306935267,pinbar,0,False,True,True,0.0012499999999999734,True,True,0.0012499999999999734,True,True,0.0012499999999999734,,0,,-1,-1,-1,1,68,2,base,0.5772,0.57821,,,,0,-1.0,-1.0,-1,-1,,,,-1,,,-1,,,0,,,,,0,,-1,-1,-1,0,-1
2025-12-17 19:00:00+00:00,0.57734,0.57788,0.57731,0.5776,2043,0.000260000000000038,0.0005699999999999594,0.00027999999999994696,2.999999999997449e-05,1,0.577595,0.4561403508772921,normal,0,False,False,False,0.0012499999999999734,False,False,0.0012499999999999734,False,False,0.0012499999999999734,,0,,-1,-1,-1,1,69,2,base,0.57731,0.57788,,,,0,-1.0,-1.0,-1,-1,,,,-1,,,-1,,,0,,,,,0,,-1,-1,-1,0,-1
2025-12-17 20:00:00+00:00,0.57759,0.5782,0.57752,0.5776,2026,9.99999999995449e-06,0.0006800000000000139,0.0006000000000000449,7.00000000000145e-05,1,0.57786,0.014705882352873949,pinbar,0,False,False,True,0.0012499999999999734,False,True,0.0012499999999999734,False,True,0.0012499999999999734,,0,,-1,-1,-1,0,-1,-1,base,0.57752,0.5782,,,,0,-1.0,-1.0,-1,-1,,,,-1,,,-1,,,0,,,,,0,,-1,-1,-1,0,-1
2025-12-17 21:00:00+00:00,0.5776,0.57844,0.57738,0.57739,1458,0.00021000000000004349,0.0010599999999999499,0.0008399999999999519,9.99999999995449e-06,-1,0.5779099999999999,0.1981132075472202,pinbar,0,False,True,True,0.0012499999999999734,True,True,0.0012499999999999734,True,True,0.0012499999999999734,,0,,-1,-1,-1,0,-1,-1,base,0.57738,0.57844,,,,0,-1.0,-1.0,-1,-1,,,,-1,,,-1,,,0,,,,,0,,-1,-1,-1,0,-1
2025-12-17 22:00:00+00:00,0.57736,0.5779,0.57704,0.57706,2012,0.00029999999999996696,0.0008599999999999719,0.0005399999999999849,2.0000000000020002e-05,-1,0.5774699999999999,0.34883720930229856,pinbar,0,False,True,True,0.0012499999999999734,True,True,0.0012499999999999734,True,True,0.0012499999999999734,,0,,-1,-1,-1,0,-1,-1,base,0.57704,0.5779,,,,0,-1.0,-1.0,-1,-1,,,,-1,,,-1,,,0,,,,,0,,-1,-1,-1,0,-1
2025-12-17 23:00:00+00:00,0.57707,0.57734,0.57689,0.57691,1107,0.00015999999999993797,0.00044999999999995044,0.00026999999999999247,2.0000000000020002e-05,-1,0.577115,0.35555555555545687,pinbar,0,False,False,False,0.0012499999999999734,False,False,0.0012499999999999734,False,False,0.0012499999999999734,,0,,-1,-1,-1,0,-1,-1,base,0.57689,0.57734,,,,0,-1.0,-1.0,-1,-1,,,,-1,,,-1,,,0,,,,,0,,-1,-1,-1,0,-1
2025-12-18 00:00:00+00:00,0.57694,0.5771,0.57628,0.57668,2098,0.000260000000000038,0.0008199999999999319,0.00015999999999993797,0.00039999999999995595,-1,0.5766899999999999,0.31707317073178,pinbar,0,False,True,True,0.0012499999999999734,True,True,0.0012499999999999734,True,True,0.0012499999999999734,,0,,-1,-1,-1,1,74,2,base,0.57628,0.5771,,,,0,-1.0,-1.0,-1,-1,,,,-1,,,-1,,,0,,,,,0,,-1,-1,-1,0,-1
2025-12-18 01:00:00+00:00,0.57667,0.57704,0.57608,0.57646,3184,0.00021000000000004349,0.0009599999999999609,0.00036999999999998145,0.00037999999999993594,-1,0.57656,0.2187500000000542,pinbar,0,False,True,True,0.0012499999999999734,True,True,0.0012499999999999734,True,True,0.0012499999999999734,,0,,-1,-1,-1,1,76,3,base,0.57608,0.57704,,,,0,-1.0,-1.0,-1,-1,,,,-1,,,-1,,,0,,,,,0,,-1,-1,-1,0,-1
2025-12-18 02:00:00+00:00,0.57648,0.57707,0.57635,0.57652,3015,4.0000000000040004e-05,0.0007199999999999429,0.0005499999999999394,0.00012999999999996348,1,0.5767100000000001,0.05555555555561552,pinbar,0,False,False,True,0.0012499999999999734,False,True,0.0012499999999999734,False,True,0.0012499999999999734,,0,,-1,-1,-1,1,77,3,base,0.57635,0.57707,,,,0,-1.0,-1.0,-1,-1,,,,-1,,,-1,,,0,,,,,0,,-1,-1,-1,0,-1
2025-12-18 03:00:00+00:00,0.57651,0.57676,0.57546,0.5756,2003,0.0009099999999999664,0.0013000000000000789,0.0002500000000000835,0.000140000000000029,-1,0.57611,0.6999999999999317,maru,0,True,True,True,0.0012499999999999734,True,True,0.0012499999999999734,True,True,0.0012499999999999734,,0,,-1,-1,-1,1,77,2,base,0.57546,0.57676,,,,0,-1.0,-1.0,-1,-1,,,,-1,,,-1,,,0,,,,,0,,-1,-1,-1,0,-1
2025-12-18 04:00:00+00:00,0.57559,0.57612,0.57558,0.57612,1467,0.0005299999999999194,0.0005399999999999849,0.0,1.0000000000065512e-05,1,0.57585,0.9814814814813596,maru,0,True,False,False,0.0013000000000000789,False,False,0.0012499999999999734,False,False,0.0012499999999999734,,0,,-1,-1,-1,0,-1,-1,base,0.57558,0.57612,,,,0,-1.0,-1.0,-1,-1,,,,-1,,,-1,,,0,,,,,0,,-1,-1,-1,0,-1
2025-12-18 05:00:00+00:00,0.57615,0.5766,0.57606,0.57644,2108,0.00028999999999990145,0.0005399999999999849,0.000160000000000049,9.00000000000345e-05,1,0.57633,0.5370370370368696,normal,0,True,False,False,0.0013000000000000789,False,False,0.0013000000000000789,False,False,0.0012499999999999734,,0,,-1,-1,-1,1,79,2,base,0.57606,0.5766,,,,0,-1.0,-1.0,-1,-1,,,,-1,,,-1,,,0,,,,,0,,-1,-1,-1,0,-1
2025-12-18 06:00:00+00:00,0.57644,0.57655,0.57585,0.5762,2293,0.00023999999999990695,0.0007000000000000339,0.0001100000000000545,0.0003500000000000725,-1,0.5762,0.3428571428569933,pinbar,0,False,False,True,0.0013000000000000789,False,True,0.0013000000000000789,False,True,0.0013000000000000789,,0,,-1,-1,-1,1,80,2,base,0.57585,0.57655,,,,0,-1.0,-1.0,-1,-1,,,,-1,,,-1,,,0,,,,,0,,-1,-1,-1,0,-1
2025-12-18 07:00:00+00:00,0.57618,0.57682,0.57617,0.5764,3289,0.00021999999999999797,0.0006500000000000394,0.00041999999999997595,1.0000000000065512e-05,1,0.576495,0.33846153846151483,pinbar,0,False,False,True,0.0013000000000000789,False,True,0.0013000000000000789,False,True,0.0013000000000000789,,0,,-1,-1,-1,1,81,2,base,0.57617,0.57682,,,,0,-1.0,-1.0,-1,-1,,,,-1,,,-1,,,0,,,,,0,,-1,-1,-1,0,-1
2025-12-18 08:00:00+00:00,0.57639,0.57666,0.57603,0.5764,2957,1.0000000000065512e-05,0.0006299999999999084,0.00025999999999992696,0.00035999999999991594,1,0.576345,0.01587301587312217,pinbar,0,False,False,False,0.0013000000000000789,False,False,0.0013000000000000789,False,False,0.0013000000000000789,,0,,-1,-1,-1,1,83,3,base,0.57603,0.57666,,,,0,-1.0,-1.0,-1,-1,,,,-1,,,-1,,,0,,,,,0,,-1,-1,-1,0,-1
2025-12-18 09:00:00+00:00,0.5764,0.57648,0.57586,0.57635,2935,4.999999999999449e-05,0.0006199999999999539,7.999999999996898e-05,0.0004899999999999904,-1,0.5761700000000001,0.08064516129031969,pinbar,0,False,False,False,0.0013000000000000789,False,False,0.0013000000000000789,False,False,0.0013000000000000789,,0,,-1,-1,-1,1,84,3,base,0.57586,0.57648,,,,0,-1.0,-1.0,-1,-1,,,,-1,,,-1,,,0,,,,,0,,-1,-1,-1,0,-1
2025-12-18 10:00:00+00:00,0.57634,0.57688,0.5763,0.5767,1806,0.00036000000000002697,0.0005799999999999139,0.00017999999999995797,3.999999999992898e-05,1,0.5765899999999999,0.6206896551725524,normal,0,True,False,False,0.0013000000000000789,False,False,0.0013000000000000789,False,False,0.0013000000000000789,,0,,-1,-1,-1,1,84,2,base,0.5763,0.57688,,,,0,-1.0,-1.0,-1,-1,,,,-1,,,-1,,,0,,,,,0,,-1,-1,-1,0,-1
2025-12-18 11:00:00+00:00,0.57669,0.57681,0.57646,0.57664,1701,4.999999999999449e-05,0.0003500000000000725,0.00012000000000000899,0.000180000000000069,-1,0.576635,0.14285714285709755,pinbar,0,False,False,False,0.0013000000000000789,False,False,0.0013000000000000789,False,False,0.0013000000000000789,,0,,-1,-1,-1,0,-1,-1,base,0.57646,0.57681,,,,0,-1.0,-1.0,-1,-1,,,,-1,,,-1,,,0,,,,,0,,-1,-1,-1,0,-1
2025-12-18 12:00:00+00:00,0.57662,0.57704,0.5761,0.57638,2969,0.00024000000000001798,0.0009400000000000519,0.00041999999999997595,0.000280000000000058,-1,0.57657,0.25531914893617524,pinbar,0,False,True,True,0.0013000000000000789,True,True,0.0013000000000000789,True,True,0.0013000000000000789,,0,,-1,-1,-1,0,-1,-1,base,0.5761,0.57704,,,,0,-1.0,-1.0,-1,-1,,,,-1,,,-1,,,0,,,,,0,,-1,-1,-1,0,-1
2025-12-18 13:00:00+00:00,0.5764,0.57884,0.57623,0.57798,7257,0.0015800000000000258,0.002610000000000001,0.0008599999999999719,0.00017000000000000348,1,0.577535,0.6053639846743392,normal,0,True,True,True,0.0013000000000000789,True,True,0.0013000000000000789,True,True,0.0013000000000000789,,0,,-1,-1,-1,1,87,2,base,0.57623,0.57884,,,,0,-1.0,-1.0,-1,-1,,,,-1,,,-1,,,0,,,,,0,,-1,-1,-1,0,-1
2025-12-18 14:00:00+00:00,0.57796,0.57875,0.57748,0.57786,7004,9.999999999998899e-05,0.0012699999999999934,0.0007899999999999574,0.00038000000000004697,-1,0.5781149999999999,0.0787401574803067,pinbar,0,False,True,True,0.0013000000000000789,True,True,0.0013000000000000789,True,True,0.0013000000000000789,,0,,-1,-1,-1,1,88,2,base,0.57748,0.57875,,,,0,-1.0,-1.0,-1,-1,,,,-1,,,-1,,,0,,,,,0,,-1,-1,-1,0,-1
2025-12-18 15:00:00+00:00,0.57786,0.57822,0.57696,0.57779,5679,7.00000000000145e-05,0.0012599999999999278,0.00035999999999991594,0.0008299999999999974,-1,0.57759,0.05555555555557024,pinbar,0,False,True,True,0.0013000000000000789,True,True,0.0013000000000000789,True,True,0.0013000000000000789,,0,,-1,-1,-1,1,89,2,base,0.57696,0.57822,,,,0,-1.0,-1.0,-1,-1,,,,-1,,,-1,,,0,,,,,0,,-1,-1,-1,0,-1
2025-12-18 16:00:00+00:00,0.57778,0.57872,0.57771,0.57792,4269,0.000140000000000029,0.0010100000000000664,0.0008000000000000229,7.00000000000145e-05,1,0.5782149999999999,0.1386138613861582,pinbar,0,False,True,True,0.0013000000000000789,True,True,0.0013000000000000789,True,True,0.0013000000000000789,,0,,-1,-1,-1,0,-1,-1,base,0.57771,0.57872,,,,0,-1.0,-1.0,-1,-1,,,,-1,,,-1,,,0,,,,,0,,-1,-1,-1,0,-1
2025-12-18 17:00:00+00:00,0.57792,0.57799,0.57664,0.57735,4908,0.0005699999999999594,0.0013499999999999623,7.00000000000145e-05,0.0007099999999999884,-1,0.577315,0.42222222222220396,normal,0,False,True,True,0.0013000000000000789,True,True,0.0013000000000000789,True,True,0.0013000000000000789,,0,,-1,-1,-1,1,91,2,base,0.57664,0.57799,,,,0,-1.0,-1.0,-1,-1,,,,-1,,,-1,,,0,,,,,0,,-1,-1,-1,0,-1
2025-12-18 18:00:00+00:00,0.57735,0.5777,0.57712,0.57742,1858,7.00000000000145e-05,0.0005800000000000249,0.00027999999999994696,0.0002300000000000635,1,0.57741,0.12068965517243359,pinbar,0,False,False,False,0.0013000000000000789,False,False,0.0013000000000000789,False,False,0.0013000000000000789,,0,,-1,-1,-1,1,92,2,base,0.57712,0.5777,,,,0,-1.0,-1.0,-1,-1,,,,-1,,,-1,,,0,,,,,0,,-1,-1,-1,0,-1
2025-12-18 19:00:00+00:00,0.57742,0.57754,0.57716,0.57726,2546,0.000160000000000049,0.00038000000000004697,0.00012000000000000899,9.999999999998899e-05,-1,0.57735,0.42105263157902423,normal,0,False,False,False,0.0013000000000000789,False,False,0.0013000000000000789,False,False,0.0013000000000000789,,0,,-1,-1,-1,1,94,3,base,0.57716,0.57754,,,,0,-1.0,-1.0,-1,-1,,,,-1,,,-1,,,0,,,,,0,,-1,-1,-1,0,-1
2025-12-18 20:00:00+00:00,0.57722,0.57751,0.5771,0.57724,1207,2.0000000000020002e-05,0.00041000000000002146,0.00026999999999999247,0.00012000000000000899,1,0.577305,0.04878048780492428,pinbar,0,False,False,False,0.0013000000000000789,False,False,0.0013000000000000789,False,False,0.0013000000000000789,,0,,-1,-1,-1,1,94,2,base,0.5771,0.57751,,,,0,-1.0,-1.0,-1,-1,,,,-1,,,-1,,,0,,,,,0,,-1,-1,-1,0,-1
2025-12-18 21:00:00+00:00,0.57722,0.5776,0.57722,0.57756,629,0.00034000000000000696,0.00038000000000004697,4.0000000000040004e-05,0.0,1,0.57741,0.8947368421051709,maru,0,True,False,False,0.0013000000000000789,False,False,0.0013000000000000789,False,False,0.0013000000000000789,,0,,-1,-1,-1,1,95,2,base,0.57722,0.5776,,,,0,-1.0,-1.0,-1,-1,,,,-1,,,-1,,,0,,,,,0,,-1,-1,-1,0,-1
2025-12-18 22:00:00+00:00,0.5772,0.57748,0.57706,0.5773,733,9.999999999998899e-05,0.00041999999999997595,0.00017999999999995797,0.000140000000000029,1,0.57727,0.2380952380952255,pinbar,0,False,False,False,0.0013000000000000789,False,False,0.0013000000000000789,False,False,0.0013000000000000789,,0,,-1,-1,-1,1,97,3,base,0.57706,0.57748,,,,0,-1.0,-1.0,-1,-1,,,,-1,,,-1,,,0,,,,,0,,-1,-1,-1,0,-1
2025-12-18 23:00:00+00:00,0.57728,0.57774,0.57726,0.5775,727,0.00021999999999999797,0.00048000000000003595,0.00024000000000001798,2.0000000000020002e-05,1,0.5775,0.4583333333332948,normal,0,False,False,False,0.0013000000000000789,False,False,0.0013000000000000789,False,False,0.0013000000000000789,,0,,-1,-1,-1,0,-1,-1,base,0.57726,0.57774,,,,0,-1.0,-1.0,-1,-1,,,,-1,,,-1,,,0,,,,,0,,-1,-1,-1,0,-1
2025-12-19 00:00:00+00:00,0.57749,0.57826,0.57706,0.57807,2661,0.0005800000000000249,0.0011999999999999789,0.00019000000000002348,0.00042999999999993044,1,0.5776600000000001,0.48333333333336265,normal,0,False,True,True,0.0013000000000000789,True,True,0.0013000000000000789,True,True,0.0013000000000000789,,0,,-1,-1,-1,0,-1,-1,no base,0.57706,0.57834,0.57724,0.57809,,0,-1.0,-1.0,-1,-1,,,,-1,,,-1,,,0,,,,,0,,-1,-1,-1,0,-1
2025-12-19 01:00:00+00:00,0.57809,0.57834,0.57709,0.57724,3099,0.0008500000000000174,0.0012499999999999734,0.00024999999999997247,0.00014999999999998348,-1,0.577715,0.6800000000000285,maru,0,True,True,True,0.0013000000000000789,True,True,0.0013000000000000789,True,True,0.0013000000000000789,,0,,-1,-1,-1,0,-1,-1,base,0.57709,0.57834,,,,0,-1.0,-1.0,-1,-1,,,,-1,,,-1,,,0,,,,,0,,-1,-1,-1,0,-1
2025-12-19 02:00:00+00:00,0.57722,0.57756,0.57664,0.57678,2384,0.00043999999999999595,0.0009199999999999209,0.00034000000000000696,0.00013999999999991797,-1,0.5771,0.4782608695652541,normal,0,False,True,True,0.0013000000000000789,True,True,0.0013000000000000789,True,True,0.0013000000000000789,one_maru_continuous,-1,SUCCESS,97,98,-1,0,-1,-1,base,0.57664,0.57756,,,,0,-1.0,-1.0,-1,-1,,,,-1,,,-1,,,0,,,,,0,,-1,-1,-1,0,-1
2025-12-19 03:00:00+00:00,0.5768,0.57698,0.57644,0.57648,3231,0.00031999999999998696,0.000540000000000096,0.000180000000000069,4.0000000000040004e-05,-1,0.5767100000000001,0.5925925925924631,normal,0,True,False,False,0.0013000000000000789,False,False,0.0013000000000000789,False,False,0.0013000000000000789,,0,,-1,-1,-1,0,-1,-1,base,0.57644,0.57698,,,,0,-1.0,-1.0,-1,-1,,,,-1,,,-1,,,0,,,,,0,,-1,-1,-1,0,-1
2025-12-19 04:00:00+00:00,0.57648,0.5766,0.57594,0.57621,1596,0.00026999999999999247,0.0006599999999999939,0.00012000000000000899,0.00026999999999999247,-1,0.5762700000000001,0.40909090909090146,normal,0,False,False,True,0.0013000000000000789,False,True,0.0013000000000000789,False,True,0.0013000000000000789,,0,,-1,-1,-1,1,102,2,base,0.57594,0.5766,,,,0,-1.0,-1.0,-1,-1,,,,-1,,,-1,,,0,,,,,0,,-1,-1,-1,0,-1
2025-12-19 05:00:00+00:00,0.57621,0.57626,0.57584,0.57586,1585,0.00034999999999996145,0.00041999999999997595,4.999999999999449e-05,2.0000000000020002e-05,-1,0.57605,0.8333333333332893,maru,0,True,False,False,0.0013000000000000789,False,False,0.0013000000000000789,False,False,0.0013000000000000789,,0,,-1,-1,-1,0,-1,-1,base,0.57584,0.57626,,,,0,-1.0,-1.0,-1,-1,,,,-1,,,-1,,,0,,,,,0,,-1,-1,-1,0,-1
2025-12-19 06:00:00+00:00,0.57586,0.57637,0.57561,0.576,2614,0.00013999999999991797,0.0007600000000000939,0.0003700000000000925,0.0002500000000000835,1,0.57599,0.18421052631565876,pinbar,0,False,False,True,0.0013000000000000789,False,True,0.0013000000000000789,False,True,0.0013000000000000789,,0,,-1,-1,-1,0,-1,-1,base,0.57561,0.57637,,,,0,-1.0,-1.0,-1,-1,,,,-1,,,-1,,,0,,,,,0,,-1,-1,-1,0,-1
2025-12-19 07:00:00+00:00,0.576,0.57622,0.57449,0.57472,3452,0.0012799999999999478,0.0017300000000000093,0.00021999999999999797,0.0002300000000000635,-1,0.575355,0.7398843930635497,maru,0,True,True,True,0.0013000000000000789,True,True,0.0013000000000000789,True,True,0.0013000000000000789,,0,,-1,-1,-1,1,105,2,base,0.57449,0.57622,,,,0,-1.0,-1.0,-1,-1,,,,-1,,,-1,,,0,,,,,0,,-1,-1,-1,0,-1
2025-12-19 08:00:00+00:00,0.57471,0.5753,0.57454,0.57494,2947,0.00022999999999995246,0.0007599999999999829,0.00036000000000002697,0.00017000000000000348,1,0.5749200000000001,0.3026315789473127,pinbar,0,False,False,False,0.0017300000000000093,False,True,0.0013000000000000789,False,True,0.0013000000000000789,,0,,-1,-1,-1,1,106,2,base,0.57454,0.5753,,,,0,-1.0,-1.0,-1,-1,,,,-1,,,-1,,,0,,,,,0,,-1,-1,-1,0,-1
2025-12-19 09:00:00+00:00,0.57494,0.57522,0.57454,0.57488,2591,6.0000000000060005e-05,0.0006799999999999029,0.00027999999999994696,0.00033999999999989594,-1,0.5748800000000001,0.0882352941177479,pinbar,0,False,False,False,0.0017300000000000093,False,False,0.0017300000000000093,False,True,0.0013000000000000789,,0,,-1,-1,-1,1,107,2,base,0.57454,0.57522,,,,0,-1.0,-1.0,-1,-1,,,,-1,,,-1,,,0,,,,,0,,-1,-1,-1,0,-1
2025-12-19 10:00:00+00:00,0.57487,0.57508,0.57461,0.57502,2551,0.00014999999999998348,0.00047000000000008146,6.0000000000060005e-05,0.000260000000000038,1,0.574845,0.3191489361701223,pinbar,0,False,False,False,0.0017300000000000093,False,False,0.0017300000000000093,False,False,0.0017300000000000093,,0,,-1,-1,-1,0,-1,-1,base,0.57461,0.57508,,,,0,-1.0,-1.0,-1,-1,,,,-1,,,-1,,,0,,,,,0,,-1,-1,-1,0,-1
2025-12-19 11:00:00+00:00,0.575,0.57504,0.57435,0.57458,1977,0.00041999999999997595,0.0006899999999999684,4.0000000000040004e-05,0.00022999999999995246,-1,0.574695,0.6086956521739061,normal,0,True,False,False,0.0017300000000000093,False,False,0.0017300000000000093,False,False,0.0017300000000000093,,0,,-1,-1,-1,1,109,2,base,0.57435,0.57504,,,,0,-1.0,-1.0,-1,-1,,,,-1,,,-1,,,0,,,,,0,,-1,-1,-1,0,-1
2025-12-19 12:00:00+00:00,0.57456,0.57462,0.57412,0.57412,1965,0.00043999999999999595,0.000500000000000056,6.0000000000060005e-05,0.0,-1,0.57437,0.8799999999998934,maru,0,True,False,False,0.0017300000000000093,False,False,0.0017300000000000093,False,False,0.0017300000000000093,one_maru_opposite,-1,CONFIRMED,103,104,108,0,-1,-1,base,0.57412,0.57462,,,,0,-1.0,-1.0,-1,-1,,,,-1,,,-1,,,0,,,,,0,,-1,-1,-1,0,-1
2025-12-19 13:00:00+00:00,0.57414,0.57454,0.5736,0.57452,2751,0.00038000000000004697,0.0009400000000000519,2.0000000000020002e-05,0.0005399999999999849,1,0.5740700000000001,0.4042553191489638,pinbar,0,False,False,True,0.0017300000000000093,False,True,0.0017300000000000093,False,True,0.0017300000000000093,,0,,-1,-1,-1,0,-1,-1,base,0.5736,0.57454,,,none,0,,,-1,-1,,,1.0,-1,,,-1,,,0,,,NONE,NONE,0,,-1,-1,0,1,-1
2025-12-19 14:00:00+00:00,0.57454,0.5758,0.57446,0.57568,4836,0.0011399999999999189,0.0013400000000000079,0.00012000000000000899,8.000000000008001e-05,1,0.5751299999999999,0.8507462686566509,maru,0,True,True,True,0.0017300000000000093,True,True,0.0017300000000000093,True,True,0.0017300000000000093,,0,,-1,-1,-1,0,-1,-1,base,0.57446,0.5758,,,none,0,,,-1,-1,,,,-1,,,-1,,,0,,,NONE,NONE,0,,-1,-1,0,1,-1
2025-12-19 15:00:00+00:00,0.57564,0.57601,0.57483,0.57522,4365,0.00042000000000008697,0.0011800000000000699,0.00036999999999998145,0.00039000000000000146,-1,0.57542,0.35593220338988313,pinbar,0,False,True,True,0.0017300000000000093,True,True,0.0017300000000000093,True,True,0.0017300000000000093,,0,,-1,-1,-1,1,113,2,base,0.57483,0.57601,,,none,0,,,-1,-1,,,,-1,,,-1,,,0,,,NONE,NONE,0,,-1,-1,0,1,-1
2025-12-19 16:00:00+00:00,0.57522,0.57601,0.57515,0.5759,3267,0.0006800000000000139,0.0008599999999999719,0.0001100000000000545,6.999999999990347e-05,1,0.57558,0.7906976744186467,maru,0,True,False,True,0.0017300000000000093,False,True,0.0017300000000000093,False,True,0.0017300000000000093,,0,,-1,-1,-1,1,116,4,base,0.57515,0.57601,,,none,0,,,-1,-1,,,,-1,,,-1,,,0,,,NONE,NONE,0,,-1,-1,0,1,-1
2025-12-19 17:00:00+00:00,0.5759,0.5761,0.57556,0.57594,2263,4.0000000000040004e-05,0.0005399999999999849,0.00015999999999993797,0.00034000000000000696,1,0.57583,0.07407407407415022,pinbar,0,False,False,False,0.0017300000000000093,False,False,0.0017300000000000093,False,False,0.0017300000000000093,,0,,-1,-1,-1,1,116,3,base,0.57556,0.5761,,,none,0,,,-1,-1,,,,-1,,,-1,,,0,,,NONE,NONE,0,,-1,-1,0,1,-1
2025-12-19 18:00:00+00:00,0.57594,0.57657,0.57592,0.57615,1663,0.00021000000000004349,0.0006500000000000394,0.00041999999999997595,2.0000000000020002e-05,1,0.576245,0.3230769230769704,pinbar,0,False,False,False,0.0017300000000000093,False,False,0.0017300000000000093,False,False,0.0017300000000000093,,0,,-1,-1,-1,0,-1,-1,base,0.57592,0.57657,,,none,0,,,-1,-1,,,,-1,,,-1,,,0,,,NONE,NONE,0,,-1,-1,0,1,-1
2025-12-19 19:00:00+00:00,0.57614,0.57648,0.57606,0.57644,1244,0.00029999999999996696,0.00041999999999997595,4.0000000000040004e-05,7.999999999996898e-05,1,0.5762700000000001,0.7142857142856766,maru,0,True,False,False,0.0017300000000000093,False,False,0.0017300000000000093,False,False,0.0017300000000000093,,0,,-1,-1,-1,1,120,5,base,0.57606,0.57648,,,none,0,,,-1,-1,,,,-1,,,-1,,,0,,,NONE,NONE,0,,-1,-1,0,1,-1
2025-12-19 20:00:00+00:00,0.57642,0.57654,0.57558,0.57581,739,0.0006099999999999994,0.0009600000000000719,0.00012000000000000899,0.0002300000000000635,-1,0.57606,0.6354166666666184,normal,0,True,False,True,0.0017300000000000093,False,True,0.0017300000000000093,False,True,0.0017300000000000093,,0,,-1,-1,-1,1,119,3,base,0.57558,0.57654,,,none,0,,,-1,-1,,,,-1,,,-1,,,0,,,NONE,NONE,0,,-1,-1,0,1,-1
2025-12-19 21:00:00+00:00,0.57582,0.57592,0.57531,0.57558,1533,0.00024000000000001798,0.0006099999999999994,9.999999999998899e-05,0.00026999999999999247,-1,0.575615,0.39344262295084953,pinbar,0,False,False,False,0.0017300000000000093,False,False,0.0017300000000000093,False,False,0.0017300000000000093,,0,,-1,-1,-1,1,119,2,base,0.57531,0.57592,,,none,0,,,-1,-1,,,,-1,,,-1,,,0,,,NONE,NONE,0,,-1,-1,0,1,-1
2025-12-21 22:00:00+00:00,0.57539,0.57545,0.57464,0.57503,1013,0.00035999999999991594,0.0008099999999999774,6.0000000000060005e-05,0.00039000000000000146,-1,0.575045,0.44444444444435305,normal,0,False,False,False,0.0017300000000000093,False,False,0.0017300000000000093,False,False,0.0017300000000000093,,0,,-1,-1,-1,0,-1,-1,base,0.57464,0.57545,,,none,0,,,-1,-1,,,,-1,,,-1,,,0,,,NONE,NONE,0,,-1,-1,0,1,-1
2025-12-21 23:00:00+00:00,0.57503,0.57574,0.57503,0.57562,3972,0.0005899999999999794,0.0007099999999999884,0.00012000000000000899,0.0,1,0.575385,0.8309859154929423,maru,0,True,False,False,0.0017300000000000093,False,False,0.0017300000000000093,False,False,0.0017300000000000093,,0,,-1,-1,-1,0,-1,-1,base,0.57503,0.57574,,,none,0,,,-1,-1,,,,-1,,,-1,,,0,,,NONE,NONE,0,,-1,-1,0,1,-1
2025-12-22 00:00:00+00:00,0.57564,0.57648,0.57564,0.57644,4664,0.0007999999999999119,0.0008399999999999519,4.0000000000040004e-05,0.0,1,0.57606,0.952380952380902,maru,0,True,False,True,0.0013400000000000079,False,False,0.0017300000000000093,False,False,0.0017300000000000093,,0,,-1,-1,-1,0,-1,-1,base,0.57564,0.57648,,,none,0,,,-1,-1,,,,-1,,,-1,,,0,,,NONE,NONE,0,,-1,-1,0,1,-1
2025-12-22 01:00:00+00:00,0.57644,0.57696,0.576,0.57628,5679,0.00015999999999993797,0.0009600000000000719,0.000520000000000076,0.000280000000000058,-1,0.57648,0.16666666666658958,pinbar,0,False,True,True,0.0013400000000000079,True,True,0.0013400000000000079,False,True,0.0017300000000000093,,0,,-1,-1,-1,1,123,2,base,0.576,0.57696,,,none,0,,,-1,-1,,,,-1,,,-1,,,0,,,NONE,NONE,0,,-1,-1,0,1,-1
2025-12-22 02:00:00+00:00,0.5763,0.57704,0.57626,0.57694,1222,0.0006399999999999739,0.0007800000000000029,9.999999999998899e-05,4.0000000000040004e-05,1,0.57665,0.8205128205127841,maru,0,True,False,True,0.0013400000000000079,False,True,0.0013400000000000079,False,True,0.0013400000000000079,one_maru_continuous,1,CONFIRMED,119,120,122,1,124,2,base,0.57626,0.57704,,,breakout,0,,,-1,-1,,,,122,0.57704,CTS_UPDATED,109,0.5736,BOS_CONFIRMED,1,,0.5736,SEEK_PULLBACK,EST_OR_UPD,0,,-1,-1,0,1,122
2025-12-22 03:00:00+00:00,0.57694,0.57716,0.57654,0.57662,2156,0.00031999999999998696,0.0006199999999999539,0.00021999999999999797,7.999999999996898e-05,-1,0.5768500000000001,0.5161290322580818,normal,0,True,True,True,0.0008599999999999719,False,False,0.0013400000000000079,False,False,0.0013400000000000079,,0,,-1,-1,-1,1,125,2,no base,0.57654,0.57716,0.5766,0.57702,range,1,0.57716,0.57654,123,125,0.57716,0.57654,,123,0.57716,,109,0.5736,,1,,0.5736,SEEK_PULLBACK,EST_OR_UPD,0,,-1,-1,0,1,122
2025-12-22 04:00:00+00:00,0.5766,0.57714,0.57658,0.57702,1260,0.00041999999999997595,0.0005600000000000049,0.00012000000000000899,2.0000000000020002e-05,1,0.5768599999999999,0.7499999999999505,maru,0,True,True,True,0.0008599999999999719,True,True,0.0008599999999999719,False,False,0.0013400000000000079,,0,,-1,-1,-1,1,126,2,base,0.57658,0.57714,,,range,1,0.57716,0.57654,123,125,0.57716,0.57654,,123,0.57716,,109,0.5736,,1,,0.5736,SEEK_PULLBACK,EST_OR_UPD,0,,-1,-1,0,1,122
2025-12-22 05:00:00+00:00,0.57703,0.57712,0.57676,0.5769,1831,0.0001300000000000745,0.00035999999999991594,8.999999999992347e-05,0.00013999999999991797,-1,0.57694,0.36111111111140237,pinbar,0,False,False,False,0.0008399999999999519,False,False,0.0008599999999999719,False,False,0.0008599999999999719,,0,,-1,-1,-1,0,-1,-1,base,0.57676,0.57712,,,range,1,0.57716,0.57654,123,125,0.57716,0.57654,,123,0.57716,,109,0.5736,,1,,0.5736,SEEK_PULLBACK,EST_OR_UPD,0,,-1,-1,0,1,122
2025-12-22 06:00:00+00:00,0.5769,0.57706,0.57668,0.57692,1760,2.0000000000020002e-05,0.00038000000000004697,0.000140000000000029,0.00021999999999999797,1,0.57687,0.052631578947414555,pinbar,0,False,False,False,0.0008399999999999519,False,False,0.0008399999999999519,False,False,0.0008599999999999719,,0,,-1,-1,-1,0,-1,-1,base,0.57668,0.57706,,,range,1,0.57716,0.57654,123,125,0.57716,0.57654,,123,0.57716,,109,0.5736,,1,,0.5736,SEEK_PULLBACK,EST_OR_UPD,0,,-1,-1,0,1,122
2025-12-22 07:00:00+00:00,0.57691,0.57836,0.5769,0.57788,2398,0.0009699999999999154,0.0014600000000000168,0.00048000000000003595,1.0000000000065512e-05,1,0.57763,0.66438356164377,maru,0,True,True,True,0.0008399999999999519,True,True,0.0008399999999999519,True,True,0.0008399999999999519,,0,,-1,-1,-1,1,129,2,base,0.5769,0.57836,,,range,1,0.57716,0.57654,123,125,0.57716,0.57654,0.7422680412371193,127,0.57836,CTS_UPDATED,109,0.5736,,1,,0.5736,SEEK_PULLBACK,EST_OR_UPD,0,,-1,-1,0,1,122
2025-12-22 08:00:00+00:00,0.57783,0.5785,0.57774,0.57844,2158,0.0006099999999999994,0.0007599999999999829,6.0000000000060005e-05,8.999999999992347e-05,1,0.57812,0.8026315789473857,maru,0,True,False,True,0.0014600000000000168,True,True,0.0008399999999999519,True,True,0.0008399999999999519,one_maru_continuous,1,SUCCESS,127,128,-1,1,130,2,base,0.57774,0.5785,,,breakout,0,,,-1,-1,,,1.0,128,0.5785,CTS_UPDATED,109,0.5736,,1,,0.5736,SEEK_PULLBACK,EST_OR_UPD,0,,-1,-1,0,1,128
2025-12-22 09:00:00+00:00,0.57843,0.5785,0.5779,0.57828,2003,0.00014999999999998348,0.0006000000000000449,7.00000000000145e-05,0.00038000000000004697,-1,0.5782,0.24999999999995373,pinbar,0,False,False,False,0.0014600000000000168,False,False,0.0014600000000000168,True,True,0.0008399999999999519,,0,,-1,-1,-1,0,-1,-1,base,0.5779,0.5785,,,breakout,0,,,-1,-1,,,,128,0.5785,,109,0.5736,,1,,0.5736,SEEK_PULLBACK,EST_OR_UPD,0,,-1,-1,0,1,128
2025-12-22 10:00:00+00:00,0.57827,0.57866,0.57824,0.57841,2092,0.000140000000000029,0.00041999999999997595,0.00024999999999997247,2.999999999997449e-05,1,0.5784499999999999,0.33333333333342147,pinbar,0,False,False,False,0.0014600000000000168,False,False,0.0014600000000000168,False,False,0.0014600000000000168,,0,,-1,-1,-1,0,-1,-1,base,0.57824,0.57866,,,breakout,0,,,-1,-1,,,,130,0.57866,CTS_UPDATED,109,0.5736,,1,,0.5736,SEEK_PULLBACK,EST_OR_UPD,0,,-1,-1,0,1,128
2025-12-22 11:00:00+00:00,0.57842,0.57886,0.57829,0.57885,2109,0.00042999999999993044,0.0005700000000000705,1.0000000000065512e-05,0.0001300000000000745,1,0.5785750000000001,0.7543859649120654,maru,0,True,False,False,0.0014600000000000168,False,False,0.0014600000000000168,False,False,0.0014600000000000168,,0,,-1,-1,-1,0,-1,-1,base,0.57829,0.57886,,,breakout,0,,,-1,-1,,,,131,0.57886,CTS_UPDATED,109,0.5736,,1,,0.5736,SEEK_PULLBACK,EST_OR_UPD,0,,-1,-1,0,1,128
2025-12-22 12:00:00+00:00,0.57886,0.57897,0.57854,0.5789,2247,3.999999999992898e-05,0.00042999999999993044,7.00000000000145e-05,0.00031999999999998696,1,0.578755,0.09302325581380337,pinbar,0,False,False,False,0.0014600000000000168,False,False,0.0014600000000000168,False,False,0.0014600000000000168,,0,,-1,-1,-1,0,-1,-1,base,0.57854,0.57897,,,breakout,0,,,-1,-1,,,,132,0.57897,CTS_UPDATED,109,0.5736,,1,,0.5736,SEEK_PULLBACK,EST_OR_UPD,0,,-1,-1,0,1,128
2025-12-22 13:00:00+00:00,0.57892,0.57926,0.5788,0.57888,2673,4.0000000000040004e-05,0.00046000000000001595,0.00034000000000000696,7.999999999996898e-05,-1,0.5790299999999999,0.08695652173921438,pinbar,0,False,False,False,0.0014600000000000168,False,False,0.0014600000000000168,False,False,0.0014600000000000168,,0,,-1,-1,-1,0,-1,-1,base,0.5788,0.57926,,,breakout,0,,,-1,-1,,,,133,0.57926,CTS_UPDATED,109,0.5736,,1,,0.5736,SEEK_PULLBACK,EST_OR_UPD,0,,-1,-1,0,1,128
2025-12-22 14:00:00+00:00,0.5789,0.57982,0.57852,0.57968,3643,0.0007800000000000029,0.0012999999999999678,0.000140000000000029,0.00037999999999993594,1,0.57917,0.6000000000000171,normal,0,True,True,True,0.0014600000000000168,True,True,0.0014600000000000168,True,True,0.0014600000000000168,,0,,-1,-1,-1,1,136,2,base,0.57852,0.57982,,,breakout,0,,,-1,-1,,,,134,0.57982,CTS_UPDATED,109,0.5736,,1,,0.5736,SEEK_PULLBACK,EST_OR_UPD,0,,-1,-1,0,1,128
2025-12-22 15:00:00+00:00,0.57969,0.58,0.5794,0.57944,3839,0.0002500000000000835,0.0005999999999999339,0.00030999999999992145,3.999999999992898e-05,-1,0.5797,0.4166666666668517,normal,0,False,False,False,0.0014600000000000168,False,False,0.0014600000000000168,False,False,0.0014600000000000168,,0,,-1,-1,-1,1,137,2,base,0.5794,0.58,,,range,1,0.58,0.5794,135,137,0.58,0.5794,,135,0.58,,109,0.5736,,1,,0.5736,SEEK_PULLBACK,EST_OR_UPD,0,,-1,-1,0,1,128
2025-12-22 16:00:00+00:00,0.57944,0.5798,0.5793,0.57964,3176,0.000200000000000089,0.0004999999999999449,0.00015999999999993797,0.00013999999999991797,1,0.57955,0.40000000000022207,pinbar,0,False,False,False,0.0014600000000000168,False,False,0.0014600000000000168,False,False,0.0014600000000000168,,0,,-1,-1,-1,1,138,2,base,0.5793,0.5798,,,range,1,0.58,0.5793,135,137,0.58,0.5793,,135,0.58,,109,0.5736,,1,,0.5736,SEEK_PULLBACK,EST_OR_UPD,0,,-1,-1,0,1,128
2025-12-22 17:00:00+00:00,0.57964,0.58016,0.57954,0.5798,2421,0.00015999999999993797,0.0006199999999999539,0.00036000000000002697,9.999999999998899e-05,1,0.57985,0.25806451612895137,pinbar,0,False,False,False,0.0014600000000000168,False,False,0.0014600000000000168,False,False,0.0014600000000000168,,0,,-1,-1,-1,0,-1,-1,base,0.57954,0.58016,,,range,1,0.58016,0.5793,135,137,0.58016,0.5793,,137,0.58016,CTS_UPDATED,109,0.5736,,1,,0.5736,SEEK_PULLBACK,EST_OR_UPD,0,,-1,-1,0,1,128
2025-12-22 18:00:00+00:00,0.5798,0.57982,0.57924,0.57945,1168,0.00034999999999996145,0.0005800000000000249,2.0000000000020002e-05,0.00021000000000004349,-1,0.57953,0.6034482758619766,normal,0,True,False,False,0.0014600000000000168,False,False,0.0014600000000000168,False,False,0.0014600000000000168,,0,,-1,-1,-1,1,140,2,base,0.57924,0.57982,,,range,1,0.58016,0.57924,135,137,0.58016,0.57924,,137,0.58016,,109,0.5736,,1,,0.5736,SEEK_PULLBACK,EST_OR_UPD,0,,-1,-1,0,1,128
2025-12-22 19:00:00+00:00,0.57944,0.57948,0.5792,0.57942,1262,1.999999999990898e-05,0.00027999999999994696,4.0000000000040004e-05,0.00021999999999999797,-1,0.57934,0.07142857142825988,pinbar,0,False,False,False,0.0014600000000000168,False,False,0.0014600000000000168,False,False,0.0014600000000000168,,0,,-1,-1,-1,1,142,3,base,0.5792,0.57948,,,range,1,0.58016,0.5792,135,137,0.58016,0.5792,,137,0.58016,,109,0.5736,,1,,0.5736,SEEK_PULLBACK,EST_OR_UPD,0,,-1,-1,0,1,128
2025-12-22 20:00:00+00:00,0.5794,0.5797,0.57924,0.57936,1178,4.0000000000040004e-05,0.00046000000000001595,0.00029999999999996696,0.00012000000000000899,-1,0.5794699999999999,0.08695652173921438,pinbar,0,False,False,False,0.0014600000000000168,False,False,0.0014600000000000168,False,False,0.0014600000000000168,,0,,-1,-1,-1,1,142,2,base,0.57924,0.5797,,,range,1,0.58016,0.5792,135,137,0.58016,0.5792,,137,0.58016,,109,0.5736,,1,,0.5736,SEEK_PULLBACK,EST_OR_UPD,0,,-1,-1,0,1,128
2025-12-22 21:00:00+00:00,0.57936,0.57961,0.57934,0.57952,726,0.000160000000000049,0.00026999999999999247,8.999999999992347e-05,2.0000000000020002e-05,1,0.579475,0.5925925925927906,normal,0,True,False,False,0.0014600000000000168,False,False,0.0014600000000000168,False,False,0.0014600000000000168,,0,,-1,-1,-1,1,143,2,base,0.57934,0.57961,,,range,1,0.58016,0.5792,135,137,0.58016,0.5792,,137,0.58016,,109,0.5736,,1,,0.5736,SEEK_PULLBACK,EST_OR_UPD,0,,-1,-1,0,1,128
2025-12-22 22:00:00+00:00,0.57901,0.57956,0.57878,0.5794,759,0.00039000000000000146,0.0007800000000000029,0.00015999999999993797,0.0002300000000000635,1,0.57917,0.5,normal,0,True,False,True,0.0014600000000000168,False,True,0.0014600000000000168,False,True,0.0014600000000000168,,0,,-1,-1,-1,0,-1,-1,base,0.57878,0.57956,,,range,1,0.58016,0.57878,135,137,0.58016,0.57878,,137,0.58016,,109,0.5736,,1,,0.5736,SEEK_PULLBACK,EST_OR_UPD,0,,-1,-1,0,1,128
2025-12-22 23:00:00+00:00,0.57938,0.57978,0.57934,0.57956,833,0.00017999999999995797,0.00043999999999999595,0.00021999999999999797,4.0000000000040004e-05,1,0.57956,0.40909090909081736,normal,0,False,False,False,0.0014600000000000168,False,False,0.0014600000000000168,False,False,0.0014600000000000168,,0,,-1,-1,-1,0,-1,-1,base,0.57934,0.57978,,,range,1,0.58016,0.57878,135,137,0.58016,0.57878,,137,0.58016,,109,0.5736,,1,,0.5736,SEEK_PULLBACK,EST_OR_UPD,0,,-1,-1,0,1,128
2025-12-23 00:00:00+00:00,0.57956,0.58078,0.57948,0.58028,1961,0.0007200000000000539,0.0012999999999999678,0.0004999999999999449,7.999999999996898e-05,1,0.58013,0.553846153846209,normal,0,True,True,True,0.0014600000000000168,True,True,0.0014600000000000168,True,True,0.0014600000000000168,,0,,-1,-1,-1,0,-1,-1,base,0.57948,0.58078,,,range,1,0.58078,0.57878,135,137,0.58078,0.57878,0.16666666666666666,144,0.58078,CTS_UPDATED,109,0.5736,,1,,0.5736,SEEK_PULLBACK,EST_OR_UPD,0,,-1,-1,0,1,128
2025-12-23 01:00:00+00:00,0.58028,0.58098,0.58006,0.5807,2452,0.00041999999999997595,0.0009200000000000319,0.000280000000000058,0.00021999999999999797,1,0.58052,0.4565217391303928,normal,0,False,False,True,0.0014600000000000168,False,True,0.0014600000000000168,False,True,0.0014600000000000168,,0,,-1,-1,-1,0,-1,-1,base,0.58006,0.58098,,,range,1,0.58098,0.57878,135,137,0.58098,0.57878,,145,0.58098,CTS_UPDATED,109,0.5736,,1,,0.5736,SEEK_PULLBACK,EST_OR_UPD,0,,-1,-1,0,1,128
2025-12-23 02:00:00+00:00,0.58073,0.58169,0.58072,0.58158,2452,0.0008500000000000174,0.0009700000000000264,0.0001100000000000545,9.99999999995449e-06,1,0.581205,0.8762886597938085,maru,0,True,True,True,0.0014600000000000168,True,True,0.0014600000000000168,True,True,0.0014600000000000168,,0,,-1,-1,-1,1,148,2,base,0.58072,0.58169,,,range,1,0.58098,0.57878,135,137,0.58098,0.57878,0.7058823529410843,146,0.58169,CTS_UPDATED,109,0.5736,,1,,0.5736,SEEK_PULLBACK,EST_OR_UPD,0,,-1,-1,0,1,128
2025-12-23 03:00:00+00:00,0.58159,0.58167,0.58104,0.58136,2218,0.0002300000000000635,0.0006300000000000194,7.999999999996898e-05,0.00031999999999998696,-1,0.5813550000000001,0.3650793650794546,pinbar,0,False,False,False,0.0014600000000000168,False,False,0.0014600000000000168,False,False,0.0014600000000000168,,0,,-1,-1,-1,1,149,2,base,0.58104,0.58167,,,range,1,0.58169,0.58104,147,149,0.58169,0.58104,1.0,146,0.58169,,109,0.5736,,1,,0.5736,SEEK_PULLBACK,EST_OR_UPD,0,,-1,-1,0,1,147
2025-12-23 04:00:00+00:00,0.58137,0.58168,0.58126,0.58144,2230,6.999999999990347e-05,0.00041999999999997595,0.00024000000000001798,0.0001100000000000545,1,0.5814699999999999,0.1666666666664464,pinbar,0,False,False,False,0.0014600000000000168,False,False,0.0014600000000000168,False,False,0.0014600000000000168,,0,,-1,-1,-1,0,-1,-1,base,0.58126,0.58168,,,range,1,0.58169,0.58104,147,149,0.58169,0.58104,,146,0.58169,,109,0.5736,,1,,0.5736,SEEK_PULLBACK,EST_OR_UPD,0,,-1,-1,0,1,147
2025-12-23 05:00:00+00:00,0.58141,0.58162,0.58106,0.58122,2473,0.00019000000000002348,0.0005600000000000049,0.00021000000000004349,0.00015999999999993797,-1,0.58134,0.3392857142857532,pinbar,0,False,False,False,0.0014600000000000168,False,False,0.0014600000000000168,False,False,0.0014600000000000168,,0,,-1,-1,-1,0,-1,-1,base,0.58106,0.58162,,,range,1,0.58169,0.58104,147,149,0.58169,0.58104,,146,0.58169,,109,0.5736,,1,,0.5736,SEEK_PULLBACK,EST_OR_UPD,0,,-1,-1,0,1,147
2025-12-23 06:00:00+00:00,0.58124,0.58156,0.5808,0.58111,2155,0.00012999999999996348,0.0007599999999999829,0.00031999999999998696,0.00031000000000003247,-1,0.58118,0.17105263157890316,pinbar,0,False,False,True,0.0014600000000000168,False,True,0.0014600000000000168,False,True,0.0014600000000000168,,0,,-1,-1,-1,0,-1,-1,base,0.5808,0.58156,,,range,1,0.58169,0.5808,147,149,0.58169,0.5808,,146,0.58169,,109,0.5736,,1,,0.5736,SEEK_PULLBACK,EST_OR_UPD,0,,-1,-1,0,1,147
2025-12-23 07:00:00+00:00,0.58112,0.58227,0.58099,0.58202,2948,0.0009000000000000119,0.0012799999999999478,0.00024999999999997247,0.00012999999999996348,1,0.58163,0.703125000000038,maru,0,True,True,True,0.0014600000000000168,True,True,0.0014600000000000168,True,True,0.0014600000000000168,,0,,-1,-1,-1,0,-1,-1,base,0.58099,0.58227,,,range,1,0.58169,0.5808,147,149,0.58169,0.5808,0.36666666666659675,151,0.58227,CTS_UPDATED,109,0.5736,,1,,0.5736,SEEK_PULLBACK,EST_OR_UPD,0,,-1,-1,0,1,147
2025-12-23 08:00:00+00:00,0.58203,0.58328,0.58196,0.58316,3000,0.0011299999999999644,0.0013199999999999878,0.00012000000000000899,7.00000000000145e-05,1,0.58262,0.856060606060587,maru,0,True,True,True,0.0014600000000000168,True,True,0.0014600000000000168,True,True,0.0014600000000000168,one_maru_continuous,1,SUCCESS,151,152,-1,1,157,5,base,0.58196,0.58328,,,breakout,0,,,-1,-1,,,1.0,152,0.58328,CTS_UPDATED,109,0.5736,,1,,0.5736,SEEK_PULLBACK,EST_OR_UPD,0,,-1,-1,0,1,152
2025-12-23 09:00:00+00:00,0.58318,0.58381,0.58304,0.5838,3094,0.0006199999999999539,0.0007700000000000484,1.0000000000065512e-05,0.000140000000000029,1,0.5834250000000001,0.8051948051946947,maru,0,True,False,True,0.0013199999999999878,False,True,0.0014600000000000168,False,True,0.0014600000000000168,one_maru_continuous,1,SUCCESS,152,153,-1,1,155,2,base,0.58304,0.58381,,,breakout,0,,,-1,-1,,,,153,0.58381,CTS_UPDATED,109,0.5736,,1,,0.5736,SEEK_PULLBACK,EST_OR_UPD,0,,-1,-1,0,1,152
2025-12-23 10:00:00+00:00,0.58381,0.58412,0.58373,0.584,1743,0.00018999999999991246,0.00039000000000000146,0.00012000000000000899,8.000000000008001e-05,1,0.583925,0.4871794871792609,normal,0,False,False,False,0.0013199999999999878,False,False,0.0013199999999999878,False,False,0.0014600000000000168,,0,,-1,-1,-1,1,156,2,base,0.58373,0.58412,,,breakout,0,,,-1,-1,,,,154,0.58412,CTS_UPDATED,109,0.5736,,1,,0.5736,SEEK_PULLBACK,EST_OR_UPD,0,,-1,-1,0,1,152
2025-12-23 11:00:00+00:00,0.58398,0.58415,0.5837,0.58373,1844,0.0002500000000000835,0.00044999999999995044,0.00016999999999989246,2.999999999997449e-05,-1,0.583925,0.5555555555558023,normal,0,True,False,False,0.0013199999999999878,False,False,0.0013199999999999878,False,False,0.0013199999999999878,,0,,-1,-1,-1,0,-1,-1,base,0.5837,0.58415,,,breakout,0,,,-1,-1,,,,155,0.58415,CTS_UPDATED,109,0.5736,,1,,0.5736,SEEK_PULLBACK,EST_OR_UPD,0,,-1,-1,0,1,152
2025-12-23 12:00:00+00:00,0.58371,0.58422,0.58367,0.58386,2872,0.0001500000000000945,0.0005499999999999394,0.00035999999999991594,3.999999999992898e-05,1,0.5839449999999999,0.2727272727274746,pinbar,0,False,False,False,0.0013199999999999878,False,False,0.0013199999999999878,False,False,0.0013199999999999878,,0,,-1,-1,-1,0,-1,-1,base,0.58367,0.58422,,,breakout,0,,,-1,-1,,,,156,0.58422,CTS_UPDATED,109,0.5736,,1,,0.5736,SEEK_PULLBACK,EST_OR_UPD,0,,-1,-1,0,1,152
2025-12-23 13:00:00+00:00,0.58386,0.58434,0.5828,0.58286,4954,0.0010000000000000009,0.0015399999999999858,0.00047999999999992493,6.0000000000060005e-05,-1,0.5835699999999999,0.6493506493506559,maru,0,True,True,True,0.0013199999999999878,True,True,0.0013199999999999878,True,True,0.0013199999999999878,,0,,-1,-1,-1,1,159,2,base,0.5828,0.58434,,,breakout,0,,,-1,-1,,,,157,0.58434,CTS_UPDATED,109,0.5736,,1,,0.5736,SEEK_PULLBACK,EST_OR_UPD,0,,-1,-1,0,1,152
2025-12-23 14:00:00+00:00,0.58284,0.5831,0.58198,0.58232,6078,0.000520000000000076,0.0011199999999998989,0.00025999999999992696,0.00033999999999989594,-1,0.5825400000000001,0.46428571428582405,normal,0,False,True,True,0.0015399999999999858,True,True,0.0013199999999999878,True,True,0.0013199999999999878,one_maru_continuous,-1,SUCCESS,157,158,-1,1,160,2,no base,0.58198,0.58311,0.58232,0.58298,pullback,1,0.58434,0.58198,157,158,0.58434,0.58198,,157,0.58434,CTS_CONFIRMED,109,0.5736,,1,0.58434,0.5736,SEEK_BREAKOUT,CONFIRMED,0,,-1,-1,0,1,152
2025-12-23 15:00:00+00:00,0.58233,0.58311,0.58208,0.58298,5549,0.0006500000000000394,0.0010299999999999754,0.00012999999999996348,0.00024999999999997247,1,0.582595,0.6310679611651019,normal,0,True,True,True,0.0015399999999999858,True,True,0.0015399999999999858,True,True,0.0013199999999999878,,0,,-1,-1,-1,1,161,2,base,0.58208,0.58311,,,pullback_range,1,0.58434,0.58198,157,158,0.58434,0.58198,,157,0.58434,,109,0.5736,,1,0.58434,0.5736,SEEK_BREAKOUT,CONFIRMED,0,,-1,-1,0,1,152
2025-12-23 16:00:00+00:00,0.58298,0.58336,0.58285,0.58308,3756,9.999999999998899e-05,0.0005100000000000104,0.00027999999999994696,0.0001300000000000745,1,0.583105,0.1960784313725234,pinbar,0,False,False,False,0.0015399999999999858,False,False,0.0015399999999999858,False,False,0.0015399999999999858,,0,,-1,-1,-1,0,-1,-1,base,0.58285,0.58336,,,pullback_range,1,0.58434,0.58198,157,158,0.58434,0.58198,,157,0.58434,,109,0.5736,,1,0.58434,0.5736,SEEK_BREAKOUT,CONFIRMED,0,,-1,-1,0,1,152
2025-12-23 17:00:00+00:00,0.58308,0.58338,0.58286,0.58289,1950,0.00019000000000002348,0.0005199999999999649,0.00029999999999996696,2.999999999997449e-05,-1,0.5831200000000001,0.3653846153846852,pinbar,0,False,False,False,0.0015399999999999858,False,False,0.0015399999999999858,False,False,0.0015399999999999858,,0,,-1,-1,-1,0,-1,-1,base,0.58286,0.58338,,,pullback_range,1,0.58434,0.58198,157,158,0.58434,0.58198,,157,0.58434,,109,0.5736,,1,0.58434,0.5736,SEEK_BREAKOUT,CONFIRMED,0,,-1,-1,0,1,152
2025-12-23 18:00:00+00:00,0.58289,0.58354,0.58285,0.58354,1595,0.0006499999999999284,0.0006899999999999684,0.0,4.0000000000040004e-05,1,0.5831949999999999,0.9420289855071857,maru,0,True,False,False,0.0015399999999999858,False,False,0.0015399999999999858,False,False,0.0015399999999999858,,0,,-1,-1,-1,0,-1,-1,base,0.58285,0.58354,,,pullback_range,1,0.58434,0.58198,157,158,0.58434,0.58198,,157,0.58434,,109,0.5736,,1,0.58434,0.5736,SEEK_BREAKOUT,CONFIRMED,0,,-1,-1,0,1,152
2025-12-23 19:00:00+00:00,0.58354,0.58404,0.58352,0.58392,1376,0.00038000000000004697,0.0005199999999999649,0.00012000000000000899,1.999999999990898e-05,1,0.58378,0.7307692307693704,maru,0,True,False,False,0.0015399999999999858,False,False,0.0015399999999999858,False,False,0.0015399999999999858,,0,,-1,-1,-1,1,166,3,base,0.58352,0.58404,,,pullback_range,1,0.58434,0.58198,157,158,0.58434,0.58198,,157,0.58434,,109,0.5736,,1,0.58434,0.5736,SEEK_BREAKOUT,CONFIRMED,0,,-1,-1,0,1,152
2025-12-23 20:00:00+00:00,0.58389,0.58396,0.58368,0.58385,1023,4.0000000000040004e-05,0.000280000000000058,7.00000000000145e-05,0.00017000000000000348,-1,0.58382,0.14285714285725615,pinbar,0,False,False,False,0.0015399999999999858,False,False,0.0015399999999999858,False,False,0.0015399999999999858,,0,,-1,-1,-1,0,-1,-1,base,0.58368,0.58396,,,pullback_range,1,0.58434,0.58198,157,158,0.58434,0.58198,,157,0.58434,,109,0.5736,,1,0.58434,0.5736,SEEK_BREAKOUT,CONFIRMED,0,,-1,-1,0,1,152
2025-12-23 21:00:00+00:00,0.58387,0.58428,0.58382,0.58413,648,0.000260000000000038,0.00046000000000001595,0.00014999999999998348,4.999999999999449e-05,1,0.58405,0.5652173913044107,normal,0,True,False,False,0.0015399999999999858,False,False,0.0015399999999999858,False,False,0.0015399999999999858,one_maru_continuous,1,CONFIRMED,162,163,165,1,168,3,base,0.58382,0.58428,,,pullback_range,1,0.58434,0.58198,157,158,0.58434,0.58198,,157,0.58434,,109,0.5736,,1,0.58434,0.5736,SEEK_BREAKOUT,CONFIRMED,0,,-1,-1,0,1,152
2025-12-23 22:00:00+00:00,0.58382,0.58411,0.58372,0.584,1009,0.00017999999999995797,0.00039000000000000146,0.0001100000000000545,9.999999999998899e-05,1,0.583915,0.46153846153835204,normal,0,False,False,False,0.0015399999999999858,False,False,0.0015399999999999858,False,False,0.0015399999999999858,,0,,-1,-1,-1,1,168,2,base,0.58372,0.58411,,,pullback_range,1,0.58434,0.58198,157,158,0.58434,0.58198,,157,0.58434,,109,0.5736,,1,0.58434,0.5736,SEEK_BREAKOUT,CONFIRMED,0,,-1,-1,0,1,152
2025-12-23 23:00:00+00:00,0.58396,0.58432,0.58392,0.58431,1130,0.00034999999999996145,0.00039999999999995595,9.99999999995449e-06,4.0000000000040004e-05,1,0.58412,0.875,maru,0,True,False,False,0.0015399999999999858,False,False,0.0015399999999999858,False,False,0.0015399999999999858,,0,,-1,-1,-1,1,171,4,base,0.58392,0.58432,,,pullback_range,1,0.58434,0.58198,157,158,0.58434,0.58198,,157,0.58434,,109,0.5736,,1,0.58434,0.5736,SEEK_BREAKOUT,CONFIRMED,0,,-1,-1,0,1,152
2025-12-24 00:00:00+00:00,0.58432,0.58448,0.58372,0.58406,2170,0.00025999999999992696,0.0007599999999999829,0.000160000000000049,0.00034000000000000696,-1,0.5841000000000001,0.3421052631578063,pinbar,0,False,False,False,0.0015399999999999858,False,False,0.0015399999999999858,False,False,0.0015399999999999858,,0,,-1,-1,-1,1,171,3,base,0.58372,0.58448,,,pullback_range,1,0.58448,0.58198,157,158,0.58448,0.58198,,157,0.58434,,109,0.5736,,1,0.58448,0.5736,SEEK_BREAKOUT,CONFIRMED,0,,-1,-1,0,1,152
2025-12-24 01:00:00+00:00,0.58405,0.58488,0.58362,0.58488,3032,0.0008299999999999974,0.0012599999999999278,0.0,0.00042999999999993044,1,0.5842499999999999,0.6587301587301944,maru,0,True,True,True,0.0015399999999999858,True,True,0.0015399999999999858,True,True,0.0015399999999999858,,0,,-1,-1,-1,1,171,2,no base star 1st big,0.58362,0.58534,0.58404,0.58488,pullback_range,1,0.58448,0.58198,157,158,0.58448,0.58198,0.4819277108433219,157,0.58434,,109,0.5736,,1,0.58448,0.5736,SEEK_BREAKOUT,CONFIRMED,0,,-1,-1,0,1,152
2025-12-24 02:00:00+00:00,0.58488,0.58534,0.58476,0.58478,2035,9.999999999998899e-05,0.0005800000000000249,0.00046000000000001595,2.0000000000020002e-05,-1,0.58505,0.17241379310342186,pinbar,0,False,False,False,0.0015399999999999858,False,False,0.0015399999999999858,False,False,0.0015399999999999858,,0,,-1,-1,-1,0,-1,-1,base,0.58476,0.58534,,,breakout,0,,,-1,-1,,,1.0,170,0.58534,CTS_ESTABLISHED,158,0.58198,BOS_CONFIRMED,2,,0.58198,SEEK_PULLBACK,EST_OR_UPD,0,,-1,-1,0,1,170
2025-12-24 03:00:00+00:00,0.58481,0.58486,0.584,0.58404,2209,0.0007700000000000484,0.0008600000000000829,4.999999999999449e-05,4.0000000000040004e-05,-1,0.58443,0.8953488372092723,maru,0,True,False,True,0.0015399999999999858,False,True,0.0015399999999999858,False,True,0.0015399999999999858,,0,,-1,-1,-1,1,173,2,base,0.584,0.58486,,,range,1,0.58534,0.584,171,173,0.58534,0.584,,170,0.58534,,158,0.58198,,2,,0.58198,SEEK_PULLBACK,EST_OR_UPD,0,,-1,-1,0,1,170
2025-12-24 04:00:00+00:00,0.58403,0.58428,0.58392,0.58404,1183,9.99999999995449e-06,0.00036000000000002697,0.00024000000000001798,0.0001100000000000545,1,0.5841000000000001,0.02777777777764928,pinbar,0,False,False,False,0.0012599999999999278,False,False,0.0015399999999999858,False,False,0.0015399999999999858,,0,,-1,-1,-1,0,-1,-1,base,0.58392,0.58428,,,range,1,0.58534,0.58392,171,173,0.58534,0.58392,,170,0.58534,,158,0.58198,,2,,0.58198,SEEK_PULLBACK,EST_OR_UPD,0,,-1,-1,0,1,170
2025-12-24 05:00:00+00:00,0.58404,0.58454,0.58401,0.58447,1464,0.00043000000000004146,0.0005299999999999194,6.999999999990347e-05,2.999999999997449e-05,1,0.584275,0.8113207547171827,maru,0,True,False,False,0.0012599999999999278,False,False,0.0012599999999999278,False,False,0.0015399999999999858,,0,,-1,-1,-1,1,175,2,base,0.58401,0.58454,,,range,1,0.58534,0.58392,171,173,0.58534,0.58392,,170,0.58534,,158,0.58198,,2,,0.58198,SEEK_PULLBACK,EST_OR_UPD,0,,-1,-1,0,1,170
2025-12-24 06:00:00+00:00,0.58444,0.58477,0.58433,0.5846,1722,0.000160000000000049,0.00043999999999999595,0.00017000000000000348,0.00010999999999994348,1,0.58455,0.36363636363647833,pinbar,0,False,False,False,0.0012599999999999278,False,False,0.0012599999999999278,False,False,0.0012599999999999278,,0,,-1,-1,-1,1,176,2,base,0.58433,0.58477,,,range,1,0.58534,0.58392,171,173,0.58534,0.58392,,170,0.58534,,158,0.58198,,2,,0.58198,SEEK_PULLBACK,EST_OR_UPD,0,,-1,-1,0,1,170
2025-12-24 07:00:00+00:00,0.58461,0.58481,0.58412,0.58438,2480,0.00022999999999995246,0.0006900000000000794,0.000200000000000089,0.000260000000000038,-1,0.584465,0.33333333333322607,pinbar,0,False,False,True,0.0012599999999999278,False,True,0.0012599999999999278,False,True,0.0012599999999999278,,0,,-1,-1,-1,1,177,2,base,0.58412,0.58481,,,range,1,0.58534,0.58392,171,173,0.58534,0.58392,,170,0.58534,,158,0.58198,,2,,0.58198,SEEK_PULLBACK,EST_OR_UPD,0,,-1,-1,0,1,170
2025-12-24 08:00:00+00:00,0.58439,0.5847,0.58385,0.58464,3248,0.0002500000000000835,0.0008500000000000174,5.999999999994898e-05,0.0005399999999999849,1,0.584275,0.29411764705891574,pinbar,0,False,True,True,0.0012599999999999278,True,True,0.0012599999999999278,True,True,0.0012599999999999278,,0,,-1,-1,-1,1,178,2,base,0.58385,0.5847,,,range,1,0.58534,0.58385,171,173,0.58534,0.58385,,170,0.58534,,158,0.58198,,2,,0.58198,SEEK_PULLBACK,EST_OR_UPD,0,,-1,-1,0,1,170
2025-12-24 09:00:00+00:00,0.58465,0.58478,0.58423,0.58465,2563,0.0,0.0005499999999999394,0.00012999999999996348,0.00041999999999997595,0,0.584505,0.0,pinbar,0,False,False,False,0.0012599999999999278,False,False,0.0012599999999999278,False,False,0.0012599999999999278,,0,,-1,-1,-1,1,179,2,base,0.58423,0.58478,,,range,1,0.58534,0.58385,171,173,0.58534,0.58385,,170,0.58534,,158,0.58198,,2,,0.58198,SEEK_PULLBACK,EST_OR_UPD,0,,-1,-1,0,1,170
2025-12-24 10:00:00+00:00,0.58464,0.5847,0.58428,0.5846,1809,4.0000000000040004e-05,0.00041999999999997595,5.999999999994898e-05,0.00031999999999998696,-1,0.58449,0.09523809523819594,pinbar,0,False,False,False,0.0012599999999999278,False,False,0.0012599999999999278,False,False,0.0012599999999999278,,0,,-1,-1,-1,0,-1,-1,base,0.58428,0.5847,,,range,1,0.58534,0.58385,171,173,0.58534,0.58385,,170,0.58534,,158,0.58198,,2,,0.58198,SEEK_PULLBACK,EST_OR_UPD,0,,-1,-1,0,1,170
2025-12-24 11:00:00+00:00,0.5846,0.58467,0.58424,0.58424,1786,0.00036000000000002697,0.00043000000000004146,7.00000000000145e-05,0.0,-1,0.584455,0.8372093023255633,maru,0,True,False,False,0.0012599999999999278,False,False,0.0012599999999999278,False,False,0.0012599999999999278,,0,,-1,-1,-1,0,-1,-1,base,0.58424,0.58467,,,range,1,0.58534,0.58385,171,173,0.58534,0.58385,,170,0.58534,,158,0.58198,,2,,0.58198,SEEK_PULLBACK,EST_OR_UPD,0,,-1,-1,0,1,170
2025-12-24 12:00:00+00:00,0.58424,0.58459,0.58354,0.58368,2333,0.0005600000000000049,0.0010500000000001064,0.0003500000000000725,0.000140000000000029,-1,0.5840650000000001,0.533333333333284,normal,0,True,True,True,0.0012599999999999278,True,True,0.0012599999999999278,True,True,0.0012599999999999278,,0,,-1,-1,-1,1,182,2,base,0.58354,0.58459,,,range,1,0.58534,0.58354,171,173,0.58534,0.58354,0.3035714285714321,170,0.58534,,158,0.58198,,2,,0.58198,SEEK_PULLBACK,EST_OR_UPD,0,,-1,-1,0,1,170
2025-12-24 13:00:00+00:00,0.58368,0.5839,0.58337,0.58368,3475,0.0,0.0005299999999999194,0.00021999999999999797,0.00030999999999992145,0,0.583635,0.0,pinbar,0,False,False,False,0.0012599999999999278,False,False,0.0012599999999999278,False,False,0.0012599999999999278,,0,,-1,-1,-1,1,183,2,base,0.58337,0.5839,,,range,1,0.58534,0.58337,171,173,0.58534,0.58337,,170,0.58534,,158,0.58198,,2,,0.58198,SEEK_PULLBACK,EST_OR_UPD,0,,-1,-1,0,1,170
2025-12-24 14:00:00+00:00,0.58366,0.58398,0.58334,0.58372,3429,6.0000000000060005e-05,0.0006400000000000849,0.000260000000000038,0.00031999999999998696,1,0.5836600000000001,0.09375000000008131,pinbar,0,False,False,True,0.0012599999999999278,False,True,0.0012599999999999278,False,True,0.0012599999999999278,,0,,-1,-1,-1,1,184,2,base,0.58334,0.58398,,,range,1,0.58534,0.58334,171,173,0.58534,0.58334,,170,0.58534,,158,0.58198,,2,,0.58198,SEEK_PULLBACK,EST_OR_UPD,0,,-1,-1,0,1,170
2025-12-24 15:00:00+00:00,0.58369,0.58426,0.58329,0.58364,3813,4.999999999999449e-05,0.0009700000000000264,0.0005699999999999594,0.0003500000000000725,-1,0.5837749999999999,0.05154639175257024,pinbar,0,False,True,True,0.0012599999999999278,True,True,0.0012599999999999278,True,True,0.0012599999999999278,,0,,-1,-1,-1,1,185,2,base,0.58329,0.58426,,,range,1,0.58534,0.58329,171,173,0.58534,0.58329,,170,0.58534,,158,0.58198,,2,,0.58198,SEEK_PULLBACK,EST_OR_UPD,0,,-1,-1,0,1,170
2025-12-24 16:00:00+00:00,0.58363,0.5841,0.58324,0.58349,3418,0.000140000000000029,0.0008599999999999719,0.00046999999999997044,0.00024999999999997247,-1,0.5836699999999999,0.16279069767445764,pinbar,0,False,True,True,0.0012599999999999278,True,True,0.0012599999999999278,True,True,0.0012599999999999278,,0,,-1,-1,-1,1,186,2,base,0.58324,0.5841,,,range,1,0.58534,0.58324,171,173,0.58534,0.58324,,170,0.58534,,158,0.58198,,2,,0.58198,SEEK_PULLBACK,EST_OR_UPD,0,,-1,-1,0,1,170
2025-12-24 17:00:00+00:00,0.5835,0.58371,0.58324,0.58332,2120,0.000180000000000069,0.00046999999999997044,0.00020999999999993246,7.999999999996898e-05,-1,0.583475,0.3829787234044262,pinbar,0,False,False,False,0.0012599999999999278,False,False,0.0012599999999999278,False,False,0.0012599999999999278,,0,,-1,-1,-1,1,187,2,base,0.58324,0.58371,,,range,1,0.58534,0.58324,171,173,0.58534,0.58324,,170,0.58534,,158,0.58198,,2,,0.58198,SEEK_PULLBACK,EST_OR_UPD,0,,-1,-1,0,1,170
2025-12-24 18:00:00+00:00,0.58332,0.58368,0.58307,0.58364,3830,0.000320000000000098,0.0006099999999999994,3.999999999992898e-05,0.00024999999999997247,1,0.583375,0.5245901639345874,normal,0,True,False,False,0.0012599999999999278,False,False,0.0012599999999999278,False,False,0.0012599999999999278,,0,,-1,-1,-1,1,188,2,base,0.58307,0.58368,,,range,1,0.58534,0.58307,171,173,0.58534,0.58307,,170,0.58534,,158,0.58198,,2,,0.58198,SEEK_PULLBACK,EST_OR_UPD,0,,-1,-1,0,1,170
2025-12-24 19:00:00+00:00,0.58362,0.58367,0.58348,0.58358,1065,4.0000000000040004e-05,0.00019000000000002348,4.999999999999449e-05,9.999999999998899e-05,-1,0.583575,0.21052631578965822,pinbar,0,False,False,False,0.0012599999999999278,False,False,0.0012599999999999278,False,False,0.0012599999999999278,,0,,-1,-1,-1,1,189,2,base,0.58348,0.58367,,,range,1,0.58534,0.58307,171,173,0.58534,0.58307,,170,0.58534,,158,0.58198,,2,,0.58198,SEEK_PULLBACK,EST_OR_UPD,0,,-1,-1,0,1,170
2025-12-24 20:00:00+00:00,0.58358,0.5836,0.58346,0.58348,2342,9.999999999998899e-05,0.000140000000000029,2.0000000000020002e-05,2.0000000000020002e-05,-1,0.58353,0.7142857142854877,maru,0,True,False,False,0.0012599999999999278,False,False,0.0012599999999999278,False,False,0.0012599999999999278,,0,,-1,-1,-1,1,191,3,base,0.58346,0.5836,,,range,1,0.58534,0.58307,171,173,0.58534,0.58307,,170,0.58534,,158,0.58198,,2,,0.58198,SEEK_PULLBACK,EST_OR_UPD,0,,-1,-1,0,1,170
2025-12-24 21:00:00+00:00,0.58346,0.58361,0.58344,0.58348,2147,2.0000000000020002e-05,0.00017000000000000348,0.00012999999999996348,2.0000000000020002e-05,1,0.583525,0.11764705882364467,pinbar,0,False,False,False,0.0012599999999999278,False,False,0.0012599999999999278,False,False,0.0012599999999999278,,0,,-1,-1,-1,1,191,2,base,0.58344,0.58361,,,range,1,0.58534,0.58307,171,173,0.58534,0.58307,,170,0.58534,,158,0.58198,,2,,0.58198,SEEK_PULLBACK,EST_OR_UPD,0,,-1,-1,0,1,170
2025-12-25 22:00:00+00:00,0.58391,0.58413,0.5837,0.58392,151,9.99999999995449e-06,0.00043000000000004146,0.00021000000000004349,0.00021000000000004349,1,0.583915,0.02325581395338029,pinbar,0,False,False,False,0.0012599999999999278,False,False,0.0012599999999999278,False,False,0.0012599999999999278,,0,,-1,-1,-1,1,194,4,base,0.5837,0.58413,,,range,1,0.58534,0.58307,171,173,0.58534,0.58307,,170,0.58534,,158,0.58198,,2,,0.58198,SEEK_PULLBACK,EST_OR_UPD,0,,-1,-1,0,1,170
2025-12-25 23:00:00+00:00,0.5838,0.584,0.58313,0.58357,5208,0.00022999999999995246,0.0008699999999999264,0.00019999999999997797,0.00043999999999999595,-1,0.583565,0.2643678160919217,pinbar,0,False,True,True,0.0012599999999999278,True,True,0.0012599999999999278,True,True,0.0012599999999999278,,0,,-1,-1,-1,1,193,2,base,0.58313,0.584,,,range,1,0.58534,0.58307,171,173,0.58534,0.58307,,170,0.58534,,158,0.58198,,2,,0.58198,SEEK_PULLBACK,EST_OR_UPD,0,,-1,-1,0,1,170
2025-12-26 00:00:00+00:00,0.58356,0.58396,0.58334,0.58344,1713,0.00012000000000000899,0.0006200000000000649,0.00040000000000006697,9.999999999998899e-05,-1,0.58365,0.19354838709676842,pinbar,0,False,False,False,0.0012599999999999278,False,False,0.0012599999999999278,False,False,0.0012599999999999278,,0,,-1,-1,-1,1,194,2,base,0.58334,0.58396,,,range,1,0.58534,0.58307,171,173,0.58534,0.58307,,170,0.58534,,158,0.58198,,2,,0.58198,SEEK_PULLBACK,EST_OR_UPD,0,,-1,-1,0,1,170
2025-12-26 01:00:00+00:00,0.58348,0.5842,0.58344,0.58349,2114,9.99999999995449e-06,0.0007600000000000939,0.0007100000000000994,4.0000000000040004e-05,1,0.58382,0.013157894736780596,pinbar,0,False,False,True,0.0012599999999999278,False,True,0.0012599999999999278,False,True,0.0012599999999999278,,0,,-1,-1,-1,1,197,4,base,0.58344,0.5842,,,range,1,0.58534,0.58307,171,173,0.58534,0.58307,,170,0.58534,,158,0.58198,,2,,0.58198,SEEK_PULLBACK,EST_OR_UPD,0,,-1,-1,0,1,170
2025-12-26 02:00:00+00:00,0.5835,0.58406,0.58344,0.58388,1471,0.00037999999999993594,0.0006200000000000649,0.000180000000000069,6.0000000000060005e-05,1,0.58375,0.6129032258062841,normal,0,True,False,False,0.0012599999999999278,False,False,0.0012599999999999278,False,False,0.0012599999999999278,,0,,-1,-1,-1,1,197,3,base,0.58344,0.58406,,,none,0,,,-1,-1,,,,-1,,,-1,,,0,,,NONE,NONE,0,,-1,-1,1,-1,-1
2025-12-26 03:00:00+00:00,0.5839,0.58394,0.5832,0.5832,1984,0.0006999999999999229,0.0007399999999999629,4.0000000000040004e-05,0.0,-1,0.58357,0.9459459459458892,maru,0,True,False,True,0.0012599999999999278,False,True,0.0012599999999999278,False,True,0.0012599999999999278,,0,,-1,-1,-1,1,197,2,base,0.5832,0.58394,,,none,0,,,-1,-1,,,,-1,,,-1,,,0,,,NONE,NONE,0,,-1,-1,1,-1,-1
2025-12-26 04:00:00+00:00,0.58321,0.58346,0.58312,0.58326,1356,4.999999999999449e-05,0.00034000000000000696,0.00019999999999997797,9.00000000000345e-05,1,0.58329,0.14705882352939256,pinbar,0,False,False,False,0.0008600000000000829,False,False,0.0012599999999999278,False,False,0.0012599999999999278,,0,,-1,-1,-1,0,-1,-1,base,0.58312,0.58346,,,none,0,,,-1,-1,,,,-1,,,-1,,,0,,,NONE,NONE,0,,-1,-1,1,-1,-1
2025-12-26 05:00:00+00:00,0.58328,0.58363,0.58294,0.58349,1395,0.00020999999999993246,0.0006899999999999684,0.000140000000000029,0.00034000000000000696,1,0.583285,0.30434782608687255,pinbar,0,False,True,True,0.0008600000000000829,True,True,0.0008600000000000829,False,True,0.0012599999999999278,,0,,-1,-1,-1,0,-1,-1,base,0.58294,0.58363,,,none,0,,,-1,-1,,,,-1,,,-1,,,0,,,NONE,NONE,0,,-1,-1,1,-1,-1
2025-12-26 06:00:00+00:00,0.58352,0.58368,0.58276,0.58284,2133,0.0006800000000000139,0.0009200000000000319,0.00015999999999993797,8.000000000008001e-05,-1,0.58322,0.7391304347825982,maru,0,True,True,True,0.0008600000000000829,True,True,0.0008600000000000829,True,True,0.0008600000000000829,one_maru_opposite,-1,CONFIRMED,195,196,198,0,-1,-1,base,0.58276,0.58368,,,breakout,0,,,-1,-1,,,,198,0.58276,CTS_UPDATED,170,0.58534,BOS_CONFIRMED,1,,0.58534,SEEK_PULLBACK,EST_OR_UPD,0,,-1,-1,1,-1,198
2025-12-26 07:00:00+00:00,0.58286,0.58294,0.5822,0.58248,2747,0.00038000000000004697,0.0007399999999999629,7.999999999996898e-05,0.00027999999999994696,-1,0.58257,0.5135135135136027,normal,0,True,True,True,0.0009200000000000319,True,True,0.0008600000000000829,True,True,0.0008600000000000829,one_maru_continuous,-1,SUCCESS,198,199,-1,0,-1,-1,base,0.5822,0.58294,,,breakout,0,,,-1,-1,,,,199,0.5822,CTS_UPDATED,170,0.58534,,1,,0.58534,SEEK_PULLBACK,EST_OR_UPD,0,,-1,-1,1,-1,198
2025-12-26 08:00:00+00:00,0.58247,0.5826,0.58211,0.58257,2576,9.999999999998899e-05,0.0004899999999999904,2.999999999997449e-05,0.00036000000000002697,1,0.582355,0.20408163265304272,pinbar,0,False,False,True,0.0009200000000000319,False,True,0.0009200000000000319,False,True,0.0008600000000000829,,0,,-1,-1,-1,1,204,4,base,0.58211,0.5826,,,range,1,0.5826,0.5818,200,204,0.5818,0.5826,,202,0.5818,,170,0.58534,,1,,0.58534,SEEK_PULLBACK,EST_OR_UPD,0,,-1,-1,1,-1,198
2025-12-26 09:00:00+00:00,0.58258,0.58264,0.5819,0.5819,1892,0.0006800000000000139,0.0007400000000000739,6.0000000000060005e-05,0.0,-1,0.5822700000000001,0.9189189189188459,maru,0,True,True,True,0.0009200000000000319,True,True,0.0009200000000000319,True,True,0.0009200000000000319,,0,,-1,-1,-1,1,203,2,base,0.5819,0.58264,,,range,1,0.58264,0.5818,200,204,0.5818,0.58264,,202,0.5818,,170,0.58534,,1,,0.58534,SEEK_PULLBACK,EST_OR_UPD,0,,-1,-1,1,-1,198
2025-12-26 10:00:00+00:00,0.58188,0.58231,0.5818,0.58193,1891,4.999999999999449e-05,0.0005100000000000104,0.00038000000000004697,7.999999999996898e-05,1,0.582055,0.0980392156862617,pinbar,0,False,False,True,0.0009200000000000319,False,True,0.0009200000000000319,False,True,0.0009200000000000319,,0,,-1,-1,-1,1,204,2,base,0.5818,0.58231,,,range,1,0.58264,0.5818,200,204,0.5818,0.58264,,202,0.5818,,170,0.58534,,1,,0.58534,SEEK_PULLBACK,EST_OR_UPD,0,,-1,-1,1,-1,198
2025-12-26 11:00:00+00:00,0.58194,0.58228,0.58192,0.58208,1638,0.000140000000000029,0.00036000000000002697,0.00019999999999997797,2.0000000000020002e-05,1,0.5821000000000001,0.3888888888889403,pinbar,0,False,False,False,0.0009200000000000319,False,False,0.0009200000000000319,False,False,0.0009200000000000319,,0,,-1,-1,-1,0,-1,-1,base,0.58192,0.58228,,,range,1,0.58264,0.5818,200,204,0.5818,0.58264,,202,0.5818,,170,0.58534,,1,,0.58534,SEEK_PULLBACK,EST_OR_UPD,0,,-1,-1,1,-1,198
2025-12-26 12:00:00+00:00,0.58208,0.5822,0.58182,0.58214,2214,5.999999999994898e-05,0.00038000000000004697,6.0000000000060005e-05,0.000260000000000038,1,0.58201,0.1578947368419515,pinbar,0,False,False,False,0.0009200000000000319,False,False,0.0009200000000000319,False,False,0.0009200000000000319,,0,,-1,-1,-1,0,-1,-1,base,0.58182,0.5822,,,range,1,0.58264,0.5818,200,204,0.5818,0.58264,,202,0.5818,,170,0.58534,,1,,0.58534,SEEK_PULLBACK,EST_OR_UPD,0,,-1,-1,1,-1,198
2025-12-26 13:00:00+00:00,0.58217,0.58336,0.58204,0.5832,3667,0.0010300000000000864,0.0013199999999999878,0.00015999999999993797,0.00012999999999996348,1,0.5827,0.780303030303103,maru,0,True,True,True,0.0009200000000000319,True,True,0.0009200000000000319,True,True,0.0009200000000000319,,0,,-1,-1,-1,1,208,3,base,0.58204,0.58336,,,range,1,0.58264,0.5818,200,204,0.5818,0.58264,0.5436893203883087,202,0.5818,,170,0.58534,,1,,0.58534,SEEK_PULLBACK,EST_OR_UPD,0,,-1,-1,1,-1,198
2025-12-26 14:00:00+00:00,0.58322,0.5837,0.58317,0.58343,4332,0.00021000000000004349,0.0005300000000000304,0.00026999999999999247,4.999999999999449e-05,1,0.5834349999999999,0.39622641509439893,pinbar,0,False,False,False,0.0013199999999999878,False,True,0.0009200000000000319,False,True,0.0009200000000000319,one_maru_continuous,1,SUCCESS,205,206,-1,0,-1,-1,base,0.58317,0.5837,,,pullback,1,0.5837,0.5818,200,204,0.5818,0.5837,1.0,202,0.5818,CTS_CONFIRMED,170,0.58534,,1,0.5818,0.58534,SEEK_BREAKOUT,CONFIRMED,0,,-1,-1,1,-1,198
2025-12-26 15:00:00+00:00,0.58344,0.58424,0.5832,0.58348,5368,4.0000000000040004e-05,0.0010399999999999299,0.0007599999999999829,0.00023999999999990695,1,0.58372,0.03846153846157952,pinbar,0,False,True,True,0.0013199999999999878,True,True,0.0013199999999999878,True,True,0.0009200000000000319,,0,,-1,-1,-1,1,212,5,base,0.5832,0.58424,,,pullback,1,0.58424,0.5818,200,204,0.5818,0.58424,,202,0.5818,,170,0.58534,,1,0.5818,0.58534,SEEK_BREAKOUT,CONFIRMED,0,,-1,-1,1,-1,198
2025-12-26 16:00:00+00:00,0.58348,0.58352,0.58243,0.58273,5644,0.0007500000000000284,0.0010900000000000354,4.0000000000040004e-05,0.00029999999999996696,-1,0.582975,0.6880733944954166,maru,0,True,True,True,0.0013199999999999878,True,True,0.0013199999999999878,True,True,0.0013199999999999878,,0,,-1,-1,-1,1,210,2,base,0.58243,0.58352,,,pullback_range,1,0.58424,0.5818,200,204,0.5818,0.58424,,202,0.5818,,170,0.58534,,1,0.5818,0.58534,SEEK_BREAKOUT,CONFIRMED,0,,-1,-1,1,-1,198
2025-12-26 17:00:00+00:00,0.58272,0.58302,0.58252,0.58298,4641,0.000260000000000038,0.0004999999999999449,3.999999999992898e-05,0.00019999999999997797,1,0.58277,0.5200000000001332,normal,0,True,False,False,0.0013199999999999878,False,False,0.0013199999999999878,False,False,0.0013199999999999878,,0,,-1,-1,-1,1,211,2,base,0.58252,0.58302,,,pullback_range,1,0.58424,0.5818,200,204,0.5818,0.58424,,202,0.5818,,170,0.58534,,1,0.5818,0.58534,SEEK_BREAKOUT,CONFIRMED,0,,-1,-1,1,-1,198
2025-12-26 18:00:00+00:00,0.583,0.58318,0.58286,0.58298,2402,1.999999999990898e-05,0.00031999999999998696,0.000180000000000069,0.00012000000000000899,-1,0.5830200000000001,0.06249999999971811,pinbar,0,False,False,False,0.0013199999999999878,False,False,0.0013199999999999878,False,False,0.0013199999999999878,,0,,-1,-1,-1,1,213,3,base,0.58286,0.58318,,,pullback_range,1,0.58424,0.5818,200,204,0.5818,0.58424,,202,0.5818,,170,0.58534,,1,0.5818,0.58534,SEEK_BREAKOUT,CONFIRMED,0,,-1,-1,1,-1,198
2025-12-26 19:00:00+00:00,0.58298,0.58306,0.58268,0.58296,1281,2.0000000000020002e-05,0.00038000000000004697,7.999999999996898e-05,0.000280000000000058,-1,0.58287,0.052631578947414555,pinbar,0,False,False,False,0.0013199999999999878,False,False,0.0013199999999999878,False,False,0.0013199999999999878,,0,,-1,-1,-1,1,213,2,base,0.58268,0.58306,,,pullback_range,1,0.58424,0.5818,200,204,0.5818,0.58424,,202,0.5818,,170,0.58534,,1,0.5818,0.58534,SEEK_BREAKOUT,CONFIRMED,0,,-1,-1,1,-1,198
2025-12-26 20:00:00+00:00,0.58298,0.58325,0.58292,0.58325,889,0.00026999999999999247,0.0003300000000000525,0.0,6.0000000000060005e-05,1,0.5830850000000001,0.8181818181816652,maru,0,True,False,False,0.0013199999999999878,False,False,0.0013199999999999878,False,False,0.0013199999999999878,,0,,-1,-1,-1,1,217,5,base,0.58292,0.58325,,,pullback_range,1,0.58424,0.5818,200,204,0.5818,0.58424,,202,0.5818,,170,0.58534,,1,0.5818,0.58534,SEEK_BREAKOUT,CONFIRMED,0,,-1,-1,1,-1,198
2025-12-26 21:00:00+00:00,0.58326,0.58331,0.58253,0.58306,3047,0.00019999999999997797,0.0007800000000000029,4.999999999999449e-05,0.0005300000000000304,-1,0.58292,0.2564102564102272,pinbar,0,False,False,True,0.0013199999999999878,False,True,0.0013199999999999878,False,True,0.0013199999999999878,,0,,-1,-1,-1,1,215,2,base,0.58253,0.58331,,,pullback_range,1,0.58424,0.5818,200,204,0.5818,0.58424,,202,0.5818,,170,0.58534,,1,0.5818,0.58534,SEEK_BREAKOUT,CONFIRMED,0,,-1,-1,1,-1,198
2025-12-28 22:00:00+00:00,0.58267,0.58298,0.58249,0.58274,1627,7.00000000000145e-05,0.0004900000000001015,0.00024000000000001798,0.000180000000000069,1,0.582735,0.14285714285714285,pinbar,0,False,False,False,0.0013199999999999878,False,False,0.0013199999999999878,False,False,0.0013199999999999878,,0,,-1,-1,-1,1,216,2,base,0.58249,0.58298,,,pullback_range,1,0.58424,0.5818,200,204,0.5818,0.58424,,202,0.5818,,170,0.58534,,1,0.5818,0.58534,SEEK_BREAKOUT,CONFIRMED,0,,-1,-1,1,-1,198
2025-12-28 23:00:00+00:00,0.58273,0.58306,0.5825,0.58263,1504,9.999999999998899e-05,0.0005600000000000049,0.0003300000000000525,0.00012999999999996348,-1,0.5827800000000001,0.17857142857140734,pinbar,0,False,False,False,0.0013199999999999878,False,False,0.0013199999999999878,False,False,0.0013199999999999878,,0,,-1,-1,-1,1,217,2,base,0.5825,0.58306,,,pullback_range,1,0.58424,0.5818,200,204,0.5818,0.58424,,202,0.5818,,170,0.58534,,1,0.5818,0.58534,SEEK_BREAKOUT,CONFIRMED,0,,-1,-1,1,-1,198
2025-12-29 00:00:00+00:00,0.58263,0.58332,0.58255,0.5827,2848,7.00000000000145e-05,0.0007699999999999374,0.0006199999999999539,7.999999999996898e-05,1,0.582935,0.09090909090911713,pinbar,0,False,False,True,0.0013199999999999878,False,True,0.0013199999999999878,False,True,0.0013199999999999878,,0,,-1,-1,-1,1,218,2,base,0.58255,0.58332,,,pullback_range,1,0.58424,0.5818,200,204,0.5818,0.58424,,202,0.5818,,170,0.58534,,1,0.5818,0.58534,SEEK_BREAKOUT,CONFIRMED,0,,-1,-1,1,-1,198
2025-12-29 01:00:00+00:00,0.58272,0.58316,0.58259,0.58293,3239,0.00020999999999993246,0.0005699999999999594,0.0002300000000000635,0.00012999999999996348,1,0.582875,0.36842105263148667,pinbar,0,False,False,False,0.0013199999999999878,False,False,0.0013199999999999878,False,False,0.0013199999999999878,,0,,-1,-1,-1,1,219,2,base,0.58259,0.58316,,,pullback_range,1,0.58424,0.5818,200,204,0.5818,0.58424,,202,0.5818,,170,0.58534,,1,0.5818,0.58534,SEEK_BREAKOUT,CONFIRMED,0,,-1,-1,1,-1,198
2025-12-29 02:00:00+00:00,0.5829,0.58336,0.58253,0.58314,2383,0.00024000000000001798,0.0008299999999999974,0.00021999999999999797,0.00036999999999998145,1,0.582945,0.2891566265060467,pinbar,0,False,False,True,0.0013199999999999878,False,True,0.0013199999999999878,False,True,0.0013199999999999878,,0,,-1,-1,-1,0,-1,-1,base,0.58253,0.58336,,,pullback_range,1,0.58424,0.5818,200,204,0.5818,0.58424,,202,0.5818,,170,0.58534,,1,0.5818,0.58534,SEEK_BREAKOUT,CONFIRMED,0,,-1,-1,1,-1,198
2025-12-29 03:00:00+00:00,0.58313,0.5833,0.5828,0.583,1558,0.0001300000000000745,0.000500000000000056,0.00017000000000000348,0.00019999999999997797,-1,0.5830500000000001,0.2600000000001199,pinbar,0,False,False,False,0.0013199999999999878,False,False,0.0013199999999999878,False,False,0.0013199999999999878,,0,,-1,-1,-1,0,-1,-1,base,0.5828,0.5833,,,pullback_range,1,0.58424,0.5818,200,204,0.5818,0.58424,,202,0.5818,,170,0.58534,,1,0.5818,0.58534,SEEK_BREAKOUT,CONFIRMED,0,,-1,-1,1,-1,198
2025-12-29 04:00:00+00:00,0.583,0.58318,0.5825,0.58252,1331,0.00047999999999992493,0.0006800000000000139,0.000180000000000069,2.0000000000020002e-05,-1,0.58284,0.7058823529410516,maru,0,True,False,True,0.0013199999999999878,False,True,0.0013199999999999878,False,True,0.0013199999999999878,,0,,-1,-1,-1,0,-1,-1,base,0.5825,0.58318,,,pullback_range,1,0.58424,0.5818,200,204,0.5818,0.58424,,202,0.5818,,170,0.58534,,1,0.5818,0.58534,SEEK_BREAKOUT,CONFIRMED,0,,-1,-1,1,-1,198
2025-12-29 05:00:00+00:00,0.58252,0.58254,0.58195,0.58196,1965,0.0005600000000000049,0.0005899999999999794,1.999999999990898e-05,1.0000000000065512e-05,-1,0.5822449999999999,0.9491525423729228,maru,0,True,False,False,0.0013199999999999878,False,False,0.0013199999999999878,False,False,0.0013199999999999878,double_maru,-1,SUCCESS,220,221,-1,0,-1,-1,base,0.58195,0.58254,,,pullback_range,1,0.58424,0.5818,200,204,0.5818,0.58424,,202,0.5818,,170,0.58534,,1,0.5818,0.58534,SEEK_BREAKOUT,CONFIRMED,0,,-1,-1,1,-1,198
2025-12-29 06:00:00+00:00,0.58196,0.58221,0.58166,0.58194,2411,2.0000000000020002e-05,0.0005500000000000504,0.00024999999999997247,0.000280000000000058,-1,0.581935,0.0363636363636694,pinbar,0,False,False,False,0.0013199999999999878,False,False,0.0013199999999999878,False,False,0.0013199999999999878,,0,,-1,-1,-1,0,-1,-1,base,0.58166,0.58221,,,pullback_range,1,0.58424,0.58166,200,204,0.58166,0.58424,,202,0.5818,,170,0.58534,,1,0.58166,0.58534,SEEK_BREAKOUT,CONFIRMED,0,,-1,-1,1,-1,198
2025-12-29 07:00:00+00:00,0.58196,0.58251,0.58156,0.58186,3736,9.999999999998899e-05,0.0009500000000000064,0.0005499999999999394,0.000300000000000078,-1,0.582035,0.10526315789472454,pinbar,0,False,True,True,0.0013199999999999878,True,True,0.0013199999999999878,True,True,0.0013199999999999878,,0,,-1,-1,-1,0,-1,-1,base,0.58156,0.58251,,,pullback_range,1,0.58424,0.58156,200,204,0.58156,0.58424,,202,0.5818,,170,0.58534,,1,0.58156,0.58534,SEEK_BREAKOUT,CONFIRMED,0,,-1,-1,1,-1,198
2025-12-29 08:00:00+00:00,0.58184,0.58186,0.58078,0.58136,3448,0.00048000000000003595,0.001080000000000081,2.0000000000020002e-05,0.0005800000000000249,-1,0.5813200000000001,0.4444444444444444,normal,0,False,True,True,0.0013199999999999878,True,True,0.0013199999999999878,True,True,0.0013199999999999878,one_maru_continuous,-1,CONFIRMED,221,222,224,0,-1,-1,base,0.58078,0.58186,,,pullback_range,1,0.58424,0.58078,200,204,0.58078,0.58424,0.4166666666665896,202,0.5818,,170,0.58534,,1,0.58078,0.58534,SEEK_BREAKOUT,CONFIRMED,0,,-1,-1,1,-1,198
2025-12-29 09:00:00+00:00,0.58136,0.58144,0.5803,0.58075,3430,0.0006099999999999994,0.0011399999999999189,7.999999999996898e-05,0.00044999999999995044,-1,0.58087,0.5350877192982832,normal,0,True,True,True,0.0013199999999999878,True,True,0.0013199999999999878,True,True,0.0013199999999999878,,0,,-1,-1,-1,1,230,5,base,0.5803,0.58144,,,pullback_range,1,0.58424,0.58078,200,204,0.58078,0.58424,0.049180327868810686,202,0.5818,,170,0.58534,,1,0.58078,0.58534,SEEK_BREAKOUT,CONFIRMED,0,,-1,-1,1,-1,198
2025-12-29 10:00:00+00:00,0.58076,0.58109,0.58042,0.58046,2599,0.000300000000000078,0.0006699999999999484,0.00032999999999994145,3.999999999992898e-05,-1,0.580755,0.4477611940300016,normal,0,False,False,True,0.0013199999999999878,False,True,0.0013199999999999878,False,True,0.0013199999999999878,,0,,-1,-1,-1,1,230,4,base,0.58042,0.58109,,,pullback_range,1,0.58424,0.58078,200,204,0.58078,0.58424,1.0,202,0.5818,,170,0.58534,,1,0.58078,0.58534,SEEK_BREAKOUT,CONFIRMED,0,,-1,-1,1,-1,198
2025-12-29 11:00:00+00:00,0.58044,0.5805,0.57989,0.57998,2199,0.00045999999999990493,0.0006099999999999994,6.0000000000060005e-05,9.00000000000345e-05,-1,0.580195,0.7540983606555826,maru,0,True,False,False,0.0013199999999999878,False,False,0.0013199999999999878,False,False,0.0013199999999999878,,0,,-1,-1,-1,0,-1,-1,base,0.57989,0.5805,,,pullback_range,1,0.58424,0.58078,200,204,0.58078,0.58424,1.0,202,0.5818,,170,0.58534,,1,0.58078,0.58534,SEEK_BREAKOUT,CONFIRMED,0,,-1,-1,1,-1,198
2025-12-29 12:00:00+00:00,0.57998,0.57998,0.57902,0.57958,2483,0.00040000000000006697,0.0009600000000000719,0.0,0.0005600000000000049,-1,0.5795,0.4166666666667052,normal,0,False,True,True,0.0010900000000000354,True,True,0.0013199999999999878,True,True,0.0013199999999999878,continuous,-1,CONFIRMED,225,227,228,0,-1,-1,no base star 2nd big,0.57902,0.58002,0.57958,0.58051,breakout,0,,,-1,-1,,,1.0,228,0.57902,CTS_UPDATED,207,0.58424,BOS_CONFIRMED,2,,0.58424,SEEK_PULLBACK,EST_OR_UPD,0,,-1,-1,1,-1,228
2025-12-29 13:00:00+00:00,0.57961,0.58002,0.57932,0.57981,3581,0.000200000000000089,0.0007000000000000339,0.00020999999999993246,0.00029000000000001247,1,0.5796699999999999,0.285714285714399,pinbar,0,False,False,True,0.0010900000000000354,False,True,0.0010900000000000354,False,True,0.0013199999999999878,,0,,-1,-1,-1,1,234,5,base,0.57932,0.58002,,,range,1,0.58002,0.57902,229,234,0.57902,0.58002,,228,0.57902,,207,0.58424,,2,,0.58424,SEEK_PULLBACK,EST_OR_UPD,0,,-1,-1,1,-1,228
2025-12-29 14:00:00+00:00,0.57981,0.58088,0.57929,0.58051,4400,0.0006999999999999229,0.0015899999999999803,0.00036999999999998145,0.000520000000000076,1,0.580085,0.44025157232700096,normal,0,False,True,True,0.0010900000000000354,True,True,0.0010900000000000354,True,True,0.0010900000000000354,,0,,-1,-1,-1,1,232,2,no base star 1st big,0.57929,0.58098,0.57981,0.58098,range,1,0.58088,0.57902,229,234,0.57902,0.58088,0.7000000000000635,228,0.57902,,207,0.58424,,2,,0.58424,SEEK_PULLBACK,EST_OR_UPD,0,,-1,-1,1,-1,228
2025-12-29 15:00:00+00:00,0.58052,0.58098,0.57952,0.58098,5999,0.00046000000000001595,0.0014600000000000168,0.0,0.0010000000000000009,1,0.58025,0.31506849315069224,pinbar,1,False,True,True,0.0010900000000000354,True,True,0.0010900000000000354,True,True,0.0010900000000000354,,0,,-1,-1,-1,1,233,2,no base big tail up,0.57952,0.58098,0.58052,0.58098,range,1,0.58098,0.57902,229,234,0.57902,0.58098,0.21739130434803597,228,0.57902,,207,0.58424,,2,,0.58424,SEEK_PULLBACK,EST_OR_UPD,0,,-1,-1,1,-1,228
2025-12-29 16:00:00+00:00,0.58098,0.58108,0.5803,0.58055,4220,0.00043000000000004146,0.0007800000000000029,9.999999999998899e-05,0.00024999999999997247,-1,0.58069,0.5512820512821024,normal,0,True,True,True,0.0010900000000000354,True,True,0.0010900000000000354,True,True,0.0010900000000000354,,0,,-1,-1,-1,1,235,3,base,0.5803,0.58108,,,range,1,0.58108,0.57902,229,234,0.57902,0.58108,,228,0.57902,,207,0.58424,,2,,0.58424,SEEK_PULLBACK,EST_OR_UPD,0,,-1,-1,1,-1,228
2025-12-29 17:00:00+00:00,0.58056,0.58064,0.58017,0.58032,3014,0.00024000000000001798,0.00047000000000008146,8.000000000008001e-05,0.00014999999999998348,-1,0.5804050000000001,0.5106382978722902,normal,0,True,False,False,0.0010900000000000354,False,False,0.0010900000000000354,False,False,0.0010900000000000354,,0,,-1,-1,-1,1,235,2,base,0.58017,0.58064,,,range,1,0.58108,0.57902,229,234,0.57902,0.58108,,228,0.57902,,207,0.58424,,2,,0.58424,SEEK_PULLBACK,EST_OR_UPD,0,,-1,-1,1,-1,228
2025-12-29 18:00:00+00:00,0.58032,0.58064,0.57993,0.57994,1661,0.00037999999999993594,0.0007100000000000994,0.000320000000000098,1.0000000000065512e-05,-1,0.5802849999999999,0.5352112676054687,normal,0,True,True,True,0.0010900000000000354,True,True,0.0010900000000000354,True,True,0.0010900000000000354,,0,,-1,-1,-1,1,236,2,no base,0.57983,0.58073,0.57993,0.58064,range,1,0.58108,0.57902,229,234,0.57902,0.58108,,228,0.57902,,207,0.58424,,2,,0.58424,SEEK_PULLBACK,EST_OR_UPD,0,,-1,-1,1,-1,228
2025-12-29 19:00:00+00:00,0.57993,0.58073,0.57983,0.58064,1599,0.0007100000000000994,0.0009000000000000119,8.999999999992347e-05,9.999999999998899e-05,1,0.5802799999999999,0.7888888888889889,maru,0,True,True,True,0.0010900000000000354,True,True,0.0010900000000000354,True,True,0.0010900000000000354,,0,,-1,-1,-1,1,237,2,base,0.57983,0.58073,,,range,1,0.58108,0.57902,229,234,0.57902,0.58108,,228,0.57902,,207,0.58424,,2,,0.58424,SEEK_PULLBACK,EST_OR_UPD,0,,-1,-1,1,-1,228
2025-12-29 20:00:00+00:00,0.58064,0.58074,0.58025,0.58042,1288,0.00021999999999999797,0.0004899999999999904,9.999999999998899e-05,0.00017000000000000348,-1,0.580495,0.4489795918367393,normal,0,False,False,True,0.0009000000000000119,False,False,0.0010900000000000354,False,False,0.0010900000000000354,,0,,-1,-1,-1,1,238,2,no base star 2nd big,0.58025,0.58076,0.57999,0.58064,range,1,0.58108,0.57902,229,234,0.57902,0.58108,,228,0.57902,,207,0.58424,,2,,0.58424,SEEK_PULLBACK,EST_OR_UPD,0,,-1,-1,1,-1,228
2025-12-29 21:00:00+00:00,0.58042,0.58076,0.58034,0.58037,900,4.999999999999449e-05,0.00042000000000008697,0.00034000000000000696,3.0000000000085514e-05,-1,0.58055,0.11904761904758128,pinbar,0,False,False,False,0.0009000000000000119,False,False,0.0009000000000000119,False,False,0.0010900000000000354,,0,,-1,-1,-1,0,-1,-1,base,0.58034,0.58076,,,range,1,0.58108,0.57902,229,234,0.57902,0.58108,,228,0.57902,,207,0.58424,,2,,0.58424,SEEK_PULLBACK,EST_OR_UPD,0,,-1,-1,1,-1,228
2025-12-29 22:00:00+00:00,0.57999,0.58086,0.5798,0.58048,2624,0.0004899999999999904,0.001060000000000061,0.00038000000000004697,0.00019000000000002348,1,0.58033,0.46226415094336065,normal,0,False,True,True,0.0009000000000000119,True,True,0.0009000000000000119,True,True,0.0009000000000000119,,0,,-1,-1,-1,0,-1,-1,base,0.5798,0.58086,,,range,1,0.58108,0.57902,229,234,0.57902,0.58108,,228,0.57902,,207,0.58424,,2,,0.58424,SEEK_PULLBACK,EST_OR_UPD,0,,-1,-1,1,-1,228
2025-12-29 23:00:00+00:00,0.58043,0.58082,0.58038,0.58078,843,0.00034999999999996145,0.00043999999999999595,4.0000000000040004e-05,4.999999999999449e-05,1,0.5806,0.7954545454544651,maru,0,True,False,False,0.0009000000000000119,False,False,0.0009000000000000119,False,False,0.0009000000000000119,,0,,-1,-1,-1,0,-1,-1,base,0.58038,0.58082,,,range,1,0.58108,0.57902,229,234,0.57902,0.58108,,228,0.57902,,207,0.58424,,2,,0.58424,SEEK_PULLBACK,EST_OR_UPD,0,,-1,-1,1,-1,228
