idx,category,type,price,meta
653,STRUCTURE,CTS_ESTABLISHED,0.5625,"{'via': 'one_maru_continuous', 'anchor_idx': 652, 'pattern_name': 'one_maru_continuous', 'confirmed_at': 653, 'cycle_id': 0, 'structure_id': 0, 'struct_direction': 1, 'timeframe': 'M15', 'use_case': 'first_confluence', 'parent_tf': 'H1', 'parent_sid': 0, 'parent_cycle_id': 0, 'structure_path_id': 'H1.main >> M15.confluence', 'sub_sid': 0, 'started_by': 'first_confluence', 'start_trigger_idx': 630}"
630,STRUCTURE,BOS_CONFIRMED,0.55914,"{'source': 'initial_prior_extreme', 'confirmed_at': 653, 'pb_start': None, 'cycle_id': 0, 'structure_id': 0, 'struct_direction': 1, 'timeframe': 'M15', 'use_case': 'first_confluence', 'parent_tf': 'H1', 'parent_sid': 0, 'parent_cycle_id': 0, 'structure_path_id': 'H1.main >> M15.confluence', 'sub_sid': 0, 'started_by': 'first_confluence', 'start_trigger_idx': 630}"
653,STATE,STATE_CHANGED,,"{'from': 'none', 'to': 'breakout', 'structure_id': 0, 'struct_direction': 1, 'reason': 'breakout_pattern', 'pat': 'one_maru_continuous', 'effective_idx': 73, 'timeframe': 'M15', 'use_case': 'first_confluence', 'parent_tf': 'H1', 'parent_sid': 0, 'parent_cycle_id': 0, 'structure_path_id': 'H1.main >> M15.confluence', 'sub_sid': 0, 'started_by': 'first_confluence', 'start_trigger_idx': 630}"
654,STRUCTURE,CTS_UPDATED,0.56255,"{'via': 'replay_raw', 'cycle_id': 0, 'structure_id': 0, 'struct_direction': 1, 'timeframe': 'M15', 'use_case': 'first_confluence', 'parent_tf': 'H1', 'parent_sid': 0, 'parent_cycle_id': 0, 'structure_path_id': 'H1.main >> M15.confluence', 'sub_sid': 0, 'started_by': 'first_confluence', 'start_trigger_idx': 630}"
655,STRUCTURE,CTS_UPDATED,0.56287,"{'via': 'replay_raw', 'cycle_id': 0, 'structure_id': 0, 'struct_direction': 1, 'timeframe': 'M15', 'use_case': 'first_confluence', 'parent_tf': 'H1', 'parent_sid': 0, 'parent_cycle_id': 0, 'structure_path_id': 'H1.main >> M15.confluence', 'sub_sid': 0, 'started_by': 'first_confluence', 'start_trigger_idx': 630}"
657,RANGE,RANGE_STARTED,,"{'start_idx': 75, 'confirm_idx': 77, 'hi': 0.56287, 'lo': 0.56215, 'cts_idx': 75, 'cts_price': 0.56287, 'structure_id': 0, 'struct_direction': 1, 'timeframe': 'M15', 'use_case': 'first_confluence', 'parent_tf': 'H1', 'parent_sid': 0, 'parent_cycle_id': 0, 'structure_path_id': 'H1.main >> M15.confluence', 'sub_sid': 0, 'started_by': 'first_confluence', 'start_trigger_idx': 630}"
657,STATE,STATE_CHANGED,,"{'from': 'breakout', 'to': 'range', 'structure_id': 0, 'struct_direction': 1, 'reason': 'range_confirmed', 'effective_idx': 75, 'timeframe': 'M15', 'use_case': 'first_confluence', 'parent_tf': 'H1', 'parent_sid': 0, 'parent_cycle_id': 0, 'structure_path_id': 'H1.main >> M15.confluence', 'sub_sid': 0, 'started_by': 'first_confluence', 'start_trigger_idx': 630}"
656,RANGE,RANGE_UPDATED,,"{'hi': 0.56287, 'lo': 0.56213, 'structure_id': 0, 'struct_direction': 1, 'timeframe': 'M15', 'use_case': 'first_confluence', 'parent_tf': 'H1', 'parent_sid': 0, 'parent_cycle_id': 0, 'structure_path_id': 'H1.main >> M15.confluence', 'sub_sid': 0, 'started_by': 'first_confluence', 'start_trigger_idx': 630}"
658,RANGE,RANGE_UPDATED,,"{'hi': 0.56287, 'lo': 0.56212, 'structure_id': 0, 'struct_direction': 1, 'timeframe': 'M15', 'use_case': 'first_confluence', 'parent_tf': 'H1', 'parent_sid': 0, 'parent_cycle_id': 0, 'structure_path_id': 'H1.main >> M15.confluence', 'sub_sid': 0, 'started_by': 'first_confluence', 'start_trigger_idx': 630}"
660,RANGE,RANGE_UPDATED,,"{'hi': 0.56287, 'lo': 0.56206, 'structure_id': 0, 'struct_direction': 1, 'timeframe': 'M15', 'use_case': 'first_confluence', 'parent_tf': 'H1', 'parent_sid': 0, 'parent_cycle_id': 0, 'structure_path_id': 'H1.main >> M15.confluence', 'sub_sid': 0, 'started_by': 'first_confluence', 'start_trigger_idx': 630}"
661,RANGE,RANGE_UPDATED,,"{'hi': 0.56287, 'lo': 0.56186, 'structure_id': 0, 'struct_direction': 1, 'timeframe': 'M15', 'use_case': 'first_confluence', 'parent_tf': 'H1', 'parent_sid': 0, 'parent_cycle_id': 0, 'structure_path_id': 'H1.main >> M15.confluence', 'sub_sid': 0, 'started_by': 'first_confluence', 'start_trigger_idx': 630}"
666,RANGE,RANGE_UPDATED,,"{'hi': 0.56287, 'lo': 0.56174, 'structure_id': 0, 'struct_direction': 1, 'timeframe': 'M15', 'use_case': 'first_confluence', 'parent_tf': 'H1', 'parent_sid': 0, 'parent_cycle_id': 0, 'structure_path_id': 'H1.main >> M15.confluence', 'sub_sid': 0, 'started_by': 'first_confluence', 'start_trigger_idx': 630}"
667,RANGE,RANGE_UPDATED,,"{'hi': 0.56287, 'lo': 0.56165, 'structure_id': 0, 'struct_direction': 1, 'timeframe': 'M15', 'use_case': 'first_confluence', 'parent_tf': 'H1', 'parent_sid': 0, 'parent_cycle_id': 0, 'structure_path_id': 'H1.main >> M15.confluence', 'sub_sid': 0, 'started_by': 'first_confluence', 'start_trigger_idx': 630}"
672,RANGE,RANGE_UPDATED,,"{'hi': 0.56287, 'lo': 0.56158, 'structure_id': 0, 'struct_direction': 1, 'timeframe': 'M15', 'use_case': 'first_confluence', 'parent_tf': 'H1', 'parent_sid': 0, 'parent_cycle_id': 0, 'structure_path_id': 'H1.main >> M15.confluence', 'sub_sid': 0, 'started_by': 'first_confluence', 'start_trigger_idx': 630}"
682,RANGE,RANGE_UPDATED,,"{'hi': 0.5632, 'lo': 0.56158, 'structure_id': 0, 'struct_direction': 1, 'timeframe': 'M15', 'use_case': 'first_confluence', 'parent_tf': 'H1', 'parent_sid': 0, 'parent_cycle_id': 0, 'structure_path_id': 'H1.main >> M15.confluence', 'sub_sid': 0, 'started_by': 'first_confluence', 'start_trigger_idx': 630}"
682,STRUCTURE,CTS_UPDATED,0.5632,"{'via': 'replay_raw', 'cycle_id': 0, 'structure_id': 0, 'struct_direction': 1, 'timeframe': 'M15', 'use_case': 'first_confluence', 'parent_tf': 'H1', 'parent_sid': 0, 'parent_cycle_id': 0, 'structure_path_id': 'H1.main >> M15.confluence', 'sub_sid': 0, 'started_by': 'first_confluence', 'start_trigger_idx': 630}"
684,STRUCTURE,CTS_UPDATED,0.56707,"{'via': 'replay_raw', 'cycle_id': 0, 'structure_id': 0, 'struct_direction': 1, 'timeframe': 'M15', 'use_case': 'first_confluence', 'parent_tf': 'H1', 'parent_sid': 0, 'parent_cycle_id': 0, 'structure_path_id': 'H1.main >> M15.confluence', 'sub_sid': 0, 'started_by': 'first_confluence', 'start_trigger_idx': 630}"
685,RANGE,RANGE_RESET,,"{'reason': 'range_breakout', 'pat': 'one_maru_continuous', 'structure_id': 0, 'struct_direction': 1, 'timeframe': 'M15', 'use_case': 'first_confluence', 'parent_tf': 'H1', 'parent_sid': 0, 'parent_cycle_id': 0, 'structure_path_id': 'H1.main >> M15.confluence', 'sub_sid': 0, 'started_by': 'first_confluence', 'start_trigger_idx': 630}"
685,STRUCTURE,CTS_UPDATED,0.56738,"{'via': 'one_maru_continuous', 'cycle_id': 0, 'structure_id': 0, 'struct_direction': 1, 'timeframe': 'M15', 'use_case': 'first_confluence', 'parent_tf': 'H1', 'parent_sid': 0, 'parent_cycle_id': 0, 'structure_path_id': 'H1.main >> M15.confluence', 'sub_sid': 0, 'started_by': 'first_confluence', 'start_trigger_idx': 630}"
685,STATE,STATE_CHANGED,,"{'from': 'range', 'to': 'breakout', 'structure_id': 0, 'struct_direction': 1, 'reason': 'breakout_pattern', 'pat': 'one_maru_continuous', 'effective_idx': 105, 'timeframe': 'M15', 'use_case': 'first_confluence', 'parent_tf': 'H1', 'parent_sid': 0, 'parent_cycle_id': 0, 'structure_path_id': 'H1.main >> M15.confluence', 'sub_sid': 0, 'started_by': 'first_confluence', 'start_trigger_idx': 630}"
686,STRUCTURE,CTS_UPDATED,0.56824,"{'via': 'replay_raw', 'cycle_id': 0, 'structure_id': 0, 'struct_direction': 1, 'timeframe': 'M15', 'use_case': 'first_confluence', 'parent_tf': 'H1', 'parent_sid': 0, 'parent_cycle_id': 0, 'structure_path_id': 'H1.main >> M15.confluence', 'sub_sid': 0, 'started_by': 'first_confluence', 'start_trigger_idx': 630}"
688,STRUCTURE,CTS_UPDATED,0.56891,"{'via': 'replay_raw', 'cycle_id': 0, 'structure_id': 0, 'struct_direction': 1, 'timeframe': 'M15', 'use_case': 'first_confluence', 'parent_tf': 'H1', 'parent_sid': 0, 'parent_cycle_id': 0, 'structure_path_id': 'H1.main >> M15.confluence', 'sub_sid': 0, 'started_by': 'first_confluence', 'start_trigger_idx': 630}"
689,STRUCTURE,CTS_UPDATED,0.5691,"{'via': 'replay_raw', 'cycle_id': 0, 'structure_id': 0, 'struct_direction': 1, 'timeframe': 'M15', 'use_case': 'first_confluence', 'parent_tf': 'H1', 'parent_sid': 0, 'parent_cycle_id': 0, 'structure_path_id': 'H1.main >> M15.confluence', 'sub_sid': 0, 'started_by': 'first_confluence', 'start_trigger_idx': 630}"
691,RANGE,RANGE_STARTED,,"{'start_idx': 109, 'confirm_idx': 111, 'hi': 0.5691, 'lo': 0.56804, 'cts_idx': 109, 'cts_price': 0.5691, 'structure_id': 0, 'struct_direction': 1, 'timeframe': 'M15', 'use_case': 'first_confluence', 'parent_tf': 'H1', 'parent_sid': 0, 'parent_cycle_id': 0, 'structure_path_id': 'H1.main >> M15.confluence', 'sub_sid': 0, 'started_by': 'first_confluence', 'start_trigger_idx': 630}"
691,STATE,STATE_CHANGED,,"{'from': 'breakout', 'to': 'range', 'structure_id': 0, 'struct_direction': 1, 'reason': 'range_confirmed', 'effective_idx': 109, 'timeframe': 'M15', 'use_case': 'first_confluence', 'parent_tf': 'H1', 'parent_sid': 0, 'parent_cycle_id': 0, 'structure_path_id': 'H1.main >> M15.confluence', 'sub_sid': 0, 'started_by': 'first_confluence', 'start_trigger_idx': 630}"
691,RANGE,RANGE_UPDATED,,"{'hi': 0.5692, 'lo': 0.56804, 'structure_id': 0, 'struct_direction': 1, 'timeframe': 'M15', 'use_case': 'first_confluence', 'parent_tf': 'H1', 'parent_sid': 0, 'parent_cycle_id': 0, 'structure_path_id': 'H1.main >> M15.confluence', 'sub_sid': 0, 'started_by': 'first_confluence', 'start_trigger_idx': 630}"
691,STRUCTURE,CTS_UPDATED,0.5692,"{'via': 'replay_raw', 'cycle_id': 0, 'structure_id': 0, 'struct_direction': 1, 'timeframe': 'M15', 'use_case': 'first_confluence', 'parent_tf': 'H1', 'parent_sid': 0, 'parent_cycle_id': 0, 'structure_path_id': 'H1.main >> M15.confluence', 'sub_sid': 0, 'started_by': 'first_confluence', 'start_trigger_idx': 630}"
692,RANGE,RANGE_UPDATED,,"{'hi': 0.56966, 'lo': 0.56804, 'structure_id': 0, 'struct_direction': 1, 'timeframe': 'M15', 'use_case': 'first_confluence', 'parent_tf': 'H1', 'parent_sid': 0, 'parent_cycle_id': 0, 'structure_path_id': 'H1.main >> M15.confluence', 'sub_sid': 0, 'started_by': 'first_confluence', 'start_trigger_idx': 630}"
692,STRUCTURE,CTS_UPDATED,0.56966,"{'via': 'replay_raw', 'cycle_id': 0, 'structure_id': 0, 'struct_direction': 1, 'timeframe': 'M15', 'use_case': 'first_confluence', 'parent_tf': 'H1', 'parent_sid': 0, 'parent_cycle_id': 0, 'structure_path_id': 'H1.main >> M15.confluence', 'sub_sid': 0, 'started_by': 'first_confluence', 'start_trigger_idx': 630}"
709,RANGE,RANGE_UPDATED,,"{'hi': 0.56966, 'lo': 0.56787, 'structure_id': 0, 'struct_direction': 1, 'timeframe': 'M15', 'use_case': 'first_confluence', 'parent_tf': 'H1', 'parent_sid': 0, 'parent_cycle_id': 0, 'structure_path_id': 'H1.main >> M15.confluence', 'sub_sid': 0, 'started_by': 'first_confluence', 'start_trigger_idx': 630}"
710,RANGE,RANGE_UPDATED,,"{'hi': 0.56966, 'lo': 0.56756, 'structure_id': 0, 'struct_direction': 1, 'timeframe': 'M15', 'use_case': 'first_confluence', 'parent_tf': 'H1', 'parent_sid': 0, 'parent_cycle_id': 0, 'structure_path_id': 'H1.main >> M15.confluence', 'sub_sid': 0, 'started_by': 'first_confluence', 'start_trigger_idx': 630}"
711,RANGE,RANGE_UPDATED,,"{'hi': 0.56966, 'lo': 0.56732, 'structure_id': 0, 'struct_direction': 1, 'timeframe': 'M15', 'use_case': 'first_confluence', 'parent_tf': 'H1', 'parent_sid': 0, 'parent_cycle_id': 0, 'structure_path_id': 'H1.main >> M15.confluence', 'sub_sid': 0, 'started_by': 'first_confluence', 'start_trigger_idx': 630}"
714,RANGE,RANGE_UPDATED,,"{'hi': 0.56966, 'lo': 0.5669, 'structure_id': 0, 'struct_direction': 1, 'timeframe': 'M15', 'use_case': 'first_confluence', 'parent_tf': 'H1', 'parent_sid': 0, 'parent_cycle_id': 0, 'structure_path_id': 'H1.main >> M15.confluence', 'sub_sid': 0, 'started_by': 'first_confluence', 'start_trigger_idx': 630}"
723,RANGE,RANGE_UPDATED,,"{'hi': 0.56966, 'lo': 0.56684, 'structure_id': 0, 'struct_direction': 1, 'timeframe': 'M15', 'use_case': 'first_confluence', 'parent_tf': 'H1', 'parent_sid': 0, 'parent_cycle_id': 0, 'structure_path_id': 'H1.main >> M15.confluence', 'sub_sid': 0, 'started_by': 'first_confluence', 'start_trigger_idx': 630}"
728,RANGE,RANGE_UPDATED,,"{'reason': 'pullback_expand', 'hi': 0.56966, 'lo': 0.5666, 'pat': 'one_maru_opposite', 'structure_id': 0, 'struct_direction': 1, 'timeframe': 'M15', 'use_case': 'first_confluence', 'parent_tf': 'H1', 'parent_sid': 0, 'parent_cycle_id': 0, 'structure_path_id': 'H1.main >> M15.confluence', 'sub_sid': 0, 'started_by': 'first_confluence', 'start_trigger_idx': 630}"
728,STRUCTURE,CTS_CONFIRMED,0.56966,"{'via': 'one_maru_opposite', 'cycle_id': 0, 'structure_id': 0, 'struct_direction': 1, 'confirmed_at': 728, 'cts_anchor_idx': 692, 'confirmation_method': 'pullback', 'timeframe': 'M15', 'use_case': 'first_confluence', 'parent_tf': 'H1', 'parent_sid': 0, 'parent_cycle_id': 0, 'structure_path_id': 'H1.main >> M15.confluence', 'sub_sid': 0, 'started_by': 'first_confluence', 'start_trigger_idx': 630}"
728,STATE,STATE_CHANGED,,"{'from': 'range', 'to': 'pullback', 'structure_id': 0, 'struct_direction': 1, 'reason': 'pullback_pattern', 'pat': 'one_maru_opposite', 'effective_idx': 148, 'timeframe': 'M15', 'use_case': 'first_confluence', 'parent_tf': 'H1', 'parent_sid': 0, 'parent_cycle_id': 0, 'structure_path_id': 'H1.main >> M15.confluence', 'sub_sid': 0, 'started_by': 'first_confluence', 'start_trigger_idx': 630}"
728,RANGE,RANGE_UPDATED,,"{'hi': 0.56966, 'lo': 0.56651, 'structure_id': 0, 'struct_direction': 1, 'timeframe': 'M15', 'use_case': 'first_confluence', 'parent_tf': 'H1', 'parent_sid': 0, 'parent_cycle_id': 0, 'structure_path_id': 'H1.main >> M15.confluence', 'sub_sid': 0, 'started_by': 'first_confluence', 'start_trigger_idx': 630}"
729,RANGE,RANGE_UPDATED,,"{'hi': 0.56966, 'lo': 0.56636, 'structure_id': 0, 'struct_direction': 1, 'timeframe': 'M15', 'use_case': 'first_confluence', 'parent_tf': 'H1', 'parent_sid': 0, 'parent_cycle_id': 0, 'structure_path_id': 'H1.main >> M15.confluence', 'sub_sid': 0, 'started_by': 'first_confluence', 'start_trigger_idx': 630}"
730,RANGE,RANGE_UPDATED,,"{'hi': 0.56966, 'lo': 0.56628, 'structure_id': 0, 'struct_direction': 1, 'timeframe': 'M15', 'use_case': 'first_confluence', 'parent_tf': 'H1', 'parent_sid': 0, 'parent_cycle_id': 0, 'structure_path_id': 'H1.main >> M15.confluence', 'sub_sid': 0, 'started_by': 'first_confluence', 'start_trigger_idx': 630}"
731,STATE,STATE_CHANGED,,"{'from': 'pullback', 'to': 'pullback_range', 'structure_id': 0, 'struct_direction': 1, 'reason': 'replay_no_expand_pullback_side', 'effective_idx': 151, 'timeframe': 'M15', 'use_case': 'first_confluence', 'parent_tf': 'H1', 'parent_sid': 0, 'parent_cycle_id': 0, 'structure_path_id': 'H1.main >> M15.confluence', 'sub_sid': 0, 'started_by': 'first_confluence', 'start_trigger_idx': 630}"
756,RANGE,RANGE_UPDATED,,"{'hi': 0.56974, 'lo': 0.56628, 'structure_id': 0, 'struct_direction': 1, 'timeframe': 'M15', 'use_case': 'first_confluence', 'parent_tf': 'H1', 'parent_sid': 0, 'parent_cycle_id': 0, 'structure_path_id': 'H1.main >> M15.confluence', 'sub_sid': 0, 'started_by': 'first_confluence', 'start_trigger_idx': 630}"
756,STRUCTURE,CTS_THRESHOLD_UPDATED,0.56974,"{'prev': 0.56966, 'reason': 'range_sync', 'cycle_id': 0, 'structure_id': 0, 'struct_direction': 1, 'timeframe': 'M15', 'use_case': 'first_confluence', 'parent_tf': 'H1', 'parent_sid': 0, 'parent_cycle_id': 0, 'structure_path_id': 'H1.main >> M15.confluence', 'sub_sid': 0, 'started_by': 'first_confluence', 'start_trigger_idx': 630}"
767,RANGE,RANGE_UPDATED,,"{'hi': 0.57018, 'lo': 0.56628, 'structure_id': 0, 'struct_direction': 1, 'timeframe': 'M15', 'use_case': 'first_confluence', 'parent_tf': 'H1', 'parent_sid': 0, 'parent_cycle_id': 0, 'structure_path_id': 'H1.main >> M15.confluence', 'sub_sid': 0, 'started_by': 'first_confluence', 'start_trigger_idx': 630}"
767,STRUCTURE,CTS_THRESHOLD_UPDATED,0.57018,"{'prev': 0.56974, 'reason': 'range_sync', 'cycle_id': 0, 'structure_id': 0, 'struct_direction': 1, 'timeframe': 'M15', 'use_case': 'first_confluence', 'parent_tf': 'H1', 'parent_sid': 0, 'parent_cycle_id': 0, 'structure_path_id': 'H1.main >> M15.confluence', 'sub_sid': 0, 'started_by': 'first_confluence', 'start_trigger_idx': 630}"
769,RANGE,RANGE_UPDATED,,"{'hi': 0.57038, 'lo': 0.56628, 'structure_id': 0, 'struct_direction': 1, 'timeframe': 'M15', 'use_case': 'first_confluence', 'parent_tf': 'H1', 'parent_sid': 0, 'parent_cycle_id': 0, 'structure_path_id': 'H1.main >> M15.confluence', 'sub_sid': 0, 'started_by': 'first_confluence', 'start_trigger_idx': 630}"
769,STRUCTURE,CTS_THRESHOLD_UPDATED,0.57038,"{'prev': 0.57018, 'reason': 'range_sync', 'cycle_id': 0, 'structure_id': 0, 'struct_direction': 1, 'timeframe': 'M15', 'use_case': 'first_confluence', 'parent_tf': 'H1', 'parent_sid': 0, 'parent_cycle_id': 0, 'structure_path_id': 'H1.main >> M15.confluence', 'sub_sid': 0, 'started_by': 'first_confluence', 'start_trigger_idx': 630}"
776,RANGE,RANGE_RESET,,"{'reason': 'range_breakout', 'pat': 'one_maru_continuous', 'structure_id': 0, 'struct_direction': 1, 'timeframe': 'M15', 'use_case': 'first_confluence', 'parent_tf': 'H1', 'parent_sid': 0, 'parent_cycle_id': 0, 'structure_path_id': 'H1.main >> M15.confluence', 'sub_sid': 0, 'started_by': 'first_confluence', 'start_trigger_idx': 630}"
776,STRUCTURE,CTS_ESTABLISHED,0.57104,"{'via': 'one_maru_continuous', 'anchor_idx': 774, 'pattern_name': 'one_maru_continuous', 'confirmed_at': 776, 'cycle_id': 1, 'structure_id': 0, 'struct_direction': 1, 'timeframe': 'M15', 'use_case': 'first_confluence', 'parent_tf': 'H1', 'parent_sid': 0, 'parent_cycle_id': 0, 'structure_path_id': 'H1.main >> M15.confluence', 'sub_sid': 0, 'started_by': 'first_confluence', 'start_trigger_idx': 630}"
730,STRUCTURE,BOS_CONFIRMED,0.56628,"{'source': 'pullback_extreme', 'confirmed_at': 776, 'pb_start': 148, 'cycle_id': 1, 'structure_id': 0, 'struct_direction': 1, 'timeframe': 'M15', 'use_case': 'first_confluence', 'parent_tf': 'H1', 'parent_sid': 0, 'parent_cycle_id': 0, 'structure_path_id': 'H1.main >> M15.confluence', 'sub_sid': 0, 'started_by': 'first_confluence', 'start_trigger_idx': 630}"
776,STATE,STATE_CHANGED,,"{'from': 'pullback_range', 'to': 'breakout', 'structure_id': 0, 'struct_direction': 1, 'reason': 'breakout_pattern', 'pat': 'one_maru_continuous', 'effective_idx': 196, 'timeframe': 'M15', 'use_case': 'first_confluence', 'parent_tf': 'H1', 'parent_sid': 0, 'parent_cycle_id': 0, 'structure_path_id': 'H1.main >> M15.confluence', 'sub_sid': 0, 'started_by': 'first_confluence', 'start_trigger_idx': 630}"
777,STRUCTURE,CTS_UPDATED,0.57106,"{'via': 'replay_raw', 'cycle_id': 1, 'structure_id': 0, 'struct_direction': 1, 'timeframe': 'M15', 'use_case': 'first_confluence', 'parent_tf': 'H1', 'parent_sid': 0, 'parent_cycle_id': 0, 'structure_path_id': 'H1.main >> M15.confluence', 'sub_sid': 0, 'started_by': 'first_confluence', 'start_trigger_idx': 630}"
778,STRUCTURE,CTS_UPDATED,0.57109,"{'via': 'replay_raw', 'cycle_id': 1, 'structure_id': 0, 'struct_direction': 1, 'timeframe': 'M15', 'use_case': 'first_confluence', 'parent_tf': 'H1', 'parent_sid': 0, 'parent_cycle_id': 0, 'structure_path_id': 'H1.main >> M15.confluence', 'sub_sid': 0, 'started_by': 'first_confluence', 'start_trigger_idx': 630}"
779,STRUCTURE,CTS_UPDATED,0.57125,"{'via': 'one_maru_opposite', 'cycle_id': 1, 'structure_id': 0, 'struct_direction': 1, 'timeframe': 'M15', 'use_case': 'first_confluence', 'parent_tf': 'H1', 'parent_sid': 0, 'parent_cycle_id': 0, 'structure_path_id': 'H1.main >> M15.confluence', 'sub_sid': 0, 'started_by': 'first_confluence', 'start_trigger_idx': 630}"
780,STRUCTURE,CTS_UPDATED,0.57162,"{'via': 'replay_raw', 'cycle_id': 1, 'structure_id': 0, 'struct_direction': 1, 'timeframe': 'M15', 'use_case': 'first_confluence', 'parent_tf': 'H1', 'parent_sid': 0, 'parent_cycle_id': 0, 'structure_path_id': 'H1.main >> M15.confluence', 'sub_sid': 0, 'started_by': 'first_confluence', 'start_trigger_idx': 630}"
781,STRUCTURE,CTS_UPDATED,0.57166,"{'via': 'replay_raw', 'cycle_id': 1, 'structure_id': 0, 'struct_direction': 1, 'timeframe': 'M15', 'use_case': 'first_confluence', 'parent_tf': 'H1', 'parent_sid': 0, 'parent_cycle_id': 0, 'structure_path_id': 'H1.main >> M15.confluence', 'sub_sid': 0, 'started_by': 'first_confluence', 'start_trigger_idx': 630}"
782,STRUCTURE,CTS_UPDATED,0.57168,"{'via': 'replay_raw', 'cycle_id': 1, 'structure_id': 0, 'struct_direction': 1, 'timeframe': 'M15', 'use_case': 'first_confluence', 'parent_tf': 'H1', 'parent_sid': 0, 'parent_cycle_id': 0, 'structure_path_id': 'H1.main >> M15.confluence', 'sub_sid': 0, 'started_by': 'first_confluence', 'start_trigger_idx': 630}"
783,STRUCTURE,CTS_UPDATED,0.57208,"{'via': 'one_maru_continuous', 'cycle_id': 1, 'structure_id': 0, 'struct_direction': 1, 'timeframe': 'M15', 'use_case': 'first_confluence', 'parent_tf': 'H1', 'parent_sid': 0, 'parent_cycle_id': 0, 'structure_path_id': 'H1.main >> M15.confluence', 'sub_sid': 0, 'started_by': 'first_confluence', 'start_trigger_idx': 630}"
784,STRUCTURE,CTS_UPDATED,0.5732,"{'via': 'replay_raw', 'cycle_id': 1, 'structure_id': 0, 'struct_direction': 1, 'timeframe': 'M15', 'use_case': 'first_confluence', 'parent_tf': 'H1', 'parent_sid': 0, 'parent_cycle_id': 0, 'structure_path_id': 'H1.main >> M15.confluence', 'sub_sid': 0, 'started_by': 'first_confluence', 'start_trigger_idx': 630}"
787,RANGE,RANGE_STARTED,,"{'start_idx': 205, 'confirm_idx': 207, 'hi': 0.5732, 'lo': 0.57234, 'cts_idx': 204, 'cts_price': 0.5732, 'structure_id': 0, 'struct_direction': 1, 'timeframe': 'M15', 'use_case': 'first_confluence', 'parent_tf': 'H1', 'parent_sid': 0, 'parent_cycle_id': 0, 'structure_path_id': 'H1.main >> M15.confluence', 'sub_sid': 0, 'started_by': 'first_confluence', 'start_trigger_idx': 630}"
787,STATE,STATE_CHANGED,,"{'from': 'breakout', 'to': 'range', 'structure_id': 0, 'struct_direction': 1, 'reason': 'range_confirmed', 'effective_idx': 205, 'timeframe': 'M15', 'use_case': 'first_confluence', 'parent_tf': 'H1', 'parent_sid': 0, 'parent_cycle_id': 0, 'structure_path_id': 'H1.main >> M15.confluence', 'sub_sid': 0, 'started_by': 'first_confluence', 'start_trigger_idx': 630}"
787,RANGE,RANGE_UPDATED,,"{'hi': 0.5732, 'lo': 0.5722, 'structure_id': 0, 'struct_direction': 1, 'timeframe': 'M15', 'use_case': 'first_confluence', 'parent_tf': 'H1', 'parent_sid': 0, 'parent_cycle_id': 0, 'structure_path_id': 'H1.main >> M15.confluence', 'sub_sid': 0, 'started_by': 'first_confluence', 'start_trigger_idx': 630}"
802,RANGE,RANGE_UPDATED,,"{'reason': 'pullback_expand', 'hi': 0.5732, 'lo': 0.57154, 'pat': 'one_maru_opposite', 'structure_id': 0, 'struct_direction': 1, 'timeframe': 'M15', 'use_case': 'first_confluence', 'parent_tf': 'H1', 'parent_sid': 0, 'parent_cycle_id': 0, 'structure_path_id': 'H1.main >> M15.confluence', 'sub_sid': 0, 'started_by': 'first_confluence', 'start_trigger_idx': 630}"
802,STRUCTURE,CTS_CONFIRMED,0.5732,"{'via': 'one_maru_opposite', 'cycle_id': 1, 'structure_id': 0, 'struct_direction': 1, 'confirmed_at': 802, 'cts_anchor_idx': 784, 'confirmation_method': 'pullback', 'timeframe': 'M15', 'use_case': 'first_confluence', 'parent_tf': 'H1', 'parent_sid': 0, 'parent_cycle_id': 0, 'structure_path_id': 'H1.main >> M15.confluence', 'sub_sid': 0, 'started_by': 'first_confluence', 'start_trigger_idx': 630}"
802,STATE,STATE_CHANGED,,"{'from': 'range', 'to': 'pullback', 'structure_id': 0, 'struct_direction': 1, 'reason': 'pullback_pattern', 'pat': 'one_maru_opposite', 'effective_idx': 222, 'timeframe': 'M15', 'use_case': 'first_confluence', 'parent_tf': 'H1', 'parent_sid': 0, 'parent_cycle_id': 0, 'structure_path_id': 'H1.main >> M15.confluence', 'sub_sid': 0, 'started_by': 'first_confluence', 'start_trigger_idx': 630}"
803,STATE,STATE_CHANGED,,"{'from': 'pullback', 'to': 'pullback_range', 'structure_id': 0, 'struct_direction': 1, 'reason': 'replay_no_expand_pullback_side', 'effective_idx': 223, 'timeframe': 'M15', 'use_case': 'first_confluence', 'parent_tf': 'H1', 'parent_sid': 0, 'parent_cycle_id': 0, 'structure_path_id': 'H1.main >> M15.confluence', 'sub_sid': 0, 'started_by': 'first_confluence', 'start_trigger_idx': 630}"
810,RANGE,RANGE_UPDATED,,"{'hi': 0.5732, 'lo': 0.57146, 'structure_id': 0, 'struct_direction': 1, 'timeframe': 'M15', 'use_case': 'first_confluence', 'parent_tf': 'H1', 'parent_sid': 0, 'parent_cycle_id': 0, 'structure_path_id': 'H1.main >> M15.confluence', 'sub_sid': 0, 'started_by': 'first_confluence', 'start_trigger_idx': 630}"
810,STATE,STATE_CHANGED,,"{'from': 'pullback_range', 'to': 'pullback', 'structure_id': 0, 'struct_direction': 1, 'reason': 'replay_expand_pullback_side', 'effective_idx': 230, 'timeframe': 'M15', 'use_case': 'first_confluence', 'parent_tf': 'H1', 'parent_sid': 0, 'parent_cycle_id': 0, 'structure_path_id': 'H1.main >> M15.confluence', 'sub_sid': 0, 'started_by': 'first_confluence', 'start_trigger_idx': 630}"
811,STATE,STATE_CHANGED,,"{'from': 'pullback', 'to': 'pullback_range', 'structure_id': 0, 'struct_direction': 1, 'reason': 'replay_no_expand_pullback_side', 'effective_idx': 231, 'timeframe': 'M15', 'use_case': 'first_confluence', 'parent_tf': 'H1', 'parent_sid': 0, 'parent_cycle_id': 0, 'structure_path_id': 'H1.main >> M15.confluence', 'sub_sid': 0, 'started_by': 'first_confluence', 'start_trigger_idx': 630}"
812,RANGE,RANGE_UPDATED,,"{'hi': 0.5732, 'lo': 0.57119, 'structure_id': 0, 'struct_direction': 1, 'timeframe': 'M15', 'use_case': 'first_confluence', 'parent_tf': 'H1', 'parent_sid': 0, 'parent_cycle_id': 0, 'structure_path_id': 'H1.main >> M15.confluence', 'sub_sid': 0, 'started_by': 'first_confluence', 'start_trigger_idx': 630}"
812,STATE,STATE_CHANGED,,"{'from': 'pullback_range', 'to': 'pullback', 'structure_id': 0, 'struct_direction': 1, 'reason': 'replay_expand_pullback_side', 'effective_idx': 232, 'timeframe': 'M15', 'use_case': 'first_confluence', 'parent_tf': 'H1', 'parent_sid': 0, 'parent_cycle_id': 0, 'structure_path_id': 'H1.main >> M15.confluence', 'sub_sid': 0, 'started_by': 'first_confluence', 'start_trigger_idx': 630}"
813,STATE,STATE_CHANGED,,"{'from': 'pullback', 'to': 'pullback_range', 'structure_id': 0, 'struct_direction': 1, 'reason': 'replay_no_expand_pullback_side', 'effective_idx': 233, 'timeframe': 'M15', 'use_case': 'first_confluence', 'parent_tf': 'H1', 'parent_sid': 0, 'parent_cycle_id': 0, 'structure_path_id': 'H1.main >> M15.confluence', 'sub_sid': 0, 'started_by': 'first_confluence', 'start_trigger_idx': 630}"
818,RANGE,RANGE_UPDATED,,"{'hi': 0.5732, 'lo': 0.57102, 'structure_id': 0, 'struct_direction': 1, 'timeframe': 'M15', 'use_case': 'first_confluence', 'parent_tf': 'H1', 'parent_sid': 0, 'parent_cycle_id': 0, 'structure_path_id': 'H1.main >> M15.confluence', 'sub_sid': 0, 'started_by': 'first_confluence', 'start_trigger_idx': 630}"
818,STATE,STATE_CHANGED,,"{'from': 'pullback_range', 'to': 'pullback', 'structure_id': 0, 'struct_direction': 1, 'reason': 'replay_expand_pullback_side', 'effective_idx': 238, 'timeframe': 'M15', 'use_case': 'first_confluence', 'parent_tf': 'H1', 'parent_sid': 0, 'parent_cycle_id': 0, 'structure_path_id': 'H1.main >> M15.confluence', 'sub_sid': 0, 'started_by': 'first_confluence', 'start_trigger_idx': 630}"
819,RANGE,RANGE_UPDATED,,"{'hi': 0.5732, 'lo': 0.57092, 'structure_id': 0, 'struct_direction': 1, 'timeframe': 'M15', 'use_case': 'first_confluence', 'parent_tf': 'H1', 'parent_sid': 0, 'parent_cycle_id': 0, 'structure_path_id': 'H1.main >> M15.confluence', 'sub_sid': 0, 'started_by': 'first_confluence', 'start_trigger_idx': 630}"
820,RANGE,RANGE_UPDATED,,"{'hi': 0.5732, 'lo': 0.57088, 'structure_id': 0, 'struct_direction': 1, 'timeframe': 'M15', 'use_case': 'first_confluence', 'parent_tf': 'H1', 'parent_sid': 0, 'parent_cycle_id': 0, 'structure_path_id': 'H1.main >> M15.confluence', 'sub_sid': 0, 'started_by': 'first_confluence', 'start_trigger_idx': 630}"
821,STATE,STATE_CHANGED,,"{'from': 'pullback', 'to': 'pullback_range', 'structure_id': 0, 'struct_direction': 1, 'reason': 'replay_no_expand_pullback_side', 'effective_idx': 241, 'timeframe': 'M15', 'use_case': 'first_confluence', 'parent_tf': 'H1', 'parent_sid': 0, 'parent_cycle_id': 0, 'structure_path_id': 'H1.main >> M15.confluence', 'sub_sid': 0, 'started_by': 'first_confluence', 'start_trigger_idx': 630}"
907,RANGE,RANGE_UPDATED,,"{'hi': 0.5732, 'lo': 0.57087, 'structure_id': 0, 'struct_direction': 1, 'timeframe': 'M15', 'use_case': 'first_confluence', 'parent_tf': 'H1', 'parent_sid': 0, 'parent_cycle_id': 0, 'structure_path_id': 'H1.main >> M15.confluence', 'sub_sid': 0, 'started_by': 'first_confluence', 'start_trigger_idx': 630}"
907,STATE,STATE_CHANGED,,"{'from': 'pullback_range', 'to': 'pullback', 'structure_id': 0, 'struct_direction': 1, 'reason': 'replay_expand_pullback_side', 'effective_idx': 327, 'timeframe': 'M15', 'use_case': 'first_confluence', 'parent_tf': 'H1', 'parent_sid': 0, 'parent_cycle_id': 0, 'structure_path_id': 'H1.main >> M15.confluence', 'sub_sid': 0, 'started_by': 'first_confluence', 'start_trigger_idx': 630}"
908,RANGE,RANGE_UPDATED,,"{'hi': 0.5732, 'lo': 0.57071, 'structure_id': 0, 'struct_direction': 1, 'timeframe': 'M15', 'use_case': 'first_confluence', 'parent_tf': 'H1', 'parent_sid': 0, 'parent_cycle_id': 0, 'structure_path_id': 'H1.main >> M15.confluence', 'sub_sid': 0, 'started_by': 'first_confluence', 'start_trigger_idx': 630}"
909,STATE,STATE_CHANGED,,"{'from': 'pullback', 'to': 'pullback_range', 'structure_id': 0, 'struct_direction': 1, 'reason': 'replay_no_expand_pullback_side', 'effective_idx': 329, 'timeframe': 'M15', 'use_case': 'first_confluence', 'parent_tf': 'H1', 'parent_sid': 0, 'parent_cycle_id': 0, 'structure_path_id': 'H1.main >> M15.confluence', 'sub_sid': 0, 'started_by': 'first_confluence', 'start_trigger_idx': 630}"
913,RANGE,RANGE_UPDATED,,"{'hi': 0.5732, 'lo': 0.57067, 'structure_id': 0, 'struct_direction': 1, 'timeframe': 'M15', 'use_case': 'first_confluence', 'parent_tf': 'H1', 'parent_sid': 0, 'parent_cycle_id': 0, 'structure_path_id': 'H1.main >> M15.confluence', 'sub_sid': 0, 'started_by': 'first_confluence', 'start_trigger_idx': 630}"
913,STATE,STATE_CHANGED,,"{'from': 'pullback_range', 'to': 'pullback', 'structure_id': 0, 'struct_direction': 1, 'reason': 'replay_expand_pullback_side', 'effective_idx': 333, 'timeframe': 'M15', 'use_case': 'first_confluence', 'parent_tf': 'H1', 'parent_sid': 0, 'parent_cycle_id': 0, 'structure_path_id': 'H1.main >> M15.confluence', 'sub_sid': 0, 'started_by': 'first_confluence', 'start_trigger_idx': 630}"
914,RANGE,RANGE_UPDATED,,"{'hi': 0.5732, 'lo': 0.5705, 'structure_id': 0, 'struct_direction': 1, 'timeframe': 'M15', 'use_case': 'first_confluence', 'parent_tf': 'H1', 'parent_sid': 0, 'parent_cycle_id': 0, 'structure_path_id': 'H1.main >> M15.confluence', 'sub_sid': 0, 'started_by': 'first_confluence', 'start_trigger_idx': 630}"
915,STATE,STATE_CHANGED,,"{'from': 'pullback', 'to': 'pullback_range', 'structure_id': 0, 'struct_direction': 1, 'reason': 'replay_no_expand_pullback_side', 'effective_idx': 335, 'timeframe': 'M15', 'use_case': 'first_confluence', 'parent_tf': 'H1', 'parent_sid': 0, 'parent_cycle_id': 0, 'structure_path_id': 'H1.main >> M15.confluence', 'sub_sid': 0, 'started_by': 'first_confluence', 'start_trigger_idx': 630}"
916,RANGE,RANGE_UPDATED,,"{'hi': 0.5732, 'lo': 0.5704, 'structure_id': 0, 'struct_direction': 1, 'timeframe': 'M15', 'use_case': 'first_confluence', 'parent_tf': 'H1', 'parent_sid': 0, 'parent_cycle_id': 0, 'structure_path_id': 'H1.main >> M15.confluence', 'sub_sid': 0, 'started_by': 'first_confluence', 'start_trigger_idx': 630}"
916,STATE,STATE_CHANGED,,"{'from': 'pullback_range', 'to': 'pullback', 'structure_id': 0, 'struct_direction': 1, 'reason': 'replay_expand_pullback_side', 'effective_idx': 336, 'timeframe': 'M15', 'use_case': 'first_confluence', 'parent_tf': 'H1', 'parent_sid': 0, 'parent_cycle_id': 0, 'structure_path_id': 'H1.main >> M15.confluence', 'sub_sid': 0, 'started_by': 'first_confluence', 'start_trigger_idx': 630}"
917,RANGE,RANGE_UPDATED,,"{'hi': 0.5732, 'lo': 0.57038, 'structure_id': 0, 'struct_direction': 1, 'timeframe': 'M15', 'use_case': 'first_confluence', 'parent_tf': 'H1', 'parent_sid': 0, 'parent_cycle_id': 0, 'structure_path_id': 'H1.main >> M15.confluence', 'sub_sid': 0, 'started_by': 'first_confluence', 'start_trigger_idx': 630}"
918,STATE,STATE_CHANGED,,"{'from': 'pullback', 'to': 'pullback_range', 'structure_id': 0, 'struct_direction': 1, 'reason': 'replay_no_expand_pullback_side', 'effective_idx': 338, 'timeframe': 'M15', 'use_case': 'first_confluence', 'parent_tf': 'H1', 'parent_sid': 0, 'parent_cycle_id': 0, 'structure_path_id': 'H1.main >> M15.confluence', 'sub_sid': 0, 'started_by': 'first_confluence', 'start_trigger_idx': 630}"
934,RANGE,RANGE_UPDATED,,"{'hi': 0.57336, 'lo': 0.57038, 'structure_id': 0, 'struct_direction': 1, 'timeframe': 'M15', 'use_case': 'first_confluence', 'parent_tf': 'H1', 'parent_sid': 0, 'parent_cycle_id': 0, 'structure_path_id': 'H1.main >> M15.confluence', 'sub_sid': 0, 'started_by': 'first_confluence', 'start_trigger_idx': 630}"
934,STRUCTURE,CTS_THRESHOLD_UPDATED,0.57336,"{'prev': 0.5732, 'reason': 'range_sync', 'cycle_id': 1, 'structure_id': 0, 'struct_direction': 1, 'timeframe': 'M15', 'use_case': 'first_confluence', 'parent_tf': 'H1', 'parent_sid': 0, 'parent_cycle_id': 0, 'structure_path_id': 'H1.main >> M15.confluence', 'sub_sid': 0, 'started_by': 'first_confluence', 'start_trigger_idx': 630}"
935,RANGE,RANGE_UPDATED,,"{'hi': 0.57438, 'lo': 0.57038, 'structure_id': 0, 'struct_direction': 1, 'timeframe': 'M15', 'use_case': 'first_confluence', 'parent_tf': 'H1', 'parent_sid': 0, 'parent_cycle_id': 0, 'structure_path_id': 'H1.main >> M15.confluence', 'sub_sid': 0, 'started_by': 'first_confluence', 'start_trigger_idx': 630}"
935,STRUCTURE,CTS_THRESHOLD_UPDATED,0.57438,"{'prev': 0.57336, 'reason': 'range_sync', 'cycle_id': 1, 'structure_id': 0, 'struct_direction': 1, 'timeframe': 'M15', 'use_case': 'first_confluence', 'parent_tf': 'H1', 'parent_sid': 0, 'parent_cycle_id': 0, 'structure_path_id': 'H1.main >> M15.confluence', 'sub_sid': 0, 'started_by': 'first_confluence', 'start_trigger_idx': 630}"
973,RANGE,RANGE_UPDATED,,"{'hi': 0.57444, 'lo': 0.57038, 'structure_id': 0, 'struct_direction': 1, 'timeframe': 'M15', 'use_case': 'first_confluence', 'parent_tf': 'H1', 'parent_sid': 0, 'parent_cycle_id': 0, 'structure_path_id': 'H1.main >> M15.confluence', 'sub_sid': 0, 'started_by': 'first_confluence', 'start_trigger_idx': 630}"
973,STRUCTURE,CTS_THRESHOLD_UPDATED,0.57444,"{'prev': 0.57438, 'reason': 'range_sync', 'cycle_id': 1, 'structure_id': 0, 'struct_direction': 1, 'timeframe': 'M15', 'use_case': 'first_confluence', 'parent_tf': 'H1', 'parent_sid': 0, 'parent_cycle_id': 0, 'structure_path_id': 'H1.main >> M15.confluence', 'sub_sid': 0, 'started_by': 'first_confluence', 'start_trigger_idx': 630}"
1020,RANGE,RANGE_RESET,,"{'reason': 'range_breakout', 'pat': 'one_maru_opposite', 'structure_id': 0, 'struct_direction': 1, 'timeframe': 'M15', 'use_case': 'first_confluence', 'parent_tf': 'H1', 'parent_sid': 0, 'parent_cycle_id': 0, 'structure_path_id': 'H1.main >> M15.confluence', 'sub_sid': 0, 'started_by': 'first_confluence', 'start_trigger_idx': 630}"
1020,STRUCTURE,CTS_ESTABLISHED,0.5752,"{'via': 'one_maru_opposite', 'anchor_idx': 1019, 'pattern_name': 'one_maru_opposite', 'confirmed_at': 1020, 'cycle_id': 2, 'structure_id': 0, 'struct_direction': 1, 'timeframe': 'M15', 'use_case': 'first_confluence', 'parent_tf': 'H1', 'parent_sid': 0, 'parent_cycle_id': 0, 'structure_path_id': 'H1.main >> M15.confluence', 'sub_sid': 0, 'started_by': 'first_confluence', 'start_trigger_idx': 630}"
917,STRUCTURE,BOS_CONFIRMED,0.57038,"{'source': 'pullback_extreme', 'confirmed_at': 1020, 'pb_start': 222, 'cycle_id': 2, 'structure_id': 0, 'struct_direction': 1, 'timeframe': 'M15', 'use_case': 'first_confluence', 'parent_tf': 'H1', 'parent_sid': 0, 'parent_cycle_id': 0, 'structure_path_id': 'H1.main >> M15.confluence', 'sub_sid': 0, 'started_by': 'first_confluence', 'start_trigger_idx': 630}"
1020,STATE,STATE_CHANGED,,"{'from': 'pullback_range', 'to': 'breakout', 'structure_id': 0, 'struct_direction': 1, 'reason': 'breakout_pattern', 'pat': 'one_maru_opposite', 'effective_idx': 440, 'timeframe': 'M15', 'use_case': 'first_confluence', 'parent_tf': 'H1', 'parent_sid': 0, 'parent_cycle_id': 0, 'structure_path_id': 'H1.main >> M15.confluence', 'sub_sid': 0, 'started_by': 'first_confluence', 'start_trigger_idx': 630}"
1022,RANGE,RANGE_STARTED,,"{'start_idx': 440, 'confirm_idx': 442, 'hi': 0.5752, 'lo': 0.57468, 'cts_idx': 440, 'cts_price': 0.5752, 'structure_id': 0, 'struct_direction': 1, 'timeframe': 'M15', 'use_case': 'first_confluence', 'parent_tf': 'H1', 'parent_sid': 0, 'parent_cycle_id': 0, 'structure_path_id': 'H1.main >> M15.confluence', 'sub_sid': 0, 'started_by': 'first_confluence', 'start_trigger_idx': 630}"
1022,STATE,STATE_CHANGED,,"{'from': 'breakout', 'to': 'range', 'structure_id': 0, 'struct_direction': 1, 'reason': 'range_confirmed', 'effective_idx': 440, 'timeframe': 'M15', 'use_case': 'first_confluence', 'parent_tf': 'H1', 'parent_sid': 0, 'parent_cycle_id': 0, 'structure_path_id': 'H1.main >> M15.confluence', 'sub_sid': 0, 'started_by': 'first_confluence', 'start_trigger_idx': 630}"
1021,RANGE,RANGE_UPDATED,,"{'hi': 0.5752, 'lo': 0.57429, 'structure_id': 0, 'struct_direction': 1, 'timeframe': 'M15', 'use_case': 'first_confluence', 'parent_tf': 'H1', 'parent_sid': 0, 'parent_cycle_id': 0, 'structure_path_id': 'H1.main >> M15.confluence', 'sub_sid': 0, 'started_by': 'first_confluence', 'start_trigger_idx': 630}"
1022,RANGE,RANGE_UPDATED,,"{'hi': 0.5752, 'lo': 0.57426, 'structure_id': 0, 'struct_direction': 1, 'timeframe': 'M15', 'use_case': 'first_confluence', 'parent_tf': 'H1', 'parent_sid': 0, 'parent_cycle_id': 0, 'structure_path_id': 'H1.main >> M15.confluence', 'sub_sid': 0, 'started_by': 'first_confluence', 'start_trigger_idx': 630}"
1025,RANGE,RANGE_UPDATED,,"{'reason': 'pullback_expand', 'hi': 0.5752, 'lo': 0.57375, 'pat': 'one_maru_continuous', 'structure_id': 0, 'struct_direction': 1, 'timeframe': 'M15', 'use_case': 'first_confluence', 'parent_tf': 'H1', 'parent_sid': 0, 'parent_cycle_id': 0, 'structure_path_id': 'H1.main >> M15.confluence', 'sub_sid': 0, 'started_by': 'first_confluence', 'start_trigger_idx': 630}"
1025,STRUCTURE,CTS_CONFIRMED,0.5752,"{'via': 'one_maru_continuous', 'cycle_id': 2, 'structure_id': 0, 'struct_direction': 1, 'confirmed_at': 1025, 'cts_anchor_idx': 1020, 'confirmation_method': 'pullback', 'timeframe': 'M15', 'use_case': 'first_confluence', 'parent_tf': 'H1', 'parent_sid': 0, 'parent_cycle_id': 0, 'structure_path_id': 'H1.main >> M15.confluence', 'sub_sid': 0, 'started_by': 'first_confluence', 'start_trigger_idx': 630}"
1025,STATE,STATE_CHANGED,,"{'from': 'range', 'to': 'pullback', 'structure_id': 0, 'struct_direction': 1, 'reason': 'pullback_pattern', 'pat': 'one_maru_continuous', 'effective_idx': 445, 'timeframe': 'M15', 'use_case': 'first_confluence', 'parent_tf': 'H1', 'parent_sid': 0, 'parent_cycle_id': 0, 'structure_path_id': 'H1.main >> M15.confluence', 'sub_sid': 0, 'started_by': 'first_confluence', 'start_trigger_idx': 630}"
1026,RANGE,RANGE_UPDATED,,"{'hi': 0.5752, 'lo': 0.57363, 'structure_id': 0, 'struct_direction': 1, 'timeframe': 'M15', 'use_case': 'first_confluence', 'parent_tf': 'H1', 'parent_sid': 0, 'parent_cycle_id': 0, 'structure_path_id': 'H1.main >> M15.confluence', 'sub_sid': 0, 'started_by': 'first_confluence', 'start_trigger_idx': 630}"
1027,RANGE,RANGE_UPDATED,,"{'hi': 0.5752, 'lo': 0.57358, 'structure_id': 0, 'struct_direction': 1, 'timeframe': 'M15', 'use_case': 'first_confluence', 'parent_tf': 'H1', 'parent_sid': 0, 'parent_cycle_id': 0, 'structure_path_id': 'H1.main >> M15.confluence', 'sub_sid': 0, 'started_by': 'first_confluence', 'start_trigger_idx': 630}"
1028,STATE,STATE_CHANGED,,"{'from': 'pullback', 'to': 'pullback_range', 'structure_id': 0, 'struct_direction': 1, 'reason': 'replay_no_expand_pullback_side', 'effective_idx': 448, 'timeframe': 'M15', 'use_case': 'first_confluence', 'parent_tf': 'H1', 'parent_sid': 0, 'parent_cycle_id': 0, 'structure_path_id': 'H1.main >> M15.confluence', 'sub_sid': 0, 'started_by': 'first_confluence', 'start_trigger_idx': 630}"
1030,RANGE,RANGE_UPDATED,,"{'hi': 0.5752, 'lo': 0.57336, 'structure_id': 0, 'struct_direction': 1, 'timeframe': 'M15', 'use_case': 'first_confluence', 'parent_tf': 'H1', 'parent_sid': 0, 'parent_cycle_id': 0, 'structure_path_id': 'H1.main >> M15.confluence', 'sub_sid': 0, 'started_by': 'first_confluence', 'start_trigger_idx': 630}"
1030,STATE,STATE_CHANGED,,"{'from': 'pullback_range', 'to': 'pullback', 'structure_id': 0, 'struct_direction': 1, 'reason': 'replay_expand_pullback_side', 'effective_idx': 450, 'timeframe': 'M15', 'use_case': 'first_confluence', 'parent_tf': 'H1', 'parent_sid': 0, 'parent_cycle_id': 0, 'structure_path_id': 'H1.main >> M15.confluence', 'sub_sid': 0, 'started_by': 'first_confluence', 'start_trigger_idx': 630}"
1031,STATE,STATE_CHANGED,,"{'from': 'pullback', 'to': 'pullback_range', 'structure_id': 0, 'struct_direction': 1, 'reason': 'replay_no_expand_pullback_side', 'effective_idx': 451, 'timeframe': 'M15', 'use_case': 'first_confluence', 'parent_tf': 'H1', 'parent_sid': 0, 'parent_cycle_id': 0, 'structure_path_id': 'H1.main >> M15.confluence', 'sub_sid': 0, 'started_by': 'first_confluence', 'start_trigger_idx': 630}"
1041,RANGE,RANGE_UPDATED,,"{'hi': 0.5752, 'lo': 0.57312, 'structure_id': 0, 'struct_direction': 1, 'timeframe': 'M15', 'use_case': 'first_confluence', 'parent_tf': 'H1', 'parent_sid': 0, 'parent_cycle_id': 0, 'structure_path_id': 'H1.main >> M15.confluence', 'sub_sid': 0, 'started_by': 'first_confluence', 'start_trigger_idx': 630}"
1041,STATE,STATE_CHANGED,,"{'from': 'pullback_range', 'to': 'pullback', 'structure_id': 0, 'struct_direction': 1, 'reason': 'replay_expand_pullback_side', 'effective_idx': 461, 'timeframe': 'M15', 'use_case': 'first_confluence', 'parent_tf': 'H1', 'parent_sid': 0, 'parent_cycle_id': 0, 'structure_path_id': 'H1.main >> M15.confluence', 'sub_sid': 0, 'started_by': 'first_confluence', 'start_trigger_idx': 630}"
1042,RANGE,RANGE_UPDATED,,"{'hi': 0.5752, 'lo': 0.57303, 'structure_id': 0, 'struct_direction': 1, 'timeframe': 'M15', 'use_case': 'first_confluence', 'parent_tf': 'H1', 'parent_sid': 0, 'parent_cycle_id': 0, 'structure_path_id': 'H1.main >> M15.confluence', 'sub_sid': 0, 'started_by': 'first_confluence', 'start_trigger_idx': 630}"
1043,RANGE,RANGE_UPDATED,,"{'hi': 0.5752, 'lo': 0.57302, 'structure_id': 0, 'struct_direction': 1, 'timeframe': 'M15', 'use_case': 'first_confluence', 'parent_tf': 'H1', 'parent_sid': 0, 'parent_cycle_id': 0, 'structure_path_id': 'H1.main >> M15.confluence', 'sub_sid': 0, 'started_by': 'first_confluence', 'start_trigger_idx': 630}"
1044,RANGE,RANGE_UPDATED,,"{'hi': 0.5752, 'lo': 0.57282, 'structure_id': 0, 'struct_direction': 1, 'timeframe': 'M15', 'use_case': 'first_confluence', 'parent_tf': 'H1', 'parent_sid': 0, 'parent_cycle_id': 0, 'structure_path_id': 'H1.main >> M15.confluence', 'sub_sid': 0, 'started_by': 'first_confluence', 'start_trigger_idx': 630}"
1045,RANGE,RANGE_UPDATED,,"{'hi': 0.5752, 'lo': 0.57264, 'structure_id': 0, 'struct_direction': 1, 'timeframe': 'M15', 'use_case': 'first_confluence', 'parent_tf': 'H1', 'parent_sid': 0, 'parent_cycle_id': 0, 'structure_path_id': 'H1.main >> M15.confluence', 'sub_sid': 0, 'started_by': 'first_confluence', 'start_trigger_idx': 630}"
1046,RANGE,RANGE_UPDATED,,"{'hi': 0.5752, 'lo': 0.57251, 'structure_id': 0, 'struct_direction': 1, 'timeframe': 'M15', 'use_case': 'first_confluence', 'parent_tf': 'H1', 'parent_sid': 0, 'parent_cycle_id': 0, 'structure_path_id': 'H1.main >> M15.confluence', 'sub_sid': 0, 'started_by': 'first_confluence', 'start_trigger_idx': 630}"
1047,STATE,STATE_CHANGED,,"{'from': 'pullback', 'to': 'pullback_range', 'structure_id': 0, 'struct_direction': 1, 'reason': 'replay_no_expand_pullback_side', 'effective_idx': 467, 'timeframe': 'M15', 'use_case': 'first_confluence', 'parent_tf': 'H1', 'parent_sid': 0, 'parent_cycle_id': 0, 'structure_path_id': 'H1.main >> M15.confluence', 'sub_sid': 0, 'started_by': 'first_confluence', 'start_trigger_idx': 630}"
1049,RANGE,RANGE_UPDATED,,"{'hi': 0.5752, 'lo': 0.5725, 'structure_id': 0, 'struct_direction': 1, 'timeframe': 'M15', 'use_case': 'first_confluence', 'parent_tf': 'H1', 'parent_sid': 0, 'parent_cycle_id': 0, 'structure_path_id': 'H1.main >> M15.confluence', 'sub_sid': 0, 'started_by': 'first_confluence', 'start_trigger_idx': 630}"
1049,STATE,STATE_CHANGED,,"{'from': 'pullback_range', 'to': 'pullback', 'structure_id': 0, 'struct_direction': 1, 'reason': 'replay_expand_pullback_side', 'effective_idx': 469, 'timeframe': 'M15', 'use_case': 'first_confluence', 'parent_tf': 'H1', 'parent_sid': 0, 'parent_cycle_id': 0, 'structure_path_id': 'H1.main >> M15.confluence', 'sub_sid': 0, 'started_by': 'first_confluence', 'start_trigger_idx': 630}"
1050,RANGE,RANGE_UPDATED,,"{'hi': 0.5752, 'lo': 0.57246, 'structure_id': 0, 'struct_direction': 1, 'timeframe': 'M15', 'use_case': 'first_confluence', 'parent_tf': 'H1', 'parent_sid': 0, 'parent_cycle_id': 0, 'structure_path_id': 'H1.main >> M15.confluence', 'sub_sid': 0, 'started_by': 'first_confluence', 'start_trigger_idx': 630}"
1051,STATE,STATE_CHANGED,,"{'from': 'pullback', 'to': 'pullback_range', 'structure_id': 0, 'struct_direction': 1, 'reason': 'replay_no_expand_pullback_side', 'effective_idx': 471, 'timeframe': 'M15', 'use_case': 'first_confluence', 'parent_tf': 'H1', 'parent_sid': 0, 'parent_cycle_id': 0, 'structure_path_id': 'H1.main >> M15.confluence', 'sub_sid': 0, 'started_by': 'first_confluence', 'start_trigger_idx': 630}"
1056,RANGE,RANGE_UPDATED,,"{'hi': 0.5752, 'lo': 0.57237, 'structure_id': 0, 'struct_direction': 1, 'timeframe': 'M15', 'use_case': 'first_confluence', 'parent_tf': 'H1', 'parent_sid': 0, 'parent_cycle_id': 0, 'structure_path_id': 'H1.main >> M15.confluence', 'sub_sid': 0, 'started_by': 'first_confluence', 'start_trigger_idx': 630}"
1056,STATE,STATE_CHANGED,,"{'from': 'pullback_range', 'to': 'pullback', 'structure_id': 0, 'struct_direction': 1, 'reason': 'replay_expand_pullback_side', 'effective_idx': 476, 'timeframe': 'M15', 'use_case': 'first_confluence', 'parent_tf': 'H1', 'parent_sid': 0, 'parent_cycle_id': 0, 'structure_path_id': 'H1.main >> M15.confluence', 'sub_sid': 0, 'started_by': 'first_confluence', 'start_trigger_idx': 630}"
1057,STATE,STATE_CHANGED,,"{'from': 'pullback', 'to': 'pullback_range', 'structure_id': 0, 'struct_direction': 1, 'reason': 'replay_no_expand_pullback_side', 'effective_idx': 477, 'timeframe': 'M15', 'use_case': 'first_confluence', 'parent_tf': 'H1', 'parent_sid': 0, 'parent_cycle_id': 0, 'structure_path_id': 'H1.main >> M15.confluence', 'sub_sid': 0, 'started_by': 'first_confluence', 'start_trigger_idx': 630}"
1065,RANGE,RANGE_UPDATED,,"{'hi': 0.5752, 'lo': 0.57232, 'structure_id': 0, 'struct_direction': 1, 'timeframe': 'M15', 'use_case': 'first_confluence', 'parent_tf': 'H1', 'parent_sid': 0, 'parent_cycle_id': 0, 'structure_path_id': 'H1.main >> M15.confluence', 'sub_sid': 0, 'started_by': 'first_confluence', 'start_trigger_idx': 630}"
1065,STATE,STATE_CHANGED,,"{'from': 'pullback_range', 'to': 'pullback', 'structure_id': 0, 'struct_direction': 1, 'reason': 'replay_expand_pullback_side', 'effective_idx': 485, 'timeframe': 'M15', 'use_case': 'first_confluence', 'parent_tf': 'H1', 'parent_sid': 0, 'parent_cycle_id': 0, 'structure_path_id': 'H1.main >> M15.confluence', 'sub_sid': 0, 'started_by': 'first_confluence', 'start_trigger_idx': 630}"
1066,RANGE,RANGE_UPDATED,,"{'hi': 0.5752, 'lo': 0.57216, 'structure_id': 0, 'struct_direction': 1, 'timeframe': 'M15', 'use_case': 'first_confluence', 'parent_tf': 'H1', 'parent_sid': 0, 'parent_cycle_id': 0, 'structure_path_id': 'H1.main >> M15.confluence', 'sub_sid': 0, 'started_by': 'first_confluence', 'start_trigger_idx': 630}"
1067,RANGE,RANGE_UPDATED,,"{'hi': 0.5752, 'lo': 0.5721, 'structure_id': 0, 'struct_direction': 1, 'timeframe': 'M15', 'use_case': 'first_confluence', 'parent_tf': 'H1', 'parent_sid': 0, 'parent_cycle_id': 0, 'structure_path_id': 'H1.main >> M15.confluence', 'sub_sid': 0, 'started_by': 'first_confluence', 'start_trigger_idx': 630}"
1068,RANGE,RANGE_UPDATED,,"{'hi': 0.5752, 'lo': 0.57186, 'structure_id': 0, 'struct_direction': 1, 'timeframe': 'M15', 'use_case': 'first_confluence', 'parent_tf': 'H1', 'parent_sid': 0, 'parent_cycle_id': 0, 'structure_path_id': 'H1.main >> M15.confluence', 'sub_sid': 0, 'started_by': 'first_confluence', 'start_trigger_idx': 630}"
1069,STATE,STATE_CHANGED,,"{'from': 'pullback', 'to': 'pullback_range', 'structure_id': 0, 'struct_direction': 1, 'reason': 'replay_no_expand_pullback_side', 'effective_idx': 489, 'timeframe': 'M15', 'use_case': 'first_confluence', 'parent_tf': 'H1', 'parent_sid': 0, 'parent_cycle_id': 0, 'structure_path_id': 'H1.main >> M15.confluence', 'sub_sid': 0, 'started_by': 'first_confluence', 'start_trigger_idx': 630}"
1101,RANGE,RANGE_UPDATED,,"{'hi': 0.5752, 'lo': 0.57179, 'structure_id': 0, 'struct_direction': 1, 'timeframe': 'M15', 'use_case': 'first_confluence', 'parent_tf': 'H1', 'parent_sid': 0, 'parent_cycle_id': 0, 'structure_path_id': 'H1.main >> M15.confluence', 'sub_sid': 0, 'started_by': 'first_confluence', 'start_trigger_idx': 630}"
1101,STATE,STATE_CHANGED,,"{'from': 'pullback_range', 'to': 'pullback', 'structure_id': 0, 'struct_direction': 1, 'reason': 'replay_expand_pullback_side', 'effective_idx': 521, 'timeframe': 'M15', 'use_case': 'first_confluence', 'parent_tf': 'H1', 'parent_sid': 0, 'parent_cycle_id': 0, 'structure_path_id': 'H1.main >> M15.confluence', 'sub_sid': 0, 'started_by': 'first_confluence', 'start_trigger_idx': 630}"
1102,RANGE,RANGE_UPDATED,,"{'hi': 0.5752, 'lo': 0.57162, 'structure_id': 0, 'struct_direction': 1, 'timeframe': 'M15', 'use_case': 'first_confluence', 'parent_tf': 'H1', 'parent_sid': 0, 'parent_cycle_id': 0, 'structure_path_id': 'H1.main >> M15.confluence', 'sub_sid': 0, 'started_by': 'first_confluence', 'start_trigger_idx': 630}"
1103,RANGE,RANGE_UPDATED,,"{'hi': 0.5752, 'lo': 0.57154, 'structure_id': 0, 'struct_direction': 1, 'timeframe': 'M15', 'use_case': 'first_confluence', 'parent_tf': 'H1', 'parent_sid': 0, 'parent_cycle_id': 0, 'structure_path_id': 'H1.main >> M15.confluence', 'sub_sid': 0, 'started_by': 'first_confluence', 'start_trigger_idx': 630}"
1104,STATE,STATE_CHANGED,,"{'from': 'pullback', 'to': 'pullback_range', 'structure_id': 0, 'struct_direction': 1, 'reason': 'replay_no_expand_pullback_side', 'effective_idx': 524, 'timeframe': 'M15', 'use_case': 'first_confluence', 'parent_tf': 'H1', 'parent_sid': 0, 'parent_cycle_id': 0, 'structure_path_id': 'H1.main >> M15.confluence', 'sub_sid': 0, 'started_by': 'first_confluence', 'start_trigger_idx': 630}"
1105,RANGE,RANGE_UPDATED,,"{'hi': 0.5752, 'lo': 0.57119, 'structure_id': 0, 'struct_direction': 1, 'timeframe': 'M15', 'use_case': 'first_confluence', 'parent_tf': 'H1', 'parent_sid': 0, 'parent_cycle_id': 0, 'structure_path_id': 'H1.main >> M15.confluence', 'sub_sid': 0, 'started_by': 'first_confluence', 'start_trigger_idx': 630}"
1105,STATE,STATE_CHANGED,,"{'from': 'pullback_range', 'to': 'pullback', 'structure_id': 0, 'struct_direction': 1, 'reason': 'replay_expand_pullback_side', 'effective_idx': 525, 'timeframe': 'M15', 'use_case': 'first_confluence', 'parent_tf': 'H1', 'parent_sid': 0, 'parent_cycle_id': 0, 'structure_path_id': 'H1.main >> M15.confluence', 'sub_sid': 0, 'started_by': 'first_confluence', 'start_trigger_idx': 630}"
1106,STATE,STATE_CHANGED,,"{'from': 'pullback', 'to': 'pullback_range', 'structure_id': 0, 'struct_direction': 1, 'reason': 'replay_no_expand_pullback_side', 'effective_idx': 526, 'timeframe': 'M15', 'use_case': 'first_confluence', 'parent_tf': 'H1', 'parent_sid': 0, 'parent_cycle_id': 0, 'structure_path_id': 'H1.main >> M15.confluence', 'sub_sid': 0, 'started_by': 'first_confluence', 'start_trigger_idx': 630}"
1107,RANGE,RANGE_UPDATED,,"{'hi': 0.5752, 'lo': 0.57111, 'structure_id': 0, 'struct_direction': 1, 'timeframe': 'M15', 'use_case': 'first_confluence', 'parent_tf': 'H1', 'parent_sid': 0, 'parent_cycle_id': 0, 'structure_path_id': 'H1.main >> M15.confluence', 'sub_sid': 0, 'started_by': 'first_confluence', 'start_trigger_idx': 630}"
1107,STATE,STATE_CHANGED,,"{'from': 'pullback_range', 'to': 'pullback', 'structure_id': 0, 'struct_direction': 1, 'reason': 'replay_expand_pullback_side', 'effective_idx': 527, 'timeframe': 'M15', 'use_case': 'first_confluence', 'parent_tf': 'H1', 'parent_sid': 0, 'parent_cycle_id': 0, 'structure_path_id': 'H1.main >> M15.confluence', 'sub_sid': 0, 'started_by': 'first_confluence', 'start_trigger_idx': 630}"
1108,STATE,STATE_CHANGED,,"{'from': 'pullback', 'to': 'pullback_range', 'structure_id': 0, 'struct_direction': 1, 'reason': 'replay_no_expand_pullback_side', 'effective_idx': 528, 'timeframe': 'M15', 'use_case': 'first_confluence', 'parent_tf': 'H1', 'parent_sid': 0, 'parent_cycle_id': 0, 'structure_path_id': 'H1.main >> M15.confluence', 'sub_sid': 0, 'started_by': 'first_confluence', 'start_trigger_idx': 630}"
1169,RANGE,RANGE_UPDATED,,"{'hi': 0.57525, 'lo': 0.57111, 'structure_id': 0, 'struct_direction': 1, 'timeframe': 'M15', 'use_case': 'first_confluence', 'parent_tf': 'H1', 'parent_sid': 0, 'parent_cycle_id': 0, 'structure_path_id': 'H1.main >> M15.confluence', 'sub_sid': 0, 'started_by': 'first_confluence', 'start_trigger_idx': 630}"
1169,STRUCTURE,CTS_THRESHOLD_UPDATED,0.57525,"{'prev': 0.5752, 'reason': 'range_sync', 'cycle_id': 2, 'structure_id': 0, 'struct_direction': 1, 'timeframe': 'M15', 'use_case': 'first_confluence', 'parent_tf': 'H1', 'parent_sid': 0, 'parent_cycle_id': 0, 'structure_path_id': 'H1.main >> M15.confluence', 'sub_sid': 0, 'started_by': 'first_confluence', 'start_trigger_idx': 630}"
1179,RANGE,RANGE_UPDATED,,"{'hi': 0.57532, 'lo': 0.57111, 'structure_id': 0, 'struct_direction': 1, 'timeframe': 'M15', 'use_case': 'first_confluence', 'parent_tf': 'H1', 'parent_sid': 0, 'parent_cycle_id': 0, 'structure_path_id': 'H1.main >> M15.confluence', 'sub_sid': 0, 'started_by': 'first_confluence', 'start_trigger_idx': 630}"
1179,STRUCTURE,CTS_THRESHOLD_UPDATED,0.57532,"{'prev': 0.57525, 'reason': 'range_sync', 'cycle_id': 2, 'structure_id': 0, 'struct_direction': 1, 'timeframe': 'M15', 'use_case': 'first_confluence', 'parent_tf': 'H1', 'parent_sid': 0, 'parent_cycle_id': 0, 'structure_path_id': 'H1.main >> M15.confluence', 'sub_sid': 0, 'started_by': 'first_confluence', 'start_trigger_idx': 630}"
1180,RANGE,RANGE_UPDATED,,"{'hi': 0.57547, 'lo': 0.57111, 'structure_id': 0, 'struct_direction': 1, 'timeframe': 'M15', 'use_case': 'first_confluence', 'parent_tf': 'H1', 'parent_sid': 0, 'parent_cycle_id': 0, 'structure_path_id': 'H1.main >> M15.confluence', 'sub_sid': 0, 'started_by': 'first_confluence', 'start_trigger_idx': 630}"
1180,STRUCTURE,CTS_THRESHOLD_UPDATED,0.57547,"{'prev': 0.57532, 'reason': 'range_sync', 'cycle_id': 2, 'structure_id': 0, 'struct_direction': 1, 'timeframe': 'M15', 'use_case': 'first_confluence', 'parent_tf': 'H1', 'parent_sid': 0, 'parent_cycle_id': 0, 'structure_path_id': 'H1.main >> M15.confluence', 'sub_sid': 0, 'started_by': 'first_confluence', 'start_trigger_idx': 630}"
1181,RANGE,RANGE_UPDATED,,"{'hi': 0.57557, 'lo': 0.57111, 'structure_id': 0, 'struct_direction': 1, 'timeframe': 'M15', 'use_case': 'first_confluence', 'parent_tf': 'H1', 'parent_sid': 0, 'parent_cycle_id': 0, 'structure_path_id': 'H1.main >> M15.confluence', 'sub_sid': 0, 'started_by': 'first_confluence', 'start_trigger_idx': 630}"
1181,STRUCTURE,CTS_THRESHOLD_UPDATED,0.57557,"{'prev': 0.57547, 'reason': 'range_sync', 'cycle_id': 2, 'structure_id': 0, 'struct_direction': 1, 'timeframe': 'M15', 'use_case': 'first_confluence', 'parent_tf': 'H1', 'parent_sid': 0, 'parent_cycle_id': 0, 'structure_path_id': 'H1.main >> M15.confluence', 'sub_sid': 0, 'started_by': 'first_confluence', 'start_trigger_idx': 630}"
1213,RANGE,RANGE_UPDATED,,"{'hi': 0.57572, 'lo': 0.57111, 'structure_id': 0, 'struct_direction': 1, 'timeframe': 'M15', 'use_case': 'first_confluence', 'parent_tf': 'H1', 'parent_sid': 0, 'parent_cycle_id': 0, 'structure_path_id': 'H1.main >> M15.confluence', 'sub_sid': 0, 'started_by': 'first_confluence', 'start_trigger_idx': 630}"
1213,STRUCTURE,CTS_THRESHOLD_UPDATED,0.57572,"{'prev': 0.57557, 'reason': 'range_sync', 'cycle_id': 2, 'structure_id': 0, 'struct_direction': 1, 'timeframe': 'M15', 'use_case': 'first_confluence', 'parent_tf': 'H1', 'parent_sid': 0, 'parent_cycle_id': 0, 'structure_path_id': 'H1.main >> M15.confluence', 'sub_sid': 0, 'started_by': 'first_confluence', 'start_trigger_idx': 630}"
1224,RANGE,RANGE_RESET,,"{'reason': 'range_breakout', 'pat': 'one_maru_opposite', 'structure_id': 0, 'struct_direction': 1, 'timeframe': 'M15', 'use_case': 'first_confluence', 'parent_tf': 'H1', 'parent_sid': 0, 'parent_cycle_id': 0, 'structure_path_id': 'H1.main >> M15.confluence', 'sub_sid': 0, 'started_by': 'first_confluence', 'start_trigger_idx': 630}"
1223,STRUCTURE,CTS_ESTABLISHED,0.5766,"{'via': 'one_maru_opposite', 'anchor_idx': 1221, 'pattern_name': 'one_maru_opposite', 'confirmed_at': 1224, 'cycle_id': 3, 'structure_id': 0, 'struct_direction': 1, 'timeframe': 'M15', 'use_case': 'first_confluence', 'parent_tf': 'H1', 'parent_sid': 0, 'parent_cycle_id': 0, 'structure_path_id': 'H1.main >> M15.confluence', 'sub_sid': 0, 'started_by': 'first_confluence', 'start_trigger_idx': 630}"
1107,STRUCTURE,BOS_CONFIRMED,0.57111,"{'source': 'pullback_extreme', 'confirmed_at': 1224, 'pb_start': 445, 'cycle_id': 3, 'structure_id': 0, 'struct_direction': 1, 'timeframe': 'M15', 'use_case': 'first_confluence', 'parent_tf': 'H1', 'parent_sid': 0, 'parent_cycle_id': 0, 'structure_path_id': 'H1.main >> M15.confluence', 'sub_sid': 0, 'started_by': 'first_confluence', 'start_trigger_idx': 630}"
1224,STATE,STATE_CHANGED,,"{'from': 'pullback_range', 'to': 'breakout', 'structure_id': 0, 'struct_direction': 1, 'reason': 'breakout_pattern', 'pat': 'one_maru_opposite', 'effective_idx': 644, 'timeframe': 'M15', 'use_case': 'first_confluence', 'parent_tf': 'H1', 'parent_sid': 0, 'parent_cycle_id': 0, 'structure_path_id': 'H1.main >> M15.confluence', 'sub_sid': 0, 'started_by': 'first_confluence', 'start_trigger_idx': 630}"
1225,STRUCTURE,CTS_UPDATED,0.57714,"{'via': 'replay_raw', 'cycle_id': 3, 'structure_id': 0, 'struct_direction': 1, 'timeframe': 'M15', 'use_case': 'first_confluence', 'parent_tf': 'H1', 'parent_sid': 0, 'parent_cycle_id': 0, 'structure_path_id': 'H1.main >> M15.confluence', 'sub_sid': 0, 'started_by': 'first_confluence', 'start_trigger_idx': 630}"
1229,STRUCTURE,CTS_UPDATED,0.5772,"{'via': 'replay_raw', 'cycle_id': 3, 'structure_id': 0, 'struct_direction': 1, 'timeframe': 'M15', 'use_case': 'first_confluence', 'parent_tf': 'H1', 'parent_sid': 0, 'parent_cycle_id': 0, 'structure_path_id': 'H1.main >> M15.confluence', 'sub_sid': 0, 'started_by': 'first_confluence', 'start_trigger_idx': 630}"
1230,STRUCTURE,CTS_UPDATED,0.5773,"{'via': 'one_maru_continuous', 'cycle_id': 3, 'structure_id': 0, 'struct_direction': 1, 'timeframe': 'M15', 'use_case': 'first_confluence', 'parent_tf': 'H1', 'parent_sid': 0, 'parent_cycle_id': 0, 'structure_path_id': 'H1.main >> M15.confluence', 'sub_sid': 0, 'started_by': 'first_confluence', 'start_trigger_idx': 630}"
1232,STRUCTURE,CTS_UPDATED,0.57745,"{'via': 'replay_raw', 'cycle_id': 3, 'structure_id': 0, 'struct_direction': 1, 'timeframe': 'M15', 'use_case': 'first_confluence', 'parent_tf': 'H1', 'parent_sid': 0, 'parent_cycle_id': 0, 'structure_path_id': 'H1.main >> M15.confluence', 'sub_sid': 0, 'started_by': 'first_confluence', 'start_trigger_idx': 630}"
1234,STRUCTURE,CTS_UPDATED,0.57749,"{'via': 'replay_raw', 'cycle_id': 3, 'structure_id': 0, 'struct_direction': 1, 'timeframe': 'M15', 'use_case': 'first_confluence', 'parent_tf': 'H1', 'parent_sid': 0, 'parent_cycle_id': 0, 'structure_path_id': 'H1.main >> M15.confluence', 'sub_sid': 0, 'started_by': 'first_confluence', 'start_trigger_idx': 630}"
1235,RANGE,RANGE_STARTED,,"{'start_idx': 651, 'confirm_idx': 655, 'hi': 0.57749, 'lo': 0.57705, 'cts_idx': 654, 'cts_price': 0.57749, 'structure_id': 0, 'struct_direction': 1, 'timeframe': 'M15', 'use_case': 'first_confluence', 'parent_tf': 'H1', 'parent_sid': 0, 'parent_cycle_id': 0, 'structure_path_id': 'H1.main >> M15.confluence', 'sub_sid': 0, 'started_by': 'first_confluence', 'start_trigger_idx': 630}"
1235,STATE,STATE_CHANGED,,"{'from': 'breakout', 'to': 'range', 'structure_id': 0, 'struct_direction': 1, 'reason': 'range_confirmed', 'effective_idx': 651, 'timeframe': 'M15', 'use_case': 'first_confluence', 'parent_tf': 'H1', 'parent_sid': 0, 'parent_cycle_id': 0, 'structure_path_id': 'H1.main >> M15.confluence', 'sub_sid': 0, 'started_by': 'first_confluence', 'start_trigger_idx': 630}"
1235,RANGE,RANGE_UPDATED,,"{'hi': 0.57754, 'lo': 0.57705, 'structure_id': 0, 'struct_direction': 1, 'timeframe': 'M15', 'use_case': 'first_confluence', 'parent_tf': 'H1', 'parent_sid': 0, 'parent_cycle_id': 0, 'structure_path_id': 'H1.main >> M15.confluence', 'sub_sid': 0, 'started_by': 'first_confluence', 'start_trigger_idx': 630}"
1235,STRUCTURE,CTS_UPDATED,0.57754,"{'via': 'replay_raw', 'cycle_id': 3, 'structure_id': 0, 'struct_direction': 1, 'timeframe': 'M15', 'use_case': 'first_confluence', 'parent_tf': 'H1', 'parent_sid': 0, 'parent_cycle_id': 0, 'structure_path_id': 'H1.main >> M15.confluence', 'sub_sid': 0, 'started_by': 'first_confluence', 'start_trigger_idx': 630}"
1237,RANGE,RANGE_UPDATED,,"{'hi': 0.57756, 'lo': 0.57705, 'structure_id': 0, 'struct_direction': 1, 'timeframe': 'M15', 'use_case': 'first_confluence', 'parent_tf': 'H1', 'parent_sid': 0, 'parent_cycle_id': 0, 'structure_path_id': 'H1.main >> M15.confluence', 'sub_sid': 0, 'started_by': 'first_confluence', 'start_trigger_idx': 630}"
1237,STRUCTURE,CTS_UPDATED,0.57756,"{'via': 'replay_raw', 'cycle_id': 3, 'structure_id': 0, 'struct_direction': 1, 'timeframe': 'M15', 'use_case': 'first_confluence', 'parent_tf': 'H1', 'parent_sid': 0, 'parent_cycle_id': 0, 'structure_path_id': 'H1.main >> M15.confluence', 'sub_sid': 0, 'started_by': 'first_confluence', 'start_trigger_idx': 630}"
1239,RANGE,RANGE_UPDATED,,"{'hi': 0.57766, 'lo': 0.57705, 'structure_id': 0, 'struct_direction': 1, 'timeframe': 'M15', 'use_case': 'first_confluence', 'parent_tf': 'H1', 'parent_sid': 0, 'parent_cycle_id': 0, 'structure_path_id': 'H1.main >> M15.confluence', 'sub_sid': 0, 'started_by': 'first_confluence', 'start_trigger_idx': 630}"
1239,STRUCTURE,CTS_UPDATED,0.57766,"{'via': 'replay_raw', 'cycle_id': 3, 'structure_id': 0, 'struct_direction': 1, 'timeframe': 'M15', 'use_case': 'first_confluence', 'parent_tf': 'H1', 'parent_sid': 0, 'parent_cycle_id': 0, 'structure_path_id': 'H1.main >> M15.confluence', 'sub_sid': 0, 'started_by': 'first_confluence', 'start_trigger_idx': 630}"
1245,RANGE,RANGE_UPDATED,,"{'hi': 0.57774, 'lo': 0.57705, 'structure_id': 0, 'struct_direction': 1, 'timeframe': 'M15', 'use_case': 'first_confluence', 'parent_tf': 'H1', 'parent_sid': 0, 'parent_cycle_id': 0, 'structure_path_id': 'H1.main >> M15.confluence', 'sub_sid': 0, 'started_by': 'first_confluence', 'start_trigger_idx': 630}"
1245,STRUCTURE,CTS_UPDATED,0.57774,"{'via': 'replay_raw', 'cycle_id': 3, 'structure_id': 0, 'struct_direction': 1, 'timeframe': 'M15', 'use_case': 'first_confluence', 'parent_tf': 'H1', 'parent_sid': 0, 'parent_cycle_id': 0, 'structure_path_id': 'H1.main >> M15.confluence', 'sub_sid': 0, 'started_by': 'first_confluence', 'start_trigger_idx': 630}"
1257,RANGE,RANGE_UPDATED,,"{'reason': 'pullback_expand', 'hi': 0.57774, 'lo': 0.5767, 'pat': 'one_maru_continuous', 'structure_id': 0, 'struct_direction': 1, 'timeframe': 'M15', 'use_case': 'first_confluence', 'parent_tf': 'H1', 'parent_sid': 0, 'parent_cycle_id': 0, 'structure_path_id': 'H1.main >> M15.confluence', 'sub_sid': 0, 'started_by': 'first_confluence', 'start_trigger_idx': 630}"
1257,STRUCTURE,CTS_CONFIRMED,0.57774,"{'via': 'one_maru_continuous', 'cycle_id': 3, 'structure_id': 0, 'struct_direction': 1, 'confirmed_at': 1257, 'cts_anchor_idx': 1245, 'confirmation_method': 'pullback', 'timeframe': 'M15', 'use_case': 'first_confluence', 'parent_tf': 'H1', 'parent_sid': 0, 'parent_cycle_id': 0, 'structure_path_id': 'H1.main >> M15.confluence', 'sub_sid': 0, 'started_by': 'first_confluence', 'start_trigger_idx': 630}"
1257,STATE,STATE_CHANGED,,"{'from': 'range', 'to': 'pullback', 'structure_id': 0, 'struct_direction': 1, 'reason': 'pullback_pattern', 'pat': 'one_maru_continuous', 'effective_idx': 677, 'timeframe': 'M15', 'use_case': 'first_confluence', 'parent_tf': 'H1', 'parent_sid': 0, 'parent_cycle_id': 0, 'structure_path_id': 'H1.main >> M15.confluence', 'sub_sid': 0, 'started_by': 'first_confluence', 'start_trigger_idx': 630}"
1258,STATE,STATE_CHANGED,,"{'from': 'pullback', 'to': 'pullback_range', 'structure_id': 0, 'struct_direction': 1, 'reason': 'replay_no_expand_pullback_side', 'effective_idx': 678, 'timeframe': 'M15', 'use_case': 'first_confluence', 'parent_tf': 'H1', 'parent_sid': 0, 'parent_cycle_id': 0, 'structure_path_id': 'H1.main >> M15.confluence', 'sub_sid': 0, 'started_by': 'first_confluence', 'start_trigger_idx': 630}"
1261,RANGE,RANGE_UPDATED,,"{'hi': 0.57774, 'lo': 0.5766, 'structure_id': 0, 'struct_direction': 1, 'timeframe': 'M15', 'use_case': 'first_confluence', 'parent_tf': 'H1', 'parent_sid': 0, 'parent_cycle_id': 0, 'structure_path_id': 'H1.main >> M15.confluence', 'sub_sid': 0, 'started_by': 'first_confluence', 'start_trigger_idx': 630}"
1261,STATE,STATE_CHANGED,,"{'from': 'pullback_range', 'to': 'pullback', 'structure_id': 0, 'struct_direction': 1, 'reason': 'replay_expand_pullback_side', 'effective_idx': 681, 'timeframe': 'M15', 'use_case': 'first_confluence', 'parent_tf': 'H1', 'parent_sid': 0, 'parent_cycle_id': 0, 'structure_path_id': 'H1.main >> M15.confluence', 'sub_sid': 0, 'started_by': 'first_confluence', 'start_trigger_idx': 630}"
1262,STATE,STATE_CHANGED,,"{'from': 'pullback', 'to': 'pullback_range', 'structure_id': 0, 'struct_direction': 1, 'reason': 'replay_no_expand_pullback_side', 'effective_idx': 682, 'timeframe': 'M15', 'use_case': 'first_confluence', 'parent_tf': 'H1', 'parent_sid': 0, 'parent_cycle_id': 0, 'structure_path_id': 'H1.main >> M15.confluence', 'sub_sid': 0, 'started_by': 'first_confluence', 'start_trigger_idx': 630}"
1268,RANGE,RANGE_UPDATED,,"{'hi': 0.57774, 'lo': 0.57652, 'structure_id': 0, 'struct_direction': 1, 'timeframe': 'M15', 'use_case': 'first_confluence', 'parent_tf': 'H1', 'parent_sid': 0, 'parent_cycle_id': 0, 'structure_path_id': 'H1.main >> M15.confluence', 'sub_sid': 0, 'started_by': 'first_confluence', 'start_trigger_idx': 630}"
1268,STATE,STATE_CHANGED,,"{'from': 'pullback_range', 'to': 'pullback', 'structure_id': 0, 'struct_direction': 1, 'reason': 'replay_expand_pullback_side', 'effective_idx': 688, 'timeframe': 'M15', 'use_case': 'first_confluence', 'parent_tf': 'H1', 'parent_sid': 0, 'parent_cycle_id': 0, 'structure_path_id': 'H1.main >> M15.confluence', 'sub_sid': 0, 'started_by': 'first_confluence', 'start_trigger_idx': 630}"
1269,RANGE,RANGE_UPDATED,,"{'hi': 0.57774, 'lo': 0.57614, 'structure_id': 0, 'struct_direction': 1, 'timeframe': 'M15', 'use_case': 'first_confluence', 'parent_tf': 'H1', 'parent_sid': 0, 'parent_cycle_id': 0, 'structure_path_id': 'H1.main >> M15.confluence', 'sub_sid': 0, 'started_by': 'first_confluence', 'start_trigger_idx': 630}"
1270,STATE,STATE_CHANGED,,"{'from': 'pullback', 'to': 'pullback_range', 'structure_id': 0, 'struct_direction': 1, 'reason': 'replay_no_expand_pullback_side', 'effective_idx': 690, 'timeframe': 'M15', 'use_case': 'first_confluence', 'parent_tf': 'H1', 'parent_sid': 0, 'parent_cycle_id': 0, 'structure_path_id': 'H1.main >> M15.confluence', 'sub_sid': 0, 'started_by': 'first_confluence', 'start_trigger_idx': 630}"
1288,RANGE,RANGE_UPDATED,,"{'hi': 0.57786, 'lo': 0.57614, 'structure_id': 0, 'struct_direction': 1, 'timeframe': 'M15', 'use_case': 'first_confluence', 'parent_tf': 'H1', 'parent_sid': 0, 'parent_cycle_id': 0, 'structure_path_id': 'H1.main >> M15.confluence', 'sub_sid': 0, 'started_by': 'first_confluence', 'start_trigger_idx': 630}"
1288,STRUCTURE,CTS_THRESHOLD_UPDATED,0.57786,"{'prev': 0.57774, 'reason': 'range_sync', 'cycle_id': 3, 'structure_id': 0, 'struct_direction': 1, 'timeframe': 'M15', 'use_case': 'first_confluence', 'parent_tf': 'H1', 'parent_sid': 0, 'parent_cycle_id': 0, 'structure_path_id': 'H1.main >> M15.confluence', 'sub_sid': 0, 'started_by': 'first_confluence', 'start_trigger_idx': 630}"
1289,RANGE,RANGE_UPDATED,,"{'hi': 0.57788, 'lo': 0.57614, 'structure_id': 0, 'struct_direction': 1, 'timeframe': 'M15', 'use_case': 'first_confluence', 'parent_tf': 'H1', 'parent_sid': 0, 'parent_cycle_id': 0, 'structure_path_id': 'H1.main >> M15.confluence', 'sub_sid': 0, 'started_by': 'first_confluence', 'start_trigger_idx': 630}"
1289,STRUCTURE,CTS_THRESHOLD_UPDATED,0.57788,"{'prev': 0.57786, 'reason': 'range_sync', 'cycle_id': 3, 'structure_id': 0, 'struct_direction': 1, 'timeframe': 'M15', 'use_case': 'first_confluence', 'parent_tf': 'H1', 'parent_sid': 0, 'parent_cycle_id': 0, 'structure_path_id': 'H1.main >> M15.confluence', 'sub_sid': 0, 'started_by': 'first_confluence', 'start_trigger_idx': 630}"
1310,RANGE,RANGE_UPDATED,,"{'hi': 0.57788, 'lo': 0.5758, 'structure_id': 0, 'struct_direction': 1, 'timeframe': 'M15', 'use_case': 'first_confluence', 'parent_tf': 'H1', 'parent_sid': 0, 'parent_cycle_id': 0, 'structure_path_id': 'H1.main >> M15.confluence', 'sub_sid': 0, 'started_by': 'first_confluence', 'start_trigger_idx': 630}"
1310,STATE,STATE_CHANGED,,"{'from': 'pullback_range', 'to': 'pullback', 'structure_id': 0, 'struct_direction': 1, 'reason': 'replay_expand_pullback_side', 'effective_idx': 730, 'timeframe': 'M15', 'use_case': 'first_confluence', 'parent_tf': 'H1', 'parent_sid': 0, 'parent_cycle_id': 0, 'structure_path_id': 'H1.main >> M15.confluence', 'sub_sid': 0, 'started_by': 'first_confluence', 'start_trigger_idx': 630}"
1311,STATE,STATE_CHANGED,,"{'from': 'pullback', 'to': 'pullback_range', 'structure_id': 0, 'struct_direction': 1, 'reason': 'replay_no_expand_pullback_side', 'effective_idx': 731, 'timeframe': 'M15', 'use_case': 'first_confluence', 'parent_tf': 'H1', 'parent_sid': 0, 'parent_cycle_id': 0, 'structure_path_id': 'H1.main >> M15.confluence', 'sub_sid': 0, 'started_by': 'first_confluence', 'start_trigger_idx': 630}"
1381,RANGE,RANGE_UPDATED,,"{'hi': 0.5781, 'lo': 0.5758, 'structure_id': 0, 'struct_direction': 1, 'timeframe': 'M15', 'use_case': 'first_confluence', 'parent_tf': 'H1', 'parent_sid': 0, 'parent_cycle_id': 0, 'structure_path_id': 'H1.main >> M15.confluence', 'sub_sid': 0, 'started_by': 'first_confluence', 'start_trigger_idx': 630}"
1381,STRUCTURE,CTS_THRESHOLD_UPDATED,0.5781,"{'prev': 0.57788, 'reason': 'range_sync', 'cycle_id': 3, 'structure_id': 0, 'struct_direction': 1, 'timeframe': 'M15', 'use_case': 'first_confluence', 'parent_tf': 'H1', 'parent_sid': 0, 'parent_cycle_id': 0, 'structure_path_id': 'H1.main >> M15.confluence', 'sub_sid': 0, 'started_by': 'first_confluence', 'start_trigger_idx': 630}"
1405,RANGE,RANGE_UPDATED,,"{'hi': 0.57812, 'lo': 0.5758, 'structure_id': 0, 'struct_direction': 1, 'timeframe': 'M15', 'use_case': 'first_confluence', 'parent_tf': 'H1', 'parent_sid': 0, 'parent_cycle_id': 0, 'structure_path_id': 'H1.main >> M15.confluence', 'sub_sid': 0, 'started_by': 'first_confluence', 'start_trigger_idx': 630}"
1405,STRUCTURE,CTS_THRESHOLD_UPDATED,0.57812,"{'prev': 0.5781, 'reason': 'range_sync', 'cycle_id': 3, 'structure_id': 0, 'struct_direction': 1, 'timeframe': 'M15', 'use_case': 'first_confluence', 'parent_tf': 'H1', 'parent_sid': 0, 'parent_cycle_id': 0, 'structure_path_id': 'H1.main >> M15.confluence', 'sub_sid': 0, 'started_by': 'first_confluence', 'start_trigger_idx': 630}"
1406,RANGE,RANGE_UPDATED,,"{'hi': 0.5783, 'lo': 0.5758, 'structure_id': 0, 'struct_direction': 1, 'timeframe': 'M15', 'use_case': 'first_confluence', 'parent_tf': 'H1', 'parent_sid': 0, 'parent_cycle_id': 0, 'structure_path_id': 'H1.main >> M15.confluence', 'sub_sid': 0, 'started_by': 'first_confluence', 'start_trigger_idx': 630}"
1406,STRUCTURE,CTS_THRESHOLD_UPDATED,0.5783,"{'prev': 0.57812, 'reason': 'range_sync', 'cycle_id': 3, 'structure_id': 0, 'struct_direction': 1, 'timeframe': 'M15', 'use_case': 'first_confluence', 'parent_tf': 'H1', 'parent_sid': 0, 'parent_cycle_id': 0, 'structure_path_id': 'H1.main >> M15.confluence', 'sub_sid': 0, 'started_by': 'first_confluence', 'start_trigger_idx': 630}"
1407,RANGE,RANGE_UPDATED,,"{'hi': 0.57831, 'lo': 0.5758, 'structure_id': 0, 'struct_direction': 1, 'timeframe': 'M15', 'use_case': 'first_confluence', 'parent_tf': 'H1', 'parent_sid': 0, 'parent_cycle_id': 0, 'structure_path_id': 'H1.main >> M15.confluence', 'sub_sid': 0, 'started_by': 'first_confluence', 'start_trigger_idx': 630}"
1407,STRUCTURE,CTS_THRESHOLD_UPDATED,0.57831,"{'prev': 0.5783, 'reason': 'range_sync', 'cycle_id': 3, 'structure_id': 0, 'struct_direction': 1, 'timeframe': 'M15', 'use_case': 'first_confluence', 'parent_tf': 'H1', 'parent_sid': 0, 'parent_cycle_id': 0, 'structure_path_id': 'H1.main >> M15.confluence', 'sub_sid': 0, 'started_by': 'first_confluence', 'start_trigger_idx': 630}"
1408,RANGE,RANGE_UPDATED,,"{'hi': 0.5787, 'lo': 0.5758, 'structure_id': 0, 'struct_direction': 1, 'timeframe': 'M15', 'use_case': 'first_confluence', 'parent_tf': 'H1', 'parent_sid': 0, 'parent_cycle_id': 0, 'structure_path_id': 'H1.main >> M15.confluence', 'sub_sid': 0, 'started_by': 'first_confluence', 'start_trigger_idx': 630}"
1408,STRUCTURE,CTS_THRESHOLD_UPDATED,0.5787,"{'prev': 0.57831, 'reason': 'range_sync', 'cycle_id': 3, 'structure_id': 0, 'struct_direction': 1, 'timeframe': 'M15', 'use_case': 'first_confluence', 'parent_tf': 'H1', 'parent_sid': 0, 'parent_cycle_id': 0, 'structure_path_id': 'H1.main >> M15.confluence', 'sub_sid': 0, 'started_by': 'first_confluence', 'start_trigger_idx': 630}"
1452,RANGE,RANGE_UPDATED,,"{'hi': 0.57886, 'lo': 0.5758, 'structure_id': 0, 'struct_direction': 1, 'timeframe': 'M15', 'use_case': 'first_confluence', 'parent_tf': 'H1', 'parent_sid': 0, 'parent_cycle_id': 0, 'structure_path_id': 'H1.main >> M15.confluence', 'sub_sid': 0, 'started_by': 'first_confluence', 'start_trigger_idx': 630}"
1452,STRUCTURE,CTS_THRESHOLD_UPDATED,0.57886,"{'prev': 0.5787, 'reason': 'range_sync', 'cycle_id': 3, 'structure_id': 0, 'struct_direction': 1, 'timeframe': 'M15', 'use_case': 'first_confluence', 'parent_tf': 'H1', 'parent_sid': 0, 'parent_cycle_id': 0, 'structure_path_id': 'H1.main >> M15.confluence', 'sub_sid': 0, 'started_by': 'first_confluence', 'start_trigger_idx': 630}"
1454,RANGE,RANGE_UPDATED,,"{'hi': 0.57914, 'lo': 0.5758, 'structure_id': 0, 'struct_direction': 1, 'timeframe': 'M15', 'use_case': 'first_confluence', 'parent_tf': 'H1', 'parent_sid': 0, 'parent_cycle_id': 0, 'structure_path_id': 'H1.main >> M15.confluence', 'sub_sid': 0, 'started_by': 'first_confluence', 'start_trigger_idx': 630}"
1454,STRUCTURE,CTS_THRESHOLD_UPDATED,0.57914,"{'prev': 0.57886, 'reason': 'range_sync', 'cycle_id': 3, 'structure_id': 0, 'struct_direction': 1, 'timeframe': 'M15', 'use_case': 'first_confluence', 'parent_tf': 'H1', 'parent_sid': 0, 'parent_cycle_id': 0, 'structure_path_id': 'H1.main >> M15.confluence', 'sub_sid': 0, 'started_by': 'first_confluence', 'start_trigger_idx': 630}"
1501,RANGE,RANGE_UPDATED,,"{'hi': 0.57927, 'lo': 0.5758, 'structure_id': 0, 'struct_direction': 1, 'timeframe': 'M15', 'use_case': 'first_confluence', 'parent_tf': 'H1', 'parent_sid': 0, 'parent_cycle_id': 0, 'structure_path_id': 'H1.main >> M15.confluence', 'sub_sid': 0, 'started_by': 'first_confluence', 'start_trigger_idx': 630}"
1501,STRUCTURE,CTS_THRESHOLD_UPDATED,0.57927,"{'prev': 0.57914, 'reason': 'range_sync', 'cycle_id': 3, 'structure_id': 0, 'struct_direction': 1, 'timeframe': 'M15', 'use_case': 'first_confluence', 'parent_tf': 'H1', 'parent_sid': 0, 'parent_cycle_id': 0, 'structure_path_id': 'H1.main >> M15.confluence', 'sub_sid': 0, 'started_by': 'first_confluence', 'start_trigger_idx': 630}"
1581,RANGE,RANGE_UPDATED,,"{'hi': 0.57947, 'lo': 0.5758, 'structure_id': 0, 'struct_direction': 1, 'timeframe': 'M15', 'use_case': 'first_confluence', 'parent_tf': 'H1', 'parent_sid': 0, 'parent_cycle_id': 0, 'structure_path_id': 'H1.main >> M15.confluence', 'sub_sid': 0, 'started_by': 'first_confluence', 'start_trigger_idx': 630}"
1581,STRUCTURE,CTS_THRESHOLD_UPDATED,0.57947,"{'prev': 0.57927, 'reason': 'range_sync', 'cycle_id': 3, 'structure_id': 0, 'struct_direction': 1, 'timeframe': 'M15', 'use_case': 'first_confluence', 'parent_tf': 'H1', 'parent_sid': 0, 'parent_cycle_id': 0, 'structure_path_id': 'H1.main >> M15.confluence', 'sub_sid': 0, 'started_by': 'first_confluence', 'start_trigger_idx': 630}"
1606,RANGE,RANGE_UPDATED,,"{'hi': 0.5795, 'lo': 0.5758, 'structure_id': 0, 'struct_direction': 1, 'timeframe': 'M15', 'use_case': 'first_confluence', 'parent_tf': 'H1', 'parent_sid': 0, 'parent_cycle_id': 0, 'structure_path_id': 'H1.main >> M15.confluence', 'sub_sid': 0, 'started_by': 'first_confluence', 'start_trigger_idx': 630}"
1606,STRUCTURE,CTS_THRESHOLD_UPDATED,0.5795,"{'prev': 0.57947, 'reason': 'range_sync', 'cycle_id': 3, 'structure_id': 0, 'struct_direction': 1, 'timeframe': 'M15', 'use_case': 'first_confluence', 'parent_tf': 'H1', 'parent_sid': 0, 'parent_cycle_id': 0, 'structure_path_id': 'H1.main >> M15.confluence', 'sub_sid': 0, 'started_by': 'first_confluence', 'start_trigger_idx': 630}"
1716,RANGE,RANGE_UPDATED,,"{'hi': 0.57996, 'lo': 0.5758, 'structure_id': 0, 'struct_direction': 1, 'timeframe': 'M15', 'use_case': 'first_confluence', 'parent_tf': 'H1', 'parent_sid': 0, 'parent_cycle_id': 0, 'structure_path_id': 'H1.main >> M15.confluence', 'sub_sid': 0, 'started_by': 'first_confluence', 'start_trigger_idx': 630}"
1716,STRUCTURE,CTS_THRESHOLD_UPDATED,0.57996,"{'prev': 0.5795, 'reason': 'range_sync', 'cycle_id': 3, 'structure_id': 0, 'struct_direction': 1, 'timeframe': 'M15', 'use_case': 'first_confluence', 'parent_tf': 'H1', 'parent_sid': 0, 'parent_cycle_id': 0, 'structure_path_id': 'H1.main >> M15.confluence', 'sub_sid': 0, 'started_by': 'first_confluence', 'start_trigger_idx': 630}"
1717,RANGE,RANGE_UPDATED,,"{'hi': 0.58012, 'lo': 0.5758, 'structure_id': 0, 'struct_direction': 1, 'timeframe': 'M15', 'use_case': 'first_confluence', 'parent_tf': 'H1', 'parent_sid': 0, 'parent_cycle_id': 0, 'structure_path_id': 'H1.main >> M15.confluence', 'sub_sid': 0, 'started_by': 'first_confluence', 'start_trigger_idx': 630}"
1717,STRUCTURE,CTS_THRESHOLD_UPDATED,0.58012,"{'prev': 0.57996, 'reason': 'range_sync', 'cycle_id': 3, 'structure_id': 0, 'struct_direction': 1, 'timeframe': 'M15', 'use_case': 'first_confluence', 'parent_tf': 'H1', 'parent_sid': 0, 'parent_cycle_id': 0, 'structure_path_id': 'H1.main >> M15.confluence', 'sub_sid': 0, 'started_by': 'first_confluence', 'start_trigger_idx': 630}"
1718,RANGE,RANGE_UPDATED,,"{'hi': 0.58071, 'lo': 0.5758, 'structure_id': 0, 'struct_direction': 1, 'timeframe': 'M15', 'use_case': 'first_confluence', 'parent_tf': 'H1', 'parent_sid': 0, 'parent_cycle_id': 0, 'structure_path_id': 'H1.main >> M15.confluence', 'sub_sid': 0, 'started_by': 'first_confluence', 'start_trigger_idx': 630}"
1718,STRUCTURE,CTS_THRESHOLD_UPDATED,0.58071,"{'prev': 0.58012, 'reason': 'range_sync', 'cycle_id': 3, 'structure_id': 0, 'struct_direction': 1, 'timeframe': 'M15', 'use_case': 'first_confluence', 'parent_tf': 'H1', 'parent_sid': 0, 'parent_cycle_id': 0, 'structure_path_id': 'H1.main >> M15.confluence', 'sub_sid': 0, 'started_by': 'first_confluence', 'start_trigger_idx': 630}"
1719,RANGE,RANGE_UPDATED,,"{'hi': 0.58084, 'lo': 0.5758, 'structure_id': 0, 'struct_direction': 1, 'timeframe': 'M15', 'use_case': 'first_confluence', 'parent_tf': 'H1', 'parent_sid': 0, 'parent_cycle_id': 0, 'structure_path_id': 'H1.main >> M15.confluence', 'sub_sid': 0, 'started_by': 'first_confluence', 'start_trigger_idx': 630}"
1719,STRUCTURE,CTS_THRESHOLD_UPDATED,0.58084,"{'prev': 0.58071, 'reason': 'range_sync', 'cycle_id': 3, 'structure_id': 0, 'struct_direction': 1, 'timeframe': 'M15', 'use_case': 'first_confluence', 'parent_tf': 'H1', 'parent_sid': 0, 'parent_cycle_id': 0, 'structure_path_id': 'H1.main >> M15.confluence', 'sub_sid': 0, 'started_by': 'first_confluence', 'start_trigger_idx': 630}"
1721,RANGE,RANGE_RESET,,"{'reason': 'range_breakout', 'pat': 'one_maru_opposite', 'structure_id': 0, 'struct_direction': 1, 'timeframe': 'M15', 'use_case': 'first_confluence', 'parent_tf': 'H1', 'parent_sid': 0, 'parent_cycle_id': 0, 'structure_path_id': 'H1.main >> M15.confluence', 'sub_sid': 0, 'started_by': 'first_confluence', 'start_trigger_idx': 630}"
1721,STRUCTURE,CTS_ESTABLISHED,0.58246,"{'via': 'one_maru_opposite', 'anchor_idx': 1720, 'pattern_name': 'one_maru_opposite', 'confirmed_at': 1721, 'cycle_id': 4, 'structure_id': 0, 'struct_direction': 1, 'timeframe': 'M15', 'use_case': 'first_confluence', 'parent_tf': 'H1', 'parent_sid': 0, 'parent_cycle_id': 0, 'structure_path_id': 'H1.main >> M15.confluence', 'sub_sid': 0, 'started_by': 'first_confluence', 'start_trigger_idx': 630}"
1310,STRUCTURE,BOS_CONFIRMED,0.5758,"{'source': 'pullback_extreme', 'confirmed_at': 1721, 'pb_start': 677, 'cycle_id': 4, 'structure_id': 0, 'struct_direction': 1, 'timeframe': 'M15', 'use_case': 'first_confluence', 'parent_tf': 'H1', 'parent_sid': 0, 'parent_cycle_id': 0, 'structure_path_id': 'H1.main >> M15.confluence', 'sub_sid': 0, 'started_by': 'first_confluence', 'start_trigger_idx': 630}"
1721,STATE,STATE_CHANGED,,"{'from': 'pullback_range', 'to': 'breakout', 'structure_id': 0, 'struct_direction': 1, 'reason': 'breakout_pattern', 'pat': 'one_maru_opposite', 'effective_idx': 1141, 'timeframe': 'M15', 'use_case': 'first_confluence', 'parent_tf': 'H1', 'parent_sid': 0, 'parent_cycle_id': 0, 'structure_path_id': 'H1.main >> M15.confluence', 'sub_sid': 0, 'started_by': 'first_confluence', 'start_trigger_idx': 630}"
1725,RANGE,RANGE_STARTED,,"{'start_idx': 1141, 'confirm_idx': 1145, 'hi': 0.58246, 'lo': 0.58164, 'cts_idx': 1141, 'cts_price': 0.58246, 'structure_id': 0, 'struct_direction': 1, 'timeframe': 'M15', 'use_case': 'first_confluence', 'parent_tf': 'H1', 'parent_sid': 0, 'parent_cycle_id': 0, 'structure_path_id': 'H1.main >> M15.confluence', 'sub_sid': 0, 'started_by': 'first_confluence', 'start_trigger_idx': 630}"
1725,STATE,STATE_CHANGED,,"{'from': 'breakout', 'to': 'range', 'structure_id': 0, 'struct_direction': 1, 'reason': 'range_confirmed', 'effective_idx': 1141, 'timeframe': 'M15', 'use_case': 'first_confluence', 'parent_tf': 'H1', 'parent_sid': 0, 'parent_cycle_id': 0, 'structure_path_id': 'H1.main >> M15.confluence', 'sub_sid': 0, 'started_by': 'first_confluence', 'start_trigger_idx': 630}"
1723,RANGE,RANGE_UPDATED,,"{'hi': 0.58246, 'lo': 0.58137, 'structure_id': 0, 'struct_direction': 1, 'timeframe': 'M15', 'use_case': 'first_confluence', 'parent_tf': 'H1', 'parent_sid': 0, 'parent_cycle_id': 0, 'structure_path_id': 'H1.main >> M15.confluence', 'sub_sid': 0, 'started_by': 'first_confluence', 'start_trigger_idx': 630}"
1724,RANGE,RANGE_UPDATED,,"{'hi': 0.58246, 'lo': 0.58134, 'structure_id': 0, 'struct_direction': 1, 'timeframe': 'M15', 'use_case': 'first_confluence', 'parent_tf': 'H1', 'parent_sid': 0, 'parent_cycle_id': 0, 'structure_path_id': 'H1.main >> M15.confluence', 'sub_sid': 0, 'started_by': 'first_confluence', 'start_trigger_idx': 630}"
1730,RANGE,RANGE_UPDATED,,"{'hi': 0.58246, 'lo': 0.58119, 'structure_id': 0, 'struct_direction': 1, 'timeframe': 'M15', 'use_case': 'first_confluence', 'parent_tf': 'H1', 'parent_sid': 0, 'parent_cycle_id': 0, 'structure_path_id': 'H1.main >> M15.confluence', 'sub_sid': 0, 'started_by': 'first_confluence', 'start_trigger_idx': 630}"
1733,RANGE,RANGE_UPDATED,,"{'hi': 0.58246, 'lo': 0.58114, 'structure_id': 0, 'struct_direction': 1, 'timeframe': 'M15', 'use_case': 'first_confluence', 'parent_tf': 'H1', 'parent_sid': 0, 'parent_cycle_id': 0, 'structure_path_id': 'H1.main >> M15.confluence', 'sub_sid': 0, 'started_by': 'first_confluence', 'start_trigger_idx': 630}"
1738,RANGE,RANGE_UPDATED,,"{'hi': 0.58246, 'lo': 0.5811, 'structure_id': 0, 'struct_direction': 1, 'timeframe': 'M15', 'use_case': 'first_confluence', 'parent_tf': 'H1', 'parent_sid': 0, 'parent_cycle_id': 0, 'structure_path_id': 'H1.main >> M15.confluence', 'sub_sid': 0, 'started_by': 'first_confluence', 'start_trigger_idx': 630}"
1746,RANGE,RANGE_UPDATED,,"{'hi': 0.58246, 'lo': 0.58081, 'structure_id': 0, 'struct_direction': 1, 'timeframe': 'M15', 'use_case': 'first_confluence', 'parent_tf': 'H1', 'parent_sid': 0, 'parent_cycle_id': 0, 'structure_path_id': 'H1.main >> M15.confluence', 'sub_sid': 0, 'started_by': 'first_confluence', 'start_trigger_idx': 630}"
1748,RANGE,RANGE_UPDATED,,"{'reason': 'pullback_expand', 'hi': 0.58246, 'lo': 0.57978, 'pat': 'one_maru_continuous', 'structure_id': 0, 'struct_direction': 1, 'timeframe': 'M15', 'use_case': 'first_confluence', 'parent_tf': 'H1', 'parent_sid': 0, 'parent_cycle_id': 0, 'structure_path_id': 'H1.main >> M15.confluence', 'sub_sid': 0, 'started_by': 'first_confluence', 'start_trigger_idx': 630}"
1748,STRUCTURE,CTS_CONFIRMED,0.58246,"{'via': 'one_maru_continuous', 'cycle_id': 4, 'structure_id': 0, 'struct_direction': 1, 'confirmed_at': 1748, 'cts_anchor_idx': 1721, 'confirmation_method': 'pullback', 'timeframe': 'M15', 'use_case': 'first_confluence', 'parent_tf': 'H1', 'parent_sid': 0, 'parent_cycle_id': 0, 'structure_path_id': 'H1.main >> M15.confluence', 'sub_sid': 0, 'started_by': 'first_confluence', 'start_trigger_idx': 630}"
1748,STATE,STATE_CHANGED,,"{'from': 'range', 'to': 'pullback', 'structure_id': 0, 'struct_direction': 1, 'reason': 'pullback_pattern', 'pat': 'one_maru_continuous', 'effective_idx': 1168, 'timeframe': 'M15', 'use_case': 'first_confluence', 'parent_tf': 'H1', 'parent_sid': 0, 'parent_cycle_id': 0, 'structure_path_id': 'H1.main >> M15.confluence', 'sub_sid': 0, 'started_by': 'first_confluence', 'start_trigger_idx': 630}"
1749,RANGE,RANGE_UPDATED,,"{'hi': 0.58246, 'lo': 0.57956, 'structure_id': 0, 'struct_direction': 1, 'timeframe': 'M15', 'use_case': 'first_confluence', 'parent_tf': 'H1', 'parent_sid': 0, 'parent_cycle_id': 0, 'structure_path_id': 'H1.main >> M15.confluence', 'sub_sid': 0, 'started_by': 'first_confluence', 'start_trigger_idx': 630}"
1750,STATE,STATE_CHANGED,,"{'from': 'pullback', 'to': 'pullback_range', 'structure_id': 0, 'struct_direction': 1, 'reason': 'replay_no_expand_pullback_side', 'effective_idx': 1170, 'timeframe': 'M15', 'use_case': 'first_confluence', 'parent_tf': 'H1', 'parent_sid': 0, 'parent_cycle_id': 0, 'structure_path_id': 'H1.main >> M15.confluence', 'sub_sid': 0, 'started_by': 'first_confluence', 'start_trigger_idx': 630}"
1752,RANGE,RANGE_UPDATED,,"{'hi': 0.58246, 'lo': 0.57945, 'structure_id': 0, 'struct_direction': 1, 'timeframe': 'M15', 'use_case': 'first_confluence', 'parent_tf': 'H1', 'parent_sid': 0, 'parent_cycle_id': 0, 'structure_path_id': 'H1.main >> M15.confluence', 'sub_sid': 0, 'started_by': 'first_confluence', 'start_trigger_idx': 630}"
1752,STATE,STATE_CHANGED,,"{'from': 'pullback_range', 'to': 'pullback', 'structure_id': 0, 'struct_direction': 1, 'reason': 'replay_expand_pullback_side', 'effective_idx': 1172, 'timeframe': 'M15', 'use_case': 'first_confluence', 'parent_tf': 'H1', 'parent_sid': 0, 'parent_cycle_id': 0, 'structure_path_id': 'H1.main >> M15.confluence', 'sub_sid': 0, 'started_by': 'first_confluence', 'start_trigger_idx': 630}"
1753,RANGE,RANGE_UPDATED,,"{'hi': 0.58246, 'lo': 0.57918, 'structure_id': 0, 'struct_direction': 1, 'timeframe': 'M15', 'use_case': 'first_confluence', 'parent_tf': 'H1', 'parent_sid': 0, 'parent_cycle_id': 0, 'structure_path_id': 'H1.main >> M15.confluence', 'sub_sid': 0, 'started_by': 'first_confluence', 'start_trigger_idx': 630}"
1754,STATE,STATE_CHANGED,,"{'from': 'pullback', 'to': 'pullback_range', 'structure_id': 0, 'struct_direction': 1, 'reason': 'replay_no_expand_pullback_side', 'effective_idx': 1174, 'timeframe': 'M15', 'use_case': 'first_confluence', 'parent_tf': 'H1', 'parent_sid': 0, 'parent_cycle_id': 0, 'structure_path_id': 'H1.main >> M15.confluence', 'sub_sid': 0, 'started_by': 'first_confluence', 'start_trigger_idx': 630}"
1760,RANGE,RANGE_UPDATED,,"{'hi': 0.58246, 'lo': 0.57913, 'structure_id': 0, 'struct_direction': 1, 'timeframe': 'M15', 'use_case': 'first_confluence', 'parent_tf': 'H1', 'parent_sid': 0, 'parent_cycle_id': 0, 'structure_path_id': 'H1.main >> M15.confluence', 'sub_sid': 0, 'started_by': 'first_confluence', 'start_trigger_idx': 630}"
1760,STATE,STATE_CHANGED,,"{'from': 'pullback_range', 'to': 'pullback', 'structure_id': 0, 'struct_direction': 1, 'reason': 'replay_expand_pullback_side', 'effective_idx': 1180, 'timeframe': 'M15', 'use_case': 'first_confluence', 'parent_tf': 'H1', 'parent_sid': 0, 'parent_cycle_id': 0, 'structure_path_id': 'H1.main >> M15.confluence', 'sub_sid': 0, 'started_by': 'first_confluence', 'start_trigger_idx': 630}"
1761,RANGE,RANGE_UPDATED,,"{'hi': 0.58246, 'lo': 0.57882, 'structure_id': 0, 'struct_direction': 1, 'timeframe': 'M15', 'use_case': 'first_confluence', 'parent_tf': 'H1', 'parent_sid': 0, 'parent_cycle_id': 0, 'structure_path_id': 'H1.main >> M15.confluence', 'sub_sid': 0, 'started_by': 'first_confluence', 'start_trigger_idx': 630}"
1762,STATE,STATE_CHANGED,,"{'from': 'pullback', 'to': 'pullback_range', 'structure_id': 0, 'struct_direction': 1, 'reason': 'replay_no_expand_pullback_side', 'effective_idx': 1182, 'timeframe': 'M15', 'use_case': 'first_confluence', 'parent_tf': 'H1', 'parent_sid': 0, 'parent_cycle_id': 0, 'structure_path_id': 'H1.main >> M15.confluence', 'sub_sid': 0, 'started_by': 'first_confluence', 'start_trigger_idx': 630}"
1791,RANGE,RANGE_UPDATED,,"{'hi': 0.58267, 'lo': 0.57882, 'structure_id': 0, 'struct_direction': 1, 'timeframe': 'M15', 'use_case': 'first_confluence', 'parent_tf': 'H1', 'parent_sid': 0, 'parent_cycle_id': 0, 'structure_path_id': 'H1.main >> M15.confluence', 'sub_sid': 0, 'started_by': 'first_confluence', 'start_trigger_idx': 630}"
1791,STRUCTURE,CTS_THRESHOLD_UPDATED,0.58267,"{'prev': 0.58246, 'reason': 'range_sync', 'cycle_id': 4, 'structure_id': 0, 'struct_direction': 1, 'timeframe': 'M15', 'use_case': 'first_confluence', 'parent_tf': 'H1', 'parent_sid': 0, 'parent_cycle_id': 0, 'structure_path_id': 'H1.main >> M15.confluence', 'sub_sid': 0, 'started_by': 'first_confluence', 'start_trigger_idx': 630}"
1793,RANGE,RANGE_RESET,,"{'reason': 'range_breakout', 'pat': 'double_maru', 'structure_id': 0, 'struct_direction': 1, 'timeframe': 'M15', 'use_case': 'first_confluence', 'parent_tf': 'H1', 'parent_sid': 0, 'parent_cycle_id': 0, 'structure_path_id': 'H1.main >> M15.confluence', 'sub_sid': 0, 'started_by': 'first_confluence', 'start_trigger_idx': 630}"
1793,STRUCTURE,CTS_ESTABLISHED,0.58312,"{'via': 'double_maru', 'anchor_idx': 1792, 'pattern_name': 'double_maru', 'confirmed_at': 1793, 'cycle_id': 5, 'structure_id': 0, 'struct_direction': 1, 'timeframe': 'M15', 'use_case': 'first_confluence', 'parent_tf': 'H1', 'parent_sid': 0, 'parent_cycle_id': 0, 'structure_path_id': 'H1.main >> M15.confluence', 'sub_sid': 0, 'started_by': 'first_confluence', 'start_trigger_idx': 630}"
1761,STRUCTURE,BOS_CONFIRMED,0.57882,"{'source': 'pullback_extreme', 'confirmed_at': 1793, 'pb_start': 1168, 'cycle_id': 5, 'structure_id': 0, 'struct_direction': 1, 'timeframe': 'M15', 'use_case': 'first_confluence', 'parent_tf': 'H1', 'parent_sid': 0, 'parent_cycle_id': 0, 'structure_path_id': 'H1.main >> M15.confluence', 'sub_sid': 0, 'started_by': 'first_confluence', 'start_trigger_idx': 630}"
1793,STATE,STATE_CHANGED,,"{'from': 'pullback_range', 'to': 'breakout', 'structure_id': 0, 'struct_direction': 1, 'reason': 'breakout_pattern', 'pat': 'double_maru', 'effective_idx': 1213, 'timeframe': 'M15', 'use_case': 'first_confluence', 'parent_tf': 'H1', 'parent_sid': 0, 'parent_cycle_id': 0, 'structure_path_id': 'H1.main >> M15.confluence', 'sub_sid': 0, 'started_by': 'first_confluence', 'start_trigger_idx': 630}"
1794,STRUCTURE,CTS_UPDATED,0.58314,"{'via': 'replay_raw', 'cycle_id': 5, 'structure_id': 0, 'struct_direction': 1, 'timeframe': 'M15', 'use_case': 'first_confluence', 'parent_tf': 'H1', 'parent_sid': 0, 'parent_cycle_id': 0, 'structure_path_id': 'H1.main >> M15.confluence', 'sub_sid': 0, 'started_by': 'first_confluence', 'start_trigger_idx': 630}"
1795,RANGE,RANGE_STARTED,,"{'reason': 'pullback_created_range', 'cts_idx': 1214, 'cts_price': 0.58314, 'pullback_apply_idx': 1215, 'hi': 0.58314, 'lo': 0.58162, 'pat': 'one_maru_continuous', 'structure_id': 0, 'struct_direction': 1, 'timeframe': 'M15', 'use_case': 'first_confluence', 'parent_tf': 'H1', 'parent_sid': 0, 'parent_cycle_id': 0, 'structure_path_id': 'H1.main >> M15.confluence', 'sub_sid': 0, 'started_by': 'first_confluence', 'start_trigger_idx': 630}"
1795,STRUCTURE,CTS_CONFIRMED,0.58314,"{'via': 'one_maru_continuous', 'cycle_id': 5, 'structure_id': 0, 'struct_direction': 1, 'confirmed_at': 1795, 'cts_anchor_idx': 1794, 'confirmation_method': 'pullback', 'timeframe': 'M15', 'use_case': 'first_confluence', 'parent_tf': 'H1', 'parent_sid': 0, 'parent_cycle_id': 0, 'structure_path_id': 'H1.main >> M15.confluence', 'sub_sid': 0, 'started_by': 'first_confluence', 'start_trigger_idx': 630}"
1795,STATE,STATE_CHANGED,,"{'from': 'breakout', 'to': 'pullback', 'structure_id': 0, 'struct_direction': 1, 'reason': 'pullback_pattern', 'pat': 'one_maru_continuous', 'effective_idx': 1215, 'timeframe': 'M15', 'use_case': 'first_confluence', 'parent_tf': 'H1', 'parent_sid': 0, 'parent_cycle_id': 0, 'structure_path_id': 'H1.main >> M15.confluence', 'sub_sid': 0, 'started_by': 'first_confluence', 'start_trigger_idx': 630}"
1796,RANGE,RANGE_UPDATED,,"{'hi': 0.58314, 'lo': 0.58144, 'structure_id': 0, 'struct_direction': 1, 'timeframe': 'M15', 'use_case': 'first_confluence', 'parent_tf': 'H1', 'parent_sid': 0, 'parent_cycle_id': 0, 'structure_path_id': 'H1.main >> M15.confluence', 'sub_sid': 0, 'started_by': 'first_confluence', 'start_trigger_idx': 630}"
1797,STATE,STATE_CHANGED,,"{'from': 'pullback', 'to': 'pullback_range', 'structure_id': 0, 'struct_direction': 1, 'reason': 'replay_no_expand_pullback_side', 'effective_idx': 1217, 'timeframe': 'M15', 'use_case': 'first_confluence', 'parent_tf': 'H1', 'parent_sid': 0, 'parent_cycle_id': 0, 'structure_path_id': 'H1.main >> M15.confluence', 'sub_sid': 0, 'started_by': 'first_confluence', 'start_trigger_idx': 630}"
1801,RANGE,RANGE_UPDATED,,"{'hi': 0.58314, 'lo': 0.5811, 'structure_id': 0, 'struct_direction': 1, 'timeframe': 'M15', 'use_case': 'first_confluence', 'parent_tf': 'H1', 'parent_sid': 0, 'parent_cycle_id': 0, 'structure_path_id': 'H1.main >> M15.confluence', 'sub_sid': 0, 'started_by': 'first_confluence', 'start_trigger_idx': 630}"
1801,STATE,STATE_CHANGED,,"{'from': 'pullback_range', 'to': 'pullback', 'structure_id': 0, 'struct_direction': 1, 'reason': 'replay_expand_pullback_side', 'effective_idx': 1221, 'timeframe': 'M15', 'use_case': 'first_confluence', 'parent_tf': 'H1', 'parent_sid': 0, 'parent_cycle_id': 0, 'structure_path_id': 'H1.main >> M15.confluence', 'sub_sid': 0, 'started_by': 'first_confluence', 'start_trigger_idx': 630}"
1802,STATE,STATE_CHANGED,,"{'from': 'pullback', 'to': 'pullback_range', 'structure_id': 0, 'struct_direction': 1, 'reason': 'replay_no_expand_pullback_side', 'effective_idx': 1222, 'timeframe': 'M15', 'use_case': 'first_confluence', 'parent_tf': 'H1', 'parent_sid': 0, 'parent_cycle_id': 0, 'structure_path_id': 'H1.main >> M15.confluence', 'sub_sid': 0, 'started_by': 'first_confluence', 'start_trigger_idx': 630}"
1815,RANGE,RANGE_UPDATED,,"{'hi': 0.58314, 'lo': 0.58094, 'structure_id': 0, 'struct_direction': 1, 'timeframe': 'M15', 'use_case': 'first_confluence', 'parent_tf': 'H1', 'parent_sid': 0, 'parent_cycle_id': 0, 'structure_path_id': 'H1.main >> M15.confluence', 'sub_sid': 0, 'started_by': 'first_confluence', 'start_trigger_idx': 630}"
1815,STATE,STATE_CHANGED,,"{'from': 'pullback_range', 'to': 'pullback', 'structure_id': 0, 'struct_direction': 1, 'reason': 'replay_expand_pullback_side', 'effective_idx': 1235, 'timeframe': 'M15', 'use_case': 'first_confluence', 'parent_tf': 'H1', 'parent_sid': 0, 'parent_cycle_id': 0, 'structure_path_id': 'H1.main >> M15.confluence', 'sub_sid': 0, 'started_by': 'first_confluence', 'start_trigger_idx': 630}"
1816,RANGE,RANGE_UPDATED,,"{'hi': 0.58314, 'lo': 0.58051, 'structure_id': 0, 'struct_direction': 1, 'timeframe': 'M15', 'use_case': 'first_confluence', 'parent_tf': 'H1', 'parent_sid': 0, 'parent_cycle_id': 0, 'structure_path_id': 'H1.main >> M15.confluence', 'sub_sid': 0, 'started_by': 'first_confluence', 'start_trigger_idx': 630}"
1817,STATE,STATE_CHANGED,,"{'from': 'pullback', 'to': 'pullback_range', 'structure_id': 0, 'struct_direction': 1, 'reason': 'replay_no_expand_pullback_side', 'effective_idx': 1237, 'timeframe': 'M15', 'use_case': 'first_confluence', 'parent_tf': 'H1', 'parent_sid': 0, 'parent_cycle_id': 0, 'structure_path_id': 'H1.main >> M15.confluence', 'sub_sid': 0, 'started_by': 'first_confluence', 'start_trigger_idx': 630}"
1883,RANGE,RANGE_UPDATED,,"{'hi': 0.58314, 'lo': 0.58048, 'structure_id': 0, 'struct_direction': 1, 'timeframe': 'M15', 'use_case': 'first_confluence', 'parent_tf': 'H1', 'parent_sid': 0, 'parent_cycle_id': 0, 'structure_path_id': 'H1.main >> M15.confluence', 'sub_sid': 0, 'started_by': 'first_confluence', 'start_trigger_idx': 630}"
1883,STATE,STATE_CHANGED,,"{'from': 'pullback_range', 'to': 'pullback', 'structure_id': 0, 'struct_direction': 1, 'reason': 'replay_expand_pullback_side', 'effective_idx': 1303, 'timeframe': 'M15', 'use_case': 'first_confluence', 'parent_tf': 'H1', 'parent_sid': 0, 'parent_cycle_id': 0, 'structure_path_id': 'H1.main >> M15.confluence', 'sub_sid': 0, 'started_by': 'first_confluence', 'start_trigger_idx': 630}"
1884,STATE,STATE_CHANGED,,"{'from': 'pullback', 'to': 'pullback_range', 'structure_id': 0, 'struct_direction': 1, 'reason': 'replay_no_expand_pullback_side', 'effective_idx': 1304, 'timeframe': 'M15', 'use_case': 'first_confluence', 'parent_tf': 'H1', 'parent_sid': 0, 'parent_cycle_id': 0, 'structure_path_id': 'H1.main >> M15.confluence', 'sub_sid': 0, 'started_by': 'first_confluence', 'start_trigger_idx': 630}"
1893,RANGE,RANGE_UPDATED,,"{'hi': 0.58314, 'lo': 0.57964, 'structure_id': 0, 'struct_direction': 1, 'timeframe': 'M15', 'use_case': 'first_confluence', 'parent_tf': 'H1', 'parent_sid': 0, 'parent_cycle_id': 0, 'structure_path_id': 'H1.main >> M15.confluence', 'sub_sid': 0, 'started_by': 'first_confluence', 'start_trigger_idx': 630}"
1893,STATE,STATE_CHANGED,,"{'from': 'pullback_range', 'to': 'pullback', 'structure_id': 0, 'struct_direction': 1, 'reason': 'replay_expand_pullback_side', 'effective_idx': 1313, 'timeframe': 'M15', 'use_case': 'first_confluence', 'parent_tf': 'H1', 'parent_sid': 0, 'parent_cycle_id': 0, 'structure_path_id': 'H1.main >> M15.confluence', 'sub_sid': 0, 'started_by': 'first_confluence', 'start_trigger_idx': 630}"
1894,RANGE,RANGE_UPDATED,,"{'hi': 0.58314, 'lo': 0.57951, 'structure_id': 0, 'struct_direction': 1, 'timeframe': 'M15', 'use_case': 'first_confluence', 'parent_tf': 'H1', 'parent_sid': 0, 'parent_cycle_id': 0, 'structure_path_id': 'H1.main >> M15.confluence', 'sub_sid': 0, 'started_by': 'first_confluence', 'start_trigger_idx': 630}"
1895,RANGE,RANGE_UPDATED,,"{'hi': 0.58314, 'lo': 0.5792, 'structure_id': 0, 'struct_direction': 1, 'timeframe': 'M15', 'use_case': 'first_confluence', 'parent_tf': 'H1', 'parent_sid': 0, 'parent_cycle_id': 0, 'structure_path_id': 'H1.main >> M15.confluence', 'sub_sid': 0, 'started_by': 'first_confluence', 'start_trigger_idx': 630}"
1896,RANGE,RANGE_UPDATED,,"{'hi': 0.58314, 'lo': 0.57906, 'structure_id': 0, 'struct_direction': 1, 'timeframe': 'M15', 'use_case': 'first_confluence', 'parent_tf': 'H1', 'parent_sid': 0, 'parent_cycle_id': 0, 'structure_path_id': 'H1.main >> M15.confluence', 'sub_sid': 0, 'started_by': 'first_confluence', 'start_trigger_idx': 630}"
1897,STATE,STATE_CHANGED,,"{'from': 'pullback', 'to': 'pullback_range', 'structure_id': 0, 'struct_direction': 1, 'reason': 'replay_no_expand_pullback_side', 'effective_idx': 1317, 'timeframe': 'M15', 'use_case': 'first_confluence', 'parent_tf': 'H1', 'parent_sid': 0, 'parent_cycle_id': 0, 'structure_path_id': 'H1.main >> M15.confluence', 'sub_sid': 0, 'started_by': 'first_confluence', 'start_trigger_idx': 630}"
1898,RANGE,RANGE_UPDATED,,"{'hi': 0.58314, 'lo': 0.57877, 'structure_id': 0, 'struct_direction': 1, 'timeframe': 'M15', 'use_case': 'first_confluence', 'parent_tf': 'H1', 'parent_sid': 0, 'parent_cycle_id': 0, 'structure_path_id': 'H1.main >> M15.confluence', 'sub_sid': 0, 'started_by': 'first_confluence', 'start_trigger_idx': 630}"
1898,STATE,STATE_CHANGED,,"{'from': 'pullback_range', 'to': 'pullback', 'structure_id': 0, 'struct_direction': 1, 'reason': 'replay_expand_pullback_side', 'effective_idx': 1318, 'timeframe': 'M15', 'use_case': 'first_confluence', 'parent_tf': 'H1', 'parent_sid': 0, 'parent_cycle_id': 0, 'structure_path_id': 'H1.main >> M15.confluence', 'sub_sid': 0, 'started_by': 'first_confluence', 'start_trigger_idx': 630}"
1898,STRUCTURE,BOS_THRESHOLD_UPDATED,0.57877,"{'prev': 0.57882, 'reason': 'probe_no_break', 'cycle_id': 5, 'structure_id': 0, 'struct_direction': 1, 'timeframe': 'M15', 'use_case': 'first_confluence', 'parent_tf': 'H1', 'parent_sid': 0, 'parent_cycle_id': 0, 'structure_path_id': 'H1.main >> M15.confluence', 'sub_sid': 0, 'started_by': 'first_confluence', 'start_trigger_idx': 630}"
1899,STATE,STATE_CHANGED,,"{'from': 'pullback', 'to': 'pullback_range', 'structure_id': 0, 'struct_direction': 1, 'reason': 'replay_no_expand_pullback_side', 'effective_idx': 1319, 'timeframe': 'M15', 'use_case': 'first_confluence', 'parent_tf': 'H1', 'parent_sid': 0, 'parent_cycle_id': 0, 'structure_path_id': 'H1.main >> M15.confluence', 'sub_sid': 0, 'started_by': 'first_confluence', 'start_trigger_idx': 630}"
1936,STRUCTURE,REVERSAL_WATCH_START,0.57877,"{'anchor_idx': 1936, 'bos_frozen': 0.57877, 'expires_idx': 1361, 'structure_id': 0, 'struct_direction': 1, 'timeframe': 'M15', 'use_case': 'first_confluence', 'parent_tf': 'H1', 'parent_sid': 0, 'parent_cycle_id': 0, 'structure_path_id': 'H1.main >> M15.confluence', 'sub_sid': 0, 'started_by': 'first_confluence', 'start_trigger_idx': 630}"
1936,STRUCTURE,REVERSAL_CANDIDATE,0.57877,"{'anchor_idx': 1936, 'apply_idx': 1940, 'pattern': '?', 'bos_frozen': 0.57877, 'expires_idx': 1361, 'structure_id': 0, 'struct_direction': 1, 'timeframe': 'M15', 'use_case': 'first_confluence', 'parent_tf': 'H1', 'parent_sid': 0, 'parent_cycle_id': 0, 'structure_path_id': 'H1.main >> M15.confluence', 'sub_sid': 0, 'started_by': 'first_confluence', 'start_trigger_idx': 630}"
1940,STATE,STATE_CHANGED,,"{'from': 'pullback_range', 'to': 'reversal', 'structure_id': 0, 'struct_direction': 1, 'reason': 'reversal_pattern', 'pat': 'one_maru_continuous', 'bos_frozen': 0.57877, 'effective_idx': 1360, 'timeframe': 'M15', 'use_case': 'first_confluence', 'parent_tf': 'H1', 'parent_sid': 0, 'parent_cycle_id': 0, 'structure_path_id': 'H1.main >> M15.confluence', 'sub_sid': 0, 'started_by': 'first_confluence', 'start_trigger_idx': 630}"
1940,RANGE,RANGE_UPDATED,,"{'hi': 0.58314, 'lo': 0.57728, 'structure_id': 0, 'struct_direction': 1, 'timeframe': 'M15', 'use_case': 'first_confluence', 'parent_tf': 'H1', 'parent_sid': 0, 'parent_cycle_id': 0, 'structure_path_id': 'H1.main >> M15.confluence', 'sub_sid': 0, 'started_by': 'first_confluence', 'start_trigger_idx': 630}"
1795,STRUCTURE,CTS_ESTABLISHED,0.58162,"{'via': 'one_maru_continuous', 'anchor_idx': 1794, 'pattern_name': 'one_maru_continuous', 'confirmed_at': 1795, 'cycle_id': 0, 'structure_id': 0, 'struct_direction': -1, 'timeframe': 'M15', 'use_case': 'reversal', 'parent_tf': 'H1', 'parent_sid': 0, 'parent_cycle_id': 0, 'structure_path_id': 'H1.main >> M15.confluence', 'sub_sid': 1, 'started_by': 'reversal', 'start_trigger_idx': 1940}"
1794,STRUCTURE,BOS_CONFIRMED,0.58314,"{'source': 'initial_prior_extreme', 'confirmed_at': 1795, 'pb_start': None, 'cycle_id': 0, 'structure_id': 0, 'struct_direction': -1, 'timeframe': 'M15', 'use_case': 'reversal', 'parent_tf': 'H1', 'parent_sid': 0, 'parent_cycle_id': 0, 'structure_path_id': 'H1.main >> M15.confluence', 'sub_sid': 1, 'started_by': 'reversal', 'start_trigger_idx': 1940}"
1795,STATE,STATE_CHANGED,,"{'from': 'none', 'to': 'breakout', 'structure_id': 0, 'struct_direction': -1, 'reason': 'breakout_pattern', 'pat': 'one_maru_continuous', 'effective_idx': 51, 'timeframe': 'M15', 'use_case': 'reversal', 'parent_tf': 'H1', 'parent_sid': 0, 'parent_cycle_id': 0, 'structure_path_id': 'H1.main >> M15.confluence', 'sub_sid': 1, 'started_by': 'reversal', 'start_trigger_idx': 1940}"
1796,STRUCTURE,CTS_UPDATED,0.58144,"{'via': 'replay_raw', 'cycle_id': 0, 'structure_id': 0, 'struct_direction': -1, 'timeframe': 'M15', 'use_case': 'reversal', 'parent_tf': 'H1', 'parent_sid': 0, 'parent_cycle_id': 0, 'structure_path_id': 'H1.main >> M15.confluence', 'sub_sid': 1, 'started_by': 'reversal', 'start_trigger_idx': 1940}"
1798,RANGE,RANGE_STARTED,,"{'start_idx': 52, 'confirm_idx': 54, 'hi': 0.58226, 'lo': 0.58144, 'cts_idx': 52, 'cts_price': 0.58144, 'structure_id': 0, 'struct_direction': -1, 'timeframe': 'M15', 'use_case': 'reversal', 'parent_tf': 'H1', 'parent_sid': 0, 'parent_cycle_id': 0, 'structure_path_id': 'H1.main >> M15.confluence', 'sub_sid': 1, 'started_by': 'reversal', 'start_trigger_idx': 1940}"
1798,STATE,STATE_CHANGED,,"{'from': 'breakout', 'to': 'range', 'structure_id': 0, 'struct_direction': -1, 'reason': 'range_confirmed', 'effective_idx': 52, 'timeframe': 'M15', 'use_case': 'reversal', 'parent_tf': 'H1', 'parent_sid': 0, 'parent_cycle_id': 0, 'structure_path_id': 'H1.main >> M15.confluence', 'sub_sid': 1, 'started_by': 'reversal', 'start_trigger_idx': 1940}"
1797,RANGE,RANGE_UPDATED,,"{'hi': 0.58244, 'lo': 0.58144, 'structure_id': 0, 'struct_direction': -1, 'timeframe': 'M15', 'use_case': 'reversal', 'parent_tf': 'H1', 'parent_sid': 0, 'parent_cycle_id': 0, 'structure_path_id': 'H1.main >> M15.confluence', 'sub_sid': 1, 'started_by': 'reversal', 'start_trigger_idx': 1940}"
1801,RANGE,RANGE_UPDATED,,"{'hi': 0.58244, 'lo': 0.5811, 'structure_id': 0, 'struct_direction': -1, 'timeframe': 'M15', 'use_case': 'reversal', 'parent_tf': 'H1', 'parent_sid': 0, 'parent_cycle_id': 0, 'structure_path_id': 'H1.main >> M15.confluence', 'sub_sid': 1, 'started_by': 'reversal', 'start_trigger_idx': 1940}"
1801,STRUCTURE,CTS_UPDATED,0.5811,"{'via': 'replay_raw', 'cycle_id': 0, 'structure_id': 0, 'struct_direction': -1, 'timeframe': 'M15', 'use_case': 'reversal', 'parent_tf': 'H1', 'parent_sid': 0, 'parent_cycle_id': 0, 'structure_path_id': 'H1.main >> M15.confluence', 'sub_sid': 1, 'started_by': 'reversal', 'start_trigger_idx': 1940}"
1815,RANGE,RANGE_UPDATED,,"{'hi': 0.58244, 'lo': 0.58094, 'structure_id': 0, 'struct_direction': -1, 'timeframe': 'M15', 'use_case': 'reversal', 'parent_tf': 'H1', 'parent_sid': 0, 'parent_cycle_id': 0, 'structure_path_id': 'H1.main >> M15.confluence', 'sub_sid': 1, 'started_by': 'reversal', 'start_trigger_idx': 1940}"
1815,STRUCTURE,CTS_UPDATED,0.58094,"{'via': 'replay_raw', 'cycle_id': 0, 'structure_id': 0, 'struct_direction': -1, 'timeframe': 'M15', 'use_case': 'reversal', 'parent_tf': 'H1', 'parent_sid': 0, 'parent_cycle_id': 0, 'structure_path_id': 'H1.main >> M15.confluence', 'sub_sid': 1, 'started_by': 'reversal', 'start_trigger_idx': 1940}"
1816,RANGE,RANGE_UPDATED,,"{'hi': 0.58244, 'lo': 0.58051, 'structure_id': 0, 'struct_direction': -1, 'timeframe': 'M15', 'use_case': 'reversal', 'parent_tf': 'H1', 'parent_sid': 0, 'parent_cycle_id': 0, 'structure_path_id': 'H1.main >> M15.confluence', 'sub_sid': 1, 'started_by': 'reversal', 'start_trigger_idx': 1940}"
1816,STRUCTURE,CTS_UPDATED,0.58051,"{'via': 'replay_raw', 'cycle_id': 0, 'structure_id': 0, 'struct_direction': -1, 'timeframe': 'M15', 'use_case': 'reversal', 'parent_tf': 'H1', 'parent_sid': 0, 'parent_cycle_id': 0, 'structure_path_id': 'H1.main >> M15.confluence', 'sub_sid': 1, 'started_by': 'reversal', 'start_trigger_idx': 1940}"
1883,RANGE,RANGE_UPDATED,,"{'hi': 0.58244, 'lo': 0.58048, 'structure_id': 0, 'struct_direction': -1, 'timeframe': 'M15', 'use_case': 'reversal', 'parent_tf': 'H1', 'parent_sid': 0, 'parent_cycle_id': 0, 'structure_path_id': 'H1.main >> M15.confluence', 'sub_sid': 1, 'started_by': 'reversal', 'start_trigger_idx': 1940}"
1883,STRUCTURE,CTS_UPDATED,0.58048,"{'via': 'replay_raw', 'cycle_id': 0, 'structure_id': 0, 'struct_direction': -1, 'timeframe': 'M15', 'use_case': 'reversal', 'parent_tf': 'H1', 'parent_sid': 0, 'parent_cycle_id': 0, 'structure_path_id': 'H1.main >> M15.confluence', 'sub_sid': 1, 'started_by': 'reversal', 'start_trigger_idx': 1940}"
1893,STRUCTURE,CTS_UPDATED,0.57964,"{'via': 'replay_raw', 'cycle_id': 0, 'structure_id': 0, 'struct_direction': -1, 'timeframe': 'M15', 'use_case': 'reversal', 'parent_tf': 'H1', 'parent_sid': 0, 'parent_cycle_id': 0, 'structure_path_id': 'H1.main >> M15.confluence', 'sub_sid': 1, 'started_by': 'reversal', 'start_trigger_idx': 1940}"
1894,RANGE,RANGE_RESET,,"{'reason': 'range_breakout', 'pat': 'one_maru_continuous', 'structure_id': 0, 'struct_direction': -1, 'timeframe': 'M15', 'use_case': 'reversal', 'parent_tf': 'H1', 'parent_sid': 0, 'parent_cycle_id': 0, 'structure_path_id': 'H1.main >> M15.confluence', 'sub_sid': 1, 'started_by': 'reversal', 'start_trigger_idx': 1940}"
1894,STRUCTURE,CTS_UPDATED,0.57951,"{'via': 'one_maru_continuous', 'cycle_id': 0, 'structure_id': 0, 'struct_direction': -1, 'timeframe': 'M15', 'use_case': 'reversal', 'parent_tf': 'H1', 'parent_sid': 0, 'parent_cycle_id': 0, 'structure_path_id': 'H1.main >> M15.confluence', 'sub_sid': 1, 'started_by': 'reversal', 'start_trigger_idx': 1940}"
1894,STATE,STATE_CHANGED,,"{'from': 'range', 'to': 'breakout', 'structure_id': 0, 'struct_direction': -1, 'reason': 'breakout_pattern', 'pat': 'one_maru_continuous', 'effective_idx': 150, 'timeframe': 'M15', 'use_case': 'reversal', 'parent_tf': 'H1', 'parent_sid': 0, 'parent_cycle_id': 0, 'structure_path_id': 'H1.main >> M15.confluence', 'sub_sid': 1, 'started_by': 'reversal', 'start_trigger_idx': 1940}"
1895,STRUCTURE,CTS_UPDATED,0.5792,"{'via': 'replay_raw', 'cycle_id': 0, 'structure_id': 0, 'struct_direction': -1, 'timeframe': 'M15', 'use_case': 'reversal', 'parent_tf': 'H1', 'parent_sid': 0, 'parent_cycle_id': 0, 'structure_path_id': 'H1.main >> M15.confluence', 'sub_sid': 1, 'started_by': 'reversal', 'start_trigger_idx': 1940}"
1896,STRUCTURE,CTS_UPDATED,0.57906,"{'via': 'replay_raw', 'cycle_id': 0, 'structure_id': 0, 'struct_direction': -1, 'timeframe': 'M15', 'use_case': 'reversal', 'parent_tf': 'H1', 'parent_sid': 0, 'parent_cycle_id': 0, 'structure_path_id': 'H1.main >> M15.confluence', 'sub_sid': 1, 'started_by': 'reversal', 'start_trigger_idx': 1940}"
1897,RANGE,RANGE_STARTED,,"{'start_idx': 151, 'confirm_idx': 153, 'hi': 0.58003, 'lo': 0.57906, 'cts_idx': 152, 'cts_price': 0.57906, 'structure_id': 0, 'struct_direction': -1, 'timeframe': 'M15', 'use_case': 'reversal', 'parent_tf': 'H1', 'parent_sid': 0, 'parent_cycle_id': 0, 'structure_path_id': 'H1.main >> M15.confluence', 'sub_sid': 1, 'started_by': 'reversal', 'start_trigger_idx': 1940}"
1897,STATE,STATE_CHANGED,,"{'from': 'breakout', 'to': 'range', 'structure_id': 0, 'struct_direction': -1, 'reason': 'range_confirmed', 'effective_idx': 151, 'timeframe': 'M15', 'use_case': 'reversal', 'parent_tf': 'H1', 'parent_sid': 0, 'parent_cycle_id': 0, 'structure_path_id': 'H1.main >> M15.confluence', 'sub_sid': 1, 'started_by': 'reversal', 'start_trigger_idx': 1940}"
1898,RANGE,RANGE_UPDATED,,"{'hi': 0.58003, 'lo': 0.57877, 'structure_id': 0, 'struct_direction': -1, 'timeframe': 'M15', 'use_case': 'reversal', 'parent_tf': 'H1', 'parent_sid': 0, 'parent_cycle_id': 0, 'structure_path_id': 'H1.main >> M15.confluence', 'sub_sid': 1, 'started_by': 'reversal', 'start_trigger_idx': 1940}"
1898,STRUCTURE,CTS_UPDATED,0.57877,"{'via': 'replay_raw', 'cycle_id': 0, 'structure_id': 0, 'struct_direction': -1, 'timeframe': 'M15', 'use_case': 'reversal', 'parent_tf': 'H1', 'parent_sid': 0, 'parent_cycle_id': 0, 'structure_path_id': 'H1.main >> M15.confluence', 'sub_sid': 1, 'started_by': 'reversal', 'start_trigger_idx': 1940}"
1901,RANGE,RANGE_UPDATED,,"{'hi': 0.58018, 'lo': 0.57877, 'structure_id': 0, 'struct_direction': -1, 'timeframe': 'M15', 'use_case': 'reversal', 'parent_tf': 'H1', 'parent_sid': 0, 'parent_cycle_id': 0, 'structure_path_id': 'H1.main >> M15.confluence', 'sub_sid': 1, 'started_by': 'reversal', 'start_trigger_idx': 1940}"
1904,RANGE,RANGE_UPDATED,,"{'reason': 'pullback_expand', 'hi': 0.58058, 'lo': 0.57877, 'pat': 'one_maru_opposite', 'structure_id': 0, 'struct_direction': -1, 'timeframe': 'M15', 'use_case': 'reversal', 'parent_tf': 'H1', 'parent_sid': 0, 'parent_cycle_id': 0, 'structure_path_id': 'H1.main >> M15.confluence', 'sub_sid': 1, 'started_by': 'reversal', 'start_trigger_idx': 1940}"
1904,STRUCTURE,CTS_CONFIRMED,0.57877,"{'via': 'one_maru_opposite', 'cycle_id': 0, 'structure_id': 0, 'struct_direction': -1, 'confirmed_at': 1904, 'cts_anchor_idx': 1898, 'confirmation_method': 'pullback', 'timeframe': 'M15', 'use_case': 'reversal', 'parent_tf': 'H1', 'parent_sid': 0, 'parent_cycle_id': 0, 'structure_path_id': 'H1.main >> M15.confluence', 'sub_sid': 1, 'started_by': 'reversal', 'start_trigger_idx': 1940}"
1904,STATE,STATE_CHANGED,,"{'from': 'range', 'to': 'pullback', 'structure_id': 0, 'struct_direction': -1, 'reason': 'pullback_pattern', 'pat': 'one_maru_opposite', 'effective_idx': 160, 'timeframe': 'M15', 'use_case': 'reversal', 'parent_tf': 'H1', 'parent_sid': 0, 'parent_cycle_id': 0, 'structure_path_id': 'H1.main >> M15.confluence', 'sub_sid': 1, 'started_by': 'reversal', 'start_trigger_idx': 1940}"
1904,RANGE,RANGE_UPDATED,,"{'hi': 0.58081, 'lo': 0.57877, 'structure_id': 0, 'struct_direction': -1, 'timeframe': 'M15', 'use_case': 'reversal', 'parent_tf': 'H1', 'parent_sid': 0, 'parent_cycle_id': 0, 'structure_path_id': 'H1.main >> M15.confluence', 'sub_sid': 1, 'started_by': 'reversal', 'start_trigger_idx': 1940}"
1905,STATE,STATE_CHANGED,,"{'from': 'pullback', 'to': 'pullback_range', 'structure_id': 0, 'struct_direction': -1, 'reason': 'replay_no_expand_pullback_side', 'effective_idx': 161, 'timeframe': 'M15', 'use_case': 'reversal', 'parent_tf': 'H1', 'parent_sid': 0, 'parent_cycle_id': 0, 'structure_path_id': 'H1.main >> M15.confluence', 'sub_sid': 1, 'started_by': 'reversal', 'start_trigger_idx': 1940}"
1934,RANGE,RANGE_UPDATED,,"{'hi': 0.58088, 'lo': 0.57877, 'structure_id': 0, 'struct_direction': -1, 'timeframe': 'M15', 'use_case': 'reversal', 'parent_tf': 'H1', 'parent_sid': 0, 'parent_cycle_id': 0, 'structure_path_id': 'H1.main >> M15.confluence', 'sub_sid': 1, 'started_by': 'reversal', 'start_trigger_idx': 1940}"
1934,STATE,STATE_CHANGED,,"{'from': 'pullback_range', 'to': 'pullback', 'structure_id': 0, 'struct_direction': -1, 'reason': 'replay_expand_pullback_side', 'effective_idx': 190, 'timeframe': 'M15', 'use_case': 'reversal', 'parent_tf': 'H1', 'parent_sid': 0, 'parent_cycle_id': 0, 'structure_path_id': 'H1.main >> M15.confluence', 'sub_sid': 1, 'started_by': 'reversal', 'start_trigger_idx': 1940}"
1935,STATE,STATE_CHANGED,,"{'from': 'pullback', 'to': 'pullback_range', 'structure_id': 0, 'struct_direction': -1, 'reason': 'replay_no_expand_pullback_side', 'effective_idx': 191, 'timeframe': 'M15', 'use_case': 'reversal', 'parent_tf': 'H1', 'parent_sid': 0, 'parent_cycle_id': 0, 'structure_path_id': 'H1.main >> M15.confluence', 'sub_sid': 1, 'started_by': 'reversal', 'start_trigger_idx': 1940}"
1940,RANGE,RANGE_RESET,,"{'reason': 'range_breakout', 'pat': 'one_maru_continuous', 'structure_id': 0, 'struct_direction': -1, 'timeframe': 'M15', 'use_case': 'reversal', 'parent_tf': 'H1', 'parent_sid': 0, 'parent_cycle_id': 0, 'structure_path_id': 'H1.main >> M15.confluence', 'sub_sid': 1, 'started_by': 'reversal', 'start_trigger_idx': 1940}"
1940,STRUCTURE,CTS_ESTABLISHED,0.57728,"{'via': 'one_maru_continuous', 'anchor_idx': 1936, 'pattern_name': 'one_maru_continuous', 'confirmed_at': 1940, 'cycle_id': 1, 'structure_id': 0, 'struct_direction': -1, 'timeframe': 'M15', 'use_case': 'reversal', 'parent_tf': 'H1', 'parent_sid': 0, 'parent_cycle_id': 0, 'structure_path_id': 'H1.main >> M15.confluence', 'sub_sid': 1, 'started_by': 'reversal', 'start_trigger_idx': 1940}"
1934,STRUCTURE,BOS_CONFIRMED,0.58088,"{'source': 'pullback_extreme', 'confirmed_at': 1940, 'pb_start': 160, 'cycle_id': 1, 'structure_id': 0, 'struct_direction': -1, 'timeframe': 'M15', 'use_case': 'reversal', 'parent_tf': 'H1', 'parent_sid': 0, 'parent_cycle_id': 0, 'structure_path_id': 'H1.main >> M15.confluence', 'sub_sid': 1, 'started_by': 'reversal', 'start_trigger_idx': 1940}"
1940,STATE,STATE_CHANGED,,"{'from': 'pullback_range', 'to': 'breakout', 'structure_id': 0, 'struct_direction': -1, 'reason': 'breakout_pattern', 'pat': 'one_maru_continuous', 'effective_idx': 196, 'timeframe': 'M15', 'use_case': 'reversal', 'parent_tf': 'H1', 'parent_sid': 0, 'parent_cycle_id': 0, 'structure_path_id': 'H1.main >> M15.confluence', 'sub_sid': 1, 'started_by': 'reversal', 'start_trigger_idx': 1940}"
1942,STRUCTURE,CTS_UPDATED,0.57718,"{'via': 'replay_raw', 'cycle_id': 1, 'structure_id': 0, 'struct_direction': -1, 'timeframe': 'M15', 'use_case': 'reversal', 'parent_tf': 'H1', 'parent_sid': 0, 'parent_cycle_id': 0, 'structure_path_id': 'H1.main >> M15.confluence', 'sub_sid': 1, 'started_by': 'reversal', 'start_trigger_idx': 1940}"
1943,STRUCTURE,CTS_UPDATED,0.57676,"{'via': 'replay_raw', 'cycle_id': 1, 'structure_id': 0, 'struct_direction': -1, 'timeframe': 'M15', 'use_case': 'reversal', 'parent_tf': 'H1', 'parent_sid': 0, 'parent_cycle_id': 0, 'structure_path_id': 'H1.main >> M15.confluence', 'sub_sid': 1, 'started_by': 'reversal', 'start_trigger_idx': 1940}"
1945,STRUCTURE,CTS_UPDATED,0.57656,"{'via': 'replay_raw', 'cycle_id': 1, 'structure_id': 0, 'struct_direction': -1, 'timeframe': 'M15', 'use_case': 'reversal', 'parent_tf': 'H1', 'parent_sid': 0, 'parent_cycle_id': 0, 'structure_path_id': 'H1.main >> M15.confluence', 'sub_sid': 1, 'started_by': 'reversal', 'start_trigger_idx': 1940}"
1948,RANGE,RANGE_STARTED,,"{'reason': 'pullback_created_range', 'cts_idx': 201, 'cts_price': 0.57656, 'pullback_apply_idx': 204, 'hi': 0.57756, 'lo': 0.57656, 'pat': 'one_maru_continuous', 'structure_id': 0, 'struct_direction': -1, 'timeframe': 'M15', 'use_case': 'reversal', 'parent_tf': 'H1', 'parent_sid': 0, 'parent_cycle_id': 0, 'structure_path_id': 'H1.main >> M15.confluence', 'sub_sid': 1, 'started_by': 'reversal', 'start_trigger_idx': 1940}"
1948,STRUCTURE,CTS_CONFIRMED,0.57656,"{'via': 'one_maru_continuous', 'cycle_id': 1, 'structure_id': 0, 'struct_direction': -1, 'confirmed_at': 1948, 'cts_anchor_idx': 1945, 'confirmation_method': 'pullback', 'timeframe': 'M15', 'use_case': 'reversal', 'parent_tf': 'H1', 'parent_sid': 0, 'parent_cycle_id': 0, 'structure_path_id': 'H1.main >> M15.confluence', 'sub_sid': 1, 'started_by': 'reversal', 'start_trigger_idx': 1940}"
1948,STATE,STATE_CHANGED,,"{'from': 'breakout', 'to': 'pullback', 'structure_id': 0, 'struct_direction': -1, 'reason': 'pullback_pattern', 'pat': 'one_maru_continuous', 'effective_idx': 204, 'timeframe': 'M15', 'use_case': 'reversal', 'parent_tf': 'H1', 'parent_sid': 0, 'parent_cycle_id': 0, 'structure_path_id': 'H1.main >> M15.confluence', 'sub_sid': 1, 'started_by': 'reversal', 'start_trigger_idx': 1940}"
1948,RANGE,RANGE_UPDATED,,"{'hi': 0.57794, 'lo': 0.57656, 'structure_id': 0, 'struct_direction': -1, 'timeframe': 'M15', 'use_case': 'reversal', 'parent_tf': 'H1', 'parent_sid': 0, 'parent_cycle_id': 0, 'structure_path_id': 'H1.main >> M15.confluence', 'sub_sid': 1, 'started_by': 'reversal', 'start_trigger_idx': 1940}"
1949,STATE,STATE_CHANGED,,"{'from': 'pullback', 'to': 'pullback_range', 'structure_id': 0, 'struct_direction': -1, 'reason': 'replay_no_expand_pullback_side', 'effective_idx': 205, 'timeframe': 'M15', 'use_case': 'reversal', 'parent_tf': 'H1', 'parent_sid': 0, 'parent_cycle_id': 0, 'structure_path_id': 'H1.main >> M15.confluence', 'sub_sid': 1, 'started_by': 'reversal', 'start_trigger_idx': 1940}"
1950,RANGE,RANGE_UPDATED,,"{'hi': 0.57816, 'lo': 0.57656, 'structure_id': 0, 'struct_direction': -1, 'timeframe': 'M15', 'use_case': 'reversal', 'parent_tf': 'H1', 'parent_sid': 0, 'parent_cycle_id': 0, 'structure_path_id': 'H1.main >> M15.confluence', 'sub_sid': 1, 'started_by': 'reversal', 'start_trigger_idx': 1940}"
1950,STATE,STATE_CHANGED,,"{'from': 'pullback_range', 'to': 'pullback', 'structure_id': 0, 'struct_direction': -1, 'reason': 'replay_expand_pullback_side', 'effective_idx': 206, 'timeframe': 'M15', 'use_case': 'reversal', 'parent_tf': 'H1', 'parent_sid': 0, 'parent_cycle_id': 0, 'structure_path_id': 'H1.main >> M15.confluence', 'sub_sid': 1, 'started_by': 'reversal', 'start_trigger_idx': 1940}"
1951,RANGE,RANGE_UPDATED,,"{'hi': 0.57822, 'lo': 0.57656, 'structure_id': 0, 'struct_direction': -1, 'timeframe': 'M15', 'use_case': 'reversal', 'parent_tf': 'H1', 'parent_sid': 0, 'parent_cycle_id': 0, 'structure_path_id': 'H1.main >> M15.confluence', 'sub_sid': 1, 'started_by': 'reversal', 'start_trigger_idx': 1940}"
1952,STATE,STATE_CHANGED,,"{'from': 'pullback', 'to': 'pullback_range', 'structure_id': 0, 'struct_direction': -1, 'reason': 'replay_no_expand_pullback_side', 'effective_idx': 208, 'timeframe': 'M15', 'use_case': 'reversal', 'parent_tf': 'H1', 'parent_sid': 0, 'parent_cycle_id': 0, 'structure_path_id': 'H1.main >> M15.confluence', 'sub_sid': 1, 'started_by': 'reversal', 'start_trigger_idx': 1940}"
1953,RANGE,RANGE_UPDATED,,"{'hi': 0.57824, 'lo': 0.57656, 'structure_id': 0, 'struct_direction': -1, 'timeframe': 'M15', 'use_case': 'reversal', 'parent_tf': 'H1', 'parent_sid': 0, 'parent_cycle_id': 0, 'structure_path_id': 'H1.main >> M15.confluence', 'sub_sid': 1, 'started_by': 'reversal', 'start_trigger_idx': 1940}"
1953,STATE,STATE_CHANGED,,"{'from': 'pullback_range', 'to': 'pullback', 'structure_id': 0, 'struct_direction': -1, 'reason': 'replay_expand_pullback_side', 'effective_idx': 209, 'timeframe': 'M15', 'use_case': 'reversal', 'parent_tf': 'H1', 'parent_sid': 0, 'parent_cycle_id': 0, 'structure_path_id': 'H1.main >> M15.confluence', 'sub_sid': 1, 'started_by': 'reversal', 'start_trigger_idx': 1940}"
1954,RANGE,RANGE_UPDATED,,"{'hi': 0.57834, 'lo': 0.57656, 'structure_id': 0, 'struct_direction': -1, 'timeframe': 'M15', 'use_case': 'reversal', 'parent_tf': 'H1', 'parent_sid': 0, 'parent_cycle_id': 0, 'structure_path_id': 'H1.main >> M15.confluence', 'sub_sid': 1, 'started_by': 'reversal', 'start_trigger_idx': 1940}"
1955,RANGE,RANGE_UPDATED,,"{'hi': 0.57854, 'lo': 0.57656, 'structure_id': 0, 'struct_direction': -1, 'timeframe': 'M15', 'use_case': 'reversal', 'parent_tf': 'H1', 'parent_sid': 0, 'parent_cycle_id': 0, 'structure_path_id': 'H1.main >> M15.confluence', 'sub_sid': 1, 'started_by': 'reversal', 'start_trigger_idx': 1940}"
1956,RANGE,RANGE_UPDATED,,"{'hi': 0.5788, 'lo': 0.57656, 'structure_id': 0, 'struct_direction': -1, 'timeframe': 'M15', 'use_case': 'reversal', 'parent_tf': 'H1', 'parent_sid': 0, 'parent_cycle_id': 0, 'structure_path_id': 'H1.main >> M15.confluence', 'sub_sid': 1, 'started_by': 'reversal', 'start_trigger_idx': 1940}"
1957,STATE,STATE_CHANGED,,"{'from': 'pullback', 'to': 'pullback_range', 'structure_id': 0, 'struct_direction': -1, 'reason': 'replay_no_expand_pullback_side', 'effective_idx': 213, 'timeframe': 'M15', 'use_case': 'reversal', 'parent_tf': 'H1', 'parent_sid': 0, 'parent_cycle_id': 0, 'structure_path_id': 'H1.main >> M15.confluence', 'sub_sid': 1, 'started_by': 'reversal', 'start_trigger_idx': 1940}"
1973,RANGE,RANGE_UPDATED,,"{'hi': 0.57902, 'lo': 0.57656, 'structure_id': 0, 'struct_direction': -1, 'timeframe': 'M15', 'use_case': 'reversal', 'parent_tf': 'H1', 'parent_sid': 0, 'parent_cycle_id': 0, 'structure_path_id': 'H1.main >> M15.confluence', 'sub_sid': 1, 'started_by': 'reversal', 'start_trigger_idx': 1940}"
1973,STATE,STATE_CHANGED,,"{'from': 'pullback_range', 'to': 'pullback', 'structure_id': 0, 'struct_direction': -1, 'reason': 'replay_expand_pullback_side', 'effective_idx': 229, 'timeframe': 'M15', 'use_case': 'reversal', 'parent_tf': 'H1', 'parent_sid': 0, 'parent_cycle_id': 0, 'structure_path_id': 'H1.main >> M15.confluence', 'sub_sid': 1, 'started_by': 'reversal', 'start_trigger_idx': 1940}"
1974,RANGE,RANGE_UPDATED,,"{'hi': 0.57934, 'lo': 0.57656, 'structure_id': 0, 'struct_direction': -1, 'timeframe': 'M15', 'use_case': 'reversal', 'parent_tf': 'H1', 'parent_sid': 0, 'parent_cycle_id': 0, 'structure_path_id': 'H1.main >> M15.confluence', 'sub_sid': 1, 'started_by': 'reversal', 'start_trigger_idx': 1940}"
1975,RANGE,RANGE_UPDATED,,"{'hi': 0.57955, 'lo': 0.57656, 'structure_id': 0, 'struct_direction': -1, 'timeframe': 'M15', 'use_case': 'reversal', 'parent_tf': 'H1', 'parent_sid': 0, 'parent_cycle_id': 0, 'structure_path_id': 'H1.main >> M15.confluence', 'sub_sid': 1, 'started_by': 'reversal', 'start_trigger_idx': 1940}"
1976,RANGE,RANGE_UPDATED,,"{'hi': 0.57957, 'lo': 0.57656, 'structure_id': 0, 'struct_direction': -1, 'timeframe': 'M15', 'use_case': 'reversal', 'parent_tf': 'H1', 'parent_sid': 0, 'parent_cycle_id': 0, 'structure_path_id': 'H1.main >> M15.confluence', 'sub_sid': 1, 'started_by': 'reversal', 'start_trigger_idx': 1940}"
1977,RANGE,RANGE_UPDATED,,"{'hi': 0.57973, 'lo': 0.57656, 'structure_id': 0, 'struct_direction': -1, 'timeframe': 'M15', 'use_case': 'reversal', 'parent_tf': 'H1', 'parent_sid': 0, 'parent_cycle_id': 0, 'structure_path_id': 'H1.main >> M15.confluence', 'sub_sid': 1, 'started_by': 'reversal', 'start_trigger_idx': 1940}"
1978,RANGE,RANGE_UPDATED,,"{'hi': 0.57975, 'lo': 0.57656, 'structure_id': 0, 'struct_direction': -1, 'timeframe': 'M15', 'use_case': 'reversal', 'parent_tf': 'H1', 'parent_sid': 0, 'parent_cycle_id': 0, 'structure_path_id': 'H1.main >> M15.confluence', 'sub_sid': 1, 'started_by': 'reversal', 'start_trigger_idx': 1940}"
1979,STATE,STATE_CHANGED,,"{'from': 'pullback', 'to': 'pullback_range', 'structure_id': 0, 'struct_direction': -1, 'reason': 'replay_no_expand_pullback_side', 'effective_idx': 235, 'timeframe': 'M15', 'use_case': 'reversal', 'parent_tf': 'H1', 'parent_sid': 0, 'parent_cycle_id': 0, 'structure_path_id': 'H1.main >> M15.confluence', 'sub_sid': 1, 'started_by': 'reversal', 'start_trigger_idx': 1940}"
1982,RANGE,RANGE_UPDATED,,"{'hi': 0.57978, 'lo': 0.57656, 'structure_id': 0, 'struct_direction': -1, 'timeframe': 'M15', 'use_case': 'reversal', 'parent_tf': 'H1', 'parent_sid': 0, 'parent_cycle_id': 0, 'structure_path_id': 'H1.main >> M15.confluence', 'sub_sid': 1, 'started_by': 'reversal', 'start_trigger_idx': 1940}"
1982,STATE,STATE_CHANGED,,"{'from': 'pullback_range', 'to': 'pullback', 'structure_id': 0, 'struct_direction': -1, 'reason': 'replay_expand_pullback_side', 'effective_idx': 238, 'timeframe': 'M15', 'use_case': 'reversal', 'parent_tf': 'H1', 'parent_sid': 0, 'parent_cycle_id': 0, 'structure_path_id': 'H1.main >> M15.confluence', 'sub_sid': 1, 'started_by': 'reversal', 'start_trigger_idx': 1940}"
1983,RANGE,RANGE_UPDATED,,"{'hi': 0.5799, 'lo': 0.57656, 'structure_id': 0, 'struct_direction': -1, 'timeframe': 'M15', 'use_case': 'reversal', 'parent_tf': 'H1', 'parent_sid': 0, 'parent_cycle_id': 0, 'structure_path_id': 'H1.main >> M15.confluence', 'sub_sid': 1, 'started_by': 'reversal', 'start_trigger_idx': 1940}"
1984,STATE,STATE_CHANGED,,"{'from': 'pullback', 'to': 'pullback_range', 'structure_id': 0, 'struct_direction': -1, 'reason': 'replay_no_expand_pullback_side', 'effective_idx': 240, 'timeframe': 'M15', 'use_case': 'reversal', 'parent_tf': 'H1', 'parent_sid': 0, 'parent_cycle_id': 0, 'structure_path_id': 'H1.main >> M15.confluence', 'sub_sid': 1, 'started_by': 'reversal', 'start_trigger_idx': 1940}"
1986,RANGE,RANGE_UPDATED,,"{'hi': 0.58008, 'lo': 0.57656, 'structure_id': 0, 'struct_direction': -1, 'timeframe': 'M15', 'use_case': 'reversal', 'parent_tf': 'H1', 'parent_sid': 0, 'parent_cycle_id': 0, 'structure_path_id': 'H1.main >> M15.confluence', 'sub_sid': 1, 'started_by': 'reversal', 'start_trigger_idx': 1940}"
1986,STATE,STATE_CHANGED,,"{'from': 'pullback_range', 'to': 'pullback', 'structure_id': 0, 'struct_direction': -1, 'reason': 'replay_expand_pullback_side', 'effective_idx': 242, 'timeframe': 'M15', 'use_case': 'reversal', 'parent_tf': 'H1', 'parent_sid': 0, 'parent_cycle_id': 0, 'structure_path_id': 'H1.main >> M15.confluence', 'sub_sid': 1, 'started_by': 'reversal', 'start_trigger_idx': 1940}"
1987,RANGE,RANGE_UPDATED,,"{'hi': 0.58028, 'lo': 0.57656, 'structure_id': 0, 'struct_direction': -1, 'timeframe': 'M15', 'use_case': 'reversal', 'parent_tf': 'H1', 'parent_sid': 0, 'parent_cycle_id': 0, 'structure_path_id': 'H1.main >> M15.confluence', 'sub_sid': 1, 'started_by': 'reversal', 'start_trigger_idx': 1940}"
1988,STATE,STATE_CHANGED,,"{'from': 'pullback', 'to': 'pullback_range', 'structure_id': 0, 'struct_direction': -1, 'reason': 'replay_no_expand_pullback_side', 'effective_idx': 244, 'timeframe': 'M15', 'use_case': 'reversal', 'parent_tf': 'H1', 'parent_sid': 0, 'parent_cycle_id': 0, 'structure_path_id': 'H1.main >> M15.confluence', 'sub_sid': 1, 'started_by': 'reversal', 'start_trigger_idx': 1940}"
1991,RANGE,RANGE_UPDATED,,"{'hi': 0.5803, 'lo': 0.57656, 'structure_id': 0, 'struct_direction': -1, 'timeframe': 'M15', 'use_case': 'reversal', 'parent_tf': 'H1', 'parent_sid': 0, 'parent_cycle_id': 0, 'structure_path_id': 'H1.main >> M15.confluence', 'sub_sid': 1, 'started_by': 'reversal', 'start_trigger_idx': 1940}"
1991,STATE,STATE_CHANGED,,"{'from': 'pullback_range', 'to': 'pullback', 'structure_id': 0, 'struct_direction': -1, 'reason': 'replay_expand_pullback_side', 'effective_idx': 247, 'timeframe': 'M15', 'use_case': 'reversal', 'parent_tf': 'H1', 'parent_sid': 0, 'parent_cycle_id': 0, 'structure_path_id': 'H1.main >> M15.confluence', 'sub_sid': 1, 'started_by': 'reversal', 'start_trigger_idx': 1940}"
1992,STATE,STATE_CHANGED,,"{'from': 'pullback', 'to': 'pullback_range', 'structure_id': 0, 'struct_direction': -1, 'reason': 'replay_no_expand_pullback_side', 'effective_idx': 248, 'timeframe': 'M15', 'use_case': 'reversal', 'parent_tf': 'H1', 'parent_sid': 0, 'parent_cycle_id': 0, 'structure_path_id': 'H1.main >> M15.confluence', 'sub_sid': 1, 'started_by': 'reversal', 'start_trigger_idx': 1940}"
2029,RANGE,RANGE_UPDATED,,"{'hi': 0.5803, 'lo': 0.57643, 'structure_id': 0, 'struct_direction': -1, 'timeframe': 'M15', 'use_case': 'reversal', 'parent_tf': 'H1', 'parent_sid': 0, 'parent_cycle_id': 0, 'structure_path_id': 'H1.main >> M15.confluence', 'sub_sid': 1, 'started_by': 'reversal', 'start_trigger_idx': 1940}"
2029,STRUCTURE,CTS_THRESHOLD_UPDATED,0.57643,"{'prev': 0.57656, 'reason': 'range_sync', 'cycle_id': 1, 'structure_id': 0, 'struct_direction': -1, 'timeframe': 'M15', 'use_case': 'reversal', 'parent_tf': 'H1', 'parent_sid': 0, 'parent_cycle_id': 0, 'structure_path_id': 'H1.main >> M15.confluence', 'sub_sid': 1, 'started_by': 'reversal', 'start_trigger_idx': 1940}"
2030,RANGE,RANGE_UPDATED,,"{'hi': 0.5803, 'lo': 0.57636, 'structure_id': 0, 'struct_direction': -1, 'timeframe': 'M15', 'use_case': 'reversal', 'parent_tf': 'H1', 'parent_sid': 0, 'parent_cycle_id': 0, 'structure_path_id': 'H1.main >> M15.confluence', 'sub_sid': 1, 'started_by': 'reversal', 'start_trigger_idx': 1940}"
2030,STRUCTURE,CTS_THRESHOLD_UPDATED,0.57636,"{'prev': 0.57643, 'reason': 'range_sync', 'cycle_id': 1, 'structure_id': 0, 'struct_direction': -1, 'timeframe': 'M15', 'use_case': 'reversal', 'parent_tf': 'H1', 'parent_sid': 0, 'parent_cycle_id': 0, 'structure_path_id': 'H1.main >> M15.confluence', 'sub_sid': 1, 'started_by': 'reversal', 'start_trigger_idx': 1940}"
2031,RANGE,RANGE_UPDATED,,"{'hi': 0.5803, 'lo': 0.57582, 'structure_id': 0, 'struct_direction': -1, 'timeframe': 'M15', 'use_case': 'reversal', 'parent_tf': 'H1', 'parent_sid': 0, 'parent_cycle_id': 0, 'structure_path_id': 'H1.main >> M15.confluence', 'sub_sid': 1, 'started_by': 'reversal', 'start_trigger_idx': 1940}"
2031,STRUCTURE,CTS_THRESHOLD_UPDATED,0.57582,"{'prev': 0.57636, 'reason': 'range_sync', 'cycle_id': 1, 'structure_id': 0, 'struct_direction': -1, 'timeframe': 'M15', 'use_case': 'reversal', 'parent_tf': 'H1', 'parent_sid': 0, 'parent_cycle_id': 0, 'structure_path_id': 'H1.main >> M15.confluence', 'sub_sid': 1, 'started_by': 'reversal', 'start_trigger_idx': 1940}"
2078,RANGE,RANGE_UPDATED,,"{'hi': 0.58074, 'lo': 0.57582, 'structure_id': 0, 'struct_direction': -1, 'timeframe': 'M15', 'use_case': 'reversal', 'parent_tf': 'H1', 'parent_sid': 0, 'parent_cycle_id': 0, 'structure_path_id': 'H1.main >> M15.confluence', 'sub_sid': 1, 'started_by': 'reversal', 'start_trigger_idx': 1940}"
2078,STATE,STATE_CHANGED,,"{'from': 'pullback_range', 'to': 'pullback', 'structure_id': 0, 'struct_direction': -1, 'reason': 'replay_expand_pullback_side', 'effective_idx': 334, 'timeframe': 'M15', 'use_case': 'reversal', 'parent_tf': 'H1', 'parent_sid': 0, 'parent_cycle_id': 0, 'structure_path_id': 'H1.main >> M15.confluence', 'sub_sid': 1, 'started_by': 'reversal', 'start_trigger_idx': 1940}"
2079,STATE,STATE_CHANGED,,"{'from': 'pullback', 'to': 'pullback_range', 'structure_id': 0, 'struct_direction': -1, 'reason': 'replay_no_expand_pullback_side', 'effective_idx': 335, 'timeframe': 'M15', 'use_case': 'reversal', 'parent_tf': 'H1', 'parent_sid': 0, 'parent_cycle_id': 0, 'structure_path_id': 'H1.main >> M15.confluence', 'sub_sid': 1, 'started_by': 'reversal', 'start_trigger_idx': 1940}"
2231,RANGE,RANGE_RESET,,"{'reason': 'range_breakout', 'pat': 'one_maru_opposite', 'structure_id': 0, 'struct_direction': -1, 'timeframe': 'M15', 'use_case': 'reversal', 'parent_tf': 'H1', 'parent_sid': 0, 'parent_cycle_id': 0, 'structure_path_id': 'H1.main >> M15.confluence', 'sub_sid': 1, 'started_by': 'reversal', 'start_trigger_idx': 1940}"
2231,STRUCTURE,CTS_ESTABLISHED,0.57546,"{'via': 'one_maru_opposite', 'anchor_idx': 2230, 'pattern_name': 'one_maru_opposite', 'confirmed_at': 2231, 'cycle_id': 2, 'structure_id': 0, 'struct_direction': -1, 'timeframe': 'M15', 'use_case': 'reversal', 'parent_tf': 'H1', 'parent_sid': 0, 'parent_cycle_id': 0, 'structure_path_id': 'H1.main >> M15.confluence', 'sub_sid': 1, 'started_by': 'reversal', 'start_trigger_idx': 1940}"
2078,STRUCTURE,BOS_CONFIRMED,0.58074,"{'source': 'pullback_extreme', 'confirmed_at': 2231, 'pb_start': 204, 'cycle_id': 2, 'structure_id': 0, 'struct_direction': -1, 'timeframe': 'M15', 'use_case': 'reversal', 'parent_tf': 'H1', 'parent_sid': 0, 'parent_cycle_id': 0, 'structure_path_id': 'H1.main >> M15.confluence', 'sub_sid': 1, 'started_by': 'reversal', 'start_trigger_idx': 1940}"
2231,STATE,STATE_CHANGED,,"{'from': 'pullback_range', 'to': 'breakout', 'structure_id': 0, 'struct_direction': -1, 'reason': 'breakout_pattern', 'pat': 'one_maru_opposite', 'effective_idx': 487, 'timeframe': 'M15', 'use_case': 'reversal', 'parent_tf': 'H1', 'parent_sid': 0, 'parent_cycle_id': 0, 'structure_path_id': 'H1.main >> M15.confluence', 'sub_sid': 1, 'started_by': 'reversal', 'start_trigger_idx': 1940}"
2233,RANGE,RANGE_STARTED,,"{'start_idx': 487, 'confirm_idx': 489, 'hi': 0.57571, 'lo': 0.57546, 'cts_idx': 487, 'cts_price': 0.57546, 'structure_id': 0, 'struct_direction': -1, 'timeframe': 'M15', 'use_case': 'reversal', 'parent_tf': 'H1', 'parent_sid': 0, 'parent_cycle_id': 0, 'structure_path_id': 'H1.main >> M15.confluence', 'sub_sid': 1, 'started_by': 'reversal', 'start_trigger_idx': 1940}"
2233,STATE,STATE_CHANGED,,"{'from': 'breakout', 'to': 'range', 'structure_id': 0, 'struct_direction': -1, 'reason': 'range_confirmed', 'effective_idx': 487, 'timeframe': 'M15', 'use_case': 'reversal', 'parent_tf': 'H1', 'parent_sid': 0, 'parent_cycle_id': 0, 'structure_path_id': 'H1.main >> M15.confluence', 'sub_sid': 1, 'started_by': 'reversal', 'start_trigger_idx': 1940}"
2232,RANGE,RANGE_UPDATED,,"{'hi': 0.57595, 'lo': 0.57546, 'structure_id': 0, 'struct_direction': -1, 'timeframe': 'M15', 'use_case': 'reversal', 'parent_tf': 'H1', 'parent_sid': 0, 'parent_cycle_id': 0, 'structure_path_id': 'H1.main >> M15.confluence', 'sub_sid': 1, 'started_by': 'reversal', 'start_trigger_idx': 1940}"
2233,RANGE,RANGE_UPDATED,,"{'hi': 0.57596, 'lo': 0.57546, 'structure_id': 0, 'struct_direction': -1, 'timeframe': 'M15', 'use_case': 'reversal', 'parent_tf': 'H1', 'parent_sid': 0, 'parent_cycle_id': 0, 'structure_path_id': 'H1.main >> M15.confluence', 'sub_sid': 1, 'started_by': 'reversal', 'start_trigger_idx': 1940}"
2236,RANGE,RANGE_UPDATED,,"{'reason': 'pullback_expand', 'hi': 0.57648, 'lo': 0.57546, 'pat': 'double_maru', 'structure_id': 0, 'struct_direction': -1, 'timeframe': 'M15', 'use_case': 'reversal', 'parent_tf': 'H1', 'parent_sid': 0, 'parent_cycle_id': 0, 'structure_path_id': 'H1.main >> M15.confluence', 'sub_sid': 1, 'started_by': 'reversal', 'start_trigger_idx': 1940}"
2236,STRUCTURE,CTS_CONFIRMED,0.57546,"{'via': 'double_maru', 'cycle_id': 2, 'structure_id': 0, 'struct_direction': -1, 'confirmed_at': 2236, 'cts_anchor_idx': 2231, 'confirmation_method': 'pullback', 'timeframe': 'M15', 'use_case': 'reversal', 'parent_tf': 'H1', 'parent_sid': 0, 'parent_cycle_id': 0, 'structure_path_id': 'H1.main >> M15.confluence', 'sub_sid': 1, 'started_by': 'reversal', 'start_trigger_idx': 1940}"
2236,STATE,STATE_CHANGED,,"{'from': 'range', 'to': 'pullback', 'structure_id': 0, 'struct_direction': -1, 'reason': 'pullback_pattern', 'pat': 'double_maru', 'effective_idx': 492, 'timeframe': 'M15', 'use_case': 'reversal', 'parent_tf': 'H1', 'parent_sid': 0, 'parent_cycle_id': 0, 'structure_path_id': 'H1.main >> M15.confluence', 'sub_sid': 1, 'started_by': 'reversal', 'start_trigger_idx': 1940}"
2237,RANGE,RANGE_UPDATED,,"{'hi': 0.5766, 'lo': 0.57546, 'structure_id': 0, 'struct_direction': -1, 'timeframe': 'M15', 'use_case': 'reversal', 'parent_tf': 'H1', 'parent_sid': 0, 'parent_cycle_id': 0, 'structure_path_id': 'H1.main >> M15.confluence', 'sub_sid': 1, 'started_by': 'reversal', 'start_trigger_idx': 1940}"
2238,STATE,STATE_CHANGED,,"{'from': 'pullback', 'to': 'pullback_range', 'structure_id': 0, 'struct_direction': -1, 'reason': 'replay_no_expand_pullback_side', 'effective_idx': 494, 'timeframe': 'M15', 'use_case': 'reversal', 'parent_tf': 'H1', 'parent_sid': 0, 'parent_cycle_id': 0, 'structure_path_id': 'H1.main >> M15.confluence', 'sub_sid': 1, 'started_by': 'reversal', 'start_trigger_idx': 1940}"
2244,RANGE,RANGE_UPDATED,,"{'hi': 0.57671, 'lo': 0.57546, 'structure_id': 0, 'struct_direction': -1, 'timeframe': 'M15', 'use_case': 'reversal', 'parent_tf': 'H1', 'parent_sid': 0, 'parent_cycle_id': 0, 'structure_path_id': 'H1.main >> M15.confluence', 'sub_sid': 1, 'started_by': 'reversal', 'start_trigger_idx': 1940}"
2244,STATE,STATE_CHANGED,,"{'from': 'pullback_range', 'to': 'pullback', 'structure_id': 0, 'struct_direction': -1, 'reason': 'replay_expand_pullback_side', 'effective_idx': 500, 'timeframe': 'M15', 'use_case': 'reversal', 'parent_tf': 'H1', 'parent_sid': 0, 'parent_cycle_id': 0, 'structure_path_id': 'H1.main >> M15.confluence', 'sub_sid': 1, 'started_by': 'reversal', 'start_trigger_idx': 1940}"
2245,STATE,STATE_CHANGED,,"{'from': 'pullback', 'to': 'pullback_range', 'structure_id': 0, 'struct_direction': -1, 'reason': 'replay_no_expand_pullback_side', 'effective_idx': 501, 'timeframe': 'M15', 'use_case': 'reversal', 'parent_tf': 'H1', 'parent_sid': 0, 'parent_cycle_id': 0, 'structure_path_id': 'H1.main >> M15.confluence', 'sub_sid': 1, 'started_by': 'reversal', 'start_trigger_idx': 1940}"
2247,RANGE,RANGE_UPDATED,,"{'hi': 0.57682, 'lo': 0.57546, 'structure_id': 0, 'struct_direction': -1, 'timeframe': 'M15', 'use_case': 'reversal', 'parent_tf': 'H1', 'parent_sid': 0, 'parent_cycle_id': 0, 'structure_path_id': 'H1.main >> M15.confluence', 'sub_sid': 1, 'started_by': 'reversal', 'start_trigger_idx': 1940}"
2247,STATE,STATE_CHANGED,,"{'from': 'pullback_range', 'to': 'pullback', 'structure_id': 0, 'struct_direction': -1, 'reason': 'replay_expand_pullback_side', 'effective_idx': 503, 'timeframe': 'M15', 'use_case': 'reversal', 'parent_tf': 'H1', 'parent_sid': 0, 'parent_cycle_id': 0, 'structure_path_id': 'H1.main >> M15.confluence', 'sub_sid': 1, 'started_by': 'reversal', 'start_trigger_idx': 1940}"
2248,STATE,STATE_CHANGED,,"{'from': 'pullback', 'to': 'pullback_range', 'structure_id': 0, 'struct_direction': -1, 'reason': 'replay_no_expand_pullback_side', 'effective_idx': 504, 'timeframe': 'M15', 'use_case': 'reversal', 'parent_tf': 'H1', 'parent_sid': 0, 'parent_cycle_id': 0, 'structure_path_id': 'H1.main >> M15.confluence', 'sub_sid': 1, 'started_by': 'reversal', 'start_trigger_idx': 1940}"
2259,RANGE,RANGE_UPDATED,,"{'hi': 0.57688, 'lo': 0.57546, 'structure_id': 0, 'struct_direction': -1, 'timeframe': 'M15', 'use_case': 'reversal', 'parent_tf': 'H1', 'parent_sid': 0, 'parent_cycle_id': 0, 'structure_path_id': 'H1.main >> M15.confluence', 'sub_sid': 1, 'started_by': 'reversal', 'start_trigger_idx': 1940}"
2259,STATE,STATE_CHANGED,,"{'from': 'pullback_range', 'to': 'pullback', 'structure_id': 0, 'struct_direction': -1, 'reason': 'replay_expand_pullback_side', 'effective_idx': 515, 'timeframe': 'M15', 'use_case': 'reversal', 'parent_tf': 'H1', 'parent_sid': 0, 'parent_cycle_id': 0, 'structure_path_id': 'H1.main >> M15.confluence', 'sub_sid': 1, 'started_by': 'reversal', 'start_trigger_idx': 1940}"
2260,STATE,STATE_CHANGED,,"{'from': 'pullback', 'to': 'pullback_range', 'structure_id': 0, 'struct_direction': -1, 'reason': 'replay_no_expand_pullback_side', 'effective_idx': 516, 'timeframe': 'M15', 'use_case': 'reversal', 'parent_tf': 'H1', 'parent_sid': 0, 'parent_cycle_id': 0, 'structure_path_id': 'H1.main >> M15.confluence', 'sub_sid': 1, 'started_by': 'reversal', 'start_trigger_idx': 1940}"
2264,RANGE,RANGE_UPDATED,,"{'hi': 0.57704, 'lo': 0.57546, 'structure_id': 0, 'struct_direction': -1, 'timeframe': 'M15', 'use_case': 'reversal', 'parent_tf': 'H1', 'parent_sid': 0, 'parent_cycle_id': 0, 'structure_path_id': 'H1.main >> M15.confluence', 'sub_sid': 1, 'started_by': 'reversal', 'start_trigger_idx': 1940}"
2264,STATE,STATE_CHANGED,,"{'from': 'pullback_range', 'to': 'pullback', 'structure_id': 0, 'struct_direction': -1, 'reason': 'replay_expand_pullback_side', 'effective_idx': 520, 'timeframe': 'M15', 'use_case': 'reversal', 'parent_tf': 'H1', 'parent_sid': 0, 'parent_cycle_id': 0, 'structure_path_id': 'H1.main >> M15.confluence', 'sub_sid': 1, 'started_by': 'reversal', 'start_trigger_idx': 1940}"
2265,STATE,STATE_CHANGED,,"{'from': 'pullback', 'to': 'pullback_range', 'structure_id': 0, 'struct_direction': -1, 'reason': 'replay_no_expand_pullback_side', 'effective_idx': 521, 'timeframe': 'M15', 'use_case': 'reversal', 'parent_tf': 'H1', 'parent_sid': 0, 'parent_cycle_id': 0, 'structure_path_id': 'H1.main >> M15.confluence', 'sub_sid': 1, 'started_by': 'reversal', 'start_trigger_idx': 1940}"
2270,RANGE,RANGE_UPDATED,,"{'hi': 0.57884, 'lo': 0.57546, 'structure_id': 0, 'struct_direction': -1, 'timeframe': 'M15', 'use_case': 'reversal', 'parent_tf': 'H1', 'parent_sid': 0, 'parent_cycle_id': 0, 'structure_path_id': 'H1.main >> M15.confluence', 'sub_sid': 1, 'started_by': 'reversal', 'start_trigger_idx': 1940}"
2270,STATE,STATE_CHANGED,,"{'from': 'pullback_range', 'to': 'pullback', 'structure_id': 0, 'struct_direction': -1, 'reason': 'replay_expand_pullback_side', 'effective_idx': 526, 'timeframe': 'M15', 'use_case': 'reversal', 'parent_tf': 'H1', 'parent_sid': 0, 'parent_cycle_id': 0, 'structure_path_id': 'H1.main >> M15.confluence', 'sub_sid': 1, 'started_by': 'reversal', 'start_trigger_idx': 1940}"
2271,STATE,STATE_CHANGED,,"{'from': 'pullback', 'to': 'pullback_range', 'structure_id': 0, 'struct_direction': -1, 'reason': 'replay_no_expand_pullback_side', 'effective_idx': 527, 'timeframe': 'M15', 'use_case': 'reversal', 'parent_tf': 'H1', 'parent_sid': 0, 'parent_cycle_id': 0, 'structure_path_id': 'H1.main >> M15.confluence', 'sub_sid': 1, 'started_by': 'reversal', 'start_trigger_idx': 1940}"
2341,RANGE,RANGE_UPDATED,,"{'hi': 0.57884, 'lo': 0.57538, 'structure_id': 0, 'struct_direction': -1, 'timeframe': 'M15', 'use_case': 'reversal', 'parent_tf': 'H1', 'parent_sid': 0, 'parent_cycle_id': 0, 'structure_path_id': 'H1.main >> M15.confluence', 'sub_sid': 1, 'started_by': 'reversal', 'start_trigger_idx': 1940}"
2341,STRUCTURE,CTS_THRESHOLD_UPDATED,0.57538,"{'prev': 0.57546, 'reason': 'range_sync', 'cycle_id': 2, 'structure_id': 0, 'struct_direction': -1, 'timeframe': 'M15', 'use_case': 'reversal', 'parent_tf': 'H1', 'parent_sid': 0, 'parent_cycle_id': 0, 'structure_path_id': 'H1.main >> M15.confluence', 'sub_sid': 1, 'started_by': 'reversal', 'start_trigger_idx': 1940}"
2343,RANGE,RANGE_RESET,,"{'reason': 'range_breakout', 'pat': 'one_maru_continuous', 'structure_id': 0, 'struct_direction': -1, 'timeframe': 'M15', 'use_case': 'reversal', 'parent_tf': 'H1', 'parent_sid': 0, 'parent_cycle_id': 0, 'structure_path_id': 'H1.main >> M15.confluence', 'sub_sid': 1, 'started_by': 'reversal', 'start_trigger_idx': 1940}"
2343,STRUCTURE,CTS_ESTABLISHED,0.57449,"{'via': 'one_maru_continuous', 'anchor_idx': 2342, 'pattern_name': 'one_maru_continuous', 'confirmed_at': 2343, 'cycle_id': 3, 'structure_id': 0, 'struct_direction': -1, 'timeframe': 'M15', 'use_case': 'reversal', 'parent_tf': 'H1', 'parent_sid': 0, 'parent_cycle_id': 0, 'structure_path_id': 'H1.main >> M15.confluence', 'sub_sid': 1, 'started_by': 'reversal', 'start_trigger_idx': 1940}"
2270,STRUCTURE,BOS_CONFIRMED,0.57884,"{'source': 'pullback_extreme', 'confirmed_at': 2343, 'pb_start': 492, 'cycle_id': 3, 'structure_id': 0, 'struct_direction': -1, 'timeframe': 'M15', 'use_case': 'reversal', 'parent_tf': 'H1', 'parent_sid': 0, 'parent_cycle_id': 0, 'structure_path_id': 'H1.main >> M15.confluence', 'sub_sid': 1, 'started_by': 'reversal', 'start_trigger_idx': 1940}"
2343,STATE,STATE_CHANGED,,"{'from': 'pullback_range', 'to': 'breakout', 'structure_id': 0, 'struct_direction': -1, 'reason': 'breakout_pattern', 'pat': 'one_maru_continuous', 'effective_idx': 599, 'timeframe': 'M15', 'use_case': 'reversal', 'parent_tf': 'H1', 'parent_sid': 0, 'parent_cycle_id': 0, 'structure_path_id': 'H1.main >> M15.confluence', 'sub_sid': 1, 'started_by': 'reversal', 'start_trigger_idx': 1940}"
2345,RANGE,RANGE_STARTED,,"{'start_idx': 599, 'confirm_idx': 601, 'hi': 0.575, 'lo': 0.57449, 'cts_idx': 599, 'cts_price': 0.57449, 'structure_id': 0, 'struct_direction': -1, 'timeframe': 'M15', 'use_case': 'reversal', 'parent_tf': 'H1', 'parent_sid': 0, 'parent_cycle_id': 0, 'structure_path_id': 'H1.main >> M15.confluence', 'sub_sid': 1, 'started_by': 'reversal', 'start_trigger_idx': 1940}"
2345,STATE,STATE_CHANGED,,"{'from': 'breakout', 'to': 'range', 'structure_id': 0, 'struct_direction': -1, 'reason': 'range_confirmed', 'effective_idx': 599, 'timeframe': 'M15', 'use_case': 'reversal', 'parent_tf': 'H1', 'parent_sid': 0, 'parent_cycle_id': 0, 'structure_path_id': 'H1.main >> M15.confluence', 'sub_sid': 1, 'started_by': 'reversal', 'start_trigger_idx': 1940}"
2344,RANGE,RANGE_UPDATED,,"{'hi': 0.57521, 'lo': 0.57449, 'structure_id': 0, 'struct_direction': -1, 'timeframe': 'M15', 'use_case': 'reversal', 'parent_tf': 'H1', 'parent_sid': 0, 'parent_cycle_id': 0, 'structure_path_id': 'H1.main >> M15.confluence', 'sub_sid': 1, 'started_by': 'reversal', 'start_trigger_idx': 1940}"
2345,RANGE,RANGE_UPDATED,,"{'hi': 0.5753, 'lo': 0.57449, 'structure_id': 0, 'struct_direction': -1, 'timeframe': 'M15', 'use_case': 'reversal', 'parent_tf': 'H1', 'parent_sid': 0, 'parent_cycle_id': 0, 'structure_path_id': 'H1.main >> M15.confluence', 'sub_sid': 1, 'started_by': 'reversal', 'start_trigger_idx': 1940}"
2357,RANGE,RANGE_UPDATED,,"{'hi': 0.5753, 'lo': 0.57435, 'structure_id': 0, 'struct_direction': -1, 'timeframe': 'M15', 'use_case': 'reversal', 'parent_tf': 'H1', 'parent_sid': 0, 'parent_cycle_id': 0, 'structure_path_id': 'H1.main >> M15.confluence', 'sub_sid': 1, 'started_by': 'reversal', 'start_trigger_idx': 1940}"
2357,STRUCTURE,CTS_UPDATED,0.57435,"{'via': 'replay_raw', 'cycle_id': 3, 'structure_id': 0, 'struct_direction': -1, 'timeframe': 'M15', 'use_case': 'reversal', 'parent_tf': 'H1', 'parent_sid': 0, 'parent_cycle_id': 0, 'structure_path_id': 'H1.main >> M15.confluence', 'sub_sid': 1, 'started_by': 'reversal', 'start_trigger_idx': 1940}"
2360,RANGE,RANGE_UPDATED,,"{'hi': 0.5753, 'lo': 0.57423, 'structure_id': 0, 'struct_direction': -1, 'timeframe': 'M15', 'use_case': 'reversal', 'parent_tf': 'H1', 'parent_sid': 0, 'parent_cycle_id': 0, 'structure_path_id': 'H1.main >> M15.confluence', 'sub_sid': 1, 'started_by': 'reversal', 'start_trigger_idx': 1940}"
2360,STRUCTURE,CTS_UPDATED,0.57423,"{'via': 'replay_raw', 'cycle_id': 3, 'structure_id': 0, 'struct_direction': -1, 'timeframe': 'M15', 'use_case': 'reversal', 'parent_tf': 'H1', 'parent_sid': 0, 'parent_cycle_id': 0, 'structure_path_id': 'H1.main >> M15.confluence', 'sub_sid': 1, 'started_by': 'reversal', 'start_trigger_idx': 1940}"
2363,STRUCTURE,CTS_UPDATED,0.57412,"{'via': 'replay_raw', 'cycle_id': 3, 'structure_id': 0, 'struct_direction': -1, 'timeframe': 'M15', 'use_case': 'reversal', 'parent_tf': 'H1', 'parent_sid': 0, 'parent_cycle_id': 0, 'structure_path_id': 'H1.main >> M15.confluence', 'sub_sid': 1, 'started_by': 'reversal', 'start_trigger_idx': 1940}"
2364,RANGE,RANGE_RESET,,"{'reason': 'range_breakout', 'pat': 'one_maru_continuous', 'structure_id': 0, 'struct_direction': -1, 'timeframe': 'M15', 'use_case': 'reversal', 'parent_tf': 'H1', 'parent_sid': 0, 'parent_cycle_id': 0, 'structure_path_id': 'H1.main >> M15.confluence', 'sub_sid': 1, 'started_by': 'reversal', 'start_trigger_idx': 1940}"
2364,STRUCTURE,CTS_UPDATED,0.57371,"{'via': 'one_maru_continuous', 'cycle_id': 3, 'structure_id': 0, 'struct_direction': -1, 'timeframe': 'M15', 'use_case': 'reversal', 'parent_tf': 'H1', 'parent_sid': 0, 'parent_cycle_id': 0, 'structure_path_id': 'H1.main >> M15.confluence', 'sub_sid': 1, 'started_by': 'reversal', 'start_trigger_idx': 1940}"
2364,STATE,STATE_CHANGED,,"{'from': 'range', 'to': 'breakout', 'structure_id': 0, 'struct_direction': -1, 'reason': 'breakout_pattern', 'pat': 'one_maru_continuous', 'effective_idx': 620, 'timeframe': 'M15', 'use_case': 'reversal', 'parent_tf': 'H1', 'parent_sid': 0, 'parent_cycle_id': 0, 'structure_path_id': 'H1.main >> M15.confluence', 'sub_sid': 1, 'started_by': 'reversal', 'start_trigger_idx': 1940}"
2365,STRUCTURE,CTS_UPDATED,0.5736,"{'via': 'replay_raw', 'cycle_id': 3, 'structure_id': 0, 'struct_direction': -1, 'timeframe': 'M15', 'use_case': 'reversal', 'parent_tf': 'H1', 'parent_sid': 0, 'parent_cycle_id': 0, 'structure_path_id': 'H1.main >> M15.confluence', 'sub_sid': 1, 'started_by': 'reversal', 'start_trigger_idx': 1940}"
2367,RANGE,RANGE_STARTED,,"{'reason': 'pullback_created_range', 'cts_idx': 621, 'cts_price': 0.5736, 'pullback_apply_idx': 623, 'hi': 0.57447, 'lo': 0.5736, 'pat': 'one_maru_opposite', 'structure_id': 0, 'struct_direction': -1, 'timeframe': 'M15', 'use_case': 'reversal', 'parent_tf': 'H1', 'parent_sid': 0, 'parent_cycle_id': 0, 'structure_path_id': 'H1.main >> M15.confluence', 'sub_sid': 1, 'started_by': 'reversal', 'start_trigger_idx': 1940}"
2367,STRUCTURE,CTS_CONFIRMED,0.5736,"{'via': 'one_maru_opposite', 'cycle_id': 3, 'structure_id': 0, 'struct_direction': -1, 'confirmed_at': 2367, 'cts_anchor_idx': 2365, 'confirmation_method': 'pullback', 'timeframe': 'M15', 'use_case': 'reversal', 'parent_tf': 'H1', 'parent_sid': 0, 'parent_cycle_id': 0, 'structure_path_id': 'H1.main >> M15.confluence', 'sub_sid': 1, 'started_by': 'reversal', 'start_trigger_idx': 1940}"
2367,STATE,STATE_CHANGED,,"{'from': 'breakout', 'to': 'pullback', 'structure_id': 0, 'struct_direction': -1, 'reason': 'pullback_pattern', 'pat': 'one_maru_opposite', 'effective_idx': 623, 'timeframe': 'M15', 'use_case': 'reversal', 'parent_tf': 'H1', 'parent_sid': 0, 'parent_cycle_id': 0, 'structure_path_id': 'H1.main >> M15.confluence', 'sub_sid': 1, 'started_by': 'reversal', 'start_trigger_idx': 1940}"
2367,RANGE,RANGE_UPDATED,,"{'hi': 0.57454, 'lo': 0.5736, 'structure_id': 0, 'struct_direction': -1, 'timeframe': 'M15', 'use_case': 'reversal', 'parent_tf': 'H1', 'parent_sid': 0, 'parent_cycle_id': 0, 'structure_path_id': 'H1.main >> M15.confluence', 'sub_sid': 1, 'started_by': 'reversal', 'start_trigger_idx': 1940}"
2368,RANGE,RANGE_UPDATED,,"{'hi': 0.57522, 'lo': 0.5736, 'structure_id': 0, 'struct_direction': -1, 'timeframe': 'M15', 'use_case': 'reversal', 'parent_tf': 'H1', 'parent_sid': 0, 'parent_cycle_id': 0, 'structure_path_id': 'H1.main >> M15.confluence', 'sub_sid': 1, 'started_by': 'reversal', 'start_trigger_idx': 1940}"
2369,RANGE,RANGE_UPDATED,,"{'hi': 0.57532, 'lo': 0.5736, 'structure_id': 0, 'struct_direction': -1, 'timeframe': 'M15', 'use_case': 'reversal', 'parent_tf': 'H1', 'parent_sid': 0, 'parent_cycle_id': 0, 'structure_path_id': 'H1.main >> M15.confluence', 'sub_sid': 1, 'started_by': 'reversal', 'start_trigger_idx': 1940}"
2370,RANGE,RANGE_UPDATED,,"{'hi': 0.57578, 'lo': 0.5736, 'structure_id': 0, 'struct_direction': -1, 'timeframe': 'M15', 'use_case': 'reversal', 'parent_tf': 'H1', 'parent_sid': 0, 'parent_cycle_id': 0, 'structure_path_id': 'H1.main >> M15.confluence', 'sub_sid': 1, 'started_by': 'reversal', 'start_trigger_idx': 1940}"
2371,RANGE,RANGE_UPDATED,,"{'hi': 0.5758, 'lo': 0.5736, 'structure_id': 0, 'struct_direction': -1, 'timeframe': 'M15', 'use_case': 'reversal', 'parent_tf': 'H1', 'parent_sid': 0, 'parent_cycle_id': 0, 'structure_path_id': 'H1.main >> M15.confluence', 'sub_sid': 1, 'started_by': 'reversal', 'start_trigger_idx': 1940}"
2372,RANGE,RANGE_UPDATED,,"{'hi': 0.57601, 'lo': 0.5736, 'structure_id': 0, 'struct_direction': -1, 'timeframe': 'M15', 'use_case': 'reversal', 'parent_tf': 'H1', 'parent_sid': 0, 'parent_cycle_id': 0, 'structure_path_id': 'H1.main >> M15.confluence', 'sub_sid': 1, 'started_by': 'reversal', 'start_trigger_idx': 1940}"
2373,STATE,STATE_CHANGED,,"{'from': 'pullback', 'to': 'pullback_range', 'structure_id': 0, 'struct_direction': -1, 'reason': 'replay_no_expand_pullback_side', 'effective_idx': 629, 'timeframe': 'M15', 'use_case': 'reversal', 'parent_tf': 'H1', 'parent_sid': 0, 'parent_cycle_id': 0, 'structure_path_id': 'H1.main >> M15.confluence', 'sub_sid': 1, 'started_by': 'reversal', 'start_trigger_idx': 1940}"
2382,RANGE,RANGE_UPDATED,,"{'hi': 0.5761, 'lo': 0.5736, 'structure_id': 0, 'struct_direction': -1, 'timeframe': 'M15', 'use_case': 'reversal', 'parent_tf': 'H1', 'parent_sid': 0, 'parent_cycle_id': 0, 'structure_path_id': 'H1.main >> M15.confluence', 'sub_sid': 1, 'started_by': 'reversal', 'start_trigger_idx': 1940}"
2382,STATE,STATE_CHANGED,,"{'from': 'pullback_range', 'to': 'pullback', 'structure_id': 0, 'struct_direction': -1, 'reason': 'replay_expand_pullback_side', 'effective_idx': 638, 'timeframe': 'M15', 'use_case': 'reversal', 'parent_tf': 'H1', 'parent_sid': 0, 'parent_cycle_id': 0, 'structure_path_id': 'H1.main >> M15.confluence', 'sub_sid': 1, 'started_by': 'reversal', 'start_trigger_idx': 1940}"
2383,STATE,STATE_CHANGED,,"{'from': 'pullback', 'to': 'pullback_range', 'structure_id': 0, 'struct_direction': -1, 'reason': 'replay_no_expand_pullback_side', 'effective_idx': 639, 'timeframe': 'M15', 'use_case': 'reversal', 'parent_tf': 'H1', 'parent_sid': 0, 'parent_cycle_id': 0, 'structure_path_id': 'H1.main >> M15.confluence', 'sub_sid': 1, 'started_by': 'reversal', 'start_trigger_idx': 1940}"
2384,RANGE,RANGE_UPDATED,,"{'hi': 0.57647, 'lo': 0.5736, 'structure_id': 0, 'struct_direction': -1, 'timeframe': 'M15', 'use_case': 'reversal', 'parent_tf': 'H1', 'parent_sid': 0, 'parent_cycle_id': 0, 'structure_path_id': 'H1.main >> M15.confluence', 'sub_sid': 1, 'started_by': 'reversal', 'start_trigger_idx': 1940}"
2384,STATE,STATE_CHANGED,,"{'from': 'pullback_range', 'to': 'pullback', 'structure_id': 0, 'struct_direction': -1, 'reason': 'replay_expand_pullback_side', 'effective_idx': 640, 'timeframe': 'M15', 'use_case': 'reversal', 'parent_tf': 'H1', 'parent_sid': 0, 'parent_cycle_id': 0, 'structure_path_id': 'H1.main >> M15.confluence', 'sub_sid': 1, 'started_by': 'reversal', 'start_trigger_idx': 1940}"
2385,RANGE,RANGE_UPDATED,,"{'hi': 0.57657, 'lo': 0.5736, 'structure_id': 0, 'struct_direction': -1, 'timeframe': 'M15', 'use_case': 'reversal', 'parent_tf': 'H1', 'parent_sid': 0, 'parent_cycle_id': 0, 'structure_path_id': 'H1.main >> M15.confluence', 'sub_sid': 1, 'started_by': 'reversal', 'start_trigger_idx': 1940}"
2386,STATE,STATE_CHANGED,,"{'from': 'pullback', 'to': 'pullback_range', 'structure_id': 0, 'struct_direction': -1, 'reason': 'replay_no_expand_pullback_side', 'effective_idx': 642, 'timeframe': 'M15', 'use_case': 'reversal', 'parent_tf': 'H1', 'parent_sid': 0, 'parent_cycle_id': 0, 'structure_path_id': 'H1.main >> M15.confluence', 'sub_sid': 1, 'started_by': 'reversal', 'start_trigger_idx': 1940}"
2412,RANGE,RANGE_UPDATED,,"{'hi': 0.57696, 'lo': 0.5736, 'structure_id': 0, 'struct_direction': -1, 'timeframe': 'M15', 'use_case': 'reversal', 'parent_tf': 'H1', 'parent_sid': 0, 'parent_cycle_id': 0, 'structure_path_id': 'H1.main >> M15.confluence', 'sub_sid': 1, 'started_by': 'reversal', 'start_trigger_idx': 1940}"
2412,STATE,STATE_CHANGED,,"{'from': 'pullback_range', 'to': 'pullback', 'structure_id': 0, 'struct_direction': -1, 'reason': 'replay_expand_pullback_side', 'effective_idx': 668, 'timeframe': 'M15', 'use_case': 'reversal', 'parent_tf': 'H1', 'parent_sid': 0, 'parent_cycle_id': 0, 'structure_path_id': 'H1.main >> M15.confluence', 'sub_sid': 1, 'started_by': 'reversal', 'start_trigger_idx': 1940}"
2413,STATE,STATE_CHANGED,,"{'from': 'pullback', 'to': 'pullback_range', 'structure_id': 0, 'struct_direction': -1, 'reason': 'replay_no_expand_pullback_side', 'effective_idx': 669, 'timeframe': 'M15', 'use_case': 'reversal', 'parent_tf': 'H1', 'parent_sid': 0, 'parent_cycle_id': 0, 'structure_path_id': 'H1.main >> M15.confluence', 'sub_sid': 1, 'started_by': 'reversal', 'start_trigger_idx': 1940}"
2418,RANGE,RANGE_UPDATED,,"{'hi': 0.57704, 'lo': 0.5736, 'structure_id': 0, 'struct_direction': -1, 'timeframe': 'M15', 'use_case': 'reversal', 'parent_tf': 'H1', 'parent_sid': 0, 'parent_cycle_id': 0, 'structure_path_id': 'H1.main >> M15.confluence', 'sub_sid': 1, 'started_by': 'reversal', 'start_trigger_idx': 1940}"
2418,STATE,STATE_CHANGED,,"{'from': 'pullback_range', 'to': 'pullback', 'structure_id': 0, 'struct_direction': -1, 'reason': 'replay_expand_pullback_side', 'effective_idx': 674, 'timeframe': 'M15', 'use_case': 'reversal', 'parent_tf': 'H1', 'parent_sid': 0, 'parent_cycle_id': 0, 'structure_path_id': 'H1.main >> M15.confluence', 'sub_sid': 1, 'started_by': 'reversal', 'start_trigger_idx': 1940}"
2419,STATE,STATE_CHANGED,,"{'from': 'pullback', 'to': 'pullback_range', 'structure_id': 0, 'struct_direction': -1, 'reason': 'replay_no_expand_pullback_side', 'effective_idx': 675, 'timeframe': 'M15', 'use_case': 'reversal', 'parent_tf': 'H1', 'parent_sid': 0, 'parent_cycle_id': 0, 'structure_path_id': 'H1.main >> M15.confluence', 'sub_sid': 1, 'started_by': 'reversal', 'start_trigger_idx': 1940}"
2420,RANGE,RANGE_UPDATED,,"{'hi': 0.57714, 'lo': 0.5736, 'structure_id': 0, 'struct_direction': -1, 'timeframe': 'M15', 'use_case': 'reversal', 'parent_tf': 'H1', 'parent_sid': 0, 'parent_cycle_id': 0, 'structure_path_id': 'H1.main >> M15.confluence', 'sub_sid': 1, 'started_by': 'reversal', 'start_trigger_idx': 1940}"
2420,STATE,STATE_CHANGED,,"{'from': 'pullback_range', 'to': 'pullback', 'structure_id': 0, 'struct_direction': -1, 'reason': 'replay_expand_pullback_side', 'effective_idx': 676, 'timeframe': 'M15', 'use_case': 'reversal', 'parent_tf': 'H1', 'parent_sid': 0, 'parent_cycle_id': 0, 'structure_path_id': 'H1.main >> M15.confluence', 'sub_sid': 1, 'started_by': 'reversal', 'start_trigger_idx': 1940}"
2421,RANGE,RANGE_UPDATED,,"{'hi': 0.57716, 'lo': 0.5736, 'structure_id': 0, 'struct_direction': -1, 'timeframe': 'M15', 'use_case': 'reversal', 'parent_tf': 'H1', 'parent_sid': 0, 'parent_cycle_id': 0, 'structure_path_id': 'H1.main >> M15.confluence', 'sub_sid': 1, 'started_by': 'reversal', 'start_trigger_idx': 1940}"
2422,STATE,STATE_CHANGED,,"{'from': 'pullback', 'to': 'pullback_range', 'structure_id': 0, 'struct_direction': -1, 'reason': 'replay_no_expand_pullback_side', 'effective_idx': 678, 'timeframe': 'M15', 'use_case': 'reversal', 'parent_tf': 'H1', 'parent_sid': 0, 'parent_cycle_id': 0, 'structure_path_id': 'H1.main >> M15.confluence', 'sub_sid': 1, 'started_by': 'reversal', 'start_trigger_idx': 1940}"
2436,RANGE,RANGE_UPDATED,,"{'hi': 0.5773, 'lo': 0.5736, 'structure_id': 0, 'struct_direction': -1, 'timeframe': 'M15', 'use_case': 'reversal', 'parent_tf': 'H1', 'parent_sid': 0, 'parent_cycle_id': 0, 'structure_path_id': 'H1.main >> M15.confluence', 'sub_sid': 1, 'started_by': 'reversal', 'start_trigger_idx': 1940}"
2436,STATE,STATE_CHANGED,,"{'from': 'pullback_range', 'to': 'pullback', 'structure_id': 0, 'struct_direction': -1, 'reason': 'replay_expand_pullback_side', 'effective_idx': 692, 'timeframe': 'M15', 'use_case': 'reversal', 'parent_tf': 'H1', 'parent_sid': 0, 'parent_cycle_id': 0, 'structure_path_id': 'H1.main >> M15.confluence', 'sub_sid': 1, 'started_by': 'reversal', 'start_trigger_idx': 1940}"
2437,RANGE,RANGE_UPDATED,,"{'hi': 0.57763, 'lo': 0.5736, 'structure_id': 0, 'struct_direction': -1, 'timeframe': 'M15', 'use_case': 'reversal', 'parent_tf': 'H1', 'parent_sid': 0, 'parent_cycle_id': 0, 'structure_path_id': 'H1.main >> M15.confluence', 'sub_sid': 1, 'started_by': 'reversal', 'start_trigger_idx': 1940}"
2438,RANGE,RANGE_UPDATED,,"{'hi': 0.57804, 'lo': 0.5736, 'structure_id': 0, 'struct_direction': -1, 'timeframe': 'M15', 'use_case': 'reversal', 'parent_tf': 'H1', 'parent_sid': 0, 'parent_cycle_id': 0, 'structure_path_id': 'H1.main >> M15.confluence', 'sub_sid': 1, 'started_by': 'reversal', 'start_trigger_idx': 1940}"
2439,RANGE,RANGE_UPDATED,,"{'hi': 0.57836, 'lo': 0.5736, 'structure_id': 0, 'struct_direction': -1, 'timeframe': 'M15', 'use_case': 'reversal', 'parent_tf': 'H1', 'parent_sid': 0, 'parent_cycle_id': 0, 'structure_path_id': 'H1.main >> M15.confluence', 'sub_sid': 1, 'started_by': 'reversal', 'start_trigger_idx': 1940}"
2440,STATE,STATE_CHANGED,,"{'from': 'pullback', 'to': 'pullback_range', 'structure_id': 0, 'struct_direction': -1, 'reason': 'replay_no_expand_pullback_side', 'effective_idx': 696, 'timeframe': 'M15', 'use_case': 'reversal', 'parent_tf': 'H1', 'parent_sid': 0, 'parent_cycle_id': 0, 'structure_path_id': 'H1.main >> M15.confluence', 'sub_sid': 1, 'started_by': 'reversal', 'start_trigger_idx': 1940}"
2441,RANGE,RANGE_UPDATED,,"{'hi': 0.57838, 'lo': 0.5736, 'structure_id': 0, 'struct_direction': -1, 'timeframe': 'M15', 'use_case': 'reversal', 'parent_tf': 'H1', 'parent_sid': 0, 'parent_cycle_id': 0, 'structure_path_id': 'H1.main >> M15.confluence', 'sub_sid': 1, 'started_by': 'reversal', 'start_trigger_idx': 1940}"
2441,STATE,STATE_CHANGED,,"{'from': 'pullback_range', 'to': 'pullback', 'structure_id': 0, 'struct_direction': -1, 'reason': 'replay_expand_pullback_side', 'effective_idx': 697, 'timeframe': 'M15', 'use_case': 'reversal', 'parent_tf': 'H1', 'parent_sid': 0, 'parent_cycle_id': 0, 'structure_path_id': 'H1.main >> M15.confluence', 'sub_sid': 1, 'started_by': 'reversal', 'start_trigger_idx': 1940}"
2442,RANGE,RANGE_UPDATED,,"{'hi': 0.57842, 'lo': 0.5736, 'structure_id': 0, 'struct_direction': -1, 'timeframe': 'M15', 'use_case': 'reversal', 'parent_tf': 'H1', 'parent_sid': 0, 'parent_cycle_id': 0, 'structure_path_id': 'H1.main >> M15.confluence', 'sub_sid': 1, 'started_by': 'reversal', 'start_trigger_idx': 1940}"
2443,RANGE,RANGE_UPDATED,,"{'hi': 0.5785, 'lo': 0.5736, 'structure_id': 0, 'struct_direction': -1, 'timeframe': 'M15', 'use_case': 'reversal', 'parent_tf': 'H1', 'parent_sid': 0, 'parent_cycle_id': 0, 'structure_path_id': 'H1.main >> M15.confluence', 'sub_sid': 1, 'started_by': 'reversal', 'start_trigger_idx': 1940}"
2444,STATE,STATE_CHANGED,,"{'from': 'pullback', 'to': 'pullback_range', 'structure_id': 0, 'struct_direction': -1, 'reason': 'replay_no_expand_pullback_side', 'effective_idx': 700, 'timeframe': 'M15', 'use_case': 'reversal', 'parent_tf': 'H1', 'parent_sid': 0, 'parent_cycle_id': 0, 'structure_path_id': 'H1.main >> M15.confluence', 'sub_sid': 1, 'started_by': 'reversal', 'start_trigger_idx': 1940}"
2448,RANGE,RANGE_UPDATED,,"{'hi': 0.57863, 'lo': 0.5736, 'structure_id': 0, 'struct_direction': -1, 'timeframe': 'M15', 'use_case': 'reversal', 'parent_tf': 'H1', 'parent_sid': 0, 'parent_cycle_id': 0, 'structure_path_id': 'H1.main >> M15.confluence', 'sub_sid': 1, 'started_by': 'reversal', 'start_trigger_idx': 1940}"
2448,STATE,STATE_CHANGED,,"{'from': 'pullback_range', 'to': 'pullback', 'structure_id': 0, 'struct_direction': -1, 'reason': 'replay_expand_pullback_side', 'effective_idx': 704, 'timeframe': 'M15', 'use_case': 'reversal', 'parent_tf': 'H1', 'parent_sid': 0, 'parent_cycle_id': 0, 'structure_path_id': 'H1.main >> M15.confluence', 'sub_sid': 1, 'started_by': 'reversal', 'start_trigger_idx': 1940}"
2449,RANGE,RANGE_UPDATED,,"{'hi': 0.57866, 'lo': 0.5736, 'structure_id': 0, 'struct_direction': -1, 'timeframe': 'M15', 'use_case': 'reversal', 'parent_tf': 'H1', 'parent_sid': 0, 'parent_cycle_id': 0, 'structure_path_id': 'H1.main >> M15.confluence', 'sub_sid': 1, 'started_by': 'reversal', 'start_trigger_idx': 1940}"
2450,STATE,STATE_CHANGED,,"{'from': 'pullback', 'to': 'pullback_range', 'structure_id': 0, 'struct_direction': -1, 'reason': 'replay_no_expand_pullback_side', 'effective_idx': 706, 'timeframe': 'M15', 'use_case': 'reversal', 'parent_tf': 'H1', 'parent_sid': 0, 'parent_cycle_id': 0, 'structure_path_id': 'H1.main >> M15.confluence', 'sub_sid': 1, 'started_by': 'reversal', 'start_trigger_idx': 1940}"
2454,RANGE,RANGE_UPDATED,,"{'hi': 0.57871, 'lo': 0.5736, 'structure_id': 0, 'struct_direction': -1, 'timeframe': 'M15', 'use_case': 'reversal', 'parent_tf': 'H1', 'parent_sid': 0, 'parent_cycle_id': 0, 'structure_path_id': 'H1.main >> M15.confluence', 'sub_sid': 1, 'started_by': 'reversal', 'start_trigger_idx': 1940}"
2454,STATE,STATE_CHANGED,,"{'from': 'pullback_range', 'to': 'pullback', 'structure_id': 0, 'struct_direction': -1, 'reason': 'replay_expand_pullback_side', 'effective_idx': 710, 'timeframe': 'M15', 'use_case': 'reversal', 'parent_tf': 'H1', 'parent_sid': 0, 'parent_cycle_id': 0, 'structure_path_id': 'H1.main >> M15.confluence', 'sub_sid': 1, 'started_by': 'reversal', 'start_trigger_idx': 1940}"
2455,RANGE,RANGE_UPDATED,,"{'hi': 0.57886, 'lo': 0.5736, 'structure_id': 0, 'struct_direction': -1, 'timeframe': 'M15', 'use_case': 'reversal', 'parent_tf': 'H1', 'parent_sid': 0, 'parent_cycle_id': 0, 'structure_path_id': 'H1.main >> M15.confluence', 'sub_sid': 1, 'started_by': 'reversal', 'start_trigger_idx': 1940}"
2455,STRUCTURE,REVERSAL_WATCH_START,0.57884,"{'anchor_idx': 2455, 'bos_frozen': 0.57884, 'expires_idx': 716, 'structure_id': 0, 'struct_direction': -1, 'timeframe': 'M15', 'use_case': 'reversal', 'parent_tf': 'H1', 'parent_sid': 0, 'parent_cycle_id': 0, 'structure_path_id': 'H1.main >> M15.confluence', 'sub_sid': 1, 'started_by': 'reversal', 'start_trigger_idx': 1940}"
2455,STRUCTURE,BOS_THRESHOLD_UPDATED,0.57886,"{'prev': 0.57884, 'reason': 'rv_anchor_failed', 'cycle_id': 3, 'structure_id': 0, 'struct_direction': -1, 'timeframe': 'M15', 'use_case': 'reversal', 'parent_tf': 'H1', 'parent_sid': 0, 'parent_cycle_id': 0, 'structure_path_id': 'H1.main >> M15.confluence', 'sub_sid': 1, 'started_by': 'reversal', 'start_trigger_idx': 1940}"
2456,RANGE,RANGE_UPDATED,,"{'hi': 0.57897, 'lo': 0.5736, 'structure_id': 0, 'struct_direction': -1, 'timeframe': 'M15', 'use_case': 'reversal', 'parent_tf': 'H1', 'parent_sid': 0, 'parent_cycle_id': 0, 'structure_path_id': 'H1.main >> M15.confluence', 'sub_sid': 1, 'started_by': 'reversal', 'start_trigger_idx': 1940}"
2456,STRUCTURE,BOS_THRESHOLD_UPDATED,0.57897,"{'prev': 0.57886, 'reason': 'probe_no_break', 'cycle_id': 3, 'structure_id': 0, 'struct_direction': -1, 'timeframe': 'M15', 'use_case': 'reversal', 'parent_tf': 'H1', 'parent_sid': 0, 'parent_cycle_id': 0, 'structure_path_id': 'H1.main >> M15.confluence', 'sub_sid': 1, 'started_by': 'reversal', 'start_trigger_idx': 1940}"
2457,STATE,STATE_CHANGED,,"{'from': 'pullback', 'to': 'pullback_range', 'structure_id': 0, 'struct_direction': -1, 'reason': 'replay_no_expand_pullback_side', 'effective_idx': 713, 'timeframe': 'M15', 'use_case': 'reversal', 'parent_tf': 'H1', 'parent_sid': 0, 'parent_cycle_id': 0, 'structure_path_id': 'H1.main >> M15.confluence', 'sub_sid': 1, 'started_by': 'reversal', 'start_trigger_idx': 1940}"
2460,STRUCTURE,REVERSAL_WATCH_START,0.57897,"{'anchor_idx': 2460, 'bos_frozen': 0.57897, 'expires_idx': 721, 'structure_id': 0, 'struct_direction': -1, 'timeframe': 'M15', 'use_case': 'reversal', 'parent_tf': 'H1', 'parent_sid': 0, 'parent_cycle_id': 0, 'structure_path_id': 'H1.main >> M15.confluence', 'sub_sid': 1, 'started_by': 'reversal', 'start_trigger_idx': 1940}"
2460,STRUCTURE,REVERSAL_CANDIDATE,0.57897,"{'anchor_idx': 2460, 'apply_idx': 2465, 'pattern': '?', 'bos_frozen': 0.57897, 'expires_idx': 721, 'structure_id': 0, 'struct_direction': -1, 'timeframe': 'M15', 'use_case': 'reversal', 'parent_tf': 'H1', 'parent_sid': 0, 'parent_cycle_id': 0, 'structure_path_id': 'H1.main >> M15.confluence', 'sub_sid': 1, 'started_by': 'reversal', 'start_trigger_idx': 1940}"
2465,STATE,STATE_CHANGED,,"{'from': 'pullback_range', 'to': 'reversal', 'structure_id': 0, 'struct_direction': -1, 'reason': 'reversal_pattern', 'pat': 'one_maru_opposite', 'bos_frozen': 0.57897, 'effective_idx': 721, 'timeframe': 'M15', 'use_case': 'reversal', 'parent_tf': 'H1', 'parent_sid': 0, 'parent_cycle_id': 0, 'structure_path_id': 'H1.main >> M15.confluence', 'sub_sid': 1, 'started_by': 'reversal', 'start_trigger_idx': 1940}"
2465,RANGE,RANGE_UPDATED,,"{'hi': 0.5795, 'lo': 0.5736, 'structure_id': 0, 'struct_direction': -1, 'timeframe': 'M15', 'use_case': 'reversal', 'parent_tf': 'H1', 'parent_sid': 0, 'parent_cycle_id': 0, 'structure_path_id': 'H1.main >> M15.confluence', 'sub_sid': 1, 'started_by': 'reversal', 'start_trigger_idx': 1940}"
2367,STRUCTURE,CTS_ESTABLISHED,0.57454,"{'via': 'one_maru_opposite', 'anchor_idx': 2365, 'pattern_name': 'one_maru_opposite', 'confirmed_at': 2367, 'cycle_id': 0, 'structure_id': 0, 'struct_direction': 1, 'timeframe': 'M15', 'use_case': 'reversal', 'parent_tf': 'H1', 'parent_sid': 0, 'parent_cycle_id': 0, 'structure_path_id': 'H1.main >> M15.confluence', 'sub_sid': 2, 'started_by': 'reversal', 'start_trigger_idx': 2465}"
2365,STRUCTURE,BOS_CONFIRMED,0.5736,"{'source': 'initial_prior_extreme', 'confirmed_at': 2367, 'pb_start': None, 'cycle_id': 0, 'structure_id': 0, 'struct_direction': 1, 'timeframe': 'M15', 'use_case': 'reversal', 'parent_tf': 'H1', 'parent_sid': 0, 'parent_cycle_id': 0, 'structure_path_id': 'H1.main >> M15.confluence', 'sub_sid': 2, 'started_by': 'reversal', 'start_trigger_idx': 2465}"
2367,STATE,STATE_CHANGED,,"{'from': 'none', 'to': 'breakout', 'structure_id': 0, 'struct_direction': 1, 'reason': 'breakout_pattern', 'pat': 'one_maru_opposite', 'effective_idx': 52, 'timeframe': 'M15', 'use_case': 'reversal', 'parent_tf': 'H1', 'parent_sid': 0, 'parent_cycle_id': 0, 'structure_path_id': 'H1.main >> M15.confluence', 'sub_sid': 2, 'started_by': 'reversal', 'start_trigger_idx': 2465}"
2368,STRUCTURE,CTS_UPDATED,0.57522,"{'via': 'replay_raw', 'cycle_id': 0, 'structure_id': 0, 'struct_direction': 1, 'timeframe': 'M15', 'use_case': 'reversal', 'parent_tf': 'H1', 'parent_sid': 0, 'parent_cycle_id': 0, 'structure_path_id': 'H1.main >> M15.confluence', 'sub_sid': 2, 'started_by': 'reversal', 'start_trigger_idx': 2465}"
2369,STRUCTURE,CTS_UPDATED,0.57532,"{'via': 'replay_raw', 'cycle_id': 0, 'structure_id': 0, 'struct_direction': 1, 'timeframe': 'M15', 'use_case': 'reversal', 'parent_tf': 'H1', 'parent_sid': 0, 'parent_cycle_id': 0, 'structure_path_id': 'H1.main >> M15.confluence', 'sub_sid': 2, 'started_by': 'reversal', 'start_trigger_idx': 2465}"
2370,STRUCTURE,CTS_UPDATED,0.57578,"{'via': 'one_maru_opposite', 'cycle_id': 0, 'structure_id': 0, 'struct_direction': 1, 'timeframe': 'M15', 'use_case': 'reversal', 'parent_tf': 'H1', 'parent_sid': 0, 'parent_cycle_id': 0, 'structure_path_id': 'H1.main >> M15.confluence', 'sub_sid': 2, 'started_by': 'reversal', 'start_trigger_idx': 2465}"
2371,STRUCTURE,CTS_UPDATED,0.5758,"{'via': 'replay_raw', 'cycle_id': 0, 'structure_id': 0, 'struct_direction': 1, 'timeframe': 'M15', 'use_case': 'reversal', 'parent_tf': 'H1', 'parent_sid': 0, 'parent_cycle_id': 0, 'structure_path_id': 'H1.main >> M15.confluence', 'sub_sid': 2, 'started_by': 'reversal', 'start_trigger_idx': 2465}"
2372,STRUCTURE,CTS_UPDATED,0.57601,"{'via': 'replay_raw', 'cycle_id': 0, 'structure_id': 0, 'struct_direction': 1, 'timeframe': 'M15', 'use_case': 'reversal', 'parent_tf': 'H1', 'parent_sid': 0, 'parent_cycle_id': 0, 'structure_path_id': 'H1.main >> M15.confluence', 'sub_sid': 2, 'started_by': 'reversal', 'start_trigger_idx': 2465}"
2376,RANGE,RANGE_STARTED,,"{'start_idx': 56, 'confirm_idx': 61, 'hi': 0.57601, 'lo': 0.5754, 'cts_idx': 57, 'cts_price': 0.57601, 'structure_id': 0, 'struct_direction': 1, 'timeframe': 'M15', 'use_case': 'reversal', 'parent_tf': 'H1', 'parent_sid': 0, 'parent_cycle_id': 0, 'structure_path_id': 'H1.main >> M15.confluence', 'sub_sid': 2, 'started_by': 'reversal', 'start_trigger_idx': 2465}"
2376,STATE,STATE_CHANGED,,"{'from': 'breakout', 'to': 'range', 'structure_id': 0, 'struct_direction': 1, 'reason': 'range_confirmed', 'effective_idx': 56, 'timeframe': 'M15', 'use_case': 'reversal', 'parent_tf': 'H1', 'parent_sid': 0, 'parent_cycle_id': 0, 'structure_path_id': 'H1.main >> M15.confluence', 'sub_sid': 2, 'started_by': 'reversal', 'start_trigger_idx': 2465}"
2373,RANGE,RANGE_UPDATED,,"{'hi': 0.57601, 'lo': 0.57516, 'structure_id': 0, 'struct_direction': 1, 'timeframe': 'M15', 'use_case': 'reversal', 'parent_tf': 'H1', 'parent_sid': 0, 'parent_cycle_id': 0, 'structure_path_id': 'H1.main >> M15.confluence', 'sub_sid': 2, 'started_by': 'reversal', 'start_trigger_idx': 2465}"
2375,RANGE,RANGE_UPDATED,,"{'hi': 0.57601, 'lo': 0.57483, 'structure_id': 0, 'struct_direction': 1, 'timeframe': 'M15', 'use_case': 'reversal', 'parent_tf': 'H1', 'parent_sid': 0, 'parent_cycle_id': 0, 'structure_path_id': 'H1.main >> M15.confluence', 'sub_sid': 2, 'started_by': 'reversal', 'start_trigger_idx': 2465}"
2382,RANGE,RANGE_UPDATED,,"{'hi': 0.5761, 'lo': 0.57483, 'structure_id': 0, 'struct_direction': 1, 'timeframe': 'M15', 'use_case': 'reversal', 'parent_tf': 'H1', 'parent_sid': 0, 'parent_cycle_id': 0, 'structure_path_id': 'H1.main >> M15.confluence', 'sub_sid': 2, 'started_by': 'reversal', 'start_trigger_idx': 2465}"
2382,STRUCTURE,CTS_UPDATED,0.5761,"{'via': 'replay_raw', 'cycle_id': 0, 'structure_id': 0, 'struct_direction': 1, 'timeframe': 'M15', 'use_case': 'reversal', 'parent_tf': 'H1', 'parent_sid': 0, 'parent_cycle_id': 0, 'structure_path_id': 'H1.main >> M15.confluence', 'sub_sid': 2, 'started_by': 'reversal', 'start_trigger_idx': 2465}"
2384,STRUCTURE,CTS_UPDATED,0.57647,"{'via': 'replay_raw', 'cycle_id': 0, 'structure_id': 0, 'struct_direction': 1, 'timeframe': 'M15', 'use_case': 'reversal', 'parent_tf': 'H1', 'parent_sid': 0, 'parent_cycle_id': 0, 'structure_path_id': 'H1.main >> M15.confluence', 'sub_sid': 2, 'started_by': 'reversal', 'start_trigger_idx': 2465}"
2385,RANGE,RANGE_RESET,,"{'reason': 'range_breakout', 'pat': 'one_maru_continuous', 'structure_id': 0, 'struct_direction': 1, 'timeframe': 'M15', 'use_case': 'reversal', 'parent_tf': 'H1', 'parent_sid': 0, 'parent_cycle_id': 0, 'structure_path_id': 'H1.main >> M15.confluence', 'sub_sid': 2, 'started_by': 'reversal', 'start_trigger_idx': 2465}"
2385,STRUCTURE,CTS_UPDATED,0.57657,"{'via': 'one_maru_continuous', 'cycle_id': 0, 'structure_id': 0, 'struct_direction': 1, 'timeframe': 'M15', 'use_case': 'reversal', 'parent_tf': 'H1', 'parent_sid': 0, 'parent_cycle_id': 0, 'structure_path_id': 'H1.main >> M15.confluence', 'sub_sid': 2, 'started_by': 'reversal', 'start_trigger_idx': 2465}"
2385,STATE,STATE_CHANGED,,"{'from': 'range', 'to': 'breakout', 'structure_id': 0, 'struct_direction': 1, 'reason': 'breakout_pattern', 'pat': 'one_maru_continuous', 'effective_idx': 70, 'timeframe': 'M15', 'use_case': 'reversal', 'parent_tf': 'H1', 'parent_sid': 0, 'parent_cycle_id': 0, 'structure_path_id': 'H1.main >> M15.confluence', 'sub_sid': 2, 'started_by': 'reversal', 'start_trigger_idx': 2465}"
2388,RANGE,RANGE_STARTED,,"{'start_idx': 71, 'confirm_idx': 73, 'hi': 0.57657, 'lo': 0.57615, 'cts_idx': 70, 'cts_price': 0.57657, 'structure_id': 0, 'struct_direction': 1, 'timeframe': 'M15', 'use_case': 'reversal', 'parent_tf': 'H1', 'parent_sid': 0, 'parent_cycle_id': 0, 'structure_path_id': 'H1.main >> M15.confluence', 'sub_sid': 2, 'started_by': 'reversal', 'start_trigger_idx': 2465}"
2388,STATE,STATE_CHANGED,,"{'from': 'breakout', 'to': 'range', 'structure_id': 0, 'struct_direction': 1, 'reason': 'range_confirmed', 'effective_idx': 71, 'timeframe': 'M15', 'use_case': 'reversal', 'parent_tf': 'H1', 'parent_sid': 0, 'parent_cycle_id': 0, 'structure_path_id': 'H1.main >> M15.confluence', 'sub_sid': 2, 'started_by': 'reversal', 'start_trigger_idx': 2465}"
2387,RANGE,RANGE_UPDATED,,"{'hi': 0.57657, 'lo': 0.5761, 'structure_id': 0, 'struct_direction': 1, 'timeframe': 'M15', 'use_case': 'reversal', 'parent_tf': 'H1', 'parent_sid': 0, 'parent_cycle_id': 0, 'structure_path_id': 'H1.main >> M15.confluence', 'sub_sid': 2, 'started_by': 'reversal', 'start_trigger_idx': 2465}"
2388,RANGE,RANGE_UPDATED,,"{'hi': 0.57657, 'lo': 0.57606, 'structure_id': 0, 'struct_direction': 1, 'timeframe': 'M15', 'use_case': 'reversal', 'parent_tf': 'H1', 'parent_sid': 0, 'parent_cycle_id': 0, 'structure_path_id': 'H1.main >> M15.confluence', 'sub_sid': 2, 'started_by': 'reversal', 'start_trigger_idx': 2465}"
2394,RANGE,RANGE_UPDATED,,"{'hi': 0.57657, 'lo': 0.57604, 'structure_id': 0, 'struct_direction': 1, 'timeframe': 'M15', 'use_case': 'reversal', 'parent_tf': 'H1', 'parent_sid': 0, 'parent_cycle_id': 0, 'structure_path_id': 'H1.main >> M15.confluence', 'sub_sid': 2, 'started_by': 'reversal', 'start_trigger_idx': 2465}"
2395,RANGE,RANGE_UPDATED,,"{'hi': 0.57657, 'lo': 0.57558, 'structure_id': 0, 'struct_direction': 1, 'timeframe': 'M15', 'use_case': 'reversal', 'parent_tf': 'H1', 'parent_sid': 0, 'parent_cycle_id': 0, 'structure_path_id': 'H1.main >> M15.confluence', 'sub_sid': 2, 'started_by': 'reversal', 'start_trigger_idx': 2465}"
2399,RANGE,RANGE_UPDATED,,"{'hi': 0.57657, 'lo': 0.57531, 'structure_id': 0, 'struct_direction': 1, 'timeframe': 'M15', 'use_case': 'reversal', 'parent_tf': 'H1', 'parent_sid': 0, 'parent_cycle_id': 0, 'structure_path_id': 'H1.main >> M15.confluence', 'sub_sid': 2, 'started_by': 'reversal', 'start_trigger_idx': 2465}"
2400,RANGE,RANGE_UPDATED,,"{'hi': 0.57657, 'lo': 0.57484, 'structure_id': 0, 'struct_direction': 1, 'timeframe': 'M15', 'use_case': 'reversal', 'parent_tf': 'H1', 'parent_sid': 0, 'parent_cycle_id': 0, 'structure_path_id': 'H1.main >> M15.confluence', 'sub_sid': 2, 'started_by': 'reversal', 'start_trigger_idx': 2465}"
2402,RANGE,RANGE_UPDATED,,"{'hi': 0.57657, 'lo': 0.57476, 'structure_id': 0, 'struct_direction': 1, 'timeframe': 'M15', 'use_case': 'reversal', 'parent_tf': 'H1', 'parent_sid': 0, 'parent_cycle_id': 0, 'structure_path_id': 'H1.main >> M15.confluence', 'sub_sid': 2, 'started_by': 'reversal', 'start_trigger_idx': 2465}"
2403,RANGE,RANGE_UPDATED,,"{'hi': 0.57657, 'lo': 0.57464, 'structure_id': 0, 'struct_direction': 1, 'timeframe': 'M15', 'use_case': 'reversal', 'parent_tf': 'H1', 'parent_sid': 0, 'parent_cycle_id': 0, 'structure_path_id': 'H1.main >> M15.confluence', 'sub_sid': 2, 'started_by': 'reversal', 'start_trigger_idx': 2465}"
2412,RANGE,RANGE_UPDATED,,"{'hi': 0.57696, 'lo': 0.57464, 'structure_id': 0, 'struct_direction': 1, 'timeframe': 'M15', 'use_case': 'reversal', 'parent_tf': 'H1', 'parent_sid': 0, 'parent_cycle_id': 0, 'structure_path_id': 'H1.main >> M15.confluence', 'sub_sid': 2, 'started_by': 'reversal', 'start_trigger_idx': 2465}"
2412,STRUCTURE,CTS_UPDATED,0.57696,"{'via': 'replay_raw', 'cycle_id': 0, 'structure_id': 0, 'struct_direction': 1, 'timeframe': 'M15', 'use_case': 'reversal', 'parent_tf': 'H1', 'parent_sid': 0, 'parent_cycle_id': 0, 'structure_path_id': 'H1.main >> M15.confluence', 'sub_sid': 2, 'started_by': 'reversal', 'start_trigger_idx': 2465}"
2418,RANGE,RANGE_UPDATED,,"{'hi': 0.57704, 'lo': 0.57464, 'structure_id': 0, 'struct_direction': 1, 'timeframe': 'M15', 'use_case': 'reversal', 'parent_tf': 'H1', 'parent_sid': 0, 'parent_cycle_id': 0, 'structure_path_id': 'H1.main >> M15.confluence', 'sub_sid': 2, 'started_by': 'reversal', 'start_trigger_idx': 2465}"
2418,STRUCTURE,CTS_UPDATED,0.57704,"{'via': 'replay_raw', 'cycle_id': 0, 'structure_id': 0, 'struct_direction': 1, 'timeframe': 'M15', 'use_case': 'reversal', 'parent_tf': 'H1', 'parent_sid': 0, 'parent_cycle_id': 0, 'structure_path_id': 'H1.main >> M15.confluence', 'sub_sid': 2, 'started_by': 'reversal', 'start_trigger_idx': 2465}"
2420,RANGE,RANGE_UPDATED,,"{'hi': 0.57714, 'lo': 0.57464, 'structure_id': 0, 'struct_direction': 1, 'timeframe': 'M15', 'use_case': 'reversal', 'parent_tf': 'H1', 'parent_sid': 0, 'parent_cycle_id': 0, 'structure_path_id': 'H1.main >> M15.confluence', 'sub_sid': 2, 'started_by': 'reversal', 'start_trigger_idx': 2465}"
2420,STRUCTURE,CTS_UPDATED,0.57714,"{'via': 'replay_raw', 'cycle_id': 0, 'structure_id': 0, 'struct_direction': 1, 'timeframe': 'M15', 'use_case': 'reversal', 'parent_tf': 'H1', 'parent_sid': 0, 'parent_cycle_id': 0, 'structure_path_id': 'H1.main >> M15.confluence', 'sub_sid': 2, 'started_by': 'reversal', 'start_trigger_idx': 2465}"
2421,RANGE,RANGE_UPDATED,,"{'hi': 0.57716, 'lo': 0.57464, 'structure_id': 0, 'struct_direction': 1, 'timeframe': 'M15', 'use_case': 'reversal', 'parent_tf': 'H1', 'parent_sid': 0, 'parent_cycle_id': 0, 'structure_path_id': 'H1.main >> M15.confluence', 'sub_sid': 2, 'started_by': 'reversal', 'start_trigger_idx': 2465}"
2421,STRUCTURE,CTS_UPDATED,0.57716,"{'via': 'replay_raw', 'cycle_id': 0, 'structure_id': 0, 'struct_direction': 1, 'timeframe': 'M15', 'use_case': 'reversal', 'parent_tf': 'H1', 'parent_sid': 0, 'parent_cycle_id': 0, 'structure_path_id': 'H1.main >> M15.confluence', 'sub_sid': 2, 'started_by': 'reversal', 'start_trigger_idx': 2465}"
2436,STRUCTURE,CTS_UPDATED,0.5773,"{'via': 'replay_raw', 'cycle_id': 0, 'structure_id': 0, 'struct_direction': 1, 'timeframe': 'M15', 'use_case': 'reversal', 'parent_tf': 'H1', 'parent_sid': 0, 'parent_cycle_id': 0, 'structure_path_id': 'H1.main >> M15.confluence', 'sub_sid': 2, 'started_by': 'reversal', 'start_trigger_idx': 2465}"
2437,RANGE,RANGE_RESET,,"{'reason': 'range_breakout', 'pat': 'double_maru', 'structure_id': 0, 'struct_direction': 1, 'timeframe': 'M15', 'use_case': 'reversal', 'parent_tf': 'H1', 'parent_sid': 0, 'parent_cycle_id': 0, 'structure_path_id': 'H1.main >> M15.confluence', 'sub_sid': 2, 'started_by': 'reversal', 'start_trigger_idx': 2465}"
2437,STRUCTURE,CTS_UPDATED,0.57763,"{'via': 'double_maru', 'cycle_id': 0, 'structure_id': 0, 'struct_direction': 1, 'timeframe': 'M15', 'use_case': 'reversal', 'parent_tf': 'H1', 'parent_sid': 0, 'parent_cycle_id': 0, 'structure_path_id': 'H1.main >> M15.confluence', 'sub_sid': 2, 'started_by': 'reversal', 'start_trigger_idx': 2465}"
2437,STATE,STATE_CHANGED,,"{'from': 'range', 'to': 'breakout', 'structure_id': 0, 'struct_direction': 1, 'reason': 'breakout_pattern', 'pat': 'double_maru', 'effective_idx': 122, 'timeframe': 'M15', 'use_case': 'reversal', 'parent_tf': 'H1', 'parent_sid': 0, 'parent_cycle_id': 0, 'structure_path_id': 'H1.main >> M15.confluence', 'sub_sid': 2, 'started_by': 'reversal', 'start_trigger_idx': 2465}"
2438,STRUCTURE,CTS_UPDATED,0.57804,"{'via': 'replay_raw', 'cycle_id': 0, 'structure_id': 0, 'struct_direction': 1, 'timeframe': 'M15', 'use_case': 'reversal', 'parent_tf': 'H1', 'parent_sid': 0, 'parent_cycle_id': 0, 'structure_path_id': 'H1.main >> M15.confluence', 'sub_sid': 2, 'started_by': 'reversal', 'start_trigger_idx': 2465}"
2439,STRUCTURE,CTS_UPDATED,0.57836,"{'via': 'replay_raw', 'cycle_id': 0, 'structure_id': 0, 'struct_direction': 1, 'timeframe': 'M15', 'use_case': 'reversal', 'parent_tf': 'H1', 'parent_sid': 0, 'parent_cycle_id': 0, 'structure_path_id': 'H1.main >> M15.confluence', 'sub_sid': 2, 'started_by': 'reversal', 'start_trigger_idx': 2465}"
2441,STRUCTURE,CTS_UPDATED,0.57838,"{'via': 'one_maru_opposite', 'cycle_id': 0, 'structure_id': 0, 'struct_direction': 1, 'timeframe': 'M15', 'use_case': 'reversal', 'parent_tf': 'H1', 'parent_sid': 0, 'parent_cycle_id': 0, 'structure_path_id': 'H1.main >> M15.confluence', 'sub_sid': 2, 'started_by': 'reversal', 'start_trigger_idx': 2465}"
2442,STRUCTURE,CTS_UPDATED,0.57842,"{'via': 'replay_raw', 'cycle_id': 0, 'structure_id': 0, 'struct_direction': 1, 'timeframe': 'M15', 'use_case': 'reversal', 'parent_tf': 'H1', 'parent_sid': 0, 'parent_cycle_id': 0, 'structure_path_id': 'H1.main >> M15.confluence', 'sub_sid': 2, 'started_by': 'reversal', 'start_trigger_idx': 2465}"
2443,STRUCTURE,CTS_UPDATED,0.5785,"{'via': 'replay_raw', 'cycle_id': 0, 'structure_id': 0, 'struct_direction': 1, 'timeframe': 'M15', 'use_case': 'reversal', 'parent_tf': 'H1', 'parent_sid': 0, 'parent_cycle_id': 0, 'structure_path_id': 'H1.main >> M15.confluence', 'sub_sid': 2, 'started_by': 'reversal', 'start_trigger_idx': 2465}"
2444,RANGE,RANGE_STARTED,,"{'start_idx': 127, 'confirm_idx': 129, 'hi': 0.5785, 'lo': 0.57792, 'cts_idx': 128, 'cts_price': 0.5785, 'structure_id': 0, 'struct_direction': 1, 'timeframe': 'M15', 'use_case': 'reversal', 'parent_tf': 'H1', 'parent_sid': 0, 'parent_cycle_id': 0, 'structure_path_id': 'H1.main >> M15.confluence', 'sub_sid': 2, 'started_by': 'reversal', 'start_trigger_idx': 2465}"
2444,STATE,STATE_CHANGED,,"{'from': 'breakout', 'to': 'range', 'structure_id': 0, 'struct_direction': 1, 'reason': 'range_confirmed', 'effective_idx': 127, 'timeframe': 'M15', 'use_case': 'reversal', 'parent_tf': 'H1', 'parent_sid': 0, 'parent_cycle_id': 0, 'structure_path_id': 'H1.main >> M15.confluence', 'sub_sid': 2, 'started_by': 'reversal', 'start_trigger_idx': 2465}"
2445,RANGE,RANGE_UPDATED,,"{'hi': 0.5785, 'lo': 0.5779, 'structure_id': 0, 'struct_direction': 1, 'timeframe': 'M15', 'use_case': 'reversal', 'parent_tf': 'H1', 'parent_sid': 0, 'parent_cycle_id': 0, 'structure_path_id': 'H1.main >> M15.confluence', 'sub_sid': 2, 'started_by': 'reversal', 'start_trigger_idx': 2465}"
2448,RANGE,RANGE_UPDATED,,"{'hi': 0.57863, 'lo': 0.5779, 'structure_id': 0, 'struct_direction': 1, 'timeframe': 'M15', 'use_case': 'reversal', 'parent_tf': 'H1', 'parent_sid': 0, 'parent_cycle_id': 0, 'structure_path_id': 'H1.main >> M15.confluence', 'sub_sid': 2, 'started_by': 'reversal', 'start_trigger_idx': 2465}"
2448,STRUCTURE,CTS_UPDATED,0.57863,"{'via': 'replay_raw', 'cycle_id': 0, 'structure_id': 0, 'struct_direction': 1, 'timeframe': 'M15', 'use_case': 'reversal', 'parent_tf': 'H1', 'parent_sid': 0, 'parent_cycle_id': 0, 'structure_path_id': 'H1.main >> M15.confluence', 'sub_sid': 2, 'started_by': 'reversal', 'start_trigger_idx': 2465}"
2449,RANGE,RANGE_UPDATED,,"{'hi': 0.57866, 'lo': 0.5779, 'structure_id': 0, 'struct_direction': 1, 'timeframe': 'M15', 'use_case': 'reversal', 'parent_tf': 'H1', 'parent_sid': 0, 'parent_cycle_id': 0, 'structure_path_id': 'H1.main >> M15.confluence', 'sub_sid': 2, 'started_by': 'reversal', 'start_trigger_idx': 2465}"
2449,STRUCTURE,CTS_UPDATED,0.57866,"{'via': 'replay_raw', 'cycle_id': 0, 'structure_id': 0, 'struct_direction': 1, 'timeframe': 'M15', 'use_case': 'reversal', 'parent_tf': 'H1', 'parent_sid': 0, 'parent_cycle_id': 0, 'structure_path_id': 'H1.main >> M15.confluence', 'sub_sid': 2, 'started_by': 'reversal', 'start_trigger_idx': 2465}"
2454,RANGE,RANGE_UPDATED,,"{'hi': 0.57871, 'lo': 0.5779, 'structure_id': 0, 'struct_direction': 1, 'timeframe': 'M15', 'use_case': 'reversal', 'parent_tf': 'H1', 'parent_sid': 0, 'parent_cycle_id': 0, 'structure_path_id': 'H1.main >> M15.confluence', 'sub_sid': 2, 'started_by': 'reversal', 'start_trigger_idx': 2465}"
2454,STRUCTURE,CTS_UPDATED,0.57871,"{'via': 'replay_raw', 'cycle_id': 0, 'structure_id': 0, 'struct_direction': 1, 'timeframe': 'M15', 'use_case': 'reversal', 'parent_tf': 'H1', 'parent_sid': 0, 'parent_cycle_id': 0, 'structure_path_id': 'H1.main >> M15.confluence', 'sub_sid': 2, 'started_by': 'reversal', 'start_trigger_idx': 2465}"
2455,RANGE,RANGE_UPDATED,,"{'hi': 0.57886, 'lo': 0.5779, 'structure_id': 0, 'struct_direction': 1, 'timeframe': 'M15', 'use_case': 'reversal', 'parent_tf': 'H1', 'parent_sid': 0, 'parent_cycle_id': 0, 'structure_path_id': 'H1.main >> M15.confluence', 'sub_sid': 2, 'started_by': 'reversal', 'start_trigger_idx': 2465}"
2455,STRUCTURE,CTS_UPDATED,0.57886,"{'via': 'replay_raw', 'cycle_id': 0, 'structure_id': 0, 'struct_direction': 1, 'timeframe': 'M15', 'use_case': 'reversal', 'parent_tf': 'H1', 'parent_sid': 0, 'parent_cycle_id': 0, 'structure_path_id': 'H1.main >> M15.confluence', 'sub_sid': 2, 'started_by': 'reversal', 'start_trigger_idx': 2465}"
2456,RANGE,RANGE_UPDATED,,"{'hi': 0.57897, 'lo': 0.5779, 'structure_id': 0, 'struct_direction': 1, 'timeframe': 'M15', 'use_case': 'reversal', 'parent_tf': 'H1', 'parent_sid': 0, 'parent_cycle_id': 0, 'structure_path_id': 'H1.main >> M15.confluence', 'sub_sid': 2, 'started_by': 'reversal', 'start_trigger_idx': 2465}"
2456,STRUCTURE,CTS_UPDATED,0.57897,"{'via': 'replay_raw', 'cycle_id': 0, 'structure_id': 0, 'struct_direction': 1, 'timeframe': 'M15', 'use_case': 'reversal', 'parent_tf': 'H1', 'parent_sid': 0, 'parent_cycle_id': 0, 'structure_path_id': 'H1.main >> M15.confluence', 'sub_sid': 2, 'started_by': 'reversal', 'start_trigger_idx': 2465}"
2460,STRUCTURE,CTS_UPDATED,0.57926,"{'via': 'replay_raw', 'cycle_id': 0, 'structure_id': 0, 'struct_direction': 1, 'timeframe': 'M15', 'use_case': 'reversal', 'parent_tf': 'H1', 'parent_sid': 0, 'parent_cycle_id': 0, 'structure_path_id': 'H1.main >> M15.confluence', 'sub_sid': 2, 'started_by': 'reversal', 'start_trigger_idx': 2465}"
2465,RANGE,RANGE_RESET,,"{'reason': 'range_breakout', 'pat': 'one_maru_opposite', 'structure_id': 0, 'struct_direction': 1, 'timeframe': 'M15', 'use_case': 'reversal', 'parent_tf': 'H1', 'parent_sid': 0, 'parent_cycle_id': 0, 'structure_path_id': 'H1.main >> M15.confluence', 'sub_sid': 2, 'started_by': 'reversal', 'start_trigger_idx': 2465}"
2465,STRUCTURE,CTS_UPDATED,0.5795,"{'via': 'one_maru_opposite', 'cycle_id': 0, 'structure_id': 0, 'struct_direction': 1, 'timeframe': 'M15', 'use_case': 'reversal', 'parent_tf': 'H1', 'parent_sid': 0, 'parent_cycle_id': 0, 'structure_path_id': 'H1.main >> M15.confluence', 'sub_sid': 2, 'started_by': 'reversal', 'start_trigger_idx': 2465}"
2465,STATE,STATE_CHANGED,,"{'from': 'range', 'to': 'breakout', 'structure_id': 0, 'struct_direction': 1, 'reason': 'breakout_pattern', 'pat': 'one_maru_opposite', 'effective_idx': 150, 'timeframe': 'M15', 'use_case': 'reversal', 'parent_tf': 'H1', 'parent_sid': 0, 'parent_cycle_id': 0, 'structure_path_id': 'H1.main >> M15.confluence', 'sub_sid': 2, 'started_by': 'reversal', 'start_trigger_idx': 2465}"
2466,STRUCTURE,CTS_UPDATED,0.57982,"{'via': 'replay_raw', 'cycle_id': 0, 'structure_id': 0, 'struct_direction': 1, 'timeframe': 'M15', 'use_case': 'reversal', 'parent_tf': 'H1', 'parent_sid': 0, 'parent_cycle_id': 0, 'structure_path_id': 'H1.main >> M15.confluence', 'sub_sid': 2, 'started_by': 'reversal', 'start_trigger_idx': 2465}"
2468,RANGE,RANGE_STARTED,,"{'start_idx': 151, 'confirm_idx': 153, 'hi': 0.57982, 'lo': 0.57925, 'cts_idx': 151, 'cts_price': 0.57982, 'structure_id': 0, 'struct_direction': 1, 'timeframe': 'M15', 'use_case': 'reversal', 'parent_tf': 'H1', 'parent_sid': 0, 'parent_cycle_id': 0, 'structure_path_id': 'H1.main >> M15.confluence', 'sub_sid': 2, 'started_by': 'reversal', 'start_trigger_idx': 2465}"
2468,STATE,STATE_CHANGED,,"{'from': 'breakout', 'to': 'range', 'structure_id': 0, 'struct_direction': 1, 'reason': 'range_confirmed', 'effective_idx': 151, 'timeframe': 'M15', 'use_case': 'reversal', 'parent_tf': 'H1', 'parent_sid': 0, 'parent_cycle_id': 0, 'structure_path_id': 'H1.main >> M15.confluence', 'sub_sid': 2, 'started_by': 'reversal', 'start_trigger_idx': 2465}"
2468,RANGE,RANGE_UPDATED,,"{'hi': 0.58, 'lo': 0.57925, 'structure_id': 0, 'struct_direction': 1, 'timeframe': 'M15', 'use_case': 'reversal', 'parent_tf': 'H1', 'parent_sid': 0, 'parent_cycle_id': 0, 'structure_path_id': 'H1.main >> M15.confluence', 'sub_sid': 2, 'started_by': 'reversal', 'start_trigger_idx': 2465}"
2468,STRUCTURE,CTS_UPDATED,0.58,"{'via': 'replay_raw', 'cycle_id': 0, 'structure_id': 0, 'struct_direction': 1, 'timeframe': 'M15', 'use_case': 'reversal', 'parent_tf': 'H1', 'parent_sid': 0, 'parent_cycle_id': 0, 'structure_path_id': 'H1.main >> M15.confluence', 'sub_sid': 2, 'started_by': 'reversal', 'start_trigger_idx': 2465}"
2478,RANGE,RANGE_UPDATED,,"{'hi': 0.58014, 'lo': 0.57925, 'structure_id': 0, 'struct_direction': 1, 'timeframe': 'M15', 'use_case': 'reversal', 'parent_tf': 'H1', 'parent_sid': 0, 'parent_cycle_id': 0, 'structure_path_id': 'H1.main >> M15.confluence', 'sub_sid': 2, 'started_by': 'reversal', 'start_trigger_idx': 2465}"
2478,STRUCTURE,CTS_UPDATED,0.58014,"{'via': 'replay_raw', 'cycle_id': 0, 'structure_id': 0, 'struct_direction': 1, 'timeframe': 'M15', 'use_case': 'reversal', 'parent_tf': 'H1', 'parent_sid': 0, 'parent_cycle_id': 0, 'structure_path_id': 'H1.main >> M15.confluence', 'sub_sid': 2, 'started_by': 'reversal', 'start_trigger_idx': 2465}"
2479,RANGE,RANGE_UPDATED,,"{'hi': 0.58016, 'lo': 0.57925, 'structure_id': 0, 'struct_direction': 1, 'timeframe': 'M15', 'use_case': 'reversal', 'parent_tf': 'H1', 'parent_sid': 0, 'parent_cycle_id': 0, 'structure_path_id': 'H1.main >> M15.confluence', 'sub_sid': 2, 'started_by': 'reversal', 'start_trigger_idx': 2465}"
2479,STRUCTURE,CTS_UPDATED,0.58016,"{'via': 'replay_raw', 'cycle_id': 0, 'structure_id': 0, 'struct_direction': 1, 'timeframe': 'M15', 'use_case': 'reversal', 'parent_tf': 'H1', 'parent_sid': 0, 'parent_cycle_id': 0, 'structure_path_id': 'H1.main >> M15.confluence', 'sub_sid': 2, 'started_by': 'reversal', 'start_trigger_idx': 2465}"
2482,RANGE,RANGE_UPDATED,,"{'hi': 0.58016, 'lo': 0.57924, 'structure_id': 0, 'struct_direction': 1, 'timeframe': 'M15', 'use_case': 'reversal', 'parent_tf': 'H1', 'parent_sid': 0, 'parent_cycle_id': 0, 'structure_path_id': 'H1.main >> M15.confluence', 'sub_sid': 2, 'started_by': 'reversal', 'start_trigger_idx': 2465}"
2484,RANGE,RANGE_UPDATED,,"{'hi': 0.58016, 'lo': 0.57922, 'structure_id': 0, 'struct_direction': 1, 'timeframe': 'M15', 'use_case': 'reversal', 'parent_tf': 'H1', 'parent_sid': 0, 'parent_cycle_id': 0, 'structure_path_id': 'H1.main >> M15.confluence', 'sub_sid': 2, 'started_by': 'reversal', 'start_trigger_idx': 2465}"
2485,RANGE,RANGE_UPDATED,,"{'hi': 0.58016, 'lo': 0.5792, 'structure_id': 0, 'struct_direction': 1, 'timeframe': 'M15', 'use_case': 'reversal', 'parent_tf': 'H1', 'parent_sid': 0, 'parent_cycle_id': 0, 'structure_path_id': 'H1.main >> M15.confluence', 'sub_sid': 2, 'started_by': 'reversal', 'start_trigger_idx': 2465}"
2496,RANGE,RANGE_UPDATED,,"{'hi': 0.58016, 'lo': 0.57894, 'structure_id': 0, 'struct_direction': 1, 'timeframe': 'M15', 'use_case': 'reversal', 'parent_tf': 'H1', 'parent_sid': 0, 'parent_cycle_id': 0, 'structure_path_id': 'H1.main >> M15.confluence', 'sub_sid': 2, 'started_by': 'reversal', 'start_trigger_idx': 2465}"
2497,RANGE,RANGE_UPDATED,,"{'hi': 0.58016, 'lo': 0.57878, 'structure_id': 0, 'struct_direction': 1, 'timeframe': 'M15', 'use_case': 'reversal', 'parent_tf': 'H1', 'parent_sid': 0, 'parent_cycle_id': 0, 'structure_path_id': 'H1.main >> M15.confluence', 'sub_sid': 2, 'started_by': 'reversal', 'start_trigger_idx': 2465}"
2504,STRUCTURE,CTS_UPDATED,0.58044,"{'via': 'replay_raw', 'cycle_id': 0, 'structure_id': 0, 'struct_direction': 1, 'timeframe': 'M15', 'use_case': 'reversal', 'parent_tf': 'H1', 'parent_sid': 0, 'parent_cycle_id': 0, 'structure_path_id': 'H1.main >> M15.confluence', 'sub_sid': 2, 'started_by': 'reversal', 'start_trigger_idx': 2465}"
2505,RANGE,RANGE_RESET,,"{'reason': 'range_breakout', 'pat': 'one_maru_continuous', 'structure_id': 0, 'struct_direction': 1, 'timeframe': 'M15', 'use_case': 'reversal', 'parent_tf': 'H1', 'parent_sid': 0, 'parent_cycle_id': 0, 'structure_path_id': 'H1.main >> M15.confluence', 'sub_sid': 2, 'started_by': 'reversal', 'start_trigger_idx': 2465}"
2505,STRUCTURE,CTS_UPDATED,0.58077,"{'via': 'one_maru_continuous', 'cycle_id': 0, 'structure_id': 0, 'struct_direction': 1, 'timeframe': 'M15', 'use_case': 'reversal', 'parent_tf': 'H1', 'parent_sid': 0, 'parent_cycle_id': 0, 'structure_path_id': 'H1.main >> M15.confluence', 'sub_sid': 2, 'started_by': 'reversal', 'start_trigger_idx': 2465}"
2505,STATE,STATE_CHANGED,,"{'from': 'range', 'to': 'breakout', 'structure_id': 0, 'struct_direction': 1, 'reason': 'breakout_pattern', 'pat': 'one_maru_continuous', 'effective_idx': 190, 'timeframe': 'M15', 'use_case': 'reversal', 'parent_tf': 'H1', 'parent_sid': 0, 'parent_cycle_id': 0, 'structure_path_id': 'H1.main >> M15.confluence', 'sub_sid': 2, 'started_by': 'reversal', 'start_trigger_idx': 2465}"
2506,STRUCTURE,CTS_UPDATED,0.58078,"{'via': 'replay_raw', 'cycle_id': 0, 'structure_id': 0, 'struct_direction': 1, 'timeframe': 'M15', 'use_case': 'reversal', 'parent_tf': 'H1', 'parent_sid': 0, 'parent_cycle_id': 0, 'structure_path_id': 'H1.main >> M15.confluence', 'sub_sid': 2, 'started_by': 'reversal', 'start_trigger_idx': 2465}"
2509,RANGE,RANGE_STARTED,,"{'start_idx': 191, 'confirm_idx': 194, 'hi': 0.58078, 'lo': 0.58034, 'cts_idx': 191, 'cts_price': 0.58078, 'structure_id': 0, 'struct_direction': 1, 'timeframe': 'M15', 'use_case': 'reversal', 'parent_tf': 'H1', 'parent_sid': 0, 'parent_cycle_id': 0, 'structure_path_id': 'H1.main >> M15.confluence', 'sub_sid': 2, 'started_by': 'reversal', 'start_trigger_idx': 2465}"
2509,STATE,STATE_CHANGED,,"{'from': 'breakout', 'to': 'range', 'structure_id': 0, 'struct_direction': 1, 'reason': 'range_confirmed', 'effective_idx': 191, 'timeframe': 'M15', 'use_case': 'reversal', 'parent_tf': 'H1', 'parent_sid': 0, 'parent_cycle_id': 0, 'structure_path_id': 'H1.main >> M15.confluence', 'sub_sid': 2, 'started_by': 'reversal', 'start_trigger_idx': 2465}"
2507,RANGE,RANGE_UPDATED,,"{'hi': 0.58078, 'lo': 0.58022, 'structure_id': 0, 'struct_direction': 1, 'timeframe': 'M15', 'use_case': 'reversal', 'parent_tf': 'H1', 'parent_sid': 0, 'parent_cycle_id': 0, 'structure_path_id': 'H1.main >> M15.confluence', 'sub_sid': 2, 'started_by': 'reversal', 'start_trigger_idx': 2465}"
2508,RANGE,RANGE_UPDATED,,"{'hi': 0.58078, 'lo': 0.58006, 'structure_id': 0, 'struct_direction': 1, 'timeframe': 'M15', 'use_case': 'reversal', 'parent_tf': 'H1', 'parent_sid': 0, 'parent_cycle_id': 0, 'structure_path_id': 'H1.main >> M15.confluence', 'sub_sid': 2, 'started_by': 'reversal', 'start_trigger_idx': 2465}"
2510,RANGE,RANGE_UPDATED,,"{'hi': 0.58098, 'lo': 0.58006, 'structure_id': 0, 'struct_direction': 1, 'timeframe': 'M15', 'use_case': 'reversal', 'parent_tf': 'H1', 'parent_sid': 0, 'parent_cycle_id': 0, 'structure_path_id': 'H1.main >> M15.confluence', 'sub_sid': 2, 'started_by': 'reversal', 'start_trigger_idx': 2465}"
2510,STRUCTURE,CTS_UPDATED,0.58098,"{'via': 'replay_raw', 'cycle_id': 0, 'structure_id': 0, 'struct_direction': 1, 'timeframe': 'M15', 'use_case': 'reversal', 'parent_tf': 'H1', 'parent_sid': 0, 'parent_cycle_id': 0, 'structure_path_id': 'H1.main >> M15.confluence', 'sub_sid': 2, 'started_by': 'reversal', 'start_trigger_idx': 2465}"
2512,STRUCTURE,CTS_UPDATED,0.58139,"{'via': 'replay_raw', 'cycle_id': 0, 'structure_id': 0, 'struct_direction': 1, 'timeframe': 'M15', 'use_case': 'reversal', 'parent_tf': 'H1', 'parent_sid': 0, 'parent_cycle_id': 0, 'structure_path_id': 'H1.main >> M15.confluence', 'sub_sid': 2, 'started_by': 'reversal', 'start_trigger_idx': 2465}"
2513,RANGE,RANGE_RESET,,"{'reason': 'range_breakout', 'pat': 'one_maru_continuous', 'structure_id': 0, 'struct_direction': 1, 'timeframe': 'M15', 'use_case': 'reversal', 'parent_tf': 'H1', 'parent_sid': 0, 'parent_cycle_id': 0, 'structure_path_id': 'H1.main >> M15.confluence', 'sub_sid': 2, 'started_by': 'reversal', 'start_trigger_idx': 2465}"
2513,STRUCTURE,CTS_UPDATED,0.58152,"{'via': 'one_maru_continuous', 'cycle_id': 0, 'structure_id': 0, 'struct_direction': 1, 'timeframe': 'M15', 'use_case': 'reversal', 'parent_tf': 'H1', 'parent_sid': 0, 'parent_cycle_id': 0, 'structure_path_id': 'H1.main >> M15.confluence', 'sub_sid': 2, 'started_by': 'reversal', 'start_trigger_idx': 2465}"
2513,STATE,STATE_CHANGED,,"{'from': 'range', 'to': 'breakout', 'structure_id': 0, 'struct_direction': 1, 'reason': 'breakout_pattern', 'pat': 'one_maru_continuous', 'effective_idx': 198, 'timeframe': 'M15', 'use_case': 'reversal', 'parent_tf': 'H1', 'parent_sid': 0, 'parent_cycle_id': 0, 'structure_path_id': 'H1.main >> M15.confluence', 'sub_sid': 2, 'started_by': 'reversal', 'start_trigger_idx': 2465}"
2514,STRUCTURE,CTS_UPDATED,0.58168,"{'via': 'replay_raw', 'cycle_id': 0, 'structure_id': 0, 'struct_direction': 1, 'timeframe': 'M15', 'use_case': 'reversal', 'parent_tf': 'H1', 'parent_sid': 0, 'parent_cycle_id': 0, 'structure_path_id': 'H1.main >> M15.confluence', 'sub_sid': 2, 'started_by': 'reversal', 'start_trigger_idx': 2465}"
2515,STRUCTURE,CTS_UPDATED,0.58169,"{'via': 'replay_raw', 'cycle_id': 0, 'structure_id': 0, 'struct_direction': 1, 'timeframe': 'M15', 'use_case': 'reversal', 'parent_tf': 'H1', 'parent_sid': 0, 'parent_cycle_id': 0, 'structure_path_id': 'H1.main >> M15.confluence', 'sub_sid': 2, 'started_by': 'reversal', 'start_trigger_idx': 2465}"
2516,RANGE,RANGE_STARTED,,"{'start_idx': 198, 'confirm_idx': 201, 'hi': 0.58169, 'lo': 0.58124, 'cts_idx': 200, 'cts_price': 0.58169, 'structure_id': 0, 'struct_direction': 1, 'timeframe': 'M15', 'use_case': 'reversal', 'parent_tf': 'H1', 'parent_sid': 0, 'parent_cycle_id': 0, 'structure_path_id': 'H1.main >> M15.confluence', 'sub_sid': 2, 'started_by': 'reversal', 'start_trigger_idx': 2465}"
2516,STATE,STATE_CHANGED,,"{'from': 'breakout', 'to': 'range', 'structure_id': 0, 'struct_direction': 1, 'reason': 'range_confirmed', 'effective_idx': 198, 'timeframe': 'M15', 'use_case': 'reversal', 'parent_tf': 'H1', 'parent_sid': 0, 'parent_cycle_id': 0, 'structure_path_id': 'H1.main >> M15.confluence', 'sub_sid': 2, 'started_by': 'reversal', 'start_trigger_idx': 2465}"
2517,RANGE,RANGE_UPDATED,,"{'hi': 0.58169, 'lo': 0.58104, 'structure_id': 0, 'struct_direction': 1, 'timeframe': 'M15', 'use_case': 'reversal', 'parent_tf': 'H1', 'parent_sid': 0, 'parent_cycle_id': 0, 'structure_path_id': 'H1.main >> M15.confluence', 'sub_sid': 2, 'started_by': 'reversal', 'start_trigger_idx': 2465}"
2530,RANGE,RANGE_UPDATED,,"{'hi': 0.58169, 'lo': 0.5808, 'structure_id': 0, 'struct_direction': 1, 'timeframe': 'M15', 'use_case': 'reversal', 'parent_tf': 'H1', 'parent_sid': 0, 'parent_cycle_id': 0, 'structure_path_id': 'H1.main >> M15.confluence', 'sub_sid': 2, 'started_by': 'reversal', 'start_trigger_idx': 2465}"
2532,RANGE,RANGE_UPDATED,,"{'hi': 0.58196, 'lo': 0.5808, 'structure_id': 0, 'struct_direction': 1, 'timeframe': 'M15', 'use_case': 'reversal', 'parent_tf': 'H1', 'parent_sid': 0, 'parent_cycle_id': 0, 'structure_path_id': 'H1.main >> M15.confluence', 'sub_sid': 2, 'started_by': 'reversal', 'start_trigger_idx': 2465}"
2532,STRUCTURE,CTS_UPDATED,0.58196,"{'via': 'replay_raw', 'cycle_id': 0, 'structure_id': 0, 'struct_direction': 1, 'timeframe': 'M15', 'use_case': 'reversal', 'parent_tf': 'H1', 'parent_sid': 0, 'parent_cycle_id': 0, 'structure_path_id': 'H1.main >> M15.confluence', 'sub_sid': 2, 'started_by': 'reversal', 'start_trigger_idx': 2465}"
2533,RANGE,RANGE_UPDATED,,"{'hi': 0.58197, 'lo': 0.5808, 'structure_id': 0, 'struct_direction': 1, 'timeframe': 'M15', 'use_case': 'reversal', 'parent_tf': 'H1', 'parent_sid': 0, 'parent_cycle_id': 0, 'structure_path_id': 'H1.main >> M15.confluence', 'sub_sid': 2, 'started_by': 'reversal', 'start_trigger_idx': 2465}"
2533,STRUCTURE,CTS_UPDATED,0.58197,"{'via': 'replay_raw', 'cycle_id': 0, 'structure_id': 0, 'struct_direction': 1, 'timeframe': 'M15', 'use_case': 'reversal', 'parent_tf': 'H1', 'parent_sid': 0, 'parent_cycle_id': 0, 'structure_path_id': 'H1.main >> M15.confluence', 'sub_sid': 2, 'started_by': 'reversal', 'start_trigger_idx': 2465}"
2534,RANGE,RANGE_UPDATED,,"{'hi': 0.58214, 'lo': 0.5808, 'structure_id': 0, 'struct_direction': 1, 'timeframe': 'M15', 'use_case': 'reversal', 'parent_tf': 'H1', 'parent_sid': 0, 'parent_cycle_id': 0, 'structure_path_id': 'H1.main >> M15.confluence', 'sub_sid': 2, 'started_by': 'reversal', 'start_trigger_idx': 2465}"
2534,STRUCTURE,CTS_UPDATED,0.58214,"{'via': 'replay_raw', 'cycle_id': 0, 'structure_id': 0, 'struct_direction': 1, 'timeframe': 'M15', 'use_case': 'reversal', 'parent_tf': 'H1', 'parent_sid': 0, 'parent_cycle_id': 0, 'structure_path_id': 'H1.main >> M15.confluence', 'sub_sid': 2, 'started_by': 'reversal', 'start_trigger_idx': 2465}"
2535,RANGE,RANGE_UPDATED,,"{'hi': 0.58227, 'lo': 0.5808, 'structure_id': 0, 'struct_direction': 1, 'timeframe': 'M15', 'use_case': 'reversal', 'parent_tf': 'H1', 'parent_sid': 0, 'parent_cycle_id': 0, 'structure_path_id': 'H1.main >> M15.confluence', 'sub_sid': 2, 'started_by': 'reversal', 'start_trigger_idx': 2465}"
2535,STRUCTURE,CTS_UPDATED,0.58227,"{'via': 'replay_raw', 'cycle_id': 0, 'structure_id': 0, 'struct_direction': 1, 'timeframe': 'M15', 'use_case': 'reversal', 'parent_tf': 'H1', 'parent_sid': 0, 'parent_cycle_id': 0, 'structure_path_id': 'H1.main >> M15.confluence', 'sub_sid': 2, 'started_by': 'reversal', 'start_trigger_idx': 2465}"
2536,STRUCTURE,CTS_UPDATED,0.58277,"{'via': 'replay_raw', 'cycle_id': 0, 'structure_id': 0, 'struct_direction': 1, 'timeframe': 'M15', 'use_case': 'reversal', 'parent_tf': 'H1', 'parent_sid': 0, 'parent_cycle_id': 0, 'structure_path_id': 'H1.main >> M15.confluence', 'sub_sid': 2, 'started_by': 'reversal', 'start_trigger_idx': 2465}"
2537,RANGE,RANGE_RESET,,"{'reason': 'range_breakout', 'pat': 'one_maru_continuous', 'structure_id': 0, 'struct_direction': 1, 'timeframe': 'M15', 'use_case': 'reversal', 'parent_tf': 'H1', 'parent_sid': 0, 'parent_cycle_id': 0, 'structure_path_id': 'H1.main >> M15.confluence', 'sub_sid': 2, 'started_by': 'reversal', 'start_trigger_idx': 2465}"
2537,STRUCTURE,CTS_UPDATED,0.58298,"{'via': 'one_maru_continuous', 'cycle_id': 0, 'structure_id': 0, 'struct_direction': 1, 'timeframe': 'M15', 'use_case': 'reversal', 'parent_tf': 'H1', 'parent_sid': 0, 'parent_cycle_id': 0, 'structure_path_id': 'H1.main >> M15.confluence', 'sub_sid': 2, 'started_by': 'reversal', 'start_trigger_idx': 2465}"
2537,STATE,STATE_CHANGED,,"{'from': 'range', 'to': 'breakout', 'structure_id': 0, 'struct_direction': 1, 'reason': 'breakout_pattern', 'pat': 'one_maru_continuous', 'effective_idx': 222, 'timeframe': 'M15', 'use_case': 'reversal', 'parent_tf': 'H1', 'parent_sid': 0, 'parent_cycle_id': 0, 'structure_path_id': 'H1.main >> M15.confluence', 'sub_sid': 2, 'started_by': 'reversal', 'start_trigger_idx': 2465}"
2538,STRUCTURE,CTS_UPDATED,0.58308,"{'via': 'replay_raw', 'cycle_id': 0, 'structure_id': 0, 'struct_direction': 1, 'timeframe': 'M15', 'use_case': 'reversal', 'parent_tf': 'H1', 'parent_sid': 0, 'parent_cycle_id': 0, 'structure_path_id': 'H1.main >> M15.confluence', 'sub_sid': 2, 'started_by': 'reversal', 'start_trigger_idx': 2465}"
2539,STRUCTURE,CTS_UPDATED,0.58328,"{'via': 'replay_raw', 'cycle_id': 0, 'structure_id': 0, 'struct_direction': 1, 'timeframe': 'M15', 'use_case': 'reversal', 'parent_tf': 'H1', 'parent_sid': 0, 'parent_cycle_id': 0, 'structure_path_id': 'H1.main >> M15.confluence', 'sub_sid': 2, 'started_by': 'reversal', 'start_trigger_idx': 2465}"
2540,STRUCTURE,CTS_UPDATED,0.58374,"{'via': 'replay_raw', 'cycle_id': 0, 'structure_id': 0, 'struct_direction': 1, 'timeframe': 'M15', 'use_case': 'reversal', 'parent_tf': 'H1', 'parent_sid': 0, 'parent_cycle_id': 0, 'structure_path_id': 'H1.main >> M15.confluence', 'sub_sid': 2, 'started_by': 'reversal', 'start_trigger_idx': 2465}"
2543,STRUCTURE,CTS_UPDATED,0.58381,"{'via': 'continuous', 'cycle_id': 0, 'structure_id': 0, 'struct_direction': 1, 'timeframe': 'M15', 'use_case': 'reversal', 'parent_tf': 'H1', 'parent_sid': 0, 'parent_cycle_id': 0, 'structure_path_id': 'H1.main >> M15.confluence', 'sub_sid': 2, 'started_by': 'reversal', 'start_trigger_idx': 2465}"
2544,STRUCTURE,CTS_UPDATED,0.58394,"{'via': 'replay_raw', 'cycle_id': 0, 'structure_id': 0, 'struct_direction': 1, 'timeframe': 'M15', 'use_case': 'reversal', 'parent_tf': 'H1', 'parent_sid': 0, 'parent_cycle_id': 0, 'structure_path_id': 'H1.main >> M15.confluence', 'sub_sid': 2, 'started_by': 'reversal', 'start_trigger_idx': 2465}"
2545,STRUCTURE,CTS_UPDATED,0.58404,"{'via': 'replay_raw', 'cycle_id': 0, 'structure_id': 0, 'struct_direction': 1, 'timeframe': 'M15', 'use_case': 'reversal', 'parent_tf': 'H1', 'parent_sid': 0, 'parent_cycle_id': 0, 'structure_path_id': 'H1.main >> M15.confluence', 'sub_sid': 2, 'started_by': 'reversal', 'start_trigger_idx': 2465}"
2547,STRUCTURE,CTS_UPDATED,0.58412,"{'via': 'replay_raw', 'cycle_id': 0, 'structure_id': 0, 'struct_direction': 1, 'timeframe': 'M15', 'use_case': 'reversal', 'parent_tf': 'H1', 'parent_sid': 0, 'parent_cycle_id': 0, 'structure_path_id': 'H1.main >> M15.confluence', 'sub_sid': 2, 'started_by': 'reversal', 'start_trigger_idx': 2465}"
2405,STRUCTURE,CTS_ESTABLISHED,0.57566,"{'via': 'one_maru_continuous', 'anchor_idx': 2404, 'pattern_name': 'one_maru_continuous', 'confirmed_at': 2405, 'cycle_id': 0, 'structure_id': 0, 'struct_direction': 1, 'timeframe': 'M15', 'use_case': 'first_confluence', 'parent_tf': 'H1', 'parent_sid': 0, 'parent_cycle_id': 1, 'structure_path_id': 'H1.main >> M15.confluence', 'sub_sid': 0, 'started_by': 'first_confluence', 'start_trigger_idx': 2403}"
2403,STRUCTURE,BOS_CONFIRMED,0.57464,"{'source': 'initial_prior_extreme', 'confirmed_at': 2405, 'pb_start': None, 'cycle_id': 0, 'structure_id': 0, 'struct_direction': 1, 'timeframe': 'M15', 'use_case': 'first_confluence', 'parent_tf': 'H1', 'parent_sid': 0, 'parent_cycle_id': 1, 'structure_path_id': 'H1.main >> M15.confluence', 'sub_sid': 0, 'started_by': 'first_confluence', 'start_trigger_idx': 2403}"
2405,STATE,STATE_CHANGED,,"{'from': 'none', 'to': 'breakout', 'structure_id': 0, 'struct_direction': 1, 'reason': 'breakout_pattern', 'pat': 'one_maru_continuous', 'effective_idx': 52, 'timeframe': 'M15', 'use_case': 'first_confluence', 'parent_tf': 'H1', 'parent_sid': 0, 'parent_cycle_id': 1, 'structure_path_id': 'H1.main >> M15.confluence', 'sub_sid': 0, 'started_by': 'first_confluence', 'start_trigger_idx': 2403}"
2406,STRUCTURE,CTS_UPDATED,0.57573,"{'via': 'replay_raw', 'cycle_id': 0, 'structure_id': 0, 'struct_direction': 1, 'timeframe': 'M15', 'use_case': 'first_confluence', 'parent_tf': 'H1', 'parent_sid': 0, 'parent_cycle_id': 1, 'structure_path_id': 'H1.main >> M15.confluence', 'sub_sid': 0, 'started_by': 'first_confluence', 'start_trigger_idx': 2403}"
2407,STRUCTURE,CTS_UPDATED,0.57574,"{'via': 'replay_raw', 'cycle_id': 0, 'structure_id': 0, 'struct_direction': 1, 'timeframe': 'M15', 'use_case': 'first_confluence', 'parent_tf': 'H1', 'parent_sid': 0, 'parent_cycle_id': 1, 'structure_path_id': 'H1.main >> M15.confluence', 'sub_sid': 0, 'started_by': 'first_confluence', 'start_trigger_idx': 2403}"
2408,STRUCTURE,CTS_UPDATED,0.576,"{'via': 'replay_raw', 'cycle_id': 0, 'structure_id': 0, 'struct_direction': 1, 'timeframe': 'M15', 'use_case': 'first_confluence', 'parent_tf': 'H1', 'parent_sid': 0, 'parent_cycle_id': 1, 'structure_path_id': 'H1.main >> M15.confluence', 'sub_sid': 0, 'started_by': 'first_confluence', 'start_trigger_idx': 2403}"
2409,STRUCTURE,CTS_UPDATED,0.57628,"{'via': 'replay_raw', 'cycle_id': 0, 'structure_id': 0, 'struct_direction': 1, 'timeframe': 'M15', 'use_case': 'first_confluence', 'parent_tf': 'H1', 'parent_sid': 0, 'parent_cycle_id': 1, 'structure_path_id': 'H1.main >> M15.confluence', 'sub_sid': 0, 'started_by': 'first_confluence', 'start_trigger_idx': 2403}"
2410,STRUCTURE,CTS_UPDATED,0.5763,"{'via': 'replay_raw', 'cycle_id': 0, 'structure_id': 0, 'struct_direction': 1, 'timeframe': 'M15', 'use_case': 'first_confluence', 'parent_tf': 'H1', 'parent_sid': 0, 'parent_cycle_id': 1, 'structure_path_id': 'H1.main >> M15.confluence', 'sub_sid': 0, 'started_by': 'first_confluence', 'start_trigger_idx': 2403}"
2411,STRUCTURE,CTS_UPDATED,0.57648,"{'via': 'continuous', 'cycle_id': 0, 'structure_id': 0, 'struct_direction': 1, 'timeframe': 'M15', 'use_case': 'first_confluence', 'parent_tf': 'H1', 'parent_sid': 0, 'parent_cycle_id': 1, 'structure_path_id': 'H1.main >> M15.confluence', 'sub_sid': 0, 'started_by': 'first_confluence', 'start_trigger_idx': 2403}"
2412,STRUCTURE,CTS_UPDATED,0.57696,"{'via': 'replay_raw', 'cycle_id': 0, 'structure_id': 0, 'struct_direction': 1, 'timeframe': 'M15', 'use_case': 'first_confluence', 'parent_tf': 'H1', 'parent_sid': 0, 'parent_cycle_id': 1, 'structure_path_id': 'H1.main >> M15.confluence', 'sub_sid': 0, 'started_by': 'first_confluence', 'start_trigger_idx': 2403}"
2416,RANGE,RANGE_STARTED,,"{'start_idx': 60, 'confirm_idx': 63, 'hi': 0.57696, 'lo': 0.57641, 'cts_idx': 59, 'cts_price': 0.57696, 'structure_id': 0, 'struct_direction': 1, 'timeframe': 'M15', 'use_case': 'first_confluence', 'parent_tf': 'H1', 'parent_sid': 0, 'parent_cycle_id': 1, 'structure_path_id': 'H1.main >> M15.confluence', 'sub_sid': 0, 'started_by': 'first_confluence', 'start_trigger_idx': 2403}"
2416,STATE,STATE_CHANGED,,"{'from': 'breakout', 'to': 'range', 'structure_id': 0, 'struct_direction': 1, 'reason': 'range_confirmed', 'effective_idx': 60, 'timeframe': 'M15', 'use_case': 'first_confluence', 'parent_tf': 'H1', 'parent_sid': 0, 'parent_cycle_id': 1, 'structure_path_id': 'H1.main >> M15.confluence', 'sub_sid': 0, 'started_by': 'first_confluence', 'start_trigger_idx': 2403}"
2414,RANGE,RANGE_UPDATED,,"{'hi': 0.57696, 'lo': 0.57638, 'structure_id': 0, 'struct_direction': 1, 'timeframe': 'M15', 'use_case': 'first_confluence', 'parent_tf': 'H1', 'parent_sid': 0, 'parent_cycle_id': 1, 'structure_path_id': 'H1.main >> M15.confluence', 'sub_sid': 0, 'started_by': 'first_confluence', 'start_trigger_idx': 2403}"
2415,RANGE,RANGE_UPDATED,,"{'hi': 0.57696, 'lo': 0.576, 'structure_id': 0, 'struct_direction': 1, 'timeframe': 'M15', 'use_case': 'first_confluence', 'parent_tf': 'H1', 'parent_sid': 0, 'parent_cycle_id': 1, 'structure_path_id': 'H1.main >> M15.confluence', 'sub_sid': 0, 'started_by': 'first_confluence', 'start_trigger_idx': 2403}"
2418,RANGE,RANGE_UPDATED,,"{'hi': 0.57704, 'lo': 0.576, 'structure_id': 0, 'struct_direction': 1, 'timeframe': 'M15', 'use_case': 'first_confluence', 'parent_tf': 'H1', 'parent_sid': 0, 'parent_cycle_id': 1, 'structure_path_id': 'H1.main >> M15.confluence', 'sub_sid': 0, 'started_by': 'first_confluence', 'start_trigger_idx': 2403}"
2418,STRUCTURE,CTS_UPDATED,0.57704,"{'via': 'replay_raw', 'cycle_id': 0, 'structure_id': 0, 'struct_direction': 1, 'timeframe': 'M15', 'use_case': 'first_confluence', 'parent_tf': 'H1', 'parent_sid': 0, 'parent_cycle_id': 1, 'structure_path_id': 'H1.main >> M15.confluence', 'sub_sid': 0, 'started_by': 'first_confluence', 'start_trigger_idx': 2403}"
2420,RANGE,RANGE_UPDATED,,"{'hi': 0.57714, 'lo': 0.576, 'structure_id': 0, 'struct_direction': 1, 'timeframe': 'M15', 'use_case': 'first_confluence', 'parent_tf': 'H1', 'parent_sid': 0, 'parent_cycle_id': 1, 'structure_path_id': 'H1.main >> M15.confluence', 'sub_sid': 0, 'started_by': 'first_confluence', 'start_trigger_idx': 2403}"
2420,STRUCTURE,CTS_UPDATED,0.57714,"{'via': 'replay_raw', 'cycle_id': 0, 'structure_id': 0, 'struct_direction': 1, 'timeframe': 'M15', 'use_case': 'first_confluence', 'parent_tf': 'H1', 'parent_sid': 0, 'parent_cycle_id': 1, 'structure_path_id': 'H1.main >> M15.confluence', 'sub_sid': 0, 'started_by': 'first_confluence', 'start_trigger_idx': 2403}"
2421,RANGE,RANGE_UPDATED,,"{'hi': 0.57716, 'lo': 0.576, 'structure_id': 0, 'struct_direction': 1, 'timeframe': 'M15', 'use_case': 'first_confluence', 'parent_tf': 'H1', 'parent_sid': 0, 'parent_cycle_id': 1, 'structure_path_id': 'H1.main >> M15.confluence', 'sub_sid': 0, 'started_by': 'first_confluence', 'start_trigger_idx': 2403}"
2421,STRUCTURE,CTS_UPDATED,0.57716,"{'via': 'replay_raw', 'cycle_id': 0, 'structure_id': 0, 'struct_direction': 1, 'timeframe': 'M15', 'use_case': 'first_confluence', 'parent_tf': 'H1', 'parent_sid': 0, 'parent_cycle_id': 1, 'structure_path_id': 'H1.main >> M15.confluence', 'sub_sid': 0, 'started_by': 'first_confluence', 'start_trigger_idx': 2403}"
2436,STRUCTURE,CTS_UPDATED,0.5773,"{'via': 'replay_raw', 'cycle_id': 0, 'structure_id': 0, 'struct_direction': 1, 'timeframe': 'M15', 'use_case': 'first_confluence', 'parent_tf': 'H1', 'parent_sid': 0, 'parent_cycle_id': 1, 'structure_path_id': 'H1.main >> M15.confluence', 'sub_sid': 0, 'started_by': 'first_confluence', 'start_trigger_idx': 2403}"
2437,RANGE,RANGE_RESET,,"{'reason': 'range_breakout', 'pat': 'double_maru', 'structure_id': 0, 'struct_direction': 1, 'timeframe': 'M15', 'use_case': 'first_confluence', 'parent_tf': 'H1', 'parent_sid': 0, 'parent_cycle_id': 1, 'structure_path_id': 'H1.main >> M15.confluence', 'sub_sid': 0, 'started_by': 'first_confluence', 'start_trigger_idx': 2403}"
2437,STRUCTURE,CTS_UPDATED,0.57763,"{'via': 'double_maru', 'cycle_id': 0, 'structure_id': 0, 'struct_direction': 1, 'timeframe': 'M15', 'use_case': 'first_confluence', 'parent_tf': 'H1', 'parent_sid': 0, 'parent_cycle_id': 1, 'structure_path_id': 'H1.main >> M15.confluence', 'sub_sid': 0, 'started_by': 'first_confluence', 'start_trigger_idx': 2403}"
2437,STATE,STATE_CHANGED,,"{'from': 'range', 'to': 'breakout', 'structure_id': 0, 'struct_direction': 1, 'reason': 'breakout_pattern', 'pat': 'double_maru', 'effective_idx': 84, 'timeframe': 'M15', 'use_case': 'first_confluence', 'parent_tf': 'H1', 'parent_sid': 0, 'parent_cycle_id': 1, 'structure_path_id': 'H1.main >> M15.confluence', 'sub_sid': 0, 'started_by': 'first_confluence', 'start_trigger_idx': 2403}"
2438,STRUCTURE,CTS_UPDATED,0.57804,"{'via': 'replay_raw', 'cycle_id': 0, 'structure_id': 0, 'struct_direction': 1, 'timeframe': 'M15', 'use_case': 'first_confluence', 'parent_tf': 'H1', 'parent_sid': 0, 'parent_cycle_id': 1, 'structure_path_id': 'H1.main >> M15.confluence', 'sub_sid': 0, 'started_by': 'first_confluence', 'start_trigger_idx': 2403}"
2439,STRUCTURE,CTS_UPDATED,0.57836,"{'via': 'replay_raw', 'cycle_id': 0, 'structure_id': 0, 'struct_direction': 1, 'timeframe': 'M15', 'use_case': 'first_confluence', 'parent_tf': 'H1', 'parent_sid': 0, 'parent_cycle_id': 1, 'structure_path_id': 'H1.main >> M15.confluence', 'sub_sid': 0, 'started_by': 'first_confluence', 'start_trigger_idx': 2403}"
2441,STRUCTURE,CTS_UPDATED,0.57838,"{'via': 'one_maru_opposite', 'cycle_id': 0, 'structure_id': 0, 'struct_direction': 1, 'timeframe': 'M15', 'use_case': 'first_confluence', 'parent_tf': 'H1', 'parent_sid': 0, 'parent_cycle_id': 1, 'structure_path_id': 'H1.main >> M15.confluence', 'sub_sid': 0, 'started_by': 'first_confluence', 'start_trigger_idx': 2403}"
2442,STRUCTURE,CTS_UPDATED,0.57842,"{'via': 'replay_raw', 'cycle_id': 0, 'structure_id': 0, 'struct_direction': 1, 'timeframe': 'M15', 'use_case': 'first_confluence', 'parent_tf': 'H1', 'parent_sid': 0, 'parent_cycle_id': 1, 'structure_path_id': 'H1.main >> M15.confluence', 'sub_sid': 0, 'started_by': 'first_confluence', 'start_trigger_idx': 2403}"
2443,STRUCTURE,CTS_UPDATED,0.5785,"{'via': 'replay_raw', 'cycle_id': 0, 'structure_id': 0, 'struct_direction': 1, 'timeframe': 'M15', 'use_case': 'first_confluence', 'parent_tf': 'H1', 'parent_sid': 0, 'parent_cycle_id': 1, 'structure_path_id': 'H1.main >> M15.confluence', 'sub_sid': 0, 'started_by': 'first_confluence', 'start_trigger_idx': 2403}"
2444,RANGE,RANGE_STARTED,,"{'start_idx': 89, 'confirm_idx': 91, 'hi': 0.5785, 'lo': 0.57792, 'cts_idx': 90, 'cts_price': 0.5785, 'structure_id': 0, 'struct_direction': 1, 'timeframe': 'M15', 'use_case': 'first_confluence', 'parent_tf': 'H1', 'parent_sid': 0, 'parent_cycle_id': 1, 'structure_path_id': 'H1.main >> M15.confluence', 'sub_sid': 0, 'started_by': 'first_confluence', 'start_trigger_idx': 2403}"
2444,STATE,STATE_CHANGED,,"{'from': 'breakout', 'to': 'range', 'structure_id': 0, 'struct_direction': 1, 'reason': 'range_confirmed', 'effective_idx': 89, 'timeframe': 'M15', 'use_case': 'first_confluence', 'parent_tf': 'H1', 'parent_sid': 0, 'parent_cycle_id': 1, 'structure_path_id': 'H1.main >> M15.confluence', 'sub_sid': 0, 'started_by': 'first_confluence', 'start_trigger_idx': 2403}"
2445,RANGE,RANGE_UPDATED,,"{'hi': 0.5785, 'lo': 0.5779, 'structure_id': 0, 'struct_direction': 1, 'timeframe': 'M15', 'use_case': 'first_confluence', 'parent_tf': 'H1', 'parent_sid': 0, 'parent_cycle_id': 1, 'structure_path_id': 'H1.main >> M15.confluence', 'sub_sid': 0, 'started_by': 'first_confluence', 'start_trigger_idx': 2403}"
2448,RANGE,RANGE_UPDATED,,"{'hi': 0.57863, 'lo': 0.5779, 'structure_id': 0, 'struct_direction': 1, 'timeframe': 'M15', 'use_case': 'first_confluence', 'parent_tf': 'H1', 'parent_sid': 0, 'parent_cycle_id': 1, 'structure_path_id': 'H1.main >> M15.confluence', 'sub_sid': 0, 'started_by': 'first_confluence', 'start_trigger_idx': 2403}"
2448,STRUCTURE,CTS_UPDATED,0.57863,"{'via': 'replay_raw', 'cycle_id': 0, 'structure_id': 0, 'struct_direction': 1, 'timeframe': 'M15', 'use_case': 'first_confluence', 'parent_tf': 'H1', 'parent_sid': 0, 'parent_cycle_id': 1, 'structure_path_id': 'H1.main >> M15.confluence', 'sub_sid': 0, 'started_by': 'first_confluence', 'start_trigger_idx': 2403}"
2449,RANGE,RANGE_UPDATED,,"{'hi': 0.57866, 'lo': 0.5779, 'structure_id': 0, 'struct_direction': 1, 'timeframe': 'M15', 'use_case': 'first_confluence', 'parent_tf': 'H1', 'parent_sid': 0, 'parent_cycle_id': 1, 'structure_path_id': 'H1.main >> M15.confluence', 'sub_sid': 0, 'started_by': 'first_confluence', 'start_trigger_idx': 2403}"
2449,STRUCTURE,CTS_UPDATED,0.57866,"{'via': 'replay_raw', 'cycle_id': 0, 'structure_id': 0, 'struct_direction': 1, 'timeframe': 'M15', 'use_case': 'first_confluence', 'parent_tf': 'H1', 'parent_sid': 0, 'parent_cycle_id': 1, 'structure_path_id': 'H1.main >> M15.confluence', 'sub_sid': 0, 'started_by': 'first_confluence', 'start_trigger_idx': 2403}"
2454,RANGE,RANGE_UPDATED,,"{'hi': 0.57871, 'lo': 0.5779, 'structure_id': 0, 'struct_direction': 1, 'timeframe': 'M15', 'use_case': 'first_confluence', 'parent_tf': 'H1', 'parent_sid': 0, 'parent_cycle_id': 1, 'structure_path_id': 'H1.main >> M15.confluence', 'sub_sid': 0, 'started_by': 'first_confluence', 'start_trigger_idx': 2403}"
2454,STRUCTURE,CTS_UPDATED,0.57871,"{'via': 'replay_raw', 'cycle_id': 0, 'structure_id': 0, 'struct_direction': 1, 'timeframe': 'M15', 'use_case': 'first_confluence', 'parent_tf': 'H1', 'parent_sid': 0, 'parent_cycle_id': 1, 'structure_path_id': 'H1.main >> M15.confluence', 'sub_sid': 0, 'started_by': 'first_confluence', 'start_trigger_idx': 2403}"
2455,RANGE,RANGE_UPDATED,,"{'hi': 0.57886, 'lo': 0.5779, 'structure_id': 0, 'struct_direction': 1, 'timeframe': 'M15', 'use_case': 'first_confluence', 'parent_tf': 'H1', 'parent_sid': 0, 'parent_cycle_id': 1, 'structure_path_id': 'H1.main >> M15.confluence', 'sub_sid': 0, 'started_by': 'first_confluence', 'start_trigger_idx': 2403}"
2455,STRUCTURE,CTS_UPDATED,0.57886,"{'via': 'replay_raw', 'cycle_id': 0, 'structure_id': 0, 'struct_direction': 1, 'timeframe': 'M15', 'use_case': 'first_confluence', 'parent_tf': 'H1', 'parent_sid': 0, 'parent_cycle_id': 1, 'structure_path_id': 'H1.main >> M15.confluence', 'sub_sid': 0, 'started_by': 'first_confluence', 'start_trigger_idx': 2403}"
2456,RANGE,RANGE_UPDATED,,"{'hi': 0.57897, 'lo': 0.5779, 'structure_id': 0, 'struct_direction': 1, 'timeframe': 'M15', 'use_case': 'first_confluence', 'parent_tf': 'H1', 'parent_sid': 0, 'parent_cycle_id': 1, 'structure_path_id': 'H1.main >> M15.confluence', 'sub_sid': 0, 'started_by': 'first_confluence', 'start_trigger_idx': 2403}"
2456,STRUCTURE,CTS_UPDATED,0.57897,"{'via': 'replay_raw', 'cycle_id': 0, 'structure_id': 0, 'struct_direction': 1, 'timeframe': 'M15', 'use_case': 'first_confluence', 'parent_tf': 'H1', 'parent_sid': 0, 'parent_cycle_id': 1, 'structure_path_id': 'H1.main >> M15.confluence', 'sub_sid': 0, 'started_by': 'first_confluence', 'start_trigger_idx': 2403}"
2460,STRUCTURE,CTS_UPDATED,0.57926,"{'via': 'replay_raw', 'cycle_id': 0, 'structure_id': 0, 'struct_direction': 1, 'timeframe': 'M15', 'use_case': 'first_confluence', 'parent_tf': 'H1', 'parent_sid': 0, 'parent_cycle_id': 1, 'structure_path_id': 'H1.main >> M15.confluence', 'sub_sid': 0, 'started_by': 'first_confluence', 'start_trigger_idx': 2403}"
2465,RANGE,RANGE_RESET,,"{'reason': 'range_breakout', 'pat': 'one_maru_opposite', 'structure_id': 0, 'struct_direction': 1, 'timeframe': 'M15', 'use_case': 'first_confluence', 'parent_tf': 'H1', 'parent_sid': 0, 'parent_cycle_id': 1, 'structure_path_id': 'H1.main >> M15.confluence', 'sub_sid': 0, 'started_by': 'first_confluence', 'start_trigger_idx': 2403}"
2465,STRUCTURE,CTS_UPDATED,0.5795,"{'via': 'one_maru_opposite', 'cycle_id': 0, 'structure_id': 0, 'struct_direction': 1, 'timeframe': 'M15', 'use_case': 'first_confluence', 'parent_tf': 'H1', 'parent_sid': 0, 'parent_cycle_id': 1, 'structure_path_id': 'H1.main >> M15.confluence', 'sub_sid': 0, 'started_by': 'first_confluence', 'start_trigger_idx': 2403}"
2465,STATE,STATE_CHANGED,,"{'from': 'range', 'to': 'breakout', 'structure_id': 0, 'struct_direction': 1, 'reason': 'breakout_pattern', 'pat': 'one_maru_opposite', 'effective_idx': 112, 'timeframe': 'M15', 'use_case': 'first_confluence', 'parent_tf': 'H1', 'parent_sid': 0, 'parent_cycle_id': 1, 'structure_path_id': 'H1.main >> M15.confluence', 'sub_sid': 0, 'started_by': 'first_confluence', 'start_trigger_idx': 2403}"
2466,STRUCTURE,CTS_UPDATED,0.57982,"{'via': 'replay_raw', 'cycle_id': 0, 'structure_id': 0, 'struct_direction': 1, 'timeframe': 'M15', 'use_case': 'first_confluence', 'parent_tf': 'H1', 'parent_sid': 0, 'parent_cycle_id': 1, 'structure_path_id': 'H1.main >> M15.confluence', 'sub_sid': 0, 'started_by': 'first_confluence', 'start_trigger_idx': 2403}"
2468,RANGE,RANGE_STARTED,,"{'start_idx': 113, 'confirm_idx': 115, 'hi': 0.57982, 'lo': 0.57925, 'cts_idx': 113, 'cts_price': 0.57982, 'structure_id': 0, 'struct_direction': 1, 'timeframe': 'M15', 'use_case': 'first_confluence', 'parent_tf': 'H1', 'parent_sid': 0, 'parent_cycle_id': 1, 'structure_path_id': 'H1.main >> M15.confluence', 'sub_sid': 0, 'started_by': 'first_confluence', 'start_trigger_idx': 2403}"
2468,STATE,STATE_CHANGED,,"{'from': 'breakout', 'to': 'range', 'structure_id': 0, 'struct_direction': 1, 'reason': 'range_confirmed', 'effective_idx': 113, 'timeframe': 'M15', 'use_case': 'first_confluence', 'parent_tf': 'H1', 'parent_sid': 0, 'parent_cycle_id': 1, 'structure_path_id': 'H1.main >> M15.confluence', 'sub_sid': 0, 'started_by': 'first_confluence', 'start_trigger_idx': 2403}"
2468,RANGE,RANGE_UPDATED,,"{'hi': 0.58, 'lo': 0.57925, 'structure_id': 0, 'struct_direction': 1, 'timeframe': 'M15', 'use_case': 'first_confluence', 'parent_tf': 'H1', 'parent_sid': 0, 'parent_cycle_id': 1, 'structure_path_id': 'H1.main >> M15.confluence', 'sub_sid': 0, 'started_by': 'first_confluence', 'start_trigger_idx': 2403}"
2468,STRUCTURE,CTS_UPDATED,0.58,"{'via': 'replay_raw', 'cycle_id': 0, 'structure_id': 0, 'struct_direction': 1, 'timeframe': 'M15', 'use_case': 'first_confluence', 'parent_tf': 'H1', 'parent_sid': 0, 'parent_cycle_id': 1, 'structure_path_id': 'H1.main >> M15.confluence', 'sub_sid': 0, 'started_by': 'first_confluence', 'start_trigger_idx': 2403}"
2478,RANGE,RANGE_UPDATED,,"{'hi': 0.58014, 'lo': 0.57925, 'structure_id': 0, 'struct_direction': 1, 'timeframe': 'M15', 'use_case': 'first_confluence', 'parent_tf': 'H1', 'parent_sid': 0, 'parent_cycle_id': 1, 'structure_path_id': 'H1.main >> M15.confluence', 'sub_sid': 0, 'started_by': 'first_confluence', 'start_trigger_idx': 2403}"
2478,STRUCTURE,CTS_UPDATED,0.58014,"{'via': 'replay_raw', 'cycle_id': 0, 'structure_id': 0, 'struct_direction': 1, 'timeframe': 'M15', 'use_case': 'first_confluence', 'parent_tf': 'H1', 'parent_sid': 0, 'parent_cycle_id': 1, 'structure_path_id': 'H1.main >> M15.confluence', 'sub_sid': 0, 'started_by': 'first_confluence', 'start_trigger_idx': 2403}"
2479,RANGE,RANGE_UPDATED,,"{'hi': 0.58016, 'lo': 0.57925, 'structure_id': 0, 'struct_direction': 1, 'timeframe': 'M15', 'use_case': 'first_confluence', 'parent_tf': 'H1', 'parent_sid': 0, 'parent_cycle_id': 1, 'structure_path_id': 'H1.main >> M15.confluence', 'sub_sid': 0, 'started_by': 'first_confluence', 'start_trigger_idx': 2403}"
2479,STRUCTURE,CTS_UPDATED,0.58016,"{'via': 'replay_raw', 'cycle_id': 0, 'structure_id': 0, 'struct_direction': 1, 'timeframe': 'M15', 'use_case': 'first_confluence', 'parent_tf': 'H1', 'parent_sid': 0, 'parent_cycle_id': 1, 'structure_path_id': 'H1.main >> M15.confluence', 'sub_sid': 0, 'started_by': 'first_confluence', 'start_trigger_idx': 2403}"
2482,RANGE,RANGE_UPDATED,,"{'hi': 0.58016, 'lo': 0.57924, 'structure_id': 0, 'struct_direction': 1, 'timeframe': 'M15', 'use_case': 'first_confluence', 'parent_tf': 'H1', 'parent_sid': 0, 'parent_cycle_id': 1, 'structure_path_id': 'H1.main >> M15.confluence', 'sub_sid': 0, 'started_by': 'first_confluence', 'start_trigger_idx': 2403}"
2484,RANGE,RANGE_UPDATED,,"{'hi': 0.58016, 'lo': 0.57922, 'structure_id': 0, 'struct_direction': 1, 'timeframe': 'M15', 'use_case': 'first_confluence', 'parent_tf': 'H1', 'parent_sid': 0, 'parent_cycle_id': 1, 'structure_path_id': 'H1.main >> M15.confluence', 'sub_sid': 0, 'started_by': 'first_confluence', 'start_trigger_idx': 2403}"
2485,RANGE,RANGE_UPDATED,,"{'hi': 0.58016, 'lo': 0.5792, 'structure_id': 0, 'struct_direction': 1, 'timeframe': 'M15', 'use_case': 'first_confluence', 'parent_tf': 'H1', 'parent_sid': 0, 'parent_cycle_id': 1, 'structure_path_id': 'H1.main >> M15.confluence', 'sub_sid': 0, 'started_by': 'first_confluence', 'start_trigger_idx': 2403}"
2496,RANGE,RANGE_UPDATED,,"{'hi': 0.58016, 'lo': 0.57894, 'structure_id': 0, 'struct_direction': 1, 'timeframe': 'M15', 'use_case': 'first_confluence', 'parent_tf': 'H1', 'parent_sid': 0, 'parent_cycle_id': 1, 'structure_path_id': 'H1.main >> M15.confluence', 'sub_sid': 0, 'started_by': 'first_confluence', 'start_trigger_idx': 2403}"
2497,RANGE,RANGE_UPDATED,,"{'hi': 0.58016, 'lo': 0.57878, 'structure_id': 0, 'struct_direction': 1, 'timeframe': 'M15', 'use_case': 'first_confluence', 'parent_tf': 'H1', 'parent_sid': 0, 'parent_cycle_id': 1, 'structure_path_id': 'H1.main >> M15.confluence', 'sub_sid': 0, 'started_by': 'first_confluence', 'start_trigger_idx': 2403}"
2504,STRUCTURE,CTS_UPDATED,0.58044,"{'via': 'replay_raw', 'cycle_id': 0, 'structure_id': 0, 'struct_direction': 1, 'timeframe': 'M15', 'use_case': 'first_confluence', 'parent_tf': 'H1', 'parent_sid': 0, 'parent_cycle_id': 1, 'structure_path_id': 'H1.main >> M15.confluence', 'sub_sid': 0, 'started_by': 'first_confluence', 'start_trigger_idx': 2403}"
2505,RANGE,RANGE_RESET,,"{'reason': 'range_breakout', 'pat': 'one_maru_continuous', 'structure_id': 0, 'struct_direction': 1, 'timeframe': 'M15', 'use_case': 'first_confluence', 'parent_tf': 'H1', 'parent_sid': 0, 'parent_cycle_id': 1, 'structure_path_id': 'H1.main >> M15.confluence', 'sub_sid': 0, 'started_by': 'first_confluence', 'start_trigger_idx': 2403}"
2505,STRUCTURE,CTS_UPDATED,0.58077,"{'via': 'one_maru_continuous', 'cycle_id': 0, 'structure_id': 0, 'struct_direction': 1, 'timeframe': 'M15', 'use_case': 'first_confluence', 'parent_tf': 'H1', 'parent_sid': 0, 'parent_cycle_id': 1, 'structure_path_id': 'H1.main >> M15.confluence', 'sub_sid': 0, 'started_by': 'first_confluence', 'start_trigger_idx': 2403}"
2505,STATE,STATE_CHANGED,,"{'from': 'range', 'to': 'breakout', 'structure_id': 0, 'struct_direction': 1, 'reason': 'breakout_pattern', 'pat': 'one_maru_continuous', 'effective_idx': 152, 'timeframe': 'M15', 'use_case': 'first_confluence', 'parent_tf': 'H1', 'parent_sid': 0, 'parent_cycle_id': 1, 'structure_path_id': 'H1.main >> M15.confluence', 'sub_sid': 0, 'started_by': 'first_confluence', 'start_trigger_idx': 2403}"
2506,STRUCTURE,CTS_UPDATED,0.58078,"{'via': 'replay_raw', 'cycle_id': 0, 'structure_id': 0, 'struct_direction': 1, 'timeframe': 'M15', 'use_case': 'first_confluence', 'parent_tf': 'H1', 'parent_sid': 0, 'parent_cycle_id': 1, 'structure_path_id': 'H1.main >> M15.confluence', 'sub_sid': 0, 'started_by': 'first_confluence', 'start_trigger_idx': 2403}"
2509,RANGE,RANGE_STARTED,,"{'start_idx': 153, 'confirm_idx': 156, 'hi': 0.58078, 'lo': 0.58034, 'cts_idx': 153, 'cts_price': 0.58078, 'structure_id': 0, 'struct_direction': 1, 'timeframe': 'M15', 'use_case': 'first_confluence', 'parent_tf': 'H1', 'parent_sid': 0, 'parent_cycle_id': 1, 'structure_path_id': 'H1.main >> M15.confluence', 'sub_sid': 0, 'started_by': 'first_confluence', 'start_trigger_idx': 2403}"
2509,STATE,STATE_CHANGED,,"{'from': 'breakout', 'to': 'range', 'structure_id': 0, 'struct_direction': 1, 'reason': 'range_confirmed', 'effective_idx': 153, 'timeframe': 'M15', 'use_case': 'first_confluence', 'parent_tf': 'H1', 'parent_sid': 0, 'parent_cycle_id': 1, 'structure_path_id': 'H1.main >> M15.confluence', 'sub_sid': 0, 'started_by': 'first_confluence', 'start_trigger_idx': 2403}"
2507,RANGE,RANGE_UPDATED,,"{'hi': 0.58078, 'lo': 0.58022, 'structure_id': 0, 'struct_direction': 1, 'timeframe': 'M15', 'use_case': 'first_confluence', 'parent_tf': 'H1', 'parent_sid': 0, 'parent_cycle_id': 1, 'structure_path_id': 'H1.main >> M15.confluence', 'sub_sid': 0, 'started_by': 'first_confluence', 'start_trigger_idx': 2403}"
2508,RANGE,RANGE_UPDATED,,"{'hi': 0.58078, 'lo': 0.58006, 'structure_id': 0, 'struct_direction': 1, 'timeframe': 'M15', 'use_case': 'first_confluence', 'parent_tf': 'H1', 'parent_sid': 0, 'parent_cycle_id': 1, 'structure_path_id': 'H1.main >> M15.confluence', 'sub_sid': 0, 'started_by': 'first_confluence', 'start_trigger_idx': 2403}"
2510,RANGE,RANGE_UPDATED,,"{'hi': 0.58098, 'lo': 0.58006, 'structure_id': 0, 'struct_direction': 1, 'timeframe': 'M15', 'use_case': 'first_confluence', 'parent_tf': 'H1', 'parent_sid': 0, 'parent_cycle_id': 1, 'structure_path_id': 'H1.main >> M15.confluence', 'sub_sid': 0, 'started_by': 'first_confluence', 'start_trigger_idx': 2403}"
2510,STRUCTURE,CTS_UPDATED,0.58098,"{'via': 'replay_raw', 'cycle_id': 0, 'structure_id': 0, 'struct_direction': 1, 'timeframe': 'M15', 'use_case': 'first_confluence', 'parent_tf': 'H1', 'parent_sid': 0, 'parent_cycle_id': 1, 'structure_path_id': 'H1.main >> M15.confluence', 'sub_sid': 0, 'started_by': 'first_confluence', 'start_trigger_idx': 2403}"
2512,STRUCTURE,CTS_UPDATED,0.58139,"{'via': 'replay_raw', 'cycle_id': 0, 'structure_id': 0, 'struct_direction': 1, 'timeframe': 'M15', 'use_case': 'first_confluence', 'parent_tf': 'H1', 'parent_sid': 0, 'parent_cycle_id': 1, 'structure_path_id': 'H1.main >> M15.confluence', 'sub_sid': 0, 'started_by': 'first_confluence', 'start_trigger_idx': 2403}"
2513,RANGE,RANGE_RESET,,"{'reason': 'range_breakout', 'pat': 'one_maru_continuous', 'structure_id': 0, 'struct_direction': 1, 'timeframe': 'M15', 'use_case': 'first_confluence', 'parent_tf': 'H1', 'parent_sid': 0, 'parent_cycle_id': 1, 'structure_path_id': 'H1.main >> M15.confluence', 'sub_sid': 0, 'started_by': 'first_confluence', 'start_trigger_idx': 2403}"
2513,STRUCTURE,CTS_UPDATED,0.58152,"{'via': 'one_maru_continuous', 'cycle_id': 0, 'structure_id': 0, 'struct_direction': 1, 'timeframe': 'M15', 'use_case': 'first_confluence', 'parent_tf': 'H1', 'parent_sid': 0, 'parent_cycle_id': 1, 'structure_path_id': 'H1.main >> M15.confluence', 'sub_sid': 0, 'started_by': 'first_confluence', 'start_trigger_idx': 2403}"
2513,STATE,STATE_CHANGED,,"{'from': 'range', 'to': 'breakout', 'structure_id': 0, 'struct_direction': 1, 'reason': 'breakout_pattern', 'pat': 'one_maru_continuous', 'effective_idx': 160, 'timeframe': 'M15', 'use_case': 'first_confluence', 'parent_tf': 'H1', 'parent_sid': 0, 'parent_cycle_id': 1, 'structure_path_id': 'H1.main >> M15.confluence', 'sub_sid': 0, 'started_by': 'first_confluence', 'start_trigger_idx': 2403}"
2514,STRUCTURE,CTS_UPDATED,0.58168,"{'via': 'replay_raw', 'cycle_id': 0, 'structure_id': 0, 'struct_direction': 1, 'timeframe': 'M15', 'use_case': 'first_confluence', 'parent_tf': 'H1', 'parent_sid': 0, 'parent_cycle_id': 1, 'structure_path_id': 'H1.main >> M15.confluence', 'sub_sid': 0, 'started_by': 'first_confluence', 'start_trigger_idx': 2403}"
2515,STRUCTURE,CTS_UPDATED,0.58169,"{'via': 'replay_raw', 'cycle_id': 0, 'structure_id': 0, 'struct_direction': 1, 'timeframe': 'M15', 'use_case': 'first_confluence', 'parent_tf': 'H1', 'parent_sid': 0, 'parent_cycle_id': 1, 'structure_path_id': 'H1.main >> M15.confluence', 'sub_sid': 0, 'started_by': 'first_confluence', 'start_trigger_idx': 2403}"
2516,RANGE,RANGE_STARTED,,"{'start_idx': 160, 'confirm_idx': 163, 'hi': 0.58169, 'lo': 0.58124, 'cts_idx': 162, 'cts_price': 0.58169, 'structure_id': 0, 'struct_direction': 1, 'timeframe': 'M15', 'use_case': 'first_confluence', 'parent_tf': 'H1', 'parent_sid': 0, 'parent_cycle_id': 1, 'structure_path_id': 'H1.main >> M15.confluence', 'sub_sid': 0, 'started_by': 'first_confluence', 'start_trigger_idx': 2403}"
2516,STATE,STATE_CHANGED,,"{'from': 'breakout', 'to': 'range', 'structure_id': 0, 'struct_direction': 1, 'reason': 'range_confirmed', 'effective_idx': 160, 'timeframe': 'M15', 'use_case': 'first_confluence', 'parent_tf': 'H1', 'parent_sid': 0, 'parent_cycle_id': 1, 'structure_path_id': 'H1.main >> M15.confluence', 'sub_sid': 0, 'started_by': 'first_confluence', 'start_trigger_idx': 2403}"
2517,RANGE,RANGE_UPDATED,,"{'hi': 0.58169, 'lo': 0.58104, 'structure_id': 0, 'struct_direction': 1, 'timeframe': 'M15', 'use_case': 'first_confluence', 'parent_tf': 'H1', 'parent_sid': 0, 'parent_cycle_id': 1, 'structure_path_id': 'H1.main >> M15.confluence', 'sub_sid': 0, 'started_by': 'first_confluence', 'start_trigger_idx': 2403}"
2530,RANGE,RANGE_UPDATED,,"{'hi': 0.58169, 'lo': 0.5808, 'structure_id': 0, 'struct_direction': 1, 'timeframe': 'M15', 'use_case': 'first_confluence', 'parent_tf': 'H1', 'parent_sid': 0, 'parent_cycle_id': 1, 'structure_path_id': 'H1.main >> M15.confluence', 'sub_sid': 0, 'started_by': 'first_confluence', 'start_trigger_idx': 2403}"
2532,RANGE,RANGE_UPDATED,,"{'hi': 0.58196, 'lo': 0.5808, 'structure_id': 0, 'struct_direction': 1, 'timeframe': 'M15', 'use_case': 'first_confluence', 'parent_tf': 'H1', 'parent_sid': 0, 'parent_cycle_id': 1, 'structure_path_id': 'H1.main >> M15.confluence', 'sub_sid': 0, 'started_by': 'first_confluence', 'start_trigger_idx': 2403}"
2532,STRUCTURE,CTS_UPDATED,0.58196,"{'via': 'replay_raw', 'cycle_id': 0, 'structure_id': 0, 'struct_direction': 1, 'timeframe': 'M15', 'use_case': 'first_confluence', 'parent_tf': 'H1', 'parent_sid': 0, 'parent_cycle_id': 1, 'structure_path_id': 'H1.main >> M15.confluence', 'sub_sid': 0, 'started_by': 'first_confluence', 'start_trigger_idx': 2403}"
2533,RANGE,RANGE_UPDATED,,"{'hi': 0.58197, 'lo': 0.5808, 'structure_id': 0, 'struct_direction': 1, 'timeframe': 'M15', 'use_case': 'first_confluence', 'parent_tf': 'H1', 'parent_sid': 0, 'parent_cycle_id': 1, 'structure_path_id': 'H1.main >> M15.confluence', 'sub_sid': 0, 'started_by': 'first_confluence', 'start_trigger_idx': 2403}"
2533,STRUCTURE,CTS_UPDATED,0.58197,"{'via': 'replay_raw', 'cycle_id': 0, 'structure_id': 0, 'struct_direction': 1, 'timeframe': 'M15', 'use_case': 'first_confluence', 'parent_tf': 'H1', 'parent_sid': 0, 'parent_cycle_id': 1, 'structure_path_id': 'H1.main >> M15.confluence', 'sub_sid': 0, 'started_by': 'first_confluence', 'start_trigger_idx': 2403}"
2534,RANGE,RANGE_UPDATED,,"{'hi': 0.58214, 'lo': 0.5808, 'structure_id': 0, 'struct_direction': 1, 'timeframe': 'M15', 'use_case': 'first_confluence', 'parent_tf': 'H1', 'parent_sid': 0, 'parent_cycle_id': 1, 'structure_path_id': 'H1.main >> M15.confluence', 'sub_sid': 0, 'started_by': 'first_confluence', 'start_trigger_idx': 2403}"
2534,STRUCTURE,CTS_UPDATED,0.58214,"{'via': 'replay_raw', 'cycle_id': 0, 'structure_id': 0, 'struct_direction': 1, 'timeframe': 'M15', 'use_case': 'first_confluence', 'parent_tf': 'H1', 'parent_sid': 0, 'parent_cycle_id': 1, 'structure_path_id': 'H1.main >> M15.confluence', 'sub_sid': 0, 'started_by': 'first_confluence', 'start_trigger_idx': 2403}"
2535,RANGE,RANGE_UPDATED,,"{'hi': 0.58227, 'lo': 0.5808, 'structure_id': 0, 'struct_direction': 1, 'timeframe': 'M15', 'use_case': 'first_confluence', 'parent_tf': 'H1', 'parent_sid': 0, 'parent_cycle_id': 1, 'structure_path_id': 'H1.main >> M15.confluence', 'sub_sid': 0, 'started_by': 'first_confluence', 'start_trigger_idx': 2403}"
2535,STRUCTURE,CTS_UPDATED,0.58227,"{'via': 'replay_raw', 'cycle_id': 0, 'structure_id': 0, 'struct_direction': 1, 'timeframe': 'M15', 'use_case': 'first_confluence', 'parent_tf': 'H1', 'parent_sid': 0, 'parent_cycle_id': 1, 'structure_path_id': 'H1.main >> M15.confluence', 'sub_sid': 0, 'started_by': 'first_confluence', 'start_trigger_idx': 2403}"
2536,STRUCTURE,CTS_UPDATED,0.58277,"{'via': 'replay_raw', 'cycle_id': 0, 'structure_id': 0, 'struct_direction': 1, 'timeframe': 'M15', 'use_case': 'first_confluence', 'parent_tf': 'H1', 'parent_sid': 0, 'parent_cycle_id': 1, 'structure_path_id': 'H1.main >> M15.confluence', 'sub_sid': 0, 'started_by': 'first_confluence', 'start_trigger_idx': 2403}"
2537,RANGE,RANGE_RESET,,"{'reason': 'range_breakout', 'pat': 'one_maru_continuous', 'structure_id': 0, 'struct_direction': 1, 'timeframe': 'M15', 'use_case': 'first_confluence', 'parent_tf': 'H1', 'parent_sid': 0, 'parent_cycle_id': 1, 'structure_path_id': 'H1.main >> M15.confluence', 'sub_sid': 0, 'started_by': 'first_confluence', 'start_trigger_idx': 2403}"
2537,STRUCTURE,CTS_UPDATED,0.58298,"{'via': 'one_maru_continuous', 'cycle_id': 0, 'structure_id': 0, 'struct_direction': 1, 'timeframe': 'M15', 'use_case': 'first_confluence', 'parent_tf': 'H1', 'parent_sid': 0, 'parent_cycle_id': 1, 'structure_path_id': 'H1.main >> M15.confluence', 'sub_sid': 0, 'started_by': 'first_confluence', 'start_trigger_idx': 2403}"
2537,STATE,STATE_CHANGED,,"{'from': 'range', 'to': 'breakout', 'structure_id': 0, 'struct_direction': 1, 'reason': 'breakout_pattern', 'pat': 'one_maru_continuous', 'effective_idx': 184, 'timeframe': 'M15', 'use_case': 'first_confluence', 'parent_tf': 'H1', 'parent_sid': 0, 'parent_cycle_id': 1, 'structure_path_id': 'H1.main >> M15.confluence', 'sub_sid': 0, 'started_by': 'first_confluence', 'start_trigger_idx': 2403}"
2538,STRUCTURE,CTS_UPDATED,0.58308,"{'via': 'replay_raw', 'cycle_id': 0, 'structure_id': 0, 'struct_direction': 1, 'timeframe': 'M15', 'use_case': 'first_confluence', 'parent_tf': 'H1', 'parent_sid': 0, 'parent_cycle_id': 1, 'structure_path_id': 'H1.main >> M15.confluence', 'sub_sid': 0, 'started_by': 'first_confluence', 'start_trigger_idx': 2403}"
2539,STRUCTURE,CTS_UPDATED,0.58328,"{'via': 'replay_raw', 'cycle_id': 0, 'structure_id': 0, 'struct_direction': 1, 'timeframe': 'M15', 'use_case': 'first_confluence', 'parent_tf': 'H1', 'parent_sid': 0, 'parent_cycle_id': 1, 'structure_path_id': 'H1.main >> M15.confluence', 'sub_sid': 0, 'started_by': 'first_confluence', 'start_trigger_idx': 2403}"
2540,STRUCTURE,CTS_UPDATED,0.58374,"{'via': 'replay_raw', 'cycle_id': 0, 'structure_id': 0, 'struct_direction': 1, 'timeframe': 'M15', 'use_case': 'first_confluence', 'parent_tf': 'H1', 'parent_sid': 0, 'parent_cycle_id': 1, 'structure_path_id': 'H1.main >> M15.confluence', 'sub_sid': 0, 'started_by': 'first_confluence', 'start_trigger_idx': 2403}"
2543,STRUCTURE,CTS_UPDATED,0.58381,"{'via': 'continuous', 'cycle_id': 0, 'structure_id': 0, 'struct_direction': 1, 'timeframe': 'M15', 'use_case': 'first_confluence', 'parent_tf': 'H1', 'parent_sid': 0, 'parent_cycle_id': 1, 'structure_path_id': 'H1.main >> M15.confluence', 'sub_sid': 0, 'started_by': 'first_confluence', 'start_trigger_idx': 2403}"
2544,STRUCTURE,CTS_UPDATED,0.58394,"{'via': 'replay_raw', 'cycle_id': 0, 'structure_id': 0, 'struct_direction': 1, 'timeframe': 'M15', 'use_case': 'first_confluence', 'parent_tf': 'H1', 'parent_sid': 0, 'parent_cycle_id': 1, 'structure_path_id': 'H1.main >> M15.confluence', 'sub_sid': 0, 'started_by': 'first_confluence', 'start_trigger_idx': 2403}"
2545,STRUCTURE,CTS_UPDATED,0.58404,"{'via': 'replay_raw', 'cycle_id': 0, 'structure_id': 0, 'struct_direction': 1, 'timeframe': 'M15', 'use_case': 'first_confluence', 'parent_tf': 'H1', 'parent_sid': 0, 'parent_cycle_id': 1, 'structure_path_id': 'H1.main >> M15.confluence', 'sub_sid': 0, 'started_by': 'first_confluence', 'start_trigger_idx': 2403}"
2547,STRUCTURE,CTS_UPDATED,0.58412,"{'via': 'replay_raw', 'cycle_id': 0, 'structure_id': 0, 'struct_direction': 1, 'timeframe': 'M15', 'use_case': 'first_confluence', 'parent_tf': 'H1', 'parent_sid': 0, 'parent_cycle_id': 1, 'structure_path_id': 'H1.main >> M15.confluence', 'sub_sid': 0, 'started_by': 'first_confluence', 'start_trigger_idx': 2403}"
2549,STRUCTURE,CTS_UPDATED,0.58414,"{'via': 'replay_raw', 'cycle_id': 0, 'structure_id': 0, 'struct_direction': 1, 'timeframe': 'M15', 'use_case': 'first_confluence', 'parent_tf': 'H1', 'parent_sid': 0, 'parent_cycle_id': 1, 'structure_path_id': 'H1.main >> M15.confluence', 'sub_sid': 0, 'started_by': 'first_confluence', 'start_trigger_idx': 2403}"
2550,RANGE,RANGE_STARTED,,"{'start_idx': 194, 'confirm_idx': 197, 'hi': 0.58414, 'lo': 0.58396, 'cts_idx': 196, 'cts_price': 0.58414, 'structure_id': 0, 'struct_direction': 1, 'timeframe': 'M15', 'use_case': 'first_confluence', 'parent_tf': 'H1', 'parent_sid': 0, 'parent_cycle_id': 1, 'structure_path_id': 'H1.main >> M15.confluence', 'sub_sid': 0, 'started_by': 'first_confluence', 'start_trigger_idx': 2403}"
2550,STATE,STATE_CHANGED,,"{'from': 'breakout', 'to': 'range', 'structure_id': 0, 'struct_direction': 1, 'reason': 'range_confirmed', 'effective_idx': 194, 'timeframe': 'M15', 'use_case': 'first_confluence', 'parent_tf': 'H1', 'parent_sid': 0, 'parent_cycle_id': 1, 'structure_path_id': 'H1.main >> M15.confluence', 'sub_sid': 0, 'started_by': 'first_confluence', 'start_trigger_idx': 2403}"
2548,RANGE,RANGE_UPDATED,,"{'hi': 0.58414, 'lo': 0.58393, 'structure_id': 0, 'struct_direction': 1, 'timeframe': 'M15', 'use_case': 'first_confluence', 'parent_tf': 'H1', 'parent_sid': 0, 'parent_cycle_id': 1, 'structure_path_id': 'H1.main >> M15.confluence', 'sub_sid': 0, 'started_by': 'first_confluence', 'start_trigger_idx': 2403}"
2549,RANGE,RANGE_UPDATED,,"{'hi': 0.58414, 'lo': 0.58381, 'structure_id': 0, 'struct_direction': 1, 'timeframe': 'M15', 'use_case': 'first_confluence', 'parent_tf': 'H1', 'parent_sid': 0, 'parent_cycle_id': 1, 'structure_path_id': 'H1.main >> M15.confluence', 'sub_sid': 0, 'started_by': 'first_confluence', 'start_trigger_idx': 2403}"
2550,RANGE,RANGE_UPDATED,,"{'hi': 0.58415, 'lo': 0.58381, 'structure_id': 0, 'struct_direction': 1, 'timeframe': 'M15', 'use_case': 'first_confluence', 'parent_tf': 'H1', 'parent_sid': 0, 'parent_cycle_id': 1, 'structure_path_id': 'H1.main >> M15.confluence', 'sub_sid': 0, 'started_by': 'first_confluence', 'start_trigger_idx': 2403}"
2550,STRUCTURE,CTS_UPDATED,0.58415,"{'via': 'replay_raw', 'cycle_id': 0, 'structure_id': 0, 'struct_direction': 1, 'timeframe': 'M15', 'use_case': 'first_confluence', 'parent_tf': 'H1', 'parent_sid': 0, 'parent_cycle_id': 1, 'structure_path_id': 'H1.main >> M15.confluence', 'sub_sid': 0, 'started_by': 'first_confluence', 'start_trigger_idx': 2403}"
2551,RANGE,RANGE_UPDATED,,"{'hi': 0.58415, 'lo': 0.5837, 'structure_id': 0, 'struct_direction': 1, 'timeframe': 'M15', 'use_case': 'first_confluence', 'parent_tf': 'H1', 'parent_sid': 0, 'parent_cycle_id': 1, 'structure_path_id': 'H1.main >> M15.confluence', 'sub_sid': 0, 'started_by': 'first_confluence', 'start_trigger_idx': 2403}"
2552,RANGE,RANGE_UPDATED,,"{'hi': 0.58415, 'lo': 0.58367, 'structure_id': 0, 'struct_direction': 1, 'timeframe': 'M15', 'use_case': 'first_confluence', 'parent_tf': 'H1', 'parent_sid': 0, 'parent_cycle_id': 1, 'structure_path_id': 'H1.main >> M15.confluence', 'sub_sid': 0, 'started_by': 'first_confluence', 'start_trigger_idx': 2403}"
2554,RANGE,RANGE_UPDATED,,"{'hi': 0.58422, 'lo': 0.58367, 'structure_id': 0, 'struct_direction': 1, 'timeframe': 'M15', 'use_case': 'first_confluence', 'parent_tf': 'H1', 'parent_sid': 0, 'parent_cycle_id': 1, 'structure_path_id': 'H1.main >> M15.confluence', 'sub_sid': 0, 'started_by': 'first_confluence', 'start_trigger_idx': 2403}"
2554,STRUCTURE,CTS_UPDATED,0.58422,"{'via': 'replay_raw', 'cycle_id': 0, 'structure_id': 0, 'struct_direction': 1, 'timeframe': 'M15', 'use_case': 'first_confluence', 'parent_tf': 'H1', 'parent_sid': 0, 'parent_cycle_id': 1, 'structure_path_id': 'H1.main >> M15.confluence', 'sub_sid': 0, 'started_by': 'first_confluence', 'start_trigger_idx': 2403}"
2557,RANGE,RANGE_UPDATED,,"{'hi': 0.58434, 'lo': 0.58367, 'structure_id': 0, 'struct_direction': 1, 'timeframe': 'M15', 'use_case': 'first_confluence', 'parent_tf': 'H1', 'parent_sid': 0, 'parent_cycle_id': 1, 'structure_path_id': 'H1.main >> M15.confluence', 'sub_sid': 0, 'started_by': 'first_confluence', 'start_trigger_idx': 2403}"
2557,STRUCTURE,CTS_UPDATED,0.58434,"{'via': 'replay_raw', 'cycle_id': 0, 'structure_id': 0, 'struct_direction': 1, 'timeframe': 'M15', 'use_case': 'first_confluence', 'parent_tf': 'H1', 'parent_sid': 0, 'parent_cycle_id': 1, 'structure_path_id': 'H1.main >> M15.confluence', 'sub_sid': 0, 'started_by': 'first_confluence', 'start_trigger_idx': 2403}"
2558,RANGE,RANGE_UPDATED,,"{'hi': 0.58434, 'lo': 0.58342, 'structure_id': 0, 'struct_direction': 1, 'timeframe': 'M15', 'use_case': 'first_confluence', 'parent_tf': 'H1', 'parent_sid': 0, 'parent_cycle_id': 1, 'structure_path_id': 'H1.main >> M15.confluence', 'sub_sid': 0, 'started_by': 'first_confluence', 'start_trigger_idx': 2403}"
2560,RANGE,RANGE_UPDATED,,"{'reason': 'pullback_expand', 'hi': 0.58434, 'lo': 0.58242, 'pat': 'one_maru_continuous', 'structure_id': 0, 'struct_direction': 1, 'timeframe': 'M15', 'use_case': 'first_confluence', 'parent_tf': 'H1', 'parent_sid': 0, 'parent_cycle_id': 1, 'structure_path_id': 'H1.main >> M15.confluence', 'sub_sid': 0, 'started_by': 'first_confluence', 'start_trigger_idx': 2403}"
2560,STRUCTURE,CTS_CONFIRMED,0.58434,"{'via': 'one_maru_continuous', 'cycle_id': 0, 'structure_id': 0, 'struct_direction': 1, 'confirmed_at': 2560, 'cts_anchor_idx': 2557, 'confirmation_method': 'pullback', 'timeframe': 'M15', 'use_case': 'first_confluence', 'parent_tf': 'H1', 'parent_sid': 0, 'parent_cycle_id': 1, 'structure_path_id': 'H1.main >> M15.confluence', 'sub_sid': 0, 'started_by': 'first_confluence', 'start_trigger_idx': 2403}"
2560,STATE,STATE_CHANGED,,"{'from': 'range', 'to': 'pullback', 'structure_id': 0, 'struct_direction': 1, 'reason': 'pullback_pattern', 'pat': 'one_maru_continuous', 'effective_idx': 207, 'timeframe': 'M15', 'use_case': 'first_confluence', 'parent_tf': 'H1', 'parent_sid': 0, 'parent_cycle_id': 1, 'structure_path_id': 'H1.main >> M15.confluence', 'sub_sid': 0, 'started_by': 'first_confluence', 'start_trigger_idx': 2403}"
2561,RANGE,RANGE_UPDATED,,"{'hi': 0.58434, 'lo': 0.58198, 'structure_id': 0, 'struct_direction': 1, 'timeframe': 'M15', 'use_case': 'first_confluence', 'parent_tf': 'H1', 'parent_sid': 0, 'parent_cycle_id': 1, 'structure_path_id': 'H1.main >> M15.confluence', 'sub_sid': 0, 'started_by': 'first_confluence', 'start_trigger_idx': 2403}"
2562,STATE,STATE_CHANGED,,"{'from': 'pullback', 'to': 'pullback_range', 'structure_id': 0, 'struct_direction': 1, 'reason': 'replay_no_expand_pullback_side', 'effective_idx': 209, 'timeframe': 'M15', 'use_case': 'first_confluence', 'parent_tf': 'H1', 'parent_sid': 0, 'parent_cycle_id': 1, 'structure_path_id': 'H1.main >> M15.confluence', 'sub_sid': 0, 'started_by': 'first_confluence', 'start_trigger_idx': 2403}"
2600,RANGE,RANGE_UPDATED,,"{'hi': 0.58448, 'lo': 0.58198, 'structure_id': 0, 'struct_direction': 1, 'timeframe': 'M15', 'use_case': 'first_confluence', 'parent_tf': 'H1', 'parent_sid': 0, 'parent_cycle_id': 1, 'structure_path_id': 'H1.main >> M15.confluence', 'sub_sid': 0, 'started_by': 'first_confluence', 'start_trigger_idx': 2403}"
2600,STRUCTURE,CTS_THRESHOLD_UPDATED,0.58448,"{'prev': 0.58434, 'reason': 'range_sync', 'cycle_id': 0, 'structure_id': 0, 'struct_direction': 1, 'timeframe': 'M15', 'use_case': 'first_confluence', 'parent_tf': 'H1', 'parent_sid': 0, 'parent_cycle_id': 1, 'structure_path_id': 'H1.main >> M15.confluence', 'sub_sid': 0, 'started_by': 'first_confluence', 'start_trigger_idx': 2403}"
2606,RANGE,RANGE_UPDATED,,"{'hi': 0.58465, 'lo': 0.58198, 'structure_id': 0, 'struct_direction': 1, 'timeframe': 'M15', 'use_case': 'first_confluence', 'parent_tf': 'H1', 'parent_sid': 0, 'parent_cycle_id': 1, 'structure_path_id': 'H1.main >> M15.confluence', 'sub_sid': 0, 'started_by': 'first_confluence', 'start_trigger_idx': 2403}"
2606,STRUCTURE,CTS_THRESHOLD_UPDATED,0.58465,"{'prev': 0.58448, 'reason': 'range_sync', 'cycle_id': 0, 'structure_id': 0, 'struct_direction': 1, 'timeframe': 'M15', 'use_case': 'first_confluence', 'parent_tf': 'H1', 'parent_sid': 0, 'parent_cycle_id': 1, 'structure_path_id': 'H1.main >> M15.confluence', 'sub_sid': 0, 'started_by': 'first_confluence', 'start_trigger_idx': 2403}"
2608,RANGE,RANGE_RESET,,"{'reason': 'range_breakout', 'pat': 'one_maru_continuous', 'structure_id': 0, 'struct_direction': 1, 'timeframe': 'M15', 'use_case': 'first_confluence', 'parent_tf': 'H1', 'parent_sid': 0, 'parent_cycle_id': 1, 'structure_path_id': 'H1.main >> M15.confluence', 'sub_sid': 0, 'started_by': 'first_confluence', 'start_trigger_idx': 2403}"
2608,STRUCTURE,CTS_ESTABLISHED,0.58518,"{'via': 'one_maru_continuous', 'anchor_idx': 2607, 'pattern_name': 'one_maru_continuous', 'confirmed_at': 2608, 'cycle_id': 1, 'structure_id': 0, 'struct_direction': 1, 'timeframe': 'M15', 'use_case': 'first_confluence', 'parent_tf': 'H1', 'parent_sid': 0, 'parent_cycle_id': 1, 'structure_path_id': 'H1.main >> M15.confluence', 'sub_sid': 0, 'started_by': 'first_confluence', 'start_trigger_idx': 2403}"
2561,STRUCTURE,BOS_CONFIRMED,0.58198,"{'source': 'pullback_extreme', 'confirmed_at': 2608, 'pb_start': 207, 'cycle_id': 1, 'structure_id': 0, 'struct_direction': 1, 'timeframe': 'M15', 'use_case': 'first_confluence', 'parent_tf': 'H1', 'parent_sid': 0, 'parent_cycle_id': 1, 'structure_path_id': 'H1.main >> M15.confluence', 'sub_sid': 0, 'started_by': 'first_confluence', 'start_trigger_idx': 2403}"
2608,STATE,STATE_CHANGED,,"{'from': 'pullback_range', 'to': 'breakout', 'structure_id': 0, 'struct_direction': 1, 'reason': 'breakout_pattern', 'pat': 'one_maru_continuous', 'effective_idx': 255, 'timeframe': 'M15', 'use_case': 'first_confluence', 'parent_tf': 'H1', 'parent_sid': 0, 'parent_cycle_id': 1, 'structure_path_id': 'H1.main >> M15.confluence', 'sub_sid': 0, 'started_by': 'first_confluence', 'start_trigger_idx': 2403}"
2609,STRUCTURE,CTS_UPDATED,0.58534,"{'via': 'replay_raw', 'cycle_id': 1, 'structure_id': 0, 'struct_direction': 1, 'timeframe': 'M15', 'use_case': 'first_confluence', 'parent_tf': 'H1', 'parent_sid': 0, 'parent_cycle_id': 1, 'structure_path_id': 'H1.main >> M15.confluence', 'sub_sid': 0, 'started_by': 'first_confluence', 'start_trigger_idx': 2403}"
2579,STRUCTURE,CTS_ESTABLISHED,0.58354,"{'via': 'one_maru_continuous', 'anchor_idx': 2576, 'pattern_name': 'one_maru_continuous', 'confirmed_at': 2579, 'cycle_id': 0, 'structure_id': 0, 'struct_direction': 1, 'timeframe': 'M15', 'use_case': 'first_confluence', 'parent_tf': 'H1', 'parent_sid': 0, 'parent_cycle_id': 2, 'structure_path_id': 'H1.main >> M15.confluence', 'sub_sid': 0, 'started_by': 'first_confluence', 'start_trigger_idx': 2561}"
2561,STRUCTURE,BOS_CONFIRMED,0.58198,"{'source': 'initial_prior_extreme', 'confirmed_at': 2579, 'pb_start': None, 'cycle_id': 0, 'structure_id': 0, 'struct_direction': 1, 'timeframe': 'M15', 'use_case': 'first_confluence', 'parent_tf': 'H1', 'parent_sid': 0, 'parent_cycle_id': 2, 'structure_path_id': 'H1.main >> M15.confluence', 'sub_sid': 0, 'started_by': 'first_confluence', 'start_trigger_idx': 2561}"
2579,STATE,STATE_CHANGED,,"{'from': 'none', 'to': 'breakout', 'structure_id': 0, 'struct_direction': 1, 'reason': 'breakout_pattern', 'pat': 'one_maru_continuous', 'effective_idx': 68, 'timeframe': 'M15', 'use_case': 'first_confluence', 'parent_tf': 'H1', 'parent_sid': 0, 'parent_cycle_id': 2, 'structure_path_id': 'H1.main >> M15.confluence', 'sub_sid': 0, 'started_by': 'first_confluence', 'start_trigger_idx': 2561}"
2580,STRUCTURE,CTS_UPDATED,0.58386,"{'via': 'replay_raw', 'cycle_id': 0, 'structure_id': 0, 'struct_direction': 1, 'timeframe': 'M15', 'use_case': 'first_confluence', 'parent_tf': 'H1', 'parent_sid': 0, 'parent_cycle_id': 2, 'structure_path_id': 'H1.main >> M15.confluence', 'sub_sid': 0, 'started_by': 'first_confluence', 'start_trigger_idx': 2561}"
2582,STRUCTURE,CTS_UPDATED,0.58394,"{'via': 'replay_raw', 'cycle_id': 0, 'structure_id': 0, 'struct_direction': 1, 'timeframe': 'M15', 'use_case': 'first_confluence', 'parent_tf': 'H1', 'parent_sid': 0, 'parent_cycle_id': 2, 'structure_path_id': 'H1.main >> M15.confluence', 'sub_sid': 0, 'started_by': 'first_confluence', 'start_trigger_idx': 2561}"
2583,STRUCTURE,CTS_UPDATED,0.58404,"{'via': 'replay_raw', 'cycle_id': 0, 'structure_id': 0, 'struct_direction': 1, 'timeframe': 'M15', 'use_case': 'first_confluence', 'parent_tf': 'H1', 'parent_sid': 0, 'parent_cycle_id': 2, 'structure_path_id': 'H1.main >> M15.confluence', 'sub_sid': 0, 'started_by': 'first_confluence', 'start_trigger_idx': 2561}"
2585,RANGE,RANGE_STARTED,,"{'start_idx': 70, 'confirm_idx': 74, 'hi': 0.58404, 'lo': 0.5837, 'cts_idx': 72, 'cts_price': 0.58404, 'structure_id': 0, 'struct_direction': 1, 'timeframe': 'M15', 'use_case': 'first_confluence', 'parent_tf': 'H1', 'parent_sid': 0, 'parent_cycle_id': 2, 'structure_path_id': 'H1.main >> M15.confluence', 'sub_sid': 0, 'started_by': 'first_confluence', 'start_trigger_idx': 2561}"
2585,STATE,STATE_CHANGED,,"{'from': 'breakout', 'to': 'range', 'structure_id': 0, 'struct_direction': 1, 'reason': 'range_confirmed', 'effective_idx': 70, 'timeframe': 'M15', 'use_case': 'first_confluence', 'parent_tf': 'H1', 'parent_sid': 0, 'parent_cycle_id': 2, 'structure_path_id': 'H1.main >> M15.confluence', 'sub_sid': 0, 'started_by': 'first_confluence', 'start_trigger_idx': 2561}"
2584,RANGE,RANGE_UPDATED,,"{'hi': 0.58404, 'lo': 0.58368, 'structure_id': 0, 'struct_direction': 1, 'timeframe': 'M15', 'use_case': 'first_confluence', 'parent_tf': 'H1', 'parent_sid': 0, 'parent_cycle_id': 2, 'structure_path_id': 'H1.main >> M15.confluence', 'sub_sid': 0, 'started_by': 'first_confluence', 'start_trigger_idx': 2561}"
2589,RANGE,RANGE_UPDATED,,"{'hi': 0.58406, 'lo': 0.58368, 'structure_id': 0, 'struct_direction': 1, 'timeframe': 'M15', 'use_case': 'first_confluence', 'parent_tf': 'H1', 'parent_sid': 0, 'parent_cycle_id': 2, 'structure_path_id': 'H1.main >> M15.confluence', 'sub_sid': 0, 'started_by': 'first_confluence', 'start_trigger_idx': 2561}"
2589,STRUCTURE,CTS_UPDATED,0.58406,"{'via': 'replay_raw', 'cycle_id': 0, 'structure_id': 0, 'struct_direction': 1, 'timeframe': 'M15', 'use_case': 'first_confluence', 'parent_tf': 'H1', 'parent_sid': 0, 'parent_cycle_id': 2, 'structure_path_id': 'H1.main >> M15.confluence', 'sub_sid': 0, 'started_by': 'first_confluence', 'start_trigger_idx': 2561}"
2590,RANGE,RANGE_UPDATED,,"{'hi': 0.5842, 'lo': 0.58368, 'structure_id': 0, 'struct_direction': 1, 'timeframe': 'M15', 'use_case': 'first_confluence', 'parent_tf': 'H1', 'parent_sid': 0, 'parent_cycle_id': 2, 'structure_path_id': 'H1.main >> M15.confluence', 'sub_sid': 0, 'started_by': 'first_confluence', 'start_trigger_idx': 2561}"
2590,STRUCTURE,CTS_UPDATED,0.5842,"{'via': 'replay_raw', 'cycle_id': 0, 'structure_id': 0, 'struct_direction': 1, 'timeframe': 'M15', 'use_case': 'first_confluence', 'parent_tf': 'H1', 'parent_sid': 0, 'parent_cycle_id': 2, 'structure_path_id': 'H1.main >> M15.confluence', 'sub_sid': 0, 'started_by': 'first_confluence', 'start_trigger_idx': 2561}"
2591,RANGE,RANGE_UPDATED,,"{'hi': 0.58428, 'lo': 0.58368, 'structure_id': 0, 'struct_direction': 1, 'timeframe': 'M15', 'use_case': 'first_confluence', 'parent_tf': 'H1', 'parent_sid': 0, 'parent_cycle_id': 2, 'structure_path_id': 'H1.main >> M15.confluence', 'sub_sid': 0, 'started_by': 'first_confluence', 'start_trigger_idx': 2561}"
2591,STRUCTURE,CTS_UPDATED,0.58428,"{'via': 'replay_raw', 'cycle_id': 0, 'structure_id': 0, 'struct_direction': 1, 'timeframe': 'M15', 'use_case': 'first_confluence', 'parent_tf': 'H1', 'parent_sid': 0, 'parent_cycle_id': 2, 'structure_path_id': 'H1.main >> M15.confluence', 'sub_sid': 0, 'started_by': 'first_confluence', 'start_trigger_idx': 2561}"
2599,RANGE,RANGE_UPDATED,,"{'hi': 0.58432, 'lo': 0.58368, 'structure_id': 0, 'struct_direction': 1, 'timeframe': 'M15', 'use_case': 'first_confluence', 'parent_tf': 'H1', 'parent_sid': 0, 'parent_cycle_id': 2, 'structure_path_id': 'H1.main >> M15.confluence', 'sub_sid': 0, 'started_by': 'first_confluence', 'start_trigger_idx': 2561}"
2599,STRUCTURE,CTS_UPDATED,0.58432,"{'via': 'replay_raw', 'cycle_id': 0, 'structure_id': 0, 'struct_direction': 1, 'timeframe': 'M15', 'use_case': 'first_confluence', 'parent_tf': 'H1', 'parent_sid': 0, 'parent_cycle_id': 2, 'structure_path_id': 'H1.main >> M15.confluence', 'sub_sid': 0, 'started_by': 'first_confluence', 'start_trigger_idx': 2561}"
2600,RANGE,RANGE_UPDATED,,"{'hi': 0.58448, 'lo': 0.58368, 'structure_id': 0, 'struct_direction': 1, 'timeframe': 'M15', 'use_case': 'first_confluence', 'parent_tf': 'H1', 'parent_sid': 0, 'parent_cycle_id': 2, 'structure_path_id': 'H1.main >> M15.confluence', 'sub_sid': 0, 'started_by': 'first_confluence', 'start_trigger_idx': 2561}"
2600,STRUCTURE,CTS_UPDATED,0.58448,"{'via': 'replay_raw', 'cycle_id': 0, 'structure_id': 0, 'struct_direction': 1, 'timeframe': 'M15', 'use_case': 'first_confluence', 'parent_tf': 'H1', 'parent_sid': 0, 'parent_cycle_id': 2, 'structure_path_id': 'H1.main >> M15.confluence', 'sub_sid': 0, 'started_by': 'first_confluence', 'start_trigger_idx': 2561}"
2604,RANGE,RANGE_UPDATED,,"{'hi': 0.58448, 'lo': 0.58362, 'structure_id': 0, 'struct_direction': 1, 'timeframe': 'M15', 'use_case': 'first_confluence', 'parent_tf': 'H1', 'parent_sid': 0, 'parent_cycle_id': 2, 'structure_path_id': 'H1.main >> M15.confluence', 'sub_sid': 0, 'started_by': 'first_confluence', 'start_trigger_idx': 2561}"
2606,RANGE,RANGE_UPDATED,,"{'hi': 0.58465, 'lo': 0.58362, 'structure_id': 0, 'struct_direction': 1, 'timeframe': 'M15', 'use_case': 'first_confluence', 'parent_tf': 'H1', 'parent_sid': 0, 'parent_cycle_id': 2, 'structure_path_id': 'H1.main >> M15.confluence', 'sub_sid': 0, 'started_by': 'first_confluence', 'start_trigger_idx': 2561}"
2606,STRUCTURE,CTS_UPDATED,0.58465,"{'via': 'replay_raw', 'cycle_id': 0, 'structure_id': 0, 'struct_direction': 1, 'timeframe': 'M15', 'use_case': 'first_confluence', 'parent_tf': 'H1', 'parent_sid': 0, 'parent_cycle_id': 2, 'structure_path_id': 'H1.main >> M15.confluence', 'sub_sid': 0, 'started_by': 'first_confluence', 'start_trigger_idx': 2561}"
2607,STRUCTURE,CTS_UPDATED,0.58488,"{'via': 'replay_raw', 'cycle_id': 0, 'structure_id': 0, 'struct_direction': 1, 'timeframe': 'M15', 'use_case': 'first_confluence', 'parent_tf': 'H1', 'parent_sid': 0, 'parent_cycle_id': 2, 'structure_path_id': 'H1.main >> M15.confluence', 'sub_sid': 0, 'started_by': 'first_confluence', 'start_trigger_idx': 2561}"
2608,RANGE,RANGE_RESET,,"{'reason': 'range_breakout', 'pat': 'one_maru_continuous', 'structure_id': 0, 'struct_direction': 1, 'timeframe': 'M15', 'use_case': 'first_confluence', 'parent_tf': 'H1', 'parent_sid': 0, 'parent_cycle_id': 2, 'structure_path_id': 'H1.main >> M15.confluence', 'sub_sid': 0, 'started_by': 'first_confluence', 'start_trigger_idx': 2561}"
2608,STRUCTURE,CTS_UPDATED,0.58518,"{'via': 'one_maru_continuous', 'cycle_id': 0, 'structure_id': 0, 'struct_direction': 1, 'timeframe': 'M15', 'use_case': 'first_confluence', 'parent_tf': 'H1', 'parent_sid': 0, 'parent_cycle_id': 2, 'structure_path_id': 'H1.main >> M15.confluence', 'sub_sid': 0, 'started_by': 'first_confluence', 'start_trigger_idx': 2561}"
2608,STATE,STATE_CHANGED,,"{'from': 'range', 'to': 'breakout', 'structure_id': 0, 'struct_direction': 1, 'reason': 'breakout_pattern', 'pat': 'one_maru_continuous', 'effective_idx': 97, 'timeframe': 'M15', 'use_case': 'first_confluence', 'parent_tf': 'H1', 'parent_sid': 0, 'parent_cycle_id': 2, 'structure_path_id': 'H1.main >> M15.confluence', 'sub_sid': 0, 'started_by': 'first_confluence', 'start_trigger_idx': 2561}"
2609,STRUCTURE,CTS_UPDATED,0.58534,"{'via': 'replay_raw', 'cycle_id': 0, 'structure_id': 0, 'struct_direction': 1, 'timeframe': 'M15', 'use_case': 'first_confluence', 'parent_tf': 'H1', 'parent_sid': 0, 'parent_cycle_id': 2, 'structure_path_id': 'H1.main >> M15.confluence', 'sub_sid': 0, 'started_by': 'first_confluence', 'start_trigger_idx': 2561}"
2612,RANGE,RANGE_STARTED,,"{'reason': 'pullback_created_range', 'cts_idx': 98, 'cts_price': 0.58534, 'pullback_apply_idx': 101, 'hi': 0.58534, 'lo': 0.58429, 'pat': 'one_maru_continuous', 'structure_id': 0, 'struct_direction': 1, 'timeframe': 'M15', 'use_case': 'first_confluence', 'parent_tf': 'H1', 'parent_sid': 0, 'parent_cycle_id': 2, 'structure_path_id': 'H1.main >> M15.confluence', 'sub_sid': 0, 'started_by': 'first_confluence', 'start_trigger_idx': 2561}"
2612,STRUCTURE,CTS_CONFIRMED,0.58534,"{'via': 'one_maru_continuous', 'cycle_id': 0, 'structure_id': 0, 'struct_direction': 1, 'confirmed_at': 2612, 'cts_anchor_idx': 2609, 'confirmation_method': 'pullback', 'timeframe': 'M15', 'use_case': 'first_confluence', 'parent_tf': 'H1', 'parent_sid': 0, 'parent_cycle_id': 2, 'structure_path_id': 'H1.main >> M15.confluence', 'sub_sid': 0, 'started_by': 'first_confluence', 'start_trigger_idx': 2561}"
2612,STATE,STATE_CHANGED,,"{'from': 'breakout', 'to': 'pullback', 'structure_id': 0, 'struct_direction': 1, 'reason': 'pullback_pattern', 'pat': 'one_maru_continuous', 'effective_idx': 101, 'timeframe': 'M15', 'use_case': 'first_confluence', 'parent_tf': 'H1', 'parent_sid': 0, 'parent_cycle_id': 2, 'structure_path_id': 'H1.main >> M15.confluence', 'sub_sid': 0, 'started_by': 'first_confluence', 'start_trigger_idx': 2561}"
2613,RANGE,RANGE_UPDATED,,"{'hi': 0.58534, 'lo': 0.58421, 'structure_id': 0, 'struct_direction': 1, 'timeframe': 'M15', 'use_case': 'first_confluence', 'parent_tf': 'H1', 'parent_sid': 0, 'parent_cycle_id': 2, 'structure_path_id': 'H1.main >> M15.confluence', 'sub_sid': 0, 'started_by': 'first_confluence', 'start_trigger_idx': 2561}"
2614,RANGE,RANGE_UPDATED,,"{'hi': 0.58534, 'lo': 0.58414, 'structure_id': 0, 'struct_direction': 1, 'timeframe': 'M15', 'use_case': 'first_confluence', 'parent_tf': 'H1', 'parent_sid': 0, 'parent_cycle_id': 2, 'structure_path_id': 'H1.main >> M15.confluence', 'sub_sid': 0, 'started_by': 'first_confluence', 'start_trigger_idx': 2561}"
2615,RANGE,RANGE_UPDATED,,"{'hi': 0.58534, 'lo': 0.584, 'structure_id': 0, 'struct_direction': 1, 'timeframe': 'M15', 'use_case': 'first_confluence', 'parent_tf': 'H1', 'parent_sid': 0, 'parent_cycle_id': 2, 'structure_path_id': 'H1.main >> M15.confluence', 'sub_sid': 0, 'started_by': 'first_confluence', 'start_trigger_idx': 2561}"
2616,RANGE,RANGE_UPDATED,,"{'hi': 0.58534, 'lo': 0.58392, 'structure_id': 0, 'struct_direction': 1, 'timeframe': 'M15', 'use_case': 'first_confluence', 'parent_tf': 'H1', 'parent_sid': 0, 'parent_cycle_id': 2, 'structure_path_id': 'H1.main >> M15.confluence', 'sub_sid': 0, 'started_by': 'first_confluence', 'start_trigger_idx': 2561}"
2617,STATE,STATE_CHANGED,,"{'from': 'pullback', 'to': 'pullback_range', 'structure_id': 0, 'struct_direction': 1, 'reason': 'replay_no_expand_pullback_side', 'effective_idx': 106, 'timeframe': 'M15', 'use_case': 'first_confluence', 'parent_tf': 'H1', 'parent_sid': 0, 'parent_cycle_id': 2, 'structure_path_id': 'H1.main >> M15.confluence', 'sub_sid': 0, 'started_by': 'first_confluence', 'start_trigger_idx': 2561}"
2633,RANGE,RANGE_UPDATED,,"{'hi': 0.58534, 'lo': 0.58385, 'structure_id': 0, 'struct_direction': 1, 'timeframe': 'M15', 'use_case': 'first_confluence', 'parent_tf': 'H1', 'parent_sid': 0, 'parent_cycle_id': 2, 'structure_path_id': 'H1.main >> M15.confluence', 'sub_sid': 0, 'started_by': 'first_confluence', 'start_trigger_idx': 2561}"
2633,STATE,STATE_CHANGED,,"{'from': 'pullback_range', 'to': 'pullback', 'structure_id': 0, 'struct_direction': 1, 'reason': 'replay_expand_pullback_side', 'effective_idx': 122, 'timeframe': 'M15', 'use_case': 'first_confluence', 'parent_tf': 'H1', 'parent_sid': 0, 'parent_cycle_id': 2, 'structure_path_id': 'H1.main >> M15.confluence', 'sub_sid': 0, 'started_by': 'first_confluence', 'start_trigger_idx': 2561}"
2634,STATE,STATE_CHANGED,,"{'from': 'pullback', 'to': 'pullback_range', 'structure_id': 0, 'struct_direction': 1, 'reason': 'replay_no_expand_pullback_side', 'effective_idx': 123, 'timeframe': 'M15', 'use_case': 'first_confluence', 'parent_tf': 'H1', 'parent_sid': 0, 'parent_cycle_id': 2, 'structure_path_id': 'H1.main >> M15.confluence', 'sub_sid': 0, 'started_by': 'first_confluence', 'start_trigger_idx': 2561}"
2650,RANGE,RANGE_UPDATED,,"{'hi': 0.58534, 'lo': 0.58383, 'structure_id': 0, 'struct_direction': 1, 'timeframe': 'M15', 'use_case': 'first_confluence', 'parent_tf': 'H1', 'parent_sid': 0, 'parent_cycle_id': 2, 'structure_path_id': 'H1.main >> M15.confluence', 'sub_sid': 0, 'started_by': 'first_confluence', 'start_trigger_idx': 2561}"
2650,STATE,STATE_CHANGED,,"{'from': 'pullback_range', 'to': 'pullback', 'structure_id': 0, 'struct_direction': 1, 'reason': 'replay_expand_pullback_side', 'effective_idx': 139, 'timeframe': 'M15', 'use_case': 'first_confluence', 'parent_tf': 'H1', 'parent_sid': 0, 'parent_cycle_id': 2, 'structure_path_id': 'H1.main >> M15.confluence', 'sub_sid': 0, 'started_by': 'first_confluence', 'start_trigger_idx': 2561}"
2651,RANGE,RANGE_UPDATED,,"{'hi': 0.58534, 'lo': 0.58354, 'structure_id': 0, 'struct_direction': 1, 'timeframe': 'M15', 'use_case': 'first_confluence', 'parent_tf': 'H1', 'parent_sid': 0, 'parent_cycle_id': 2, 'structure_path_id': 'H1.main >> M15.confluence', 'sub_sid': 0, 'started_by': 'first_confluence', 'start_trigger_idx': 2561}"
2652,STATE,STATE_CHANGED,,"{'from': 'pullback', 'to': 'pullback_range', 'structure_id': 0, 'struct_direction': 1, 'reason': 'replay_no_expand_pullback_side', 'effective_idx': 141, 'timeframe': 'M15', 'use_case': 'first_confluence', 'parent_tf': 'H1', 'parent_sid': 0, 'parent_cycle_id': 2, 'structure_path_id': 'H1.main >> M15.confluence', 'sub_sid': 0, 'started_by': 'first_confluence', 'start_trigger_idx': 2561}"
2653,RANGE,RANGE_UPDATED,,"{'hi': 0.58534, 'lo': 0.58352, 'structure_id': 0, 'struct_direction': 1, 'timeframe': 'M15', 'use_case': 'first_confluence', 'parent_tf': 'H1', 'parent_sid': 0, 'parent_cycle_id': 2, 'structure_path_id': 'H1.main >> M15.confluence', 'sub_sid': 0, 'started_by': 'first_confluence', 'start_trigger_idx': 2561}"
2653,STATE,STATE_CHANGED,,"{'from': 'pullback_range', 'to': 'pullback', 'structure_id': 0, 'struct_direction': 1, 'reason': 'replay_expand_pullback_side', 'effective_idx': 142, 'timeframe': 'M15', 'use_case': 'first_confluence', 'parent_tf': 'H1', 'parent_sid': 0, 'parent_cycle_id': 2, 'structure_path_id': 'H1.main >> M15.confluence', 'sub_sid': 0, 'started_by': 'first_confluence', 'start_trigger_idx': 2561}"
2654,RANGE,RANGE_UPDATED,,"{'hi': 0.58534, 'lo': 0.58337, 'structure_id': 0, 'struct_direction': 1, 'timeframe': 'M15', 'use_case': 'first_confluence', 'parent_tf': 'H1', 'parent_sid': 0, 'parent_cycle_id': 2, 'structure_path_id': 'H1.main >> M15.confluence', 'sub_sid': 0, 'started_by': 'first_confluence', 'start_trigger_idx': 2561}"
2655,STATE,STATE_CHANGED,,"{'from': 'pullback', 'to': 'pullback_range', 'structure_id': 0, 'struct_direction': 1, 'reason': 'replay_no_expand_pullback_side', 'effective_idx': 144, 'timeframe': 'M15', 'use_case': 'first_confluence', 'parent_tf': 'H1', 'parent_sid': 0, 'parent_cycle_id': 2, 'structure_path_id': 'H1.main >> M15.confluence', 'sub_sid': 0, 'started_by': 'first_confluence', 'start_trigger_idx': 2561}"
2658,RANGE,RANGE_UPDATED,,"{'hi': 0.58534, 'lo': 0.58334, 'structure_id': 0, 'struct_direction': 1, 'timeframe': 'M15', 'use_case': 'first_confluence', 'parent_tf': 'H1', 'parent_sid': 0, 'parent_cycle_id': 2, 'structure_path_id': 'H1.main >> M15.confluence', 'sub_sid': 0, 'started_by': 'first_confluence', 'start_trigger_idx': 2561}"
2658,STATE,STATE_CHANGED,,"{'from': 'pullback_range', 'to': 'pullback', 'structure_id': 0, 'struct_direction': 1, 'reason': 'replay_expand_pullback_side', 'effective_idx': 147, 'timeframe': 'M15', 'use_case': 'first_confluence', 'parent_tf': 'H1', 'parent_sid': 0, 'parent_cycle_id': 2, 'structure_path_id': 'H1.main >> M15.confluence', 'sub_sid': 0, 'started_by': 'first_confluence', 'start_trigger_idx': 2561}"
2659,STATE,STATE_CHANGED,,"{'from': 'pullback', 'to': 'pullback_range', 'structure_id': 0, 'struct_direction': 1, 'reason': 'replay_no_expand_pullback_side', 'effective_idx': 148, 'timeframe': 'M15', 'use_case': 'first_confluence', 'parent_tf': 'H1', 'parent_sid': 0, 'parent_cycle_id': 2, 'structure_path_id': 'H1.main >> M15.confluence', 'sub_sid': 0, 'started_by': 'first_confluence', 'start_trigger_idx': 2561}"
2663,RANGE,RANGE_UPDATED,,"{'hi': 0.58534, 'lo': 0.58329, 'structure_id': 0, 'struct_direction': 1, 'timeframe': 'M15', 'use_case': 'first_confluence', 'parent_tf': 'H1', 'parent_sid': 0, 'parent_cycle_id': 2, 'structure_path_id': 'H1.main >> M15.confluence', 'sub_sid': 0, 'started_by': 'first_confluence', 'start_trigger_idx': 2561}"
2663,STATE,STATE_CHANGED,,"{'from': 'pullback_range', 'to': 'pullback', 'structure_id': 0, 'struct_direction': 1, 'reason': 'replay_expand_pullback_side', 'effective_idx': 152, 'timeframe': 'M15', 'use_case': 'first_confluence', 'parent_tf': 'H1', 'parent_sid': 0, 'parent_cycle_id': 2, 'structure_path_id': 'H1.main >> M15.confluence', 'sub_sid': 0, 'started_by': 'first_confluence', 'start_trigger_idx': 2561}"
2664,STATE,STATE_CHANGED,,"{'from': 'pullback', 'to': 'pullback_range', 'structure_id': 0, 'struct_direction': 1, 'reason': 'replay_no_expand_pullback_side', 'effective_idx': 153, 'timeframe': 'M15', 'use_case': 'first_confluence', 'parent_tf': 'H1', 'parent_sid': 0, 'parent_cycle_id': 2, 'structure_path_id': 'H1.main >> M15.confluence', 'sub_sid': 0, 'started_by': 'first_confluence', 'start_trigger_idx': 2561}"
2667,RANGE,RANGE_UPDATED,,"{'hi': 0.58534, 'lo': 0.58324, 'structure_id': 0, 'struct_direction': 1, 'timeframe': 'M15', 'use_case': 'first_confluence', 'parent_tf': 'H1', 'parent_sid': 0, 'parent_cycle_id': 2, 'structure_path_id': 'H1.main >> M15.confluence', 'sub_sid': 0, 'started_by': 'first_confluence', 'start_trigger_idx': 2561}"
2667,STATE,STATE_CHANGED,,"{'from': 'pullback_range', 'to': 'pullback', 'structure_id': 0, 'struct_direction': 1, 'reason': 'replay_expand_pullback_side', 'effective_idx': 156, 'timeframe': 'M15', 'use_case': 'first_confluence', 'parent_tf': 'H1', 'parent_sid': 0, 'parent_cycle_id': 2, 'structure_path_id': 'H1.main >> M15.confluence', 'sub_sid': 0, 'started_by': 'first_confluence', 'start_trigger_idx': 2561}"
2668,STATE,STATE_CHANGED,,"{'from': 'pullback', 'to': 'pullback_range', 'structure_id': 0, 'struct_direction': 1, 'reason': 'replay_no_expand_pullback_side', 'effective_idx': 157, 'timeframe': 'M15', 'use_case': 'first_confluence', 'parent_tf': 'H1', 'parent_sid': 0, 'parent_cycle_id': 2, 'structure_path_id': 'H1.main >> M15.confluence', 'sub_sid': 0, 'started_by': 'first_confluence', 'start_trigger_idx': 2561}"
2672,RANGE,RANGE_UPDATED,,"{'hi': 0.58534, 'lo': 0.58307, 'structure_id': 0, 'struct_direction': 1, 'timeframe': 'M15', 'use_case': 'first_confluence', 'parent_tf': 'H1', 'parent_sid': 0, 'parent_cycle_id': 2, 'structure_path_id': 'H1.main >> M15.confluence', 'sub_sid': 0, 'started_by': 'first_confluence', 'start_trigger_idx': 2561}"
2672,STATE,STATE_CHANGED,,"{'from': 'pullback_range', 'to': 'pullback', 'structure_id': 0, 'struct_direction': 1, 'reason': 'replay_expand_pullback_side', 'effective_idx': 161, 'timeframe': 'M15', 'use_case': 'first_confluence', 'parent_tf': 'H1', 'parent_sid': 0, 'parent_cycle_id': 2, 'structure_path_id': 'H1.main >> M15.confluence', 'sub_sid': 0, 'started_by': 'first_confluence', 'start_trigger_idx': 2561}"
2673,STATE,STATE_CHANGED,,"{'from': 'pullback', 'to': 'pullback_range', 'structure_id': 0, 'struct_direction': 1, 'reason': 'replay_no_expand_pullback_side', 'effective_idx': 162, 'timeframe': 'M15', 'use_case': 'first_confluence', 'parent_tf': 'H1', 'parent_sid': 0, 'parent_cycle_id': 2, 'structure_path_id': 'H1.main >> M15.confluence', 'sub_sid': 0, 'started_by': 'first_confluence', 'start_trigger_idx': 2561}"
2716,RANGE,RANGE_UPDATED,,"{'hi': 0.58534, 'lo': 0.58298, 'structure_id': 0, 'struct_direction': 1, 'timeframe': 'M15', 'use_case': 'first_confluence', 'parent_tf': 'H1', 'parent_sid': 0, 'parent_cycle_id': 2, 'structure_path_id': 'H1.main >> M15.confluence', 'sub_sid': 0, 'started_by': 'first_confluence', 'start_trigger_idx': 2561}"
2716,STATE,STATE_CHANGED,,"{'from': 'pullback_range', 'to': 'pullback', 'structure_id': 0, 'struct_direction': 1, 'reason': 'replay_expand_pullback_side', 'effective_idx': 205, 'timeframe': 'M15', 'use_case': 'first_confluence', 'parent_tf': 'H1', 'parent_sid': 0, 'parent_cycle_id': 2, 'structure_path_id': 'H1.main >> M15.confluence', 'sub_sid': 0, 'started_by': 'first_confluence', 'start_trigger_idx': 2561}"
2717,RANGE,RANGE_UPDATED,,"{'hi': 0.58534, 'lo': 0.58294, 'structure_id': 0, 'struct_direction': 1, 'timeframe': 'M15', 'use_case': 'first_confluence', 'parent_tf': 'H1', 'parent_sid': 0, 'parent_cycle_id': 2, 'structure_path_id': 'H1.main >> M15.confluence', 'sub_sid': 0, 'started_by': 'first_confluence', 'start_trigger_idx': 2561}"
2718,STATE,STATE_CHANGED,,"{'from': 'pullback', 'to': 'pullback_range', 'structure_id': 0, 'struct_direction': 1, 'reason': 'replay_no_expand_pullback_side', 'effective_idx': 207, 'timeframe': 'M15', 'use_case': 'first_confluence', 'parent_tf': 'H1', 'parent_sid': 0, 'parent_cycle_id': 2, 'structure_path_id': 'H1.main >> M15.confluence', 'sub_sid': 0, 'started_by': 'first_confluence', 'start_trigger_idx': 2561}"
2722,RANGE,RANGE_UPDATED,,"{'hi': 0.58534, 'lo': 0.58288, 'structure_id': 0, 'struct_direction': 1, 'timeframe': 'M15', 'use_case': 'first_confluence', 'parent_tf': 'H1', 'parent_sid': 0, 'parent_cycle_id': 2, 'structure_path_id': 'H1.main >> M15.confluence', 'sub_sid': 0, 'started_by': 'first_confluence', 'start_trigger_idx': 2561}"
2722,STATE,STATE_CHANGED,,"{'from': 'pullback_range', 'to': 'pullback', 'structure_id': 0, 'struct_direction': 1, 'reason': 'replay_expand_pullback_side', 'effective_idx': 211, 'timeframe': 'M15', 'use_case': 'first_confluence', 'parent_tf': 'H1', 'parent_sid': 0, 'parent_cycle_id': 2, 'structure_path_id': 'H1.main >> M15.confluence', 'sub_sid': 0, 'started_by': 'first_confluence', 'start_trigger_idx': 2561}"
2723,RANGE,RANGE_UPDATED,,"{'hi': 0.58534, 'lo': 0.58276, 'structure_id': 0, 'struct_direction': 1, 'timeframe': 'M15', 'use_case': 'first_confluence', 'parent_tf': 'H1', 'parent_sid': 0, 'parent_cycle_id': 2, 'structure_path_id': 'H1.main >> M15.confluence', 'sub_sid': 0, 'started_by': 'first_confluence', 'start_trigger_idx': 2561}"
2724,RANGE,RANGE_UPDATED,,"{'hi': 0.58534, 'lo': 0.58255, 'structure_id': 0, 'struct_direction': 1, 'timeframe': 'M15', 'use_case': 'first_confluence', 'parent_tf': 'H1', 'parent_sid': 0, 'parent_cycle_id': 2, 'structure_path_id': 'H1.main >> M15.confluence', 'sub_sid': 0, 'started_by': 'first_confluence', 'start_trigger_idx': 2561}"
2725,RANGE,RANGE_UPDATED,,"{'hi': 0.58534, 'lo': 0.58242, 'structure_id': 0, 'struct_direction': 1, 'timeframe': 'M15', 'use_case': 'first_confluence', 'parent_tf': 'H1', 'parent_sid': 0, 'parent_cycle_id': 2, 'structure_path_id': 'H1.main >> M15.confluence', 'sub_sid': 0, 'started_by': 'first_confluence', 'start_trigger_idx': 2561}"
2726,RANGE,RANGE_UPDATED,,"{'hi': 0.58534, 'lo': 0.58223, 'structure_id': 0, 'struct_direction': 1, 'timeframe': 'M15', 'use_case': 'first_confluence', 'parent_tf': 'H1', 'parent_sid': 0, 'parent_cycle_id': 2, 'structure_path_id': 'H1.main >> M15.confluence', 'sub_sid': 0, 'started_by': 'first_confluence', 'start_trigger_idx': 2561}"
2727,RANGE,RANGE_UPDATED,,"{'hi': 0.58534, 'lo': 0.5822, 'structure_id': 0, 'struct_direction': 1, 'timeframe': 'M15', 'use_case': 'first_confluence', 'parent_tf': 'H1', 'parent_sid': 0, 'parent_cycle_id': 2, 'structure_path_id': 'H1.main >> M15.confluence', 'sub_sid': 0, 'started_by': 'first_confluence', 'start_trigger_idx': 2561}"
2728,RANGE,RANGE_UPDATED,,"{'hi': 0.58534, 'lo': 0.58216, 'structure_id': 0, 'struct_direction': 1, 'timeframe': 'M15', 'use_case': 'first_confluence', 'parent_tf': 'H1', 'parent_sid': 0, 'parent_cycle_id': 2, 'structure_path_id': 'H1.main >> M15.confluence', 'sub_sid': 0, 'started_by': 'first_confluence', 'start_trigger_idx': 2561}"
2729,STATE,STATE_CHANGED,,"{'from': 'pullback', 'to': 'pullback_range', 'structure_id': 0, 'struct_direction': 1, 'reason': 'replay_no_expand_pullback_side', 'effective_idx': 218, 'timeframe': 'M15', 'use_case': 'first_confluence', 'parent_tf': 'H1', 'parent_sid': 0, 'parent_cycle_id': 2, 'structure_path_id': 'H1.main >> M15.confluence', 'sub_sid': 0, 'started_by': 'first_confluence', 'start_trigger_idx': 2561}"
2730,RANGE,RANGE_UPDATED,,"{'hi': 0.58534, 'lo': 0.58211, 'structure_id': 0, 'struct_direction': 1, 'timeframe': 'M15', 'use_case': 'first_confluence', 'parent_tf': 'H1', 'parent_sid': 0, 'parent_cycle_id': 2, 'structure_path_id': 'H1.main >> M15.confluence', 'sub_sid': 0, 'started_by': 'first_confluence', 'start_trigger_idx': 2561}"
2730,STATE,STATE_CHANGED,,"{'from': 'pullback_range', 'to': 'pullback', 'structure_id': 0, 'struct_direction': 1, 'reason': 'replay_expand_pullback_side', 'effective_idx': 219, 'timeframe': 'M15', 'use_case': 'first_confluence', 'parent_tf': 'H1', 'parent_sid': 0, 'parent_cycle_id': 2, 'structure_path_id': 'H1.main >> M15.confluence', 'sub_sid': 0, 'started_by': 'first_confluence', 'start_trigger_idx': 2561}"
2731,STATE,STATE_CHANGED,,"{'from': 'pullback', 'to': 'pullback_range', 'structure_id': 0, 'struct_direction': 1, 'reason': 'replay_no_expand_pullback_side', 'effective_idx': 220, 'timeframe': 'M15', 'use_case': 'first_confluence', 'parent_tf': 'H1', 'parent_sid': 0, 'parent_cycle_id': 2, 'structure_path_id': 'H1.main >> M15.confluence', 'sub_sid': 0, 'started_by': 'first_confluence', 'start_trigger_idx': 2561}"
2732,RANGE,RANGE_UPDATED,,"{'hi': 0.58534, 'lo': 0.58207, 'structure_id': 0, 'struct_direction': 1, 'timeframe': 'M15', 'use_case': 'first_confluence', 'parent_tf': 'H1', 'parent_sid': 0, 'parent_cycle_id': 2, 'structure_path_id': 'H1.main >> M15.confluence', 'sub_sid': 0, 'started_by': 'first_confluence', 'start_trigger_idx': 2561}"
2732,STATE,STATE_CHANGED,,"{'from': 'pullback_range', 'to': 'pullback', 'structure_id': 0, 'struct_direction': 1, 'reason': 'replay_expand_pullback_side', 'effective_idx': 221, 'timeframe': 'M15', 'use_case': 'first_confluence', 'parent_tf': 'H1', 'parent_sid': 0, 'parent_cycle_id': 2, 'structure_path_id': 'H1.main >> M15.confluence', 'sub_sid': 0, 'started_by': 'first_confluence', 'start_trigger_idx': 2561}"
2733,RANGE,RANGE_UPDATED,,"{'hi': 0.58534, 'lo': 0.58193, 'structure_id': 0, 'struct_direction': 1, 'timeframe': 'M15', 'use_case': 'first_confluence', 'parent_tf': 'H1', 'parent_sid': 0, 'parent_cycle_id': 2, 'structure_path_id': 'H1.main >> M15.confluence', 'sub_sid': 0, 'started_by': 'first_confluence', 'start_trigger_idx': 2561}"
2733,STRUCTURE,BOS_THRESHOLD_UPDATED,0.58193,"{'prev': 0.58198, 'reason': 'probe_no_break', 'cycle_id': 0, 'structure_id': 0, 'struct_direction': 1, 'timeframe': 'M15', 'use_case': 'first_confluence', 'parent_tf': 'H1', 'parent_sid': 0, 'parent_cycle_id': 2, 'structure_path_id': 'H1.main >> M15.confluence', 'sub_sid': 0, 'started_by': 'first_confluence', 'start_trigger_idx': 2561}"
2734,RANGE,RANGE_UPDATED,,"{'hi': 0.58534, 'lo': 0.5819, 'structure_id': 0, 'struct_direction': 1, 'timeframe': 'M15', 'use_case': 'first_confluence', 'parent_tf': 'H1', 'parent_sid': 0, 'parent_cycle_id': 2, 'structure_path_id': 'H1.main >> M15.confluence', 'sub_sid': 0, 'started_by': 'first_confluence', 'start_trigger_idx': 2561}"
2734,STRUCTURE,BOS_THRESHOLD_UPDATED,0.5819,"{'prev': 0.58193, 'reason': 'probe_no_break', 'cycle_id': 0, 'structure_id': 0, 'struct_direction': 1, 'timeframe': 'M15', 'use_case': 'first_confluence', 'parent_tf': 'H1', 'parent_sid': 0, 'parent_cycle_id': 2, 'structure_path_id': 'H1.main >> M15.confluence', 'sub_sid': 0, 'started_by': 'first_confluence', 'start_trigger_idx': 2561}"
2735,STATE,STATE_CHANGED,,"{'from': 'pullback', 'to': 'pullback_range', 'structure_id': 0, 'struct_direction': 1, 'reason': 'replay_no_expand_pullback_side', 'effective_idx': 224, 'timeframe': 'M15', 'use_case': 'first_confluence', 'parent_tf': 'H1', 'parent_sid': 0, 'parent_cycle_id': 2, 'structure_path_id': 'H1.main >> M15.confluence', 'sub_sid': 0, 'started_by': 'first_confluence', 'start_trigger_idx': 2561}"
2736,RANGE,RANGE_UPDATED,,"{'hi': 0.58534, 'lo': 0.5818, 'structure_id': 0, 'struct_direction': 1, 'timeframe': 'M15', 'use_case': 'first_confluence', 'parent_tf': 'H1', 'parent_sid': 0, 'parent_cycle_id': 2, 'structure_path_id': 'H1.main >> M15.confluence', 'sub_sid': 0, 'started_by': 'first_confluence', 'start_trigger_idx': 2561}"
2736,STATE,STATE_CHANGED,,"{'from': 'pullback_range', 'to': 'pullback', 'structure_id': 0, 'struct_direction': 1, 'reason': 'replay_expand_pullback_side', 'effective_idx': 225, 'timeframe': 'M15', 'use_case': 'first_confluence', 'parent_tf': 'H1', 'parent_sid': 0, 'parent_cycle_id': 2, 'structure_path_id': 'H1.main >> M15.confluence', 'sub_sid': 0, 'started_by': 'first_confluence', 'start_trigger_idx': 2561}"
2736,STRUCTURE,BOS_THRESHOLD_UPDATED,0.5818,"{'prev': 0.5819, 'reason': 'probe_no_break', 'cycle_id': 0, 'structure_id': 0, 'struct_direction': 1, 'timeframe': 'M15', 'use_case': 'first_confluence', 'parent_tf': 'H1', 'parent_sid': 0, 'parent_cycle_id': 2, 'structure_path_id': 'H1.main >> M15.confluence', 'sub_sid': 0, 'started_by': 'first_confluence', 'start_trigger_idx': 2561}"
2737,STATE,STATE_CHANGED,,"{'from': 'pullback', 'to': 'pullback_range', 'structure_id': 0, 'struct_direction': 1, 'reason': 'replay_no_expand_pullback_side', 'effective_idx': 226, 'timeframe': 'M15', 'use_case': 'first_confluence', 'parent_tf': 'H1', 'parent_sid': 0, 'parent_cycle_id': 2, 'structure_path_id': 'H1.main >> M15.confluence', 'sub_sid': 0, 'started_by': 'first_confluence', 'start_trigger_idx': 2561}"
2749,STRUCTURE,CTS_ESTABLISHED,0.58282,"{'via': 'continuous', 'anchor_idx': 2746, 'pattern_name': 'continuous', 'confirmed_at': 2749, 'cycle_id': 0, 'structure_id': 0, 'struct_direction': 1, 'timeframe': 'M15', 'use_case': 'subsequent_confluence', 'parent_tf': 'H1', 'parent_sid': 0, 'parent_cycle_id': 2, 'structure_path_id': 'H1.main >> M15.confluence', 'sub_sid': 1, 'started_by': 'subsequent_confluence', 'start_trigger_idx': 2751}"
2736,STRUCTURE,BOS_CONFIRMED,0.5818,"{'source': 'initial_prior_extreme', 'confirmed_at': 2749, 'pb_start': None, 'cycle_id': 0, 'structure_id': 0, 'struct_direction': 1, 'timeframe': 'M15', 'use_case': 'subsequent_confluence', 'parent_tf': 'H1', 'parent_sid': 0, 'parent_cycle_id': 2, 'structure_path_id': 'H1.main >> M15.confluence', 'sub_sid': 1, 'started_by': 'subsequent_confluence', 'start_trigger_idx': 2751}"
2749,STATE,STATE_CHANGED,,"{'from': 'none', 'to': 'breakout', 'structure_id': 0, 'struct_direction': 1, 'reason': 'breakout_pattern', 'pat': 'continuous', 'effective_idx': 63, 'timeframe': 'M15', 'use_case': 'subsequent_confluence', 'parent_tf': 'H1', 'parent_sid': 0, 'parent_cycle_id': 2, 'structure_path_id': 'H1.main >> M15.confluence', 'sub_sid': 1, 'started_by': 'subsequent_confluence', 'start_trigger_idx': 2751}"
2750,STRUCTURE,CTS_UPDATED,0.58327,"{'via': 'replay_raw', 'cycle_id': 0, 'structure_id': 0, 'struct_direction': 1, 'timeframe': 'M15', 'use_case': 'subsequent_confluence', 'parent_tf': 'H1', 'parent_sid': 0, 'parent_cycle_id': 2, 'structure_path_id': 'H1.main >> M15.confluence', 'sub_sid': 1, 'started_by': 'subsequent_confluence', 'start_trigger_idx': 2751}"
2751,STRUCTURE,CTS_UPDATED,0.58336,"{'via': 'replay_raw', 'cycle_id': 0, 'structure_id': 0, 'struct_direction': 1, 'timeframe': 'M15', 'use_case': 'subsequent_confluence', 'parent_tf': 'H1', 'parent_sid': 0, 'parent_cycle_id': 2, 'structure_path_id': 'H1.main >> M15.confluence', 'sub_sid': 1, 'started_by': 'subsequent_confluence', 'start_trigger_idx': 2751}"
2752,STRUCTURE,CTS_UPDATED,0.58355,"{'via': 'one_maru_opposite', 'cycle_id': 0, 'structure_id': 0, 'struct_direction': 1, 'timeframe': 'M15', 'use_case': 'subsequent_confluence', 'parent_tf': 'H1', 'parent_sid': 0, 'parent_cycle_id': 2, 'structure_path_id': 'H1.main >> M15.confluence', 'sub_sid': 1, 'started_by': 'subsequent_confluence', 'start_trigger_idx': 2751}"
2753,STRUCTURE,CTS_UPDATED,0.58366,"{'via': 'replay_raw', 'cycle_id': 0, 'structure_id': 0, 'struct_direction': 1, 'timeframe': 'M15', 'use_case': 'subsequent_confluence', 'parent_tf': 'H1', 'parent_sid': 0, 'parent_cycle_id': 2, 'structure_path_id': 'H1.main >> M15.confluence', 'sub_sid': 1, 'started_by': 'subsequent_confluence', 'start_trigger_idx': 2751}"
2754,STRUCTURE,CTS_UPDATED,0.5837,"{'via': 'replay_raw', 'cycle_id': 0, 'structure_id': 0, 'struct_direction': 1, 'timeframe': 'M15', 'use_case': 'subsequent_confluence', 'parent_tf': 'H1', 'parent_sid': 0, 'parent_cycle_id': 2, 'structure_path_id': 'H1.main >> M15.confluence', 'sub_sid': 1, 'started_by': 'subsequent_confluence', 'start_trigger_idx': 2751}"
2756,RANGE,RANGE_STARTED,,"{'start_idx': 67, 'confirm_idx': 70, 'hi': 0.5837, 'lo': 0.58346, 'cts_idx': 68, 'cts_price': 0.5837, 'structure_id': 0, 'struct_direction': 1, 'timeframe': 'M15', 'use_case': 'subsequent_confluence', 'parent_tf': 'H1', 'parent_sid': 0, 'parent_cycle_id': 2, 'structure_path_id': 'H1.main >> M15.confluence', 'sub_sid': 1, 'started_by': 'subsequent_confluence', 'start_trigger_idx': 2751}"
2756,STATE,STATE_CHANGED,,"{'from': 'breakout', 'to': 'range', 'structure_id': 0, 'struct_direction': 1, 'reason': 'range_confirmed', 'effective_idx': 67, 'timeframe': 'M15', 'use_case': 'subsequent_confluence', 'parent_tf': 'H1', 'parent_sid': 0, 'parent_cycle_id': 2, 'structure_path_id': 'H1.main >> M15.confluence', 'sub_sid': 1, 'started_by': 'subsequent_confluence', 'start_trigger_idx': 2751}"
2754,RANGE,RANGE_UPDATED,,"{'hi': 0.5837, 'lo': 0.58328, 'structure_id': 0, 'struct_direction': 1, 'timeframe': 'M15', 'use_case': 'subsequent_confluence', 'parent_tf': 'H1', 'parent_sid': 0, 'parent_cycle_id': 2, 'structure_path_id': 'H1.main >> M15.confluence', 'sub_sid': 1, 'started_by': 'subsequent_confluence', 'start_trigger_idx': 2751}"
2755,RANGE,RANGE_UPDATED,,"{'hi': 0.5837, 'lo': 0.58317, 'structure_id': 0, 'struct_direction': 1, 'timeframe': 'M15', 'use_case': 'subsequent_confluence', 'parent_tf': 'H1', 'parent_sid': 0, 'parent_cycle_id': 2, 'structure_path_id': 'H1.main >> M15.confluence', 'sub_sid': 1, 'started_by': 'subsequent_confluence', 'start_trigger_idx': 2751}"
2756,RANGE,RANGE_UPDATED,,"{'hi': 0.58383, 'lo': 0.58317, 'structure_id': 0, 'struct_direction': 1, 'timeframe': 'M15', 'use_case': 'subsequent_confluence', 'parent_tf': 'H1', 'parent_sid': 0, 'parent_cycle_id': 2, 'structure_path_id': 'H1.main >> M15.confluence', 'sub_sid': 1, 'started_by': 'subsequent_confluence', 'start_trigger_idx': 2751}"
2756,STRUCTURE,CTS_UPDATED,0.58383,"{'via': 'replay_raw', 'cycle_id': 0, 'structure_id': 0, 'struct_direction': 1, 'timeframe': 'M15', 'use_case': 'subsequent_confluence', 'parent_tf': 'H1', 'parent_sid': 0, 'parent_cycle_id': 2, 'structure_path_id': 'H1.main >> M15.confluence', 'sub_sid': 1, 'started_by': 'subsequent_confluence', 'start_trigger_idx': 2751}"
2757,RANGE,RANGE_UPDATED,,"{'hi': 0.58422, 'lo': 0.58317, 'structure_id': 0, 'struct_direction': 1, 'timeframe': 'M15', 'use_case': 'subsequent_confluence', 'parent_tf': 'H1', 'parent_sid': 0, 'parent_cycle_id': 2, 'structure_path_id': 'H1.main >> M15.confluence', 'sub_sid': 1, 'started_by': 'subsequent_confluence', 'start_trigger_idx': 2751}"
2757,STRUCTURE,CTS_UPDATED,0.58422,"{'via': 'replay_raw', 'cycle_id': 0, 'structure_id': 0, 'struct_direction': 1, 'timeframe': 'M15', 'use_case': 'subsequent_confluence', 'parent_tf': 'H1', 'parent_sid': 0, 'parent_cycle_id': 2, 'structure_path_id': 'H1.main >> M15.confluence', 'sub_sid': 1, 'started_by': 'subsequent_confluence', 'start_trigger_idx': 2751}"
2758,RANGE,RANGE_UPDATED,,"{'hi': 0.58424, 'lo': 0.58317, 'structure_id': 0, 'struct_direction': 1, 'timeframe': 'M15', 'use_case': 'subsequent_confluence', 'parent_tf': 'H1', 'parent_sid': 0, 'parent_cycle_id': 2, 'structure_path_id': 'H1.main >> M15.confluence', 'sub_sid': 1, 'started_by': 'subsequent_confluence', 'start_trigger_idx': 2751}"
2758,STRUCTURE,CTS_UPDATED,0.58424,"{'via': 'replay_raw', 'cycle_id': 0, 'structure_id': 0, 'struct_direction': 1, 'timeframe': 'M15', 'use_case': 'subsequent_confluence', 'parent_tf': 'H1', 'parent_sid': 0, 'parent_cycle_id': 2, 'structure_path_id': 'H1.main >> M15.confluence', 'sub_sid': 1, 'started_by': 'subsequent_confluence', 'start_trigger_idx': 2751}"
2761,RANGE,RANGE_UPDATED,,"{'reason': 'pullback_expand', 'hi': 0.58424, 'lo': 0.58243, 'pat': 'one_maru_continuous', 'structure_id': 0, 'struct_direction': 1, 'timeframe': 'M15', 'use_case': 'subsequent_confluence', 'parent_tf': 'H1', 'parent_sid': 0, 'parent_cycle_id': 2, 'structure_path_id': 'H1.main >> M15.confluence', 'sub_sid': 1, 'started_by': 'subsequent_confluence', 'start_trigger_idx': 2751}"
2761,STRUCTURE,CTS_CONFIRMED,0.58424,"{'via': 'one_maru_continuous', 'cycle_id': 0, 'structure_id': 0, 'struct_direction': 1, 'confirmed_at': 2761, 'cts_anchor_idx': 2758, 'confirmation_method': 'pullback', 'timeframe': 'M15', 'use_case': 'subsequent_confluence', 'parent_tf': 'H1', 'parent_sid': 0, 'parent_cycle_id': 2, 'structure_path_id': 'H1.main >> M15.confluence', 'sub_sid': 1, 'started_by': 'subsequent_confluence', 'start_trigger_idx': 2751}"
2761,STATE,STATE_CHANGED,,"{'from': 'range', 'to': 'pullback', 'structure_id': 0, 'struct_direction': 1, 'reason': 'pullback_pattern', 'pat': 'one_maru_continuous', 'effective_idx': 75, 'timeframe': 'M15', 'use_case': 'subsequent_confluence', 'parent_tf': 'H1', 'parent_sid': 0, 'parent_cycle_id': 2, 'structure_path_id': 'H1.main >> M15.confluence', 'sub_sid': 1, 'started_by': 'subsequent_confluence', 'start_trigger_idx': 2751}"
2762,STATE,STATE_CHANGED,,"{'from': 'pullback', 'to': 'pullback_range', 'structure_id': 0, 'struct_direction': 1, 'reason': 'replay_no_expand_pullback_side', 'effective_idx': 76, 'timeframe': 'M15', 'use_case': 'subsequent_confluence', 'parent_tf': 'H1', 'parent_sid': 0, 'parent_cycle_id': 2, 'structure_path_id': 'H1.main >> M15.confluence', 'sub_sid': 1, 'started_by': 'subsequent_confluence', 'start_trigger_idx': 2751}"
2812,RANGE,RANGE_UPDATED,,"{'hi': 0.58424, 'lo': 0.5821, 'structure_id': 0, 'struct_direction': 1, 'timeframe': 'M15', 'use_case': 'subsequent_confluence', 'parent_tf': 'H1', 'parent_sid': 0, 'parent_cycle_id': 2, 'structure_path_id': 'H1.main >> M15.confluence', 'sub_sid': 1, 'started_by': 'subsequent_confluence', 'start_trigger_idx': 2751}"
2812,STATE,STATE_CHANGED,,"{'from': 'pullback_range', 'to': 'pullback', 'structure_id': 0, 'struct_direction': 1, 'reason': 'replay_expand_pullback_side', 'effective_idx': 126, 'timeframe': 'M15', 'use_case': 'subsequent_confluence', 'parent_tf': 'H1', 'parent_sid': 0, 'parent_cycle_id': 2, 'structure_path_id': 'H1.main >> M15.confluence', 'sub_sid': 1, 'started_by': 'subsequent_confluence', 'start_trigger_idx': 2751}"
2813,RANGE,RANGE_UPDATED,,"{'hi': 0.58424, 'lo': 0.58198, 'structure_id': 0, 'struct_direction': 1, 'timeframe': 'M15', 'use_case': 'subsequent_confluence', 'parent_tf': 'H1', 'parent_sid': 0, 'parent_cycle_id': 2, 'structure_path_id': 'H1.main >> M15.confluence', 'sub_sid': 1, 'started_by': 'subsequent_confluence', 'start_trigger_idx': 2751}"
2814,STATE,STATE_CHANGED,,"{'from': 'pullback', 'to': 'pullback_range', 'structure_id': 0, 'struct_direction': 1, 'reason': 'replay_no_expand_pullback_side', 'effective_idx': 128, 'timeframe': 'M15', 'use_case': 'subsequent_confluence', 'parent_tf': 'H1', 'parent_sid': 0, 'parent_cycle_id': 2, 'structure_path_id': 'H1.main >> M15.confluence', 'sub_sid': 1, 'started_by': 'subsequent_confluence', 'start_trigger_idx': 2751}"
2815,RANGE,RANGE_UPDATED,,"{'hi': 0.58424, 'lo': 0.58195, 'structure_id': 0, 'struct_direction': 1, 'timeframe': 'M15', 'use_case': 'subsequent_confluence', 'parent_tf': 'H1', 'parent_sid': 0, 'parent_cycle_id': 2, 'structure_path_id': 'H1.main >> M15.confluence', 'sub_sid': 1, 'started_by': 'subsequent_confluence', 'start_trigger_idx': 2751}"
2815,STATE,STATE_CHANGED,,"{'from': 'pullback_range', 'to': 'pullback', 'structure_id': 0, 'struct_direction': 1, 'reason': 'replay_expand_pullback_side', 'effective_idx': 129, 'timeframe': 'M15', 'use_case': 'subsequent_confluence', 'parent_tf': 'H1', 'parent_sid': 0, 'parent_cycle_id': 2, 'structure_path_id': 'H1.main >> M15.confluence', 'sub_sid': 1, 'started_by': 'subsequent_confluence', 'start_trigger_idx': 2751}"
2816,RANGE,RANGE_UPDATED,,"{'hi': 0.58424, 'lo': 0.58178, 'structure_id': 0, 'struct_direction': 1, 'timeframe': 'M15', 'use_case': 'subsequent_confluence', 'parent_tf': 'H1', 'parent_sid': 0, 'parent_cycle_id': 2, 'structure_path_id': 'H1.main >> M15.confluence', 'sub_sid': 1, 'started_by': 'subsequent_confluence', 'start_trigger_idx': 2751}"
2816,STRUCTURE,REVERSAL_WATCH_START,0.5818,"{'anchor_idx': 2816, 'bos_frozen': 0.5818, 'expires_idx': 135, 'structure_id': 0, 'struct_direction': 1, 'timeframe': 'M15', 'use_case': 'subsequent_confluence', 'parent_tf': 'H1', 'parent_sid': 0, 'parent_cycle_id': 2, 'structure_path_id': 'H1.main >> M15.confluence', 'sub_sid': 1, 'started_by': 'subsequent_confluence', 'start_trigger_idx': 2751}"
2816,STRUCTURE,BOS_THRESHOLD_UPDATED,0.58178,"{'prev': 0.5818, 'reason': 'rv_anchor_failed', 'cycle_id': 0, 'structure_id': 0, 'struct_direction': 1, 'timeframe': 'M15', 'use_case': 'subsequent_confluence', 'parent_tf': 'H1', 'parent_sid': 0, 'parent_cycle_id': 2, 'structure_path_id': 'H1.main >> M15.confluence', 'sub_sid': 1, 'started_by': 'subsequent_confluence', 'start_trigger_idx': 2751}"
2817,RANGE,RANGE_UPDATED,,"{'hi': 0.58424, 'lo': 0.58166, 'structure_id': 0, 'struct_direction': 1, 'timeframe': 'M15', 'use_case': 'subsequent_confluence', 'parent_tf': 'H1', 'parent_sid': 0, 'parent_cycle_id': 2, 'structure_path_id': 'H1.main >> M15.confluence', 'sub_sid': 1, 'started_by': 'subsequent_confluence', 'start_trigger_idx': 2751}"
2817,STRUCTURE,BOS_THRESHOLD_UPDATED,0.58166,"{'prev': 0.58178, 'reason': 'probe_no_break', 'cycle_id': 0, 'structure_id': 0, 'struct_direction': 1, 'timeframe': 'M15', 'use_case': 'subsequent_confluence', 'parent_tf': 'H1', 'parent_sid': 0, 'parent_cycle_id': 2, 'structure_path_id': 'H1.main >> M15.confluence', 'sub_sid': 1, 'started_by': 'subsequent_confluence', 'start_trigger_idx': 2751}"
2818,STATE,STATE_CHANGED,,"{'from': 'pullback', 'to': 'pullback_range', 'structure_id': 0, 'struct_direction': 1, 'reason': 'replay_no_expand_pullback_side', 'effective_idx': 132, 'timeframe': 'M15', 'use_case': 'subsequent_confluence', 'parent_tf': 'H1', 'parent_sid': 0, 'parent_cycle_id': 2, 'structure_path_id': 'H1.main >> M15.confluence', 'sub_sid': 1, 'started_by': 'subsequent_confluence', 'start_trigger_idx': 2751}"
2820,RANGE,RANGE_UPDATED,,"{'hi': 0.58424, 'lo': 0.58156, 'structure_id': 0, 'struct_direction': 1, 'timeframe': 'M15', 'use_case': 'subsequent_confluence', 'parent_tf': 'H1', 'parent_sid': 0, 'parent_cycle_id': 2, 'structure_path_id': 'H1.main >> M15.confluence', 'sub_sid': 1, 'started_by': 'subsequent_confluence', 'start_trigger_idx': 2751}"
2820,STATE,STATE_CHANGED,,"{'from': 'pullback_range', 'to': 'pullback', 'structure_id': 0, 'struct_direction': 1, 'reason': 'replay_expand_pullback_side', 'effective_idx': 134, 'timeframe': 'M15', 'use_case': 'subsequent_confluence', 'parent_tf': 'H1', 'parent_sid': 0, 'parent_cycle_id': 2, 'structure_path_id': 'H1.main >> M15.confluence', 'sub_sid': 1, 'started_by': 'subsequent_confluence', 'start_trigger_idx': 2751}"
2820,STRUCTURE,BOS_THRESHOLD_UPDATED,0.58156,"{'prev': 0.58166, 'reason': 'probe_no_break', 'cycle_id': 0, 'structure_id': 0, 'struct_direction': 1, 'timeframe': 'M15', 'use_case': 'subsequent_confluence', 'parent_tf': 'H1', 'parent_sid': 0, 'parent_cycle_id': 2, 'structure_path_id': 'H1.main >> M15.confluence', 'sub_sid': 1, 'started_by': 'subsequent_confluence', 'start_trigger_idx': 2751}"
2821,STATE,STATE_CHANGED,,"{'from': 'pullback', 'to': 'pullback_range', 'structure_id': 0, 'struct_direction': 1, 'reason': 'replay_no_expand_pullback_side', 'effective_idx': 135, 'timeframe': 'M15', 'use_case': 'subsequent_confluence', 'parent_tf': 'H1', 'parent_sid': 0, 'parent_cycle_id': 2, 'structure_path_id': 'H1.main >> M15.confluence', 'sub_sid': 1, 'started_by': 'subsequent_confluence', 'start_trigger_idx': 2751}"
2824,STRUCTURE,REVERSAL_WATCH_START,0.58156,"{'anchor_idx': 2824, 'bos_frozen': 0.58156, 'expires_idx': 143, 'structure_id': 0, 'struct_direction': 1, 'timeframe': 'M15', 'use_case': 'subsequent_confluence', 'parent_tf': 'H1', 'parent_sid': 0, 'parent_cycle_id': 2, 'structure_path_id': 'H1.main >> M15.confluence', 'sub_sid': 1, 'started_by': 'subsequent_confluence', 'start_trigger_idx': 2751}"
2824,STRUCTURE,REVERSAL_CANDIDATE,0.58156,"{'anchor_idx': 2824, 'apply_idx': 2829, 'pattern': '?', 'bos_frozen': 0.58156, 'expires_idx': 143, 'structure_id': 0, 'struct_direction': 1, 'timeframe': 'M15', 'use_case': 'subsequent_confluence', 'parent_tf': 'H1', 'parent_sid': 0, 'parent_cycle_id': 2, 'structure_path_id': 'H1.main >> M15.confluence', 'sub_sid': 1, 'started_by': 'subsequent_confluence', 'start_trigger_idx': 2751}"
2829,STATE,STATE_CHANGED,,"{'from': 'pullback_range', 'to': 'reversal', 'structure_id': 0, 'struct_direction': 1, 'reason': 'reversal_pattern', 'pat': 'one_maru_opposite', 'bos_frozen': 0.58156, 'effective_idx': 143, 'timeframe': 'M15', 'use_case': 'subsequent_confluence', 'parent_tf': 'H1', 'parent_sid': 0, 'parent_cycle_id': 2, 'structure_path_id': 'H1.main >> M15.confluence', 'sub_sid': 1, 'started_by': 'subsequent_confluence', 'start_trigger_idx': 2751}"
2829,RANGE,RANGE_UPDATED,,"{'hi': 0.58424, 'lo': 0.58048, 'structure_id': 0, 'struct_direction': 1, 'timeframe': 'M15', 'use_case': 'subsequent_confluence', 'parent_tf': 'H1', 'parent_sid': 0, 'parent_cycle_id': 2, 'structure_path_id': 'H1.main >> M15.confluence', 'sub_sid': 1, 'started_by': 'subsequent_confluence', 'start_trigger_idx': 2751}"
2761,STRUCTURE,CTS_ESTABLISHED,0.58243,"{'via': 'one_maru_continuous', 'anchor_idx': 2760, 'pattern_name': 'one_maru_continuous', 'confirmed_at': 2761, 'cycle_id': 0, 'structure_id': 0, 'struct_direction': -1, 'timeframe': 'M15', 'use_case': 'reversal', 'parent_tf': 'H1', 'parent_sid': 0, 'parent_cycle_id': 2, 'structure_path_id': 'H1.main >> M15.confluence', 'sub_sid': 2, 'started_by': 'reversal', 'start_trigger_idx': 2829}"
2758,STRUCTURE,BOS_CONFIRMED,0.58424,"{'source': 'initial_prior_extreme', 'confirmed_at': 2761, 'pb_start': None, 'cycle_id': 0, 'structure_id': 0, 'struct_direction': -1, 'timeframe': 'M15', 'use_case': 'reversal', 'parent_tf': 'H1', 'parent_sid': 0, 'parent_cycle_id': 2, 'structure_path_id': 'H1.main >> M15.confluence', 'sub_sid': 2, 'started_by': 'reversal', 'start_trigger_idx': 2829}"
2761,STATE,STATE_CHANGED,,"{'from': 'none', 'to': 'breakout', 'structure_id': 0, 'struct_direction': -1, 'reason': 'breakout_pattern', 'pat': 'one_maru_continuous', 'effective_idx': 53, 'timeframe': 'M15', 'use_case': 'reversal', 'parent_tf': 'H1', 'parent_sid': 0, 'parent_cycle_id': 2, 'structure_path_id': 'H1.main >> M15.confluence', 'sub_sid': 2, 'started_by': 'reversal', 'start_trigger_idx': 2829}"
2763,RANGE,RANGE_STARTED,,"{'start_idx': 53, 'confirm_idx': 55, 'hi': 0.58279, 'lo': 0.58243, 'cts_idx': 53, 'cts_price': 0.58243, 'structure_id': 0, 'struct_direction': -1, 'timeframe': 'M15', 'use_case': 'reversal', 'parent_tf': 'H1', 'parent_sid': 0, 'parent_cycle_id': 2, 'structure_path_id': 'H1.main >> M15.confluence', 'sub_sid': 2, 'started_by': 'reversal', 'start_trigger_idx': 2829}"
2763,STATE,STATE_CHANGED,,"{'from': 'breakout', 'to': 'range', 'structure_id': 0, 'struct_direction': -1, 'reason': 'range_confirmed', 'effective_idx': 53, 'timeframe': 'M15', 'use_case': 'reversal', 'parent_tf': 'H1', 'parent_sid': 0, 'parent_cycle_id': 2, 'structure_path_id': 'H1.main >> M15.confluence', 'sub_sid': 2, 'started_by': 'reversal', 'start_trigger_idx': 2829}"
2762,RANGE,RANGE_UPDATED,,"{'hi': 0.58282, 'lo': 0.58243, 'structure_id': 0, 'struct_direction': -1, 'timeframe': 'M15', 'use_case': 'reversal', 'parent_tf': 'H1', 'parent_sid': 0, 'parent_cycle_id': 2, 'structure_path_id': 'H1.main >> M15.confluence', 'sub_sid': 2, 'started_by': 'reversal', 'start_trigger_idx': 2829}"
2764,RANGE,RANGE_UPDATED,,"{'hi': 0.58286, 'lo': 0.58243, 'structure_id': 0, 'struct_direction': -1, 'timeframe': 'M15', 'use_case': 'reversal', 'parent_tf': 'H1', 'parent_sid': 0, 'parent_cycle_id': 2, 'structure_path_id': 'H1.main >> M15.confluence', 'sub_sid': 2, 'started_by': 'reversal', 'start_trigger_idx': 2829}"
2766,RANGE,RANGE_UPDATED,,"{'hi': 0.583, 'lo': 0.58243, 'structure_id': 0, 'struct_direction': -1, 'timeframe': 'M15', 'use_case': 'reversal', 'parent_tf': 'H1', 'parent_sid': 0, 'parent_cycle_id': 2, 'structure_path_id': 'H1.main >> M15.confluence', 'sub_sid': 2, 'started_by': 'reversal', 'start_trigger_idx': 2829}"
2767,RANGE,RANGE_UPDATED,,"{'hi': 0.58302, 'lo': 0.58243, 'structure_id': 0, 'struct_direction': -1, 'timeframe': 'M15', 'use_case': 'reversal', 'parent_tf': 'H1', 'parent_sid': 0, 'parent_cycle_id': 2, 'structure_path_id': 'H1.main >> M15.confluence', 'sub_sid': 2, 'started_by': 'reversal', 'start_trigger_idx': 2829}"
2768,RANGE,RANGE_UPDATED,,"{'hi': 0.58306, 'lo': 0.58243, 'structure_id': 0, 'struct_direction': -1, 'timeframe': 'M15', 'use_case': 'reversal', 'parent_tf': 'H1', 'parent_sid': 0, 'parent_cycle_id': 2, 'structure_path_id': 'H1.main >> M15.confluence', 'sub_sid': 2, 'started_by': 'reversal', 'start_trigger_idx': 2829}"
2769,RANGE,RANGE_UPDATED,,"{'hi': 0.58308, 'lo': 0.58243, 'structure_id': 0, 'struct_direction': -1, 'timeframe': 'M15', 'use_case': 'reversal', 'parent_tf': 'H1', 'parent_sid': 0, 'parent_cycle_id': 2, 'structure_path_id': 'H1.main >> M15.confluence', 'sub_sid': 2, 'started_by': 'reversal', 'start_trigger_idx': 2829}"
2770,RANGE,RANGE_UPDATED,,"{'hi': 0.58318, 'lo': 0.58243, 'structure_id': 0, 'struct_direction': -1, 'timeframe': 'M15', 'use_case': 'reversal', 'parent_tf': 'H1', 'parent_sid': 0, 'parent_cycle_id': 2, 'structure_path_id': 'H1.main >> M15.confluence', 'sub_sid': 2, 'started_by': 'reversal', 'start_trigger_idx': 2829}"
2778,RANGE,RANGE_UPDATED,,"{'hi': 0.58321, 'lo': 0.58243, 'structure_id': 0, 'struct_direction': -1, 'timeframe': 'M15', 'use_case': 'reversal', 'parent_tf': 'H1', 'parent_sid': 0, 'parent_cycle_id': 2, 'structure_path_id': 'H1.main >> M15.confluence', 'sub_sid': 2, 'started_by': 'reversal', 'start_trigger_idx': 2829}"
2779,RANGE,RANGE_UPDATED,,"{'hi': 0.58325, 'lo': 0.58243, 'structure_id': 0, 'struct_direction': -1, 'timeframe': 'M15', 'use_case': 'reversal', 'parent_tf': 'H1', 'parent_sid': 0, 'parent_cycle_id': 2, 'structure_path_id': 'H1.main >> M15.confluence', 'sub_sid': 2, 'started_by': 'reversal', 'start_trigger_idx': 2829}"
2780,RANGE,RANGE_UPDATED,,"{'hi': 0.58331, 'lo': 0.58243, 'structure_id': 0, 'struct_direction': -1, 'timeframe': 'M15', 'use_case': 'reversal', 'parent_tf': 'H1', 'parent_sid': 0, 'parent_cycle_id': 2, 'structure_path_id': 'H1.main >> M15.confluence', 'sub_sid': 2, 'started_by': 'reversal', 'start_trigger_idx': 2829}"
2794,RANGE,RANGE_UPDATED,,"{'hi': 0.58332, 'lo': 0.58243, 'structure_id': 0, 'struct_direction': -1, 'timeframe': 'M15', 'use_case': 'reversal', 'parent_tf': 'H1', 'parent_sid': 0, 'parent_cycle_id': 2, 'structure_path_id': 'H1.main >> M15.confluence', 'sub_sid': 2, 'started_by': 'reversal', 'start_trigger_idx': 2829}"
2803,RANGE,RANGE_UPDATED,,"{'hi': 0.58336, 'lo': 0.58243, 'structure_id': 0, 'struct_direction': -1, 'timeframe': 'M15', 'use_case': 'reversal', 'parent_tf': 'H1', 'parent_sid': 0, 'parent_cycle_id': 2, 'structure_path_id': 'H1.main >> M15.confluence', 'sub_sid': 2, 'started_by': 'reversal', 'start_trigger_idx': 2829}"
2812,RANGE,RANGE_UPDATED,,"{'hi': 0.58336, 'lo': 0.5821, 'structure_id': 0, 'struct_direction': -1, 'timeframe': 'M15', 'use_case': 'reversal', 'parent_tf': 'H1', 'parent_sid': 0, 'parent_cycle_id': 2, 'structure_path_id': 'H1.main >> M15.confluence', 'sub_sid': 2, 'started_by': 'reversal', 'start_trigger_idx': 2829}"
2812,STRUCTURE,CTS_UPDATED,0.5821,"{'via': 'replay_raw', 'cycle_id': 0, 'structure_id': 0, 'struct_direction': -1, 'timeframe': 'M15', 'use_case': 'reversal', 'parent_tf': 'H1', 'parent_sid': 0, 'parent_cycle_id': 2, 'structure_path_id': 'H1.main >> M15.confluence', 'sub_sid': 2, 'started_by': 'reversal', 'start_trigger_idx': 2829}"
2813,RANGE,RANGE_UPDATED,,"{'hi': 0.58336, 'lo': 0.58198, 'structure_id': 0, 'struct_direction': -1, 'timeframe': 'M15', 'use_case': 'reversal', 'parent_tf': 'H1', 'parent_sid': 0, 'parent_cycle_id': 2, 'structure_path_id': 'H1.main >> M15.confluence', 'sub_sid': 2, 'started_by': 'reversal', 'start_trigger_idx': 2829}"
2813,STRUCTURE,CTS_UPDATED,0.58198,"{'via': 'replay_raw', 'cycle_id': 0, 'structure_id': 0, 'struct_direction': -1, 'timeframe': 'M15', 'use_case': 'reversal', 'parent_tf': 'H1', 'parent_sid': 0, 'parent_cycle_id': 2, 'structure_path_id': 'H1.main >> M15.confluence', 'sub_sid': 2, 'started_by': 'reversal', 'start_trigger_idx': 2829}"
2815,RANGE,RANGE_UPDATED,,"{'hi': 0.58336, 'lo': 0.58195, 'structure_id': 0, 'struct_direction': -1, 'timeframe': 'M15', 'use_case': 'reversal', 'parent_tf': 'H1', 'parent_sid': 0, 'parent_cycle_id': 2, 'structure_path_id': 'H1.main >> M15.confluence', 'sub_sid': 2, 'started_by': 'reversal', 'start_trigger_idx': 2829}"
2815,STRUCTURE,CTS_UPDATED,0.58195,"{'via': 'replay_raw', 'cycle_id': 0, 'structure_id': 0, 'struct_direction': -1, 'timeframe': 'M15', 'use_case': 'reversal', 'parent_tf': 'H1', 'parent_sid': 0, 'parent_cycle_id': 2, 'structure_path_id': 'H1.main >> M15.confluence', 'sub_sid': 2, 'started_by': 'reversal', 'start_trigger_idx': 2829}"
2816,RANGE,RANGE_UPDATED,,"{'hi': 0.58336, 'lo': 0.58178, 'structure_id': 0, 'struct_direction': -1, 'timeframe': 'M15', 'use_case': 'reversal', 'parent_tf': 'H1', 'parent_sid': 0, 'parent_cycle_id': 2, 'structure_path_id': 'H1.main >> M15.confluence', 'sub_sid': 2, 'started_by': 'reversal', 'start_trigger_idx': 2829}"
2816,STRUCTURE,CTS_UPDATED,0.58178,"{'via': 'replay_raw', 'cycle_id': 0, 'structure_id': 0, 'struct_direction': -1, 'timeframe': 'M15', 'use_case': 'reversal', 'parent_tf': 'H1', 'parent_sid': 0, 'parent_cycle_id': 2, 'structure_path_id': 'H1.main >> M15.confluence', 'sub_sid': 2, 'started_by': 'reversal', 'start_trigger_idx': 2829}"
2817,RANGE,RANGE_UPDATED,,"{'hi': 0.58336, 'lo': 0.58166, 'structure_id': 0, 'struct_direction': -1, 'timeframe': 'M15', 'use_case': 'reversal', 'parent_tf': 'H1', 'parent_sid': 0, 'parent_cycle_id': 2, 'structure_path_id': 'H1.main >> M15.confluence', 'sub_sid': 2, 'started_by': 'reversal', 'start_trigger_idx': 2829}"
2817,STRUCTURE,CTS_UPDATED,0.58166,"{'via': 'replay_raw', 'cycle_id': 0, 'structure_id': 0, 'struct_direction': -1, 'timeframe': 'M15', 'use_case': 'reversal', 'parent_tf': 'H1', 'parent_sid': 0, 'parent_cycle_id': 2, 'structure_path_id': 'H1.main >> M15.confluence', 'sub_sid': 2, 'started_by': 'reversal', 'start_trigger_idx': 2829}"
2820,RANGE,RANGE_UPDATED,,"{'hi': 0.58336, 'lo': 0.58156, 'structure_id': 0, 'struct_direction': -1, 'timeframe': 'M15', 'use_case': 'reversal', 'parent_tf': 'H1', 'parent_sid': 0, 'parent_cycle_id': 2, 'structure_path_id': 'H1.main >> M15.confluence', 'sub_sid': 2, 'started_by': 'reversal', 'start_trigger_idx': 2829}"
2820,STRUCTURE,CTS_UPDATED,0.58156,"{'via': 'replay_raw', 'cycle_id': 0, 'structure_id': 0, 'struct_direction': -1, 'timeframe': 'M15', 'use_case': 'reversal', 'parent_tf': 'H1', 'parent_sid': 0, 'parent_cycle_id': 2, 'structure_path_id': 'H1.main >> M15.confluence', 'sub_sid': 2, 'started_by': 'reversal', 'start_trigger_idx': 2829}"
2824,STRUCTURE,CTS_UPDATED,0.58078,"{'via': 'replay_raw', 'cycle_id': 0, 'structure_id': 0, 'struct_direction': -1, 'timeframe': 'M15', 'use_case': 'reversal', 'parent_tf': 'H1', 'parent_sid': 0, 'parent_cycle_id': 2, 'structure_path_id': 'H1.main >> M15.confluence', 'sub_sid': 2, 'started_by': 'reversal', 'start_trigger_idx': 2829}"
2828,STRUCTURE,CTS_UPDATED,0.5803,"{'via': 'replay_raw', 'cycle_id': 0, 'structure_id': 0, 'struct_direction': -1, 'timeframe': 'M15', 'use_case': 'reversal', 'parent_tf': 'H1', 'parent_sid': 0, 'parent_cycle_id': 2, 'structure_path_id': 'H1.main >> M15.confluence', 'sub_sid': 2, 'started_by': 'reversal', 'start_trigger_idx': 2829}"
2829,RANGE,RANGE_RESET,,"{'reason': 'range_breakout', 'pat': 'one_maru_opposite', 'structure_id': 0, 'struct_direction': -1, 'timeframe': 'M15', 'use_case': 'reversal', 'parent_tf': 'H1', 'parent_sid': 0, 'parent_cycle_id': 2, 'structure_path_id': 'H1.main >> M15.confluence', 'sub_sid': 2, 'started_by': 'reversal', 'start_trigger_idx': 2829}"
2828,STRUCTURE,CTS_UPDATED,0.5803,"{'via': 'one_maru_opposite', 'cycle_id': 0, 'structure_id': 0, 'struct_direction': -1, 'timeframe': 'M15', 'use_case': 'reversal', 'parent_tf': 'H1', 'parent_sid': 0, 'parent_cycle_id': 2, 'structure_path_id': 'H1.main >> M15.confluence', 'sub_sid': 2, 'started_by': 'reversal', 'start_trigger_idx': 2829}"
2829,STATE,STATE_CHANGED,,"{'from': 'range', 'to': 'breakout', 'structure_id': 0, 'struct_direction': -1, 'reason': 'breakout_pattern', 'pat': 'one_maru_opposite', 'effective_idx': 121, 'timeframe': 'M15', 'use_case': 'reversal', 'parent_tf': 'H1', 'parent_sid': 0, 'parent_cycle_id': 2, 'structure_path_id': 'H1.main >> M15.confluence', 'sub_sid': 2, 'started_by': 'reversal', 'start_trigger_idx': 2829}"
2832,RANGE,RANGE_STARTED,,"{'start_idx': 122, 'confirm_idx': 124, 'hi': 0.58112, 'lo': 0.5803, 'cts_idx': 120, 'cts_price': 0.5803, 'structure_id': 0, 'struct_direction': -1, 'timeframe': 'M15', 'use_case': 'reversal', 'parent_tf': 'H1', 'parent_sid': 0, 'parent_cycle_id': 2, 'structure_path_id': 'H1.main >> M15.confluence', 'sub_sid': 2, 'started_by': 'reversal', 'start_trigger_idx': 2829}"
2832,STATE,STATE_CHANGED,,"{'from': 'breakout', 'to': 'range', 'structure_id': 0, 'struct_direction': -1, 'reason': 'range_confirmed', 'effective_idx': 122, 'timeframe': 'M15', 'use_case': 'reversal', 'parent_tf': 'H1', 'parent_sid': 0, 'parent_cycle_id': 2, 'structure_path_id': 'H1.main >> M15.confluence', 'sub_sid': 2, 'started_by': 'reversal', 'start_trigger_idx': 2829}"
2836,RANGE,RANGE_UPDATED,,"{'hi': 0.58112, 'lo': 0.57996, 'structure_id': 0, 'struct_direction': -1, 'timeframe': 'M15', 'use_case': 'reversal', 'parent_tf': 'H1', 'parent_sid': 0, 'parent_cycle_id': 2, 'structure_path_id': 'H1.main >> M15.confluence', 'sub_sid': 2, 'started_by': 'reversal', 'start_trigger_idx': 2829}"
2836,STRUCTURE,CTS_UPDATED,0.57996,"{'via': 'replay_raw', 'cycle_id': 0, 'structure_id': 0, 'struct_direction': -1, 'timeframe': 'M15', 'use_case': 'reversal', 'parent_tf': 'H1', 'parent_sid': 0, 'parent_cycle_id': 2, 'structure_path_id': 'H1.main >> M15.confluence', 'sub_sid': 2, 'started_by': 'reversal', 'start_trigger_idx': 2829}"
2837,RANGE,RANGE_UPDATED,,"{'hi': 0.58112, 'lo': 0.5799, 'structure_id': 0, 'struct_direction': -1, 'timeframe': 'M15', 'use_case': 'reversal', 'parent_tf': 'H1', 'parent_sid': 0, 'parent_cycle_id': 2, 'structure_path_id': 'H1.main >> M15.confluence', 'sub_sid': 2, 'started_by': 'reversal', 'start_trigger_idx': 2829}"
2837,STRUCTURE,CTS_UPDATED,0.5799,"{'via': 'replay_raw', 'cycle_id': 0, 'structure_id': 0, 'struct_direction': -1, 'timeframe': 'M15', 'use_case': 'reversal', 'parent_tf': 'H1', 'parent_sid': 0, 'parent_cycle_id': 2, 'structure_path_id': 'H1.main >> M15.confluence', 'sub_sid': 2, 'started_by': 'reversal', 'start_trigger_idx': 2829}"
2838,RANGE,RANGE_UPDATED,,"{'hi': 0.58112, 'lo': 0.57989, 'structure_id': 0, 'struct_direction': -1, 'timeframe': 'M15', 'use_case': 'reversal', 'parent_tf': 'H1', 'parent_sid': 0, 'parent_cycle_id': 2, 'structure_path_id': 'H1.main >> M15.confluence', 'sub_sid': 2, 'started_by': 'reversal', 'start_trigger_idx': 2829}"
2838,STRUCTURE,CTS_UPDATED,0.57989,"{'via': 'replay_raw', 'cycle_id': 0, 'structure_id': 0, 'struct_direction': -1, 'timeframe': 'M15', 'use_case': 'reversal', 'parent_tf': 'H1', 'parent_sid': 0, 'parent_cycle_id': 2, 'structure_path_id': 'H1.main >> M15.confluence', 'sub_sid': 2, 'started_by': 'reversal', 'start_trigger_idx': 2829}"
2840,STRUCTURE,CTS_UPDATED,0.57966,"{'via': 'replay_raw', 'cycle_id': 0, 'structure_id': 0, 'struct_direction': -1, 'timeframe': 'M15', 'use_case': 'reversal', 'parent_tf': 'H1', 'parent_sid': 0, 'parent_cycle_id': 2, 'structure_path_id': 'H1.main >> M15.confluence', 'sub_sid': 2, 'started_by': 'reversal', 'start_trigger_idx': 2829}"
2841,STRUCTURE,CTS_UPDATED,0.57907,"{'via': 'replay_raw', 'cycle_id': 0, 'structure_id': 0, 'struct_direction': -1, 'timeframe': 'M15', 'use_case': 'reversal', 'parent_tf': 'H1', 'parent_sid': 0, 'parent_cycle_id': 2, 'structure_path_id': 'H1.main >> M15.confluence', 'sub_sid': 2, 'started_by': 'reversal', 'start_trigger_idx': 2829}"
2842,RANGE,RANGE_RESET,,"{'reason': 'range_breakout', 'pat': 'one_maru_continuous', 'structure_id': 0, 'struct_direction': -1, 'timeframe': 'M15', 'use_case': 'reversal', 'parent_tf': 'H1', 'parent_sid': 0, 'parent_cycle_id': 2, 'structure_path_id': 'H1.main >> M15.confluence', 'sub_sid': 2, 'started_by': 'reversal', 'start_trigger_idx': 2829}"
2842,STRUCTURE,CTS_UPDATED,0.57902,"{'via': 'one_maru_continuous', 'cycle_id': 0, 'structure_id': 0, 'struct_direction': -1, 'timeframe': 'M15', 'use_case': 'reversal', 'parent_tf': 'H1', 'parent_sid': 0, 'parent_cycle_id': 2, 'structure_path_id': 'H1.main >> M15.confluence', 'sub_sid': 2, 'started_by': 'reversal', 'start_trigger_idx': 2829}"
2842,STATE,STATE_CHANGED,,"{'from': 'range', 'to': 'breakout', 'structure_id': 0, 'struct_direction': -1, 'reason': 'breakout_pattern', 'pat': 'one_maru_continuous', 'effective_idx': 134, 'timeframe': 'M15', 'use_case': 'reversal', 'parent_tf': 'H1', 'parent_sid': 0, 'parent_cycle_id': 2, 'structure_path_id': 'H1.main >> M15.confluence', 'sub_sid': 2, 'started_by': 'reversal', 'start_trigger_idx': 2829}"
2761,STRUCTURE,CTS_ESTABLISHED,0.58243,"{'via': 'one_maru_continuous', 'anchor_idx': 2760, 'pattern_name': 'one_maru_continuous', 'confirmed_at': 2761, 'cycle_id': 0, 'structure_id': 0, 'struct_direction': -1, 'timeframe': 'M15', 'use_case': 'first_confluence', 'parent_tf': 'H1', 'parent_sid': 1, 'parent_cycle_id': 0, 'structure_path_id': 'H1.main >> M15.confluence', 'sub_sid': 0, 'started_by': 'first_confluence', 'start_trigger_idx': 2758}"
2758,STRUCTURE,BOS_CONFIRMED,0.58424,"{'source': 'initial_prior_extreme', 'confirmed_at': 2761, 'pb_start': None, 'cycle_id': 0, 'structure_id': 0, 'struct_direction': -1, 'timeframe': 'M15', 'use_case': 'first_confluence', 'parent_tf': 'H1', 'parent_sid': 1, 'parent_cycle_id': 0, 'structure_path_id': 'H1.main >> M15.confluence', 'sub_sid': 0, 'started_by': 'first_confluence', 'start_trigger_idx': 2758}"
2761,STATE,STATE_CHANGED,,"{'from': 'none', 'to': 'breakout', 'structure_id': 0, 'struct_direction': -1, 'reason': 'breakout_pattern', 'pat': 'one_maru_continuous', 'effective_idx': 53, 'timeframe': 'M15', 'use_case': 'first_confluence', 'parent_tf': 'H1', 'parent_sid': 1, 'parent_cycle_id': 0, 'structure_path_id': 'H1.main >> M15.confluence', 'sub_sid': 0, 'started_by': 'first_confluence', 'start_trigger_idx': 2758}"
2763,RANGE,RANGE_STARTED,,"{'start_idx': 53, 'confirm_idx': 55, 'hi': 0.58279, 'lo': 0.58243, 'cts_idx': 53, 'cts_price': 0.58243, 'structure_id': 0, 'struct_direction': -1, 'timeframe': 'M15', 'use_case': 'first_confluence', 'parent_tf': 'H1', 'parent_sid': 1, 'parent_cycle_id': 0, 'structure_path_id': 'H1.main >> M15.confluence', 'sub_sid': 0, 'started_by': 'first_confluence', 'start_trigger_idx': 2758}"
2763,STATE,STATE_CHANGED,,"{'from': 'breakout', 'to': 'range', 'structure_id': 0, 'struct_direction': -1, 'reason': 'range_confirmed', 'effective_idx': 53, 'timeframe': 'M15', 'use_case': 'first_confluence', 'parent_tf': 'H1', 'parent_sid': 1, 'parent_cycle_id': 0, 'structure_path_id': 'H1.main >> M15.confluence', 'sub_sid': 0, 'started_by': 'first_confluence', 'start_trigger_idx': 2758}"
2762,RANGE,RANGE_UPDATED,,"{'hi': 0.58282, 'lo': 0.58243, 'structure_id': 0, 'struct_direction': -1, 'timeframe': 'M15', 'use_case': 'first_confluence', 'parent_tf': 'H1', 'parent_sid': 1, 'parent_cycle_id': 0, 'structure_path_id': 'H1.main >> M15.confluence', 'sub_sid': 0, 'started_by': 'first_confluence', 'start_trigger_idx': 2758}"
2764,RANGE,RANGE_UPDATED,,"{'hi': 0.58286, 'lo': 0.58243, 'structure_id': 0, 'struct_direction': -1, 'timeframe': 'M15', 'use_case': 'first_confluence', 'parent_tf': 'H1', 'parent_sid': 1, 'parent_cycle_id': 0, 'structure_path_id': 'H1.main >> M15.confluence', 'sub_sid': 0, 'started_by': 'first_confluence', 'start_trigger_idx': 2758}"
2766,RANGE,RANGE_UPDATED,,"{'hi': 0.583, 'lo': 0.58243, 'structure_id': 0, 'struct_direction': -1, 'timeframe': 'M15', 'use_case': 'first_confluence', 'parent_tf': 'H1', 'parent_sid': 1, 'parent_cycle_id': 0, 'structure_path_id': 'H1.main >> M15.confluence', 'sub_sid': 0, 'started_by': 'first_confluence', 'start_trigger_idx': 2758}"
2767,RANGE,RANGE_UPDATED,,"{'hi': 0.58302, 'lo': 0.58243, 'structure_id': 0, 'struct_direction': -1, 'timeframe': 'M15', 'use_case': 'first_confluence', 'parent_tf': 'H1', 'parent_sid': 1, 'parent_cycle_id': 0, 'structure_path_id': 'H1.main >> M15.confluence', 'sub_sid': 0, 'started_by': 'first_confluence', 'start_trigger_idx': 2758}"
2768,RANGE,RANGE_UPDATED,,"{'hi': 0.58306, 'lo': 0.58243, 'structure_id': 0, 'struct_direction': -1, 'timeframe': 'M15', 'use_case': 'first_confluence', 'parent_tf': 'H1', 'parent_sid': 1, 'parent_cycle_id': 0, 'structure_path_id': 'H1.main >> M15.confluence', 'sub_sid': 0, 'started_by': 'first_confluence', 'start_trigger_idx': 2758}"
2769,RANGE,RANGE_UPDATED,,"{'hi': 0.58308, 'lo': 0.58243, 'structure_id': 0, 'struct_direction': -1, 'timeframe': 'M15', 'use_case': 'first_confluence', 'parent_tf': 'H1', 'parent_sid': 1, 'parent_cycle_id': 0, 'structure_path_id': 'H1.main >> M15.confluence', 'sub_sid': 0, 'started_by': 'first_confluence', 'start_trigger_idx': 2758}"
2770,RANGE,RANGE_UPDATED,,"{'hi': 0.58318, 'lo': 0.58243, 'structure_id': 0, 'struct_direction': -1, 'timeframe': 'M15', 'use_case': 'first_confluence', 'parent_tf': 'H1', 'parent_sid': 1, 'parent_cycle_id': 0, 'structure_path_id': 'H1.main >> M15.confluence', 'sub_sid': 0, 'started_by': 'first_confluence', 'start_trigger_idx': 2758}"
2778,RANGE,RANGE_UPDATED,,"{'hi': 0.58321, 'lo': 0.58243, 'structure_id': 0, 'struct_direction': -1, 'timeframe': 'M15', 'use_case': 'first_confluence', 'parent_tf': 'H1', 'parent_sid': 1, 'parent_cycle_id': 0, 'structure_path_id': 'H1.main >> M15.confluence', 'sub_sid': 0, 'started_by': 'first_confluence', 'start_trigger_idx': 2758}"
2779,RANGE,RANGE_UPDATED,,"{'hi': 0.58325, 'lo': 0.58243, 'structure_id': 0, 'struct_direction': -1, 'timeframe': 'M15', 'use_case': 'first_confluence', 'parent_tf': 'H1', 'parent_sid': 1, 'parent_cycle_id': 0, 'structure_path_id': 'H1.main >> M15.confluence', 'sub_sid': 0, 'started_by': 'first_confluence', 'start_trigger_idx': 2758}"
2780,RANGE,RANGE_UPDATED,,"{'hi': 0.58331, 'lo': 0.58243, 'structure_id': 0, 'struct_direction': -1, 'timeframe': 'M15', 'use_case': 'first_confluence', 'parent_tf': 'H1', 'parent_sid': 1, 'parent_cycle_id': 0, 'structure_path_id': 'H1.main >> M15.confluence', 'sub_sid': 0, 'started_by': 'first_confluence', 'start_trigger_idx': 2758}"
2794,RANGE,RANGE_UPDATED,,"{'hi': 0.58332, 'lo': 0.58243, 'structure_id': 0, 'struct_direction': -1, 'timeframe': 'M15', 'use_case': 'first_confluence', 'parent_tf': 'H1', 'parent_sid': 1, 'parent_cycle_id': 0, 'structure_path_id': 'H1.main >> M15.confluence', 'sub_sid': 0, 'started_by': 'first_confluence', 'start_trigger_idx': 2758}"
2803,RANGE,RANGE_UPDATED,,"{'hi': 0.58336, 'lo': 0.58243, 'structure_id': 0, 'struct_direction': -1, 'timeframe': 'M15', 'use_case': 'first_confluence', 'parent_tf': 'H1', 'parent_sid': 1, 'parent_cycle_id': 0, 'structure_path_id': 'H1.main >> M15.confluence', 'sub_sid': 0, 'started_by': 'first_confluence', 'start_trigger_idx': 2758}"
2812,RANGE,RANGE_UPDATED,,"{'hi': 0.58336, 'lo': 0.5821, 'structure_id': 0, 'struct_direction': -1, 'timeframe': 'M15', 'use_case': 'first_confluence', 'parent_tf': 'H1', 'parent_sid': 1, 'parent_cycle_id': 0, 'structure_path_id': 'H1.main >> M15.confluence', 'sub_sid': 0, 'started_by': 'first_confluence', 'start_trigger_idx': 2758}"
2812,STRUCTURE,CTS_UPDATED,0.5821,"{'via': 'replay_raw', 'cycle_id': 0, 'structure_id': 0, 'struct_direction': -1, 'timeframe': 'M15', 'use_case': 'first_confluence', 'parent_tf': 'H1', 'parent_sid': 1, 'parent_cycle_id': 0, 'structure_path_id': 'H1.main >> M15.confluence', 'sub_sid': 0, 'started_by': 'first_confluence', 'start_trigger_idx': 2758}"
2813,RANGE,RANGE_UPDATED,,"{'hi': 0.58336, 'lo': 0.58198, 'structure_id': 0, 'struct_direction': -1, 'timeframe': 'M15', 'use_case': 'first_confluence', 'parent_tf': 'H1', 'parent_sid': 1, 'parent_cycle_id': 0, 'structure_path_id': 'H1.main >> M15.confluence', 'sub_sid': 0, 'started_by': 'first_confluence', 'start_trigger_idx': 2758}"
2813,STRUCTURE,CTS_UPDATED,0.58198,"{'via': 'replay_raw', 'cycle_id': 0, 'structure_id': 0, 'struct_direction': -1, 'timeframe': 'M15', 'use_case': 'first_confluence', 'parent_tf': 'H1', 'parent_sid': 1, 'parent_cycle_id': 0, 'structure_path_id': 'H1.main >> M15.confluence', 'sub_sid': 0, 'started_by': 'first_confluence', 'start_trigger_idx': 2758}"
2815,RANGE,RANGE_UPDATED,,"{'hi': 0.58336, 'lo': 0.58195, 'structure_id': 0, 'struct_direction': -1, 'timeframe': 'M15', 'use_case': 'first_confluence', 'parent_tf': 'H1', 'parent_sid': 1, 'parent_cycle_id': 0, 'structure_path_id': 'H1.main >> M15.confluence', 'sub_sid': 0, 'started_by': 'first_confluence', 'start_trigger_idx': 2758}"
2815,STRUCTURE,CTS_UPDATED,0.58195,"{'via': 'replay_raw', 'cycle_id': 0, 'structure_id': 0, 'struct_direction': -1, 'timeframe': 'M15', 'use_case': 'first_confluence', 'parent_tf': 'H1', 'parent_sid': 1, 'parent_cycle_id': 0, 'structure_path_id': 'H1.main >> M15.confluence', 'sub_sid': 0, 'started_by': 'first_confluence', 'start_trigger_idx': 2758}"
2816,RANGE,RANGE_UPDATED,,"{'hi': 0.58336, 'lo': 0.58178, 'structure_id': 0, 'struct_direction': -1, 'timeframe': 'M15', 'use_case': 'first_confluence', 'parent_tf': 'H1', 'parent_sid': 1, 'parent_cycle_id': 0, 'structure_path_id': 'H1.main >> M15.confluence', 'sub_sid': 0, 'started_by': 'first_confluence', 'start_trigger_idx': 2758}"
2816,STRUCTURE,CTS_UPDATED,0.58178,"{'via': 'replay_raw', 'cycle_id': 0, 'structure_id': 0, 'struct_direction': -1, 'timeframe': 'M15', 'use_case': 'first_confluence', 'parent_tf': 'H1', 'parent_sid': 1, 'parent_cycle_id': 0, 'structure_path_id': 'H1.main >> M15.confluence', 'sub_sid': 0, 'started_by': 'first_confluence', 'start_trigger_idx': 2758}"
2817,RANGE,RANGE_UPDATED,,"{'hi': 0.58336, 'lo': 0.58166, 'structure_id': 0, 'struct_direction': -1, 'timeframe': 'M15', 'use_case': 'first_confluence', 'parent_tf': 'H1', 'parent_sid': 1, 'parent_cycle_id': 0, 'structure_path_id': 'H1.main >> M15.confluence', 'sub_sid': 0, 'started_by': 'first_confluence', 'start_trigger_idx': 2758}"
2817,STRUCTURE,CTS_UPDATED,0.58166,"{'via': 'replay_raw', 'cycle_id': 0, 'structure_id': 0, 'struct_direction': -1, 'timeframe': 'M15', 'use_case': 'first_confluence', 'parent_tf': 'H1', 'parent_sid': 1, 'parent_cycle_id': 0, 'structure_path_id': 'H1.main >> M15.confluence', 'sub_sid': 0, 'started_by': 'first_confluence', 'start_trigger_idx': 2758}"
2820,RANGE,RANGE_UPDATED,,"{'hi': 0.58336, 'lo': 0.58156, 'structure_id': 0, 'struct_direction': -1, 'timeframe': 'M15', 'use_case': 'first_confluence', 'parent_tf': 'H1', 'parent_sid': 1, 'parent_cycle_id': 0, 'structure_path_id': 'H1.main >> M15.confluence', 'sub_sid': 0, 'started_by': 'first_confluence', 'start_trigger_idx': 2758}"
2820,STRUCTURE,CTS_UPDATED,0.58156,"{'via': 'replay_raw', 'cycle_id': 0, 'structure_id': 0, 'struct_direction': -1, 'timeframe': 'M15', 'use_case': 'first_confluence', 'parent_tf': 'H1', 'parent_sid': 1, 'parent_cycle_id': 0, 'structure_path_id': 'H1.main >> M15.confluence', 'sub_sid': 0, 'started_by': 'first_confluence', 'start_trigger_idx': 2758}"
2824,STRUCTURE,CTS_UPDATED,0.58078,"{'via': 'replay_raw', 'cycle_id': 0, 'structure_id': 0, 'struct_direction': -1, 'timeframe': 'M15', 'use_case': 'first_confluence', 'parent_tf': 'H1', 'parent_sid': 1, 'parent_cycle_id': 0, 'structure_path_id': 'H1.main >> M15.confluence', 'sub_sid': 0, 'started_by': 'first_confluence', 'start_trigger_idx': 2758}"
2828,STRUCTURE,CTS_UPDATED,0.5803,"{'via': 'replay_raw', 'cycle_id': 0, 'structure_id': 0, 'struct_direction': -1, 'timeframe': 'M15', 'use_case': 'first_confluence', 'parent_tf': 'H1', 'parent_sid': 1, 'parent_cycle_id': 0, 'structure_path_id': 'H1.main >> M15.confluence', 'sub_sid': 0, 'started_by': 'first_confluence', 'start_trigger_idx': 2758}"
2829,RANGE,RANGE_RESET,,"{'reason': 'range_breakout', 'pat': 'one_maru_opposite', 'structure_id': 0, 'struct_direction': -1, 'timeframe': 'M15', 'use_case': 'first_confluence', 'parent_tf': 'H1', 'parent_sid': 1, 'parent_cycle_id': 0, 'structure_path_id': 'H1.main >> M15.confluence', 'sub_sid': 0, 'started_by': 'first_confluence', 'start_trigger_idx': 2758}"
2828,STRUCTURE,CTS_UPDATED,0.5803,"{'via': 'one_maru_opposite', 'cycle_id': 0, 'structure_id': 0, 'struct_direction': -1, 'timeframe': 'M15', 'use_case': 'first_confluence', 'parent_tf': 'H1', 'parent_sid': 1, 'parent_cycle_id': 0, 'structure_path_id': 'H1.main >> M15.confluence', 'sub_sid': 0, 'started_by': 'first_confluence', 'start_trigger_idx': 2758}"
2829,STATE,STATE_CHANGED,,"{'from': 'range', 'to': 'breakout', 'structure_id': 0, 'struct_direction': -1, 'reason': 'breakout_pattern', 'pat': 'one_maru_opposite', 'effective_idx': 121, 'timeframe': 'M15', 'use_case': 'first_confluence', 'parent_tf': 'H1', 'parent_sid': 1, 'parent_cycle_id': 0, 'structure_path_id': 'H1.main >> M15.confluence', 'sub_sid': 0, 'started_by': 'first_confluence', 'start_trigger_idx': 2758}"
2832,RANGE,RANGE_STARTED,,"{'start_idx': 122, 'confirm_idx': 124, 'hi': 0.58112, 'lo': 0.5803, 'cts_idx': 120, 'cts_price': 0.5803, 'structure_id': 0, 'struct_direction': -1, 'timeframe': 'M15', 'use_case': 'first_confluence', 'parent_tf': 'H1', 'parent_sid': 1, 'parent_cycle_id': 0, 'structure_path_id': 'H1.main >> M15.confluence', 'sub_sid': 0, 'started_by': 'first_confluence', 'start_trigger_idx': 2758}"
2832,STATE,STATE_CHANGED,,"{'from': 'breakout', 'to': 'range', 'structure_id': 0, 'struct_direction': -1, 'reason': 'range_confirmed', 'effective_idx': 122, 'timeframe': 'M15', 'use_case': 'first_confluence', 'parent_tf': 'H1', 'parent_sid': 1, 'parent_cycle_id': 0, 'structure_path_id': 'H1.main >> M15.confluence', 'sub_sid': 0, 'started_by': 'first_confluence', 'start_trigger_idx': 2758}"
2836,RANGE,RANGE_UPDATED,,"{'hi': 0.58112, 'lo': 0.57996, 'structure_id': 0, 'struct_direction': -1, 'timeframe': 'M15', 'use_case': 'first_confluence', 'parent_tf': 'H1', 'parent_sid': 1, 'parent_cycle_id': 0, 'structure_path_id': 'H1.main >> M15.confluence', 'sub_sid': 0, 'started_by': 'first_confluence', 'start_trigger_idx': 2758}"
2836,STRUCTURE,CTS_UPDATED,0.57996,"{'via': 'replay_raw', 'cycle_id': 0, 'structure_id': 0, 'struct_direction': -1, 'timeframe': 'M15', 'use_case': 'first_confluence', 'parent_tf': 'H1', 'parent_sid': 1, 'parent_cycle_id': 0, 'structure_path_id': 'H1.main >> M15.confluence', 'sub_sid': 0, 'started_by': 'first_confluence', 'start_trigger_idx': 2758}"
2837,RANGE,RANGE_UPDATED,,"{'hi': 0.58112, 'lo': 0.5799, 'structure_id': 0, 'struct_direction': -1, 'timeframe': 'M15', 'use_case': 'first_confluence', 'parent_tf': 'H1', 'parent_sid': 1, 'parent_cycle_id': 0, 'structure_path_id': 'H1.main >> M15.confluence', 'sub_sid': 0, 'started_by': 'first_confluence', 'start_trigger_idx': 2758}"
2837,STRUCTURE,CTS_UPDATED,0.5799,"{'via': 'replay_raw', 'cycle_id': 0, 'structure_id': 0, 'struct_direction': -1, 'timeframe': 'M15', 'use_case': 'first_confluence', 'parent_tf': 'H1', 'parent_sid': 1, 'parent_cycle_id': 0, 'structure_path_id': 'H1.main >> M15.confluence', 'sub_sid': 0, 'started_by': 'first_confluence', 'start_trigger_idx': 2758}"
2838,RANGE,RANGE_UPDATED,,"{'hi': 0.58112, 'lo': 0.57989, 'structure_id': 0, 'struct_direction': -1, 'timeframe': 'M15', 'use_case': 'first_confluence', 'parent_tf': 'H1', 'parent_sid': 1, 'parent_cycle_id': 0, 'structure_path_id': 'H1.main >> M15.confluence', 'sub_sid': 0, 'started_by': 'first_confluence', 'start_trigger_idx': 2758}"
2838,STRUCTURE,CTS_UPDATED,0.57989,"{'via': 'replay_raw', 'cycle_id': 0, 'structure_id': 0, 'struct_direction': -1, 'timeframe': 'M15', 'use_case': 'first_confluence', 'parent_tf': 'H1', 'parent_sid': 1, 'parent_cycle_id': 0, 'structure_path_id': 'H1.main >> M15.confluence', 'sub_sid': 0, 'started_by': 'first_confluence', 'start_trigger_idx': 2758}"
2840,STRUCTURE,CTS_UPDATED,0.57966,"{'via': 'replay_raw', 'cycle_id': 0, 'structure_id': 0, 'struct_direction': -1, 'timeframe': 'M15', 'use_case': 'first_confluence', 'parent_tf': 'H1', 'parent_sid': 1, 'parent_cycle_id': 0, 'structure_path_id': 'H1.main >> M15.confluence', 'sub_sid': 0, 'started_by': 'first_confluence', 'start_trigger_idx': 2758}"
2841,STRUCTURE,CTS_UPDATED,0.57907,"{'via': 'replay_raw', 'cycle_id': 0, 'structure_id': 0, 'struct_direction': -1, 'timeframe': 'M15', 'use_case': 'first_confluence', 'parent_tf': 'H1', 'parent_sid': 1, 'parent_cycle_id': 0, 'structure_path_id': 'H1.main >> M15.confluence', 'sub_sid': 0, 'started_by': 'first_confluence', 'start_trigger_idx': 2758}"
2842,RANGE,RANGE_RESET,,"{'reason': 'range_breakout', 'pat': 'one_maru_continuous', 'structure_id': 0, 'struct_direction': -1, 'timeframe': 'M15', 'use_case': 'first_confluence', 'parent_tf': 'H1', 'parent_sid': 1, 'parent_cycle_id': 0, 'structure_path_id': 'H1.main >> M15.confluence', 'sub_sid': 0, 'started_by': 'first_confluence', 'start_trigger_idx': 2758}"
2842,STRUCTURE,CTS_UPDATED,0.57902,"{'via': 'one_maru_continuous', 'cycle_id': 0, 'structure_id': 0, 'struct_direction': -1, 'timeframe': 'M15', 'use_case': 'first_confluence', 'parent_tf': 'H1', 'parent_sid': 1, 'parent_cycle_id': 0, 'structure_path_id': 'H1.main >> M15.confluence', 'sub_sid': 0, 'started_by': 'first_confluence', 'start_trigger_idx': 2758}"
2842,STATE,STATE_CHANGED,,"{'from': 'range', 'to': 'breakout', 'structure_id': 0, 'struct_direction': -1, 'reason': 'breakout_pattern', 'pat': 'one_maru_continuous', 'effective_idx': 134, 'timeframe': 'M15', 'use_case': 'first_confluence', 'parent_tf': 'H1', 'parent_sid': 1, 'parent_cycle_id': 0, 'structure_path_id': 'H1.main >> M15.confluence', 'sub_sid': 0, 'started_by': 'first_confluence', 'start_trigger_idx': 2758}"
2844,RANGE,RANGE_STARTED,,"{'reason': 'pullback_created_range', 'cts_idx': 134, 'cts_price': 0.57902, 'pullback_apply_idx': 136, 'hi': 0.57982, 'lo': 0.57902, 'pat': 'one_maru_continuous', 'structure_id': 0, 'struct_direction': -1, 'timeframe': 'M15', 'use_case': 'first_confluence', 'parent_tf': 'H1', 'parent_sid': 1, 'parent_cycle_id': 0, 'structure_path_id': 'H1.main >> M15.confluence', 'sub_sid': 0, 'started_by': 'first_confluence', 'start_trigger_idx': 2758}"
2844,STRUCTURE,CTS_CONFIRMED,0.57902,"{'via': 'one_maru_continuous', 'cycle_id': 0, 'structure_id': 0, 'struct_direction': -1, 'confirmed_at': 2844, 'cts_anchor_idx': 2842, 'confirmation_method': 'pullback', 'timeframe': 'M15', 'use_case': 'first_confluence', 'parent_tf': 'H1', 'parent_sid': 1, 'parent_cycle_id': 0, 'structure_path_id': 'H1.main >> M15.confluence', 'sub_sid': 0, 'started_by': 'first_confluence', 'start_trigger_idx': 2758}"
2844,STATE,STATE_CHANGED,,"{'from': 'breakout', 'to': 'pullback', 'structure_id': 0, 'struct_direction': -1, 'reason': 'pullback_pattern', 'pat': 'one_maru_continuous', 'effective_idx': 136, 'timeframe': 'M15', 'use_case': 'first_confluence', 'parent_tf': 'H1', 'parent_sid': 1, 'parent_cycle_id': 0, 'structure_path_id': 'H1.main >> M15.confluence', 'sub_sid': 0, 'started_by': 'first_confluence', 'start_trigger_idx': 2758}"
2845,STATE,STATE_CHANGED,,"{'from': 'pullback', 'to': 'pullback_range', 'structure_id': 0, 'struct_direction': -1, 'reason': 'replay_no_expand_pullback_side', 'effective_idx': 137, 'timeframe': 'M15', 'use_case': 'first_confluence', 'parent_tf': 'H1', 'parent_sid': 1, 'parent_cycle_id': 0, 'structure_path_id': 'H1.main >> M15.confluence', 'sub_sid': 0, 'started_by': 'first_confluence', 'start_trigger_idx': 2758}"
2846,RANGE,RANGE_UPDATED,,"{'hi': 0.57989, 'lo': 0.57902, 'structure_id': 0, 'struct_direction': -1, 'timeframe': 'M15', 'use_case': 'first_confluence', 'parent_tf': 'H1', 'parent_sid': 1, 'parent_cycle_id': 0, 'structure_path_id': 'H1.main >> M15.confluence', 'sub_sid': 0, 'started_by': 'first_confluence', 'start_trigger_idx': 2758}"
2846,STATE,STATE_CHANGED,,"{'from': 'pullback_range', 'to': 'pullback', 'structure_id': 0, 'struct_direction': -1, 'reason': 'replay_expand_pullback_side', 'effective_idx': 138, 'timeframe': 'M15', 'use_case': 'first_confluence', 'parent_tf': 'H1', 'parent_sid': 1, 'parent_cycle_id': 0, 'structure_path_id': 'H1.main >> M15.confluence', 'sub_sid': 0, 'started_by': 'first_confluence', 'start_trigger_idx': 2758}"
2847,RANGE,RANGE_UPDATED,,"{'hi': 0.58002, 'lo': 0.57902, 'structure_id': 0, 'struct_direction': -1, 'timeframe': 'M15', 'use_case': 'first_confluence', 'parent_tf': 'H1', 'parent_sid': 1, 'parent_cycle_id': 0, 'structure_path_id': 'H1.main >> M15.confluence', 'sub_sid': 0, 'started_by': 'first_confluence', 'start_trigger_idx': 2758}"
2848,STATE,STATE_CHANGED,,"{'from': 'pullback', 'to': 'pullback_range', 'structure_id': 0, 'struct_direction': -1, 'reason': 'replay_no_expand_pullback_side', 'effective_idx': 140, 'timeframe': 'M15', 'use_case': 'first_confluence', 'parent_tf': 'H1', 'parent_sid': 1, 'parent_cycle_id': 0, 'structure_path_id': 'H1.main >> M15.confluence', 'sub_sid': 0, 'started_by': 'first_confluence', 'start_trigger_idx': 2758}"
2849,RANGE,RANGE_UPDATED,,"{'hi': 0.58018, 'lo': 0.57902, 'structure_id': 0, 'struct_direction': -1, 'timeframe': 'M15', 'use_case': 'first_confluence', 'parent_tf': 'H1', 'parent_sid': 1, 'parent_cycle_id': 0, 'structure_path_id': 'H1.main >> M15.confluence', 'sub_sid': 0, 'started_by': 'first_confluence', 'start_trigger_idx': 2758}"
2849,STATE,STATE_CHANGED,,"{'from': 'pullback_range', 'to': 'pullback', 'structure_id': 0, 'struct_direction': -1, 'reason': 'replay_expand_pullback_side', 'effective_idx': 141, 'timeframe': 'M15', 'use_case': 'first_confluence', 'parent_tf': 'H1', 'parent_sid': 1, 'parent_cycle_id': 0, 'structure_path_id': 'H1.main >> M15.confluence', 'sub_sid': 0, 'started_by': 'first_confluence', 'start_trigger_idx': 2758}"
2850,RANGE,RANGE_UPDATED,,"{'hi': 0.58088, 'lo': 0.57902, 'structure_id': 0, 'struct_direction': -1, 'timeframe': 'M15', 'use_case': 'first_confluence', 'parent_tf': 'H1', 'parent_sid': 1, 'parent_cycle_id': 0, 'structure_path_id': 'H1.main >> M15.confluence', 'sub_sid': 0, 'started_by': 'first_confluence', 'start_trigger_idx': 2758}"
2851,STATE,STATE_CHANGED,,"{'from': 'pullback', 'to': 'pullback_range', 'structure_id': 0, 'struct_direction': -1, 'reason': 'replay_no_expand_pullback_side', 'effective_idx': 143, 'timeframe': 'M15', 'use_case': 'first_confluence', 'parent_tf': 'H1', 'parent_sid': 1, 'parent_cycle_id': 0, 'structure_path_id': 'H1.main >> M15.confluence', 'sub_sid': 0, 'started_by': 'first_confluence', 'start_trigger_idx': 2758}"
2855,RANGE,RANGE_UPDATED,,"{'hi': 0.58098, 'lo': 0.57902, 'structure_id': 0, 'struct_direction': -1, 'timeframe': 'M15', 'use_case': 'first_confluence', 'parent_tf': 'H1', 'parent_sid': 1, 'parent_cycle_id': 0, 'structure_path_id': 'H1.main >> M15.confluence', 'sub_sid': 0, 'started_by': 'first_confluence', 'start_trigger_idx': 2758}"
2855,STATE,STATE_CHANGED,,"{'from': 'pullback_range', 'to': 'pullback', 'structure_id': 0, 'struct_direction': -1, 'reason': 'replay_expand_pullback_side', 'effective_idx': 147, 'timeframe': 'M15', 'use_case': 'first_confluence', 'parent_tf': 'H1', 'parent_sid': 1, 'parent_cycle_id': 0, 'structure_path_id': 'H1.main >> M15.confluence', 'sub_sid': 0, 'started_by': 'first_confluence', 'start_trigger_idx': 2758}"
2856,RANGE,RANGE_UPDATED,,"{'hi': 0.58108, 'lo': 0.57902, 'structure_id': 0, 'struct_direction': -1, 'timeframe': 'M15', 'use_case': 'first_confluence', 'parent_tf': 'H1', 'parent_sid': 1, 'parent_cycle_id': 0, 'structure_path_id': 'H1.main >> M15.confluence', 'sub_sid': 0, 'started_by': 'first_confluence', 'start_trigger_idx': 2758}"
2857,STATE,STATE_CHANGED,,"{'from': 'pullback', 'to': 'pullback_range', 'structure_id': 0, 'struct_direction': -1, 'reason': 'replay_no_expand_pullback_side', 'effective_idx': 149, 'timeframe': 'M15', 'use_case': 'first_confluence', 'parent_tf': 'H1', 'parent_sid': 1, 'parent_cycle_id': 0, 'structure_path_id': 'H1.main >> M15.confluence', 'sub_sid': 0, 'started_by': 'first_confluence', 'start_trigger_idx': 2758}"
2896,RANGE,RANGE_UPDATED,,"{'hi': 0.58116, 'lo': 0.57902, 'structure_id': 0, 'struct_direction': -1, 'timeframe': 'M15', 'use_case': 'first_confluence', 'parent_tf': 'H1', 'parent_sid': 1, 'parent_cycle_id': 0, 'structure_path_id': 'H1.main >> M15.confluence', 'sub_sid': 0, 'started_by': 'first_confluence', 'start_trigger_idx': 2758}"
2896,STATE,STATE_CHANGED,,"{'from': 'pullback_range', 'to': 'pullback', 'structure_id': 0, 'struct_direction': -1, 'reason': 'replay_expand_pullback_side', 'effective_idx': 188, 'timeframe': 'M15', 'use_case': 'first_confluence', 'parent_tf': 'H1', 'parent_sid': 1, 'parent_cycle_id': 0, 'structure_path_id': 'H1.main >> M15.confluence', 'sub_sid': 0, 'started_by': 'first_confluence', 'start_trigger_idx': 2758}"
2897,STATE,STATE_CHANGED,,"{'from': 'pullback', 'to': 'pullback_range', 'structure_id': 0, 'struct_direction': -1, 'reason': 'replay_no_expand_pullback_side', 'effective_idx': 189, 'timeframe': 'M15', 'use_case': 'first_confluence', 'parent_tf': 'H1', 'parent_sid': 1, 'parent_cycle_id': 0, 'structure_path_id': 'H1.main >> M15.confluence', 'sub_sid': 0, 'started_by': 'first_confluence', 'start_trigger_idx': 2758}"
2904,RANGE,RANGE_UPDATED,,"{'hi': 0.58118, 'lo': 0.57902, 'structure_id': 0, 'struct_direction': -1, 'timeframe': 'M15', 'use_case': 'first_confluence', 'parent_tf': 'H1', 'parent_sid': 1, 'parent_cycle_id': 0, 'structure_path_id': 'H1.main >> M15.confluence', 'sub_sid': 0, 'started_by': 'first_confluence', 'start_trigger_idx': 2758}"
2904,STATE,STATE_CHANGED,,"{'from': 'pullback_range', 'to': 'pullback', 'structure_id': 0, 'struct_direction': -1, 'reason': 'replay_expand_pullback_side', 'effective_idx': 196, 'timeframe': 'M15', 'use_case': 'first_confluence', 'parent_tf': 'H1', 'parent_sid': 1, 'parent_cycle_id': 0, 'structure_path_id': 'H1.main >> M15.confluence', 'sub_sid': 0, 'started_by': 'first_confluence', 'start_trigger_idx': 2758}"
2905,STATE,STATE_CHANGED,,"{'from': 'pullback', 'to': 'pullback_range', 'structure_id': 0, 'struct_direction': -1, 'reason': 'replay_no_expand_pullback_side', 'effective_idx': 197, 'timeframe': 'M15', 'use_case': 'first_confluence', 'parent_tf': 'H1', 'parent_sid': 1, 'parent_cycle_id': 0, 'structure_path_id': 'H1.main >> M15.confluence', 'sub_sid': 0, 'started_by': 'first_confluence', 'start_trigger_idx': 2758}"
2906,RANGE,RANGE_UPDATED,,"{'hi': 0.58133, 'lo': 0.57902, 'structure_id': 0, 'struct_direction': -1, 'timeframe': 'M15', 'use_case': 'first_confluence', 'parent_tf': 'H1', 'parent_sid': 1, 'parent_cycle_id': 0, 'structure_path_id': 'H1.main >> M15.confluence', 'sub_sid': 0, 'started_by': 'first_confluence', 'start_trigger_idx': 2758}"
2906,STATE,STATE_CHANGED,,"{'from': 'pullback_range', 'to': 'pullback', 'structure_id': 0, 'struct_direction': -1, 'reason': 'replay_expand_pullback_side', 'effective_idx': 198, 'timeframe': 'M15', 'use_case': 'first_confluence', 'parent_tf': 'H1', 'parent_sid': 1, 'parent_cycle_id': 0, 'structure_path_id': 'H1.main >> M15.confluence', 'sub_sid': 0, 'started_by': 'first_confluence', 'start_trigger_idx': 2758}"
2907,RANGE,RANGE_UPDATED,,"{'hi': 0.5814, 'lo': 0.57902, 'structure_id': 0, 'struct_direction': -1, 'timeframe': 'M15', 'use_case': 'first_confluence', 'parent_tf': 'H1', 'parent_sid': 1, 'parent_cycle_id': 0, 'structure_path_id': 'H1.main >> M15.confluence', 'sub_sid': 0, 'started_by': 'first_confluence', 'start_trigger_idx': 2758}"
2908,RANGE,RANGE_UPDATED,,"{'hi': 0.58154, 'lo': 0.57902, 'structure_id': 0, 'struct_direction': -1, 'timeframe': 'M15', 'use_case': 'first_confluence', 'parent_tf': 'H1', 'parent_sid': 1, 'parent_cycle_id': 0, 'structure_path_id': 'H1.main >> M15.confluence', 'sub_sid': 0, 'started_by': 'first_confluence', 'start_trigger_idx': 2758}"
2909,RANGE,RANGE_UPDATED,,"{'hi': 0.58173, 'lo': 0.57902, 'structure_id': 0, 'struct_direction': -1, 'timeframe': 'M15', 'use_case': 'first_confluence', 'parent_tf': 'H1', 'parent_sid': 1, 'parent_cycle_id': 0, 'structure_path_id': 'H1.main >> M15.confluence', 'sub_sid': 0, 'started_by': 'first_confluence', 'start_trigger_idx': 2758}"
2910,RANGE,RANGE_UPDATED,,"{'hi': 0.5818, 'lo': 0.57902, 'structure_id': 0, 'struct_direction': -1, 'timeframe': 'M15', 'use_case': 'first_confluence', 'parent_tf': 'H1', 'parent_sid': 1, 'parent_cycle_id': 0, 'structure_path_id': 'H1.main >> M15.confluence', 'sub_sid': 0, 'started_by': 'first_confluence', 'start_trigger_idx': 2758}"
2911,STATE,STATE_CHANGED,,"{'from': 'pullback', 'to': 'pullback_range', 'structure_id': 0, 'struct_direction': -1, 'reason': 'replay_no_expand_pullback_side', 'effective_idx': 203, 'timeframe': 'M15', 'use_case': 'first_confluence', 'parent_tf': 'H1', 'parent_sid': 1, 'parent_cycle_id': 0, 'structure_path_id': 'H1.main >> M15.confluence', 'sub_sid': 0, 'started_by': 'first_confluence', 'start_trigger_idx': 2758}"
2913,RANGE,RANGE_UPDATED,,"{'hi': 0.58182, 'lo': 0.57902, 'structure_id': 0, 'struct_direction': -1, 'timeframe': 'M15', 'use_case': 'first_confluence', 'parent_tf': 'H1', 'parent_sid': 1, 'parent_cycle_id': 0, 'structure_path_id': 'H1.main >> M15.confluence', 'sub_sid': 0, 'started_by': 'first_confluence', 'start_trigger_idx': 2758}"
2913,STATE,STATE_CHANGED,,"{'from': 'pullback_range', 'to': 'pullback', 'structure_id': 0, 'struct_direction': -1, 'reason': 'replay_expand_pullback_side', 'effective_idx': 205, 'timeframe': 'M15', 'use_case': 'first_confluence', 'parent_tf': 'H1', 'parent_sid': 1, 'parent_cycle_id': 0, 'structure_path_id': 'H1.main >> M15.confluence', 'sub_sid': 0, 'started_by': 'first_confluence', 'start_trigger_idx': 2758}"
2914,RANGE,RANGE_UPDATED,,"{'hi': 0.58184, 'lo': 0.57902, 'structure_id': 0, 'struct_direction': -1, 'timeframe': 'M15', 'use_case': 'first_confluence', 'parent_tf': 'H1', 'parent_sid': 1, 'parent_cycle_id': 0, 'structure_path_id': 'H1.main >> M15.confluence', 'sub_sid': 0, 'started_by': 'first_confluence', 'start_trigger_idx': 2758}"
2915,RANGE,RANGE_UPDATED,,"{'hi': 0.58196, 'lo': 0.57902, 'structure_id': 0, 'struct_direction': -1, 'timeframe': 'M15', 'use_case': 'first_confluence', 'parent_tf': 'H1', 'parent_sid': 1, 'parent_cycle_id': 0, 'structure_path_id': 'H1.main >> M15.confluence', 'sub_sid': 0, 'started_by': 'first_confluence', 'start_trigger_idx': 2758}"
2916,STATE,STATE_CHANGED,,"{'from': 'pullback', 'to': 'pullback_range', 'structure_id': 0, 'struct_direction': -1, 'reason': 'replay_no_expand_pullback_side', 'effective_idx': 208, 'timeframe': 'M15', 'use_case': 'first_confluence', 'parent_tf': 'H1', 'parent_sid': 1, 'parent_cycle_id': 0, 'structure_path_id': 'H1.main >> M15.confluence', 'sub_sid': 0, 'started_by': 'first_confluence', 'start_trigger_idx': 2758}"
2967,RANGE,RANGE_UPDATED,,"{'hi': 0.58196, 'lo': 0.57899, 'structure_id': 0, 'struct_direction': -1, 'timeframe': 'M15', 'use_case': 'first_confluence', 'parent_tf': 'H1', 'parent_sid': 1, 'parent_cycle_id': 0, 'structure_path_id': 'H1.main >> M15.confluence', 'sub_sid': 0, 'started_by': 'first_confluence', 'start_trigger_idx': 2758}"
2967,STRUCTURE,CTS_THRESHOLD_UPDATED,0.57899,"{'prev': 0.57902, 'reason': 'range_sync', 'cycle_id': 0, 'structure_id': 0, 'struct_direction': -1, 'timeframe': 'M15', 'use_case': 'first_confluence', 'parent_tf': 'H1', 'parent_sid': 1, 'parent_cycle_id': 0, 'structure_path_id': 'H1.main >> M15.confluence', 'sub_sid': 0, 'started_by': 'first_confluence', 'start_trigger_idx': 2758}"
2971,RANGE,RANGE_UPDATED,,"{'hi': 0.58196, 'lo': 0.57886, 'structure_id': 0, 'struct_direction': -1, 'timeframe': 'M15', 'use_case': 'first_confluence', 'parent_tf': 'H1', 'parent_sid': 1, 'parent_cycle_id': 0, 'structure_path_id': 'H1.main >> M15.confluence', 'sub_sid': 0, 'started_by': 'first_confluence', 'start_trigger_idx': 2758}"
2971,STRUCTURE,CTS_THRESHOLD_UPDATED,0.57886,"{'prev': 0.57899, 'reason': 'range_sync', 'cycle_id': 0, 'structure_id': 0, 'struct_direction': -1, 'timeframe': 'M15', 'use_case': 'first_confluence', 'parent_tf': 'H1', 'parent_sid': 1, 'parent_cycle_id': 0, 'structure_path_id': 'H1.main >> M15.confluence', 'sub_sid': 0, 'started_by': 'first_confluence', 'start_trigger_idx': 2758}"
2986,RANGE,RANGE_UPDATED,,"{'hi': 0.58196, 'lo': 0.57874, 'structure_id': 0, 'struct_direction': -1, 'timeframe': 'M15', 'use_case': 'first_confluence', 'parent_tf': 'H1', 'parent_sid': 1, 'parent_cycle_id': 0, 'structure_path_id': 'H1.main >> M15.confluence', 'sub_sid': 0, 'started_by': 'first_confluence', 'start_trigger_idx': 2758}"
2986,STRUCTURE,CTS_THRESHOLD_UPDATED,0.57874,"{'prev': 0.57886, 'reason': 'range_sync', 'cycle_id': 0, 'structure_id': 0, 'struct_direction': -1, 'timeframe': 'M15', 'use_case': 'first_confluence', 'parent_tf': 'H1', 'parent_sid': 1, 'parent_cycle_id': 0, 'structure_path_id': 'H1.main >> M15.confluence', 'sub_sid': 0, 'started_by': 'first_confluence', 'start_trigger_idx': 2758}"
2987,RANGE,RANGE_UPDATED,,"{'hi': 0.58196, 'lo': 0.57856, 'structure_id': 0, 'struct_direction': -1, 'timeframe': 'M15', 'use_case': 'first_confluence', 'parent_tf': 'H1', 'parent_sid': 1, 'parent_cycle_id': 0, 'structure_path_id': 'H1.main >> M15.confluence', 'sub_sid': 0, 'started_by': 'first_confluence', 'start_trigger_idx': 2758}"
2987,STRUCTURE,CTS_THRESHOLD_UPDATED,0.57856,"{'prev': 0.57874, 'reason': 'range_sync', 'cycle_id': 0, 'structure_id': 0, 'struct_direction': -1, 'timeframe': 'M15', 'use_case': 'first_confluence', 'parent_tf': 'H1', 'parent_sid': 1, 'parent_cycle_id': 0, 'structure_path_id': 'H1.main >> M15.confluence', 'sub_sid': 0, 'started_by': 'first_confluence', 'start_trigger_idx': 2758}"
2988,RANGE,RANGE_UPDATED,,"{'hi': 0.58196, 'lo': 0.57844, 'structure_id': 0, 'struct_direction': -1, 'timeframe': 'M15', 'use_case': 'first_confluence', 'parent_tf': 'H1', 'parent_sid': 1, 'parent_cycle_id': 0, 'structure_path_id': 'H1.main >> M15.confluence', 'sub_sid': 0, 'started_by': 'first_confluence', 'start_trigger_idx': 2758}"
2988,STRUCTURE,CTS_THRESHOLD_UPDATED,0.57844,"{'prev': 0.57856, 'reason': 'range_sync', 'cycle_id': 0, 'structure_id': 0, 'struct_direction': -1, 'timeframe': 'M15', 'use_case': 'first_confluence', 'parent_tf': 'H1', 'parent_sid': 1, 'parent_cycle_id': 0, 'structure_path_id': 'H1.main >> M15.confluence', 'sub_sid': 0, 'started_by': 'first_confluence', 'start_trigger_idx': 2758}"
2992,RANGE,RANGE_RESET,,"{'reason': 'range_breakout', 'pat': 'one_maru_continuous', 'structure_id': 0, 'struct_direction': -1, 'timeframe': 'M15', 'use_case': 'first_confluence', 'parent_tf': 'H1', 'parent_sid': 1, 'parent_cycle_id': 0, 'structure_path_id': 'H1.main >> M15.confluence', 'sub_sid': 0, 'started_by': 'first_confluence', 'start_trigger_idx': 2758}"
2992,STRUCTURE,CTS_ESTABLISHED,0.5777,"{'via': 'one_maru_continuous', 'anchor_idx': 2991, 'pattern_name': 'one_maru_continuous', 'confirmed_at': 2992, 'cycle_id': 1, 'structure_id': 0, 'struct_direction': -1, 'timeframe': 'M15', 'use_case': 'first_confluence', 'parent_tf': 'H1', 'parent_sid': 1, 'parent_cycle_id': 0, 'structure_path_id': 'H1.main >> M15.confluence', 'sub_sid': 0, 'started_by': 'first_confluence', 'start_trigger_idx': 2758}"
2915,STRUCTURE,BOS_CONFIRMED,0.58196,"{'source': 'pullback_extreme', 'confirmed_at': 2992, 'pb_start': 136, 'cycle_id': 1, 'structure_id': 0, 'struct_direction': -1, 'timeframe': 'M15', 'use_case': 'first_confluence', 'parent_tf': 'H1', 'parent_sid': 1, 'parent_cycle_id': 0, 'structure_path_id': 'H1.main >> M15.confluence', 'sub_sid': 0, 'started_by': 'first_confluence', 'start_trigger_idx': 2758}"
2992,STATE,STATE_CHANGED,,"{'from': 'pullback_range', 'to': 'breakout', 'structure_id': 0, 'struct_direction': -1, 'reason': 'breakout_pattern', 'pat': 'one_maru_continuous', 'effective_idx': 284, 'timeframe': 'M15', 'use_case': 'first_confluence', 'parent_tf': 'H1', 'parent_sid': 1, 'parent_cycle_id': 0, 'structure_path_id': 'H1.main >> M15.confluence', 'sub_sid': 0, 'started_by': 'first_confluence', 'start_trigger_idx': 2758}"
2993,STRUCTURE,CTS_UPDATED,0.57764,"{'via': 'replay_raw', 'cycle_id': 1, 'structure_id': 0, 'struct_direction': -1, 'timeframe': 'M15', 'use_case': 'first_confluence', 'parent_tf': 'H1', 'parent_sid': 1, 'parent_cycle_id': 0, 'structure_path_id': 'H1.main >> M15.confluence', 'sub_sid': 0, 'started_by': 'first_confluence', 'start_trigger_idx': 2758}"
2927,STRUCTURE,CTS_ESTABLISHED,0.58066,"{'via': 'one_maru_continuous', 'anchor_idx': 2925, 'pattern_name': 'one_maru_continuous', 'confirmed_at': 2927, 'cycle_id': 0, 'structure_id': 0, 'struct_direction': -1, 'timeframe': 'M15', 'use_case': 'first_confluence', 'parent_tf': 'H1', 'parent_sid': 1, 'parent_cycle_id': 1, 'structure_path_id': 'H1.main >> M15.confluence', 'sub_sid': 0, 'started_by': 'first_confluence', 'start_trigger_idx': 2915}"
2915,STRUCTURE,BOS_CONFIRMED,0.58196,"{'source': 'initial_prior_extreme', 'confirmed_at': 2927, 'pb_start': None, 'cycle_id': 0, 'structure_id': 0, 'struct_direction': -1, 'timeframe': 'M15', 'use_case': 'first_confluence', 'parent_tf': 'H1', 'parent_sid': 1, 'parent_cycle_id': 1, 'structure_path_id': 'H1.main >> M15.confluence', 'sub_sid': 0, 'started_by': 'first_confluence', 'start_trigger_idx': 2915}"
2927,STATE,STATE_CHANGED,,"{'from': 'none', 'to': 'breakout', 'structure_id': 0, 'struct_direction': -1, 'reason': 'breakout_pattern', 'pat': 'one_maru_continuous', 'effective_idx': 62, 'timeframe': 'M15', 'use_case': 'first_confluence', 'parent_tf': 'H1', 'parent_sid': 1, 'parent_cycle_id': 1, 'structure_path_id': 'H1.main >> M15.confluence', 'sub_sid': 0, 'started_by': 'first_confluence', 'start_trigger_idx': 2915}"
2931,RANGE,RANGE_STARTED,,"{'start_idx': 63, 'confirm_idx': 66, 'hi': 0.58096, 'lo': 0.58066, 'cts_idx': 62, 'cts_price': 0.58066, 'structure_id': 0, 'struct_direction': -1, 'timeframe': 'M15', 'use_case': 'first_confluence', 'parent_tf': 'H1', 'parent_sid': 1, 'parent_cycle_id': 1, 'structure_path_id': 'H1.main >> M15.confluence', 'sub_sid': 0, 'started_by': 'first_confluence', 'start_trigger_idx': 2915}"
2931,STATE,STATE_CHANGED,,"{'from': 'breakout', 'to': 'range', 'structure_id': 0, 'struct_direction': -1, 'reason': 'range_confirmed', 'effective_idx': 63, 'timeframe': 'M15', 'use_case': 'first_confluence', 'parent_tf': 'H1', 'parent_sid': 1, 'parent_cycle_id': 1, 'structure_path_id': 'H1.main >> M15.confluence', 'sub_sid': 0, 'started_by': 'first_confluence', 'start_trigger_idx': 2915}"
2929,RANGE,RANGE_UPDATED,,"{'hi': 0.58108, 'lo': 0.58066, 'structure_id': 0, 'struct_direction': -1, 'timeframe': 'M15', 'use_case': 'first_confluence', 'parent_tf': 'H1', 'parent_sid': 1, 'parent_cycle_id': 1, 'structure_path_id': 'H1.main >> M15.confluence', 'sub_sid': 0, 'started_by': 'first_confluence', 'start_trigger_idx': 2915}"
2930,RANGE,RANGE_UPDATED,,"{'hi': 0.58118, 'lo': 0.58066, 'structure_id': 0, 'struct_direction': -1, 'timeframe': 'M15', 'use_case': 'first_confluence', 'parent_tf': 'H1', 'parent_sid': 1, 'parent_cycle_id': 1, 'structure_path_id': 'H1.main >> M15.confluence', 'sub_sid': 0, 'started_by': 'first_confluence', 'start_trigger_idx': 2915}"
2932,RANGE,RANGE_UPDATED,,"{'hi': 0.58118, 'lo': 0.5806, 'structure_id': 0, 'struct_direction': -1, 'timeframe': 'M15', 'use_case': 'first_confluence', 'parent_tf': 'H1', 'parent_sid': 1, 'parent_cycle_id': 1, 'structure_path_id': 'H1.main >> M15.confluence', 'sub_sid': 0, 'started_by': 'first_confluence', 'start_trigger_idx': 2915}"
2932,STRUCTURE,CTS_UPDATED,0.5806,"{'via': 'replay_raw', 'cycle_id': 0, 'structure_id': 0, 'struct_direction': -1, 'timeframe': 'M15', 'use_case': 'first_confluence', 'parent_tf': 'H1', 'parent_sid': 1, 'parent_cycle_id': 1, 'structure_path_id': 'H1.main >> M15.confluence', 'sub_sid': 0, 'started_by': 'first_confluence', 'start_trigger_idx': 2915}"
2933,STRUCTURE,CTS_UPDATED,0.58028,"{'via': 'replay_raw', 'cycle_id': 0, 'structure_id': 0, 'struct_direction': -1, 'timeframe': 'M15', 'use_case': 'first_confluence', 'parent_tf': 'H1', 'parent_sid': 1, 'parent_cycle_id': 1, 'structure_path_id': 'H1.main >> M15.confluence', 'sub_sid': 0, 'started_by': 'first_confluence', 'start_trigger_idx': 2915}"
2934,RANGE,RANGE_RESET,,"{'reason': 'range_breakout', 'pat': 'one_maru_continuous', 'structure_id': 0, 'struct_direction': -1, 'timeframe': 'M15', 'use_case': 'first_confluence', 'parent_tf': 'H1', 'parent_sid': 1, 'parent_cycle_id': 1, 'structure_path_id': 'H1.main >> M15.confluence', 'sub_sid': 0, 'started_by': 'first_confluence', 'start_trigger_idx': 2915}"
2934,STRUCTURE,CTS_UPDATED,0.57992,"{'via': 'one_maru_continuous', 'cycle_id': 0, 'structure_id': 0, 'struct_direction': -1, 'timeframe': 'M15', 'use_case': 'first_confluence', 'parent_tf': 'H1', 'parent_sid': 1, 'parent_cycle_id': 1, 'structure_path_id': 'H1.main >> M15.confluence', 'sub_sid': 0, 'started_by': 'first_confluence', 'start_trigger_idx': 2915}"
2934,STATE,STATE_CHANGED,,"{'from': 'range', 'to': 'breakout', 'structure_id': 0, 'struct_direction': -1, 'reason': 'breakout_pattern', 'pat': 'one_maru_continuous', 'effective_idx': 69, 'timeframe': 'M15', 'use_case': 'first_confluence', 'parent_tf': 'H1', 'parent_sid': 1, 'parent_cycle_id': 1, 'structure_path_id': 'H1.main >> M15.confluence', 'sub_sid': 0, 'started_by': 'first_confluence', 'start_trigger_idx': 2915}"
2936,STRUCTURE,CTS_UPDATED,0.57968,"{'via': 'replay_raw', 'cycle_id': 0, 'structure_id': 0, 'struct_direction': -1, 'timeframe': 'M15', 'use_case': 'first_confluence', 'parent_tf': 'H1', 'parent_sid': 1, 'parent_cycle_id': 1, 'structure_path_id': 'H1.main >> M15.confluence', 'sub_sid': 0, 'started_by': 'first_confluence', 'start_trigger_idx': 2915}"
2938,RANGE,RANGE_STARTED,,"{'start_idx': 71, 'confirm_idx': 73, 'hi': 0.58007, 'lo': 0.57968, 'cts_idx': 71, 'cts_price': 0.57968, 'structure_id': 0, 'struct_direction': -1, 'timeframe': 'M15', 'use_case': 'first_confluence', 'parent_tf': 'H1', 'parent_sid': 1, 'parent_cycle_id': 1, 'structure_path_id': 'H1.main >> M15.confluence', 'sub_sid': 0, 'started_by': 'first_confluence', 'start_trigger_idx': 2915}"
2938,STATE,STATE_CHANGED,,"{'from': 'breakout', 'to': 'range', 'structure_id': 0, 'struct_direction': -1, 'reason': 'range_confirmed', 'effective_idx': 71, 'timeframe': 'M15', 'use_case': 'first_confluence', 'parent_tf': 'H1', 'parent_sid': 1, 'parent_cycle_id': 1, 'structure_path_id': 'H1.main >> M15.confluence', 'sub_sid': 0, 'started_by': 'first_confluence', 'start_trigger_idx': 2915}"
2940,RANGE,RANGE_UPDATED,,"{'hi': 0.5801, 'lo': 0.57968, 'structure_id': 0, 'struct_direction': -1, 'timeframe': 'M15', 'use_case': 'first_confluence', 'parent_tf': 'H1', 'parent_sid': 1, 'parent_cycle_id': 1, 'structure_path_id': 'H1.main >> M15.confluence', 'sub_sid': 0, 'started_by': 'first_confluence', 'start_trigger_idx': 2915}"
2941,RANGE,RANGE_UPDATED,,"{'hi': 0.5801, 'lo': 0.57958, 'structure_id': 0, 'struct_direction': -1, 'timeframe': 'M15', 'use_case': 'first_confluence', 'parent_tf': 'H1', 'parent_sid': 1, 'parent_cycle_id': 1, 'structure_path_id': 'H1.main >> M15.confluence', 'sub_sid': 0, 'started_by': 'first_confluence', 'start_trigger_idx': 2915}"
2941,STRUCTURE,CTS_UPDATED,0.57958,"{'via': 'replay_raw', 'cycle_id': 0, 'structure_id': 0, 'struct_direction': -1, 'timeframe': 'M15', 'use_case': 'first_confluence', 'parent_tf': 'H1', 'parent_sid': 1, 'parent_cycle_id': 1, 'structure_path_id': 'H1.main >> M15.confluence', 'sub_sid': 0, 'started_by': 'first_confluence', 'start_trigger_idx': 2915}"
2942,RANGE,RANGE_UPDATED,,"{'hi': 0.5801, 'lo': 0.57942, 'structure_id': 0, 'struct_direction': -1, 'timeframe': 'M15', 'use_case': 'first_confluence', 'parent_tf': 'H1', 'parent_sid': 1, 'parent_cycle_id': 1, 'structure_path_id': 'H1.main >> M15.confluence', 'sub_sid': 0, 'started_by': 'first_confluence', 'start_trigger_idx': 2915}"
2942,STRUCTURE,CTS_UPDATED,0.57942,"{'via': 'replay_raw', 'cycle_id': 0, 'structure_id': 0, 'struct_direction': -1, 'timeframe': 'M15', 'use_case': 'first_confluence', 'parent_tf': 'H1', 'parent_sid': 1, 'parent_cycle_id': 1, 'structure_path_id': 'H1.main >> M15.confluence', 'sub_sid': 0, 'started_by': 'first_confluence', 'start_trigger_idx': 2915}"
2946,RANGE,RANGE_UPDATED,,"{'hi': 0.58026, 'lo': 0.57942, 'structure_id': 0, 'struct_direction': -1, 'timeframe': 'M15', 'use_case': 'first_confluence', 'parent_tf': 'H1', 'parent_sid': 1, 'parent_cycle_id': 1, 'structure_path_id': 'H1.main >> M15.confluence', 'sub_sid': 0, 'started_by': 'first_confluence', 'start_trigger_idx': 2915}"
2947,RANGE,RANGE_UPDATED,,"{'hi': 0.58029, 'lo': 0.57942, 'structure_id': 0, 'struct_direction': -1, 'timeframe': 'M15', 'use_case': 'first_confluence', 'parent_tf': 'H1', 'parent_sid': 1, 'parent_cycle_id': 1, 'structure_path_id': 'H1.main >> M15.confluence', 'sub_sid': 0, 'started_by': 'first_confluence', 'start_trigger_idx': 2915}"
2948,RANGE,RANGE_UPDATED,,"{'hi': 0.58042, 'lo': 0.57942, 'structure_id': 0, 'struct_direction': -1, 'timeframe': 'M15', 'use_case': 'first_confluence', 'parent_tf': 'H1', 'parent_sid': 1, 'parent_cycle_id': 1, 'structure_path_id': 'H1.main >> M15.confluence', 'sub_sid': 0, 'started_by': 'first_confluence', 'start_trigger_idx': 2915}"
2949,RANGE,RANGE_UPDATED,,"{'hi': 0.58042, 'lo': 0.57927, 'structure_id': 0, 'struct_direction': -1, 'timeframe': 'M15', 'use_case': 'first_confluence', 'parent_tf': 'H1', 'parent_sid': 1, 'parent_cycle_id': 1, 'structure_path_id': 'H1.main >> M15.confluence', 'sub_sid': 0, 'started_by': 'first_confluence', 'start_trigger_idx': 2915}"
2949,STRUCTURE,CTS_UPDATED,0.57927,"{'via': 'replay_raw', 'cycle_id': 0, 'structure_id': 0, 'struct_direction': -1, 'timeframe': 'M15', 'use_case': 'first_confluence', 'parent_tf': 'H1', 'parent_sid': 1, 'parent_cycle_id': 1, 'structure_path_id': 'H1.main >> M15.confluence', 'sub_sid': 0, 'started_by': 'first_confluence', 'start_trigger_idx': 2915}"
2950,RANGE,RANGE_UPDATED,,"{'hi': 0.58042, 'lo': 0.57902, 'structure_id': 0, 'struct_direction': -1, 'timeframe': 'M15', 'use_case': 'first_confluence', 'parent_tf': 'H1', 'parent_sid': 1, 'parent_cycle_id': 1, 'structure_path_id': 'H1.main >> M15.confluence', 'sub_sid': 0, 'started_by': 'first_confluence', 'start_trigger_idx': 2915}"
2950,STRUCTURE,CTS_UPDATED,0.57902,"{'via': 'replay_raw', 'cycle_id': 0, 'structure_id': 0, 'struct_direction': -1, 'timeframe': 'M15', 'use_case': 'first_confluence', 'parent_tf': 'H1', 'parent_sid': 1, 'parent_cycle_id': 1, 'structure_path_id': 'H1.main >> M15.confluence', 'sub_sid': 0, 'started_by': 'first_confluence', 'start_trigger_idx': 2915}"
2951,RANGE,RANGE_UPDATED,,"{'hi': 0.5805, 'lo': 0.57902, 'structure_id': 0, 'struct_direction': -1, 'timeframe': 'M15', 'use_case': 'first_confluence', 'parent_tf': 'H1', 'parent_sid': 1, 'parent_cycle_id': 1, 'structure_path_id': 'H1.main >> M15.confluence', 'sub_sid': 0, 'started_by': 'first_confluence', 'start_trigger_idx': 2915}"
2952,RANGE,RANGE_UPDATED,,"{'hi': 0.58053, 'lo': 0.57902, 'structure_id': 0, 'struct_direction': -1, 'timeframe': 'M15', 'use_case': 'first_confluence', 'parent_tf': 'H1', 'parent_sid': 1, 'parent_cycle_id': 1, 'structure_path_id': 'H1.main >> M15.confluence', 'sub_sid': 0, 'started_by': 'first_confluence', 'start_trigger_idx': 2915}"
2953,RANGE,RANGE_UPDATED,,"{'hi': 0.58066, 'lo': 0.57902, 'structure_id': 0, 'struct_direction': -1, 'timeframe': 'M15', 'use_case': 'first_confluence', 'parent_tf': 'H1', 'parent_sid': 1, 'parent_cycle_id': 1, 'structure_path_id': 'H1.main >> M15.confluence', 'sub_sid': 0, 'started_by': 'first_confluence', 'start_trigger_idx': 2915}"
2967,RANGE,RANGE_UPDATED,,"{'hi': 0.58066, 'lo': 0.57899, 'structure_id': 0, 'struct_direction': -1, 'timeframe': 'M15', 'use_case': 'first_confluence', 'parent_tf': 'H1', 'parent_sid': 1, 'parent_cycle_id': 1, 'structure_path_id': 'H1.main >> M15.confluence', 'sub_sid': 0, 'started_by': 'first_confluence', 'start_trigger_idx': 2915}"
2967,STRUCTURE,CTS_UPDATED,0.57899,"{'via': 'replay_raw', 'cycle_id': 0, 'structure_id': 0, 'struct_direction': -1, 'timeframe': 'M15', 'use_case': 'first_confluence', 'parent_tf': 'H1', 'parent_sid': 1, 'parent_cycle_id': 1, 'structure_path_id': 'H1.main >> M15.confluence', 'sub_sid': 0, 'started_by': 'first_confluence', 'start_trigger_idx': 2915}"
2971,RANGE,RANGE_UPDATED,,"{'hi': 0.58066, 'lo': 0.57886, 'structure_id': 0, 'struct_direction': -1, 'timeframe': 'M15', 'use_case': 'first_confluence', 'parent_tf': 'H1', 'parent_sid': 1, 'parent_cycle_id': 1, 'structure_path_id': 'H1.main >> M15.confluence', 'sub_sid': 0, 'started_by': 'first_confluence', 'start_trigger_idx': 2915}"
2971,STRUCTURE,CTS_UPDATED,0.57886,"{'via': 'replay_raw', 'cycle_id': 0, 'structure_id': 0, 'struct_direction': -1, 'timeframe': 'M15', 'use_case': 'first_confluence', 'parent_tf': 'H1', 'parent_sid': 1, 'parent_cycle_id': 1, 'structure_path_id': 'H1.main >> M15.confluence', 'sub_sid': 0, 'started_by': 'first_confluence', 'start_trigger_idx': 2915}"
2986,RANGE,RANGE_UPDATED,,"{'hi': 0.58066, 'lo': 0.57874, 'structure_id': 0, 'struct_direction': -1, 'timeframe': 'M15', 'use_case': 'first_confluence', 'parent_tf': 'H1', 'parent_sid': 1, 'parent_cycle_id': 1, 'structure_path_id': 'H1.main >> M15.confluence', 'sub_sid': 0, 'started_by': 'first_confluence', 'start_trigger_idx': 2915}"
2986,STRUCTURE,CTS_UPDATED,0.57874,"{'via': 'replay_raw', 'cycle_id': 0, 'structure_id': 0, 'struct_direction': -1, 'timeframe': 'M15', 'use_case': 'first_confluence', 'parent_tf': 'H1', 'parent_sid': 1, 'parent_cycle_id': 1, 'structure_path_id': 'H1.main >> M15.confluence', 'sub_sid': 0, 'started_by': 'first_confluence', 'start_trigger_idx': 2915}"
2987,RANGE,RANGE_UPDATED,,"{'hi': 0.58066, 'lo': 0.57856, 'structure_id': 0, 'struct_direction': -1, 'timeframe': 'M15', 'use_case': 'first_confluence', 'parent_tf': 'H1', 'parent_sid': 1, 'parent_cycle_id': 1, 'structure_path_id': 'H1.main >> M15.confluence', 'sub_sid': 0, 'started_by': 'first_confluence', 'start_trigger_idx': 2915}"
2987,STRUCTURE,CTS_UPDATED,0.57856,"{'via': 'replay_raw', 'cycle_id': 0, 'structure_id': 0, 'struct_direction': -1, 'timeframe': 'M15', 'use_case': 'first_confluence', 'parent_tf': 'H1', 'parent_sid': 1, 'parent_cycle_id': 1, 'structure_path_id': 'H1.main >> M15.confluence', 'sub_sid': 0, 'started_by': 'first_confluence', 'start_trigger_idx': 2915}"
2988,RANGE,RANGE_UPDATED,,"{'hi': 0.58066, 'lo': 0.57844, 'structure_id': 0, 'struct_direction': -1, 'timeframe': 'M15', 'use_case': 'first_confluence', 'parent_tf': 'H1', 'parent_sid': 1, 'parent_cycle_id': 1, 'structure_path_id': 'H1.main >> M15.confluence', 'sub_sid': 0, 'started_by': 'first_confluence', 'start_trigger_idx': 2915}"
2988,STRUCTURE,CTS_UPDATED,0.57844,"{'via': 'replay_raw', 'cycle_id': 0, 'structure_id': 0, 'struct_direction': -1, 'timeframe': 'M15', 'use_case': 'first_confluence', 'parent_tf': 'H1', 'parent_sid': 1, 'parent_cycle_id': 1, 'structure_path_id': 'H1.main >> M15.confluence', 'sub_sid': 0, 'started_by': 'first_confluence', 'start_trigger_idx': 2915}"
2991,STRUCTURE,CTS_UPDATED,0.57809,"{'via': 'replay_raw', 'cycle_id': 0, 'structure_id': 0, 'struct_direction': -1, 'timeframe': 'M15', 'use_case': 'first_confluence', 'parent_tf': 'H1', 'parent_sid': 1, 'parent_cycle_id': 1, 'structure_path_id': 'H1.main >> M15.confluence', 'sub_sid': 0, 'started_by': 'first_confluence', 'start_trigger_idx': 2915}"
2992,RANGE,RANGE_RESET,,"{'reason': 'range_breakout', 'pat': 'one_maru_continuous', 'structure_id': 0, 'struct_direction': -1, 'timeframe': 'M15', 'use_case': 'first_confluence', 'parent_tf': 'H1', 'parent_sid': 1, 'parent_cycle_id': 1, 'structure_path_id': 'H1.main >> M15.confluence', 'sub_sid': 0, 'started_by': 'first_confluence', 'start_trigger_idx': 2915}"
2992,STRUCTURE,CTS_UPDATED,0.5777,"{'via': 'one_maru_continuous', 'cycle_id': 0, 'structure_id': 0, 'struct_direction': -1, 'timeframe': 'M15', 'use_case': 'first_confluence', 'parent_tf': 'H1', 'parent_sid': 1, 'parent_cycle_id': 1, 'structure_path_id': 'H1.main >> M15.confluence', 'sub_sid': 0, 'started_by': 'first_confluence', 'start_trigger_idx': 2915}"
2992,STATE,STATE_CHANGED,,"{'from': 'range', 'to': 'breakout', 'structure_id': 0, 'struct_direction': -1, 'reason': 'breakout_pattern', 'pat': 'one_maru_continuous', 'effective_idx': 127, 'timeframe': 'M15', 'use_case': 'first_confluence', 'parent_tf': 'H1', 'parent_sid': 1, 'parent_cycle_id': 1, 'structure_path_id': 'H1.main >> M15.confluence', 'sub_sid': 0, 'started_by': 'first_confluence', 'start_trigger_idx': 2915}"
2993,STRUCTURE,CTS_UPDATED,0.57764,"{'via': 'replay_raw', 'cycle_id': 0, 'structure_id': 0, 'struct_direction': -1, 'timeframe': 'M15', 'use_case': 'first_confluence', 'parent_tf': 'H1', 'parent_sid': 1, 'parent_cycle_id': 1, 'structure_path_id': 'H1.main >> M15.confluence', 'sub_sid': 0, 'started_by': 'first_confluence', 'start_trigger_idx': 2915}"
2996,RANGE,RANGE_STARTED,,"{'start_idx': 129, 'confirm_idx': 131, 'hi': 0.57835, 'lo': 0.57764, 'cts_idx': 128, 'cts_price': 0.57764, 'structure_id': 0, 'struct_direction': -1, 'timeframe': 'M15', 'use_case': 'first_confluence', 'parent_tf': 'H1', 'parent_sid': 1, 'parent_cycle_id': 1, 'structure_path_id': 'H1.main >> M15.confluence', 'sub_sid': 0, 'started_by': 'first_confluence', 'start_trigger_idx': 2915}"
2996,STATE,STATE_CHANGED,,"{'from': 'breakout', 'to': 'range', 'structure_id': 0, 'struct_direction': -1, 'reason': 'range_confirmed', 'effective_idx': 129, 'timeframe': 'M15', 'use_case': 'first_confluence', 'parent_tf': 'H1', 'parent_sid': 1, 'parent_cycle_id': 1, 'structure_path_id': 'H1.main >> M15.confluence', 'sub_sid': 0, 'started_by': 'first_confluence', 'start_trigger_idx': 2915}"
2996,RANGE,RANGE_UPDATED,,"{'hi': 0.57841, 'lo': 0.57764, 'structure_id': 0, 'struct_direction': -1, 'timeframe': 'M15', 'use_case': 'first_confluence', 'parent_tf': 'H1', 'parent_sid': 1, 'parent_cycle_id': 1, 'structure_path_id': 'H1.main >> M15.confluence', 'sub_sid': 0, 'started_by': 'first_confluence', 'start_trigger_idx': 2915}"
3005,RANGE,RANGE_UPDATED,,"{'hi': 0.57841, 'lo': 0.5772, 'structure_id': 0, 'struct_direction': -1, 'timeframe': 'M15', 'use_case': 'first_confluence', 'parent_tf': 'H1', 'parent_sid': 1, 'parent_cycle_id': 1, 'structure_path_id': 'H1.main >> M15.confluence', 'sub_sid': 0, 'started_by': 'first_confluence', 'start_trigger_idx': 2915}"
3005,STRUCTURE,CTS_UPDATED,0.5772,"{'via': 'replay_raw', 'cycle_id': 0, 'structure_id': 0, 'struct_direction': -1, 'timeframe': 'M15', 'use_case': 'first_confluence', 'parent_tf': 'H1', 'parent_sid': 1, 'parent_cycle_id': 1, 'structure_path_id': 'H1.main >> M15.confluence', 'sub_sid': 0, 'started_by': 'first_confluence', 'start_trigger_idx': 2915}"
3007,RANGE,RANGE_UPDATED,,"{'hi': 0.57841, 'lo': 0.57703, 'structure_id': 0, 'struct_direction': -1, 'timeframe': 'M15', 'use_case': 'first_confluence', 'parent_tf': 'H1', 'parent_sid': 1, 'parent_cycle_id': 1, 'structure_path_id': 'H1.main >> M15.confluence', 'sub_sid': 0, 'started_by': 'first_confluence', 'start_trigger_idx': 2915}"
3007,STRUCTURE,CTS_UPDATED,0.57703,"{'via': 'replay_raw', 'cycle_id': 0, 'structure_id': 0, 'struct_direction': -1, 'timeframe': 'M15', 'use_case': 'first_confluence', 'parent_tf': 'H1', 'parent_sid': 1, 'parent_cycle_id': 1, 'structure_path_id': 'H1.main >> M15.confluence', 'sub_sid': 0, 'started_by': 'first_confluence', 'start_trigger_idx': 2915}"
3008,RANGE,RANGE_UPDATED,,"{'hi': 0.57841, 'lo': 0.5768, 'structure_id': 0, 'struct_direction': -1, 'timeframe': 'M15', 'use_case': 'first_confluence', 'parent_tf': 'H1', 'parent_sid': 1, 'parent_cycle_id': 1, 'structure_path_id': 'H1.main >> M15.confluence', 'sub_sid': 0, 'started_by': 'first_confluence', 'start_trigger_idx': 2915}"
3008,STRUCTURE,CTS_UPDATED,0.5768,"{'via': 'replay_raw', 'cycle_id': 0, 'structure_id': 0, 'struct_direction': -1, 'timeframe': 'M15', 'use_case': 'first_confluence', 'parent_tf': 'H1', 'parent_sid': 1, 'parent_cycle_id': 1, 'structure_path_id': 'H1.main >> M15.confluence', 'sub_sid': 0, 'started_by': 'first_confluence', 'start_trigger_idx': 2915}"
3010,RANGE,RANGE_UPDATED,,"{'hi': 0.57841, 'lo': 0.57676, 'structure_id': 0, 'struct_direction': -1, 'timeframe': 'M15', 'use_case': 'first_confluence', 'parent_tf': 'H1', 'parent_sid': 1, 'parent_cycle_id': 1, 'structure_path_id': 'H1.main >> M15.confluence', 'sub_sid': 0, 'started_by': 'first_confluence', 'start_trigger_idx': 2915}"
3010,STRUCTURE,CTS_UPDATED,0.57676,"{'via': 'replay_raw', 'cycle_id': 0, 'structure_id': 0, 'struct_direction': -1, 'timeframe': 'M15', 'use_case': 'first_confluence', 'parent_tf': 'H1', 'parent_sid': 1, 'parent_cycle_id': 1, 'structure_path_id': 'H1.main >> M15.confluence', 'sub_sid': 0, 'started_by': 'first_confluence', 'start_trigger_idx': 2915}"
3011,RANGE,RANGE_UPDATED,,"{'hi': 0.57841, 'lo': 0.57675, 'structure_id': 0, 'struct_direction': -1, 'timeframe': 'M15', 'use_case': 'first_confluence', 'parent_tf': 'H1', 'parent_sid': 1, 'parent_cycle_id': 1, 'structure_path_id': 'H1.main >> M15.confluence', 'sub_sid': 0, 'started_by': 'first_confluence', 'start_trigger_idx': 2915}"
3011,STRUCTURE,CTS_UPDATED,0.57675,"{'via': 'replay_raw', 'cycle_id': 0, 'structure_id': 0, 'struct_direction': -1, 'timeframe': 'M15', 'use_case': 'first_confluence', 'parent_tf': 'H1', 'parent_sid': 1, 'parent_cycle_id': 1, 'structure_path_id': 'H1.main >> M15.confluence', 'sub_sid': 0, 'started_by': 'first_confluence', 'start_trigger_idx': 2915}"
3012,RANGE,RANGE_UPDATED,,"{'hi': 0.57841, 'lo': 0.57652, 'structure_id': 0, 'struct_direction': -1, 'timeframe': 'M15', 'use_case': 'first_confluence', 'parent_tf': 'H1', 'parent_sid': 1, 'parent_cycle_id': 1, 'structure_path_id': 'H1.main >> M15.confluence', 'sub_sid': 0, 'started_by': 'first_confluence', 'start_trigger_idx': 2915}"
3012,STRUCTURE,CTS_UPDATED,0.57652,"{'via': 'replay_raw', 'cycle_id': 0, 'structure_id': 0, 'struct_direction': -1, 'timeframe': 'M15', 'use_case': 'first_confluence', 'parent_tf': 'H1', 'parent_sid': 1, 'parent_cycle_id': 1, 'structure_path_id': 'H1.main >> M15.confluence', 'sub_sid': 0, 'started_by': 'first_confluence', 'start_trigger_idx': 2915}"
3013,RANGE,RANGE_UPDATED,,"{'hi': 0.57841, 'lo': 0.5764, 'structure_id': 0, 'struct_direction': -1, 'timeframe': 'M15', 'use_case': 'first_confluence', 'parent_tf': 'H1', 'parent_sid': 1, 'parent_cycle_id': 1, 'structure_path_id': 'H1.main >> M15.confluence', 'sub_sid': 0, 'started_by': 'first_confluence', 'start_trigger_idx': 2915}"
3013,STRUCTURE,CTS_UPDATED,0.5764,"{'via': 'replay_raw', 'cycle_id': 0, 'structure_id': 0, 'struct_direction': -1, 'timeframe': 'M15', 'use_case': 'first_confluence', 'parent_tf': 'H1', 'parent_sid': 1, 'parent_cycle_id': 1, 'structure_path_id': 'H1.main >> M15.confluence', 'sub_sid': 0, 'started_by': 'first_confluence', 'start_trigger_idx': 2915}"
3024,RANGE,RANGE_UPDATED,,"{'hi': 0.57841, 'lo': 0.57639, 'structure_id': 0, 'struct_direction': -1, 'timeframe': 'M15', 'use_case': 'first_confluence', 'parent_tf': 'H1', 'parent_sid': 1, 'parent_cycle_id': 1, 'structure_path_id': 'H1.main >> M15.confluence', 'sub_sid': 0, 'started_by': 'first_confluence', 'start_trigger_idx': 2915}"
3024,STRUCTURE,CTS_UPDATED,0.57639,"{'via': 'replay_raw', 'cycle_id': 0, 'structure_id': 0, 'struct_direction': -1, 'timeframe': 'M15', 'use_case': 'first_confluence', 'parent_tf': 'H1', 'parent_sid': 1, 'parent_cycle_id': 1, 'structure_path_id': 'H1.main >> M15.confluence', 'sub_sid': 0, 'started_by': 'first_confluence', 'start_trigger_idx': 2915}"
3026,RANGE,RANGE_UPDATED,,"{'hi': 0.57841, 'lo': 0.57638, 'structure_id': 0, 'struct_direction': -1, 'timeframe': 'M15', 'use_case': 'first_confluence', 'parent_tf': 'H1', 'parent_sid': 1, 'parent_cycle_id': 1, 'structure_path_id': 'H1.main >> M15.confluence', 'sub_sid': 0, 'started_by': 'first_confluence', 'start_trigger_idx': 2915}"
3026,STRUCTURE,CTS_UPDATED,0.57638,"{'via': 'replay_raw', 'cycle_id': 0, 'structure_id': 0, 'struct_direction': -1, 'timeframe': 'M15', 'use_case': 'first_confluence', 'parent_tf': 'H1', 'parent_sid': 1, 'parent_cycle_id': 1, 'structure_path_id': 'H1.main >> M15.confluence', 'sub_sid': 0, 'started_by': 'first_confluence', 'start_trigger_idx': 2915}"
3027,RANGE,RANGE_UPDATED,,"{'hi': 0.57841, 'lo': 0.57602, 'structure_id': 0, 'struct_direction': -1, 'timeframe': 'M15', 'use_case': 'first_confluence', 'parent_tf': 'H1', 'parent_sid': 1, 'parent_cycle_id': 1, 'structure_path_id': 'H1.main >> M15.confluence', 'sub_sid': 0, 'started_by': 'first_confluence', 'start_trigger_idx': 2915}"
3027,STRUCTURE,CTS_UPDATED,0.57602,"{'via': 'replay_raw', 'cycle_id': 0, 'structure_id': 0, 'struct_direction': -1, 'timeframe': 'M15', 'use_case': 'first_confluence', 'parent_tf': 'H1', 'parent_sid': 1, 'parent_cycle_id': 1, 'structure_path_id': 'H1.main >> M15.confluence', 'sub_sid': 0, 'started_by': 'first_confluence', 'start_trigger_idx': 2915}"
3042,RANGE,RANGE_UPDATED,,"{'hi': 0.57841, 'lo': 0.57587, 'structure_id': 0, 'struct_direction': -1, 'timeframe': 'M15', 'use_case': 'first_confluence', 'parent_tf': 'H1', 'parent_sid': 1, 'parent_cycle_id': 1, 'structure_path_id': 'H1.main >> M15.confluence', 'sub_sid': 0, 'started_by': 'first_confluence', 'start_trigger_idx': 2915}"
3042,STRUCTURE,CTS_UPDATED,0.57587,"{'via': 'replay_raw', 'cycle_id': 0, 'structure_id': 0, 'struct_direction': -1, 'timeframe': 'M15', 'use_case': 'first_confluence', 'parent_tf': 'H1', 'parent_sid': 1, 'parent_cycle_id': 1, 'structure_path_id': 'H1.main >> M15.confluence', 'sub_sid': 0, 'started_by': 'first_confluence', 'start_trigger_idx': 2915}"
3043,STRUCTURE,CTS_UPDATED,0.57581,"{'via': 'replay_raw', 'cycle_id': 0, 'structure_id': 0, 'struct_direction': -1, 'timeframe': 'M15', 'use_case': 'first_confluence', 'parent_tf': 'H1', 'parent_sid': 1, 'parent_cycle_id': 1, 'structure_path_id': 'H1.main >> M15.confluence', 'sub_sid': 0, 'started_by': 'first_confluence', 'start_trigger_idx': 2915}"
3044,RANGE,RANGE_RESET,,"{'reason': 'range_breakout', 'pat': 'double_maru', 'structure_id': 0, 'struct_direction': -1, 'timeframe': 'M15', 'use_case': 'first_confluence', 'parent_tf': 'H1', 'parent_sid': 1, 'parent_cycle_id': 1, 'structure_path_id': 'H1.main >> M15.confluence', 'sub_sid': 0, 'started_by': 'first_confluence', 'start_trigger_idx': 2915}"
3044,STRUCTURE,CTS_UPDATED,0.575,"{'via': 'double_maru', 'cycle_id': 0, 'structure_id': 0, 'struct_direction': -1, 'timeframe': 'M15', 'use_case': 'first_confluence', 'parent_tf': 'H1', 'parent_sid': 1, 'parent_cycle_id': 1, 'structure_path_id': 'H1.main >> M15.confluence', 'sub_sid': 0, 'started_by': 'first_confluence', 'start_trigger_idx': 2915}"
3044,STATE,STATE_CHANGED,,"{'from': 'range', 'to': 'breakout', 'structure_id': 0, 'struct_direction': -1, 'reason': 'breakout_pattern', 'pat': 'double_maru', 'effective_idx': 179, 'timeframe': 'M15', 'use_case': 'first_confluence', 'parent_tf': 'H1', 'parent_sid': 1, 'parent_cycle_id': 1, 'structure_path_id': 'H1.main >> M15.confluence', 'sub_sid': 0, 'started_by': 'first_confluence', 'start_trigger_idx': 2915}"
3045,STRUCTURE,CTS_UPDATED,0.57475,"{'via': 'replay_raw', 'cycle_id': 0, 'structure_id': 0, 'struct_direction': -1, 'timeframe': 'M15', 'use_case': 'first_confluence', 'parent_tf': 'H1', 'parent_sid': 1, 'parent_cycle_id': 1, 'structure_path_id': 'H1.main >> M15.confluence', 'sub_sid': 0, 'started_by': 'first_confluence', 'start_trigger_idx': 2915}"
3046,STRUCTURE,CTS_UPDATED,0.57451,"{'via': 'replay_raw', 'cycle_id': 0, 'structure_id': 0, 'struct_direction': -1, 'timeframe': 'M15', 'use_case': 'first_confluence', 'parent_tf': 'H1', 'parent_sid': 1, 'parent_cycle_id': 1, 'structure_path_id': 'H1.main >> M15.confluence', 'sub_sid': 0, 'started_by': 'first_confluence', 'start_trigger_idx': 2915}"
3047,STRUCTURE,CTS_UPDATED,0.574,"{'via': 'replay_raw', 'cycle_id': 0, 'structure_id': 0, 'struct_direction': -1, 'timeframe': 'M15', 'use_case': 'first_confluence', 'parent_tf': 'H1', 'parent_sid': 1, 'parent_cycle_id': 1, 'structure_path_id': 'H1.main >> M15.confluence', 'sub_sid': 0, 'started_by': 'first_confluence', 'start_trigger_idx': 2915}"
3050,RANGE,RANGE_STARTED,,"{'start_idx': 182, 'confirm_idx': 185, 'hi': 0.57524, 'lo': 0.574, 'cts_idx': 182, 'cts_price': 0.574, 'structure_id': 0, 'struct_direction': -1, 'timeframe': 'M15', 'use_case': 'first_confluence', 'parent_tf': 'H1', 'parent_sid': 1, 'parent_cycle_id': 1, 'structure_path_id': 'H1.main >> M15.confluence', 'sub_sid': 0, 'started_by': 'first_confluence', 'start_trigger_idx': 2915}"
3050,STATE,STATE_CHANGED,,"{'from': 'breakout', 'to': 'range', 'structure_id': 0, 'struct_direction': -1, 'reason': 'range_confirmed', 'effective_idx': 182, 'timeframe': 'M15', 'use_case': 'first_confluence', 'parent_tf': 'H1', 'parent_sid': 1, 'parent_cycle_id': 1, 'structure_path_id': 'H1.main >> M15.confluence', 'sub_sid': 0, 'started_by': 'first_confluence', 'start_trigger_idx': 2915}"
3048,RANGE,RANGE_UPDATED,,"{'hi': 0.57536, 'lo': 0.574, 'structure_id': 0, 'struct_direction': -1, 'timeframe': 'M15', 'use_case': 'first_confluence', 'parent_tf': 'H1', 'parent_sid': 1, 'parent_cycle_id': 1, 'structure_path_id': 'H1.main >> M15.confluence', 'sub_sid': 0, 'started_by': 'first_confluence', 'start_trigger_idx': 2915}"
3049,RANGE,RANGE_UPDATED,,"{'hi': 0.57552, 'lo': 0.574, 'structure_id': 0, 'struct_direction': -1, 'timeframe': 'M15', 'use_case': 'first_confluence', 'parent_tf': 'H1', 'parent_sid': 1, 'parent_cycle_id': 1, 'structure_path_id': 'H1.main >> M15.confluence', 'sub_sid': 0, 'started_by': 'first_confluence', 'start_trigger_idx': 2915}"
3052,RANGE,RANGE_UPDATED,,"{'hi': 0.57561, 'lo': 0.574, 'structure_id': 0, 'struct_direction': -1, 'timeframe': 'M15', 'use_case': 'first_confluence', 'parent_tf': 'H1', 'parent_sid': 1, 'parent_cycle_id': 1, 'structure_path_id': 'H1.main >> M15.confluence', 'sub_sid': 0, 'started_by': 'first_confluence', 'start_trigger_idx': 2915}"
3054,RANGE,RANGE_UPDATED,,"{'hi': 0.57564, 'lo': 0.574, 'structure_id': 0, 'struct_direction': -1, 'timeframe': 'M15', 'use_case': 'first_confluence', 'parent_tf': 'H1', 'parent_sid': 1, 'parent_cycle_id': 1, 'structure_path_id': 'H1.main >> M15.confluence', 'sub_sid': 0, 'started_by': 'first_confluence', 'start_trigger_idx': 2915}"
3055,RANGE,RANGE_UPDATED,,"{'hi': 0.57566, 'lo': 0.574, 'structure_id': 0, 'struct_direction': -1, 'timeframe': 'M15', 'use_case': 'first_confluence', 'parent_tf': 'H1', 'parent_sid': 1, 'parent_cycle_id': 1, 'structure_path_id': 'H1.main >> M15.confluence', 'sub_sid': 0, 'started_by': 'first_confluence', 'start_trigger_idx': 2915}"
3067,RANGE,RANGE_UPDATED,,"{'hi': 0.57574, 'lo': 0.574, 'structure_id': 0, 'struct_direction': -1, 'timeframe': 'M15', 'use_case': 'first_confluence', 'parent_tf': 'H1', 'parent_sid': 1, 'parent_cycle_id': 1, 'structure_path_id': 'H1.main >> M15.confluence', 'sub_sid': 0, 'started_by': 'first_confluence', 'start_trigger_idx': 2915}"
3070,RANGE,RANGE_UPDATED,,"{'hi': 0.57586, 'lo': 0.574, 'structure_id': 0, 'struct_direction': -1, 'timeframe': 'M15', 'use_case': 'first_confluence', 'parent_tf': 'H1', 'parent_sid': 1, 'parent_cycle_id': 1, 'structure_path_id': 'H1.main >> M15.confluence', 'sub_sid': 0, 'started_by': 'first_confluence', 'start_trigger_idx': 2915}"
3072,RANGE,RANGE_UPDATED,,"{'hi': 0.57612, 'lo': 0.574, 'structure_id': 0, 'struct_direction': -1, 'timeframe': 'M15', 'use_case': 'first_confluence', 'parent_tf': 'H1', 'parent_sid': 1, 'parent_cycle_id': 1, 'structure_path_id': 'H1.main >> M15.confluence', 'sub_sid': 0, 'started_by': 'first_confluence', 'start_trigger_idx': 2915}"
3073,RANGE,RANGE_UPDATED,,"{'hi': 0.5762, 'lo': 0.574, 'structure_id': 0, 'struct_direction': -1, 'timeframe': 'M15', 'use_case': 'first_confluence', 'parent_tf': 'H1', 'parent_sid': 1, 'parent_cycle_id': 1, 'structure_path_id': 'H1.main >> M15.confluence', 'sub_sid': 0, 'started_by': 'first_confluence', 'start_trigger_idx': 2915}"
3086,RANGE,RANGE_UPDATED,,"{'reason': 'pullback_expand', 'hi': 0.57664, 'lo': 0.574, 'pat': 'continuous', 'structure_id': 0, 'struct_direction': -1, 'timeframe': 'M15', 'use_case': 'first_confluence', 'parent_tf': 'H1', 'parent_sid': 1, 'parent_cycle_id': 1, 'structure_path_id': 'H1.main >> M15.confluence', 'sub_sid': 0, 'started_by': 'first_confluence', 'start_trigger_idx': 2915}"
3086,STRUCTURE,CTS_CONFIRMED,0.574,"{'via': 'continuous', 'cycle_id': 0, 'structure_id': 0, 'struct_direction': -1, 'confirmed_at': 3086, 'cts_anchor_idx': 3047, 'confirmation_method': 'pullback', 'timeframe': 'M15', 'use_case': 'first_confluence', 'parent_tf': 'H1', 'parent_sid': 1, 'parent_cycle_id': 1, 'structure_path_id': 'H1.main >> M15.confluence', 'sub_sid': 0, 'started_by': 'first_confluence', 'start_trigger_idx': 2915}"
3086,STATE,STATE_CHANGED,,"{'from': 'range', 'to': 'pullback', 'structure_id': 0, 'struct_direction': -1, 'reason': 'pullback_pattern', 'pat': 'continuous', 'effective_idx': 221, 'timeframe': 'M15', 'use_case': 'first_confluence', 'parent_tf': 'H1', 'parent_sid': 1, 'parent_cycle_id': 1, 'structure_path_id': 'H1.main >> M15.confluence', 'sub_sid': 0, 'started_by': 'first_confluence', 'start_trigger_idx': 2915}"
3086,RANGE,RANGE_UPDATED,,"{'hi': 0.57698, 'lo': 0.574, 'structure_id': 0, 'struct_direction': -1, 'timeframe': 'M15', 'use_case': 'first_confluence', 'parent_tf': 'H1', 'parent_sid': 1, 'parent_cycle_id': 1, 'structure_path_id': 'H1.main >> M15.confluence', 'sub_sid': 0, 'started_by': 'first_confluence', 'start_trigger_idx': 2915}"
3087,RANGE,RANGE_UPDATED,,"{'hi': 0.57704, 'lo': 0.574, 'structure_id': 0, 'struct_direction': -1, 'timeframe': 'M15', 'use_case': 'first_confluence', 'parent_tf': 'H1', 'parent_sid': 1, 'parent_cycle_id': 1, 'structure_path_id': 'H1.main >> M15.confluence', 'sub_sid': 0, 'started_by': 'first_confluence', 'start_trigger_idx': 2915}"
3088,RANGE,RANGE_UPDATED,,"{'hi': 0.57708, 'lo': 0.574, 'structure_id': 0, 'struct_direction': -1, 'timeframe': 'M15', 'use_case': 'first_confluence', 'parent_tf': 'H1', 'parent_sid': 1, 'parent_cycle_id': 1, 'structure_path_id': 'H1.main >> M15.confluence', 'sub_sid': 0, 'started_by': 'first_confluence', 'start_trigger_idx': 2915}"
3089,STATE,STATE_CHANGED,,"{'from': 'pullback', 'to': 'pullback_range', 'structure_id': 0, 'struct_direction': -1, 'reason': 'replay_no_expand_pullback_side', 'effective_idx': 224, 'timeframe': 'M15', 'use_case': 'first_confluence', 'parent_tf': 'H1', 'parent_sid': 1, 'parent_cycle_id': 1, 'structure_path_id': 'H1.main >> M15.confluence', 'sub_sid': 0, 'started_by': 'first_confluence', 'start_trigger_idx': 2915}"
3112,RANGE,RANGE_UPDATED,,"{'hi': 0.57714, 'lo': 0.574, 'structure_id': 0, 'struct_direction': -1, 'timeframe': 'M15', 'use_case': 'first_confluence', 'parent_tf': 'H1', 'parent_sid': 1, 'parent_cycle_id': 1, 'structure_path_id': 'H1.main >> M15.confluence', 'sub_sid': 0, 'started_by': 'first_confluence', 'start_trigger_idx': 2915}"
3112,STATE,STATE_CHANGED,,"{'from': 'pullback_range', 'to': 'pullback', 'structure_id': 0, 'struct_direction': -1, 'reason': 'replay_expand_pullback_side', 'effective_idx': 247, 'timeframe': 'M15', 'use_case': 'first_confluence', 'parent_tf': 'H1', 'parent_sid': 1, 'parent_cycle_id': 1, 'structure_path_id': 'H1.main >> M15.confluence', 'sub_sid': 0, 'started_by': 'first_confluence', 'start_trigger_idx': 2915}"
3113,STATE,STATE_CHANGED,,"{'from': 'pullback', 'to': 'pullback_range', 'structure_id': 0, 'struct_direction': -1, 'reason': 'replay_no_expand_pullback_side', 'effective_idx': 248, 'timeframe': 'M15', 'use_case': 'first_confluence', 'parent_tf': 'H1', 'parent_sid': 1, 'parent_cycle_id': 1, 'structure_path_id': 'H1.main >> M15.confluence', 'sub_sid': 0, 'started_by': 'first_confluence', 'start_trigger_idx': 2915}"
3116,RANGE,RANGE_UPDATED,,"{'hi': 0.57724, 'lo': 0.574, 'structure_id': 0, 'struct_direction': -1, 'timeframe': 'M15', 'use_case': 'first_confluence', 'parent_tf': 'H1', 'parent_sid': 1, 'parent_cycle_id': 1, 'structure_path_id': 'H1.main >> M15.confluence', 'sub_sid': 0, 'started_by': 'first_confluence', 'start_trigger_idx': 2915}"
3116,STATE,STATE_CHANGED,,"{'from': 'pullback_range', 'to': 'pullback', 'structure_id': 0, 'struct_direction': -1, 'reason': 'replay_expand_pullback_side', 'effective_idx': 251, 'timeframe': 'M15', 'use_case': 'first_confluence', 'parent_tf': 'H1', 'parent_sid': 1, 'parent_cycle_id': 1, 'structure_path_id': 'H1.main >> M15.confluence', 'sub_sid': 0, 'started_by': 'first_confluence', 'start_trigger_idx': 2915}"
3117,STATE,STATE_CHANGED,,"{'from': 'pullback', 'to': 'pullback_range', 'structure_id': 0, 'struct_direction': -1, 'reason': 'replay_no_expand_pullback_side', 'effective_idx': 252, 'timeframe': 'M15', 'use_case': 'first_confluence', 'parent_tf': 'H1', 'parent_sid': 1, 'parent_cycle_id': 1, 'structure_path_id': 'H1.main >> M15.confluence', 'sub_sid': 0, 'started_by': 'first_confluence', 'start_trigger_idx': 2915}"
3120,RANGE,RANGE_UPDATED,,"{'hi': 0.57726, 'lo': 0.574, 'structure_id': 0, 'struct_direction': -1, 'timeframe': 'M15', 'use_case': 'first_confluence', 'parent_tf': 'H1', 'parent_sid': 1, 'parent_cycle_id': 1, 'structure_path_id': 'H1.main >> M15.confluence', 'sub_sid': 0, 'started_by': 'first_confluence', 'start_trigger_idx': 2915}"
3120,STATE,STATE_CHANGED,,"{'from': 'pullback_range', 'to': 'pullback', 'structure_id': 0, 'struct_direction': -1, 'reason': 'replay_expand_pullback_side', 'effective_idx': 255, 'timeframe': 'M15', 'use_case': 'first_confluence', 'parent_tf': 'H1', 'parent_sid': 1, 'parent_cycle_id': 1, 'structure_path_id': 'H1.main >> M15.confluence', 'sub_sid': 0, 'started_by': 'first_confluence', 'start_trigger_idx': 2915}"
3121,STATE,STATE_CHANGED,,"{'from': 'pullback', 'to': 'pullback_range', 'structure_id': 0, 'struct_direction': -1, 'reason': 'replay_no_expand_pullback_side', 'effective_idx': 256, 'timeframe': 'M15', 'use_case': 'first_confluence', 'parent_tf': 'H1', 'parent_sid': 1, 'parent_cycle_id': 1, 'structure_path_id': 'H1.main >> M15.confluence', 'sub_sid': 0, 'started_by': 'first_confluence', 'start_trigger_idx': 2915}"
3123,RANGE,RANGE_UPDATED,,"{'hi': 0.5774, 'lo': 0.574, 'structure_id': 0, 'struct_direction': -1, 'timeframe': 'M15', 'use_case': 'first_confluence', 'parent_tf': 'H1', 'parent_sid': 1, 'parent_cycle_id': 1, 'structure_path_id': 'H1.main >> M15.confluence', 'sub_sid': 0, 'started_by': 'first_confluence', 'start_trigger_idx': 2915}"
3123,STATE,STATE_CHANGED,,"{'from': 'pullback_range', 'to': 'pullback', 'structure_id': 0, 'struct_direction': -1, 'reason': 'replay_expand_pullback_side', 'effective_idx': 258, 'timeframe': 'M15', 'use_case': 'first_confluence', 'parent_tf': 'H1', 'parent_sid': 1, 'parent_cycle_id': 1, 'structure_path_id': 'H1.main >> M15.confluence', 'sub_sid': 0, 'started_by': 'first_confluence', 'start_trigger_idx': 2915}"
3124,STATE,STATE_CHANGED,,"{'from': 'pullback', 'to': 'pullback_range', 'structure_id': 0, 'struct_direction': -1, 'reason': 'replay_no_expand_pullback_side', 'effective_idx': 259, 'timeframe': 'M15', 'use_case': 'first_confluence', 'parent_tf': 'H1', 'parent_sid': 1, 'parent_cycle_id': 1, 'structure_path_id': 'H1.main >> M15.confluence', 'sub_sid': 0, 'started_by': 'first_confluence', 'start_trigger_idx': 2915}"
3139,RANGE,RANGE_UPDATED,,"{'hi': 0.57742, 'lo': 0.574, 'structure_id': 0, 'struct_direction': -1, 'timeframe': 'M15', 'use_case': 'first_confluence', 'parent_tf': 'H1', 'parent_sid': 1, 'parent_cycle_id': 1, 'structure_path_id': 'H1.main >> M15.confluence', 'sub_sid': 0, 'started_by': 'first_confluence', 'start_trigger_idx': 2915}"
3139,STATE,STATE_CHANGED,,"{'from': 'pullback_range', 'to': 'pullback', 'structure_id': 0, 'struct_direction': -1, 'reason': 'replay_expand_pullback_side', 'effective_idx': 274, 'timeframe': 'M15', 'use_case': 'first_confluence', 'parent_tf': 'H1', 'parent_sid': 1, 'parent_cycle_id': 1, 'structure_path_id': 'H1.main >> M15.confluence', 'sub_sid': 0, 'started_by': 'first_confluence', 'start_trigger_idx': 2915}"
3140,RANGE,RANGE_UPDATED,,"{'hi': 0.5778, 'lo': 0.574, 'structure_id': 0, 'struct_direction': -1, 'timeframe': 'M15', 'use_case': 'first_confluence', 'parent_tf': 'H1', 'parent_sid': 1, 'parent_cycle_id': 1, 'structure_path_id': 'H1.main >> M15.confluence', 'sub_sid': 0, 'started_by': 'first_confluence', 'start_trigger_idx': 2915}"
3141,STATE,STATE_CHANGED,,"{'from': 'pullback', 'to': 'pullback_range', 'structure_id': 0, 'struct_direction': -1, 'reason': 'replay_no_expand_pullback_side', 'effective_idx': 276, 'timeframe': 'M15', 'use_case': 'first_confluence', 'parent_tf': 'H1', 'parent_sid': 1, 'parent_cycle_id': 1, 'structure_path_id': 'H1.main >> M15.confluence', 'sub_sid': 0, 'started_by': 'first_confluence', 'start_trigger_idx': 2915}"
3237,RANGE,RANGE_UPDATED,,"{'hi': 0.57826, 'lo': 0.574, 'structure_id': 0, 'struct_direction': -1, 'timeframe': 'M15', 'use_case': 'first_confluence', 'parent_tf': 'H1', 'parent_sid': 1, 'parent_cycle_id': 1, 'structure_path_id': 'H1.main >> M15.confluence', 'sub_sid': 0, 'started_by': 'first_confluence', 'start_trigger_idx': 2915}"
3237,STATE,STATE_CHANGED,,"{'from': 'pullback_range', 'to': 'pullback', 'structure_id': 0, 'struct_direction': -1, 'reason': 'replay_expand_pullback_side', 'effective_idx': 372, 'timeframe': 'M15', 'use_case': 'first_confluence', 'parent_tf': 'H1', 'parent_sid': 1, 'parent_cycle_id': 1, 'structure_path_id': 'H1.main >> M15.confluence', 'sub_sid': 0, 'started_by': 'first_confluence', 'start_trigger_idx': 2915}"
3238,RANGE,RANGE_UPDATED,,"{'hi': 0.57841, 'lo': 0.574, 'structure_id': 0, 'struct_direction': -1, 'timeframe': 'M15', 'use_case': 'first_confluence', 'parent_tf': 'H1', 'parent_sid': 1, 'parent_cycle_id': 1, 'structure_path_id': 'H1.main >> M15.confluence', 'sub_sid': 0, 'started_by': 'first_confluence', 'start_trigger_idx': 2915}"
3239,RANGE,RANGE_UPDATED,,"{'hi': 0.57847, 'lo': 0.574, 'structure_id': 0, 'struct_direction': -1, 'timeframe': 'M15', 'use_case': 'first_confluence', 'parent_tf': 'H1', 'parent_sid': 1, 'parent_cycle_id': 1, 'structure_path_id': 'H1.main >> M15.confluence', 'sub_sid': 0, 'started_by': 'first_confluence', 'start_trigger_idx': 2915}"
3240,RANGE,RANGE_UPDATED,,"{'hi': 0.57858, 'lo': 0.574, 'structure_id': 0, 'struct_direction': -1, 'timeframe': 'M15', 'use_case': 'first_confluence', 'parent_tf': 'H1', 'parent_sid': 1, 'parent_cycle_id': 1, 'structure_path_id': 'H1.main >> M15.confluence', 'sub_sid': 0, 'started_by': 'first_confluence', 'start_trigger_idx': 2915}"
3241,RANGE,RANGE_UPDATED,,"{'hi': 0.57876, 'lo': 0.574, 'structure_id': 0, 'struct_direction': -1, 'timeframe': 'M15', 'use_case': 'first_confluence', 'parent_tf': 'H1', 'parent_sid': 1, 'parent_cycle_id': 1, 'structure_path_id': 'H1.main >> M15.confluence', 'sub_sid': 0, 'started_by': 'first_confluence', 'start_trigger_idx': 2915}"
3242,RANGE,RANGE_UPDATED,,"{'hi': 0.57892, 'lo': 0.574, 'structure_id': 0, 'struct_direction': -1, 'timeframe': 'M15', 'use_case': 'first_confluence', 'parent_tf': 'H1', 'parent_sid': 1, 'parent_cycle_id': 1, 'structure_path_id': 'H1.main >> M15.confluence', 'sub_sid': 0, 'started_by': 'first_confluence', 'start_trigger_idx': 2915}"
3243,RANGE,RANGE_UPDATED,,"{'hi': 0.57911, 'lo': 0.574, 'structure_id': 0, 'struct_direction': -1, 'timeframe': 'M15', 'use_case': 'first_confluence', 'parent_tf': 'H1', 'parent_sid': 1, 'parent_cycle_id': 1, 'structure_path_id': 'H1.main >> M15.confluence', 'sub_sid': 0, 'started_by': 'first_confluence', 'start_trigger_idx': 2915}"
3244,STATE,STATE_CHANGED,,"{'from': 'pullback', 'to': 'pullback_range', 'structure_id': 0, 'struct_direction': -1, 'reason': 'replay_no_expand_pullback_side', 'effective_idx': 379, 'timeframe': 'M15', 'use_case': 'first_confluence', 'parent_tf': 'H1', 'parent_sid': 1, 'parent_cycle_id': 1, 'structure_path_id': 'H1.main >> M15.confluence', 'sub_sid': 0, 'started_by': 'first_confluence', 'start_trigger_idx': 2915}"
3256,RANGE,RANGE_UPDATED,,"{'hi': 0.57919, 'lo': 0.574, 'structure_id': 0, 'struct_direction': -1, 'timeframe': 'M15', 'use_case': 'first_confluence', 'parent_tf': 'H1', 'parent_sid': 1, 'parent_cycle_id': 1, 'structure_path_id': 'H1.main >> M15.confluence', 'sub_sid': 0, 'started_by': 'first_confluence', 'start_trigger_idx': 2915}"
3256,STATE,STATE_CHANGED,,"{'from': 'pullback_range', 'to': 'pullback', 'structure_id': 0, 'struct_direction': -1, 'reason': 'replay_expand_pullback_side', 'effective_idx': 391, 'timeframe': 'M15', 'use_case': 'first_confluence', 'parent_tf': 'H1', 'parent_sid': 1, 'parent_cycle_id': 1, 'structure_path_id': 'H1.main >> M15.confluence', 'sub_sid': 0, 'started_by': 'first_confluence', 'start_trigger_idx': 2915}"
3257,STATE,STATE_CHANGED,,"{'from': 'pullback', 'to': 'pullback_range', 'structure_id': 0, 'struct_direction': -1, 'reason': 'replay_no_expand_pullback_side', 'effective_idx': 392, 'timeframe': 'M15', 'use_case': 'first_confluence', 'parent_tf': 'H1', 'parent_sid': 1, 'parent_cycle_id': 1, 'structure_path_id': 'H1.main >> M15.confluence', 'sub_sid': 0, 'started_by': 'first_confluence', 'start_trigger_idx': 2915}"
3279,RANGE,RANGE_UPDATED,,"{'hi': 0.57968, 'lo': 0.574, 'structure_id': 0, 'struct_direction': -1, 'timeframe': 'M15', 'use_case': 'first_confluence', 'parent_tf': 'H1', 'parent_sid': 1, 'parent_cycle_id': 1, 'structure_path_id': 'H1.main >> M15.confluence', 'sub_sid': 0, 'started_by': 'first_confluence', 'start_trigger_idx': 2915}"
3279,STATE,STATE_CHANGED,,"{'from': 'pullback_range', 'to': 'pullback', 'structure_id': 0, 'struct_direction': -1, 'reason': 'replay_expand_pullback_side', 'effective_idx': 414, 'timeframe': 'M15', 'use_case': 'first_confluence', 'parent_tf': 'H1', 'parent_sid': 1, 'parent_cycle_id': 1, 'structure_path_id': 'H1.main >> M15.confluence', 'sub_sid': 0, 'started_by': 'first_confluence', 'start_trigger_idx': 2915}"
3280,RANGE,RANGE_UPDATED,,"{'hi': 0.57993, 'lo': 0.574, 'structure_id': 0, 'struct_direction': -1, 'timeframe': 'M15', 'use_case': 'first_confluence', 'parent_tf': 'H1', 'parent_sid': 1, 'parent_cycle_id': 1, 'structure_path_id': 'H1.main >> M15.confluence', 'sub_sid': 0, 'started_by': 'first_confluence', 'start_trigger_idx': 2915}"
3281,STATE,STATE_CHANGED,,"{'from': 'pullback', 'to': 'pullback_range', 'structure_id': 0, 'struct_direction': -1, 'reason': 'replay_no_expand_pullback_side', 'effective_idx': 416, 'timeframe': 'M15', 'use_case': 'first_confluence', 'parent_tf': 'H1', 'parent_sid': 1, 'parent_cycle_id': 1, 'structure_path_id': 'H1.main >> M15.confluence', 'sub_sid': 0, 'started_by': 'first_confluence', 'start_trigger_idx': 2915}"
3282,RANGE,RANGE_UPDATED,,"{'hi': 0.57995, 'lo': 0.574, 'structure_id': 0, 'struct_direction': -1, 'timeframe': 'M15', 'use_case': 'first_confluence', 'parent_tf': 'H1', 'parent_sid': 1, 'parent_cycle_id': 1, 'structure_path_id': 'H1.main >> M15.confluence', 'sub_sid': 0, 'started_by': 'first_confluence', 'start_trigger_idx': 2915}"
3282,STATE,STATE_CHANGED,,"{'from': 'pullback_range', 'to': 'pullback', 'structure_id': 0, 'struct_direction': -1, 'reason': 'replay_expand_pullback_side', 'effective_idx': 417, 'timeframe': 'M15', 'use_case': 'first_confluence', 'parent_tf': 'H1', 'parent_sid': 1, 'parent_cycle_id': 1, 'structure_path_id': 'H1.main >> M15.confluence', 'sub_sid': 0, 'started_by': 'first_confluence', 'start_trigger_idx': 2915}"
3283,RANGE,RANGE_UPDATED,,"{'hi': 0.58064, 'lo': 0.574, 'structure_id': 0, 'struct_direction': -1, 'timeframe': 'M15', 'use_case': 'first_confluence', 'parent_tf': 'H1', 'parent_sid': 1, 'parent_cycle_id': 1, 'structure_path_id': 'H1.main >> M15.confluence', 'sub_sid': 0, 'started_by': 'first_confluence', 'start_trigger_idx': 2915}"
3284,STATE,STATE_CHANGED,,"{'from': 'pullback', 'to': 'pullback_range', 'structure_id': 0, 'struct_direction': -1, 'reason': 'replay_no_expand_pullback_side', 'effective_idx': 419, 'timeframe': 'M15', 'use_case': 'first_confluence', 'parent_tf': 'H1', 'parent_sid': 1, 'parent_cycle_id': 1, 'structure_path_id': 'H1.main >> M15.confluence', 'sub_sid': 0, 'started_by': 'first_confluence', 'start_trigger_idx': 2915}"
3299,RANGE,RANGE_UPDATED,,"{'hi': 0.58078, 'lo': 0.574, 'structure_id': 0, 'struct_direction': -1, 'timeframe': 'M15', 'use_case': 'first_confluence', 'parent_tf': 'H1', 'parent_sid': 1, 'parent_cycle_id': 1, 'structure_path_id': 'H1.main >> M15.confluence', 'sub_sid': 0, 'started_by': 'first_confluence', 'start_trigger_idx': 2915}"
3299,STATE,STATE_CHANGED,,"{'from': 'pullback_range', 'to': 'pullback', 'structure_id': 0, 'struct_direction': -1, 'reason': 'replay_expand_pullback_side', 'effective_idx': 434, 'timeframe': 'M15', 'use_case': 'first_confluence', 'parent_tf': 'H1', 'parent_sid': 1, 'parent_cycle_id': 1, 'structure_path_id': 'H1.main >> M15.confluence', 'sub_sid': 0, 'started_by': 'first_confluence', 'start_trigger_idx': 2915}"
3300,RANGE,RANGE_UPDATED,,"{'hi': 0.581, 'lo': 0.574, 'structure_id': 0, 'struct_direction': -1, 'timeframe': 'M15', 'use_case': 'first_confluence', 'parent_tf': 'H1', 'parent_sid': 1, 'parent_cycle_id': 1, 'structure_path_id': 'H1.main >> M15.confluence', 'sub_sid': 0, 'started_by': 'first_confluence', 'start_trigger_idx': 2915}"
3301,STATE,STATE_CHANGED,,"{'from': 'pullback', 'to': 'pullback_range', 'structure_id': 0, 'struct_direction': -1, 'reason': 'replay_no_expand_pullback_side', 'effective_idx': 436, 'timeframe': 'M15', 'use_case': 'first_confluence', 'parent_tf': 'H1', 'parent_sid': 1, 'parent_cycle_id': 1, 'structure_path_id': 'H1.main >> M15.confluence', 'sub_sid': 0, 'started_by': 'first_confluence', 'start_trigger_idx': 2915}"
3304,RANGE,RANGE_UPDATED,,"{'hi': 0.58105, 'lo': 0.574, 'structure_id': 0, 'struct_direction': -1, 'timeframe': 'M15', 'use_case': 'first_confluence', 'parent_tf': 'H1', 'parent_sid': 1, 'parent_cycle_id': 1, 'structure_path_id': 'H1.main >> M15.confluence', 'sub_sid': 0, 'started_by': 'first_confluence', 'start_trigger_idx': 2915}"
3304,STATE,STATE_CHANGED,,"{'from': 'pullback_range', 'to': 'pullback', 'structure_id': 0, 'struct_direction': -1, 'reason': 'replay_expand_pullback_side', 'effective_idx': 439, 'timeframe': 'M15', 'use_case': 'first_confluence', 'parent_tf': 'H1', 'parent_sid': 1, 'parent_cycle_id': 1, 'structure_path_id': 'H1.main >> M15.confluence', 'sub_sid': 0, 'started_by': 'first_confluence', 'start_trigger_idx': 2915}"
3305,STATE,STATE_CHANGED,,"{'from': 'pullback', 'to': 'pullback_range', 'structure_id': 0, 'struct_direction': -1, 'reason': 'replay_no_expand_pullback_side', 'effective_idx': 440, 'timeframe': 'M15', 'use_case': 'first_confluence', 'parent_tf': 'H1', 'parent_sid': 1, 'parent_cycle_id': 1, 'structure_path_id': 'H1.main >> M15.confluence', 'sub_sid': 0, 'started_by': 'first_confluence', 'start_trigger_idx': 2915}"
3333,STRUCTURE,CTS_ESTABLISHED,0.57785,"{'via': 'one_maru_continuous', 'anchor_idx': 3332, 'pattern_name': 'one_maru_continuous', 'confirmed_at': 3333, 'cycle_id': 0, 'structure_id': 0, 'struct_direction': -1, 'timeframe': 'M15', 'use_case': 'subsequent_confluence', 'parent_tf': 'H1', 'parent_sid': 1, 'parent_cycle_id': 1, 'structure_path_id': 'H1.main >> M15.confluence', 'sub_sid': 1, 'started_by': 'subsequent_confluence', 'start_trigger_idx': 3487}"
3331,STRUCTURE,BOS_CONFIRMED,0.57979,"{'source': 'initial_prior_extreme', 'confirmed_at': 3333, 'pb_start': None, 'cycle_id': 0, 'structure_id': 0, 'struct_direction': -1, 'timeframe': 'M15', 'use_case': 'subsequent_confluence', 'parent_tf': 'H1', 'parent_sid': 1, 'parent_cycle_id': 1, 'structure_path_id': 'H1.main >> M15.confluence', 'sub_sid': 1, 'started_by': 'subsequent_confluence', 'start_trigger_idx': 3487}"
3333,STATE,STATE_CHANGED,,"{'from': 'none', 'to': 'breakout', 'structure_id': 0, 'struct_direction': -1, 'reason': 'breakout_pattern', 'pat': 'one_maru_continuous', 'effective_idx': 52, 'timeframe': 'M15', 'use_case': 'subsequent_confluence', 'parent_tf': 'H1', 'parent_sid': 1, 'parent_cycle_id': 1, 'structure_path_id': 'H1.main >> M15.confluence', 'sub_sid': 1, 'started_by': 'subsequent_confluence', 'start_trigger_idx': 3487}"
3334,STRUCTURE,CTS_UPDATED,0.57718,"{'via': 'replay_raw', 'cycle_id': 0, 'structure_id': 0, 'struct_direction': -1, 'timeframe': 'M15', 'use_case': 'subsequent_confluence', 'parent_tf': 'H1', 'parent_sid': 1, 'parent_cycle_id': 1, 'structure_path_id': 'H1.main >> M15.confluence', 'sub_sid': 1, 'started_by': 'subsequent_confluence', 'start_trigger_idx': 3487}"
3336,STRUCTURE,CTS_UPDATED,0.57688,"{'via': 'replay_raw', 'cycle_id': 0, 'structure_id': 0, 'struct_direction': -1, 'timeframe': 'M15', 'use_case': 'subsequent_confluence', 'parent_tf': 'H1', 'parent_sid': 1, 'parent_cycle_id': 1, 'structure_path_id': 'H1.main >> M15.confluence', 'sub_sid': 1, 'started_by': 'subsequent_confluence', 'start_trigger_idx': 3487}"
3337,RANGE,RANGE_STARTED,,"{'start_idx': 54, 'confirm_idx': 56, 'hi': 0.57796, 'lo': 0.57688, 'cts_idx': 55, 'cts_price': 0.57688, 'structure_id': 0, 'struct_direction': -1, 'timeframe': 'M15', 'use_case': 'subsequent_confluence', 'parent_tf': 'H1', 'parent_sid': 1, 'parent_cycle_id': 1, 'structure_path_id': 'H1.main >> M15.confluence', 'sub_sid': 1, 'started_by': 'subsequent_confluence', 'start_trigger_idx': 3487}"
3337,STATE,STATE_CHANGED,,"{'from': 'breakout', 'to': 'range', 'structure_id': 0, 'struct_direction': -1, 'reason': 'range_confirmed', 'effective_idx': 54, 'timeframe': 'M15', 'use_case': 'subsequent_confluence', 'parent_tf': 'H1', 'parent_sid': 1, 'parent_cycle_id': 1, 'structure_path_id': 'H1.main >> M15.confluence', 'sub_sid': 1, 'started_by': 'subsequent_confluence', 'start_trigger_idx': 3487}"
3340,RANGE,RANGE_UPDATED,,"{'hi': 0.57823, 'lo': 0.57688, 'structure_id': 0, 'struct_direction': -1, 'timeframe': 'M15', 'use_case': 'subsequent_confluence', 'parent_tf': 'H1', 'parent_sid': 1, 'parent_cycle_id': 1, 'structure_path_id': 'H1.main >> M15.confluence', 'sub_sid': 1, 'started_by': 'subsequent_confluence', 'start_trigger_idx': 3487}"
3341,RANGE,RANGE_UPDATED,,"{'hi': 0.57828, 'lo': 0.57688, 'structure_id': 0, 'struct_direction': -1, 'timeframe': 'M15', 'use_case': 'subsequent_confluence', 'parent_tf': 'H1', 'parent_sid': 1, 'parent_cycle_id': 1, 'structure_path_id': 'H1.main >> M15.confluence', 'sub_sid': 1, 'started_by': 'subsequent_confluence', 'start_trigger_idx': 3487}"
3342,RANGE,RANGE_UPDATED,,"{'hi': 0.57829, 'lo': 0.57688, 'structure_id': 0, 'struct_direction': -1, 'timeframe': 'M15', 'use_case': 'subsequent_confluence', 'parent_tf': 'H1', 'parent_sid': 1, 'parent_cycle_id': 1, 'structure_path_id': 'H1.main >> M15.confluence', 'sub_sid': 1, 'started_by': 'subsequent_confluence', 'start_trigger_idx': 3487}"
3343,RANGE,RANGE_UPDATED,,"{'hi': 0.57848, 'lo': 0.57688, 'structure_id': 0, 'struct_direction': -1, 'timeframe': 'M15', 'use_case': 'subsequent_confluence', 'parent_tf': 'H1', 'parent_sid': 1, 'parent_cycle_id': 1, 'structure_path_id': 'H1.main >> M15.confluence', 'sub_sid': 1, 'started_by': 'subsequent_confluence', 'start_trigger_idx': 3487}"
3345,RANGE,RANGE_UPDATED,,"{'hi': 0.57854, 'lo': 0.57688, 'structure_id': 0, 'struct_direction': -1, 'timeframe': 'M15', 'use_case': 'subsequent_confluence', 'parent_tf': 'H1', 'parent_sid': 1, 'parent_cycle_id': 1, 'structure_path_id': 'H1.main >> M15.confluence', 'sub_sid': 1, 'started_by': 'subsequent_confluence', 'start_trigger_idx': 3487}"
3354,RANGE,RANGE_UPDATED,,"{'hi': 0.57861, 'lo': 0.57688, 'structure_id': 0, 'struct_direction': -1, 'timeframe': 'M15', 'use_case': 'subsequent_confluence', 'parent_tf': 'H1', 'parent_sid': 1, 'parent_cycle_id': 1, 'structure_path_id': 'H1.main >> M15.confluence', 'sub_sid': 1, 'started_by': 'subsequent_confluence', 'start_trigger_idx': 3487}"
3355,RANGE,RANGE_UPDATED,,"{'hi': 0.5787, 'lo': 0.57688, 'structure_id': 0, 'struct_direction': -1, 'timeframe': 'M15', 'use_case': 'subsequent_confluence', 'parent_tf': 'H1', 'parent_sid': 1, 'parent_cycle_id': 1, 'structure_path_id': 'H1.main >> M15.confluence', 'sub_sid': 1, 'started_by': 'subsequent_confluence', 'start_trigger_idx': 3487}"
3361,RANGE,RANGE_UPDATED,,"{'hi': 0.57882, 'lo': 0.57688, 'structure_id': 0, 'struct_direction': -1, 'timeframe': 'M15', 'use_case': 'subsequent_confluence', 'parent_tf': 'H1', 'parent_sid': 1, 'parent_cycle_id': 1, 'structure_path_id': 'H1.main >> M15.confluence', 'sub_sid': 1, 'started_by': 'subsequent_confluence', 'start_trigger_idx': 3487}"
3362,RANGE,RANGE_UPDATED,,"{'hi': 0.57963, 'lo': 0.57688, 'structure_id': 0, 'struct_direction': -1, 'timeframe': 'M15', 'use_case': 'subsequent_confluence', 'parent_tf': 'H1', 'parent_sid': 1, 'parent_cycle_id': 1, 'structure_path_id': 'H1.main >> M15.confluence', 'sub_sid': 1, 'started_by': 'subsequent_confluence', 'start_trigger_idx': 3487}"
3465,RANGE,RANGE_UPDATED,,"{'hi': 0.57963, 'lo': 0.57671, 'structure_id': 0, 'struct_direction': -1, 'timeframe': 'M15', 'use_case': 'subsequent_confluence', 'parent_tf': 'H1', 'parent_sid': 1, 'parent_cycle_id': 1, 'structure_path_id': 'H1.main >> M15.confluence', 'sub_sid': 1, 'started_by': 'subsequent_confluence', 'start_trigger_idx': 3487}"
3465,STRUCTURE,CTS_UPDATED,0.57671,"{'via': 'replay_raw', 'cycle_id': 0, 'structure_id': 0, 'struct_direction': -1, 'timeframe': 'M15', 'use_case': 'subsequent_confluence', 'parent_tf': 'H1', 'parent_sid': 1, 'parent_cycle_id': 1, 'structure_path_id': 'H1.main >> M15.confluence', 'sub_sid': 1, 'started_by': 'subsequent_confluence', 'start_trigger_idx': 3487}"
3467,RANGE,RANGE_UPDATED,,"{'hi': 0.57963, 'lo': 0.57668, 'structure_id': 0, 'struct_direction': -1, 'timeframe': 'M15', 'use_case': 'subsequent_confluence', 'parent_tf': 'H1', 'parent_sid': 1, 'parent_cycle_id': 1, 'structure_path_id': 'H1.main >> M15.confluence', 'sub_sid': 1, 'started_by': 'subsequent_confluence', 'start_trigger_idx': 3487}"
3467,STRUCTURE,CTS_UPDATED,0.57668,"{'via': 'replay_raw', 'cycle_id': 0, 'structure_id': 0, 'struct_direction': -1, 'timeframe': 'M15', 'use_case': 'subsequent_confluence', 'parent_tf': 'H1', 'parent_sid': 1, 'parent_cycle_id': 1, 'structure_path_id': 'H1.main >> M15.confluence', 'sub_sid': 1, 'started_by': 'subsequent_confluence', 'start_trigger_idx': 3487}"
3468,RANGE,RANGE_UPDATED,,"{'hi': 0.57963, 'lo': 0.57667, 'structure_id': 0, 'struct_direction': -1, 'timeframe': 'M15', 'use_case': 'subsequent_confluence', 'parent_tf': 'H1', 'parent_sid': 1, 'parent_cycle_id': 1, 'structure_path_id': 'H1.main >> M15.confluence', 'sub_sid': 1, 'started_by': 'subsequent_confluence', 'start_trigger_idx': 3487}"
3468,STRUCTURE,CTS_UPDATED,0.57667,"{'via': 'replay_raw', 'cycle_id': 0, 'structure_id': 0, 'struct_direction': -1, 'timeframe': 'M15', 'use_case': 'subsequent_confluence', 'parent_tf': 'H1', 'parent_sid': 1, 'parent_cycle_id': 1, 'structure_path_id': 'H1.main >> M15.confluence', 'sub_sid': 1, 'started_by': 'subsequent_confluence', 'start_trigger_idx': 3487}"
3470,RANGE,RANGE_UPDATED,,"{'hi': 0.57963, 'lo': 0.57658, 'structure_id': 0, 'struct_direction': -1, 'timeframe': 'M15', 'use_case': 'subsequent_confluence', 'parent_tf': 'H1', 'parent_sid': 1, 'parent_cycle_id': 1, 'structure_path_id': 'H1.main >> M15.confluence', 'sub_sid': 1, 'started_by': 'subsequent_confluence', 'start_trigger_idx': 3487}"
3470,STRUCTURE,CTS_UPDATED,0.57658,"{'via': 'replay_raw', 'cycle_id': 0, 'structure_id': 0, 'struct_direction': -1, 'timeframe': 'M15', 'use_case': 'subsequent_confluence', 'parent_tf': 'H1', 'parent_sid': 1, 'parent_cycle_id': 1, 'structure_path_id': 'H1.main >> M15.confluence', 'sub_sid': 1, 'started_by': 'subsequent_confluence', 'start_trigger_idx': 3487}"
3472,RANGE,RANGE_UPDATED,,"{'hi': 0.57963, 'lo': 0.57656, 'structure_id': 0, 'struct_direction': -1, 'timeframe': 'M15', 'use_case': 'subsequent_confluence', 'parent_tf': 'H1', 'parent_sid': 1, 'parent_cycle_id': 1, 'structure_path_id': 'H1.main >> M15.confluence', 'sub_sid': 1, 'started_by': 'subsequent_confluence', 'start_trigger_idx': 3487}"
3472,STRUCTURE,CTS_UPDATED,0.57656,"{'via': 'replay_raw', 'cycle_id': 0, 'structure_id': 0, 'struct_direction': -1, 'timeframe': 'M15', 'use_case': 'subsequent_confluence', 'parent_tf': 'H1', 'parent_sid': 1, 'parent_cycle_id': 1, 'structure_path_id': 'H1.main >> M15.confluence', 'sub_sid': 1, 'started_by': 'subsequent_confluence', 'start_trigger_idx': 3487}"
3473,RANGE,RANGE_UPDATED,,"{'hi': 0.57963, 'lo': 0.57619, 'structure_id': 0, 'struct_direction': -1, 'timeframe': 'M15', 'use_case': 'subsequent_confluence', 'parent_tf': 'H1', 'parent_sid': 1, 'parent_cycle_id': 1, 'structure_path_id': 'H1.main >> M15.confluence', 'sub_sid': 1, 'started_by': 'subsequent_confluence', 'start_trigger_idx': 3487}"
3473,STRUCTURE,CTS_UPDATED,0.57619,"{'via': 'replay_raw', 'cycle_id': 0, 'structure_id': 0, 'struct_direction': -1, 'timeframe': 'M15', 'use_case': 'subsequent_confluence', 'parent_tf': 'H1', 'parent_sid': 1, 'parent_cycle_id': 1, 'structure_path_id': 'H1.main >> M15.confluence', 'sub_sid': 1, 'started_by': 'subsequent_confluence', 'start_trigger_idx': 3487}"
3485,RANGE,RANGE_UPDATED,,"{'hi': 0.57963, 'lo': 0.57606, 'structure_id': 0, 'struct_direction': -1, 'timeframe': 'M15', 'use_case': 'subsequent_confluence', 'parent_tf': 'H1', 'parent_sid': 1, 'parent_cycle_id': 1, 'structure_path_id': 'H1.main >> M15.confluence', 'sub_sid': 1, 'started_by': 'subsequent_confluence', 'start_trigger_idx': 3487}"
3485,STRUCTURE,CTS_UPDATED,0.57606,"{'via': 'replay_raw', 'cycle_id': 0, 'structure_id': 0, 'struct_direction': -1, 'timeframe': 'M15', 'use_case': 'subsequent_confluence', 'parent_tf': 'H1', 'parent_sid': 1, 'parent_cycle_id': 1, 'structure_path_id': 'H1.main >> M15.confluence', 'sub_sid': 1, 'started_by': 'subsequent_confluence', 'start_trigger_idx': 3487}"
3487,RANGE,RANGE_UPDATED,,"{'hi': 0.57963, 'lo': 0.57604, 'structure_id': 0, 'struct_direction': -1, 'timeframe': 'M15', 'use_case': 'subsequent_confluence', 'parent_tf': 'H1', 'parent_sid': 1, 'parent_cycle_id': 1, 'structure_path_id': 'H1.main >> M15.confluence', 'sub_sid': 1, 'started_by': 'subsequent_confluence', 'start_trigger_idx': 3487}"
3487,STRUCTURE,CTS_UPDATED,0.57604,"{'via': 'replay_raw', 'cycle_id': 0, 'structure_id': 0, 'struct_direction': -1, 'timeframe': 'M15', 'use_case': 'subsequent_confluence', 'parent_tf': 'H1', 'parent_sid': 1, 'parent_cycle_id': 1, 'structure_path_id': 'H1.main >> M15.confluence', 'sub_sid': 1, 'started_by': 'subsequent_confluence', 'start_trigger_idx': 3487}"
3488,STRUCTURE,CTS_UPDATED,0.57566,"{'via': 'replay_raw', 'cycle_id': 0, 'structure_id': 0, 'struct_direction': -1, 'timeframe': 'M15', 'use_case': 'subsequent_confluence', 'parent_tf': 'H1', 'parent_sid': 1, 'parent_cycle_id': 1, 'structure_path_id': 'H1.main >> M15.confluence', 'sub_sid': 1, 'started_by': 'subsequent_confluence', 'start_trigger_idx': 3487}"
3489,RANGE,RANGE_RESET,,"{'reason': 'range_breakout', 'pat': 'one_maru_continuous', 'structure_id': 0, 'struct_direction': -1, 'timeframe': 'M15', 'use_case': 'subsequent_confluence', 'parent_tf': 'H1', 'parent_sid': 1, 'parent_cycle_id': 1, 'structure_path_id': 'H1.main >> M15.confluence', 'sub_sid': 1, 'started_by': 'subsequent_confluence', 'start_trigger_idx': 3487}"
3489,STRUCTURE,CTS_UPDATED,0.57513,"{'via': 'one_maru_continuous', 'cycle_id': 0, 'structure_id': 0, 'struct_direction': -1, 'timeframe': 'M15', 'use_case': 'subsequent_confluence', 'parent_tf': 'H1', 'parent_sid': 1, 'parent_cycle_id': 1, 'structure_path_id': 'H1.main >> M15.confluence', 'sub_sid': 1, 'started_by': 'subsequent_confluence', 'start_trigger_idx': 3487}"
3489,STATE,STATE_CHANGED,,"{'from': 'range', 'to': 'breakout', 'structure_id': 0, 'struct_direction': -1, 'reason': 'breakout_pattern', 'pat': 'one_maru_continuous', 'effective_idx': 208, 'timeframe': 'M15', 'use_case': 'subsequent_confluence', 'parent_tf': 'H1', 'parent_sid': 1, 'parent_cycle_id': 1, 'structure_path_id': 'H1.main >> M15.confluence', 'sub_sid': 1, 'started_by': 'subsequent_confluence', 'start_trigger_idx': 3487}"
3492,RANGE,RANGE_STARTED,,"{'start_idx': 209, 'confirm_idx': 211, 'hi': 0.57557, 'lo': 0.57513, 'cts_idx': 208, 'cts_price': 0.57513, 'structure_id': 0, 'struct_direction': -1, 'timeframe': 'M15', 'use_case': 'subsequent_confluence', 'parent_tf': 'H1', 'parent_sid': 1, 'parent_cycle_id': 1, 'structure_path_id': 'H1.main >> M15.confluence', 'sub_sid': 1, 'started_by': 'subsequent_confluence', 'start_trigger_idx': 3487}"
3492,STATE,STATE_CHANGED,,"{'from': 'breakout', 'to': 'range', 'structure_id': 0, 'struct_direction': -1, 'reason': 'range_confirmed', 'effective_idx': 209, 'timeframe': 'M15', 'use_case': 'subsequent_confluence', 'parent_tf': 'H1', 'parent_sid': 1, 'parent_cycle_id': 1, 'structure_path_id': 'H1.main >> M15.confluence', 'sub_sid': 1, 'started_by': 'subsequent_confluence', 'start_trigger_idx': 3487}"
3491,RANGE,RANGE_UPDATED,,"{'hi': 0.57585, 'lo': 0.57513, 'structure_id': 0, 'struct_direction': -1, 'timeframe': 'M15', 'use_case': 'subsequent_confluence', 'parent_tf': 'H1', 'parent_sid': 1, 'parent_cycle_id': 1, 'structure_path_id': 'H1.main >> M15.confluence', 'sub_sid': 1, 'started_by': 'subsequent_confluence', 'start_trigger_idx': 3487}"
3493,RANGE,RANGE_UPDATED,,"{'hi': 0.57589, 'lo': 0.57513, 'structure_id': 0, 'struct_direction': -1, 'timeframe': 'M15', 'use_case': 'subsequent_confluence', 'parent_tf': 'H1', 'parent_sid': 1, 'parent_cycle_id': 1, 'structure_path_id': 'H1.main >> M15.confluence', 'sub_sid': 1, 'started_by': 'subsequent_confluence', 'start_trigger_idx': 3487}"
3496,RANGE,RANGE_UPDATED,,"{'hi': 0.57589, 'lo': 0.57503, 'structure_id': 0, 'struct_direction': -1, 'timeframe': 'M15', 'use_case': 'subsequent_confluence', 'parent_tf': 'H1', 'parent_sid': 1, 'parent_cycle_id': 1, 'structure_path_id': 'H1.main >> M15.confluence', 'sub_sid': 1, 'started_by': 'subsequent_confluence', 'start_trigger_idx': 3487}"
3496,STRUCTURE,CTS_UPDATED,0.57503,"{'via': 'replay_raw', 'cycle_id': 0, 'structure_id': 0, 'struct_direction': -1, 'timeframe': 'M15', 'use_case': 'subsequent_confluence', 'parent_tf': 'H1', 'parent_sid': 1, 'parent_cycle_id': 1, 'structure_path_id': 'H1.main >> M15.confluence', 'sub_sid': 1, 'started_by': 'subsequent_confluence', 'start_trigger_idx': 3487}"
3498,RANGE,RANGE_UPDATED,,"{'hi': 0.57589, 'lo': 0.57494, 'structure_id': 0, 'struct_direction': -1, 'timeframe': 'M15', 'use_case': 'subsequent_confluence', 'parent_tf': 'H1', 'parent_sid': 1, 'parent_cycle_id': 1, 'structure_path_id': 'H1.main >> M15.confluence', 'sub_sid': 1, 'started_by': 'subsequent_confluence', 'start_trigger_idx': 3487}"
3498,STRUCTURE,CTS_UPDATED,0.57494,"{'via': 'replay_raw', 'cycle_id': 0, 'structure_id': 0, 'struct_direction': -1, 'timeframe': 'M15', 'use_case': 'subsequent_confluence', 'parent_tf': 'H1', 'parent_sid': 1, 'parent_cycle_id': 1, 'structure_path_id': 'H1.main >> M15.confluence', 'sub_sid': 1, 'started_by': 'subsequent_confluence', 'start_trigger_idx': 3487}"
3499,STRUCTURE,CTS_UPDATED,0.57458,"{'via': 'replay_raw', 'cycle_id': 0, 'structure_id': 0, 'struct_direction': -1, 'timeframe': 'M15', 'use_case': 'subsequent_confluence', 'parent_tf': 'H1', 'parent_sid': 1, 'parent_cycle_id': 1, 'structure_path_id': 'H1.main >> M15.confluence', 'sub_sid': 1, 'started_by': 'subsequent_confluence', 'start_trigger_idx': 3487}"
3501,RANGE,RANGE_RESET,,"{'reason': 'range_breakout', 'pat': 'one_maru_continuous', 'structure_id': 0, 'struct_direction': -1, 'timeframe': 'M15', 'use_case': 'subsequent_confluence', 'parent_tf': 'H1', 'parent_sid': 1, 'parent_cycle_id': 1, 'structure_path_id': 'H1.main >> M15.confluence', 'sub_sid': 1, 'started_by': 'subsequent_confluence', 'start_trigger_idx': 3487}"
3501,STRUCTURE,CTS_UPDATED,0.57442,"{'via': 'one_maru_continuous', 'cycle_id': 0, 'structure_id': 0, 'struct_direction': -1, 'timeframe': 'M15', 'use_case': 'subsequent_confluence', 'parent_tf': 'H1', 'parent_sid': 1, 'parent_cycle_id': 1, 'structure_path_id': 'H1.main >> M15.confluence', 'sub_sid': 1, 'started_by': 'subsequent_confluence', 'start_trigger_idx': 3487}"
3501,STATE,STATE_CHANGED,,"{'from': 'range', 'to': 'breakout', 'structure_id': 0, 'struct_direction': -1, 'reason': 'breakout_pattern', 'pat': 'one_maru_continuous', 'effective_idx': 220, 'timeframe': 'M15', 'use_case': 'subsequent_confluence', 'parent_tf': 'H1', 'parent_sid': 1, 'parent_cycle_id': 1, 'structure_path_id': 'H1.main >> M15.confluence', 'sub_sid': 1, 'started_by': 'subsequent_confluence', 'start_trigger_idx': 3487}"
3502,STRUCTURE,CTS_UPDATED,0.5741,"{'via': 'replay_raw', 'cycle_id': 0, 'structure_id': 0, 'struct_direction': -1, 'timeframe': 'M15', 'use_case': 'subsequent_confluence', 'parent_tf': 'H1', 'parent_sid': 1, 'parent_cycle_id': 1, 'structure_path_id': 'H1.main >> M15.confluence', 'sub_sid': 1, 'started_by': 'subsequent_confluence', 'start_trigger_idx': 3487}"
3503,STRUCTURE,CTS_UPDATED,0.57407,"{'via': 'replay_raw', 'cycle_id': 0, 'structure_id': 0, 'struct_direction': -1, 'timeframe': 'M15', 'use_case': 'subsequent_confluence', 'parent_tf': 'H1', 'parent_sid': 1, 'parent_cycle_id': 1, 'structure_path_id': 'H1.main >> M15.confluence', 'sub_sid': 1, 'started_by': 'subsequent_confluence', 'start_trigger_idx': 3487}"
3506,RANGE,RANGE_STARTED,,"{'start_idx': 223, 'confirm_idx': 225, 'hi': 0.5748, 'lo': 0.57407, 'cts_idx': 222, 'cts_price': 0.57407, 'structure_id': 0, 'struct_direction': -1, 'timeframe': 'M15', 'use_case': 'subsequent_confluence', 'parent_tf': 'H1', 'parent_sid': 1, 'parent_cycle_id': 1, 'structure_path_id': 'H1.main >> M15.confluence', 'sub_sid': 1, 'started_by': 'subsequent_confluence', 'start_trigger_idx': 3487}"
3506,STATE,STATE_CHANGED,,"{'from': 'breakout', 'to': 'range', 'structure_id': 0, 'struct_direction': -1, 'reason': 'range_confirmed', 'effective_idx': 223, 'timeframe': 'M15', 'use_case': 'subsequent_confluence', 'parent_tf': 'H1', 'parent_sid': 1, 'parent_cycle_id': 1, 'structure_path_id': 'H1.main >> M15.confluence', 'sub_sid': 1, 'started_by': 'subsequent_confluence', 'start_trigger_idx': 3487}"
3506,RANGE,RANGE_UPDATED,,"{'hi': 0.57493, 'lo': 0.57407, 'structure_id': 0, 'struct_direction': -1, 'timeframe': 'M15', 'use_case': 'subsequent_confluence', 'parent_tf': 'H1', 'parent_sid': 1, 'parent_cycle_id': 1, 'structure_path_id': 'H1.main >> M15.confluence', 'sub_sid': 1, 'started_by': 'subsequent_confluence', 'start_trigger_idx': 3487}"
3507,RANGE,RANGE_UPDATED,,"{'hi': 0.57498, 'lo': 0.57407, 'structure_id': 0, 'struct_direction': -1, 'timeframe': 'M15', 'use_case': 'subsequent_confluence', 'parent_tf': 'H1', 'parent_sid': 1, 'parent_cycle_id': 1, 'structure_path_id': 'H1.main >> M15.confluence', 'sub_sid': 1, 'started_by': 'subsequent_confluence', 'start_trigger_idx': 3487}"
3508,RANGE,RANGE_UPDATED,,"{'hi': 0.57509, 'lo': 0.57407, 'structure_id': 0, 'struct_direction': -1, 'timeframe': 'M15', 'use_case': 'subsequent_confluence', 'parent_tf': 'H1', 'parent_sid': 1, 'parent_cycle_id': 1, 'structure_path_id': 'H1.main >> M15.confluence', 'sub_sid': 1, 'started_by': 'subsequent_confluence', 'start_trigger_idx': 3487}"
3515,RANGE,RANGE_UPDATED,,"{'hi': 0.57515, 'lo': 0.57407, 'structure_id': 0, 'struct_direction': -1, 'timeframe': 'M15', 'use_case': 'subsequent_confluence', 'parent_tf': 'H1', 'parent_sid': 1, 'parent_cycle_id': 1, 'structure_path_id': 'H1.main >> M15.confluence', 'sub_sid': 1, 'started_by': 'subsequent_confluence', 'start_trigger_idx': 3487}"
3516,RANGE,RANGE_UPDATED,,"{'hi': 0.57517, 'lo': 0.57407, 'structure_id': 0, 'struct_direction': -1, 'timeframe': 'M15', 'use_case': 'subsequent_confluence', 'parent_tf': 'H1', 'parent_sid': 1, 'parent_cycle_id': 1, 'structure_path_id': 'H1.main >> M15.confluence', 'sub_sid': 1, 'started_by': 'subsequent_confluence', 'start_trigger_idx': 3487}"
3517,RANGE,RANGE_UPDATED,,"{'hi': 0.57519, 'lo': 0.57407, 'structure_id': 0, 'struct_direction': -1, 'timeframe': 'M15', 'use_case': 'subsequent_confluence', 'parent_tf': 'H1', 'parent_sid': 1, 'parent_cycle_id': 1, 'structure_path_id': 'H1.main >> M15.confluence', 'sub_sid': 1, 'started_by': 'subsequent_confluence', 'start_trigger_idx': 3487}"
3521,RANGE,RANGE_UPDATED,,"{'hi': 0.57519, 'lo': 0.57376, 'structure_id': 0, 'struct_direction': -1, 'timeframe': 'M15', 'use_case': 'subsequent_confluence', 'parent_tf': 'H1', 'parent_sid': 1, 'parent_cycle_id': 1, 'structure_path_id': 'H1.main >> M15.confluence', 'sub_sid': 1, 'started_by': 'subsequent_confluence', 'start_trigger_idx': 3487}"
3521,STRUCTURE,CTS_UPDATED,0.57376,"{'via': 'replay_raw', 'cycle_id': 0, 'structure_id': 0, 'struct_direction': -1, 'timeframe': 'M15', 'use_case': 'subsequent_confluence', 'parent_tf': 'H1', 'parent_sid': 1, 'parent_cycle_id': 1, 'structure_path_id': 'H1.main >> M15.confluence', 'sub_sid': 1, 'started_by': 'subsequent_confluence', 'start_trigger_idx': 3487}"
3525,RANGE,RANGE_UPDATED,,"{'hi': 0.57539, 'lo': 0.57376, 'structure_id': 0, 'struct_direction': -1, 'timeframe': 'M15', 'use_case': 'subsequent_confluence', 'parent_tf': 'H1', 'parent_sid': 1, 'parent_cycle_id': 1, 'structure_path_id': 'H1.main >> M15.confluence', 'sub_sid': 1, 'started_by': 'subsequent_confluence', 'start_trigger_idx': 3487}"
3527,RANGE,RANGE_UPDATED,,"{'hi': 0.5755, 'lo': 0.57376, 'structure_id': 0, 'struct_direction': -1, 'timeframe': 'M15', 'use_case': 'subsequent_confluence', 'parent_tf': 'H1', 'parent_sid': 1, 'parent_cycle_id': 1, 'structure_path_id': 'H1.main >> M15.confluence', 'sub_sid': 1, 'started_by': 'subsequent_confluence', 'start_trigger_idx': 3487}"
3588,STRUCTURE,CTS_UPDATED,0.57352,"{'via': 'replay_raw', 'cycle_id': 0, 'structure_id': 0, 'struct_direction': -1, 'timeframe': 'M15', 'use_case': 'subsequent_confluence', 'parent_tf': 'H1', 'parent_sid': 1, 'parent_cycle_id': 1, 'structure_path_id': 'H1.main >> M15.confluence', 'sub_sid': 1, 'started_by': 'subsequent_confluence', 'start_trigger_idx': 3487}"
3589,RANGE,RANGE_RESET,,"{'reason': 'range_breakout', 'pat': 'one_maru_continuous', 'structure_id': 0, 'struct_direction': -1, 'timeframe': 'M15', 'use_case': 'subsequent_confluence', 'parent_tf': 'H1', 'parent_sid': 1, 'parent_cycle_id': 1, 'structure_path_id': 'H1.main >> M15.confluence', 'sub_sid': 1, 'started_by': 'subsequent_confluence', 'start_trigger_idx': 3487}"
3589,STRUCTURE,CTS_UPDATED,0.57318,"{'via': 'one_maru_continuous', 'cycle_id': 0, 'structure_id': 0, 'struct_direction': -1, 'timeframe': 'M15', 'use_case': 'subsequent_confluence', 'parent_tf': 'H1', 'parent_sid': 1, 'parent_cycle_id': 1, 'structure_path_id': 'H1.main >> M15.confluence', 'sub_sid': 1, 'started_by': 'subsequent_confluence', 'start_trigger_idx': 3487}"
3589,STATE,STATE_CHANGED,,"{'from': 'range', 'to': 'breakout', 'structure_id': 0, 'struct_direction': -1, 'reason': 'breakout_pattern', 'pat': 'one_maru_continuous', 'effective_idx': 308, 'timeframe': 'M15', 'use_case': 'subsequent_confluence', 'parent_tf': 'H1', 'parent_sid': 1, 'parent_cycle_id': 1, 'structure_path_id': 'H1.main >> M15.confluence', 'sub_sid': 1, 'started_by': 'subsequent_confluence', 'start_trigger_idx': 3487}"
3590,STRUCTURE,CTS_UPDATED,0.57314,"{'via': 'replay_raw', 'cycle_id': 0, 'structure_id': 0, 'struct_direction': -1, 'timeframe': 'M15', 'use_case': 'subsequent_confluence', 'parent_tf': 'H1', 'parent_sid': 1, 'parent_cycle_id': 1, 'structure_path_id': 'H1.main >> M15.confluence', 'sub_sid': 1, 'started_by': 'subsequent_confluence', 'start_trigger_idx': 3487}"
3591,STRUCTURE,CTS_UPDATED,0.57305,"{'via': 'replay_raw', 'cycle_id': 0, 'structure_id': 0, 'struct_direction': -1, 'timeframe': 'M15', 'use_case': 'subsequent_confluence', 'parent_tf': 'H1', 'parent_sid': 1, 'parent_cycle_id': 1, 'structure_path_id': 'H1.main >> M15.confluence', 'sub_sid': 1, 'started_by': 'subsequent_confluence', 'start_trigger_idx': 3487}"
3592,STRUCTURE,CTS_UPDATED,0.57298,"{'via': 'replay_raw', 'cycle_id': 0, 'structure_id': 0, 'struct_direction': -1, 'timeframe': 'M15', 'use_case': 'subsequent_confluence', 'parent_tf': 'H1', 'parent_sid': 1, 'parent_cycle_id': 1, 'structure_path_id': 'H1.main >> M15.confluence', 'sub_sid': 1, 'started_by': 'subsequent_confluence', 'start_trigger_idx': 3487}"
3593,STRUCTURE,CTS_UPDATED,0.57282,"{'via': 'replay_raw', 'cycle_id': 0, 'structure_id': 0, 'struct_direction': -1, 'timeframe': 'M15', 'use_case': 'subsequent_confluence', 'parent_tf': 'H1', 'parent_sid': 1, 'parent_cycle_id': 1, 'structure_path_id': 'H1.main >> M15.confluence', 'sub_sid': 1, 'started_by': 'subsequent_confluence', 'start_trigger_idx': 3487}"
3594,STRUCTURE,CTS_UPDATED,0.57272,"{'via': 'replay_raw', 'cycle_id': 0, 'structure_id': 0, 'struct_direction': -1, 'timeframe': 'M15', 'use_case': 'subsequent_confluence', 'parent_tf': 'H1', 'parent_sid': 1, 'parent_cycle_id': 1, 'structure_path_id': 'H1.main >> M15.confluence', 'sub_sid': 1, 'started_by': 'subsequent_confluence', 'start_trigger_idx': 3487}"
3595,RANGE,RANGE_STARTED,,"{'start_idx': 309, 'confirm_idx': 314, 'hi': 0.57344, 'lo': 0.57272, 'cts_idx': 313, 'cts_price': 0.57272, 'structure_id': 0, 'struct_direction': -1, 'timeframe': 'M15', 'use_case': 'subsequent_confluence', 'parent_tf': 'H1', 'parent_sid': 1, 'parent_cycle_id': 1, 'structure_path_id': 'H1.main >> M15.confluence', 'sub_sid': 1, 'started_by': 'subsequent_confluence', 'start_trigger_idx': 3487}"
3595,STATE,STATE_CHANGED,,"{'from': 'breakout', 'to': 'range', 'structure_id': 0, 'struct_direction': -1, 'reason': 'range_confirmed', 'effective_idx': 309, 'timeframe': 'M15', 'use_case': 'subsequent_confluence', 'parent_tf': 'H1', 'parent_sid': 1, 'parent_cycle_id': 1, 'structure_path_id': 'H1.main >> M15.confluence', 'sub_sid': 1, 'started_by': 'subsequent_confluence', 'start_trigger_idx': 3487}"
3592,RANGE,RANGE_UPDATED,,"{'hi': 0.57345, 'lo': 0.57272, 'structure_id': 0, 'struct_direction': -1, 'timeframe': 'M15', 'use_case': 'subsequent_confluence', 'parent_tf': 'H1', 'parent_sid': 1, 'parent_cycle_id': 1, 'structure_path_id': 'H1.main >> M15.confluence', 'sub_sid': 1, 'started_by': 'subsequent_confluence', 'start_trigger_idx': 3487}"
3596,RANGE,RANGE_UPDATED,,"{'hi': 0.57347, 'lo': 0.57272, 'structure_id': 0, 'struct_direction': -1, 'timeframe': 'M15', 'use_case': 'subsequent_confluence', 'parent_tf': 'H1', 'parent_sid': 1, 'parent_cycle_id': 1, 'structure_path_id': 'H1.main >> M15.confluence', 'sub_sid': 1, 'started_by': 'subsequent_confluence', 'start_trigger_idx': 3487}"
3601,RANGE,RANGE_UPDATED,,"{'hi': 0.57347, 'lo': 0.57269, 'structure_id': 0, 'struct_direction': -1, 'timeframe': 'M15', 'use_case': 'subsequent_confluence', 'parent_tf': 'H1', 'parent_sid': 1, 'parent_cycle_id': 1, 'structure_path_id': 'H1.main >> M15.confluence', 'sub_sid': 1, 'started_by': 'subsequent_confluence', 'start_trigger_idx': 3487}"
3601,STRUCTURE,CTS_UPDATED,0.57269,"{'via': 'replay_raw', 'cycle_id': 0, 'structure_id': 0, 'struct_direction': -1, 'timeframe': 'M15', 'use_case': 'subsequent_confluence', 'parent_tf': 'H1', 'parent_sid': 1, 'parent_cycle_id': 1, 'structure_path_id': 'H1.main >> M15.confluence', 'sub_sid': 1, 'started_by': 'subsequent_confluence', 'start_trigger_idx': 3487}"
3602,RANGE,RANGE_UPDATED,,"{'hi': 0.57347, 'lo': 0.57264, 'structure_id': 0, 'struct_direction': -1, 'timeframe': 'M15', 'use_case': 'subsequent_confluence', 'parent_tf': 'H1', 'parent_sid': 1, 'parent_cycle_id': 1, 'structure_path_id': 'H1.main >> M15.confluence', 'sub_sid': 1, 'started_by': 'subsequent_confluence', 'start_trigger_idx': 3487}"
3602,STRUCTURE,CTS_UPDATED,0.57264,"{'via': 'replay_raw', 'cycle_id': 0, 'structure_id': 0, 'struct_direction': -1, 'timeframe': 'M15', 'use_case': 'subsequent_confluence', 'parent_tf': 'H1', 'parent_sid': 1, 'parent_cycle_id': 1, 'structure_path_id': 'H1.main >> M15.confluence', 'sub_sid': 1, 'started_by': 'subsequent_confluence', 'start_trigger_idx': 3487}"
3605,RANGE,RANGE_UPDATED,,"{'hi': 0.57347, 'lo': 0.57263, 'structure_id': 0, 'struct_direction': -1, 'timeframe': 'M15', 'use_case': 'subsequent_confluence', 'parent_tf': 'H1', 'parent_sid': 1, 'parent_cycle_id': 1, 'structure_path_id': 'H1.main >> M15.confluence', 'sub_sid': 1, 'started_by': 'subsequent_confluence', 'start_trigger_idx': 3487}"
3605,STRUCTURE,CTS_UPDATED,0.57263,"{'via': 'replay_raw', 'cycle_id': 0, 'structure_id': 0, 'struct_direction': -1, 'timeframe': 'M15', 'use_case': 'subsequent_confluence', 'parent_tf': 'H1', 'parent_sid': 1, 'parent_cycle_id': 1, 'structure_path_id': 'H1.main >> M15.confluence', 'sub_sid': 1, 'started_by': 'subsequent_confluence', 'start_trigger_idx': 3487}"
3608,RANGE,RANGE_UPDATED,,"{'hi': 0.57347, 'lo': 0.57258, 'structure_id': 0, 'struct_direction': -1, 'timeframe': 'M15', 'use_case': 'subsequent_confluence', 'parent_tf': 'H1', 'parent_sid': 1, 'parent_cycle_id': 1, 'structure_path_id': 'H1.main >> M15.confluence', 'sub_sid': 1, 'started_by': 'subsequent_confluence', 'start_trigger_idx': 3487}"
3608,STRUCTURE,CTS_UPDATED,0.57258,"{'via': 'replay_raw', 'cycle_id': 0, 'structure_id': 0, 'struct_direction': -1, 'timeframe': 'M15', 'use_case': 'subsequent_confluence', 'parent_tf': 'H1', 'parent_sid': 1, 'parent_cycle_id': 1, 'structure_path_id': 'H1.main >> M15.confluence', 'sub_sid': 1, 'started_by': 'subsequent_confluence', 'start_trigger_idx': 3487}"
3609,RANGE,RANGE_UPDATED,,"{'hi': 0.57347, 'lo': 0.57234, 'structure_id': 0, 'struct_direction': -1, 'timeframe': 'M15', 'use_case': 'subsequent_confluence', 'parent_tf': 'H1', 'parent_sid': 1, 'parent_cycle_id': 1, 'structure_path_id': 'H1.main >> M15.confluence', 'sub_sid': 1, 'started_by': 'subsequent_confluence', 'start_trigger_idx': 3487}"
3609,STRUCTURE,CTS_UPDATED,0.57234,"{'via': 'replay_raw', 'cycle_id': 0, 'structure_id': 0, 'struct_direction': -1, 'timeframe': 'M15', 'use_case': 'subsequent_confluence', 'parent_tf': 'H1', 'parent_sid': 1, 'parent_cycle_id': 1, 'structure_path_id': 'H1.main >> M15.confluence', 'sub_sid': 1, 'started_by': 'subsequent_confluence', 'start_trigger_idx': 3487}"
3610,RANGE,RANGE_UPDATED,,"{'hi': 0.57347, 'lo': 0.5723, 'structure_id': 0, 'struct_direction': -1, 'timeframe': 'M15', 'use_case': 'subsequent_confluence', 'parent_tf': 'H1', 'parent_sid': 1, 'parent_cycle_id': 1, 'structure_path_id': 'H1.main >> M15.confluence', 'sub_sid': 1, 'started_by': 'subsequent_confluence', 'start_trigger_idx': 3487}"
3610,STRUCTURE,CTS_UPDATED,0.5723,"{'via': 'replay_raw', 'cycle_id': 0, 'structure_id': 0, 'struct_direction': -1, 'timeframe': 'M15', 'use_case': 'subsequent_confluence', 'parent_tf': 'H1', 'parent_sid': 1, 'parent_cycle_id': 1, 'structure_path_id': 'H1.main >> M15.confluence', 'sub_sid': 1, 'started_by': 'subsequent_confluence', 'start_trigger_idx': 3487}"
3611,RANGE,RANGE_UPDATED,,"{'hi': 0.57347, 'lo': 0.57228, 'structure_id': 0, 'struct_direction': -1, 'timeframe': 'M15', 'use_case': 'subsequent_confluence', 'parent_tf': 'H1', 'parent_sid': 1, 'parent_cycle_id': 1, 'structure_path_id': 'H1.main >> M15.confluence', 'sub_sid': 1, 'started_by': 'subsequent_confluence', 'start_trigger_idx': 3487}"
3611,STRUCTURE,CTS_UPDATED,0.57228,"{'via': 'replay_raw', 'cycle_id': 0, 'structure_id': 0, 'struct_direction': -1, 'timeframe': 'M15', 'use_case': 'subsequent_confluence', 'parent_tf': 'H1', 'parent_sid': 1, 'parent_cycle_id': 1, 'structure_path_id': 'H1.main >> M15.confluence', 'sub_sid': 1, 'started_by': 'subsequent_confluence', 'start_trigger_idx': 3487}"
3333,STRUCTURE,CTS_ESTABLISHED,0.57785,"{'via': 'one_maru_continuous', 'anchor_idx': 3332, 'pattern_name': 'one_maru_continuous', 'confirmed_at': 3333, 'cycle_id': 0, 'structure_id': 0, 'struct_direction': -1, 'timeframe': 'M15', 'use_case': 'first_confluence', 'parent_tf': 'H1', 'parent_sid': 1, 'parent_cycle_id': 2, 'structure_path_id': 'H1.main >> M15.confluence', 'sub_sid': 0, 'started_by': 'first_confluence', 'start_trigger_idx': 3331}"
3331,STRUCTURE,BOS_CONFIRMED,0.57979,"{'source': 'initial_prior_extreme', 'confirmed_at': 3333, 'pb_start': None, 'cycle_id': 0, 'structure_id': 0, 'struct_direction': -1, 'timeframe': 'M15', 'use_case': 'first_confluence', 'parent_tf': 'H1', 'parent_sid': 1, 'parent_cycle_id': 2, 'structure_path_id': 'H1.main >> M15.confluence', 'sub_sid': 0, 'started_by': 'first_confluence', 'start_trigger_idx': 3331}"
3333,STATE,STATE_CHANGED,,"{'from': 'none', 'to': 'breakout', 'structure_id': 0, 'struct_direction': -1, 'reason': 'breakout_pattern', 'pat': 'one_maru_continuous', 'effective_idx': 52, 'timeframe': 'M15', 'use_case': 'first_confluence', 'parent_tf': 'H1', 'parent_sid': 1, 'parent_cycle_id': 2, 'structure_path_id': 'H1.main >> M15.confluence', 'sub_sid': 0, 'started_by': 'first_confluence', 'start_trigger_idx': 3331}"
3334,STRUCTURE,CTS_UPDATED,0.57718,"{'via': 'replay_raw', 'cycle_id': 0, 'structure_id': 0, 'struct_direction': -1, 'timeframe': 'M15', 'use_case': 'first_confluence', 'parent_tf': 'H1', 'parent_sid': 1, 'parent_cycle_id': 2, 'structure_path_id': 'H1.main >> M15.confluence', 'sub_sid': 0, 'started_by': 'first_confluence', 'start_trigger_idx': 3331}"
3336,STRUCTURE,CTS_UPDATED,0.57688,"{'via': 'replay_raw', 'cycle_id': 0, 'structure_id': 0, 'struct_direction': -1, 'timeframe': 'M15', 'use_case': 'first_confluence', 'parent_tf': 'H1', 'parent_sid': 1, 'parent_cycle_id': 2, 'structure_path_id': 'H1.main >> M15.confluence', 'sub_sid': 0, 'started_by': 'first_confluence', 'start_trigger_idx': 3331}"
3337,RANGE,RANGE_STARTED,,"{'start_idx': 54, 'confirm_idx': 56, 'hi': 0.57796, 'lo': 0.57688, 'cts_idx': 55, 'cts_price': 0.57688, 'structure_id': 0, 'struct_direction': -1, 'timeframe': 'M15', 'use_case': 'first_confluence', 'parent_tf': 'H1', 'parent_sid': 1, 'parent_cycle_id': 2, 'structure_path_id': 'H1.main >> M15.confluence', 'sub_sid': 0, 'started_by': 'first_confluence', 'start_trigger_idx': 3331}"
3337,STATE,STATE_CHANGED,,"{'from': 'breakout', 'to': 'range', 'structure_id': 0, 'struct_direction': -1, 'reason': 'range_confirmed', 'effective_idx': 54, 'timeframe': 'M15', 'use_case': 'first_confluence', 'parent_tf': 'H1', 'parent_sid': 1, 'parent_cycle_id': 2, 'structure_path_id': 'H1.main >> M15.confluence', 'sub_sid': 0, 'started_by': 'first_confluence', 'start_trigger_idx': 3331}"
3340,RANGE,RANGE_UPDATED,,"{'hi': 0.57823, 'lo': 0.57688, 'structure_id': 0, 'struct_direction': -1, 'timeframe': 'M15', 'use_case': 'first_confluence', 'parent_tf': 'H1', 'parent_sid': 1, 'parent_cycle_id': 2, 'structure_path_id': 'H1.main >> M15.confluence', 'sub_sid': 0, 'started_by': 'first_confluence', 'start_trigger_idx': 3331}"
3341,RANGE,RANGE_UPDATED,,"{'hi': 0.57828, 'lo': 0.57688, 'structure_id': 0, 'struct_direction': -1, 'timeframe': 'M15', 'use_case': 'first_confluence', 'parent_tf': 'H1', 'parent_sid': 1, 'parent_cycle_id': 2, 'structure_path_id': 'H1.main >> M15.confluence', 'sub_sid': 0, 'started_by': 'first_confluence', 'start_trigger_idx': 3331}"
3342,RANGE,RANGE_UPDATED,,"{'hi': 0.57829, 'lo': 0.57688, 'structure_id': 0, 'struct_direction': -1, 'timeframe': 'M15', 'use_case': 'first_confluence', 'parent_tf': 'H1', 'parent_sid': 1, 'parent_cycle_id': 2, 'structure_path_id': 'H1.main >> M15.confluence', 'sub_sid': 0, 'started_by': 'first_confluence', 'start_trigger_idx': 3331}"
3343,RANGE,RANGE_UPDATED,,"{'hi': 0.57848, 'lo': 0.57688, 'structure_id': 0, 'struct_direction': -1, 'timeframe': 'M15', 'use_case': 'first_confluence', 'parent_tf': 'H1', 'parent_sid': 1, 'parent_cycle_id': 2, 'structure_path_id': 'H1.main >> M15.confluence', 'sub_sid': 0, 'started_by': 'first_confluence', 'start_trigger_idx': 3331}"
3345,RANGE,RANGE_UPDATED,,"{'hi': 0.57854, 'lo': 0.57688, 'structure_id': 0, 'struct_direction': -1, 'timeframe': 'M15', 'use_case': 'first_confluence', 'parent_tf': 'H1', 'parent_sid': 1, 'parent_cycle_id': 2, 'structure_path_id': 'H1.main >> M15.confluence', 'sub_sid': 0, 'started_by': 'first_confluence', 'start_trigger_idx': 3331}"
3354,RANGE,RANGE_UPDATED,,"{'hi': 0.57861, 'lo': 0.57688, 'structure_id': 0, 'struct_direction': -1, 'timeframe': 'M15', 'use_case': 'first_confluence', 'parent_tf': 'H1', 'parent_sid': 1, 'parent_cycle_id': 2, 'structure_path_id': 'H1.main >> M15.confluence', 'sub_sid': 0, 'started_by': 'first_confluence', 'start_trigger_idx': 3331}"
3355,RANGE,RANGE_UPDATED,,"{'hi': 0.5787, 'lo': 0.57688, 'structure_id': 0, 'struct_direction': -1, 'timeframe': 'M15', 'use_case': 'first_confluence', 'parent_tf': 'H1', 'parent_sid': 1, 'parent_cycle_id': 2, 'structure_path_id': 'H1.main >> M15.confluence', 'sub_sid': 0, 'started_by': 'first_confluence', 'start_trigger_idx': 3331}"
3361,RANGE,RANGE_UPDATED,,"{'hi': 0.57882, 'lo': 0.57688, 'structure_id': 0, 'struct_direction': -1, 'timeframe': 'M15', 'use_case': 'first_confluence', 'parent_tf': 'H1', 'parent_sid': 1, 'parent_cycle_id': 2, 'structure_path_id': 'H1.main >> M15.confluence', 'sub_sid': 0, 'started_by': 'first_confluence', 'start_trigger_idx': 3331}"
3362,RANGE,RANGE_UPDATED,,"{'hi': 0.57963, 'lo': 0.57688, 'structure_id': 0, 'struct_direction': -1, 'timeframe': 'M15', 'use_case': 'first_confluence', 'parent_tf': 'H1', 'parent_sid': 1, 'parent_cycle_id': 2, 'structure_path_id': 'H1.main >> M15.confluence', 'sub_sid': 0, 'started_by': 'first_confluence', 'start_trigger_idx': 3331}"
3465,RANGE,RANGE_UPDATED,,"{'hi': 0.57963, 'lo': 0.57671, 'structure_id': 0, 'struct_direction': -1, 'timeframe': 'M15', 'use_case': 'first_confluence', 'parent_tf': 'H1', 'parent_sid': 1, 'parent_cycle_id': 2, 'structure_path_id': 'H1.main >> M15.confluence', 'sub_sid': 0, 'started_by': 'first_confluence', 'start_trigger_idx': 3331}"
3465,STRUCTURE,CTS_UPDATED,0.57671,"{'via': 'replay_raw', 'cycle_id': 0, 'structure_id': 0, 'struct_direction': -1, 'timeframe': 'M15', 'use_case': 'first_confluence', 'parent_tf': 'H1', 'parent_sid': 1, 'parent_cycle_id': 2, 'structure_path_id': 'H1.main >> M15.confluence', 'sub_sid': 0, 'started_by': 'first_confluence', 'start_trigger_idx': 3331}"
3467,RANGE,RANGE_UPDATED,,"{'hi': 0.57963, 'lo': 0.57668, 'structure_id': 0, 'struct_direction': -1, 'timeframe': 'M15', 'use_case': 'first_confluence', 'parent_tf': 'H1', 'parent_sid': 1, 'parent_cycle_id': 2, 'structure_path_id': 'H1.main >> M15.confluence', 'sub_sid': 0, 'started_by': 'first_confluence', 'start_trigger_idx': 3331}"
3467,STRUCTURE,CTS_UPDATED,0.57668,"{'via': 'replay_raw', 'cycle_id': 0, 'structure_id': 0, 'struct_direction': -1, 'timeframe': 'M15', 'use_case': 'first_confluence', 'parent_tf': 'H1', 'parent_sid': 1, 'parent_cycle_id': 2, 'structure_path_id': 'H1.main >> M15.confluence', 'sub_sid': 0, 'started_by': 'first_confluence', 'start_trigger_idx': 3331}"
3468,RANGE,RANGE_UPDATED,,"{'hi': 0.57963, 'lo': 0.57667, 'structure_id': 0, 'struct_direction': -1, 'timeframe': 'M15', 'use_case': 'first_confluence', 'parent_tf': 'H1', 'parent_sid': 1, 'parent_cycle_id': 2, 'structure_path_id': 'H1.main >> M15.confluence', 'sub_sid': 0, 'started_by': 'first_confluence', 'start_trigger_idx': 3331}"
3468,STRUCTURE,CTS_UPDATED,0.57667,"{'via': 'replay_raw', 'cycle_id': 0, 'structure_id': 0, 'struct_direction': -1, 'timeframe': 'M15', 'use_case': 'first_confluence', 'parent_tf': 'H1', 'parent_sid': 1, 'parent_cycle_id': 2, 'structure_path_id': 'H1.main >> M15.confluence', 'sub_sid': 0, 'started_by': 'first_confluence', 'start_trigger_idx': 3331}"
3470,RANGE,RANGE_UPDATED,,"{'hi': 0.57963, 'lo': 0.57658, 'structure_id': 0, 'struct_direction': -1, 'timeframe': 'M15', 'use_case': 'first_confluence', 'parent_tf': 'H1', 'parent_sid': 1, 'parent_cycle_id': 2, 'structure_path_id': 'H1.main >> M15.confluence', 'sub_sid': 0, 'started_by': 'first_confluence', 'start_trigger_idx': 3331}"
3470,STRUCTURE,CTS_UPDATED,0.57658,"{'via': 'replay_raw', 'cycle_id': 0, 'structure_id': 0, 'struct_direction': -1, 'timeframe': 'M15', 'use_case': 'first_confluence', 'parent_tf': 'H1', 'parent_sid': 1, 'parent_cycle_id': 2, 'structure_path_id': 'H1.main >> M15.confluence', 'sub_sid': 0, 'started_by': 'first_confluence', 'start_trigger_idx': 3331}"
3472,RANGE,RANGE_UPDATED,,"{'hi': 0.57963, 'lo': 0.57656, 'structure_id': 0, 'struct_direction': -1, 'timeframe': 'M15', 'use_case': 'first_confluence', 'parent_tf': 'H1', 'parent_sid': 1, 'parent_cycle_id': 2, 'structure_path_id': 'H1.main >> M15.confluence', 'sub_sid': 0, 'started_by': 'first_confluence', 'start_trigger_idx': 3331}"
3472,STRUCTURE,CTS_UPDATED,0.57656,"{'via': 'replay_raw', 'cycle_id': 0, 'structure_id': 0, 'struct_direction': -1, 'timeframe': 'M15', 'use_case': 'first_confluence', 'parent_tf': 'H1', 'parent_sid': 1, 'parent_cycle_id': 2, 'structure_path_id': 'H1.main >> M15.confluence', 'sub_sid': 0, 'started_by': 'first_confluence', 'start_trigger_idx': 3331}"
3473,RANGE,RANGE_UPDATED,,"{'hi': 0.57963, 'lo': 0.57619, 'structure_id': 0, 'struct_direction': -1, 'timeframe': 'M15', 'use_case': 'first_confluence', 'parent_tf': 'H1', 'parent_sid': 1, 'parent_cycle_id': 2, 'structure_path_id': 'H1.main >> M15.confluence', 'sub_sid': 0, 'started_by': 'first_confluence', 'start_trigger_idx': 3331}"
3473,STRUCTURE,CTS_UPDATED,0.57619,"{'via': 'replay_raw', 'cycle_id': 0, 'structure_id': 0, 'struct_direction': -1, 'timeframe': 'M15', 'use_case': 'first_confluence', 'parent_tf': 'H1', 'parent_sid': 1, 'parent_cycle_id': 2, 'structure_path_id': 'H1.main >> M15.confluence', 'sub_sid': 0, 'started_by': 'first_confluence', 'start_trigger_idx': 3331}"
3485,RANGE,RANGE_UPDATED,,"{'hi': 0.57963, 'lo': 0.57606, 'structure_id': 0, 'struct_direction': -1, 'timeframe': 'M15', 'use_case': 'first_confluence', 'parent_tf': 'H1', 'parent_sid': 1, 'parent_cycle_id': 2, 'structure_path_id': 'H1.main >> M15.confluence', 'sub_sid': 0, 'started_by': 'first_confluence', 'start_trigger_idx': 3331}"
3485,STRUCTURE,CTS_UPDATED,0.57606,"{'via': 'replay_raw', 'cycle_id': 0, 'structure_id': 0, 'struct_direction': -1, 'timeframe': 'M15', 'use_case': 'first_confluence', 'parent_tf': 'H1', 'parent_sid': 1, 'parent_cycle_id': 2, 'structure_path_id': 'H1.main >> M15.confluence', 'sub_sid': 0, 'started_by': 'first_confluence', 'start_trigger_idx': 3331}"
3487,RANGE,RANGE_UPDATED,,"{'hi': 0.57963, 'lo': 0.57604, 'structure_id': 0, 'struct_direction': -1, 'timeframe': 'M15', 'use_case': 'first_confluence', 'parent_tf': 'H1', 'parent_sid': 1, 'parent_cycle_id': 2, 'structure_path_id': 'H1.main >> M15.confluence', 'sub_sid': 0, 'started_by': 'first_confluence', 'start_trigger_idx': 3331}"
3487,STRUCTURE,CTS_UPDATED,0.57604,"{'via': 'replay_raw', 'cycle_id': 0, 'structure_id': 0, 'struct_direction': -1, 'timeframe': 'M15', 'use_case': 'first_confluence', 'parent_tf': 'H1', 'parent_sid': 1, 'parent_cycle_id': 2, 'structure_path_id': 'H1.main >> M15.confluence', 'sub_sid': 0, 'started_by': 'first_confluence', 'start_trigger_idx': 3331}"
3488,STRUCTURE,CTS_UPDATED,0.57566,"{'via': 'replay_raw', 'cycle_id': 0, 'structure_id': 0, 'struct_direction': -1, 'timeframe': 'M15', 'use_case': 'first_confluence', 'parent_tf': 'H1', 'parent_sid': 1, 'parent_cycle_id': 2, 'structure_path_id': 'H1.main >> M15.confluence', 'sub_sid': 0, 'started_by': 'first_confluence', 'start_trigger_idx': 3331}"
3489,RANGE,RANGE_RESET,,"{'reason': 'range_breakout', 'pat': 'one_maru_continuous', 'structure_id': 0, 'struct_direction': -1, 'timeframe': 'M15', 'use_case': 'first_confluence', 'parent_tf': 'H1', 'parent_sid': 1, 'parent_cycle_id': 2, 'structure_path_id': 'H1.main >> M15.confluence', 'sub_sid': 0, 'started_by': 'first_confluence', 'start_trigger_idx': 3331}"
3489,STRUCTURE,CTS_UPDATED,0.57513,"{'via': 'one_maru_continuous', 'cycle_id': 0, 'structure_id': 0, 'struct_direction': -1, 'timeframe': 'M15', 'use_case': 'first_confluence', 'parent_tf': 'H1', 'parent_sid': 1, 'parent_cycle_id': 2, 'structure_path_id': 'H1.main >> M15.confluence', 'sub_sid': 0, 'started_by': 'first_confluence', 'start_trigger_idx': 3331}"
3489,STATE,STATE_CHANGED,,"{'from': 'range', 'to': 'breakout', 'structure_id': 0, 'struct_direction': -1, 'reason': 'breakout_pattern', 'pat': 'one_maru_continuous', 'effective_idx': 208, 'timeframe': 'M15', 'use_case': 'first_confluence', 'parent_tf': 'H1', 'parent_sid': 1, 'parent_cycle_id': 2, 'structure_path_id': 'H1.main >> M15.confluence', 'sub_sid': 0, 'started_by': 'first_confluence', 'start_trigger_idx': 3331}"
3492,RANGE,RANGE_STARTED,,"{'start_idx': 209, 'confirm_idx': 211, 'hi': 0.57557, 'lo': 0.57513, 'cts_idx': 208, 'cts_price': 0.57513, 'structure_id': 0, 'struct_direction': -1, 'timeframe': 'M15', 'use_case': 'first_confluence', 'parent_tf': 'H1', 'parent_sid': 1, 'parent_cycle_id': 2, 'structure_path_id': 'H1.main >> M15.confluence', 'sub_sid': 0, 'started_by': 'first_confluence', 'start_trigger_idx': 3331}"
3492,STATE,STATE_CHANGED,,"{'from': 'breakout', 'to': 'range', 'structure_id': 0, 'struct_direction': -1, 'reason': 'range_confirmed', 'effective_idx': 209, 'timeframe': 'M15', 'use_case': 'first_confluence', 'parent_tf': 'H1', 'parent_sid': 1, 'parent_cycle_id': 2, 'structure_path_id': 'H1.main >> M15.confluence', 'sub_sid': 0, 'started_by': 'first_confluence', 'start_trigger_idx': 3331}"
3491,RANGE,RANGE_UPDATED,,"{'hi': 0.57585, 'lo': 0.57513, 'structure_id': 0, 'struct_direction': -1, 'timeframe': 'M15', 'use_case': 'first_confluence', 'parent_tf': 'H1', 'parent_sid': 1, 'parent_cycle_id': 2, 'structure_path_id': 'H1.main >> M15.confluence', 'sub_sid': 0, 'started_by': 'first_confluence', 'start_trigger_idx': 3331}"
3493,RANGE,RANGE_UPDATED,,"{'hi': 0.57589, 'lo': 0.57513, 'structure_id': 0, 'struct_direction': -1, 'timeframe': 'M15', 'use_case': 'first_confluence', 'parent_tf': 'H1', 'parent_sid': 1, 'parent_cycle_id': 2, 'structure_path_id': 'H1.main >> M15.confluence', 'sub_sid': 0, 'started_by': 'first_confluence', 'start_trigger_idx': 3331}"
3496,RANGE,RANGE_UPDATED,,"{'hi': 0.57589, 'lo': 0.57503, 'structure_id': 0, 'struct_direction': -1, 'timeframe': 'M15', 'use_case': 'first_confluence', 'parent_tf': 'H1', 'parent_sid': 1, 'parent_cycle_id': 2, 'structure_path_id': 'H1.main >> M15.confluence', 'sub_sid': 0, 'started_by': 'first_confluence', 'start_trigger_idx': 3331}"
3496,STRUCTURE,CTS_UPDATED,0.57503,"{'via': 'replay_raw', 'cycle_id': 0, 'structure_id': 0, 'struct_direction': -1, 'timeframe': 'M15', 'use_case': 'first_confluence', 'parent_tf': 'H1', 'parent_sid': 1, 'parent_cycle_id': 2, 'structure_path_id': 'H1.main >> M15.confluence', 'sub_sid': 0, 'started_by': 'first_confluence', 'start_trigger_idx': 3331}"
3498,RANGE,RANGE_UPDATED,,"{'hi': 0.57589, 'lo': 0.57494, 'structure_id': 0, 'struct_direction': -1, 'timeframe': 'M15', 'use_case': 'first_confluence', 'parent_tf': 'H1', 'parent_sid': 1, 'parent_cycle_id': 2, 'structure_path_id': 'H1.main >> M15.confluence', 'sub_sid': 0, 'started_by': 'first_confluence', 'start_trigger_idx': 3331}"
3498,STRUCTURE,CTS_UPDATED,0.57494,"{'via': 'replay_raw', 'cycle_id': 0, 'structure_id': 0, 'struct_direction': -1, 'timeframe': 'M15', 'use_case': 'first_confluence', 'parent_tf': 'H1', 'parent_sid': 1, 'parent_cycle_id': 2, 'structure_path_id': 'H1.main >> M15.confluence', 'sub_sid': 0, 'started_by': 'first_confluence', 'start_trigger_idx': 3331}"
3499,STRUCTURE,CTS_UPDATED,0.57458,"{'via': 'replay_raw', 'cycle_id': 0, 'structure_id': 0, 'struct_direction': -1, 'timeframe': 'M15', 'use_case': 'first_confluence', 'parent_tf': 'H1', 'parent_sid': 1, 'parent_cycle_id': 2, 'structure_path_id': 'H1.main >> M15.confluence', 'sub_sid': 0, 'started_by': 'first_confluence', 'start_trigger_idx': 3331}"
3501,RANGE,RANGE_RESET,,"{'reason': 'range_breakout', 'pat': 'one_maru_continuous', 'structure_id': 0, 'struct_direction': -1, 'timeframe': 'M15', 'use_case': 'first_confluence', 'parent_tf': 'H1', 'parent_sid': 1, 'parent_cycle_id': 2, 'structure_path_id': 'H1.main >> M15.confluence', 'sub_sid': 0, 'started_by': 'first_confluence', 'start_trigger_idx': 3331}"
3501,STRUCTURE,CTS_UPDATED,0.57442,"{'via': 'one_maru_continuous', 'cycle_id': 0, 'structure_id': 0, 'struct_direction': -1, 'timeframe': 'M15', 'use_case': 'first_confluence', 'parent_tf': 'H1', 'parent_sid': 1, 'parent_cycle_id': 2, 'structure_path_id': 'H1.main >> M15.confluence', 'sub_sid': 0, 'started_by': 'first_confluence', 'start_trigger_idx': 3331}"
3501,STATE,STATE_CHANGED,,"{'from': 'range', 'to': 'breakout', 'structure_id': 0, 'struct_direction': -1, 'reason': 'breakout_pattern', 'pat': 'one_maru_continuous', 'effective_idx': 220, 'timeframe': 'M15', 'use_case': 'first_confluence', 'parent_tf': 'H1', 'parent_sid': 1, 'parent_cycle_id': 2, 'structure_path_id': 'H1.main >> M15.confluence', 'sub_sid': 0, 'started_by': 'first_confluence', 'start_trigger_idx': 3331}"
3502,STRUCTURE,CTS_UPDATED,0.5741,"{'via': 'replay_raw', 'cycle_id': 0, 'structure_id': 0, 'struct_direction': -1, 'timeframe': 'M15', 'use_case': 'first_confluence', 'parent_tf': 'H1', 'parent_sid': 1, 'parent_cycle_id': 2, 'structure_path_id': 'H1.main >> M15.confluence', 'sub_sid': 0, 'started_by': 'first_confluence', 'start_trigger_idx': 3331}"
3503,STRUCTURE,CTS_UPDATED,0.57407,"{'via': 'replay_raw', 'cycle_id': 0, 'structure_id': 0, 'struct_direction': -1, 'timeframe': 'M15', 'use_case': 'first_confluence', 'parent_tf': 'H1', 'parent_sid': 1, 'parent_cycle_id': 2, 'structure_path_id': 'H1.main >> M15.confluence', 'sub_sid': 0, 'started_by': 'first_confluence', 'start_trigger_idx': 3331}"
3506,RANGE,RANGE_STARTED,,"{'start_idx': 223, 'confirm_idx': 225, 'hi': 0.5748, 'lo': 0.57407, 'cts_idx': 222, 'cts_price': 0.57407, 'structure_id': 0, 'struct_direction': -1, 'timeframe': 'M15', 'use_case': 'first_confluence', 'parent_tf': 'H1', 'parent_sid': 1, 'parent_cycle_id': 2, 'structure_path_id': 'H1.main >> M15.confluence', 'sub_sid': 0, 'started_by': 'first_confluence', 'start_trigger_idx': 3331}"
3506,STATE,STATE_CHANGED,,"{'from': 'breakout', 'to': 'range', 'structure_id': 0, 'struct_direction': -1, 'reason': 'range_confirmed', 'effective_idx': 223, 'timeframe': 'M15', 'use_case': 'first_confluence', 'parent_tf': 'H1', 'parent_sid': 1, 'parent_cycle_id': 2, 'structure_path_id': 'H1.main >> M15.confluence', 'sub_sid': 0, 'started_by': 'first_confluence', 'start_trigger_idx': 3331}"
3506,RANGE,RANGE_UPDATED,,"{'hi': 0.57493, 'lo': 0.57407, 'structure_id': 0, 'struct_direction': -1, 'timeframe': 'M15', 'use_case': 'first_confluence', 'parent_tf': 'H1', 'parent_sid': 1, 'parent_cycle_id': 2, 'structure_path_id': 'H1.main >> M15.confluence', 'sub_sid': 0, 'started_by': 'first_confluence', 'start_trigger_idx': 3331}"
3507,RANGE,RANGE_UPDATED,,"{'hi': 0.57498, 'lo': 0.57407, 'structure_id': 0, 'struct_direction': -1, 'timeframe': 'M15', 'use_case': 'first_confluence', 'parent_tf': 'H1', 'parent_sid': 1, 'parent_cycle_id': 2, 'structure_path_id': 'H1.main >> M15.confluence', 'sub_sid': 0, 'started_by': 'first_confluence', 'start_trigger_idx': 3331}"
3508,RANGE,RANGE_UPDATED,,"{'hi': 0.57509, 'lo': 0.57407, 'structure_id': 0, 'struct_direction': -1, 'timeframe': 'M15', 'use_case': 'first_confluence', 'parent_tf': 'H1', 'parent_sid': 1, 'parent_cycle_id': 2, 'structure_path_id': 'H1.main >> M15.confluence', 'sub_sid': 0, 'started_by': 'first_confluence', 'start_trigger_idx': 3331}"
3515,RANGE,RANGE_UPDATED,,"{'hi': 0.57515, 'lo': 0.57407, 'structure_id': 0, 'struct_direction': -1, 'timeframe': 'M15', 'use_case': 'first_confluence', 'parent_tf': 'H1', 'parent_sid': 1, 'parent_cycle_id': 2, 'structure_path_id': 'H1.main >> M15.confluence', 'sub_sid': 0, 'started_by': 'first_confluence', 'start_trigger_idx': 3331}"
3516,RANGE,RANGE_UPDATED,,"{'hi': 0.57517, 'lo': 0.57407, 'structure_id': 0, 'struct_direction': -1, 'timeframe': 'M15', 'use_case': 'first_confluence', 'parent_tf': 'H1', 'parent_sid': 1, 'parent_cycle_id': 2, 'structure_path_id': 'H1.main >> M15.confluence', 'sub_sid': 0, 'started_by': 'first_confluence', 'start_trigger_idx': 3331}"
3517,RANGE,RANGE_UPDATED,,"{'hi': 0.57519, 'lo': 0.57407, 'structure_id': 0, 'struct_direction': -1, 'timeframe': 'M15', 'use_case': 'first_confluence', 'parent_tf': 'H1', 'parent_sid': 1, 'parent_cycle_id': 2, 'structure_path_id': 'H1.main >> M15.confluence', 'sub_sid': 0, 'started_by': 'first_confluence', 'start_trigger_idx': 3331}"
3521,RANGE,RANGE_UPDATED,,"{'hi': 0.57519, 'lo': 0.57376, 'structure_id': 0, 'struct_direction': -1, 'timeframe': 'M15', 'use_case': 'first_confluence', 'parent_tf': 'H1', 'parent_sid': 1, 'parent_cycle_id': 2, 'structure_path_id': 'H1.main >> M15.confluence', 'sub_sid': 0, 'started_by': 'first_confluence', 'start_trigger_idx': 3331}"
3521,STRUCTURE,CTS_UPDATED,0.57376,"{'via': 'replay_raw', 'cycle_id': 0, 'structure_id': 0, 'struct_direction': -1, 'timeframe': 'M15', 'use_case': 'first_confluence', 'parent_tf': 'H1', 'parent_sid': 1, 'parent_cycle_id': 2, 'structure_path_id': 'H1.main >> M15.confluence', 'sub_sid': 0, 'started_by': 'first_confluence', 'start_trigger_idx': 3331}"
3525,RANGE,RANGE_UPDATED,,"{'hi': 0.57539, 'lo': 0.57376, 'structure_id': 0, 'struct_direction': -1, 'timeframe': 'M15', 'use_case': 'first_confluence', 'parent_tf': 'H1', 'parent_sid': 1, 'parent_cycle_id': 2, 'structure_path_id': 'H1.main >> M15.confluence', 'sub_sid': 0, 'started_by': 'first_confluence', 'start_trigger_idx': 3331}"
3527,RANGE,RANGE_UPDATED,,"{'hi': 0.5755, 'lo': 0.57376, 'structure_id': 0, 'struct_direction': -1, 'timeframe': 'M15', 'use_case': 'first_confluence', 'parent_tf': 'H1', 'parent_sid': 1, 'parent_cycle_id': 2, 'structure_path_id': 'H1.main >> M15.confluence', 'sub_sid': 0, 'started_by': 'first_confluence', 'start_trigger_idx': 3331}"
3588,STRUCTURE,CTS_UPDATED,0.57352,"{'via': 'replay_raw', 'cycle_id': 0, 'structure_id': 0, 'struct_direction': -1, 'timeframe': 'M15', 'use_case': 'first_confluence', 'parent_tf': 'H1', 'parent_sid': 1, 'parent_cycle_id': 2, 'structure_path_id': 'H1.main >> M15.confluence', 'sub_sid': 0, 'started_by': 'first_confluence', 'start_trigger_idx': 3331}"
3589,RANGE,RANGE_RESET,,"{'reason': 'range_breakout', 'pat': 'one_maru_continuous', 'structure_id': 0, 'struct_direction': -1, 'timeframe': 'M15', 'use_case': 'first_confluence', 'parent_tf': 'H1', 'parent_sid': 1, 'parent_cycle_id': 2, 'structure_path_id': 'H1.main >> M15.confluence', 'sub_sid': 0, 'started_by': 'first_confluence', 'start_trigger_idx': 3331}"
3589,STRUCTURE,CTS_UPDATED,0.57318,"{'via': 'one_maru_continuous', 'cycle_id': 0, 'structure_id': 0, 'struct_direction': -1, 'timeframe': 'M15', 'use_case': 'first_confluence', 'parent_tf': 'H1', 'parent_sid': 1, 'parent_cycle_id': 2, 'structure_path_id': 'H1.main >> M15.confluence', 'sub_sid': 0, 'started_by': 'first_confluence', 'start_trigger_idx': 3331}"
3589,STATE,STATE_CHANGED,,"{'from': 'range', 'to': 'breakout', 'structure_id': 0, 'struct_direction': -1, 'reason': 'breakout_pattern', 'pat': 'one_maru_continuous', 'effective_idx': 308, 'timeframe': 'M15', 'use_case': 'first_confluence', 'parent_tf': 'H1', 'parent_sid': 1, 'parent_cycle_id': 2, 'structure_path_id': 'H1.main >> M15.confluence', 'sub_sid': 0, 'started_by': 'first_confluence', 'start_trigger_idx': 3331}"
3590,STRUCTURE,CTS_UPDATED,0.57314,"{'via': 'replay_raw', 'cycle_id': 0, 'structure_id': 0, 'struct_direction': -1, 'timeframe': 'M15', 'use_case': 'first_confluence', 'parent_tf': 'H1', 'parent_sid': 1, 'parent_cycle_id': 2, 'structure_path_id': 'H1.main >> M15.confluence', 'sub_sid': 0, 'started_by': 'first_confluence', 'start_trigger_idx': 3331}"
3591,STRUCTURE,CTS_UPDATED,0.57305,"{'via': 'replay_raw', 'cycle_id': 0, 'structure_id': 0, 'struct_direction': -1, 'timeframe': 'M15', 'use_case': 'first_confluence', 'parent_tf': 'H1', 'parent_sid': 1, 'parent_cycle_id': 2, 'structure_path_id': 'H1.main >> M15.confluence', 'sub_sid': 0, 'started_by': 'first_confluence', 'start_trigger_idx': 3331}"
3592,STRUCTURE,CTS_UPDATED,0.57298,"{'via': 'replay_raw', 'cycle_id': 0, 'structure_id': 0, 'struct_direction': -1, 'timeframe': 'M15', 'use_case': 'first_confluence', 'parent_tf': 'H1', 'parent_sid': 1, 'parent_cycle_id': 2, 'structure_path_id': 'H1.main >> M15.confluence', 'sub_sid': 0, 'started_by': 'first_confluence', 'start_trigger_idx': 3331}"
3593,STRUCTURE,CTS_UPDATED,0.57282,"{'via': 'replay_raw', 'cycle_id': 0, 'structure_id': 0, 'struct_direction': -1, 'timeframe': 'M15', 'use_case': 'first_confluence', 'parent_tf': 'H1', 'parent_sid': 1, 'parent_cycle_id': 2, 'structure_path_id': 'H1.main >> M15.confluence', 'sub_sid': 0, 'started_by': 'first_confluence', 'start_trigger_idx': 3331}"
3594,STRUCTURE,CTS_UPDATED,0.57272,"{'via': 'replay_raw', 'cycle_id': 0, 'structure_id': 0, 'struct_direction': -1, 'timeframe': 'M15', 'use_case': 'first_confluence', 'parent_tf': 'H1', 'parent_sid': 1, 'parent_cycle_id': 2, 'structure_path_id': 'H1.main >> M15.confluence', 'sub_sid': 0, 'started_by': 'first_confluence', 'start_trigger_idx': 3331}"
3595,RANGE,RANGE_STARTED,,"{'start_idx': 309, 'confirm_idx': 314, 'hi': 0.57344, 'lo': 0.57272, 'cts_idx': 313, 'cts_price': 0.57272, 'structure_id': 0, 'struct_direction': -1, 'timeframe': 'M15', 'use_case': 'first_confluence', 'parent_tf': 'H1', 'parent_sid': 1, 'parent_cycle_id': 2, 'structure_path_id': 'H1.main >> M15.confluence', 'sub_sid': 0, 'started_by': 'first_confluence', 'start_trigger_idx': 3331}"
3595,STATE,STATE_CHANGED,,"{'from': 'breakout', 'to': 'range', 'structure_id': 0, 'struct_direction': -1, 'reason': 'range_confirmed', 'effective_idx': 309, 'timeframe': 'M15', 'use_case': 'first_confluence', 'parent_tf': 'H1', 'parent_sid': 1, 'parent_cycle_id': 2, 'structure_path_id': 'H1.main >> M15.confluence', 'sub_sid': 0, 'started_by': 'first_confluence', 'start_trigger_idx': 3331}"
3592,RANGE,RANGE_UPDATED,,"{'hi': 0.57345, 'lo': 0.57272, 'structure_id': 0, 'struct_direction': -1, 'timeframe': 'M15', 'use_case': 'first_confluence', 'parent_tf': 'H1', 'parent_sid': 1, 'parent_cycle_id': 2, 'structure_path_id': 'H1.main >> M15.confluence', 'sub_sid': 0, 'started_by': 'first_confluence', 'start_trigger_idx': 3331}"
3596,RANGE,RANGE_UPDATED,,"{'hi': 0.57347, 'lo': 0.57272, 'structure_id': 0, 'struct_direction': -1, 'timeframe': 'M15', 'use_case': 'first_confluence', 'parent_tf': 'H1', 'parent_sid': 1, 'parent_cycle_id': 2, 'structure_path_id': 'H1.main >> M15.confluence', 'sub_sid': 0, 'started_by': 'first_confluence', 'start_trigger_idx': 3331}"
3601,RANGE,RANGE_UPDATED,,"{'hi': 0.57347, 'lo': 0.57269, 'structure_id': 0, 'struct_direction': -1, 'timeframe': 'M15', 'use_case': 'first_confluence', 'parent_tf': 'H1', 'parent_sid': 1, 'parent_cycle_id': 2, 'structure_path_id': 'H1.main >> M15.confluence', 'sub_sid': 0, 'started_by': 'first_confluence', 'start_trigger_idx': 3331}"
3601,STRUCTURE,CTS_UPDATED,0.57269,"{'via': 'replay_raw', 'cycle_id': 0, 'structure_id': 0, 'struct_direction': -1, 'timeframe': 'M15', 'use_case': 'first_confluence', 'parent_tf': 'H1', 'parent_sid': 1, 'parent_cycle_id': 2, 'structure_path_id': 'H1.main >> M15.confluence', 'sub_sid': 0, 'started_by': 'first_confluence', 'start_trigger_idx': 3331}"
3602,RANGE,RANGE_UPDATED,,"{'hi': 0.57347, 'lo': 0.57264, 'structure_id': 0, 'struct_direction': -1, 'timeframe': 'M15', 'use_case': 'first_confluence', 'parent_tf': 'H1', 'parent_sid': 1, 'parent_cycle_id': 2, 'structure_path_id': 'H1.main >> M15.confluence', 'sub_sid': 0, 'started_by': 'first_confluence', 'start_trigger_idx': 3331}"
3602,STRUCTURE,CTS_UPDATED,0.57264,"{'via': 'replay_raw', 'cycle_id': 0, 'structure_id': 0, 'struct_direction': -1, 'timeframe': 'M15', 'use_case': 'first_confluence', 'parent_tf': 'H1', 'parent_sid': 1, 'parent_cycle_id': 2, 'structure_path_id': 'H1.main >> M15.confluence', 'sub_sid': 0, 'started_by': 'first_confluence', 'start_trigger_idx': 3331}"
3605,RANGE,RANGE_UPDATED,,"{'hi': 0.57347, 'lo': 0.57263, 'structure_id': 0, 'struct_direction': -1, 'timeframe': 'M15', 'use_case': 'first_confluence', 'parent_tf': 'H1', 'parent_sid': 1, 'parent_cycle_id': 2, 'structure_path_id': 'H1.main >> M15.confluence', 'sub_sid': 0, 'started_by': 'first_confluence', 'start_trigger_idx': 3331}"
3605,STRUCTURE,CTS_UPDATED,0.57263,"{'via': 'replay_raw', 'cycle_id': 0, 'structure_id': 0, 'struct_direction': -1, 'timeframe': 'M15', 'use_case': 'first_confluence', 'parent_tf': 'H1', 'parent_sid': 1, 'parent_cycle_id': 2, 'structure_path_id': 'H1.main >> M15.confluence', 'sub_sid': 0, 'started_by': 'first_confluence', 'start_trigger_idx': 3331}"
3608,RANGE,RANGE_UPDATED,,"{'hi': 0.57347, 'lo': 0.57258, 'structure_id': 0, 'struct_direction': -1, 'timeframe': 'M15', 'use_case': 'first_confluence', 'parent_tf': 'H1', 'parent_sid': 1, 'parent_cycle_id': 2, 'structure_path_id': 'H1.main >> M15.confluence', 'sub_sid': 0, 'started_by': 'first_confluence', 'start_trigger_idx': 3331}"
3608,STRUCTURE,CTS_UPDATED,0.57258,"{'via': 'replay_raw', 'cycle_id': 0, 'structure_id': 0, 'struct_direction': -1, 'timeframe': 'M15', 'use_case': 'first_confluence', 'parent_tf': 'H1', 'parent_sid': 1, 'parent_cycle_id': 2, 'structure_path_id': 'H1.main >> M15.confluence', 'sub_sid': 0, 'started_by': 'first_confluence', 'start_trigger_idx': 3331}"
3609,RANGE,RANGE_UPDATED,,"{'hi': 0.57347, 'lo': 0.57234, 'structure_id': 0, 'struct_direction': -1, 'timeframe': 'M15', 'use_case': 'first_confluence', 'parent_tf': 'H1', 'parent_sid': 1, 'parent_cycle_id': 2, 'structure_path_id': 'H1.main >> M15.confluence', 'sub_sid': 0, 'started_by': 'first_confluence', 'start_trigger_idx': 3331}"
3609,STRUCTURE,CTS_UPDATED,0.57234,"{'via': 'replay_raw', 'cycle_id': 0, 'structure_id': 0, 'struct_direction': -1, 'timeframe': 'M15', 'use_case': 'first_confluence', 'parent_tf': 'H1', 'parent_sid': 1, 'parent_cycle_id': 2, 'structure_path_id': 'H1.main >> M15.confluence', 'sub_sid': 0, 'started_by': 'first_confluence', 'start_trigger_idx': 3331}"
3610,RANGE,RANGE_UPDATED,,"{'hi': 0.57347, 'lo': 0.5723, 'structure_id': 0, 'struct_direction': -1, 'timeframe': 'M15', 'use_case': 'first_confluence', 'parent_tf': 'H1', 'parent_sid': 1, 'parent_cycle_id': 2, 'structure_path_id': 'H1.main >> M15.confluence', 'sub_sid': 0, 'started_by': 'first_confluence', 'start_trigger_idx': 3331}"
3610,STRUCTURE,CTS_UPDATED,0.5723,"{'via': 'replay_raw', 'cycle_id': 0, 'structure_id': 0, 'struct_direction': -1, 'timeframe': 'M15', 'use_case': 'first_confluence', 'parent_tf': 'H1', 'parent_sid': 1, 'parent_cycle_id': 2, 'structure_path_id': 'H1.main >> M15.confluence', 'sub_sid': 0, 'started_by': 'first_confluence', 'start_trigger_idx': 3331}"
3611,RANGE,RANGE_UPDATED,,"{'hi': 0.57347, 'lo': 0.57228, 'structure_id': 0, 'struct_direction': -1, 'timeframe': 'M15', 'use_case': 'first_confluence', 'parent_tf': 'H1', 'parent_sid': 1, 'parent_cycle_id': 2, 'structure_path_id': 'H1.main >> M15.confluence', 'sub_sid': 0, 'started_by': 'first_confluence', 'start_trigger_idx': 3331}"
3611,STRUCTURE,CTS_UPDATED,0.57228,"{'via': 'replay_raw', 'cycle_id': 0, 'structure_id': 0, 'struct_direction': -1, 'timeframe': 'M15', 'use_case': 'first_confluence', 'parent_tf': 'H1', 'parent_sid': 1, 'parent_cycle_id': 2, 'structure_path_id': 'H1.main >> M15.confluence', 'sub_sid': 0, 'started_by': 'first_confluence', 'start_trigger_idx': 3331}"
3614,RANGE,RANGE_UPDATED,,"{'hi': 0.57435, 'lo': 0.57159, 'structure_id': 0, 'struct_direction': -1, 'timeframe': 'M15', 'use_case': 'first_confluence', 'parent_tf': 'H1', 'parent_sid': 1, 'parent_cycle_id': 2, 'structure_path_id': 'H1.main >> M15.confluence', 'sub_sid': 0, 'started_by': 'first_confluence', 'start_trigger_idx': 3331}"
3614,STRUCTURE,CTS_UPDATED,0.57159,"{'via': 'replay_raw', 'cycle_id': 0, 'structure_id': 0, 'struct_direction': -1, 'timeframe': 'M15', 'use_case': 'first_confluence', 'parent_tf': 'H1', 'parent_sid': 1, 'parent_cycle_id': 2, 'structure_path_id': 'H1.main >> M15.confluence', 'sub_sid': 0, 'started_by': 'first_confluence', 'start_trigger_idx': 3331}"
3615,RANGE,RANGE_UPDATED,,"{'hi': 0.57457, 'lo': 0.57159, 'structure_id': 0, 'struct_direction': -1, 'timeframe': 'M15', 'use_case': 'first_confluence', 'parent_tf': 'H1', 'parent_sid': 1, 'parent_cycle_id': 2, 'structure_path_id': 'H1.main >> M15.confluence', 'sub_sid': 0, 'started_by': 'first_confluence', 'start_trigger_idx': 3331}"
3620,RANGE,RANGE_UPDATED,,"{'hi': 0.57457, 'lo': 0.57124, 'structure_id': 0, 'struct_direction': -1, 'timeframe': 'M15', 'use_case': 'first_confluence', 'parent_tf': 'H1', 'parent_sid': 1, 'parent_cycle_id': 2, 'structure_path_id': 'H1.main >> M15.confluence', 'sub_sid': 0, 'started_by': 'first_confluence', 'start_trigger_idx': 3331}"
3620,STRUCTURE,CTS_UPDATED,0.57124,"{'via': 'replay_raw', 'cycle_id': 0, 'structure_id': 0, 'struct_direction': -1, 'timeframe': 'M15', 'use_case': 'first_confluence', 'parent_tf': 'H1', 'parent_sid': 1, 'parent_cycle_id': 2, 'structure_path_id': 'H1.main >> M15.confluence', 'sub_sid': 0, 'started_by': 'first_confluence', 'start_trigger_idx': 3331}"
3621,RANGE,RANGE_UPDATED,,"{'hi': 0.57457, 'lo': 0.57112, 'structure_id': 0, 'struct_direction': -1, 'timeframe': 'M15', 'use_case': 'first_confluence', 'parent_tf': 'H1', 'parent_sid': 1, 'parent_cycle_id': 2, 'structure_path_id': 'H1.main >> M15.confluence', 'sub_sid': 0, 'started_by': 'first_confluence', 'start_trigger_idx': 3331}"
3621,STRUCTURE,CTS_UPDATED,0.57112,"{'via': 'replay_raw', 'cycle_id': 0, 'structure_id': 0, 'struct_direction': -1, 'timeframe': 'M15', 'use_case': 'first_confluence', 'parent_tf': 'H1', 'parent_sid': 1, 'parent_cycle_id': 2, 'structure_path_id': 'H1.main >> M15.confluence', 'sub_sid': 0, 'started_by': 'first_confluence', 'start_trigger_idx': 3331}"
3659,RANGE,RANGE_UPDATED,,"{'hi': 0.5747, 'lo': 0.57112, 'structure_id': 0, 'struct_direction': -1, 'timeframe': 'M15', 'use_case': 'first_confluence', 'parent_tf': 'H1', 'parent_sid': 1, 'parent_cycle_id': 2, 'structure_path_id': 'H1.main >> M15.confluence', 'sub_sid': 0, 'started_by': 'first_confluence', 'start_trigger_idx': 3331}"
3660,RANGE,RANGE_UPDATED,,"{'hi': 0.57492, 'lo': 0.57112, 'structure_id': 0, 'struct_direction': -1, 'timeframe': 'M15', 'use_case': 'first_confluence', 'parent_tf': 'H1', 'parent_sid': 1, 'parent_cycle_id': 2, 'structure_path_id': 'H1.main >> M15.confluence', 'sub_sid': 0, 'started_by': 'first_confluence', 'start_trigger_idx': 3331}"
3661,RANGE,RANGE_UPDATED,,"{'hi': 0.575, 'lo': 0.57112, 'structure_id': 0, 'struct_direction': -1, 'timeframe': 'M15', 'use_case': 'first_confluence', 'parent_tf': 'H1', 'parent_sid': 1, 'parent_cycle_id': 2, 'structure_path_id': 'H1.main >> M15.confluence', 'sub_sid': 0, 'started_by': 'first_confluence', 'start_trigger_idx': 3331}"
3681,RANGE,RANGE_UPDATED,,"{'hi': 0.57504, 'lo': 0.57112, 'structure_id': 0, 'struct_direction': -1, 'timeframe': 'M15', 'use_case': 'first_confluence', 'parent_tf': 'H1', 'parent_sid': 1, 'parent_cycle_id': 2, 'structure_path_id': 'H1.main >> M15.confluence', 'sub_sid': 0, 'started_by': 'first_confluence', 'start_trigger_idx': 3331}"
3682,RANGE,RANGE_UPDATED,,"{'hi': 0.57508, 'lo': 0.57112, 'structure_id': 0, 'struct_direction': -1, 'timeframe': 'M15', 'use_case': 'first_confluence', 'parent_tf': 'H1', 'parent_sid': 1, 'parent_cycle_id': 2, 'structure_path_id': 'H1.main >> M15.confluence', 'sub_sid': 0, 'started_by': 'first_confluence', 'start_trigger_idx': 3331}"
3684,RANGE,RANGE_UPDATED,,"{'hi': 0.57552, 'lo': 0.57112, 'structure_id': 0, 'struct_direction': -1, 'timeframe': 'M15', 'use_case': 'first_confluence', 'parent_tf': 'H1', 'parent_sid': 1, 'parent_cycle_id': 2, 'structure_path_id': 'H1.main >> M15.confluence', 'sub_sid': 0, 'started_by': 'first_confluence', 'start_trigger_idx': 3331}"
3685,RANGE,RANGE_UPDATED,,"{'hi': 0.57556, 'lo': 0.57112, 'structure_id': 0, 'struct_direction': -1, 'timeframe': 'M15', 'use_case': 'first_confluence', 'parent_tf': 'H1', 'parent_sid': 1, 'parent_cycle_id': 2, 'structure_path_id': 'H1.main >> M15.confluence', 'sub_sid': 0, 'started_by': 'first_confluence', 'start_trigger_idx': 3331}"
3688,RANGE,RANGE_UPDATED,,"{'hi': 0.57592, 'lo': 0.57112, 'structure_id': 0, 'struct_direction': -1, 'timeframe': 'M15', 'use_case': 'first_confluence', 'parent_tf': 'H1', 'parent_sid': 1, 'parent_cycle_id': 2, 'structure_path_id': 'H1.main >> M15.confluence', 'sub_sid': 0, 'started_by': 'first_confluence', 'start_trigger_idx': 3331}"
3693,RANGE,RANGE_UPDATED,,"{'hi': 0.57602, 'lo': 0.57112, 'structure_id': 0, 'struct_direction': -1, 'timeframe': 'M15', 'use_case': 'first_confluence', 'parent_tf': 'H1', 'parent_sid': 1, 'parent_cycle_id': 2, 'structure_path_id': 'H1.main >> M15.confluence', 'sub_sid': 0, 'started_by': 'first_confluence', 'start_trigger_idx': 3331}"
3700,RANGE,RANGE_UPDATED,,"{'hi': 0.57618, 'lo': 0.57112, 'structure_id': 0, 'struct_direction': -1, 'timeframe': 'M15', 'use_case': 'first_confluence', 'parent_tf': 'H1', 'parent_sid': 1, 'parent_cycle_id': 2, 'structure_path_id': 'H1.main >> M15.confluence', 'sub_sid': 0, 'started_by': 'first_confluence', 'start_trigger_idx': 3331}"
3701,RANGE,RANGE_UPDATED,,"{'hi': 0.57622, 'lo': 0.57112, 'structure_id': 0, 'struct_direction': -1, 'timeframe': 'M15', 'use_case': 'first_confluence', 'parent_tf': 'H1', 'parent_sid': 1, 'parent_cycle_id': 2, 'structure_path_id': 'H1.main >> M15.confluence', 'sub_sid': 0, 'started_by': 'first_confluence', 'start_trigger_idx': 3331}"
3706,RANGE,RANGE_UPDATED,,"{'hi': 0.57638, 'lo': 0.57112, 'structure_id': 0, 'struct_direction': -1, 'timeframe': 'M15', 'use_case': 'first_confluence', 'parent_tf': 'H1', 'parent_sid': 1, 'parent_cycle_id': 2, 'structure_path_id': 'H1.main >> M15.confluence', 'sub_sid': 0, 'started_by': 'first_confluence', 'start_trigger_idx': 3331}"
3707,RANGE,RANGE_UPDATED,,"{'hi': 0.57644, 'lo': 0.57112, 'structure_id': 0, 'struct_direction': -1, 'timeframe': 'M15', 'use_case': 'first_confluence', 'parent_tf': 'H1', 'parent_sid': 1, 'parent_cycle_id': 2, 'structure_path_id': 'H1.main >> M15.confluence', 'sub_sid': 0, 'started_by': 'first_confluence', 'start_trigger_idx': 3331}"
3708,RANGE,RANGE_UPDATED,,"{'hi': 0.57689, 'lo': 0.57112, 'structure_id': 0, 'struct_direction': -1, 'timeframe': 'M15', 'use_case': 'first_confluence', 'parent_tf': 'H1', 'parent_sid': 1, 'parent_cycle_id': 2, 'structure_path_id': 'H1.main >> M15.confluence', 'sub_sid': 0, 'started_by': 'first_confluence', 'start_trigger_idx': 3331}"
3709,RANGE,RANGE_UPDATED,,"{'hi': 0.5769, 'lo': 0.57112, 'structure_id': 0, 'struct_direction': -1, 'timeframe': 'M15', 'use_case': 'first_confluence', 'parent_tf': 'H1', 'parent_sid': 1, 'parent_cycle_id': 2, 'structure_path_id': 'H1.main >> M15.confluence', 'sub_sid': 0, 'started_by': 'first_confluence', 'start_trigger_idx': 3331}"
3741,RANGE,RANGE_UPDATED,,"{'reason': 'pullback_expand', 'hi': 0.57748, 'lo': 0.57112, 'pat': 'one_maru_continuous', 'structure_id': 0, 'struct_direction': -1, 'timeframe': 'M15', 'use_case': 'first_confluence', 'parent_tf': 'H1', 'parent_sid': 1, 'parent_cycle_id': 2, 'structure_path_id': 'H1.main >> M15.confluence', 'sub_sid': 0, 'started_by': 'first_confluence', 'start_trigger_idx': 3331}"
3741,STRUCTURE,CTS_CONFIRMED,0.57112,"{'via': 'one_maru_continuous', 'cycle_id': 0, 'structure_id': 0, 'struct_direction': -1, 'confirmed_at': 3741, 'cts_anchor_idx': 3621, 'confirmation_method': 'pullback', 'timeframe': 'M15', 'use_case': 'first_confluence', 'parent_tf': 'H1', 'parent_sid': 1, 'parent_cycle_id': 2, 'structure_path_id': 'H1.main >> M15.confluence', 'sub_sid': 0, 'started_by': 'first_confluence', 'start_trigger_idx': 3331}"
3741,STATE,STATE_CHANGED,,"{'from': 'range', 'to': 'pullback', 'structure_id': 0, 'struct_direction': -1, 'reason': 'pullback_pattern', 'pat': 'one_maru_continuous', 'effective_idx': 460, 'timeframe': 'M15', 'use_case': 'first_confluence', 'parent_tf': 'H1', 'parent_sid': 1, 'parent_cycle_id': 2, 'structure_path_id': 'H1.main >> M15.confluence', 'sub_sid': 0, 'started_by': 'first_confluence', 'start_trigger_idx': 3331}"
3742,RANGE,RANGE_UPDATED,,"{'hi': 0.5775, 'lo': 0.57112, 'structure_id': 0, 'struct_direction': -1, 'timeframe': 'M15', 'use_case': 'first_confluence', 'parent_tf': 'H1', 'parent_sid': 1, 'parent_cycle_id': 2, 'structure_path_id': 'H1.main >> M15.confluence', 'sub_sid': 0, 'started_by': 'first_confluence', 'start_trigger_idx': 3331}"
3743,STATE,STATE_CHANGED,,"{'from': 'pullback', 'to': 'pullback_range', 'structure_id': 0, 'struct_direction': -1, 'reason': 'replay_no_expand_pullback_side', 'effective_idx': 462, 'timeframe': 'M15', 'use_case': 'first_confluence', 'parent_tf': 'H1', 'parent_sid': 1, 'parent_cycle_id': 2, 'structure_path_id': 'H1.main >> M15.confluence', 'sub_sid': 0, 'started_by': 'first_confluence', 'start_trigger_idx': 3331}"
3755,RANGE,RANGE_UPDATED,,"{'hi': 0.57758, 'lo': 0.57112, 'structure_id': 0, 'struct_direction': -1, 'timeframe': 'M15', 'use_case': 'first_confluence', 'parent_tf': 'H1', 'parent_sid': 1, 'parent_cycle_id': 2, 'structure_path_id': 'H1.main >> M15.confluence', 'sub_sid': 0, 'started_by': 'first_confluence', 'start_trigger_idx': 3331}"
3755,STATE,STATE_CHANGED,,"{'from': 'pullback_range', 'to': 'pullback', 'structure_id': 0, 'struct_direction': -1, 'reason': 'replay_expand_pullback_side', 'effective_idx': 474, 'timeframe': 'M15', 'use_case': 'first_confluence', 'parent_tf': 'H1', 'parent_sid': 1, 'parent_cycle_id': 2, 'structure_path_id': 'H1.main >> M15.confluence', 'sub_sid': 0, 'started_by': 'first_confluence', 'start_trigger_idx': 3331}"
3756,RANGE,RANGE_UPDATED,,"{'hi': 0.57782, 'lo': 0.57112, 'structure_id': 0, 'struct_direction': -1, 'timeframe': 'M15', 'use_case': 'first_confluence', 'parent_tf': 'H1', 'parent_sid': 1, 'parent_cycle_id': 2, 'structure_path_id': 'H1.main >> M15.confluence', 'sub_sid': 0, 'started_by': 'first_confluence', 'start_trigger_idx': 3331}"
3757,RANGE,RANGE_UPDATED,,"{'hi': 0.5779, 'lo': 0.57112, 'structure_id': 0, 'struct_direction': -1, 'timeframe': 'M15', 'use_case': 'first_confluence', 'parent_tf': 'H1', 'parent_sid': 1, 'parent_cycle_id': 2, 'structure_path_id': 'H1.main >> M15.confluence', 'sub_sid': 0, 'started_by': 'first_confluence', 'start_trigger_idx': 3331}"
3758,RANGE,RANGE_UPDATED,,"{'hi': 0.57792, 'lo': 0.57112, 'structure_id': 0, 'struct_direction': -1, 'timeframe': 'M15', 'use_case': 'first_confluence', 'parent_tf': 'H1', 'parent_sid': 1, 'parent_cycle_id': 2, 'structure_path_id': 'H1.main >> M15.confluence', 'sub_sid': 0, 'started_by': 'first_confluence', 'start_trigger_idx': 3331}"
3759,RANGE,RANGE_UPDATED,,"{'hi': 0.57794, 'lo': 0.57112, 'structure_id': 0, 'struct_direction': -1, 'timeframe': 'M15', 'use_case': 'first_confluence', 'parent_tf': 'H1', 'parent_sid': 1, 'parent_cycle_id': 2, 'structure_path_id': 'H1.main >> M15.confluence', 'sub_sid': 0, 'started_by': 'first_confluence', 'start_trigger_idx': 3331}"
3760,RANGE,RANGE_UPDATED,,"{'hi': 0.57806, 'lo': 0.57112, 'structure_id': 0, 'struct_direction': -1, 'timeframe': 'M15', 'use_case': 'first_confluence', 'parent_tf': 'H1', 'parent_sid': 1, 'parent_cycle_id': 2, 'structure_path_id': 'H1.main >> M15.confluence', 'sub_sid': 0, 'started_by': 'first_confluence', 'start_trigger_idx': 3331}"
3761,STATE,STATE_CHANGED,,"{'from': 'pullback', 'to': 'pullback_range', 'structure_id': 0, 'struct_direction': -1, 'reason': 'replay_no_expand_pullback_side', 'effective_idx': 480, 'timeframe': 'M15', 'use_case': 'first_confluence', 'parent_tf': 'H1', 'parent_sid': 1, 'parent_cycle_id': 2, 'structure_path_id': 'H1.main >> M15.confluence', 'sub_sid': 0, 'started_by': 'first_confluence', 'start_trigger_idx': 3331}"
3806,RANGE,RANGE_UPDATED,,"{'hi': 0.57827, 'lo': 0.57112, 'structure_id': 0, 'struct_direction': -1, 'timeframe': 'M15', 'use_case': 'first_confluence', 'parent_tf': 'H1', 'parent_sid': 1, 'parent_cycle_id': 2, 'structure_path_id': 'H1.main >> M15.confluence', 'sub_sid': 0, 'started_by': 'first_confluence', 'start_trigger_idx': 3331}"
3806,STATE,STATE_CHANGED,,"{'from': 'pullback_range', 'to': 'pullback', 'structure_id': 0, 'struct_direction': -1, 'reason': 'replay_expand_pullback_side', 'effective_idx': 525, 'timeframe': 'M15', 'use_case': 'first_confluence', 'parent_tf': 'H1', 'parent_sid': 1, 'parent_cycle_id': 2, 'structure_path_id': 'H1.main >> M15.confluence', 'sub_sid': 0, 'started_by': 'first_confluence', 'start_trigger_idx': 3331}"
3807,STATE,STATE_CHANGED,,"{'from': 'pullback', 'to': 'pullback_range', 'structure_id': 0, 'struct_direction': -1, 'reason': 'replay_no_expand_pullback_side', 'effective_idx': 526, 'timeframe': 'M15', 'use_case': 'first_confluence', 'parent_tf': 'H1', 'parent_sid': 1, 'parent_cycle_id': 2, 'structure_path_id': 'H1.main >> M15.confluence', 'sub_sid': 0, 'started_by': 'first_confluence', 'start_trigger_idx': 3331}"
3812,STRUCTURE,CTS_ESTABLISHED,0.57484,"{'via': 'continuous', 'anchor_idx': 3810, 'pattern_name': 'continuous', 'confirmed_at': 3812, 'cycle_id': 0, 'structure_id': 0, 'struct_direction': -1, 'timeframe': 'M15', 'use_case': 'subsequent_confluence', 'parent_tf': 'H1', 'parent_sid': 1, 'parent_cycle_id': 2, 'structure_path_id': 'H1.main >> M15.confluence', 'sub_sid': 1, 'started_by': 'subsequent_confluence', 'start_trigger_idx': 3819}"
3806,STRUCTURE,BOS_CONFIRMED,0.57827,"{'source': 'initial_prior_extreme', 'confirmed_at': 3812, 'pb_start': None, 'cycle_id': 0, 'structure_id': 0, 'struct_direction': -1, 'timeframe': 'M15', 'use_case': 'subsequent_confluence', 'parent_tf': 'H1', 'parent_sid': 1, 'parent_cycle_id': 2, 'structure_path_id': 'H1.main >> M15.confluence', 'sub_sid': 1, 'started_by': 'subsequent_confluence', 'start_trigger_idx': 3819}"
3812,STATE,STATE_CHANGED,,"{'from': 'none', 'to': 'breakout', 'structure_id': 0, 'struct_direction': -1, 'reason': 'breakout_pattern', 'pat': 'continuous', 'effective_idx': 56, 'timeframe': 'M15', 'use_case': 'subsequent_confluence', 'parent_tf': 'H1', 'parent_sid': 1, 'parent_cycle_id': 2, 'structure_path_id': 'H1.main >> M15.confluence', 'sub_sid': 1, 'started_by': 'subsequent_confluence', 'start_trigger_idx': 3819}"
3813,STRUCTURE,CTS_UPDATED,0.57422,"{'via': 'replay_raw', 'cycle_id': 0, 'structure_id': 0, 'struct_direction': -1, 'timeframe': 'M15', 'use_case': 'subsequent_confluence', 'parent_tf': 'H1', 'parent_sid': 1, 'parent_cycle_id': 2, 'structure_path_id': 'H1.main >> M15.confluence', 'sub_sid': 1, 'started_by': 'subsequent_confluence', 'start_trigger_idx': 3819}"
3816,STRUCTURE,CTS_UPDATED,0.5738,"{'via': 'replay_raw', 'cycle_id': 0, 'structure_id': 0, 'struct_direction': -1, 'timeframe': 'M15', 'use_case': 'subsequent_confluence', 'parent_tf': 'H1', 'parent_sid': 1, 'parent_cycle_id': 2, 'structure_path_id': 'H1.main >> M15.confluence', 'sub_sid': 1, 'started_by': 'subsequent_confluence', 'start_trigger_idx': 3819}"
3817,STRUCTURE,CTS_UPDATED,0.57351,"{'via': 'replay_raw', 'cycle_id': 0, 'structure_id': 0, 'struct_direction': -1, 'timeframe': 'M15', 'use_case': 'subsequent_confluence', 'parent_tf': 'H1', 'parent_sid': 1, 'parent_cycle_id': 2, 'structure_path_id': 'H1.main >> M15.confluence', 'sub_sid': 1, 'started_by': 'subsequent_confluence', 'start_trigger_idx': 3819}"
3819,RANGE,RANGE_STARTED,,"{'start_idx': 58, 'confirm_idx': 63, 'hi': 0.5746, 'lo': 0.57351, 'cts_idx': 61, 'cts_price': 0.57351, 'structure_id': 0, 'struct_direction': -1, 'timeframe': 'M15', 'use_case': 'subsequent_confluence', 'parent_tf': 'H1', 'parent_sid': 1, 'parent_cycle_id': 2, 'structure_path_id': 'H1.main >> M15.confluence', 'sub_sid': 1, 'started_by': 'subsequent_confluence', 'start_trigger_idx': 3819}"
3819,STATE,STATE_CHANGED,,"{'from': 'breakout', 'to': 'range', 'structure_id': 0, 'struct_direction': -1, 'reason': 'range_confirmed', 'effective_idx': 58, 'timeframe': 'M15', 'use_case': 'subsequent_confluence', 'parent_tf': 'H1', 'parent_sid': 1, 'parent_cycle_id': 2, 'structure_path_id': 'H1.main >> M15.confluence', 'sub_sid': 1, 'started_by': 'subsequent_confluence', 'start_trigger_idx': 3819}"
3815,RANGE,RANGE_UPDATED,,"{'hi': 0.57508, 'lo': 0.57351, 'structure_id': 0, 'struct_direction': -1, 'timeframe': 'M15', 'use_case': 'subsequent_confluence', 'parent_tf': 'H1', 'parent_sid': 1, 'parent_cycle_id': 2, 'structure_path_id': 'H1.main >> M15.confluence', 'sub_sid': 1, 'started_by': 'subsequent_confluence', 'start_trigger_idx': 3819}"
3852,RANGE,RANGE_UPDATED,,"{'hi': 0.57508, 'lo': 0.57326, 'structure_id': 0, 'struct_direction': -1, 'timeframe': 'M15', 'use_case': 'subsequent_confluence', 'parent_tf': 'H1', 'parent_sid': 1, 'parent_cycle_id': 2, 'structure_path_id': 'H1.main >> M15.confluence', 'sub_sid': 1, 'started_by': 'subsequent_confluence', 'start_trigger_idx': 3819}"
3852,STRUCTURE,CTS_UPDATED,0.57326,"{'via': 'replay_raw', 'cycle_id': 0, 'structure_id': 0, 'struct_direction': -1, 'timeframe': 'M15', 'use_case': 'subsequent_confluence', 'parent_tf': 'H1', 'parent_sid': 1, 'parent_cycle_id': 2, 'structure_path_id': 'H1.main >> M15.confluence', 'sub_sid': 1, 'started_by': 'subsequent_confluence', 'start_trigger_idx': 3819}"
3853,RANGE,RANGE_UPDATED,,"{'hi': 0.57508, 'lo': 0.57316, 'structure_id': 0, 'struct_direction': -1, 'timeframe': 'M15', 'use_case': 'subsequent_confluence', 'parent_tf': 'H1', 'parent_sid': 1, 'parent_cycle_id': 2, 'structure_path_id': 'H1.main >> M15.confluence', 'sub_sid': 1, 'started_by': 'subsequent_confluence', 'start_trigger_idx': 3819}"
3853,STRUCTURE,CTS_UPDATED,0.57316,"{'via': 'replay_raw', 'cycle_id': 0, 'structure_id': 0, 'struct_direction': -1, 'timeframe': 'M15', 'use_case': 'subsequent_confluence', 'parent_tf': 'H1', 'parent_sid': 1, 'parent_cycle_id': 2, 'structure_path_id': 'H1.main >> M15.confluence', 'sub_sid': 1, 'started_by': 'subsequent_confluence', 'start_trigger_idx': 3819}"
3854,RANGE,RANGE_UPDATED,,"{'hi': 0.57508, 'lo': 0.57306, 'structure_id': 0, 'struct_direction': -1, 'timeframe': 'M15', 'use_case': 'subsequent_confluence', 'parent_tf': 'H1', 'parent_sid': 1, 'parent_cycle_id': 2, 'structure_path_id': 'H1.main >> M15.confluence', 'sub_sid': 1, 'started_by': 'subsequent_confluence', 'start_trigger_idx': 3819}"
3854,STRUCTURE,CTS_UPDATED,0.57306,"{'via': 'replay_raw', 'cycle_id': 0, 'structure_id': 0, 'struct_direction': -1, 'timeframe': 'M15', 'use_case': 'subsequent_confluence', 'parent_tf': 'H1', 'parent_sid': 1, 'parent_cycle_id': 2, 'structure_path_id': 'H1.main >> M15.confluence', 'sub_sid': 1, 'started_by': 'subsequent_confluence', 'start_trigger_idx': 3819}"
3876,RANGE,RANGE_UPDATED,,"{'hi': 0.5751, 'lo': 0.57306, 'structure_id': 0, 'struct_direction': -1, 'timeframe': 'M15', 'use_case': 'subsequent_confluence', 'parent_tf': 'H1', 'parent_sid': 1, 'parent_cycle_id': 2, 'structure_path_id': 'H1.main >> M15.confluence', 'sub_sid': 1, 'started_by': 'subsequent_confluence', 'start_trigger_idx': 3819}"
3905,RANGE,RANGE_UPDATED,,"{'hi': 0.57512, 'lo': 0.57306, 'structure_id': 0, 'struct_direction': -1, 'timeframe': 'M15', 'use_case': 'subsequent_confluence', 'parent_tf': 'H1', 'parent_sid': 1, 'parent_cycle_id': 2, 'structure_path_id': 'H1.main >> M15.confluence', 'sub_sid': 1, 'started_by': 'subsequent_confluence', 'start_trigger_idx': 3819}"
3908,RANGE,RANGE_UPDATED,,"{'hi': 0.57549, 'lo': 0.57306, 'structure_id': 0, 'struct_direction': -1, 'timeframe': 'M15', 'use_case': 'subsequent_confluence', 'parent_tf': 'H1', 'parent_sid': 1, 'parent_cycle_id': 2, 'structure_path_id': 'H1.main >> M15.confluence', 'sub_sid': 1, 'started_by': 'subsequent_confluence', 'start_trigger_idx': 3819}"
3912,RANGE,RANGE_UPDATED,,"{'hi': 0.57558, 'lo': 0.57306, 'structure_id': 0, 'struct_direction': -1, 'timeframe': 'M15', 'use_case': 'subsequent_confluence', 'parent_tf': 'H1', 'parent_sid': 1, 'parent_cycle_id': 2, 'structure_path_id': 'H1.main >> M15.confluence', 'sub_sid': 1, 'started_by': 'subsequent_confluence', 'start_trigger_idx': 3819}"
3914,RANGE,RANGE_UPDATED,,"{'hi': 0.5756, 'lo': 0.57306, 'structure_id': 0, 'struct_direction': -1, 'timeframe': 'M15', 'use_case': 'subsequent_confluence', 'parent_tf': 'H1', 'parent_sid': 1, 'parent_cycle_id': 2, 'structure_path_id': 'H1.main >> M15.confluence', 'sub_sid': 1, 'started_by': 'subsequent_confluence', 'start_trigger_idx': 3819}"
3998,RANGE,RANGE_UPDATED,,"{'hi': 0.5756, 'lo': 0.57302, 'structure_id': 0, 'struct_direction': -1, 'timeframe': 'M15', 'use_case': 'subsequent_confluence', 'parent_tf': 'H1', 'parent_sid': 1, 'parent_cycle_id': 2, 'structure_path_id': 'H1.main >> M15.confluence', 'sub_sid': 1, 'started_by': 'subsequent_confluence', 'start_trigger_idx': 3819}"
3998,STRUCTURE,CTS_UPDATED,0.57302,"{'via': 'replay_raw', 'cycle_id': 0, 'structure_id': 0, 'struct_direction': -1, 'timeframe': 'M15', 'use_case': 'subsequent_confluence', 'parent_tf': 'H1', 'parent_sid': 1, 'parent_cycle_id': 2, 'structure_path_id': 'H1.main >> M15.confluence', 'sub_sid': 1, 'started_by': 'subsequent_confluence', 'start_trigger_idx': 3819}"
3999,RANGE,RANGE_UPDATED,,"{'hi': 0.5756, 'lo': 0.57274, 'structure_id': 0, 'struct_direction': -1, 'timeframe': 'M15', 'use_case': 'subsequent_confluence', 'parent_tf': 'H1', 'parent_sid': 1, 'parent_cycle_id': 2, 'structure_path_id': 'H1.main >> M15.confluence', 'sub_sid': 1, 'started_by': 'subsequent_confluence', 'start_trigger_idx': 3819}"
3999,STRUCTURE,CTS_UPDATED,0.57274,"{'via': 'replay_raw', 'cycle_id': 0, 'structure_id': 0, 'struct_direction': -1, 'timeframe': 'M15', 'use_case': 'subsequent_confluence', 'parent_tf': 'H1', 'parent_sid': 1, 'parent_cycle_id': 2, 'structure_path_id': 'H1.main >> M15.confluence', 'sub_sid': 1, 'started_by': 'subsequent_confluence', 'start_trigger_idx': 3819}"
4000,RANGE,RANGE_UPDATED,,"{'hi': 0.5756, 'lo': 0.57255, 'structure_id': 0, 'struct_direction': -1, 'timeframe': 'M15', 'use_case': 'subsequent_confluence', 'parent_tf': 'H1', 'parent_sid': 1, 'parent_cycle_id': 2, 'structure_path_id': 'H1.main >> M15.confluence', 'sub_sid': 1, 'started_by': 'subsequent_confluence', 'start_trigger_idx': 3819}"
4000,STRUCTURE,CTS_UPDATED,0.57255,"{'via': 'replay_raw', 'cycle_id': 0, 'structure_id': 0, 'struct_direction': -1, 'timeframe': 'M15', 'use_case': 'subsequent_confluence', 'parent_tf': 'H1', 'parent_sid': 1, 'parent_cycle_id': 2, 'structure_path_id': 'H1.main >> M15.confluence', 'sub_sid': 1, 'started_by': 'subsequent_confluence', 'start_trigger_idx': 3819}"
4054,RANGE,RANGE_UPDATED,,"{'hi': 0.57581, 'lo': 0.57255, 'structure_id': 0, 'struct_direction': -1, 'timeframe': 'M15', 'use_case': 'subsequent_confluence', 'parent_tf': 'H1', 'parent_sid': 1, 'parent_cycle_id': 2, 'structure_path_id': 'H1.main >> M15.confluence', 'sub_sid': 1, 'started_by': 'subsequent_confluence', 'start_trigger_idx': 3819}"
4058,RANGE,RANGE_UPDATED,,"{'hi': 0.57585, 'lo': 0.57255, 'structure_id': 0, 'struct_direction': -1, 'timeframe': 'M15', 'use_case': 'subsequent_confluence', 'parent_tf': 'H1', 'parent_sid': 1, 'parent_cycle_id': 2, 'structure_path_id': 'H1.main >> M15.confluence', 'sub_sid': 1, 'started_by': 'subsequent_confluence', 'start_trigger_idx': 3819}"
4070,RANGE,RANGE_UPDATED,,"{'hi': 0.57589, 'lo': 0.57255, 'structure_id': 0, 'struct_direction': -1, 'timeframe': 'M15', 'use_case': 'subsequent_confluence', 'parent_tf': 'H1', 'parent_sid': 1, 'parent_cycle_id': 2, 'structure_path_id': 'H1.main >> M15.confluence', 'sub_sid': 1, 'started_by': 'subsequent_confluence', 'start_trigger_idx': 3819}"
4071,RANGE,RANGE_UPDATED,,"{'hi': 0.57638, 'lo': 0.57255, 'structure_id': 0, 'struct_direction': -1, 'timeframe': 'M15', 'use_case': 'subsequent_confluence', 'parent_tf': 'H1', 'parent_sid': 1, 'parent_cycle_id': 2, 'structure_path_id': 'H1.main >> M15.confluence', 'sub_sid': 1, 'started_by': 'subsequent_confluence', 'start_trigger_idx': 3819}"
4082,RANGE,RANGE_UPDATED,,"{'hi': 0.57639, 'lo': 0.57255, 'structure_id': 0, 'struct_direction': -1, 'timeframe': 'M15', 'use_case': 'subsequent_confluence', 'parent_tf': 'H1', 'parent_sid': 1, 'parent_cycle_id': 2, 'structure_path_id': 'H1.main >> M15.confluence', 'sub_sid': 1, 'started_by': 'subsequent_confluence', 'start_trigger_idx': 3819}"
4083,RANGE,RANGE_UPDATED,,"{'hi': 0.57645, 'lo': 0.57255, 'structure_id': 0, 'struct_direction': -1, 'timeframe': 'M15', 'use_case': 'subsequent_confluence', 'parent_tf': 'H1', 'parent_sid': 1, 'parent_cycle_id': 2, 'structure_path_id': 'H1.main >> M15.confluence', 'sub_sid': 1, 'started_by': 'subsequent_confluence', 'start_trigger_idx': 3819}"
4084,RANGE,RANGE_UPDATED,,"{'hi': 0.5766, 'lo': 0.57255, 'structure_id': 0, 'struct_direction': -1, 'timeframe': 'M15', 'use_case': 'subsequent_confluence', 'parent_tf': 'H1', 'parent_sid': 1, 'parent_cycle_id': 2, 'structure_path_id': 'H1.main >> M15.confluence', 'sub_sid': 1, 'started_by': 'subsequent_confluence', 'start_trigger_idx': 3819}"
4085,RANGE,RANGE_UPDATED,,"{'hi': 0.5767, 'lo': 0.57255, 'structure_id': 0, 'struct_direction': -1, 'timeframe': 'M15', 'use_case': 'subsequent_confluence', 'parent_tf': 'H1', 'parent_sid': 1, 'parent_cycle_id': 2, 'structure_path_id': 'H1.main >> M15.confluence', 'sub_sid': 1, 'started_by': 'subsequent_confluence', 'start_trigger_idx': 3819}"
4086,RANGE,RANGE_UPDATED,,"{'hi': 0.57674, 'lo': 0.57255, 'structure_id': 0, 'struct_direction': -1, 'timeframe': 'M15', 'use_case': 'subsequent_confluence', 'parent_tf': 'H1', 'parent_sid': 1, 'parent_cycle_id': 2, 'structure_path_id': 'H1.main >> M15.confluence', 'sub_sid': 1, 'started_by': 'subsequent_confluence', 'start_trigger_idx': 3819}"
4140,RANGE,RANGE_UPDATED,,"{'hi': 0.57682, 'lo': 0.57255, 'structure_id': 0, 'struct_direction': -1, 'timeframe': 'M15', 'use_case': 'subsequent_confluence', 'parent_tf': 'H1', 'parent_sid': 1, 'parent_cycle_id': 2, 'structure_path_id': 'H1.main >> M15.confluence', 'sub_sid': 1, 'started_by': 'subsequent_confluence', 'start_trigger_idx': 3819}"
4141,RANGE,RANGE_UPDATED,,"{'hi': 0.5773, 'lo': 0.57255, 'structure_id': 0, 'struct_direction': -1, 'timeframe': 'M15', 'use_case': 'subsequent_confluence', 'parent_tf': 'H1', 'parent_sid': 1, 'parent_cycle_id': 2, 'structure_path_id': 'H1.main >> M15.confluence', 'sub_sid': 1, 'started_by': 'subsequent_confluence', 'start_trigger_idx': 3819}"
4153,RANGE,RANGE_UPDATED,,"{'hi': 0.57738, 'lo': 0.57255, 'structure_id': 0, 'struct_direction': -1, 'timeframe': 'M15', 'use_case': 'subsequent_confluence', 'parent_tf': 'H1', 'parent_sid': 1, 'parent_cycle_id': 2, 'structure_path_id': 'H1.main >> M15.confluence', 'sub_sid': 1, 'started_by': 'subsequent_confluence', 'start_trigger_idx': 3819}"
4157,RANGE,RANGE_UPDATED,,"{'reason': 'pullback_expand', 'hi': 0.57769, 'lo': 0.57255, 'pat': 'one_maru_continuous', 'structure_id': 0, 'struct_direction': -1, 'timeframe': 'M15', 'use_case': 'subsequent_confluence', 'parent_tf': 'H1', 'parent_sid': 1, 'parent_cycle_id': 2, 'structure_path_id': 'H1.main >> M15.confluence', 'sub_sid': 1, 'started_by': 'subsequent_confluence', 'start_trigger_idx': 3819}"
4157,STRUCTURE,CTS_CONFIRMED,0.57255,"{'via': 'one_maru_continuous', 'cycle_id': 0, 'structure_id': 0, 'struct_direction': -1, 'confirmed_at': 4157, 'cts_anchor_idx': 4000, 'confirmation_method': 'pullback', 'timeframe': 'M15', 'use_case': 'subsequent_confluence', 'parent_tf': 'H1', 'parent_sid': 1, 'parent_cycle_id': 2, 'structure_path_id': 'H1.main >> M15.confluence', 'sub_sid': 1, 'started_by': 'subsequent_confluence', 'start_trigger_idx': 3819}"
4157,STATE,STATE_CHANGED,,"{'from': 'range', 'to': 'pullback', 'structure_id': 0, 'struct_direction': -1, 'reason': 'pullback_pattern', 'pat': 'one_maru_continuous', 'effective_idx': 401, 'timeframe': 'M15', 'use_case': 'subsequent_confluence', 'parent_tf': 'H1', 'parent_sid': 1, 'parent_cycle_id': 2, 'structure_path_id': 'H1.main >> M15.confluence', 'sub_sid': 1, 'started_by': 'subsequent_confluence', 'start_trigger_idx': 3819}"
4157,RANGE,RANGE_UPDATED,,"{'hi': 0.57798, 'lo': 0.57255, 'structure_id': 0, 'struct_direction': -1, 'timeframe': 'M15', 'use_case': 'subsequent_confluence', 'parent_tf': 'H1', 'parent_sid': 1, 'parent_cycle_id': 2, 'structure_path_id': 'H1.main >> M15.confluence', 'sub_sid': 1, 'started_by': 'subsequent_confluence', 'start_trigger_idx': 3819}"
4158,STATE,STATE_CHANGED,,"{'from': 'pullback', 'to': 'pullback_range', 'structure_id': 0, 'struct_direction': -1, 'reason': 'replay_no_expand_pullback_side', 'effective_idx': 402, 'timeframe': 'M15', 'use_case': 'subsequent_confluence', 'parent_tf': 'H1', 'parent_sid': 1, 'parent_cycle_id': 2, 'structure_path_id': 'H1.main >> M15.confluence', 'sub_sid': 1, 'started_by': 'subsequent_confluence', 'start_trigger_idx': 3819}"
4177,RANGE,RANGE_UPDATED,,"{'hi': 0.57802, 'lo': 0.57255, 'structure_id': 0, 'struct_direction': -1, 'timeframe': 'M15', 'use_case': 'subsequent_confluence', 'parent_tf': 'H1', 'parent_sid': 1, 'parent_cycle_id': 2, 'structure_path_id': 'H1.main >> M15.confluence', 'sub_sid': 1, 'started_by': 'subsequent_confluence', 'start_trigger_idx': 3819}"
4177,STATE,STATE_CHANGED,,"{'from': 'pullback_range', 'to': 'pullback', 'structure_id': 0, 'struct_direction': -1, 'reason': 'replay_expand_pullback_side', 'effective_idx': 421, 'timeframe': 'M15', 'use_case': 'subsequent_confluence', 'parent_tf': 'H1', 'parent_sid': 1, 'parent_cycle_id': 2, 'structure_path_id': 'H1.main >> M15.confluence', 'sub_sid': 1, 'started_by': 'subsequent_confluence', 'start_trigger_idx': 3819}"
4178,RANGE,RANGE_UPDATED,,"{'hi': 0.57826, 'lo': 0.57255, 'structure_id': 0, 'struct_direction': -1, 'timeframe': 'M15', 'use_case': 'subsequent_confluence', 'parent_tf': 'H1', 'parent_sid': 1, 'parent_cycle_id': 2, 'structure_path_id': 'H1.main >> M15.confluence', 'sub_sid': 1, 'started_by': 'subsequent_confluence', 'start_trigger_idx': 3819}"
4179,RANGE,RANGE_UPDATED,,"{'hi': 0.57856, 'lo': 0.57255, 'structure_id': 0, 'struct_direction': -1, 'timeframe': 'M15', 'use_case': 'subsequent_confluence', 'parent_tf': 'H1', 'parent_sid': 1, 'parent_cycle_id': 2, 'structure_path_id': 'H1.main >> M15.confluence', 'sub_sid': 1, 'started_by': 'subsequent_confluence', 'start_trigger_idx': 3819}"
4179,STRUCTURE,BOS_THRESHOLD_UPDATED,0.57856,"{'prev': 0.57827, 'reason': 'probe_no_break', 'cycle_id': 0, 'structure_id': 0, 'struct_direction': -1, 'timeframe': 'M15', 'use_case': 'subsequent_confluence', 'parent_tf': 'H1', 'parent_sid': 1, 'parent_cycle_id': 2, 'structure_path_id': 'H1.main >> M15.confluence', 'sub_sid': 1, 'started_by': 'subsequent_confluence', 'start_trigger_idx': 3819}"
4180,STATE,STATE_CHANGED,,"{'from': 'pullback', 'to': 'pullback_range', 'structure_id': 0, 'struct_direction': -1, 'reason': 'replay_no_expand_pullback_side', 'effective_idx': 424, 'timeframe': 'M15', 'use_case': 'subsequent_confluence', 'parent_tf': 'H1', 'parent_sid': 1, 'parent_cycle_id': 2, 'structure_path_id': 'H1.main >> M15.confluence', 'sub_sid': 1, 'started_by': 'subsequent_confluence', 'start_trigger_idx': 3819}"
4184,RANGE,RANGE_UPDATED,,"{'hi': 0.57858, 'lo': 0.57255, 'structure_id': 0, 'struct_direction': -1, 'timeframe': 'M15', 'use_case': 'subsequent_confluence', 'parent_tf': 'H1', 'parent_sid': 1, 'parent_cycle_id': 2, 'structure_path_id': 'H1.main >> M15.confluence', 'sub_sid': 1, 'started_by': 'subsequent_confluence', 'start_trigger_idx': 3819}"
4184,STATE,STATE_CHANGED,,"{'from': 'pullback_range', 'to': 'pullback', 'structure_id': 0, 'struct_direction': -1, 'reason': 'replay_expand_pullback_side', 'effective_idx': 428, 'timeframe': 'M15', 'use_case': 'subsequent_confluence', 'parent_tf': 'H1', 'parent_sid': 1, 'parent_cycle_id': 2, 'structure_path_id': 'H1.main >> M15.confluence', 'sub_sid': 1, 'started_by': 'subsequent_confluence', 'start_trigger_idx': 3819}"
4184,STRUCTURE,BOS_THRESHOLD_UPDATED,0.57858,"{'prev': 0.57856, 'reason': 'probe_no_break', 'cycle_id': 0, 'structure_id': 0, 'struct_direction': -1, 'timeframe': 'M15', 'use_case': 'subsequent_confluence', 'parent_tf': 'H1', 'parent_sid': 1, 'parent_cycle_id': 2, 'structure_path_id': 'H1.main >> M15.confluence', 'sub_sid': 1, 'started_by': 'subsequent_confluence', 'start_trigger_idx': 3819}"
4185,RANGE,RANGE_UPDATED,,"{'hi': 0.57872, 'lo': 0.57255, 'structure_id': 0, 'struct_direction': -1, 'timeframe': 'M15', 'use_case': 'subsequent_confluence', 'parent_tf': 'H1', 'parent_sid': 1, 'parent_cycle_id': 2, 'structure_path_id': 'H1.main >> M15.confluence', 'sub_sid': 1, 'started_by': 'subsequent_confluence', 'start_trigger_idx': 3819}"
4185,STRUCTURE,BOS_THRESHOLD_UPDATED,0.57872,"{'prev': 0.57858, 'reason': 'probe_no_break', 'cycle_id': 0, 'structure_id': 0, 'struct_direction': -1, 'timeframe': 'M15', 'use_case': 'subsequent_confluence', 'parent_tf': 'H1', 'parent_sid': 1, 'parent_cycle_id': 2, 'structure_path_id': 'H1.main >> M15.confluence', 'sub_sid': 1, 'started_by': 'subsequent_confluence', 'start_trigger_idx': 3819}"
4186,RANGE,RANGE_UPDATED,,"{'hi': 0.57873, 'lo': 0.57255, 'structure_id': 0, 'struct_direction': -1, 'timeframe': 'M15', 'use_case': 'subsequent_confluence', 'parent_tf': 'H1', 'parent_sid': 1, 'parent_cycle_id': 2, 'structure_path_id': 'H1.main >> M15.confluence', 'sub_sid': 1, 'started_by': 'subsequent_confluence', 'start_trigger_idx': 3819}"
4186,STRUCTURE,BOS_THRESHOLD_UPDATED,0.57873,"{'prev': 0.57872, 'reason': 'probe_no_break', 'cycle_id': 0, 'structure_id': 0, 'struct_direction': -1, 'timeframe': 'M15', 'use_case': 'subsequent_confluence', 'parent_tf': 'H1', 'parent_sid': 1, 'parent_cycle_id': 2, 'structure_path_id': 'H1.main >> M15.confluence', 'sub_sid': 1, 'started_by': 'subsequent_confluence', 'start_trigger_idx': 3819}"
4187,RANGE,RANGE_UPDATED,,"{'hi': 0.57874, 'lo': 0.57255, 'structure_id': 0, 'struct_direction': -1, 'timeframe': 'M15', 'use_case': 'subsequent_confluence', 'parent_tf': 'H1', 'parent_sid': 1, 'parent_cycle_id': 2, 'structure_path_id': 'H1.main >> M15.confluence', 'sub_sid': 1, 'started_by': 'subsequent_confluence', 'start_trigger_idx': 3819}"
4187,STRUCTURE,BOS_THRESHOLD_UPDATED,0.57874,"{'prev': 0.57873, 'reason': 'probe_no_break', 'cycle_id': 0, 'structure_id': 0, 'struct_direction': -1, 'timeframe': 'M15', 'use_case': 'subsequent_confluence', 'parent_tf': 'H1', 'parent_sid': 1, 'parent_cycle_id': 2, 'structure_path_id': 'H1.main >> M15.confluence', 'sub_sid': 1, 'started_by': 'subsequent_confluence', 'start_trigger_idx': 3819}"
4188,STATE,STATE_CHANGED,,"{'from': 'pullback', 'to': 'pullback_range', 'structure_id': 0, 'struct_direction': -1, 'reason': 'replay_no_expand_pullback_side', 'effective_idx': 432, 'timeframe': 'M15', 'use_case': 'subsequent_confluence', 'parent_tf': 'H1', 'parent_sid': 1, 'parent_cycle_id': 2, 'structure_path_id': 'H1.main >> M15.confluence', 'sub_sid': 1, 'started_by': 'subsequent_confluence', 'start_trigger_idx': 3819}"
4189,RANGE,RANGE_UPDATED,,"{'hi': 0.57895, 'lo': 0.57255, 'structure_id': 0, 'struct_direction': -1, 'timeframe': 'M15', 'use_case': 'subsequent_confluence', 'parent_tf': 'H1', 'parent_sid': 1, 'parent_cycle_id': 2, 'structure_path_id': 'H1.main >> M15.confluence', 'sub_sid': 1, 'started_by': 'subsequent_confluence', 'start_trigger_idx': 3819}"
4189,STATE,STATE_CHANGED,,"{'from': 'pullback_range', 'to': 'pullback', 'structure_id': 0, 'struct_direction': -1, 'reason': 'replay_expand_pullback_side', 'effective_idx': 433, 'timeframe': 'M15', 'use_case': 'subsequent_confluence', 'parent_tf': 'H1', 'parent_sid': 1, 'parent_cycle_id': 2, 'structure_path_id': 'H1.main >> M15.confluence', 'sub_sid': 1, 'started_by': 'subsequent_confluence', 'start_trigger_idx': 3819}"
4189,STRUCTURE,BOS_THRESHOLD_UPDATED,0.57895,"{'prev': 0.57874, 'reason': 'probe_no_break', 'cycle_id': 0, 'structure_id': 0, 'struct_direction': -1, 'timeframe': 'M15', 'use_case': 'subsequent_confluence', 'parent_tf': 'H1', 'parent_sid': 1, 'parent_cycle_id': 2, 'structure_path_id': 'H1.main >> M15.confluence', 'sub_sid': 1, 'started_by': 'subsequent_confluence', 'start_trigger_idx': 3819}"
4190,STATE,STATE_CHANGED,,"{'from': 'pullback', 'to': 'pullback_range', 'structure_id': 0, 'struct_direction': -1, 'reason': 'replay_no_expand_pullback_side', 'effective_idx': 434, 'timeframe': 'M15', 'use_case': 'subsequent_confluence', 'parent_tf': 'H1', 'parent_sid': 1, 'parent_cycle_id': 2, 'structure_path_id': 'H1.main >> M15.confluence', 'sub_sid': 1, 'started_by': 'subsequent_confluence', 'start_trigger_idx': 3819}"
4195,RANGE,RANGE_UPDATED,,"{'hi': 0.57898, 'lo': 0.57255, 'structure_id': 0, 'struct_direction': -1, 'timeframe': 'M15', 'use_case': 'subsequent_confluence', 'parent_tf': 'H1', 'parent_sid': 1, 'parent_cycle_id': 2, 'structure_path_id': 'H1.main >> M15.confluence', 'sub_sid': 1, 'started_by': 'subsequent_confluence', 'start_trigger_idx': 3819}"
4195,STATE,STATE_CHANGED,,"{'from': 'pullback_range', 'to': 'pullback', 'structure_id': 0, 'struct_direction': -1, 'reason': 'replay_expand_pullback_side', 'effective_idx': 439, 'timeframe': 'M15', 'use_case': 'subsequent_confluence', 'parent_tf': 'H1', 'parent_sid': 1, 'parent_cycle_id': 2, 'structure_path_id': 'H1.main >> M15.confluence', 'sub_sid': 1, 'started_by': 'subsequent_confluence', 'start_trigger_idx': 3819}"
4195,STRUCTURE,BOS_THRESHOLD_UPDATED,0.57898,"{'prev': 0.57895, 'reason': 'probe_no_break', 'cycle_id': 0, 'structure_id': 0, 'struct_direction': -1, 'timeframe': 'M15', 'use_case': 'subsequent_confluence', 'parent_tf': 'H1', 'parent_sid': 1, 'parent_cycle_id': 2, 'structure_path_id': 'H1.main >> M15.confluence', 'sub_sid': 1, 'started_by': 'subsequent_confluence', 'start_trigger_idx': 3819}"
4196,STRUCTURE,REVERSAL_WATCH_START,0.57898,"{'anchor_idx': 4196, 'bos_frozen': 0.57898, 'expires_idx': 445, 'structure_id': 0, 'struct_direction': -1, 'timeframe': 'M15', 'use_case': 'subsequent_confluence', 'parent_tf': 'H1', 'parent_sid': 1, 'parent_cycle_id': 2, 'structure_path_id': 'H1.main >> M15.confluence', 'sub_sid': 1, 'started_by': 'subsequent_confluence', 'start_trigger_idx': 3819}"
4196,STRUCTURE,REVERSAL_CANDIDATE,0.57898,"{'anchor_idx': 4196, 'apply_idx': 4200, 'pattern': '?', 'bos_frozen': 0.57898, 'expires_idx': 445, 'structure_id': 0, 'struct_direction': -1, 'timeframe': 'M15', 'use_case': 'subsequent_confluence', 'parent_tf': 'H1', 'parent_sid': 1, 'parent_cycle_id': 2, 'structure_path_id': 'H1.main >> M15.confluence', 'sub_sid': 1, 'started_by': 'subsequent_confluence', 'start_trigger_idx': 3819}"
4200,STATE,STATE_CHANGED,,"{'from': 'pullback', 'to': 'reversal', 'structure_id': 0, 'struct_direction': -1, 'reason': 'reversal_pattern', 'pat': 'one_maru_opposite', 'bos_frozen': 0.57898, 'effective_idx': 444, 'timeframe': 'M15', 'use_case': 'subsequent_confluence', 'parent_tf': 'H1', 'parent_sid': 1, 'parent_cycle_id': 2, 'structure_path_id': 'H1.main >> M15.confluence', 'sub_sid': 1, 'started_by': 'subsequent_confluence', 'start_trigger_idx': 3819}"
4200,RANGE,RANGE_UPDATED,,"{'hi': 0.57954, 'lo': 0.57255, 'structure_id': 0, 'struct_direction': -1, 'timeframe': 'M15', 'use_case': 'subsequent_confluence', 'parent_tf': 'H1', 'parent_sid': 1, 'parent_cycle_id': 2, 'structure_path_id': 'H1.main >> M15.confluence', 'sub_sid': 1, 'started_by': 'subsequent_confluence', 'start_trigger_idx': 3819}"
4004,STRUCTURE,CTS_ESTABLISHED,0.5741,"{'via': 'one_maru_continuous', 'anchor_idx': 4003, 'pattern_name': 'one_maru_continuous', 'confirmed_at': 4004, 'cycle_id': 0, 'structure_id': 0, 'struct_direction': 1, 'timeframe': 'M15', 'use_case': 'reversal', 'parent_tf': 'H1', 'parent_sid': 1, 'parent_cycle_id': 2, 'structure_path_id': 'H1.main >> M15.confluence', 'sub_sid': 2, 'started_by': 'reversal', 'start_trigger_idx': 4200}"
4000,STRUCTURE,BOS_CONFIRMED,0.57255,"{'source': 'initial_prior_extreme', 'confirmed_at': 4004, 'pb_start': None, 'cycle_id': 0, 'structure_id': 0, 'struct_direction': 1, 'timeframe': 'M15', 'use_case': 'reversal', 'parent_tf': 'H1', 'parent_sid': 1, 'parent_cycle_id': 2, 'structure_path_id': 'H1.main >> M15.confluence', 'sub_sid': 2, 'started_by': 'reversal', 'start_trigger_idx': 4200}"
4004,STATE,STATE_CHANGED,,"{'from': 'none', 'to': 'breakout', 'structure_id': 0, 'struct_direction': 1, 'reason': 'breakout_pattern', 'pat': 'one_maru_continuous', 'effective_idx': 54, 'timeframe': 'M15', 'use_case': 'reversal', 'parent_tf': 'H1', 'parent_sid': 1, 'parent_cycle_id': 2, 'structure_path_id': 'H1.main >> M15.confluence', 'sub_sid': 2, 'started_by': 'reversal', 'start_trigger_idx': 4200}"
4007,STRUCTURE,CTS_UPDATED,0.57426,"{'via': 'replay_raw', 'cycle_id': 0, 'structure_id': 0, 'struct_direction': 1, 'timeframe': 'M15', 'use_case': 'reversal', 'parent_tf': 'H1', 'parent_sid': 1, 'parent_cycle_id': 2, 'structure_path_id': 'H1.main >> M15.confluence', 'sub_sid': 2, 'started_by': 'reversal', 'start_trigger_idx': 4200}"
4008,STRUCTURE,CTS_UPDATED,0.5744,"{'via': 'one_maru_continuous', 'cycle_id': 0, 'structure_id': 0, 'struct_direction': 1, 'timeframe': 'M15', 'use_case': 'reversal', 'parent_tf': 'H1', 'parent_sid': 1, 'parent_cycle_id': 2, 'structure_path_id': 'H1.main >> M15.confluence', 'sub_sid': 2, 'started_by': 'reversal', 'start_trigger_idx': 4200}"
4009,STRUCTURE,CTS_UPDATED,0.57474,"{'via': 'replay_raw', 'cycle_id': 0, 'structure_id': 0, 'struct_direction': 1, 'timeframe': 'M15', 'use_case': 'reversal', 'parent_tf': 'H1', 'parent_sid': 1, 'parent_cycle_id': 2, 'structure_path_id': 'H1.main >> M15.confluence', 'sub_sid': 2, 'started_by': 'reversal', 'start_trigger_idx': 4200}"
4012,RANGE,RANGE_STARTED,,"{'start_idx': 59, 'confirm_idx': 62, 'hi': 0.57474, 'lo': 0.57438, 'cts_idx': 59, 'cts_price': 0.57474, 'structure_id': 0, 'struct_direction': 1, 'timeframe': 'M15', 'use_case': 'reversal', 'parent_tf': 'H1', 'parent_sid': 1, 'parent_cycle_id': 2, 'structure_path_id': 'H1.main >> M15.confluence', 'sub_sid': 2, 'started_by': 'reversal', 'start_trigger_idx': 4200}"
4012,STATE,STATE_CHANGED,,"{'from': 'breakout', 'to': 'range', 'structure_id': 0, 'struct_direction': 1, 'reason': 'range_confirmed', 'effective_idx': 59, 'timeframe': 'M15', 'use_case': 'reversal', 'parent_tf': 'H1', 'parent_sid': 1, 'parent_cycle_id': 2, 'structure_path_id': 'H1.main >> M15.confluence', 'sub_sid': 2, 'started_by': 'reversal', 'start_trigger_idx': 4200}"
4010,RANGE,RANGE_UPDATED,,"{'hi': 0.57474, 'lo': 0.57418, 'structure_id': 0, 'struct_direction': 1, 'timeframe': 'M15', 'use_case': 'reversal', 'parent_tf': 'H1', 'parent_sid': 1, 'parent_cycle_id': 2, 'structure_path_id': 'H1.main >> M15.confluence', 'sub_sid': 2, 'started_by': 'reversal', 'start_trigger_idx': 4200}"
4012,RANGE,RANGE_UPDATED,,"{'hi': 0.57474, 'lo': 0.57416, 'structure_id': 0, 'struct_direction': 1, 'timeframe': 'M15', 'use_case': 'reversal', 'parent_tf': 'H1', 'parent_sid': 1, 'parent_cycle_id': 2, 'structure_path_id': 'H1.main >> M15.confluence', 'sub_sid': 2, 'started_by': 'reversal', 'start_trigger_idx': 4200}"
4023,RANGE,RANGE_UPDATED,,"{'hi': 0.57474, 'lo': 0.57411, 'structure_id': 0, 'struct_direction': 1, 'timeframe': 'M15', 'use_case': 'reversal', 'parent_tf': 'H1', 'parent_sid': 1, 'parent_cycle_id': 2, 'structure_path_id': 'H1.main >> M15.confluence', 'sub_sid': 2, 'started_by': 'reversal', 'start_trigger_idx': 4200}"
4024,RANGE,RANGE_UPDATED,,"{'hi': 0.57474, 'lo': 0.57402, 'structure_id': 0, 'struct_direction': 1, 'timeframe': 'M15', 'use_case': 'reversal', 'parent_tf': 'H1', 'parent_sid': 1, 'parent_cycle_id': 2, 'structure_path_id': 'H1.main >> M15.confluence', 'sub_sid': 2, 'started_by': 'reversal', 'start_trigger_idx': 4200}"
4025,RANGE,RANGE_UPDATED,,"{'hi': 0.57474, 'lo': 0.57378, 'structure_id': 0, 'struct_direction': 1, 'timeframe': 'M15', 'use_case': 'reversal', 'parent_tf': 'H1', 'parent_sid': 1, 'parent_cycle_id': 2, 'structure_path_id': 'H1.main >> M15.confluence', 'sub_sid': 2, 'started_by': 'reversal', 'start_trigger_idx': 4200}"
4026,RANGE,RANGE_UPDATED,,"{'hi': 0.57474, 'lo': 0.57368, 'structure_id': 0, 'struct_direction': 1, 'timeframe': 'M15', 'use_case': 'reversal', 'parent_tf': 'H1', 'parent_sid': 1, 'parent_cycle_id': 2, 'structure_path_id': 'H1.main >> M15.confluence', 'sub_sid': 2, 'started_by': 'reversal', 'start_trigger_idx': 4200}"
4027,RANGE,RANGE_UPDATED,,"{'hi': 0.57474, 'lo': 0.57362, 'structure_id': 0, 'struct_direction': 1, 'timeframe': 'M15', 'use_case': 'reversal', 'parent_tf': 'H1', 'parent_sid': 1, 'parent_cycle_id': 2, 'structure_path_id': 'H1.main >> M15.confluence', 'sub_sid': 2, 'started_by': 'reversal', 'start_trigger_idx': 4200}"
4042,RANGE,RANGE_UPDATED,,"{'hi': 0.57476, 'lo': 0.57362, 'structure_id': 0, 'struct_direction': 1, 'timeframe': 'M15', 'use_case': 'reversal', 'parent_tf': 'H1', 'parent_sid': 1, 'parent_cycle_id': 2, 'structure_path_id': 'H1.main >> M15.confluence', 'sub_sid': 2, 'started_by': 'reversal', 'start_trigger_idx': 4200}"
4042,STRUCTURE,CTS_UPDATED,0.57476,"{'via': 'replay_raw', 'cycle_id': 0, 'structure_id': 0, 'struct_direction': 1, 'timeframe': 'M15', 'use_case': 'reversal', 'parent_tf': 'H1', 'parent_sid': 1, 'parent_cycle_id': 2, 'structure_path_id': 'H1.main >> M15.confluence', 'sub_sid': 2, 'started_by': 'reversal', 'start_trigger_idx': 4200}"
4044,RANGE,RANGE_UPDATED,,"{'hi': 0.57479, 'lo': 0.57362, 'structure_id': 0, 'struct_direction': 1, 'timeframe': 'M15', 'use_case': 'reversal', 'parent_tf': 'H1', 'parent_sid': 1, 'parent_cycle_id': 2, 'structure_path_id': 'H1.main >> M15.confluence', 'sub_sid': 2, 'started_by': 'reversal', 'start_trigger_idx': 4200}"
4044,STRUCTURE,CTS_UPDATED,0.57479,"{'via': 'replay_raw', 'cycle_id': 0, 'structure_id': 0, 'struct_direction': 1, 'timeframe': 'M15', 'use_case': 'reversal', 'parent_tf': 'H1', 'parent_sid': 1, 'parent_cycle_id': 2, 'structure_path_id': 'H1.main >> M15.confluence', 'sub_sid': 2, 'started_by': 'reversal', 'start_trigger_idx': 4200}"
4045,RANGE,RANGE_UPDATED,,"{'hi': 0.57499, 'lo': 0.57362, 'structure_id': 0, 'struct_direction': 1, 'timeframe': 'M15', 'use_case': 'reversal', 'parent_tf': 'H1', 'parent_sid': 1, 'parent_cycle_id': 2, 'structure_path_id': 'H1.main >> M15.confluence', 'sub_sid': 2, 'started_by': 'reversal', 'start_trigger_idx': 4200}"
4045,STRUCTURE,CTS_UPDATED,0.57499,"{'via': 'replay_raw', 'cycle_id': 0, 'structure_id': 0, 'struct_direction': 1, 'timeframe': 'M15', 'use_case': 'reversal', 'parent_tf': 'H1', 'parent_sid': 1, 'parent_cycle_id': 2, 'structure_path_id': 'H1.main >> M15.confluence', 'sub_sid': 2, 'started_by': 'reversal', 'start_trigger_idx': 4200}"
4046,RANGE,RANGE_UPDATED,,"{'hi': 0.57507, 'lo': 0.57362, 'structure_id': 0, 'struct_direction': 1, 'timeframe': 'M15', 'use_case': 'reversal', 'parent_tf': 'H1', 'parent_sid': 1, 'parent_cycle_id': 2, 'structure_path_id': 'H1.main >> M15.confluence', 'sub_sid': 2, 'started_by': 'reversal', 'start_trigger_idx': 4200}"
4046,STRUCTURE,CTS_UPDATED,0.57507,"{'via': 'replay_raw', 'cycle_id': 0, 'structure_id': 0, 'struct_direction': 1, 'timeframe': 'M15', 'use_case': 'reversal', 'parent_tf': 'H1', 'parent_sid': 1, 'parent_cycle_id': 2, 'structure_path_id': 'H1.main >> M15.confluence', 'sub_sid': 2, 'started_by': 'reversal', 'start_trigger_idx': 4200}"
4050,RANGE,RANGE_UPDATED,,"{'hi': 0.57522, 'lo': 0.57362, 'structure_id': 0, 'struct_direction': 1, 'timeframe': 'M15', 'use_case': 'reversal', 'parent_tf': 'H1', 'parent_sid': 1, 'parent_cycle_id': 2, 'structure_path_id': 'H1.main >> M15.confluence', 'sub_sid': 2, 'started_by': 'reversal', 'start_trigger_idx': 4200}"
4050,STRUCTURE,CTS_UPDATED,0.57522,"{'via': 'replay_raw', 'cycle_id': 0, 'structure_id': 0, 'struct_direction': 1, 'timeframe': 'M15', 'use_case': 'reversal', 'parent_tf': 'H1', 'parent_sid': 1, 'parent_cycle_id': 2, 'structure_path_id': 'H1.main >> M15.confluence', 'sub_sid': 2, 'started_by': 'reversal', 'start_trigger_idx': 4200}"
4053,STRUCTURE,CTS_UPDATED,0.57548,"{'via': 'replay_raw', 'cycle_id': 0, 'structure_id': 0, 'struct_direction': 1, 'timeframe': 'M15', 'use_case': 'reversal', 'parent_tf': 'H1', 'parent_sid': 1, 'parent_cycle_id': 2, 'structure_path_id': 'H1.main >> M15.confluence', 'sub_sid': 2, 'started_by': 'reversal', 'start_trigger_idx': 4200}"
4054,RANGE,RANGE_RESET,,"{'reason': 'range_breakout', 'pat': 'one_maru_continuous', 'structure_id': 0, 'struct_direction': 1, 'timeframe': 'M15', 'use_case': 'reversal', 'parent_tf': 'H1', 'parent_sid': 1, 'parent_cycle_id': 2, 'structure_path_id': 'H1.main >> M15.confluence', 'sub_sid': 2, 'started_by': 'reversal', 'start_trigger_idx': 4200}"
4054,STRUCTURE,CTS_UPDATED,0.57581,"{'via': 'one_maru_continuous', 'cycle_id': 0, 'structure_id': 0, 'struct_direction': 1, 'timeframe': 'M15', 'use_case': 'reversal', 'parent_tf': 'H1', 'parent_sid': 1, 'parent_cycle_id': 2, 'structure_path_id': 'H1.main >> M15.confluence', 'sub_sid': 2, 'started_by': 'reversal', 'start_trigger_idx': 4200}"
4054,STATE,STATE_CHANGED,,"{'from': 'range', 'to': 'breakout', 'structure_id': 0, 'struct_direction': 1, 'reason': 'breakout_pattern', 'pat': 'one_maru_continuous', 'effective_idx': 104, 'timeframe': 'M15', 'use_case': 'reversal', 'parent_tf': 'H1', 'parent_sid': 1, 'parent_cycle_id': 2, 'structure_path_id': 'H1.main >> M15.confluence', 'sub_sid': 2, 'started_by': 'reversal', 'start_trigger_idx': 4200}"
4057,RANGE,RANGE_STARTED,,"{'start_idx': 105, 'confirm_idx': 107, 'hi': 0.57581, 'lo': 0.57556, 'cts_idx': 104, 'cts_price': 0.57581, 'structure_id': 0, 'struct_direction': 1, 'timeframe': 'M15', 'use_case': 'reversal', 'parent_tf': 'H1', 'parent_sid': 1, 'parent_cycle_id': 2, 'structure_path_id': 'H1.main >> M15.confluence', 'sub_sid': 2, 'started_by': 'reversal', 'start_trigger_idx': 4200}"
4057,STATE,STATE_CHANGED,,"{'from': 'breakout', 'to': 'range', 'structure_id': 0, 'struct_direction': 1, 'reason': 'range_confirmed', 'effective_idx': 105, 'timeframe': 'M15', 'use_case': 'reversal', 'parent_tf': 'H1', 'parent_sid': 1, 'parent_cycle_id': 2, 'structure_path_id': 'H1.main >> M15.confluence', 'sub_sid': 2, 'started_by': 'reversal', 'start_trigger_idx': 4200}"
4058,RANGE,RANGE_UPDATED,,"{'hi': 0.57585, 'lo': 0.57556, 'structure_id': 0, 'struct_direction': 1, 'timeframe': 'M15', 'use_case': 'reversal', 'parent_tf': 'H1', 'parent_sid': 1, 'parent_cycle_id': 2, 'structure_path_id': 'H1.main >> M15.confluence', 'sub_sid': 2, 'started_by': 'reversal', 'start_trigger_idx': 4200}"
4058,STRUCTURE,CTS_UPDATED,0.57585,"{'via': 'replay_raw', 'cycle_id': 0, 'structure_id': 0, 'struct_direction': 1, 'timeframe': 'M15', 'use_case': 'reversal', 'parent_tf': 'H1', 'parent_sid': 1, 'parent_cycle_id': 2, 'structure_path_id': 'H1.main >> M15.confluence', 'sub_sid': 2, 'started_by': 'reversal', 'start_trigger_idx': 4200}"
4061,RANGE,RANGE_UPDATED,,"{'hi': 0.57585, 'lo': 0.57552, 'structure_id': 0, 'struct_direction': 1, 'timeframe': 'M15', 'use_case': 'reversal', 'parent_tf': 'H1', 'parent_sid': 1, 'parent_cycle_id': 2, 'structure_path_id': 'H1.main >> M15.confluence', 'sub_sid': 2, 'started_by': 'reversal', 'start_trigger_idx': 4200}"
4063,RANGE,RANGE_UPDATED,,"{'hi': 0.57585, 'lo': 0.57536, 'structure_id': 0, 'struct_direction': 1, 'timeframe': 'M15', 'use_case': 'reversal', 'parent_tf': 'H1', 'parent_sid': 1, 'parent_cycle_id': 2, 'structure_path_id': 'H1.main >> M15.confluence', 'sub_sid': 2, 'started_by': 'reversal', 'start_trigger_idx': 4200}"
4065,RANGE,RANGE_UPDATED,,"{'hi': 0.57585, 'lo': 0.57533, 'structure_id': 0, 'struct_direction': 1, 'timeframe': 'M15', 'use_case': 'reversal', 'parent_tf': 'H1', 'parent_sid': 1, 'parent_cycle_id': 2, 'structure_path_id': 'H1.main >> M15.confluence', 'sub_sid': 2, 'started_by': 'reversal', 'start_trigger_idx': 4200}"
4066,RANGE,RANGE_UPDATED,,"{'hi': 0.57585, 'lo': 0.57516, 'structure_id': 0, 'struct_direction': 1, 'timeframe': 'M15', 'use_case': 'reversal', 'parent_tf': 'H1', 'parent_sid': 1, 'parent_cycle_id': 2, 'structure_path_id': 'H1.main >> M15.confluence', 'sub_sid': 2, 'started_by': 'reversal', 'start_trigger_idx': 4200}"
4070,RANGE,RANGE_UPDATED,,"{'hi': 0.57589, 'lo': 0.57516, 'structure_id': 0, 'struct_direction': 1, 'timeframe': 'M15', 'use_case': 'reversal', 'parent_tf': 'H1', 'parent_sid': 1, 'parent_cycle_id': 2, 'structure_path_id': 'H1.main >> M15.confluence', 'sub_sid': 2, 'started_by': 'reversal', 'start_trigger_idx': 4200}"
4070,STRUCTURE,CTS_UPDATED,0.57589,"{'via': 'replay_raw', 'cycle_id': 0, 'structure_id': 0, 'struct_direction': 1, 'timeframe': 'M15', 'use_case': 'reversal', 'parent_tf': 'H1', 'parent_sid': 1, 'parent_cycle_id': 2, 'structure_path_id': 'H1.main >> M15.confluence', 'sub_sid': 2, 'started_by': 'reversal', 'start_trigger_idx': 4200}"
4071,RANGE,RANGE_UPDATED,,"{'hi': 0.57638, 'lo': 0.57516, 'structure_id': 0, 'struct_direction': 1, 'timeframe': 'M15', 'use_case': 'reversal', 'parent_tf': 'H1', 'parent_sid': 1, 'parent_cycle_id': 2, 'structure_path_id': 'H1.main >> M15.confluence', 'sub_sid': 2, 'started_by': 'reversal', 'start_trigger_idx': 4200}"
4071,STRUCTURE,CTS_UPDATED,0.57638,"{'via': 'replay_raw', 'cycle_id': 0, 'structure_id': 0, 'struct_direction': 1, 'timeframe': 'M15', 'use_case': 'reversal', 'parent_tf': 'H1', 'parent_sid': 1, 'parent_cycle_id': 2, 'structure_path_id': 'H1.main >> M15.confluence', 'sub_sid': 2, 'started_by': 'reversal', 'start_trigger_idx': 4200}"
4082,RANGE,RANGE_UPDATED,,"{'hi': 0.57639, 'lo': 0.57516, 'structure_id': 0, 'struct_direction': 1, 'timeframe': 'M15', 'use_case': 'reversal', 'parent_tf': 'H1', 'parent_sid': 1, 'parent_cycle_id': 2, 'structure_path_id': 'H1.main >> M15.confluence', 'sub_sid': 2, 'started_by': 'reversal', 'start_trigger_idx': 4200}"
4082,STRUCTURE,CTS_UPDATED,0.57639,"{'via': 'replay_raw', 'cycle_id': 0, 'structure_id': 0, 'struct_direction': 1, 'timeframe': 'M15', 'use_case': 'reversal', 'parent_tf': 'H1', 'parent_sid': 1, 'parent_cycle_id': 2, 'structure_path_id': 'H1.main >> M15.confluence', 'sub_sid': 2, 'started_by': 'reversal', 'start_trigger_idx': 4200}"
4083,RANGE,RANGE_UPDATED,,"{'hi': 0.57645, 'lo': 0.57516, 'structure_id': 0, 'struct_direction': 1, 'timeframe': 'M15', 'use_case': 'reversal', 'parent_tf': 'H1', 'parent_sid': 1, 'parent_cycle_id': 2, 'structure_path_id': 'H1.main >> M15.confluence', 'sub_sid': 2, 'started_by': 'reversal', 'start_trigger_idx': 4200}"
4083,STRUCTURE,CTS_UPDATED,0.57645,"{'via': 'replay_raw', 'cycle_id': 0, 'structure_id': 0, 'struct_direction': 1, 'timeframe': 'M15', 'use_case': 'reversal', 'parent_tf': 'H1', 'parent_sid': 1, 'parent_cycle_id': 2, 'structure_path_id': 'H1.main >> M15.confluence', 'sub_sid': 2, 'started_by': 'reversal', 'start_trigger_idx': 4200}"
4084,RANGE,RANGE_UPDATED,,"{'hi': 0.5766, 'lo': 0.57516, 'structure_id': 0, 'struct_direction': 1, 'timeframe': 'M15', 'use_case': 'reversal', 'parent_tf': 'H1', 'parent_sid': 1, 'parent_cycle_id': 2, 'structure_path_id': 'H1.main >> M15.confluence', 'sub_sid': 2, 'started_by': 'reversal', 'start_trigger_idx': 4200}"
4084,STRUCTURE,CTS_UPDATED,0.5766,"{'via': 'replay_raw', 'cycle_id': 0, 'structure_id': 0, 'struct_direction': 1, 'timeframe': 'M15', 'use_case': 'reversal', 'parent_tf': 'H1', 'parent_sid': 1, 'parent_cycle_id': 2, 'structure_path_id': 'H1.main >> M15.confluence', 'sub_sid': 2, 'started_by': 'reversal', 'start_trigger_idx': 4200}"
4085,RANGE,RANGE_UPDATED,,"{'hi': 0.5767, 'lo': 0.57516, 'structure_id': 0, 'struct_direction': 1, 'timeframe': 'M15', 'use_case': 'reversal', 'parent_tf': 'H1', 'parent_sid': 1, 'parent_cycle_id': 2, 'structure_path_id': 'H1.main >> M15.confluence', 'sub_sid': 2, 'started_by': 'reversal', 'start_trigger_idx': 4200}"
4085,STRUCTURE,CTS_UPDATED,0.5767,"{'via': 'replay_raw', 'cycle_id': 0, 'structure_id': 0, 'struct_direction': 1, 'timeframe': 'M15', 'use_case': 'reversal', 'parent_tf': 'H1', 'parent_sid': 1, 'parent_cycle_id': 2, 'structure_path_id': 'H1.main >> M15.confluence', 'sub_sid': 2, 'started_by': 'reversal', 'start_trigger_idx': 4200}"
4086,RANGE,RANGE_UPDATED,,"{'hi': 0.57674, 'lo': 0.57516, 'structure_id': 0, 'struct_direction': 1, 'timeframe': 'M15', 'use_case': 'reversal', 'parent_tf': 'H1', 'parent_sid': 1, 'parent_cycle_id': 2, 'structure_path_id': 'H1.main >> M15.confluence', 'sub_sid': 2, 'started_by': 'reversal', 'start_trigger_idx': 4200}"
4086,STRUCTURE,CTS_UPDATED,0.57674,"{'via': 'replay_raw', 'cycle_id': 0, 'structure_id': 0, 'struct_direction': 1, 'timeframe': 'M15', 'use_case': 'reversal', 'parent_tf': 'H1', 'parent_sid': 1, 'parent_cycle_id': 2, 'structure_path_id': 'H1.main >> M15.confluence', 'sub_sid': 2, 'started_by': 'reversal', 'start_trigger_idx': 4200}"
4098,RANGE,RANGE_UPDATED,,"{'hi': 0.57674, 'lo': 0.57514, 'structure_id': 0, 'struct_direction': 1, 'timeframe': 'M15', 'use_case': 'reversal', 'parent_tf': 'H1', 'parent_sid': 1, 'parent_cycle_id': 2, 'structure_path_id': 'H1.main >> M15.confluence', 'sub_sid': 2, 'started_by': 'reversal', 'start_trigger_idx': 4200}"
4103,RANGE,RANGE_UPDATED,,"{'reason': 'pullback_expand', 'hi': 0.57674, 'lo': 0.5742, 'pat': 'one_maru_opposite', 'structure_id': 0, 'struct_direction': 1, 'timeframe': 'M15', 'use_case': 'reversal', 'parent_tf': 'H1', 'parent_sid': 1, 'parent_cycle_id': 2, 'structure_path_id': 'H1.main >> M15.confluence', 'sub_sid': 2, 'started_by': 'reversal', 'start_trigger_idx': 4200}"
4103,STRUCTURE,CTS_CONFIRMED,0.57674,"{'via': 'one_maru_opposite', 'cycle_id': 0, 'structure_id': 0, 'struct_direction': 1, 'confirmed_at': 4103, 'cts_anchor_idx': 4086, 'confirmation_method': 'pullback', 'timeframe': 'M15', 'use_case': 'reversal', 'parent_tf': 'H1', 'parent_sid': 1, 'parent_cycle_id': 2, 'structure_path_id': 'H1.main >> M15.confluence', 'sub_sid': 2, 'started_by': 'reversal', 'start_trigger_idx': 4200}"
4103,STATE,STATE_CHANGED,,"{'from': 'range', 'to': 'pullback', 'structure_id': 0, 'struct_direction': 1, 'reason': 'pullback_pattern', 'pat': 'one_maru_opposite', 'effective_idx': 153, 'timeframe': 'M15', 'use_case': 'reversal', 'parent_tf': 'H1', 'parent_sid': 1, 'parent_cycle_id': 2, 'structure_path_id': 'H1.main >> M15.confluence', 'sub_sid': 2, 'started_by': 'reversal', 'start_trigger_idx': 4200}"
4104,STATE,STATE_CHANGED,,"{'from': 'pullback', 'to': 'pullback_range', 'structure_id': 0, 'struct_direction': 1, 'reason': 'replay_no_expand_pullback_side', 'effective_idx': 154, 'timeframe': 'M15', 'use_case': 'reversal', 'parent_tf': 'H1', 'parent_sid': 1, 'parent_cycle_id': 2, 'structure_path_id': 'H1.main >> M15.confluence', 'sub_sid': 2, 'started_by': 'reversal', 'start_trigger_idx': 4200}"
4129,RANGE,RANGE_UPDATED,,"{'hi': 0.57674, 'lo': 0.57413, 'structure_id': 0, 'struct_direction': 1, 'timeframe': 'M15', 'use_case': 'reversal', 'parent_tf': 'H1', 'parent_sid': 1, 'parent_cycle_id': 2, 'structure_path_id': 'H1.main >> M15.confluence', 'sub_sid': 2, 'started_by': 'reversal', 'start_trigger_idx': 4200}"
4129,STATE,STATE_CHANGED,,"{'from': 'pullback_range', 'to': 'pullback', 'structure_id': 0, 'struct_direction': 1, 'reason': 'replay_expand_pullback_side', 'effective_idx': 179, 'timeframe': 'M15', 'use_case': 'reversal', 'parent_tf': 'H1', 'parent_sid': 1, 'parent_cycle_id': 2, 'structure_path_id': 'H1.main >> M15.confluence', 'sub_sid': 2, 'started_by': 'reversal', 'start_trigger_idx': 4200}"
4130,STATE,STATE_CHANGED,,"{'from': 'pullback', 'to': 'pullback_range', 'structure_id': 0, 'struct_direction': 1, 'reason': 'replay_no_expand_pullback_side', 'effective_idx': 180, 'timeframe': 'M15', 'use_case': 'reversal', 'parent_tf': 'H1', 'parent_sid': 1, 'parent_cycle_id': 2, 'structure_path_id': 'H1.main >> M15.confluence', 'sub_sid': 2, 'started_by': 'reversal', 'start_trigger_idx': 4200}"
4140,RANGE,RANGE_UPDATED,,"{'hi': 0.57682, 'lo': 0.57413, 'structure_id': 0, 'struct_direction': 1, 'timeframe': 'M15', 'use_case': 'reversal', 'parent_tf': 'H1', 'parent_sid': 1, 'parent_cycle_id': 2, 'structure_path_id': 'H1.main >> M15.confluence', 'sub_sid': 2, 'started_by': 'reversal', 'start_trigger_idx': 4200}"
4140,STRUCTURE,CTS_THRESHOLD_UPDATED,0.57682,"{'prev': 0.57674, 'reason': 'range_sync', 'cycle_id': 0, 'structure_id': 0, 'struct_direction': 1, 'timeframe': 'M15', 'use_case': 'reversal', 'parent_tf': 'H1', 'parent_sid': 1, 'parent_cycle_id': 2, 'structure_path_id': 'H1.main >> M15.confluence', 'sub_sid': 2, 'started_by': 'reversal', 'start_trigger_idx': 4200}"
4141,RANGE,RANGE_UPDATED,,"{'hi': 0.5773, 'lo': 0.57413, 'structure_id': 0, 'struct_direction': 1, 'timeframe': 'M15', 'use_case': 'reversal', 'parent_tf': 'H1', 'parent_sid': 1, 'parent_cycle_id': 2, 'structure_path_id': 'H1.main >> M15.confluence', 'sub_sid': 2, 'started_by': 'reversal', 'start_trigger_idx': 4200}"
4141,STRUCTURE,CTS_THRESHOLD_UPDATED,0.5773,"{'prev': 0.57682, 'reason': 'range_sync', 'cycle_id': 0, 'structure_id': 0, 'struct_direction': 1, 'timeframe': 'M15', 'use_case': 'reversal', 'parent_tf': 'H1', 'parent_sid': 1, 'parent_cycle_id': 2, 'structure_path_id': 'H1.main >> M15.confluence', 'sub_sid': 2, 'started_by': 'reversal', 'start_trigger_idx': 4200}"
4153,RANGE,RANGE_UPDATED,,"{'hi': 0.57738, 'lo': 0.57413, 'structure_id': 0, 'struct_direction': 1, 'timeframe': 'M15', 'use_case': 'reversal', 'parent_tf': 'H1', 'parent_sid': 1, 'parent_cycle_id': 2, 'structure_path_id': 'H1.main >> M15.confluence', 'sub_sid': 2, 'started_by': 'reversal', 'start_trigger_idx': 4200}"
4153,STRUCTURE,CTS_THRESHOLD_UPDATED,0.57738,"{'prev': 0.5773, 'reason': 'range_sync', 'cycle_id': 0, 'structure_id': 0, 'struct_direction': 1, 'timeframe': 'M15', 'use_case': 'reversal', 'parent_tf': 'H1', 'parent_sid': 1, 'parent_cycle_id': 2, 'structure_path_id': 'H1.main >> M15.confluence', 'sub_sid': 2, 'started_by': 'reversal', 'start_trigger_idx': 4200}"
4157,RANGE,RANGE_RESET,,"{'reason': 'range_breakout', 'pat': 'one_maru_continuous', 'structure_id': 0, 'struct_direction': 1, 'timeframe': 'M15', 'use_case': 'reversal', 'parent_tf': 'H1', 'parent_sid': 1, 'parent_cycle_id': 2, 'structure_path_id': 'H1.main >> M15.confluence', 'sub_sid': 2, 'started_by': 'reversal', 'start_trigger_idx': 4200}"
4157,STRUCTURE,CTS_ESTABLISHED,0.57798,"{'via': 'one_maru_continuous', 'anchor_idx': 4154, 'pattern_name': 'one_maru_continuous', 'confirmed_at': 4157, 'cycle_id': 1, 'structure_id': 0, 'struct_direction': 1, 'timeframe': 'M15', 'use_case': 'reversal', 'parent_tf': 'H1', 'parent_sid': 1, 'parent_cycle_id': 2, 'structure_path_id': 'H1.main >> M15.confluence', 'sub_sid': 2, 'started_by': 'reversal', 'start_trigger_idx': 4200}"
4129,STRUCTURE,BOS_CONFIRMED,0.57413,"{'source': 'pullback_extreme', 'confirmed_at': 4157, 'pb_start': 153, 'cycle_id': 1, 'structure_id': 0, 'struct_direction': 1, 'timeframe': 'M15', 'use_case': 'reversal', 'parent_tf': 'H1', 'parent_sid': 1, 'parent_cycle_id': 2, 'structure_path_id': 'H1.main >> M15.confluence', 'sub_sid': 2, 'started_by': 'reversal', 'start_trigger_idx': 4200}"
4157,STATE,STATE_CHANGED,,"{'from': 'pullback_range', 'to': 'breakout', 'structure_id': 0, 'struct_direction': 1, 'reason': 'breakout_pattern', 'pat': 'one_maru_continuous', 'effective_idx': 207, 'timeframe': 'M15', 'use_case': 'reversal', 'parent_tf': 'H1', 'parent_sid': 1, 'parent_cycle_id': 2, 'structure_path_id': 'H1.main >> M15.confluence', 'sub_sid': 2, 'started_by': 'reversal', 'start_trigger_idx': 4200}"
4159,RANGE,RANGE_STARTED,,"{'reason': 'pullback_created_range', 'cts_idx': 207, 'cts_price': 0.57798, 'pullback_apply_idx': 209, 'hi': 0.57798, 'lo': 0.57741, 'pat': 'one_maru_continuous', 'structure_id': 0, 'struct_direction': 1, 'timeframe': 'M15', 'use_case': 'reversal', 'parent_tf': 'H1', 'parent_sid': 1, 'parent_cycle_id': 2, 'structure_path_id': 'H1.main >> M15.confluence', 'sub_sid': 2, 'started_by': 'reversal', 'start_trigger_idx': 4200}"
4159,STRUCTURE,CTS_CONFIRMED,0.57798,"{'via': 'one_maru_continuous', 'cycle_id': 1, 'structure_id': 0, 'struct_direction': 1, 'confirmed_at': 4159, 'cts_anchor_idx': 4157, 'confirmation_method': 'pullback', 'timeframe': 'M15', 'use_case': 'reversal', 'parent_tf': 'H1', 'parent_sid': 1, 'parent_cycle_id': 2, 'structure_path_id': 'H1.main >> M15.confluence', 'sub_sid': 2, 'started_by': 'reversal', 'start_trigger_idx': 4200}"
4159,STATE,STATE_CHANGED,,"{'from': 'breakout', 'to': 'pullback', 'structure_id': 0, 'struct_direction': 1, 'reason': 'pullback_pattern', 'pat': 'one_maru_continuous', 'effective_idx': 209, 'timeframe': 'M15', 'use_case': 'reversal', 'parent_tf': 'H1', 'parent_sid': 1, 'parent_cycle_id': 2, 'structure_path_id': 'H1.main >> M15.confluence', 'sub_sid': 2, 'started_by': 'reversal', 'start_trigger_idx': 4200}"
4160,RANGE,RANGE_UPDATED,,"{'hi': 0.57798, 'lo': 0.57739, 'structure_id': 0, 'struct_direction': 1, 'timeframe': 'M15', 'use_case': 'reversal', 'parent_tf': 'H1', 'parent_sid': 1, 'parent_cycle_id': 2, 'structure_path_id': 'H1.main >> M15.confluence', 'sub_sid': 2, 'started_by': 'reversal', 'start_trigger_idx': 4200}"
4161,RANGE,RANGE_UPDATED,,"{'hi': 0.57798, 'lo': 0.57734, 'structure_id': 0, 'struct_direction': 1, 'timeframe': 'M15', 'use_case': 'reversal', 'parent_tf': 'H1', 'parent_sid': 1, 'parent_cycle_id': 2, 'structure_path_id': 'H1.main >> M15.confluence', 'sub_sid': 2, 'started_by': 'reversal', 'start_trigger_idx': 4200}"
4162,RANGE,RANGE_UPDATED,,"{'hi': 0.57798, 'lo': 0.57728, 'structure_id': 0, 'struct_direction': 1, 'timeframe': 'M15', 'use_case': 'reversal', 'parent_tf': 'H1', 'parent_sid': 1, 'parent_cycle_id': 2, 'structure_path_id': 'H1.main >> M15.confluence', 'sub_sid': 2, 'started_by': 'reversal', 'start_trigger_idx': 4200}"
4163,RANGE,RANGE_UPDATED,,"{'hi': 0.57798, 'lo': 0.57724, 'structure_id': 0, 'struct_direction': 1, 'timeframe': 'M15', 'use_case': 'reversal', 'parent_tf': 'H1', 'parent_sid': 1, 'parent_cycle_id': 2, 'structure_path_id': 'H1.main >> M15.confluence', 'sub_sid': 2, 'started_by': 'reversal', 'start_trigger_idx': 4200}"
4164,STATE,STATE_CHANGED,,"{'from': 'pullback', 'to': 'pullback_range', 'structure_id': 0, 'struct_direction': 1, 'reason': 'replay_no_expand_pullback_side', 'effective_idx': 214, 'timeframe': 'M15', 'use_case': 'reversal', 'parent_tf': 'H1', 'parent_sid': 1, 'parent_cycle_id': 2, 'structure_path_id': 'H1.main >> M15.confluence', 'sub_sid': 2, 'started_by': 'reversal', 'start_trigger_idx': 4200}"
4166,RANGE,RANGE_UPDATED,,"{'hi': 0.57798, 'lo': 0.57705, 'structure_id': 0, 'struct_direction': 1, 'timeframe': 'M15', 'use_case': 'reversal', 'parent_tf': 'H1', 'parent_sid': 1, 'parent_cycle_id': 2, 'structure_path_id': 'H1.main >> M15.confluence', 'sub_sid': 2, 'started_by': 'reversal', 'start_trigger_idx': 4200}"
4166,STATE,STATE_CHANGED,,"{'from': 'pullback_range', 'to': 'pullback', 'structure_id': 0, 'struct_direction': 1, 'reason': 'replay_expand_pullback_side', 'effective_idx': 216, 'timeframe': 'M15', 'use_case': 'reversal', 'parent_tf': 'H1', 'parent_sid': 1, 'parent_cycle_id': 2, 'structure_path_id': 'H1.main >> M15.confluence', 'sub_sid': 2, 'started_by': 'reversal', 'start_trigger_idx': 4200}"
4167,RANGE,RANGE_UPDATED,,"{'hi': 0.57798, 'lo': 0.57695, 'structure_id': 0, 'struct_direction': 1, 'timeframe': 'M15', 'use_case': 'reversal', 'parent_tf': 'H1', 'parent_sid': 1, 'parent_cycle_id': 2, 'structure_path_id': 'H1.main >> M15.confluence', 'sub_sid': 2, 'started_by': 'reversal', 'start_trigger_idx': 4200}"
4168,RANGE,RANGE_UPDATED,,"{'hi': 0.57798, 'lo': 0.57691, 'structure_id': 0, 'struct_direction': 1, 'timeframe': 'M15', 'use_case': 'reversal', 'parent_tf': 'H1', 'parent_sid': 1, 'parent_cycle_id': 2, 'structure_path_id': 'H1.main >> M15.confluence', 'sub_sid': 2, 'started_by': 'reversal', 'start_trigger_idx': 4200}"
4169,STATE,STATE_CHANGED,,"{'from': 'pullback', 'to': 'pullback_range', 'structure_id': 0, 'struct_direction': 1, 'reason': 'replay_no_expand_pullback_side', 'effective_idx': 219, 'timeframe': 'M15', 'use_case': 'reversal', 'parent_tf': 'H1', 'parent_sid': 1, 'parent_cycle_id': 2, 'structure_path_id': 'H1.main >> M15.confluence', 'sub_sid': 2, 'started_by': 'reversal', 'start_trigger_idx': 4200}"
4177,RANGE,RANGE_UPDATED,,"{'hi': 0.57802, 'lo': 0.57691, 'structure_id': 0, 'struct_direction': 1, 'timeframe': 'M15', 'use_case': 'reversal', 'parent_tf': 'H1', 'parent_sid': 1, 'parent_cycle_id': 2, 'structure_path_id': 'H1.main >> M15.confluence', 'sub_sid': 2, 'started_by': 'reversal', 'start_trigger_idx': 4200}"
4177,STRUCTURE,CTS_THRESHOLD_UPDATED,0.57802,"{'prev': 0.57798, 'reason': 'range_sync', 'cycle_id': 1, 'structure_id': 0, 'struct_direction': 1, 'timeframe': 'M15', 'use_case': 'reversal', 'parent_tf': 'H1', 'parent_sid': 1, 'parent_cycle_id': 2, 'structure_path_id': 'H1.main >> M15.confluence', 'sub_sid': 2, 'started_by': 'reversal', 'start_trigger_idx': 4200}"
4179,RANGE,RANGE_RESET,,"{'reason': 'range_breakout', 'pat': 'one_maru_continuous', 'structure_id': 0, 'struct_direction': 1, 'timeframe': 'M15', 'use_case': 'reversal', 'parent_tf': 'H1', 'parent_sid': 1, 'parent_cycle_id': 2, 'structure_path_id': 'H1.main >> M15.confluence', 'sub_sid': 2, 'started_by': 'reversal', 'start_trigger_idx': 4200}"
4179,STRUCTURE,CTS_ESTABLISHED,0.57856,"{'via': 'one_maru_continuous', 'anchor_idx': 4178, 'pattern_name': 'one_maru_continuous', 'confirmed_at': 4179, 'cycle_id': 2, 'structure_id': 0, 'struct_direction': 1, 'timeframe': 'M15', 'use_case': 'reversal', 'parent_tf': 'H1', 'parent_sid': 1, 'parent_cycle_id': 2, 'structure_path_id': 'H1.main >> M15.confluence', 'sub_sid': 2, 'started_by': 'reversal', 'start_trigger_idx': 4200}"
4168,STRUCTURE,BOS_CONFIRMED,0.57691,"{'source': 'pullback_extreme', 'confirmed_at': 4179, 'pb_start': 209, 'cycle_id': 2, 'structure_id': 0, 'struct_direction': 1, 'timeframe': 'M15', 'use_case': 'reversal', 'parent_tf': 'H1', 'parent_sid': 1, 'parent_cycle_id': 2, 'structure_path_id': 'H1.main >> M15.confluence', 'sub_sid': 2, 'started_by': 'reversal', 'start_trigger_idx': 4200}"
4179,STATE,STATE_CHANGED,,"{'from': 'pullback_range', 'to': 'breakout', 'structure_id': 0, 'struct_direction': 1, 'reason': 'breakout_pattern', 'pat': 'one_maru_continuous', 'effective_idx': 229, 'timeframe': 'M15', 'use_case': 'reversal', 'parent_tf': 'H1', 'parent_sid': 1, 'parent_cycle_id': 2, 'structure_path_id': 'H1.main >> M15.confluence', 'sub_sid': 2, 'started_by': 'reversal', 'start_trigger_idx': 4200}"
4181,RANGE,RANGE_STARTED,,"{'start_idx': 229, 'confirm_idx': 231, 'hi': 0.57856, 'lo': 0.57814, 'cts_idx': 229, 'cts_price': 0.57856, 'structure_id': 0, 'struct_direction': 1, 'timeframe': 'M15', 'use_case': 'reversal', 'parent_tf': 'H1', 'parent_sid': 1, 'parent_cycle_id': 2, 'structure_path_id': 'H1.main >> M15.confluence', 'sub_sid': 2, 'started_by': 'reversal', 'start_trigger_idx': 4200}"
4181,STATE,STATE_CHANGED,,"{'from': 'breakout', 'to': 'range', 'structure_id': 0, 'struct_direction': 1, 'reason': 'range_confirmed', 'effective_idx': 229, 'timeframe': 'M15', 'use_case': 'reversal', 'parent_tf': 'H1', 'parent_sid': 1, 'parent_cycle_id': 2, 'structure_path_id': 'H1.main >> M15.confluence', 'sub_sid': 2, 'started_by': 'reversal', 'start_trigger_idx': 4200}"
4180,RANGE,RANGE_UPDATED,,"{'hi': 0.57856, 'lo': 0.57812, 'structure_id': 0, 'struct_direction': 1, 'timeframe': 'M15', 'use_case': 'reversal', 'parent_tf': 'H1', 'parent_sid': 1, 'parent_cycle_id': 2, 'structure_path_id': 'H1.main >> M15.confluence', 'sub_sid': 2, 'started_by': 'reversal', 'start_trigger_idx': 4200}"
4181,RANGE,RANGE_UPDATED,,"{'hi': 0.57856, 'lo': 0.57804, 'structure_id': 0, 'struct_direction': 1, 'timeframe': 'M15', 'use_case': 'reversal', 'parent_tf': 'H1', 'parent_sid': 1, 'parent_cycle_id': 2, 'structure_path_id': 'H1.main >> M15.confluence', 'sub_sid': 2, 'started_by': 'reversal', 'start_trigger_idx': 4200}"
4182,RANGE,RANGE_UPDATED,,"{'hi': 0.57856, 'lo': 0.57798, 'structure_id': 0, 'struct_direction': 1, 'timeframe': 'M15', 'use_case': 'reversal', 'parent_tf': 'H1', 'parent_sid': 1, 'parent_cycle_id': 2, 'structure_path_id': 'H1.main >> M15.confluence', 'sub_sid': 2, 'started_by': 'reversal', 'start_trigger_idx': 4200}"
4184,RANGE,RANGE_UPDATED,,"{'hi': 0.57858, 'lo': 0.57798, 'structure_id': 0, 'struct_direction': 1, 'timeframe': 'M15', 'use_case': 'reversal', 'parent_tf': 'H1', 'parent_sid': 1, 'parent_cycle_id': 2, 'structure_path_id': 'H1.main >> M15.confluence', 'sub_sid': 2, 'started_by': 'reversal', 'start_trigger_idx': 4200}"
4184,STRUCTURE,CTS_UPDATED,0.57858,"{'via': 'replay_raw', 'cycle_id': 2, 'structure_id': 0, 'struct_direction': 1, 'timeframe': 'M15', 'use_case': 'reversal', 'parent_tf': 'H1', 'parent_sid': 1, 'parent_cycle_id': 2, 'structure_path_id': 'H1.main >> M15.confluence', 'sub_sid': 2, 'started_by': 'reversal', 'start_trigger_idx': 4200}"
4185,RANGE,RANGE_UPDATED,,"{'hi': 0.57872, 'lo': 0.57798, 'structure_id': 0, 'struct_direction': 1, 'timeframe': 'M15', 'use_case': 'reversal', 'parent_tf': 'H1', 'parent_sid': 1, 'parent_cycle_id': 2, 'structure_path_id': 'H1.main >> M15.confluence', 'sub_sid': 2, 'started_by': 'reversal', 'start_trigger_idx': 4200}"
4185,STRUCTURE,CTS_UPDATED,0.57872,"{'via': 'replay_raw', 'cycle_id': 2, 'structure_id': 0, 'struct_direction': 1, 'timeframe': 'M15', 'use_case': 'reversal', 'parent_tf': 'H1', 'parent_sid': 1, 'parent_cycle_id': 2, 'structure_path_id': 'H1.main >> M15.confluence', 'sub_sid': 2, 'started_by': 'reversal', 'start_trigger_idx': 4200}"
4186,RANGE,RANGE_UPDATED,,"{'hi': 0.57873, 'lo': 0.57798, 'structure_id': 0, 'struct_direction': 1, 'timeframe': 'M15', 'use_case': 'reversal', 'parent_tf': 'H1', 'parent_sid': 1, 'parent_cycle_id': 2, 'structure_path_id': 'H1.main >> M15.confluence', 'sub_sid': 2, 'started_by': 'reversal', 'start_trigger_idx': 4200}"
4186,STRUCTURE,CTS_UPDATED,0.57873,"{'via': 'replay_raw', 'cycle_id': 2, 'structure_id': 0, 'struct_direction': 1, 'timeframe': 'M15', 'use_case': 'reversal', 'parent_tf': 'H1', 'parent_sid': 1, 'parent_cycle_id': 2, 'structure_path_id': 'H1.main >> M15.confluence', 'sub_sid': 2, 'started_by': 'reversal', 'start_trigger_idx': 4200}"
4187,RANGE,RANGE_UPDATED,,"{'hi': 0.57874, 'lo': 0.57798, 'structure_id': 0, 'struct_direction': 1, 'timeframe': 'M15', 'use_case': 'reversal', 'parent_tf': 'H1', 'parent_sid': 1, 'parent_cycle_id': 2, 'structure_path_id': 'H1.main >> M15.confluence', 'sub_sid': 2, 'started_by': 'reversal', 'start_trigger_idx': 4200}"
4187,STRUCTURE,CTS_UPDATED,0.57874,"{'via': 'replay_raw', 'cycle_id': 2, 'structure_id': 0, 'struct_direction': 1, 'timeframe': 'M15', 'use_case': 'reversal', 'parent_tf': 'H1', 'parent_sid': 1, 'parent_cycle_id': 2, 'structure_path_id': 'H1.main >> M15.confluence', 'sub_sid': 2, 'started_by': 'reversal', 'start_trigger_idx': 4200}"
4189,RANGE,RANGE_UPDATED,,"{'hi': 0.57895, 'lo': 0.57798, 'structure_id': 0, 'struct_direction': 1, 'timeframe': 'M15', 'use_case': 'reversal', 'parent_tf': 'H1', 'parent_sid': 1, 'parent_cycle_id': 2, 'structure_path_id': 'H1.main >> M15.confluence', 'sub_sid': 2, 'started_by': 'reversal', 'start_trigger_idx': 4200}"
4189,STRUCTURE,CTS_UPDATED,0.57895,"{'via': 'replay_raw', 'cycle_id': 2, 'structure_id': 0, 'struct_direction': 1, 'timeframe': 'M15', 'use_case': 'reversal', 'parent_tf': 'H1', 'parent_sid': 1, 'parent_cycle_id': 2, 'structure_path_id': 'H1.main >> M15.confluence', 'sub_sid': 2, 'started_by': 'reversal', 'start_trigger_idx': 4200}"
4193,RANGE,RANGE_UPDATED,,"{'hi': 0.57895, 'lo': 0.57792, 'structure_id': 0, 'struct_direction': 1, 'timeframe': 'M15', 'use_case': 'reversal', 'parent_tf': 'H1', 'parent_sid': 1, 'parent_cycle_id': 2, 'structure_path_id': 'H1.main >> M15.confluence', 'sub_sid': 2, 'started_by': 'reversal', 'start_trigger_idx': 4200}"
4195,RANGE,RANGE_UPDATED,,"{'hi': 0.57898, 'lo': 0.57792, 'structure_id': 0, 'struct_direction': 1, 'timeframe': 'M15', 'use_case': 'reversal', 'parent_tf': 'H1', 'parent_sid': 1, 'parent_cycle_id': 2, 'structure_path_id': 'H1.main >> M15.confluence', 'sub_sid': 2, 'started_by': 'reversal', 'start_trigger_idx': 4200}"
4195,STRUCTURE,CTS_UPDATED,0.57898,"{'via': 'replay_raw', 'cycle_id': 2, 'structure_id': 0, 'struct_direction': 1, 'timeframe': 'M15', 'use_case': 'reversal', 'parent_tf': 'H1', 'parent_sid': 1, 'parent_cycle_id': 2, 'structure_path_id': 'H1.main >> M15.confluence', 'sub_sid': 2, 'started_by': 'reversal', 'start_trigger_idx': 4200}"
4196,STRUCTURE,CTS_UPDATED,0.5794,"{'via': 'replay_raw', 'cycle_id': 2, 'structure_id': 0, 'struct_direction': 1, 'timeframe': 'M15', 'use_case': 'reversal', 'parent_tf': 'H1', 'parent_sid': 1, 'parent_cycle_id': 2, 'structure_path_id': 'H1.main >> M15.confluence', 'sub_sid': 2, 'started_by': 'reversal', 'start_trigger_idx': 4200}"
4200,RANGE,RANGE_RESET,,"{'reason': 'range_breakout', 'pat': 'one_maru_opposite', 'structure_id': 0, 'struct_direction': 1, 'timeframe': 'M15', 'use_case': 'reversal', 'parent_tf': 'H1', 'parent_sid': 1, 'parent_cycle_id': 2, 'structure_path_id': 'H1.main >> M15.confluence', 'sub_sid': 2, 'started_by': 'reversal', 'start_trigger_idx': 4200}"
4200,STRUCTURE,CTS_UPDATED,0.57954,"{'via': 'one_maru_opposite', 'cycle_id': 2, 'structure_id': 0, 'struct_direction': 1, 'timeframe': 'M15', 'use_case': 'reversal', 'parent_tf': 'H1', 'parent_sid': 1, 'parent_cycle_id': 2, 'structure_path_id': 'H1.main >> M15.confluence', 'sub_sid': 2, 'started_by': 'reversal', 'start_trigger_idx': 4200}"
4200,STATE,STATE_CHANGED,,"{'from': 'range', 'to': 'breakout', 'structure_id': 0, 'struct_direction': 1, 'reason': 'breakout_pattern', 'pat': 'one_maru_opposite', 'effective_idx': 250, 'timeframe': 'M15', 'use_case': 'reversal', 'parent_tf': 'H1', 'parent_sid': 1, 'parent_cycle_id': 2, 'structure_path_id': 'H1.main >> M15.confluence', 'sub_sid': 2, 'started_by': 'reversal', 'start_trigger_idx': 4200}"
4203,RANGE,RANGE_STARTED,,"{'start_idx': 251, 'confirm_idx': 253, 'hi': 0.57954, 'lo': 0.5792, 'cts_idx': 250, 'cts_price': 0.57954, 'structure_id': 0, 'struct_direction': 1, 'timeframe': 'M15', 'use_case': 'reversal', 'parent_tf': 'H1', 'parent_sid': 1, 'parent_cycle_id': 2, 'structure_path_id': 'H1.main >> M15.confluence', 'sub_sid': 2, 'started_by': 'reversal', 'start_trigger_idx': 4200}"
4203,STATE,STATE_CHANGED,,"{'from': 'breakout', 'to': 'range', 'structure_id': 0, 'struct_direction': 1, 'reason': 'range_confirmed', 'effective_idx': 251, 'timeframe': 'M15', 'use_case': 'reversal', 'parent_tf': 'H1', 'parent_sid': 1, 'parent_cycle_id': 2, 'structure_path_id': 'H1.main >> M15.confluence', 'sub_sid': 2, 'started_by': 'reversal', 'start_trigger_idx': 4200}"
4202,RANGE,RANGE_UPDATED,,"{'hi': 0.57954, 'lo': 0.57917, 'structure_id': 0, 'struct_direction': 1, 'timeframe': 'M15', 'use_case': 'reversal', 'parent_tf': 'H1', 'parent_sid': 1, 'parent_cycle_id': 2, 'structure_path_id': 'H1.main >> M15.confluence', 'sub_sid': 2, 'started_by': 'reversal', 'start_trigger_idx': 4200}"
4206,RANGE,RANGE_UPDATED,,"{'hi': 0.57967, 'lo': 0.57917, 'structure_id': 0, 'struct_direction': 1, 'timeframe': 'M15', 'use_case': 'reversal', 'parent_tf': 'H1', 'parent_sid': 1, 'parent_cycle_id': 2, 'structure_path_id': 'H1.main >> M15.confluence', 'sub_sid': 2, 'started_by': 'reversal', 'start_trigger_idx': 4200}"
4206,STRUCTURE,CTS_UPDATED,0.57967,"{'via': 'replay_raw', 'cycle_id': 2, 'structure_id': 0, 'struct_direction': 1, 'timeframe': 'M15', 'use_case': 'reversal', 'parent_tf': 'H1', 'parent_sid': 1, 'parent_cycle_id': 2, 'structure_path_id': 'H1.main >> M15.confluence', 'sub_sid': 2, 'started_by': 'reversal', 'start_trigger_idx': 4200}"
4207,RANGE,RANGE_UPDATED,,"{'hi': 0.5797, 'lo': 0.57917, 'structure_id': 0, 'struct_direction': 1, 'timeframe': 'M15', 'use_case': 'reversal', 'parent_tf': 'H1', 'parent_sid': 1, 'parent_cycle_id': 2, 'structure_path_id': 'H1.main >> M15.confluence', 'sub_sid': 2, 'started_by': 'reversal', 'start_trigger_idx': 4200}"
4207,STRUCTURE,CTS_UPDATED,0.5797,"{'via': 'replay_raw', 'cycle_id': 2, 'structure_id': 0, 'struct_direction': 1, 'timeframe': 'M15', 'use_case': 'reversal', 'parent_tf': 'H1', 'parent_sid': 1, 'parent_cycle_id': 2, 'structure_path_id': 'H1.main >> M15.confluence', 'sub_sid': 2, 'started_by': 'reversal', 'start_trigger_idx': 4200}"
4214,RANGE,RANGE_UPDATED,,"{'hi': 0.5797, 'lo': 0.57914, 'structure_id': 0, 'struct_direction': 1, 'timeframe': 'M15', 'use_case': 'reversal', 'parent_tf': 'H1', 'parent_sid': 1, 'parent_cycle_id': 2, 'structure_path_id': 'H1.main >> M15.confluence', 'sub_sid': 2, 'started_by': 'reversal', 'start_trigger_idx': 4200}"
4215,RANGE,RANGE_UPDATED,,"{'hi': 0.5797, 'lo': 0.57912, 'structure_id': 0, 'struct_direction': 1, 'timeframe': 'M15', 'use_case': 'reversal', 'parent_tf': 'H1', 'parent_sid': 1, 'parent_cycle_id': 2, 'structure_path_id': 'H1.main >> M15.confluence', 'sub_sid': 2, 'started_by': 'reversal', 'start_trigger_idx': 4200}"
4216,RANGE,RANGE_UPDATED,,"{'hi': 0.5797, 'lo': 0.57892, 'structure_id': 0, 'struct_direction': 1, 'timeframe': 'M15', 'use_case': 'reversal', 'parent_tf': 'H1', 'parent_sid': 1, 'parent_cycle_id': 2, 'structure_path_id': 'H1.main >> M15.confluence', 'sub_sid': 2, 'started_by': 'reversal', 'start_trigger_idx': 4200}"
4222,RANGE,RANGE_UPDATED,,"{'hi': 0.58034, 'lo': 0.57892, 'structure_id': 0, 'struct_direction': 1, 'timeframe': 'M15', 'use_case': 'reversal', 'parent_tf': 'H1', 'parent_sid': 1, 'parent_cycle_id': 2, 'structure_path_id': 'H1.main >> M15.confluence', 'sub_sid': 2, 'started_by': 'reversal', 'start_trigger_idx': 4200}"
4222,STRUCTURE,CTS_UPDATED,0.58034,"{'via': 'replay_raw', 'cycle_id': 2, 'structure_id': 0, 'struct_direction': 1, 'timeframe': 'M15', 'use_case': 'reversal', 'parent_tf': 'H1', 'parent_sid': 1, 'parent_cycle_id': 2, 'structure_path_id': 'H1.main >> M15.confluence', 'sub_sid': 2, 'started_by': 'reversal', 'start_trigger_idx': 4200}"
