idx,category,type,price,meta
458,STRUCTURE,CTS_ESTABLISHED,0.56042,"{'via': 'one_maru_opposite', 'pattern_anchor_idx': 457, 'pattern_name': 'one_maru_opposite', 'confirmed_at': 458, 'cycle_id': 0, 'structure_id': 0, 'struct_direction': 1, 'cts_anchor_idx': 458, 'structure_path_id': 'H1.main >> M15.confluence', 'use_case': 'first_confluence', 'parent_sid': 0, 'parent_cycle_id': 0, 'timeframe': 'M15', 'parent_tf': 'H1', 'sub_id': 0, 'started_by': 'first_confluence'}"
458,STRUCTURE,BOS_CONFIRMED,0.55874,"{'source': 'initial_prior_extreme', 'confirmed_at': 458, 'last_pullback_apply_idx': None, 'cycle_id': 0, 'structure_id': 0, 'struct_direction': 1, 'bos_anchor_idx': 454, 'structure_path_id': 'H1.main >> M15.confluence', 'use_case': 'first_confluence', 'parent_sid': 0, 'parent_cycle_id': 0, 'timeframe': 'M15', 'parent_tf': 'H1', 'sub_id': 0, 'started_by': 'first_confluence'}"
458,STATE,STATE_CHANGED,,"{'from': 'none', 'to': 'breakout', 'structure_id': 0, 'struct_direction': 1, 'reason': 'breakout_pattern', 'pat': 'one_maru_opposite', 'effective_idx': 458, 'structure_path_id': 'H1.main >> M15.confluence', 'use_case': 'first_confluence', 'parent_sid': 0, 'parent_cycle_id': 0, 'timeframe': 'M15', 'parent_tf': 'H1', 'sub_id': 0, 'started_by': 'first_confluence'}"
459,STRUCTURE,CTS_UPDATED,0.56084,"{'via': 'replay_raw', 'cycle_id': 0, 'structure_id': 0, 'struct_direction': 1, 'structure_path_id': 'H1.main >> M15.confluence', 'use_case': 'first_confluence', 'parent_sid': 0, 'parent_cycle_id': 0, 'timeframe': 'M15', 'parent_tf': 'H1', 'sub_id': 0, 'started_by': 'first_confluence'}"
460,STRUCTURE,CTS_UPDATED,0.56126,"{'via': 'replay_raw', 'cycle_id': 0, 'structure_id': 0, 'struct_direction': 1, 'structure_path_id': 'H1.main >> M15.confluence', 'use_case': 'first_confluence', 'parent_sid': 0, 'parent_cycle_id': 0, 'timeframe': 'M15', 'parent_tf': 'H1', 'sub_id': 0, 'started_by': 'first_confluence'}"
462,RANGE,RANGE_STARTED,,"{'start_idx': 460, 'confirm_idx': 462, 'hi': 0.56126, 'lo': 0.5608, 'cts_anchor_idx': 460, 'cts_price': 0.56126, 'structure_id': 0, 'struct_direction': 1, 'structure_path_id': 'H1.main >> M15.confluence', 'use_case': 'first_confluence', 'parent_sid': 0, 'parent_cycle_id': 0, 'timeframe': 'M15', 'parent_tf': 'H1', 'sub_id': 0, 'started_by': 'first_confluence'}"
462,STATE,STATE_CHANGED,,"{'from': 'breakout', 'to': 'range', 'structure_id': 0, 'struct_direction': 1, 'reason': 'range_confirmed', 'effective_idx': 460, 'structure_path_id': 'H1.main >> M15.confluence', 'use_case': 'first_confluence', 'parent_sid': 0, 'parent_cycle_id': 0, 'timeframe': 'M15', 'parent_tf': 'H1', 'sub_id': 0, 'started_by': 'first_confluence'}"
461,RANGE,RANGE_UPDATED,,"{'hi': 0.56126, 'lo': 0.56042, 'structure_id': 0, 'struct_direction': 1, 'structure_path_id': 'H1.main >> M15.confluence', 'use_case': 'first_confluence', 'parent_sid': 0, 'parent_cycle_id': 0, 'timeframe': 'M15', 'parent_tf': 'H1', 'sub_id': 0, 'started_by': 'first_confluence'}"
464,RANGE,RANGE_UPDATED,,"{'hi': 0.56126, 'lo': 0.56032, 'structure_id': 0, 'struct_direction': 1, 'structure_path_id': 'H1.main >> M15.confluence', 'use_case': 'first_confluence', 'parent_sid': 0, 'parent_cycle_id': 0, 'timeframe': 'M15', 'parent_tf': 'H1', 'sub_id': 0, 'started_by': 'first_confluence'}"
465,RANGE,RANGE_UPDATED,,"{'hi': 0.56126, 'lo': 0.56014, 'structure_id': 0, 'struct_direction': 1, 'structure_path_id': 'H1.main >> M15.confluence', 'use_case': 'first_confluence', 'parent_sid': 0, 'parent_cycle_id': 0, 'timeframe': 'M15', 'parent_tf': 'H1', 'sub_id': 0, 'started_by': 'first_confluence'}"
470,RANGE,RANGE_UPDATED,,"{'hi': 0.56154, 'lo': 0.56014, 'structure_id': 0, 'struct_direction': 1, 'structure_path_id': 'H1.main >> M15.confluence', 'use_case': 'first_confluence', 'parent_sid': 0, 'parent_cycle_id': 0, 'timeframe': 'M15', 'parent_tf': 'H1', 'sub_id': 0, 'started_by': 'first_confluence'}"
470,STRUCTURE,CTS_UPDATED,0.56154,"{'via': 'replay_raw', 'cycle_id': 0, 'structure_id': 0, 'struct_direction': 1, 'structure_path_id': 'H1.main >> M15.confluence', 'use_case': 'first_confluence', 'parent_sid': 0, 'parent_cycle_id': 0, 'timeframe': 'M15', 'parent_tf': 'H1', 'sub_id': 0, 'started_by': 'first_confluence'}"
477,RANGE,RANGE_UPDATED,,"{'hi': 0.56158, 'lo': 0.56014, 'structure_id': 0, 'struct_direction': 1, 'structure_path_id': 'H1.main >> M15.confluence', 'use_case': 'first_confluence', 'parent_sid': 0, 'parent_cycle_id': 0, 'timeframe': 'M15', 'parent_tf': 'H1', 'sub_id': 0, 'started_by': 'first_confluence'}"
477,STRUCTURE,CTS_UPDATED,0.56158,"{'via': 'replay_raw', 'cycle_id': 0, 'structure_id': 0, 'struct_direction': 1, 'structure_path_id': 'H1.main >> M15.confluence', 'use_case': 'first_confluence', 'parent_sid': 0, 'parent_cycle_id': 0, 'timeframe': 'M15', 'parent_tf': 'H1', 'sub_id': 0, 'started_by': 'first_confluence'}"
515,RANGE,RANGE_UPDATED,,"{'hi': 0.56158, 'lo': 0.56008, 'structure_id': 0, 'struct_direction': 1, 'structure_path_id': 'H1.main >> M15.confluence', 'use_case': 'first_confluence', 'parent_sid': 0, 'parent_cycle_id': 0, 'timeframe': 'M15', 'parent_tf': 'H1', 'sub_id': 0, 'started_by': 'first_confluence'}"
516,RANGE,RANGE_UPDATED,,"{'hi': 0.56158, 'lo': 0.55994, 'structure_id': 0, 'struct_direction': 1, 'structure_path_id': 'H1.main >> M15.confluence', 'use_case': 'first_confluence', 'parent_sid': 0, 'parent_cycle_id': 0, 'timeframe': 'M15', 'parent_tf': 'H1', 'sub_id': 0, 'started_by': 'first_confluence'}"
525,RANGE,RANGE_UPDATED,,"{'hi': 0.56158, 'lo': 0.55955, 'structure_id': 0, 'struct_direction': 1, 'structure_path_id': 'H1.main >> M15.confluence', 'use_case': 'first_confluence', 'parent_sid': 0, 'parent_cycle_id': 0, 'timeframe': 'M15', 'parent_tf': 'H1', 'sub_id': 0, 'started_by': 'first_confluence'}"
588,RANGE,RANGE_UPDATED,,"{'hi': 0.56184, 'lo': 0.55955, 'structure_id': 0, 'struct_direction': 1, 'structure_path_id': 'H1.main >> M15.confluence', 'use_case': 'first_confluence', 'parent_sid': 0, 'parent_cycle_id': 0, 'timeframe': 'M15', 'parent_tf': 'H1', 'sub_id': 0, 'started_by': 'first_confluence'}"
588,STRUCTURE,CTS_UPDATED,0.56184,"{'via': 'replay_raw', 'cycle_id': 0, 'structure_id': 0, 'struct_direction': 1, 'structure_path_id': 'H1.main >> M15.confluence', 'use_case': 'first_confluence', 'parent_sid': 0, 'parent_cycle_id': 0, 'timeframe': 'M15', 'parent_tf': 'H1', 'sub_id': 0, 'started_by': 'first_confluence'}"
589,RANGE,RANGE_UPDATED,,"{'hi': 0.56218, 'lo': 0.55955, 'structure_id': 0, 'struct_direction': 1, 'structure_path_id': 'H1.main >> M15.confluence', 'use_case': 'first_confluence', 'parent_sid': 0, 'parent_cycle_id': 0, 'timeframe': 'M15', 'parent_tf': 'H1', 'sub_id': 0, 'started_by': 'first_confluence'}"
589,STRUCTURE,CTS_UPDATED,0.56218,"{'via': 'replay_raw', 'cycle_id': 0, 'structure_id': 0, 'struct_direction': 1, 'structure_path_id': 'H1.main >> M15.confluence', 'use_case': 'first_confluence', 'parent_sid': 0, 'parent_cycle_id': 0, 'timeframe': 'M15', 'parent_tf': 'H1', 'sub_id': 0, 'started_by': 'first_confluence'}"
611,RANGE,RANGE_UPDATED,,"{'hi': 0.56218, 'lo': 0.55926, 'structure_id': 0, 'struct_direction': 1, 'structure_path_id': 'H1.main >> M15.confluence', 'use_case': 'first_confluence', 'parent_sid': 0, 'parent_cycle_id': 0, 'timeframe': 'M15', 'parent_tf': 'H1', 'sub_id': 0, 'started_by': 'first_confluence'}"
630,RANGE,RANGE_UPDATED,,"{'hi': 0.56218, 'lo': 0.55914, 'structure_id': 0, 'struct_direction': 1, 'structure_path_id': 'H1.main >> M15.confluence', 'use_case': 'first_confluence', 'parent_sid': 0, 'parent_cycle_id': 0, 'timeframe': 'M15', 'parent_tf': 'H1', 'sub_id': 0, 'started_by': 'first_confluence'}"
653,RANGE,RANGE_UPDATED,,"{'hi': 0.5625, 'lo': 0.55914, 'structure_id': 0, 'struct_direction': 1, 'structure_path_id': 'H1.main >> M15.confluence', 'use_case': 'first_confluence', 'parent_sid': 0, 'parent_cycle_id': 0, 'timeframe': 'M15', 'parent_tf': 'H1', 'sub_id': 0, 'started_by': 'first_confluence'}"
653,STRUCTURE,CTS_UPDATED,0.5625,"{'via': 'replay_raw', 'cycle_id': 0, 'structure_id': 0, 'struct_direction': 1, 'structure_path_id': 'H1.main >> M15.confluence', 'use_case': 'first_confluence', 'parent_sid': 0, 'parent_cycle_id': 0, 'timeframe': 'M15', 'parent_tf': 'H1', 'sub_id': 0, 'started_by': 'first_confluence'}"
654,RANGE,RANGE_UPDATED,,"{'hi': 0.56255, 'lo': 0.55914, 'structure_id': 0, 'struct_direction': 1, 'structure_path_id': 'H1.main >> M15.confluence', 'use_case': 'first_confluence', 'parent_sid': 0, 'parent_cycle_id': 0, 'timeframe': 'M15', 'parent_tf': 'H1', 'sub_id': 0, 'started_by': 'first_confluence'}"
654,STRUCTURE,CTS_UPDATED,0.56255,"{'via': 'replay_raw', 'cycle_id': 0, 'structure_id': 0, 'struct_direction': 1, 'structure_path_id': 'H1.main >> M15.confluence', 'use_case': 'first_confluence', 'parent_sid': 0, 'parent_cycle_id': 0, 'timeframe': 'M15', 'parent_tf': 'H1', 'sub_id': 0, 'started_by': 'first_confluence'}"
655,RANGE,RANGE_UPDATED,,"{'hi': 0.56287, 'lo': 0.55914, 'structure_id': 0, 'struct_direction': 1, 'structure_path_id': 'H1.main >> M15.confluence', 'use_case': 'first_confluence', 'parent_sid': 0, 'parent_cycle_id': 0, 'timeframe': 'M15', 'parent_tf': 'H1', 'sub_id': 0, 'started_by': 'first_confluence'}"
655,STRUCTURE,CTS_UPDATED,0.56287,"{'via': 'replay_raw', 'cycle_id': 0, 'structure_id': 0, 'struct_direction': 1, 'structure_path_id': 'H1.main >> M15.confluence', 'use_case': 'first_confluence', 'parent_sid': 0, 'parent_cycle_id': 0, 'timeframe': 'M15', 'parent_tf': 'H1', 'sub_id': 0, 'started_by': 'first_confluence'}"
682,RANGE,RANGE_UPDATED,,"{'hi': 0.5632, 'lo': 0.55914, 'structure_id': 0, 'struct_direction': 1, 'structure_path_id': 'H1.main >> M15.confluence', 'use_case': 'first_confluence', 'parent_sid': 0, 'parent_cycle_id': 0, 'timeframe': 'M15', 'parent_tf': 'H1', 'sub_id': 0, 'started_by': 'first_confluence'}"
682,STRUCTURE,CTS_UPDATED,0.5632,"{'via': 'replay_raw', 'cycle_id': 0, 'structure_id': 0, 'struct_direction': 1, 'structure_path_id': 'H1.main >> M15.confluence', 'use_case': 'first_confluence', 'parent_sid': 0, 'parent_cycle_id': 0, 'timeframe': 'M15', 'parent_tf': 'H1', 'sub_id': 0, 'started_by': 'first_confluence'}"
684,STRUCTURE,CTS_UPDATED,0.56707,"{'via': 'replay_raw', 'cycle_id': 0, 'structure_id': 0, 'struct_direction': 1, 'structure_path_id': 'H1.main >> M15.confluence', 'use_case': 'first_confluence', 'parent_sid': 0, 'parent_cycle_id': 0, 'timeframe': 'M15', 'parent_tf': 'H1', 'sub_id': 0, 'started_by': 'first_confluence'}"
685,RANGE,RANGE_RESET,,"{'reason': 'range_breakout', 'pat': 'one_maru_continuous', 'structure_id': 0, 'struct_direction': 1, 'structure_path_id': 'H1.main >> M15.confluence', 'use_case': 'first_confluence', 'parent_sid': 0, 'parent_cycle_id': 0, 'timeframe': 'M15', 'parent_tf': 'H1', 'sub_id': 0, 'started_by': 'first_confluence'}"
685,STRUCTURE,CTS_UPDATED,0.56738,"{'via': 'one_maru_continuous', 'confirmed_at': 685, 'cts_anchor_idx': 685, 'cycle_id': 0, 'structure_id': 0, 'struct_direction': 1, 'structure_path_id': 'H1.main >> M15.confluence', 'use_case': 'first_confluence', 'parent_sid': 0, 'parent_cycle_id': 0, 'timeframe': 'M15', 'parent_tf': 'H1', 'sub_id': 0, 'started_by': 'first_confluence'}"
685,STATE,STATE_CHANGED,,"{'from': 'range', 'to': 'breakout', 'structure_id': 0, 'struct_direction': 1, 'reason': 'breakout_pattern', 'pat': 'one_maru_continuous', 'effective_idx': 685, 'structure_path_id': 'H1.main >> M15.confluence', 'use_case': 'first_confluence', 'parent_sid': 0, 'parent_cycle_id': 0, 'timeframe': 'M15', 'parent_tf': 'H1', 'sub_id': 0, 'started_by': 'first_confluence'}"
686,STRUCTURE,CTS_UPDATED,0.56824,"{'via': 'replay_raw', 'cycle_id': 0, 'structure_id': 0, 'struct_direction': 1, 'structure_path_id': 'H1.main >> M15.confluence', 'use_case': 'first_confluence', 'parent_sid': 0, 'parent_cycle_id': 0, 'timeframe': 'M15', 'parent_tf': 'H1', 'sub_id': 0, 'started_by': 'first_confluence'}"
688,STRUCTURE,CTS_UPDATED,0.56891,"{'via': 'replay_raw', 'cycle_id': 0, 'structure_id': 0, 'struct_direction': 1, 'structure_path_id': 'H1.main >> M15.confluence', 'use_case': 'first_confluence', 'parent_sid': 0, 'parent_cycle_id': 0, 'timeframe': 'M15', 'parent_tf': 'H1', 'sub_id': 0, 'started_by': 'first_confluence'}"
689,STRUCTURE,CTS_UPDATED,0.5691,"{'via': 'replay_raw', 'cycle_id': 0, 'structure_id': 0, 'struct_direction': 1, 'structure_path_id': 'H1.main >> M15.confluence', 'use_case': 'first_confluence', 'parent_sid': 0, 'parent_cycle_id': 0, 'timeframe': 'M15', 'parent_tf': 'H1', 'sub_id': 0, 'started_by': 'first_confluence'}"
691,RANGE,RANGE_STARTED,,"{'start_idx': 689, 'confirm_idx': 691, 'hi': 0.5691, 'lo': 0.56804, 'cts_anchor_idx': 689, 'cts_price': 0.5691, 'structure_id': 0, 'struct_direction': 1, 'structure_path_id': 'H1.main >> M15.confluence', 'use_case': 'first_confluence', 'parent_sid': 0, 'parent_cycle_id': 0, 'timeframe': 'M15', 'parent_tf': 'H1', 'sub_id': 0, 'started_by': 'first_confluence'}"
691,STATE,STATE_CHANGED,,"{'from': 'breakout', 'to': 'range', 'structure_id': 0, 'struct_direction': 1, 'reason': 'range_confirmed', 'effective_idx': 689, 'structure_path_id': 'H1.main >> M15.confluence', 'use_case': 'first_confluence', 'parent_sid': 0, 'parent_cycle_id': 0, 'timeframe': 'M15', 'parent_tf': 'H1', 'sub_id': 0, 'started_by': 'first_confluence'}"
691,RANGE,RANGE_UPDATED,,"{'hi': 0.5692, 'lo': 0.56804, 'structure_id': 0, 'struct_direction': 1, 'structure_path_id': 'H1.main >> M15.confluence', 'use_case': 'first_confluence', 'parent_sid': 0, 'parent_cycle_id': 0, 'timeframe': 'M15', 'parent_tf': 'H1', 'sub_id': 0, 'started_by': 'first_confluence'}"
691,STRUCTURE,CTS_UPDATED,0.5692,"{'via': 'replay_raw', 'cycle_id': 0, 'structure_id': 0, 'struct_direction': 1, 'structure_path_id': 'H1.main >> M15.confluence', 'use_case': 'first_confluence', 'parent_sid': 0, 'parent_cycle_id': 0, 'timeframe': 'M15', 'parent_tf': 'H1', 'sub_id': 0, 'started_by': 'first_confluence'}"
692,RANGE,RANGE_UPDATED,,"{'hi': 0.56966, 'lo': 0.56804, 'structure_id': 0, 'struct_direction': 1, 'structure_path_id': 'H1.main >> M15.confluence', 'use_case': 'first_confluence', 'parent_sid': 0, 'parent_cycle_id': 0, 'timeframe': 'M15', 'parent_tf': 'H1', 'sub_id': 0, 'started_by': 'first_confluence'}"
692,STRUCTURE,CTS_UPDATED,0.56966,"{'via': 'replay_raw', 'cycle_id': 0, 'structure_id': 0, 'struct_direction': 1, 'structure_path_id': 'H1.main >> M15.confluence', 'use_case': 'first_confluence', 'parent_sid': 0, 'parent_cycle_id': 0, 'timeframe': 'M15', 'parent_tf': 'H1', 'sub_id': 0, 'started_by': 'first_confluence'}"
709,RANGE,RANGE_UPDATED,,"{'hi': 0.56966, 'lo': 0.56787, 'structure_id': 0, 'struct_direction': 1, 'structure_path_id': 'H1.main >> M15.confluence', 'use_case': 'first_confluence', 'parent_sid': 0, 'parent_cycle_id': 0, 'timeframe': 'M15', 'parent_tf': 'H1', 'sub_id': 0, 'started_by': 'first_confluence'}"
710,RANGE,RANGE_UPDATED,,"{'hi': 0.56966, 'lo': 0.56756, 'structure_id': 0, 'struct_direction': 1, 'structure_path_id': 'H1.main >> M15.confluence', 'use_case': 'first_confluence', 'parent_sid': 0, 'parent_cycle_id': 0, 'timeframe': 'M15', 'parent_tf': 'H1', 'sub_id': 0, 'started_by': 'first_confluence'}"
711,RANGE,RANGE_UPDATED,,"{'hi': 0.56966, 'lo': 0.56732, 'structure_id': 0, 'struct_direction': 1, 'structure_path_id': 'H1.main >> M15.confluence', 'use_case': 'first_confluence', 'parent_sid': 0, 'parent_cycle_id': 0, 'timeframe': 'M15', 'parent_tf': 'H1', 'sub_id': 0, 'started_by': 'first_confluence'}"
714,RANGE,RANGE_UPDATED,,"{'hi': 0.56966, 'lo': 0.5669, 'structure_id': 0, 'struct_direction': 1, 'structure_path_id': 'H1.main >> M15.confluence', 'use_case': 'first_confluence', 'parent_sid': 0, 'parent_cycle_id': 0, 'timeframe': 'M15', 'parent_tf': 'H1', 'sub_id': 0, 'started_by': 'first_confluence'}"
723,RANGE,RANGE_UPDATED,,"{'hi': 0.56966, 'lo': 0.56684, 'structure_id': 0, 'struct_direction': 1, 'structure_path_id': 'H1.main >> M15.confluence', 'use_case': 'first_confluence', 'parent_sid': 0, 'parent_cycle_id': 0, 'timeframe': 'M15', 'parent_tf': 'H1', 'sub_id': 0, 'started_by': 'first_confluence'}"
725,RANGE,RANGE_UPDATED,,"{'hi': 0.56966, 'lo': 0.56666, 'structure_id': 0, 'struct_direction': 1, 'structure_path_id': 'H1.main >> M15.confluence', 'use_case': 'first_confluence', 'parent_sid': 0, 'parent_cycle_id': 0, 'timeframe': 'M15', 'parent_tf': 'H1', 'sub_id': 0, 'started_by': 'first_confluence'}"
726,RANGE,RANGE_UPDATED,,"{'hi': 0.56966, 'lo': 0.5666, 'structure_id': 0, 'struct_direction': 1, 'structure_path_id': 'H1.main >> M15.confluence', 'use_case': 'first_confluence', 'parent_sid': 0, 'parent_cycle_id': 0, 'timeframe': 'M15', 'parent_tf': 'H1', 'sub_id': 0, 'started_by': 'first_confluence'}"
728,RANGE,RANGE_UPDATED,,"{'hi': 0.56966, 'lo': 0.56651, 'structure_id': 0, 'struct_direction': 1, 'structure_path_id': 'H1.main >> M15.confluence', 'use_case': 'first_confluence', 'parent_sid': 0, 'parent_cycle_id': 0, 'timeframe': 'M15', 'parent_tf': 'H1', 'sub_id': 0, 'started_by': 'first_confluence'}"
729,RANGE,RANGE_UPDATED,,"{'hi': 0.56966, 'lo': 0.56636, 'structure_id': 0, 'struct_direction': 1, 'structure_path_id': 'H1.main >> M15.confluence', 'use_case': 'first_confluence', 'parent_sid': 0, 'parent_cycle_id': 0, 'timeframe': 'M15', 'parent_tf': 'H1', 'sub_id': 0, 'started_by': 'first_confluence'}"
730,RANGE,RANGE_UPDATED,,"{'hi': 0.56966, 'lo': 0.56628, 'structure_id': 0, 'struct_direction': 1, 'structure_path_id': 'H1.main >> M15.confluence', 'use_case': 'first_confluence', 'parent_sid': 0, 'parent_cycle_id': 0, 'timeframe': 'M15', 'parent_tf': 'H1', 'sub_id': 0, 'started_by': 'first_confluence'}"
756,RANGE,RANGE_UPDATED,,"{'hi': 0.56974, 'lo': 0.56628, 'structure_id': 0, 'struct_direction': 1, 'structure_path_id': 'H1.main >> M15.confluence', 'use_case': 'first_confluence', 'parent_sid': 0, 'parent_cycle_id': 0, 'timeframe': 'M15', 'parent_tf': 'H1', 'sub_id': 0, 'started_by': 'first_confluence'}"
756,STRUCTURE,CTS_UPDATED,0.56974,"{'via': 'replay_raw', 'cycle_id': 0, 'structure_id': 0, 'struct_direction': 1, 'structure_path_id': 'H1.main >> M15.confluence', 'use_case': 'first_confluence', 'parent_sid': 0, 'parent_cycle_id': 0, 'timeframe': 'M15', 'parent_tf': 'H1', 'sub_id': 0, 'started_by': 'first_confluence'}"
767,RANGE,RANGE_UPDATED,,"{'hi': 0.57018, 'lo': 0.56628, 'structure_id': 0, 'struct_direction': 1, 'structure_path_id': 'H1.main >> M15.confluence', 'use_case': 'first_confluence', 'parent_sid': 0, 'parent_cycle_id': 0, 'timeframe': 'M15', 'parent_tf': 'H1', 'sub_id': 0, 'started_by': 'first_confluence'}"
767,STRUCTURE,CTS_UPDATED,0.57018,"{'via': 'replay_raw', 'cycle_id': 0, 'structure_id': 0, 'struct_direction': 1, 'structure_path_id': 'H1.main >> M15.confluence', 'use_case': 'first_confluence', 'parent_sid': 0, 'parent_cycle_id': 0, 'timeframe': 'M15', 'parent_tf': 'H1', 'sub_id': 0, 'started_by': 'first_confluence'}"
769,RANGE,RANGE_UPDATED,,"{'hi': 0.57038, 'lo': 0.56628, 'structure_id': 0, 'struct_direction': 1, 'structure_path_id': 'H1.main >> M15.confluence', 'use_case': 'first_confluence', 'parent_sid': 0, 'parent_cycle_id': 0, 'timeframe': 'M15', 'parent_tf': 'H1', 'sub_id': 0, 'started_by': 'first_confluence'}"
769,STRUCTURE,CTS_UPDATED,0.57038,"{'via': 'replay_raw', 'cycle_id': 0, 'structure_id': 0, 'struct_direction': 1, 'structure_path_id': 'H1.main >> M15.confluence', 'use_case': 'first_confluence', 'parent_sid': 0, 'parent_cycle_id': 0, 'timeframe': 'M15', 'parent_tf': 'H1', 'sub_id': 0, 'started_by': 'first_confluence'}"
774,STRUCTURE,CTS_UPDATED,0.57044,"{'via': 'replay_raw', 'cycle_id': 0, 'structure_id': 0, 'struct_direction': 1, 'structure_path_id': 'H1.main >> M15.confluence', 'use_case': 'first_confluence', 'parent_sid': 0, 'parent_cycle_id': 0, 'timeframe': 'M15', 'parent_tf': 'H1', 'sub_id': 0, 'started_by': 'first_confluence'}"
775,STRUCTURE,CTS_UPDATED,0.57064,"{'via': 'replay_raw', 'cycle_id': 0, 'structure_id': 0, 'struct_direction': 1, 'structure_path_id': 'H1.main >> M15.confluence', 'use_case': 'first_confluence', 'parent_sid': 0, 'parent_cycle_id': 0, 'timeframe': 'M15', 'parent_tf': 'H1', 'sub_id': 0, 'started_by': 'first_confluence'}"
776,RANGE,RANGE_RESET,,"{'reason': 'range_breakout', 'pat': 'one_maru_continuous', 'structure_id': 0, 'struct_direction': 1, 'structure_path_id': 'H1.main >> M15.confluence', 'use_case': 'first_confluence', 'parent_sid': 0, 'parent_cycle_id': 0, 'timeframe': 'M15', 'parent_tf': 'H1', 'sub_id': 0, 'started_by': 'first_confluence'}"
776,STRUCTURE,CTS_UPDATED,0.57104,"{'via': 'one_maru_continuous', 'confirmed_at': 776, 'cts_anchor_idx': 776, 'cycle_id': 0, 'structure_id': 0, 'struct_direction': 1, 'structure_path_id': 'H1.main >> M15.confluence', 'use_case': 'first_confluence', 'parent_sid': 0, 'parent_cycle_id': 0, 'timeframe': 'M15', 'parent_tf': 'H1', 'sub_id': 0, 'started_by': 'first_confluence'}"
776,STATE,STATE_CHANGED,,"{'from': 'range', 'to': 'breakout', 'structure_id': 0, 'struct_direction': 1, 'reason': 'breakout_pattern', 'pat': 'one_maru_continuous', 'effective_idx': 776, 'structure_path_id': 'H1.main >> M15.confluence', 'use_case': 'first_confluence', 'parent_sid': 0, 'parent_cycle_id': 0, 'timeframe': 'M15', 'parent_tf': 'H1', 'sub_id': 0, 'started_by': 'first_confluence'}"
777,STRUCTURE,CTS_UPDATED,0.57106,"{'via': 'replay_raw', 'cycle_id': 0, 'structure_id': 0, 'struct_direction': 1, 'structure_path_id': 'H1.main >> M15.confluence', 'use_case': 'first_confluence', 'parent_sid': 0, 'parent_cycle_id': 0, 'timeframe': 'M15', 'parent_tf': 'H1', 'sub_id': 0, 'started_by': 'first_confluence'}"
778,STRUCTURE,CTS_UPDATED,0.57109,"{'via': 'replay_raw', 'cycle_id': 0, 'structure_id': 0, 'struct_direction': 1, 'structure_path_id': 'H1.main >> M15.confluence', 'use_case': 'first_confluence', 'parent_sid': 0, 'parent_cycle_id': 0, 'timeframe': 'M15', 'parent_tf': 'H1', 'sub_id': 0, 'started_by': 'first_confluence'}"
779,STRUCTURE,CTS_UPDATED,0.57125,"{'via': 'replay_raw', 'cycle_id': 0, 'structure_id': 0, 'struct_direction': 1, 'structure_path_id': 'H1.main >> M15.confluence', 'use_case': 'first_confluence', 'parent_sid': 0, 'parent_cycle_id': 0, 'timeframe': 'M15', 'parent_tf': 'H1', 'sub_id': 0, 'started_by': 'first_confluence'}"
780,STRUCTURE,CTS_UPDATED,0.57162,"{'via': 'one_maru_continuous', 'confirmed_at': 780, 'cts_anchor_idx': 780, 'cycle_id': 0, 'structure_id': 0, 'struct_direction': 1, 'structure_path_id': 'H1.main >> M15.confluence', 'use_case': 'first_confluence', 'parent_sid': 0, 'parent_cycle_id': 0, 'timeframe': 'M15', 'parent_tf': 'H1', 'sub_id': 0, 'started_by': 'first_confluence'}"
781,STRUCTURE,CTS_UPDATED,0.57166,"{'via': 'replay_raw', 'cycle_id': 0, 'structure_id': 0, 'struct_direction': 1, 'structure_path_id': 'H1.main >> M15.confluence', 'use_case': 'first_confluence', 'parent_sid': 0, 'parent_cycle_id': 0, 'timeframe': 'M15', 'parent_tf': 'H1', 'sub_id': 0, 'started_by': 'first_confluence'}"
782,STRUCTURE,CTS_UPDATED,0.57168,"{'via': 'replay_raw', 'cycle_id': 0, 'structure_id': 0, 'struct_direction': 1, 'structure_path_id': 'H1.main >> M15.confluence', 'use_case': 'first_confluence', 'parent_sid': 0, 'parent_cycle_id': 0, 'timeframe': 'M15', 'parent_tf': 'H1', 'sub_id': 0, 'started_by': 'first_confluence'}"
783,STRUCTURE,CTS_UPDATED,0.57208,"{'via': 'replay_raw', 'cycle_id': 0, 'structure_id': 0, 'struct_direction': 1, 'structure_path_id': 'H1.main >> M15.confluence', 'use_case': 'first_confluence', 'parent_sid': 0, 'parent_cycle_id': 0, 'timeframe': 'M15', 'parent_tf': 'H1', 'sub_id': 0, 'started_by': 'first_confluence'}"
784,STRUCTURE,CTS_UPDATED,0.5732,"{'via': 'one_maru_continuous', 'confirmed_at': 784, 'cts_anchor_idx': 784, 'cycle_id': 0, 'structure_id': 0, 'struct_direction': 1, 'structure_path_id': 'H1.main >> M15.confluence', 'use_case': 'first_confluence', 'parent_sid': 0, 'parent_cycle_id': 0, 'timeframe': 'M15', 'parent_tf': 'H1', 'sub_id': 0, 'started_by': 'first_confluence'}"
787,RANGE,RANGE_STARTED,,"{'start_idx': 785, 'confirm_idx': 787, 'hi': 0.5732, 'lo': 0.57234, 'cts_anchor_idx': 784, 'cts_price': 0.5732, 'structure_id': 0, 'struct_direction': 1, 'structure_path_id': 'H1.main >> M15.confluence', 'use_case': 'first_confluence', 'parent_sid': 0, 'parent_cycle_id': 0, 'timeframe': 'M15', 'parent_tf': 'H1', 'sub_id': 0, 'started_by': 'first_confluence'}"
787,STATE,STATE_CHANGED,,"{'from': 'breakout', 'to': 'range', 'structure_id': 0, 'struct_direction': 1, 'reason': 'range_confirmed', 'effective_idx': 785, 'structure_path_id': 'H1.main >> M15.confluence', 'use_case': 'first_confluence', 'parent_sid': 0, 'parent_cycle_id': 0, 'timeframe': 'M15', 'parent_tf': 'H1', 'sub_id': 0, 'started_by': 'first_confluence'}"
787,RANGE,RANGE_UPDATED,,"{'hi': 0.5732, 'lo': 0.5722, 'structure_id': 0, 'struct_direction': 1, 'structure_path_id': 'H1.main >> M15.confluence', 'use_case': 'first_confluence', 'parent_sid': 0, 'parent_cycle_id': 0, 'timeframe': 'M15', 'parent_tf': 'H1', 'sub_id': 0, 'started_by': 'first_confluence'}"
802,RANGE,RANGE_UPDATED,,"{'reason': 'pullback_expand', 'hi': 0.5732, 'lo': 0.57154, 'pat': 'one_maru_opposite', 'structure_id': 0, 'struct_direction': 1, 'structure_path_id': 'H1.main >> M15.confluence', 'use_case': 'first_confluence', 'parent_sid': 0, 'parent_cycle_id': 0, 'timeframe': 'M15', 'parent_tf': 'H1', 'sub_id': 0, 'started_by': 'first_confluence'}"
802,STRUCTURE,CTS_CONFIRMED,0.5732,"{'via': 'one_maru_opposite', 'cycle_id': 0, 'structure_id': 0, 'struct_direction': 1, 'confirmed_at': 802, 'cts_anchor_idx': 784, 'confirmation_method': 'pullback', 'structure_path_id': 'H1.main >> M15.confluence', 'use_case': 'first_confluence', 'parent_sid': 0, 'parent_cycle_id': 0, 'timeframe': 'M15', 'parent_tf': 'H1', 'sub_id': 0, 'started_by': 'first_confluence'}"
802,STATE,STATE_CHANGED,,"{'from': 'range', 'to': 'pullback', 'structure_id': 0, 'struct_direction': 1, 'reason': 'pullback_pattern', 'pat': 'one_maru_opposite', 'effective_idx': 802, 'structure_path_id': 'H1.main >> M15.confluence', 'use_case': 'first_confluence', 'parent_sid': 0, 'parent_cycle_id': 0, 'timeframe': 'M15', 'parent_tf': 'H1', 'sub_id': 0, 'started_by': 'first_confluence'}"
803,STATE,STATE_CHANGED,,"{'from': 'pullback', 'to': 'pullback_range', 'structure_id': 0, 'struct_direction': 1, 'reason': 'replay_no_expand_pullback_side', 'effective_idx': 803, 'structure_path_id': 'H1.main >> M15.confluence', 'use_case': 'first_confluence', 'parent_sid': 0, 'parent_cycle_id': 0, 'timeframe': 'M15', 'parent_tf': 'H1', 'sub_id': 0, 'started_by': 'first_confluence'}"
810,RANGE,RANGE_UPDATED,,"{'hi': 0.5732, 'lo': 0.57146, 'structure_id': 0, 'struct_direction': 1, 'structure_path_id': 'H1.main >> M15.confluence', 'use_case': 'first_confluence', 'parent_sid': 0, 'parent_cycle_id': 0, 'timeframe': 'M15', 'parent_tf': 'H1', 'sub_id': 0, 'started_by': 'first_confluence'}"
810,STATE,STATE_CHANGED,,"{'from': 'pullback_range', 'to': 'pullback', 'structure_id': 0, 'struct_direction': 1, 'reason': 'replay_expand_pullback_side', 'effective_idx': 810, 'structure_path_id': 'H1.main >> M15.confluence', 'use_case': 'first_confluence', 'parent_sid': 0, 'parent_cycle_id': 0, 'timeframe': 'M15', 'parent_tf': 'H1', 'sub_id': 0, 'started_by': 'first_confluence'}"
811,STATE,STATE_CHANGED,,"{'from': 'pullback', 'to': 'pullback_range', 'structure_id': 0, 'struct_direction': 1, 'reason': 'replay_no_expand_pullback_side', 'effective_idx': 811, 'structure_path_id': 'H1.main >> M15.confluence', 'use_case': 'first_confluence', 'parent_sid': 0, 'parent_cycle_id': 0, 'timeframe': 'M15', 'parent_tf': 'H1', 'sub_id': 0, 'started_by': 'first_confluence'}"
812,RANGE,RANGE_UPDATED,,"{'hi': 0.5732, 'lo': 0.57119, 'structure_id': 0, 'struct_direction': 1, 'structure_path_id': 'H1.main >> M15.confluence', 'use_case': 'first_confluence', 'parent_sid': 0, 'parent_cycle_id': 0, 'timeframe': 'M15', 'parent_tf': 'H1', 'sub_id': 0, 'started_by': 'first_confluence'}"
812,STATE,STATE_CHANGED,,"{'from': 'pullback_range', 'to': 'pullback', 'structure_id': 0, 'struct_direction': 1, 'reason': 'replay_expand_pullback_side', 'effective_idx': 812, 'structure_path_id': 'H1.main >> M15.confluence', 'use_case': 'first_confluence', 'parent_sid': 0, 'parent_cycle_id': 0, 'timeframe': 'M15', 'parent_tf': 'H1', 'sub_id': 0, 'started_by': 'first_confluence'}"
813,STATE,STATE_CHANGED,,"{'from': 'pullback', 'to': 'pullback_range', 'structure_id': 0, 'struct_direction': 1, 'reason': 'replay_no_expand_pullback_side', 'effective_idx': 813, 'structure_path_id': 'H1.main >> M15.confluence', 'use_case': 'first_confluence', 'parent_sid': 0, 'parent_cycle_id': 0, 'timeframe': 'M15', 'parent_tf': 'H1', 'sub_id': 0, 'started_by': 'first_confluence'}"
818,RANGE,RANGE_UPDATED,,"{'hi': 0.5732, 'lo': 0.57102, 'structure_id': 0, 'struct_direction': 1, 'structure_path_id': 'H1.main >> M15.confluence', 'use_case': 'first_confluence', 'parent_sid': 0, 'parent_cycle_id': 0, 'timeframe': 'M15', 'parent_tf': 'H1', 'sub_id': 0, 'started_by': 'first_confluence'}"
818,STATE,STATE_CHANGED,,"{'from': 'pullback_range', 'to': 'pullback', 'structure_id': 0, 'struct_direction': 1, 'reason': 'replay_expand_pullback_side', 'effective_idx': 818, 'structure_path_id': 'H1.main >> M15.confluence', 'use_case': 'first_confluence', 'parent_sid': 0, 'parent_cycle_id': 0, 'timeframe': 'M15', 'parent_tf': 'H1', 'sub_id': 0, 'started_by': 'first_confluence'}"
819,RANGE,RANGE_UPDATED,,"{'hi': 0.5732, 'lo': 0.57092, 'structure_id': 0, 'struct_direction': 1, 'structure_path_id': 'H1.main >> M15.confluence', 'use_case': 'first_confluence', 'parent_sid': 0, 'parent_cycle_id': 0, 'timeframe': 'M15', 'parent_tf': 'H1', 'sub_id': 0, 'started_by': 'first_confluence'}"
820,RANGE,RANGE_UPDATED,,"{'hi': 0.5732, 'lo': 0.57088, 'structure_id': 0, 'struct_direction': 1, 'structure_path_id': 'H1.main >> M15.confluence', 'use_case': 'first_confluence', 'parent_sid': 0, 'parent_cycle_id': 0, 'timeframe': 'M15', 'parent_tf': 'H1', 'sub_id': 0, 'started_by': 'first_confluence'}"
821,STATE,STATE_CHANGED,,"{'from': 'pullback', 'to': 'pullback_range', 'structure_id': 0, 'struct_direction': 1, 'reason': 'replay_no_expand_pullback_side', 'effective_idx': 821, 'structure_path_id': 'H1.main >> M15.confluence', 'use_case': 'first_confluence', 'parent_sid': 0, 'parent_cycle_id': 0, 'timeframe': 'M15', 'parent_tf': 'H1', 'sub_id': 0, 'started_by': 'first_confluence'}"
907,RANGE,RANGE_UPDATED,,"{'hi': 0.5732, 'lo': 0.57087, 'structure_id': 0, 'struct_direction': 1, 'structure_path_id': 'H1.main >> M15.confluence', 'use_case': 'first_confluence', 'parent_sid': 0, 'parent_cycle_id': 0, 'timeframe': 'M15', 'parent_tf': 'H1', 'sub_id': 0, 'started_by': 'first_confluence'}"
907,STATE,STATE_CHANGED,,"{'from': 'pullback_range', 'to': 'pullback', 'structure_id': 0, 'struct_direction': 1, 'reason': 'replay_expand_pullback_side', 'effective_idx': 907, 'structure_path_id': 'H1.main >> M15.confluence', 'use_case': 'first_confluence', 'parent_sid': 0, 'parent_cycle_id': 0, 'timeframe': 'M15', 'parent_tf': 'H1', 'sub_id': 0, 'started_by': 'first_confluence'}"
908,RANGE,RANGE_UPDATED,,"{'hi': 0.5732, 'lo': 0.57071, 'structure_id': 0, 'struct_direction': 1, 'structure_path_id': 'H1.main >> M15.confluence', 'use_case': 'first_confluence', 'parent_sid': 0, 'parent_cycle_id': 0, 'timeframe': 'M15', 'parent_tf': 'H1', 'sub_id': 0, 'started_by': 'first_confluence'}"
909,STATE,STATE_CHANGED,,"{'from': 'pullback', 'to': 'pullback_range', 'structure_id': 0, 'struct_direction': 1, 'reason': 'replay_no_expand_pullback_side', 'effective_idx': 909, 'structure_path_id': 'H1.main >> M15.confluence', 'use_case': 'first_confluence', 'parent_sid': 0, 'parent_cycle_id': 0, 'timeframe': 'M15', 'parent_tf': 'H1', 'sub_id': 0, 'started_by': 'first_confluence'}"
913,RANGE,RANGE_UPDATED,,"{'hi': 0.5732, 'lo': 0.57067, 'structure_id': 0, 'struct_direction': 1, 'structure_path_id': 'H1.main >> M15.confluence', 'use_case': 'first_confluence', 'parent_sid': 0, 'parent_cycle_id': 0, 'timeframe': 'M15', 'parent_tf': 'H1', 'sub_id': 0, 'started_by': 'first_confluence'}"
913,STATE,STATE_CHANGED,,"{'from': 'pullback_range', 'to': 'pullback', 'structure_id': 0, 'struct_direction': 1, 'reason': 'replay_expand_pullback_side', 'effective_idx': 913, 'structure_path_id': 'H1.main >> M15.confluence', 'use_case': 'first_confluence', 'parent_sid': 0, 'parent_cycle_id': 0, 'timeframe': 'M15', 'parent_tf': 'H1', 'sub_id': 0, 'started_by': 'first_confluence'}"
914,RANGE,RANGE_UPDATED,,"{'hi': 0.5732, 'lo': 0.5705, 'structure_id': 0, 'struct_direction': 1, 'structure_path_id': 'H1.main >> M15.confluence', 'use_case': 'first_confluence', 'parent_sid': 0, 'parent_cycle_id': 0, 'timeframe': 'M15', 'parent_tf': 'H1', 'sub_id': 0, 'started_by': 'first_confluence'}"
915,STATE,STATE_CHANGED,,"{'from': 'pullback', 'to': 'pullback_range', 'structure_id': 0, 'struct_direction': 1, 'reason': 'replay_no_expand_pullback_side', 'effective_idx': 915, 'structure_path_id': 'H1.main >> M15.confluence', 'use_case': 'first_confluence', 'parent_sid': 0, 'parent_cycle_id': 0, 'timeframe': 'M15', 'parent_tf': 'H1', 'sub_id': 0, 'started_by': 'first_confluence'}"
916,RANGE,RANGE_UPDATED,,"{'hi': 0.5732, 'lo': 0.5704, 'structure_id': 0, 'struct_direction': 1, 'structure_path_id': 'H1.main >> M15.confluence', 'use_case': 'first_confluence', 'parent_sid': 0, 'parent_cycle_id': 0, 'timeframe': 'M15', 'parent_tf': 'H1', 'sub_id': 0, 'started_by': 'first_confluence'}"
916,STATE,STATE_CHANGED,,"{'from': 'pullback_range', 'to': 'pullback', 'structure_id': 0, 'struct_direction': 1, 'reason': 'replay_expand_pullback_side', 'effective_idx': 916, 'structure_path_id': 'H1.main >> M15.confluence', 'use_case': 'first_confluence', 'parent_sid': 0, 'parent_cycle_id': 0, 'timeframe': 'M15', 'parent_tf': 'H1', 'sub_id': 0, 'started_by': 'first_confluence'}"
917,RANGE,RANGE_UPDATED,,"{'hi': 0.5732, 'lo': 0.57038, 'structure_id': 0, 'struct_direction': 1, 'structure_path_id': 'H1.main >> M15.confluence', 'use_case': 'first_confluence', 'parent_sid': 0, 'parent_cycle_id': 0, 'timeframe': 'M15', 'parent_tf': 'H1', 'sub_id': 0, 'started_by': 'first_confluence'}"
918,STATE,STATE_CHANGED,,"{'from': 'pullback', 'to': 'pullback_range', 'structure_id': 0, 'struct_direction': 1, 'reason': 'replay_no_expand_pullback_side', 'effective_idx': 918, 'structure_path_id': 'H1.main >> M15.confluence', 'use_case': 'first_confluence', 'parent_sid': 0, 'parent_cycle_id': 0, 'timeframe': 'M15', 'parent_tf': 'H1', 'sub_id': 0, 'started_by': 'first_confluence'}"
934,RANGE,RANGE_UPDATED,,"{'hi': 0.57336, 'lo': 0.57038, 'structure_id': 0, 'struct_direction': 1, 'structure_path_id': 'H1.main >> M15.confluence', 'use_case': 'first_confluence', 'parent_sid': 0, 'parent_cycle_id': 0, 'timeframe': 'M15', 'parent_tf': 'H1', 'sub_id': 0, 'started_by': 'first_confluence'}"
934,STRUCTURE,CTS_THRESHOLD_UPDATED,0.57336,"{'prev': 0.5732, 'reason': 'range_sync', 'cycle_id': 0, 'structure_id': 0, 'struct_direction': 1, 'structure_path_id': 'H1.main >> M15.confluence', 'use_case': 'first_confluence', 'parent_sid': 0, 'parent_cycle_id': 0, 'timeframe': 'M15', 'parent_tf': 'H1', 'sub_id': 0, 'started_by': 'first_confluence'}"
935,RANGE,RANGE_UPDATED,,"{'hi': 0.57438, 'lo': 0.57038, 'structure_id': 0, 'struct_direction': 1, 'structure_path_id': 'H1.main >> M15.confluence', 'use_case': 'first_confluence', 'parent_sid': 0, 'parent_cycle_id': 0, 'timeframe': 'M15', 'parent_tf': 'H1', 'sub_id': 0, 'started_by': 'first_confluence'}"
935,STRUCTURE,CTS_THRESHOLD_UPDATED,0.57438,"{'prev': 0.57336, 'reason': 'range_sync', 'cycle_id': 0, 'structure_id': 0, 'struct_direction': 1, 'structure_path_id': 'H1.main >> M15.confluence', 'use_case': 'first_confluence', 'parent_sid': 0, 'parent_cycle_id': 0, 'timeframe': 'M15', 'parent_tf': 'H1', 'sub_id': 0, 'started_by': 'first_confluence'}"
973,RANGE,RANGE_UPDATED,,"{'hi': 0.57444, 'lo': 0.57038, 'structure_id': 0, 'struct_direction': 1, 'structure_path_id': 'H1.main >> M15.confluence', 'use_case': 'first_confluence', 'parent_sid': 0, 'parent_cycle_id': 0, 'timeframe': 'M15', 'parent_tf': 'H1', 'sub_id': 0, 'started_by': 'first_confluence'}"
973,STRUCTURE,CTS_THRESHOLD_UPDATED,0.57444,"{'prev': 0.57438, 'reason': 'range_sync', 'cycle_id': 0, 'structure_id': 0, 'struct_direction': 1, 'structure_path_id': 'H1.main >> M15.confluence', 'use_case': 'first_confluence', 'parent_sid': 0, 'parent_cycle_id': 0, 'timeframe': 'M15', 'parent_tf': 'H1', 'sub_id': 0, 'started_by': 'first_confluence'}"
1020,RANGE,RANGE_RESET,,"{'reason': 'range_breakout', 'pat': 'one_maru_opposite', 'structure_id': 0, 'struct_direction': 1, 'structure_path_id': 'H1.main >> M15.confluence', 'use_case': 'first_confluence', 'parent_sid': 0, 'parent_cycle_id': 0, 'timeframe': 'M15', 'parent_tf': 'H1', 'sub_id': 0, 'started_by': 'first_confluence'}"
1020,STRUCTURE,CTS_ESTABLISHED,0.5752,"{'via': 'one_maru_opposite', 'pattern_anchor_idx': 1019, 'pattern_name': 'one_maru_opposite', 'confirmed_at': 1020, 'cycle_id': 1, 'structure_id': 0, 'struct_direction': 1, 'cts_anchor_idx': 1020, 'structure_path_id': 'H1.main >> M15.confluence', 'use_case': 'first_confluence', 'parent_sid': 0, 'parent_cycle_id': 0, 'timeframe': 'M15', 'parent_tf': 'H1', 'sub_id': 0, 'started_by': 'first_confluence'}"
1020,STRUCTURE,BOS_CONFIRMED,0.57038,"{'source': 'pullback_extreme', 'confirmed_at': 1020, 'last_pullback_apply_idx': 802, 'cycle_id': 1, 'structure_id': 0, 'struct_direction': 1, 'bos_anchor_idx': 917, 'structure_path_id': 'H1.main >> M15.confluence', 'use_case': 'first_confluence', 'parent_sid': 0, 'parent_cycle_id': 0, 'timeframe': 'M15', 'parent_tf': 'H1', 'sub_id': 0, 'started_by': 'first_confluence'}"
1020,STATE,STATE_CHANGED,,"{'from': 'pullback_range', 'to': 'breakout', 'structure_id': 0, 'struct_direction': 1, 'reason': 'breakout_pattern', 'pat': 'one_maru_opposite', 'effective_idx': 1020, 'structure_path_id': 'H1.main >> M15.confluence', 'use_case': 'first_confluence', 'parent_sid': 0, 'parent_cycle_id': 0, 'timeframe': 'M15', 'parent_tf': 'H1', 'sub_id': 0, 'started_by': 'first_confluence'}"
1022,RANGE,RANGE_STARTED,,"{'start_idx': 1020, 'confirm_idx': 1022, 'hi': 0.5752, 'lo': 0.57468, 'cts_anchor_idx': 1020, 'cts_price': 0.5752, 'structure_id': 0, 'struct_direction': 1, 'structure_path_id': 'H1.main >> M15.confluence', 'use_case': 'first_confluence', 'parent_sid': 0, 'parent_cycle_id': 0, 'timeframe': 'M15', 'parent_tf': 'H1', 'sub_id': 0, 'started_by': 'first_confluence'}"
1022,STATE,STATE_CHANGED,,"{'from': 'breakout', 'to': 'range', 'structure_id': 0, 'struct_direction': 1, 'reason': 'range_confirmed', 'effective_idx': 1020, 'structure_path_id': 'H1.main >> M15.confluence', 'use_case': 'first_confluence', 'parent_sid': 0, 'parent_cycle_id': 0, 'timeframe': 'M15', 'parent_tf': 'H1', 'sub_id': 0, 'started_by': 'first_confluence'}"
1021,RANGE,RANGE_UPDATED,,"{'hi': 0.5752, 'lo': 0.57429, 'structure_id': 0, 'struct_direction': 1, 'structure_path_id': 'H1.main >> M15.confluence', 'use_case': 'first_confluence', 'parent_sid': 0, 'parent_cycle_id': 0, 'timeframe': 'M15', 'parent_tf': 'H1', 'sub_id': 0, 'started_by': 'first_confluence'}"
1022,RANGE,RANGE_UPDATED,,"{'hi': 0.5752, 'lo': 0.57426, 'structure_id': 0, 'struct_direction': 1, 'structure_path_id': 'H1.main >> M15.confluence', 'use_case': 'first_confluence', 'parent_sid': 0, 'parent_cycle_id': 0, 'timeframe': 'M15', 'parent_tf': 'H1', 'sub_id': 0, 'started_by': 'first_confluence'}"
1025,RANGE,RANGE_UPDATED,,"{'reason': 'pullback_expand', 'hi': 0.5752, 'lo': 0.57375, 'pat': 'one_maru_continuous', 'structure_id': 0, 'struct_direction': 1, 'structure_path_id': 'H1.main >> M15.confluence', 'use_case': 'first_confluence', 'parent_sid': 0, 'parent_cycle_id': 0, 'timeframe': 'M15', 'parent_tf': 'H1', 'sub_id': 0, 'started_by': 'first_confluence'}"
1025,STRUCTURE,CTS_CONFIRMED,0.5752,"{'via': 'one_maru_continuous', 'cycle_id': 1, 'structure_id': 0, 'struct_direction': 1, 'confirmed_at': 1025, 'cts_anchor_idx': 1020, 'confirmation_method': 'pullback', 'structure_path_id': 'H1.main >> M15.confluence', 'use_case': 'first_confluence', 'parent_sid': 0, 'parent_cycle_id': 0, 'timeframe': 'M15', 'parent_tf': 'H1', 'sub_id': 0, 'started_by': 'first_confluence'}"
1025,STATE,STATE_CHANGED,,"{'from': 'range', 'to': 'pullback', 'structure_id': 0, 'struct_direction': 1, 'reason': 'pullback_pattern', 'pat': 'one_maru_continuous', 'effective_idx': 1025, 'structure_path_id': 'H1.main >> M15.confluence', 'use_case': 'first_confluence', 'parent_sid': 0, 'parent_cycle_id': 0, 'timeframe': 'M15', 'parent_tf': 'H1', 'sub_id': 0, 'started_by': 'first_confluence'}"
1026,RANGE,RANGE_UPDATED,,"{'hi': 0.5752, 'lo': 0.57363, 'structure_id': 0, 'struct_direction': 1, 'structure_path_id': 'H1.main >> M15.confluence', 'use_case': 'first_confluence', 'parent_sid': 0, 'parent_cycle_id': 0, 'timeframe': 'M15', 'parent_tf': 'H1', 'sub_id': 0, 'started_by': 'first_confluence'}"
1027,RANGE,RANGE_UPDATED,,"{'hi': 0.5752, 'lo': 0.57358, 'structure_id': 0, 'struct_direction': 1, 'structure_path_id': 'H1.main >> M15.confluence', 'use_case': 'first_confluence', 'parent_sid': 0, 'parent_cycle_id': 0, 'timeframe': 'M15', 'parent_tf': 'H1', 'sub_id': 0, 'started_by': 'first_confluence'}"
1028,STATE,STATE_CHANGED,,"{'from': 'pullback', 'to': 'pullback_range', 'structure_id': 0, 'struct_direction': 1, 'reason': 'replay_no_expand_pullback_side', 'effective_idx': 1028, 'structure_path_id': 'H1.main >> M15.confluence', 'use_case': 'first_confluence', 'parent_sid': 0, 'parent_cycle_id': 0, 'timeframe': 'M15', 'parent_tf': 'H1', 'sub_id': 0, 'started_by': 'first_confluence'}"
1030,RANGE,RANGE_UPDATED,,"{'hi': 0.5752, 'lo': 0.57336, 'structure_id': 0, 'struct_direction': 1, 'structure_path_id': 'H1.main >> M15.confluence', 'use_case': 'first_confluence', 'parent_sid': 0, 'parent_cycle_id': 0, 'timeframe': 'M15', 'parent_tf': 'H1', 'sub_id': 0, 'started_by': 'first_confluence'}"
1030,STATE,STATE_CHANGED,,"{'from': 'pullback_range', 'to': 'pullback', 'structure_id': 0, 'struct_direction': 1, 'reason': 'replay_expand_pullback_side', 'effective_idx': 1030, 'structure_path_id': 'H1.main >> M15.confluence', 'use_case': 'first_confluence', 'parent_sid': 0, 'parent_cycle_id': 0, 'timeframe': 'M15', 'parent_tf': 'H1', 'sub_id': 0, 'started_by': 'first_confluence'}"
1031,STATE,STATE_CHANGED,,"{'from': 'pullback', 'to': 'pullback_range', 'structure_id': 0, 'struct_direction': 1, 'reason': 'replay_no_expand_pullback_side', 'effective_idx': 1031, 'structure_path_id': 'H1.main >> M15.confluence', 'use_case': 'first_confluence', 'parent_sid': 0, 'parent_cycle_id': 0, 'timeframe': 'M15', 'parent_tf': 'H1', 'sub_id': 0, 'started_by': 'first_confluence'}"
1041,RANGE,RANGE_UPDATED,,"{'hi': 0.5752, 'lo': 0.57312, 'structure_id': 0, 'struct_direction': 1, 'structure_path_id': 'H1.main >> M15.confluence', 'use_case': 'first_confluence', 'parent_sid': 0, 'parent_cycle_id': 0, 'timeframe': 'M15', 'parent_tf': 'H1', 'sub_id': 0, 'started_by': 'first_confluence'}"
1041,STATE,STATE_CHANGED,,"{'from': 'pullback_range', 'to': 'pullback', 'structure_id': 0, 'struct_direction': 1, 'reason': 'replay_expand_pullback_side', 'effective_idx': 1041, 'structure_path_id': 'H1.main >> M15.confluence', 'use_case': 'first_confluence', 'parent_sid': 0, 'parent_cycle_id': 0, 'timeframe': 'M15', 'parent_tf': 'H1', 'sub_id': 0, 'started_by': 'first_confluence'}"
1042,RANGE,RANGE_UPDATED,,"{'hi': 0.5752, 'lo': 0.57303, 'structure_id': 0, 'struct_direction': 1, 'structure_path_id': 'H1.main >> M15.confluence', 'use_case': 'first_confluence', 'parent_sid': 0, 'parent_cycle_id': 0, 'timeframe': 'M15', 'parent_tf': 'H1', 'sub_id': 0, 'started_by': 'first_confluence'}"
1043,RANGE,RANGE_UPDATED,,"{'hi': 0.5752, 'lo': 0.57302, 'structure_id': 0, 'struct_direction': 1, 'structure_path_id': 'H1.main >> M15.confluence', 'use_case': 'first_confluence', 'parent_sid': 0, 'parent_cycle_id': 0, 'timeframe': 'M15', 'parent_tf': 'H1', 'sub_id': 0, 'started_by': 'first_confluence'}"
1044,RANGE,RANGE_UPDATED,,"{'hi': 0.5752, 'lo': 0.57282, 'structure_id': 0, 'struct_direction': 1, 'structure_path_id': 'H1.main >> M15.confluence', 'use_case': 'first_confluence', 'parent_sid': 0, 'parent_cycle_id': 0, 'timeframe': 'M15', 'parent_tf': 'H1', 'sub_id': 0, 'started_by': 'first_confluence'}"
1045,RANGE,RANGE_UPDATED,,"{'hi': 0.5752, 'lo': 0.57264, 'structure_id': 0, 'struct_direction': 1, 'structure_path_id': 'H1.main >> M15.confluence', 'use_case': 'first_confluence', 'parent_sid': 0, 'parent_cycle_id': 0, 'timeframe': 'M15', 'parent_tf': 'H1', 'sub_id': 0, 'started_by': 'first_confluence'}"
1046,RANGE,RANGE_UPDATED,,"{'hi': 0.5752, 'lo': 0.57251, 'structure_id': 0, 'struct_direction': 1, 'structure_path_id': 'H1.main >> M15.confluence', 'use_case': 'first_confluence', 'parent_sid': 0, 'parent_cycle_id': 0, 'timeframe': 'M15', 'parent_tf': 'H1', 'sub_id': 0, 'started_by': 'first_confluence'}"
1047,STATE,STATE_CHANGED,,"{'from': 'pullback', 'to': 'pullback_range', 'structure_id': 0, 'struct_direction': 1, 'reason': 'replay_no_expand_pullback_side', 'effective_idx': 1047, 'structure_path_id': 'H1.main >> M15.confluence', 'use_case': 'first_confluence', 'parent_sid': 0, 'parent_cycle_id': 0, 'timeframe': 'M15', 'parent_tf': 'H1', 'sub_id': 0, 'started_by': 'first_confluence'}"
1049,RANGE,RANGE_UPDATED,,"{'hi': 0.5752, 'lo': 0.5725, 'structure_id': 0, 'struct_direction': 1, 'structure_path_id': 'H1.main >> M15.confluence', 'use_case': 'first_confluence', 'parent_sid': 0, 'parent_cycle_id': 0, 'timeframe': 'M15', 'parent_tf': 'H1', 'sub_id': 0, 'started_by': 'first_confluence'}"
1049,STATE,STATE_CHANGED,,"{'from': 'pullback_range', 'to': 'pullback', 'structure_id': 0, 'struct_direction': 1, 'reason': 'replay_expand_pullback_side', 'effective_idx': 1049, 'structure_path_id': 'H1.main >> M15.confluence', 'use_case': 'first_confluence', 'parent_sid': 0, 'parent_cycle_id': 0, 'timeframe': 'M15', 'parent_tf': 'H1', 'sub_id': 0, 'started_by': 'first_confluence'}"
1050,RANGE,RANGE_UPDATED,,"{'hi': 0.5752, 'lo': 0.57246, 'structure_id': 0, 'struct_direction': 1, 'structure_path_id': 'H1.main >> M15.confluence', 'use_case': 'first_confluence', 'parent_sid': 0, 'parent_cycle_id': 0, 'timeframe': 'M15', 'parent_tf': 'H1', 'sub_id': 0, 'started_by': 'first_confluence'}"
1051,STATE,STATE_CHANGED,,"{'from': 'pullback', 'to': 'pullback_range', 'structure_id': 0, 'struct_direction': 1, 'reason': 'replay_no_expand_pullback_side', 'effective_idx': 1051, 'structure_path_id': 'H1.main >> M15.confluence', 'use_case': 'first_confluence', 'parent_sid': 0, 'parent_cycle_id': 0, 'timeframe': 'M15', 'parent_tf': 'H1', 'sub_id': 0, 'started_by': 'first_confluence'}"
1056,RANGE,RANGE_UPDATED,,"{'hi': 0.5752, 'lo': 0.57237, 'structure_id': 0, 'struct_direction': 1, 'structure_path_id': 'H1.main >> M15.confluence', 'use_case': 'first_confluence', 'parent_sid': 0, 'parent_cycle_id': 0, 'timeframe': 'M15', 'parent_tf': 'H1', 'sub_id': 0, 'started_by': 'first_confluence'}"
1056,STATE,STATE_CHANGED,,"{'from': 'pullback_range', 'to': 'pullback', 'structure_id': 0, 'struct_direction': 1, 'reason': 'replay_expand_pullback_side', 'effective_idx': 1056, 'structure_path_id': 'H1.main >> M15.confluence', 'use_case': 'first_confluence', 'parent_sid': 0, 'parent_cycle_id': 0, 'timeframe': 'M15', 'parent_tf': 'H1', 'sub_id': 0, 'started_by': 'first_confluence'}"
1057,STATE,STATE_CHANGED,,"{'from': 'pullback', 'to': 'pullback_range', 'structure_id': 0, 'struct_direction': 1, 'reason': 'replay_no_expand_pullback_side', 'effective_idx': 1057, 'structure_path_id': 'H1.main >> M15.confluence', 'use_case': 'first_confluence', 'parent_sid': 0, 'parent_cycle_id': 0, 'timeframe': 'M15', 'parent_tf': 'H1', 'sub_id': 0, 'started_by': 'first_confluence'}"
1065,RANGE,RANGE_UPDATED,,"{'hi': 0.5752, 'lo': 0.57232, 'structure_id': 0, 'struct_direction': 1, 'structure_path_id': 'H1.main >> M15.confluence', 'use_case': 'first_confluence', 'parent_sid': 0, 'parent_cycle_id': 0, 'timeframe': 'M15', 'parent_tf': 'H1', 'sub_id': 0, 'started_by': 'first_confluence'}"
1065,STATE,STATE_CHANGED,,"{'from': 'pullback_range', 'to': 'pullback', 'structure_id': 0, 'struct_direction': 1, 'reason': 'replay_expand_pullback_side', 'effective_idx': 1065, 'structure_path_id': 'H1.main >> M15.confluence', 'use_case': 'first_confluence', 'parent_sid': 0, 'parent_cycle_id': 0, 'timeframe': 'M15', 'parent_tf': 'H1', 'sub_id': 0, 'started_by': 'first_confluence'}"
1066,RANGE,RANGE_UPDATED,,"{'hi': 0.5752, 'lo': 0.57216, 'structure_id': 0, 'struct_direction': 1, 'structure_path_id': 'H1.main >> M15.confluence', 'use_case': 'first_confluence', 'parent_sid': 0, 'parent_cycle_id': 0, 'timeframe': 'M15', 'parent_tf': 'H1', 'sub_id': 0, 'started_by': 'first_confluence'}"
1067,RANGE,RANGE_UPDATED,,"{'hi': 0.5752, 'lo': 0.5721, 'structure_id': 0, 'struct_direction': 1, 'structure_path_id': 'H1.main >> M15.confluence', 'use_case': 'first_confluence', 'parent_sid': 0, 'parent_cycle_id': 0, 'timeframe': 'M15', 'parent_tf': 'H1', 'sub_id': 0, 'started_by': 'first_confluence'}"
1068,RANGE,RANGE_UPDATED,,"{'hi': 0.5752, 'lo': 0.57186, 'structure_id': 0, 'struct_direction': 1, 'structure_path_id': 'H1.main >> M15.confluence', 'use_case': 'first_confluence', 'parent_sid': 0, 'parent_cycle_id': 0, 'timeframe': 'M15', 'parent_tf': 'H1', 'sub_id': 0, 'started_by': 'first_confluence'}"
1069,STATE,STATE_CHANGED,,"{'from': 'pullback', 'to': 'pullback_range', 'structure_id': 0, 'struct_direction': 1, 'reason': 'replay_no_expand_pullback_side', 'effective_idx': 1069, 'structure_path_id': 'H1.main >> M15.confluence', 'use_case': 'first_confluence', 'parent_sid': 0, 'parent_cycle_id': 0, 'timeframe': 'M15', 'parent_tf': 'H1', 'sub_id': 0, 'started_by': 'first_confluence'}"
1101,RANGE,RANGE_UPDATED,,"{'hi': 0.5752, 'lo': 0.57179, 'structure_id': 0, 'struct_direction': 1, 'structure_path_id': 'H1.main >> M15.confluence', 'use_case': 'first_confluence', 'parent_sid': 0, 'parent_cycle_id': 0, 'timeframe': 'M15', 'parent_tf': 'H1', 'sub_id': 0, 'started_by': 'first_confluence'}"
1101,STATE,STATE_CHANGED,,"{'from': 'pullback_range', 'to': 'pullback', 'structure_id': 0, 'struct_direction': 1, 'reason': 'replay_expand_pullback_side', 'effective_idx': 1101, 'structure_path_id': 'H1.main >> M15.confluence', 'use_case': 'first_confluence', 'parent_sid': 0, 'parent_cycle_id': 0, 'timeframe': 'M15', 'parent_tf': 'H1', 'sub_id': 0, 'started_by': 'first_confluence'}"
1102,RANGE,RANGE_UPDATED,,"{'hi': 0.5752, 'lo': 0.57162, 'structure_id': 0, 'struct_direction': 1, 'structure_path_id': 'H1.main >> M15.confluence', 'use_case': 'first_confluence', 'parent_sid': 0, 'parent_cycle_id': 0, 'timeframe': 'M15', 'parent_tf': 'H1', 'sub_id': 0, 'started_by': 'first_confluence'}"
1103,RANGE,RANGE_UPDATED,,"{'hi': 0.5752, 'lo': 0.57154, 'structure_id': 0, 'struct_direction': 1, 'structure_path_id': 'H1.main >> M15.confluence', 'use_case': 'first_confluence', 'parent_sid': 0, 'parent_cycle_id': 0, 'timeframe': 'M15', 'parent_tf': 'H1', 'sub_id': 0, 'started_by': 'first_confluence'}"
1104,STATE,STATE_CHANGED,,"{'from': 'pullback', 'to': 'pullback_range', 'structure_id': 0, 'struct_direction': 1, 'reason': 'replay_no_expand_pullback_side', 'effective_idx': 1104, 'structure_path_id': 'H1.main >> M15.confluence', 'use_case': 'first_confluence', 'parent_sid': 0, 'parent_cycle_id': 0, 'timeframe': 'M15', 'parent_tf': 'H1', 'sub_id': 0, 'started_by': 'first_confluence'}"
1105,RANGE,RANGE_UPDATED,,"{'hi': 0.5752, 'lo': 0.57119, 'structure_id': 0, 'struct_direction': 1, 'structure_path_id': 'H1.main >> M15.confluence', 'use_case': 'first_confluence', 'parent_sid': 0, 'parent_cycle_id': 0, 'timeframe': 'M15', 'parent_tf': 'H1', 'sub_id': 0, 'started_by': 'first_confluence'}"
1105,STATE,STATE_CHANGED,,"{'from': 'pullback_range', 'to': 'pullback', 'structure_id': 0, 'struct_direction': 1, 'reason': 'replay_expand_pullback_side', 'effective_idx': 1105, 'structure_path_id': 'H1.main >> M15.confluence', 'use_case': 'first_confluence', 'parent_sid': 0, 'parent_cycle_id': 0, 'timeframe': 'M15', 'parent_tf': 'H1', 'sub_id': 0, 'started_by': 'first_confluence'}"
1106,STATE,STATE_CHANGED,,"{'from': 'pullback', 'to': 'pullback_range', 'structure_id': 0, 'struct_direction': 1, 'reason': 'replay_no_expand_pullback_side', 'effective_idx': 1106, 'structure_path_id': 'H1.main >> M15.confluence', 'use_case': 'first_confluence', 'parent_sid': 0, 'parent_cycle_id': 0, 'timeframe': 'M15', 'parent_tf': 'H1', 'sub_id': 0, 'started_by': 'first_confluence'}"
1107,RANGE,RANGE_UPDATED,,"{'hi': 0.5752, 'lo': 0.57111, 'structure_id': 0, 'struct_direction': 1, 'structure_path_id': 'H1.main >> M15.confluence', 'use_case': 'first_confluence', 'parent_sid': 0, 'parent_cycle_id': 0, 'timeframe': 'M15', 'parent_tf': 'H1', 'sub_id': 0, 'started_by': 'first_confluence'}"
1107,STATE,STATE_CHANGED,,"{'from': 'pullback_range', 'to': 'pullback', 'structure_id': 0, 'struct_direction': 1, 'reason': 'replay_expand_pullback_side', 'effective_idx': 1107, 'structure_path_id': 'H1.main >> M15.confluence', 'use_case': 'first_confluence', 'parent_sid': 0, 'parent_cycle_id': 0, 'timeframe': 'M15', 'parent_tf': 'H1', 'sub_id': 0, 'started_by': 'first_confluence'}"
1108,STATE,STATE_CHANGED,,"{'from': 'pullback', 'to': 'pullback_range', 'structure_id': 0, 'struct_direction': 1, 'reason': 'replay_no_expand_pullback_side', 'effective_idx': 1108, 'structure_path_id': 'H1.main >> M15.confluence', 'use_case': 'first_confluence', 'parent_sid': 0, 'parent_cycle_id': 0, 'timeframe': 'M15', 'parent_tf': 'H1', 'sub_id': 0, 'started_by': 'first_confluence'}"
1169,RANGE,RANGE_UPDATED,,"{'hi': 0.57525, 'lo': 0.57111, 'structure_id': 0, 'struct_direction': 1, 'structure_path_id': 'H1.main >> M15.confluence', 'use_case': 'first_confluence', 'parent_sid': 0, 'parent_cycle_id': 0, 'timeframe': 'M15', 'parent_tf': 'H1', 'sub_id': 0, 'started_by': 'first_confluence'}"
1169,STRUCTURE,CTS_THRESHOLD_UPDATED,0.57525,"{'prev': 0.5752, 'reason': 'range_sync', 'cycle_id': 1, 'structure_id': 0, 'struct_direction': 1, 'structure_path_id': 'H1.main >> M15.confluence', 'use_case': 'first_confluence', 'parent_sid': 0, 'parent_cycle_id': 0, 'timeframe': 'M15', 'parent_tf': 'H1', 'sub_id': 0, 'started_by': 'first_confluence'}"
1179,RANGE,RANGE_UPDATED,,"{'hi': 0.57532, 'lo': 0.57111, 'structure_id': 0, 'struct_direction': 1, 'structure_path_id': 'H1.main >> M15.confluence', 'use_case': 'first_confluence', 'parent_sid': 0, 'parent_cycle_id': 0, 'timeframe': 'M15', 'parent_tf': 'H1', 'sub_id': 0, 'started_by': 'first_confluence'}"
1179,STRUCTURE,CTS_THRESHOLD_UPDATED,0.57532,"{'prev': 0.57525, 'reason': 'range_sync', 'cycle_id': 1, 'structure_id': 0, 'struct_direction': 1, 'structure_path_id': 'H1.main >> M15.confluence', 'use_case': 'first_confluence', 'parent_sid': 0, 'parent_cycle_id': 0, 'timeframe': 'M15', 'parent_tf': 'H1', 'sub_id': 0, 'started_by': 'first_confluence'}"
1180,RANGE,RANGE_UPDATED,,"{'hi': 0.57547, 'lo': 0.57111, 'structure_id': 0, 'struct_direction': 1, 'structure_path_id': 'H1.main >> M15.confluence', 'use_case': 'first_confluence', 'parent_sid': 0, 'parent_cycle_id': 0, 'timeframe': 'M15', 'parent_tf': 'H1', 'sub_id': 0, 'started_by': 'first_confluence'}"
1180,STRUCTURE,CTS_THRESHOLD_UPDATED,0.57547,"{'prev': 0.57532, 'reason': 'range_sync', 'cycle_id': 1, 'structure_id': 0, 'struct_direction': 1, 'structure_path_id': 'H1.main >> M15.confluence', 'use_case': 'first_confluence', 'parent_sid': 0, 'parent_cycle_id': 0, 'timeframe': 'M15', 'parent_tf': 'H1', 'sub_id': 0, 'started_by': 'first_confluence'}"
1181,RANGE,RANGE_UPDATED,,"{'hi': 0.57557, 'lo': 0.57111, 'structure_id': 0, 'struct_direction': 1, 'structure_path_id': 'H1.main >> M15.confluence', 'use_case': 'first_confluence', 'parent_sid': 0, 'parent_cycle_id': 0, 'timeframe': 'M15', 'parent_tf': 'H1', 'sub_id': 0, 'started_by': 'first_confluence'}"
1181,STRUCTURE,CTS_THRESHOLD_UPDATED,0.57557,"{'prev': 0.57547, 'reason': 'range_sync', 'cycle_id': 1, 'structure_id': 0, 'struct_direction': 1, 'structure_path_id': 'H1.main >> M15.confluence', 'use_case': 'first_confluence', 'parent_sid': 0, 'parent_cycle_id': 0, 'timeframe': 'M15', 'parent_tf': 'H1', 'sub_id': 0, 'started_by': 'first_confluence'}"
1213,RANGE,RANGE_UPDATED,,"{'hi': 0.57572, 'lo': 0.57111, 'structure_id': 0, 'struct_direction': 1, 'structure_path_id': 'H1.main >> M15.confluence', 'use_case': 'first_confluence', 'parent_sid': 0, 'parent_cycle_id': 0, 'timeframe': 'M15', 'parent_tf': 'H1', 'sub_id': 0, 'started_by': 'first_confluence'}"
1213,STRUCTURE,CTS_THRESHOLD_UPDATED,0.57572,"{'prev': 0.57557, 'reason': 'range_sync', 'cycle_id': 1, 'structure_id': 0, 'struct_direction': 1, 'structure_path_id': 'H1.main >> M15.confluence', 'use_case': 'first_confluence', 'parent_sid': 0, 'parent_cycle_id': 0, 'timeframe': 'M15', 'parent_tf': 'H1', 'sub_id': 0, 'started_by': 'first_confluence'}"
1224,RANGE,RANGE_RESET,,"{'reason': 'range_breakout', 'pat': 'one_maru_opposite', 'structure_id': 0, 'struct_direction': 1, 'structure_path_id': 'H1.main >> M15.confluence', 'use_case': 'first_confluence', 'parent_sid': 0, 'parent_cycle_id': 0, 'timeframe': 'M15', 'parent_tf': 'H1', 'sub_id': 0, 'started_by': 'first_confluence'}"
1224,STRUCTURE,CTS_ESTABLISHED,0.5766,"{'via': 'one_maru_opposite', 'pattern_anchor_idx': 1221, 'pattern_name': 'one_maru_opposite', 'confirmed_at': 1224, 'cycle_id': 2, 'structure_id': 0, 'struct_direction': 1, 'cts_anchor_idx': 1223, 'structure_path_id': 'H1.main >> M15.confluence', 'use_case': 'first_confluence', 'parent_sid': 0, 'parent_cycle_id': 0, 'timeframe': 'M15', 'parent_tf': 'H1', 'sub_id': 0, 'started_by': 'first_confluence'}"
1224,STRUCTURE,BOS_CONFIRMED,0.57111,"{'source': 'pullback_extreme', 'confirmed_at': 1224, 'last_pullback_apply_idx': 1025, 'cycle_id': 2, 'structure_id': 0, 'struct_direction': 1, 'bos_anchor_idx': 1107, 'structure_path_id': 'H1.main >> M15.confluence', 'use_case': 'first_confluence', 'parent_sid': 0, 'parent_cycle_id': 0, 'timeframe': 'M15', 'parent_tf': 'H1', 'sub_id': 0, 'started_by': 'first_confluence'}"
1224,STATE,STATE_CHANGED,,"{'from': 'pullback_range', 'to': 'breakout', 'structure_id': 0, 'struct_direction': 1, 'reason': 'breakout_pattern', 'pat': 'one_maru_opposite', 'effective_idx': 1224, 'structure_path_id': 'H1.main >> M15.confluence', 'use_case': 'first_confluence', 'parent_sid': 0, 'parent_cycle_id': 0, 'timeframe': 'M15', 'parent_tf': 'H1', 'sub_id': 0, 'started_by': 'first_confluence'}"
1225,STRUCTURE,CTS_UPDATED,0.57714,"{'via': 'replay_raw', 'cycle_id': 2, 'structure_id': 0, 'struct_direction': 1, 'structure_path_id': 'H1.main >> M15.confluence', 'use_case': 'first_confluence', 'parent_sid': 0, 'parent_cycle_id': 0, 'timeframe': 'M15', 'parent_tf': 'H1', 'sub_id': 0, 'started_by': 'first_confluence'}"
1229,STRUCTURE,CTS_UPDATED,0.5772,"{'via': 'replay_raw', 'cycle_id': 2, 'structure_id': 0, 'struct_direction': 1, 'structure_path_id': 'H1.main >> M15.confluence', 'use_case': 'first_confluence', 'parent_sid': 0, 'parent_cycle_id': 0, 'timeframe': 'M15', 'parent_tf': 'H1', 'sub_id': 0, 'started_by': 'first_confluence'}"
1230,STRUCTURE,CTS_UPDATED,0.5773,"{'via': 'one_maru_continuous', 'confirmed_at': 1230, 'cts_anchor_idx': 1230, 'cycle_id': 2, 'structure_id': 0, 'struct_direction': 1, 'structure_path_id': 'H1.main >> M15.confluence', 'use_case': 'first_confluence', 'parent_sid': 0, 'parent_cycle_id': 0, 'timeframe': 'M15', 'parent_tf': 'H1', 'sub_id': 0, 'started_by': 'first_confluence'}"
1232,STRUCTURE,CTS_UPDATED,0.57745,"{'via': 'replay_raw', 'cycle_id': 2, 'structure_id': 0, 'struct_direction': 1, 'structure_path_id': 'H1.main >> M15.confluence', 'use_case': 'first_confluence', 'parent_sid': 0, 'parent_cycle_id': 0, 'timeframe': 'M15', 'parent_tf': 'H1', 'sub_id': 0, 'started_by': 'first_confluence'}"
1234,STRUCTURE,CTS_UPDATED,0.57749,"{'via': 'replay_raw', 'cycle_id': 2, 'structure_id': 0, 'struct_direction': 1, 'structure_path_id': 'H1.main >> M15.confluence', 'use_case': 'first_confluence', 'parent_sid': 0, 'parent_cycle_id': 0, 'timeframe': 'M15', 'parent_tf': 'H1', 'sub_id': 0, 'started_by': 'first_confluence'}"
1235,RANGE,RANGE_STARTED,,"{'start_idx': 1231, 'confirm_idx': 1235, 'hi': 0.57749, 'lo': 0.57705, 'cts_anchor_idx': 1234, 'cts_price': 0.57749, 'structure_id': 0, 'struct_direction': 1, 'structure_path_id': 'H1.main >> M15.confluence', 'use_case': 'first_confluence', 'parent_sid': 0, 'parent_cycle_id': 0, 'timeframe': 'M15', 'parent_tf': 'H1', 'sub_id': 0, 'started_by': 'first_confluence'}"
1235,STATE,STATE_CHANGED,,"{'from': 'breakout', 'to': 'range', 'structure_id': 0, 'struct_direction': 1, 'reason': 'range_confirmed', 'effective_idx': 1231, 'structure_path_id': 'H1.main >> M15.confluence', 'use_case': 'first_confluence', 'parent_sid': 0, 'parent_cycle_id': 0, 'timeframe': 'M15', 'parent_tf': 'H1', 'sub_id': 0, 'started_by': 'first_confluence'}"
1235,RANGE,RANGE_UPDATED,,"{'hi': 0.57754, 'lo': 0.57705, 'structure_id': 0, 'struct_direction': 1, 'structure_path_id': 'H1.main >> M15.confluence', 'use_case': 'first_confluence', 'parent_sid': 0, 'parent_cycle_id': 0, 'timeframe': 'M15', 'parent_tf': 'H1', 'sub_id': 0, 'started_by': 'first_confluence'}"
1235,STRUCTURE,CTS_UPDATED,0.57754,"{'via': 'replay_raw', 'cycle_id': 2, 'structure_id': 0, 'struct_direction': 1, 'structure_path_id': 'H1.main >> M15.confluence', 'use_case': 'first_confluence', 'parent_sid': 0, 'parent_cycle_id': 0, 'timeframe': 'M15', 'parent_tf': 'H1', 'sub_id': 0, 'started_by': 'first_confluence'}"
1237,RANGE,RANGE_UPDATED,,"{'hi': 0.57756, 'lo': 0.57705, 'structure_id': 0, 'struct_direction': 1, 'structure_path_id': 'H1.main >> M15.confluence', 'use_case': 'first_confluence', 'parent_sid': 0, 'parent_cycle_id': 0, 'timeframe': 'M15', 'parent_tf': 'H1', 'sub_id': 0, 'started_by': 'first_confluence'}"
1237,STRUCTURE,CTS_UPDATED,0.57756,"{'via': 'replay_raw', 'cycle_id': 2, 'structure_id': 0, 'struct_direction': 1, 'structure_path_id': 'H1.main >> M15.confluence', 'use_case': 'first_confluence', 'parent_sid': 0, 'parent_cycle_id': 0, 'timeframe': 'M15', 'parent_tf': 'H1', 'sub_id': 0, 'started_by': 'first_confluence'}"
1239,RANGE,RANGE_UPDATED,,"{'hi': 0.57766, 'lo': 0.57705, 'structure_id': 0, 'struct_direction': 1, 'structure_path_id': 'H1.main >> M15.confluence', 'use_case': 'first_confluence', 'parent_sid': 0, 'parent_cycle_id': 0, 'timeframe': 'M15', 'parent_tf': 'H1', 'sub_id': 0, 'started_by': 'first_confluence'}"
1239,STRUCTURE,CTS_UPDATED,0.57766,"{'via': 'replay_raw', 'cycle_id': 2, 'structure_id': 0, 'struct_direction': 1, 'structure_path_id': 'H1.main >> M15.confluence', 'use_case': 'first_confluence', 'parent_sid': 0, 'parent_cycle_id': 0, 'timeframe': 'M15', 'parent_tf': 'H1', 'sub_id': 0, 'started_by': 'first_confluence'}"
1245,RANGE,RANGE_UPDATED,,"{'hi': 0.57774, 'lo': 0.57705, 'structure_id': 0, 'struct_direction': 1, 'structure_path_id': 'H1.main >> M15.confluence', 'use_case': 'first_confluence', 'parent_sid': 0, 'parent_cycle_id': 0, 'timeframe': 'M15', 'parent_tf': 'H1', 'sub_id': 0, 'started_by': 'first_confluence'}"
1245,STRUCTURE,CTS_UPDATED,0.57774,"{'via': 'replay_raw', 'cycle_id': 2, 'structure_id': 0, 'struct_direction': 1, 'structure_path_id': 'H1.main >> M15.confluence', 'use_case': 'first_confluence', 'parent_sid': 0, 'parent_cycle_id': 0, 'timeframe': 'M15', 'parent_tf': 'H1', 'sub_id': 0, 'started_by': 'first_confluence'}"
1257,RANGE,RANGE_UPDATED,,"{'reason': 'pullback_expand', 'hi': 0.57774, 'lo': 0.5767, 'pat': 'one_maru_continuous', 'structure_id': 0, 'struct_direction': 1, 'structure_path_id': 'H1.main >> M15.confluence', 'use_case': 'first_confluence', 'parent_sid': 0, 'parent_cycle_id': 0, 'timeframe': 'M15', 'parent_tf': 'H1', 'sub_id': 0, 'started_by': 'first_confluence'}"
1257,STRUCTURE,CTS_CONFIRMED,0.57774,"{'via': 'one_maru_continuous', 'cycle_id': 2, 'structure_id': 0, 'struct_direction': 1, 'confirmed_at': 1257, 'cts_anchor_idx': 1245, 'confirmation_method': 'pullback', 'structure_path_id': 'H1.main >> M15.confluence', 'use_case': 'first_confluence', 'parent_sid': 0, 'parent_cycle_id': 0, 'timeframe': 'M15', 'parent_tf': 'H1', 'sub_id': 0, 'started_by': 'first_confluence'}"
1257,STATE,STATE_CHANGED,,"{'from': 'range', 'to': 'pullback', 'structure_id': 0, 'struct_direction': 1, 'reason': 'pullback_pattern', 'pat': 'one_maru_continuous', 'effective_idx': 1257, 'structure_path_id': 'H1.main >> M15.confluence', 'use_case': 'first_confluence', 'parent_sid': 0, 'parent_cycle_id': 0, 'timeframe': 'M15', 'parent_tf': 'H1', 'sub_id': 0, 'started_by': 'first_confluence'}"
1258,STATE,STATE_CHANGED,,"{'from': 'pullback', 'to': 'pullback_range', 'structure_id': 0, 'struct_direction': 1, 'reason': 'replay_no_expand_pullback_side', 'effective_idx': 1258, 'structure_path_id': 'H1.main >> M15.confluence', 'use_case': 'first_confluence', 'parent_sid': 0, 'parent_cycle_id': 0, 'timeframe': 'M15', 'parent_tf': 'H1', 'sub_id': 0, 'started_by': 'first_confluence'}"
1261,RANGE,RANGE_UPDATED,,"{'hi': 0.57774, 'lo': 0.5766, 'structure_id': 0, 'struct_direction': 1, 'structure_path_id': 'H1.main >> M15.confluence', 'use_case': 'first_confluence', 'parent_sid': 0, 'parent_cycle_id': 0, 'timeframe': 'M15', 'parent_tf': 'H1', 'sub_id': 0, 'started_by': 'first_confluence'}"
1261,STATE,STATE_CHANGED,,"{'from': 'pullback_range', 'to': 'pullback', 'structure_id': 0, 'struct_direction': 1, 'reason': 'replay_expand_pullback_side', 'effective_idx': 1261, 'structure_path_id': 'H1.main >> M15.confluence', 'use_case': 'first_confluence', 'parent_sid': 0, 'parent_cycle_id': 0, 'timeframe': 'M15', 'parent_tf': 'H1', 'sub_id': 0, 'started_by': 'first_confluence'}"
1262,STATE,STATE_CHANGED,,"{'from': 'pullback', 'to': 'pullback_range', 'structure_id': 0, 'struct_direction': 1, 'reason': 'replay_no_expand_pullback_side', 'effective_idx': 1262, 'structure_path_id': 'H1.main >> M15.confluence', 'use_case': 'first_confluence', 'parent_sid': 0, 'parent_cycle_id': 0, 'timeframe': 'M15', 'parent_tf': 'H1', 'sub_id': 0, 'started_by': 'first_confluence'}"
1268,RANGE,RANGE_UPDATED,,"{'hi': 0.57774, 'lo': 0.57652, 'structure_id': 0, 'struct_direction': 1, 'structure_path_id': 'H1.main >> M15.confluence', 'use_case': 'first_confluence', 'parent_sid': 0, 'parent_cycle_id': 0, 'timeframe': 'M15', 'parent_tf': 'H1', 'sub_id': 0, 'started_by': 'first_confluence'}"
1268,STATE,STATE_CHANGED,,"{'from': 'pullback_range', 'to': 'pullback', 'structure_id': 0, 'struct_direction': 1, 'reason': 'replay_expand_pullback_side', 'effective_idx': 1268, 'structure_path_id': 'H1.main >> M15.confluence', 'use_case': 'first_confluence', 'parent_sid': 0, 'parent_cycle_id': 0, 'timeframe': 'M15', 'parent_tf': 'H1', 'sub_id': 0, 'started_by': 'first_confluence'}"
1269,RANGE,RANGE_UPDATED,,"{'hi': 0.57774, 'lo': 0.57614, 'structure_id': 0, 'struct_direction': 1, 'structure_path_id': 'H1.main >> M15.confluence', 'use_case': 'first_confluence', 'parent_sid': 0, 'parent_cycle_id': 0, 'timeframe': 'M15', 'parent_tf': 'H1', 'sub_id': 0, 'started_by': 'first_confluence'}"
1270,STATE,STATE_CHANGED,,"{'from': 'pullback', 'to': 'pullback_range', 'structure_id': 0, 'struct_direction': 1, 'reason': 'replay_no_expand_pullback_side', 'effective_idx': 1270, 'structure_path_id': 'H1.main >> M15.confluence', 'use_case': 'first_confluence', 'parent_sid': 0, 'parent_cycle_id': 0, 'timeframe': 'M15', 'parent_tf': 'H1', 'sub_id': 0, 'started_by': 'first_confluence'}"
1288,RANGE,RANGE_UPDATED,,"{'hi': 0.57786, 'lo': 0.57614, 'structure_id': 0, 'struct_direction': 1, 'structure_path_id': 'H1.main >> M15.confluence', 'use_case': 'first_confluence', 'parent_sid': 0, 'parent_cycle_id': 0, 'timeframe': 'M15', 'parent_tf': 'H1', 'sub_id': 0, 'started_by': 'first_confluence'}"
1288,STRUCTURE,CTS_THRESHOLD_UPDATED,0.57786,"{'prev': 0.57774, 'reason': 'range_sync', 'cycle_id': 2, 'structure_id': 0, 'struct_direction': 1, 'structure_path_id': 'H1.main >> M15.confluence', 'use_case': 'first_confluence', 'parent_sid': 0, 'parent_cycle_id': 0, 'timeframe': 'M15', 'parent_tf': 'H1', 'sub_id': 0, 'started_by': 'first_confluence'}"
1289,RANGE,RANGE_UPDATED,,"{'hi': 0.57788, 'lo': 0.57614, 'structure_id': 0, 'struct_direction': 1, 'structure_path_id': 'H1.main >> M15.confluence', 'use_case': 'first_confluence', 'parent_sid': 0, 'parent_cycle_id': 0, 'timeframe': 'M15', 'parent_tf': 'H1', 'sub_id': 0, 'started_by': 'first_confluence'}"
1289,STRUCTURE,CTS_THRESHOLD_UPDATED,0.57788,"{'prev': 0.57786, 'reason': 'range_sync', 'cycle_id': 2, 'structure_id': 0, 'struct_direction': 1, 'structure_path_id': 'H1.main >> M15.confluence', 'use_case': 'first_confluence', 'parent_sid': 0, 'parent_cycle_id': 0, 'timeframe': 'M15', 'parent_tf': 'H1', 'sub_id': 0, 'started_by': 'first_confluence'}"
1310,RANGE,RANGE_UPDATED,,"{'hi': 0.57788, 'lo': 0.5758, 'structure_id': 0, 'struct_direction': 1, 'structure_path_id': 'H1.main >> M15.confluence', 'use_case': 'first_confluence', 'parent_sid': 0, 'parent_cycle_id': 0, 'timeframe': 'M15', 'parent_tf': 'H1', 'sub_id': 0, 'started_by': 'first_confluence'}"
1310,STATE,STATE_CHANGED,,"{'from': 'pullback_range', 'to': 'pullback', 'structure_id': 0, 'struct_direction': 1, 'reason': 'replay_expand_pullback_side', 'effective_idx': 1310, 'structure_path_id': 'H1.main >> M15.confluence', 'use_case': 'first_confluence', 'parent_sid': 0, 'parent_cycle_id': 0, 'timeframe': 'M15', 'parent_tf': 'H1', 'sub_id': 0, 'started_by': 'first_confluence'}"
1311,STATE,STATE_CHANGED,,"{'from': 'pullback', 'to': 'pullback_range', 'structure_id': 0, 'struct_direction': 1, 'reason': 'replay_no_expand_pullback_side', 'effective_idx': 1311, 'structure_path_id': 'H1.main >> M15.confluence', 'use_case': 'first_confluence', 'parent_sid': 0, 'parent_cycle_id': 0, 'timeframe': 'M15', 'parent_tf': 'H1', 'sub_id': 0, 'started_by': 'first_confluence'}"
1381,RANGE,RANGE_UPDATED,,"{'hi': 0.5781, 'lo': 0.5758, 'structure_id': 0, 'struct_direction': 1, 'structure_path_id': 'H1.main >> M15.confluence', 'use_case': 'first_confluence', 'parent_sid': 0, 'parent_cycle_id': 0, 'timeframe': 'M15', 'parent_tf': 'H1', 'sub_id': 0, 'started_by': 'first_confluence'}"
1381,STRUCTURE,CTS_THRESHOLD_UPDATED,0.5781,"{'prev': 0.57788, 'reason': 'range_sync', 'cycle_id': 2, 'structure_id': 0, 'struct_direction': 1, 'structure_path_id': 'H1.main >> M15.confluence', 'use_case': 'first_confluence', 'parent_sid': 0, 'parent_cycle_id': 0, 'timeframe': 'M15', 'parent_tf': 'H1', 'sub_id': 0, 'started_by': 'first_confluence'}"
1405,RANGE,RANGE_UPDATED,,"{'hi': 0.57812, 'lo': 0.5758, 'structure_id': 0, 'struct_direction': 1, 'structure_path_id': 'H1.main >> M15.confluence', 'use_case': 'first_confluence', 'parent_sid': 0, 'parent_cycle_id': 0, 'timeframe': 'M15', 'parent_tf': 'H1', 'sub_id': 0, 'started_by': 'first_confluence'}"
1405,STRUCTURE,CTS_THRESHOLD_UPDATED,0.57812,"{'prev': 0.5781, 'reason': 'range_sync', 'cycle_id': 2, 'structure_id': 0, 'struct_direction': 1, 'structure_path_id': 'H1.main >> M15.confluence', 'use_case': 'first_confluence', 'parent_sid': 0, 'parent_cycle_id': 0, 'timeframe': 'M15', 'parent_tf': 'H1', 'sub_id': 0, 'started_by': 'first_confluence'}"
1406,RANGE,RANGE_UPDATED,,"{'hi': 0.5783, 'lo': 0.5758, 'structure_id': 0, 'struct_direction': 1, 'structure_path_id': 'H1.main >> M15.confluence', 'use_case': 'first_confluence', 'parent_sid': 0, 'parent_cycle_id': 0, 'timeframe': 'M15', 'parent_tf': 'H1', 'sub_id': 0, 'started_by': 'first_confluence'}"
1406,STRUCTURE,CTS_THRESHOLD_UPDATED,0.5783,"{'prev': 0.57812, 'reason': 'range_sync', 'cycle_id': 2, 'structure_id': 0, 'struct_direction': 1, 'structure_path_id': 'H1.main >> M15.confluence', 'use_case': 'first_confluence', 'parent_sid': 0, 'parent_cycle_id': 0, 'timeframe': 'M15', 'parent_tf': 'H1', 'sub_id': 0, 'started_by': 'first_confluence'}"
1407,RANGE,RANGE_UPDATED,,"{'hi': 0.57831, 'lo': 0.5758, 'structure_id': 0, 'struct_direction': 1, 'structure_path_id': 'H1.main >> M15.confluence', 'use_case': 'first_confluence', 'parent_sid': 0, 'parent_cycle_id': 0, 'timeframe': 'M15', 'parent_tf': 'H1', 'sub_id': 0, 'started_by': 'first_confluence'}"
1407,STRUCTURE,CTS_THRESHOLD_UPDATED,0.57831,"{'prev': 0.5783, 'reason': 'range_sync', 'cycle_id': 2, 'structure_id': 0, 'struct_direction': 1, 'structure_path_id': 'H1.main >> M15.confluence', 'use_case': 'first_confluence', 'parent_sid': 0, 'parent_cycle_id': 0, 'timeframe': 'M15', 'parent_tf': 'H1', 'sub_id': 0, 'started_by': 'first_confluence'}"
1408,RANGE,RANGE_UPDATED,,"{'hi': 0.5787, 'lo': 0.5758, 'structure_id': 0, 'struct_direction': 1, 'structure_path_id': 'H1.main >> M15.confluence', 'use_case': 'first_confluence', 'parent_sid': 0, 'parent_cycle_id': 0, 'timeframe': 'M15', 'parent_tf': 'H1', 'sub_id': 0, 'started_by': 'first_confluence'}"
1408,STRUCTURE,CTS_THRESHOLD_UPDATED,0.5787,"{'prev': 0.57831, 'reason': 'range_sync', 'cycle_id': 2, 'structure_id': 0, 'struct_direction': 1, 'structure_path_id': 'H1.main >> M15.confluence', 'use_case': 'first_confluence', 'parent_sid': 0, 'parent_cycle_id': 0, 'timeframe': 'M15', 'parent_tf': 'H1', 'sub_id': 0, 'started_by': 'first_confluence'}"
1452,RANGE,RANGE_UPDATED,,"{'hi': 0.57886, 'lo': 0.5758, 'structure_id': 0, 'struct_direction': 1, 'structure_path_id': 'H1.main >> M15.confluence', 'use_case': 'first_confluence', 'parent_sid': 0, 'parent_cycle_id': 0, 'timeframe': 'M15', 'parent_tf': 'H1', 'sub_id': 0, 'started_by': 'first_confluence'}"
1452,STRUCTURE,CTS_THRESHOLD_UPDATED,0.57886,"{'prev': 0.5787, 'reason': 'range_sync', 'cycle_id': 2, 'structure_id': 0, 'struct_direction': 1, 'structure_path_id': 'H1.main >> M15.confluence', 'use_case': 'first_confluence', 'parent_sid': 0, 'parent_cycle_id': 0, 'timeframe': 'M15', 'parent_tf': 'H1', 'sub_id': 0, 'started_by': 'first_confluence'}"
1454,RANGE,RANGE_UPDATED,,"{'hi': 0.57914, 'lo': 0.5758, 'structure_id': 0, 'struct_direction': 1, 'structure_path_id': 'H1.main >> M15.confluence', 'use_case': 'first_confluence', 'parent_sid': 0, 'parent_cycle_id': 0, 'timeframe': 'M15', 'parent_tf': 'H1', 'sub_id': 0, 'started_by': 'first_confluence'}"
1454,STRUCTURE,CTS_THRESHOLD_UPDATED,0.57914,"{'prev': 0.57886, 'reason': 'range_sync', 'cycle_id': 2, 'structure_id': 0, 'struct_direction': 1, 'structure_path_id': 'H1.main >> M15.confluence', 'use_case': 'first_confluence', 'parent_sid': 0, 'parent_cycle_id': 0, 'timeframe': 'M15', 'parent_tf': 'H1', 'sub_id': 0, 'started_by': 'first_confluence'}"
1501,RANGE,RANGE_UPDATED,,"{'hi': 0.57927, 'lo': 0.5758, 'structure_id': 0, 'struct_direction': 1, 'structure_path_id': 'H1.main >> M15.confluence', 'use_case': 'first_confluence', 'parent_sid': 0, 'parent_cycle_id': 0, 'timeframe': 'M15', 'parent_tf': 'H1', 'sub_id': 0, 'started_by': 'first_confluence'}"
1501,STRUCTURE,CTS_THRESHOLD_UPDATED,0.57927,"{'prev': 0.57914, 'reason': 'range_sync', 'cycle_id': 2, 'structure_id': 0, 'struct_direction': 1, 'structure_path_id': 'H1.main >> M15.confluence', 'use_case': 'first_confluence', 'parent_sid': 0, 'parent_cycle_id': 0, 'timeframe': 'M15', 'parent_tf': 'H1', 'sub_id': 0, 'started_by': 'first_confluence'}"
1581,RANGE,RANGE_UPDATED,,"{'hi': 0.57947, 'lo': 0.5758, 'structure_id': 0, 'struct_direction': 1, 'structure_path_id': 'H1.main >> M15.confluence', 'use_case': 'first_confluence', 'parent_sid': 0, 'parent_cycle_id': 0, 'timeframe': 'M15', 'parent_tf': 'H1', 'sub_id': 0, 'started_by': 'first_confluence'}"
1581,STRUCTURE,CTS_THRESHOLD_UPDATED,0.57947,"{'prev': 0.57927, 'reason': 'range_sync', 'cycle_id': 2, 'structure_id': 0, 'struct_direction': 1, 'structure_path_id': 'H1.main >> M15.confluence', 'use_case': 'first_confluence', 'parent_sid': 0, 'parent_cycle_id': 0, 'timeframe': 'M15', 'parent_tf': 'H1', 'sub_id': 0, 'started_by': 'first_confluence'}"
1606,RANGE,RANGE_UPDATED,,"{'hi': 0.5795, 'lo': 0.5758, 'structure_id': 0, 'struct_direction': 1, 'structure_path_id': 'H1.main >> M15.confluence', 'use_case': 'first_confluence', 'parent_sid': 0, 'parent_cycle_id': 0, 'timeframe': 'M15', 'parent_tf': 'H1', 'sub_id': 0, 'started_by': 'first_confluence'}"
1606,STRUCTURE,CTS_THRESHOLD_UPDATED,0.5795,"{'prev': 0.57947, 'reason': 'range_sync', 'cycle_id': 2, 'structure_id': 0, 'struct_direction': 1, 'structure_path_id': 'H1.main >> M15.confluence', 'use_case': 'first_confluence', 'parent_sid': 0, 'parent_cycle_id': 0, 'timeframe': 'M15', 'parent_tf': 'H1', 'sub_id': 0, 'started_by': 'first_confluence'}"
1716,RANGE,RANGE_UPDATED,,"{'hi': 0.57996, 'lo': 0.5758, 'structure_id': 0, 'struct_direction': 1, 'structure_path_id': 'H1.main >> M15.confluence', 'use_case': 'first_confluence', 'parent_sid': 0, 'parent_cycle_id': 0, 'timeframe': 'M15', 'parent_tf': 'H1', 'sub_id': 0, 'started_by': 'first_confluence'}"
1716,STRUCTURE,CTS_THRESHOLD_UPDATED,0.57996,"{'prev': 0.5795, 'reason': 'range_sync', 'cycle_id': 2, 'structure_id': 0, 'struct_direction': 1, 'structure_path_id': 'H1.main >> M15.confluence', 'use_case': 'first_confluence', 'parent_sid': 0, 'parent_cycle_id': 0, 'timeframe': 'M15', 'parent_tf': 'H1', 'sub_id': 0, 'started_by': 'first_confluence'}"
1717,RANGE,RANGE_UPDATED,,"{'hi': 0.58012, 'lo': 0.5758, 'structure_id': 0, 'struct_direction': 1, 'structure_path_id': 'H1.main >> M15.confluence', 'use_case': 'first_confluence', 'parent_sid': 0, 'parent_cycle_id': 0, 'timeframe': 'M15', 'parent_tf': 'H1', 'sub_id': 0, 'started_by': 'first_confluence'}"
1717,STRUCTURE,CTS_THRESHOLD_UPDATED,0.58012,"{'prev': 0.57996, 'reason': 'range_sync', 'cycle_id': 2, 'structure_id': 0, 'struct_direction': 1, 'structure_path_id': 'H1.main >> M15.confluence', 'use_case': 'first_confluence', 'parent_sid': 0, 'parent_cycle_id': 0, 'timeframe': 'M15', 'parent_tf': 'H1', 'sub_id': 0, 'started_by': 'first_confluence'}"
1718,RANGE,RANGE_UPDATED,,"{'hi': 0.58071, 'lo': 0.5758, 'structure_id': 0, 'struct_direction': 1, 'structure_path_id': 'H1.main >> M15.confluence', 'use_case': 'first_confluence', 'parent_sid': 0, 'parent_cycle_id': 0, 'timeframe': 'M15', 'parent_tf': 'H1', 'sub_id': 0, 'started_by': 'first_confluence'}"
1718,STRUCTURE,CTS_THRESHOLD_UPDATED,0.58071,"{'prev': 0.58012, 'reason': 'range_sync', 'cycle_id': 2, 'structure_id': 0, 'struct_direction': 1, 'structure_path_id': 'H1.main >> M15.confluence', 'use_case': 'first_confluence', 'parent_sid': 0, 'parent_cycle_id': 0, 'timeframe': 'M15', 'parent_tf': 'H1', 'sub_id': 0, 'started_by': 'first_confluence'}"
1719,RANGE,RANGE_UPDATED,,"{'hi': 0.58084, 'lo': 0.5758, 'structure_id': 0, 'struct_direction': 1, 'structure_path_id': 'H1.main >> M15.confluence', 'use_case': 'first_confluence', 'parent_sid': 0, 'parent_cycle_id': 0, 'timeframe': 'M15', 'parent_tf': 'H1', 'sub_id': 0, 'started_by': 'first_confluence'}"
1719,STRUCTURE,CTS_THRESHOLD_UPDATED,0.58084,"{'prev': 0.58071, 'reason': 'range_sync', 'cycle_id': 2, 'structure_id': 0, 'struct_direction': 1, 'structure_path_id': 'H1.main >> M15.confluence', 'use_case': 'first_confluence', 'parent_sid': 0, 'parent_cycle_id': 0, 'timeframe': 'M15', 'parent_tf': 'H1', 'sub_id': 0, 'started_by': 'first_confluence'}"
1721,RANGE,RANGE_RESET,,"{'reason': 'range_breakout', 'pat': 'one_maru_opposite', 'structure_id': 0, 'struct_direction': 1, 'structure_path_id': 'H1.main >> M15.confluence', 'use_case': 'first_confluence', 'parent_sid': 0, 'parent_cycle_id': 0, 'timeframe': 'M15', 'parent_tf': 'H1', 'sub_id': 0, 'started_by': 'first_confluence'}"
1721,STRUCTURE,CTS_ESTABLISHED,0.58246,"{'via': 'one_maru_opposite', 'pattern_anchor_idx': 1720, 'pattern_name': 'one_maru_opposite', 'confirmed_at': 1721, 'cycle_id': 3, 'structure_id': 0, 'struct_direction': 1, 'cts_anchor_idx': 1721, 'structure_path_id': 'H1.main >> M15.confluence', 'use_case': 'first_confluence', 'parent_sid': 0, 'parent_cycle_id': 0, 'timeframe': 'M15', 'parent_tf': 'H1', 'sub_id': 0, 'started_by': 'first_confluence'}"
1721,STRUCTURE,BOS_CONFIRMED,0.5758,"{'source': 'pullback_extreme', 'confirmed_at': 1721, 'last_pullback_apply_idx': 1257, 'cycle_id': 3, 'structure_id': 0, 'struct_direction': 1, 'bos_anchor_idx': 1310, 'structure_path_id': 'H1.main >> M15.confluence', 'use_case': 'first_confluence', 'parent_sid': 0, 'parent_cycle_id': 0, 'timeframe': 'M15', 'parent_tf': 'H1', 'sub_id': 0, 'started_by': 'first_confluence'}"
1721,STATE,STATE_CHANGED,,"{'from': 'pullback_range', 'to': 'breakout', 'structure_id': 0, 'struct_direction': 1, 'reason': 'breakout_pattern', 'pat': 'one_maru_opposite', 'effective_idx': 1721, 'structure_path_id': 'H1.main >> M15.confluence', 'use_case': 'first_confluence', 'parent_sid': 0, 'parent_cycle_id': 0, 'timeframe': 'M15', 'parent_tf': 'H1', 'sub_id': 0, 'started_by': 'first_confluence'}"
1725,RANGE,RANGE_STARTED,,"{'start_idx': 1721, 'confirm_idx': 1725, 'hi': 0.58246, 'lo': 0.58164, 'cts_anchor_idx': 1721, 'cts_price': 0.58246, 'structure_id': 0, 'struct_direction': 1, 'structure_path_id': 'H1.main >> M15.confluence', 'use_case': 'first_confluence', 'parent_sid': 0, 'parent_cycle_id': 0, 'timeframe': 'M15', 'parent_tf': 'H1', 'sub_id': 0, 'started_by': 'first_confluence'}"
1725,STATE,STATE_CHANGED,,"{'from': 'breakout', 'to': 'range', 'structure_id': 0, 'struct_direction': 1, 'reason': 'range_confirmed', 'effective_idx': 1721, 'structure_path_id': 'H1.main >> M15.confluence', 'use_case': 'first_confluence', 'parent_sid': 0, 'parent_cycle_id': 0, 'timeframe': 'M15', 'parent_tf': 'H1', 'sub_id': 0, 'started_by': 'first_confluence'}"
1723,RANGE,RANGE_UPDATED,,"{'hi': 0.58246, 'lo': 0.58137, 'structure_id': 0, 'struct_direction': 1, 'structure_path_id': 'H1.main >> M15.confluence', 'use_case': 'first_confluence', 'parent_sid': 0, 'parent_cycle_id': 0, 'timeframe': 'M15', 'parent_tf': 'H1', 'sub_id': 0, 'started_by': 'first_confluence'}"
1724,RANGE,RANGE_UPDATED,,"{'hi': 0.58246, 'lo': 0.58134, 'structure_id': 0, 'struct_direction': 1, 'structure_path_id': 'H1.main >> M15.confluence', 'use_case': 'first_confluence', 'parent_sid': 0, 'parent_cycle_id': 0, 'timeframe': 'M15', 'parent_tf': 'H1', 'sub_id': 0, 'started_by': 'first_confluence'}"
1730,RANGE,RANGE_UPDATED,,"{'hi': 0.58246, 'lo': 0.58119, 'structure_id': 0, 'struct_direction': 1, 'structure_path_id': 'H1.main >> M15.confluence', 'use_case': 'first_confluence', 'parent_sid': 0, 'parent_cycle_id': 0, 'timeframe': 'M15', 'parent_tf': 'H1', 'sub_id': 0, 'started_by': 'first_confluence'}"
1733,RANGE,RANGE_UPDATED,,"{'hi': 0.58246, 'lo': 0.58114, 'structure_id': 0, 'struct_direction': 1, 'structure_path_id': 'H1.main >> M15.confluence', 'use_case': 'first_confluence', 'parent_sid': 0, 'parent_cycle_id': 0, 'timeframe': 'M15', 'parent_tf': 'H1', 'sub_id': 0, 'started_by': 'first_confluence'}"
1738,RANGE,RANGE_UPDATED,,"{'hi': 0.58246, 'lo': 0.5811, 'structure_id': 0, 'struct_direction': 1, 'structure_path_id': 'H1.main >> M15.confluence', 'use_case': 'first_confluence', 'parent_sid': 0, 'parent_cycle_id': 0, 'timeframe': 'M15', 'parent_tf': 'H1', 'sub_id': 0, 'started_by': 'first_confluence'}"
1746,RANGE,RANGE_UPDATED,,"{'hi': 0.58246, 'lo': 0.58081, 'structure_id': 0, 'struct_direction': 1, 'structure_path_id': 'H1.main >> M15.confluence', 'use_case': 'first_confluence', 'parent_sid': 0, 'parent_cycle_id': 0, 'timeframe': 'M15', 'parent_tf': 'H1', 'sub_id': 0, 'started_by': 'first_confluence'}"
1748,RANGE,RANGE_UPDATED,,"{'reason': 'pullback_expand', 'hi': 0.58246, 'lo': 0.57978, 'pat': 'one_maru_continuous', 'structure_id': 0, 'struct_direction': 1, 'structure_path_id': 'H1.main >> M15.confluence', 'use_case': 'first_confluence', 'parent_sid': 0, 'parent_cycle_id': 0, 'timeframe': 'M15', 'parent_tf': 'H1', 'sub_id': 0, 'started_by': 'first_confluence'}"
1748,STRUCTURE,CTS_CONFIRMED,0.58246,"{'via': 'one_maru_continuous', 'cycle_id': 3, 'structure_id': 0, 'struct_direction': 1, 'confirmed_at': 1748, 'cts_anchor_idx': 1721, 'confirmation_method': 'pullback', 'structure_path_id': 'H1.main >> M15.confluence', 'use_case': 'first_confluence', 'parent_sid': 0, 'parent_cycle_id': 0, 'timeframe': 'M15', 'parent_tf': 'H1', 'sub_id': 0, 'started_by': 'first_confluence'}"
1748,STATE,STATE_CHANGED,,"{'from': 'range', 'to': 'pullback', 'structure_id': 0, 'struct_direction': 1, 'reason': 'pullback_pattern', 'pat': 'one_maru_continuous', 'effective_idx': 1748, 'structure_path_id': 'H1.main >> M15.confluence', 'use_case': 'first_confluence', 'parent_sid': 0, 'parent_cycle_id': 0, 'timeframe': 'M15', 'parent_tf': 'H1', 'sub_id': 0, 'started_by': 'first_confluence'}"
1749,RANGE,RANGE_UPDATED,,"{'hi': 0.58246, 'lo': 0.57956, 'structure_id': 0, 'struct_direction': 1, 'structure_path_id': 'H1.main >> M15.confluence', 'use_case': 'first_confluence', 'parent_sid': 0, 'parent_cycle_id': 0, 'timeframe': 'M15', 'parent_tf': 'H1', 'sub_id': 0, 'started_by': 'first_confluence'}"
1750,STATE,STATE_CHANGED,,"{'from': 'pullback', 'to': 'pullback_range', 'structure_id': 0, 'struct_direction': 1, 'reason': 'replay_no_expand_pullback_side', 'effective_idx': 1750, 'structure_path_id': 'H1.main >> M15.confluence', 'use_case': 'first_confluence', 'parent_sid': 0, 'parent_cycle_id': 0, 'timeframe': 'M15', 'parent_tf': 'H1', 'sub_id': 0, 'started_by': 'first_confluence'}"
1752,RANGE,RANGE_UPDATED,,"{'hi': 0.58246, 'lo': 0.57945, 'structure_id': 0, 'struct_direction': 1, 'structure_path_id': 'H1.main >> M15.confluence', 'use_case': 'first_confluence', 'parent_sid': 0, 'parent_cycle_id': 0, 'timeframe': 'M15', 'parent_tf': 'H1', 'sub_id': 0, 'started_by': 'first_confluence'}"
1752,STATE,STATE_CHANGED,,"{'from': 'pullback_range', 'to': 'pullback', 'structure_id': 0, 'struct_direction': 1, 'reason': 'replay_expand_pullback_side', 'effective_idx': 1752, 'structure_path_id': 'H1.main >> M15.confluence', 'use_case': 'first_confluence', 'parent_sid': 0, 'parent_cycle_id': 0, 'timeframe': 'M15', 'parent_tf': 'H1', 'sub_id': 0, 'started_by': 'first_confluence'}"
1753,RANGE,RANGE_UPDATED,,"{'hi': 0.58246, 'lo': 0.57918, 'structure_id': 0, 'struct_direction': 1, 'structure_path_id': 'H1.main >> M15.confluence', 'use_case': 'first_confluence', 'parent_sid': 0, 'parent_cycle_id': 0, 'timeframe': 'M15', 'parent_tf': 'H1', 'sub_id': 0, 'started_by': 'first_confluence'}"
1754,STATE,STATE_CHANGED,,"{'from': 'pullback', 'to': 'pullback_range', 'structure_id': 0, 'struct_direction': 1, 'reason': 'replay_no_expand_pullback_side', 'effective_idx': 1754, 'structure_path_id': 'H1.main >> M15.confluence', 'use_case': 'first_confluence', 'parent_sid': 0, 'parent_cycle_id': 0, 'timeframe': 'M15', 'parent_tf': 'H1', 'sub_id': 0, 'started_by': 'first_confluence'}"
1760,RANGE,RANGE_UPDATED,,"{'hi': 0.58246, 'lo': 0.57913, 'structure_id': 0, 'struct_direction': 1, 'structure_path_id': 'H1.main >> M15.confluence', 'use_case': 'first_confluence', 'parent_sid': 0, 'parent_cycle_id': 0, 'timeframe': 'M15', 'parent_tf': 'H1', 'sub_id': 0, 'started_by': 'first_confluence'}"
1760,STATE,STATE_CHANGED,,"{'from': 'pullback_range', 'to': 'pullback', 'structure_id': 0, 'struct_direction': 1, 'reason': 'replay_expand_pullback_side', 'effective_idx': 1760, 'structure_path_id': 'H1.main >> M15.confluence', 'use_case': 'first_confluence', 'parent_sid': 0, 'parent_cycle_id': 0, 'timeframe': 'M15', 'parent_tf': 'H1', 'sub_id': 0, 'started_by': 'first_confluence'}"
1761,RANGE,RANGE_UPDATED,,"{'hi': 0.58246, 'lo': 0.57882, 'structure_id': 0, 'struct_direction': 1, 'structure_path_id': 'H1.main >> M15.confluence', 'use_case': 'first_confluence', 'parent_sid': 0, 'parent_cycle_id': 0, 'timeframe': 'M15', 'parent_tf': 'H1', 'sub_id': 0, 'started_by': 'first_confluence'}"
1762,STATE,STATE_CHANGED,,"{'from': 'pullback', 'to': 'pullback_range', 'structure_id': 0, 'struct_direction': 1, 'reason': 'replay_no_expand_pullback_side', 'effective_idx': 1762, 'structure_path_id': 'H1.main >> M15.confluence', 'use_case': 'first_confluence', 'parent_sid': 0, 'parent_cycle_id': 0, 'timeframe': 'M15', 'parent_tf': 'H1', 'sub_id': 0, 'started_by': 'first_confluence'}"
1791,RANGE,RANGE_UPDATED,,"{'hi': 0.58267, 'lo': 0.57882, 'structure_id': 0, 'struct_direction': 1, 'structure_path_id': 'H1.main >> M15.confluence', 'use_case': 'first_confluence', 'parent_sid': 0, 'parent_cycle_id': 0, 'timeframe': 'M15', 'parent_tf': 'H1', 'sub_id': 0, 'started_by': 'first_confluence'}"
1791,STRUCTURE,CTS_THRESHOLD_UPDATED,0.58267,"{'prev': 0.58246, 'reason': 'range_sync', 'cycle_id': 3, 'structure_id': 0, 'struct_direction': 1, 'structure_path_id': 'H1.main >> M15.confluence', 'use_case': 'first_confluence', 'parent_sid': 0, 'parent_cycle_id': 0, 'timeframe': 'M15', 'parent_tf': 'H1', 'sub_id': 0, 'started_by': 'first_confluence'}"
1793,RANGE,RANGE_RESET,,"{'reason': 'range_breakout', 'pat': 'double_maru', 'structure_id': 0, 'struct_direction': 1, 'structure_path_id': 'H1.main >> M15.confluence', 'use_case': 'first_confluence', 'parent_sid': 0, 'parent_cycle_id': 0, 'timeframe': 'M15', 'parent_tf': 'H1', 'sub_id': 0, 'started_by': 'first_confluence'}"
1793,STRUCTURE,CTS_ESTABLISHED,0.58312,"{'via': 'double_maru', 'pattern_anchor_idx': 1792, 'pattern_name': 'double_maru', 'confirmed_at': 1793, 'cycle_id': 4, 'structure_id': 0, 'struct_direction': 1, 'cts_anchor_idx': 1793, 'structure_path_id': 'H1.main >> M15.confluence', 'use_case': 'first_confluence', 'parent_sid': 0, 'parent_cycle_id': 0, 'timeframe': 'M15', 'parent_tf': 'H1', 'sub_id': 0, 'started_by': 'first_confluence'}"
1793,STRUCTURE,BOS_CONFIRMED,0.57882,"{'source': 'pullback_extreme', 'confirmed_at': 1793, 'last_pullback_apply_idx': 1748, 'cycle_id': 4, 'structure_id': 0, 'struct_direction': 1, 'bos_anchor_idx': 1761, 'structure_path_id': 'H1.main >> M15.confluence', 'use_case': 'first_confluence', 'parent_sid': 0, 'parent_cycle_id': 0, 'timeframe': 'M15', 'parent_tf': 'H1', 'sub_id': 0, 'started_by': 'first_confluence'}"
1793,STATE,STATE_CHANGED,,"{'from': 'pullback_range', 'to': 'breakout', 'structure_id': 0, 'struct_direction': 1, 'reason': 'breakout_pattern', 'pat': 'double_maru', 'effective_idx': 1793, 'structure_path_id': 'H1.main >> M15.confluence', 'use_case': 'first_confluence', 'parent_sid': 0, 'parent_cycle_id': 0, 'timeframe': 'M15', 'parent_tf': 'H1', 'sub_id': 0, 'started_by': 'first_confluence'}"
1794,STRUCTURE,CTS_UPDATED,0.58314,"{'via': 'replay_raw', 'cycle_id': 4, 'structure_id': 0, 'struct_direction': 1, 'structure_path_id': 'H1.main >> M15.confluence', 'use_case': 'first_confluence', 'parent_sid': 0, 'parent_cycle_id': 0, 'timeframe': 'M15', 'parent_tf': 'H1', 'sub_id': 0, 'started_by': 'first_confluence'}"
1795,RANGE,RANGE_STARTED,,"{'reason': 'pullback_created_range', 'cts_anchor_idx': 1794, 'cts_price': 0.58314, 'pullback_apply_idx': 1795, 'hi': 0.58314, 'lo': 0.58162, 'pat': 'one_maru_continuous', 'structure_id': 0, 'struct_direction': 1, 'structure_path_id': 'H1.main >> M15.confluence', 'use_case': 'first_confluence', 'parent_sid': 0, 'parent_cycle_id': 0, 'timeframe': 'M15', 'parent_tf': 'H1', 'sub_id': 0, 'started_by': 'first_confluence'}"
1795,STRUCTURE,CTS_CONFIRMED,0.58314,"{'via': 'one_maru_continuous', 'cycle_id': 4, 'structure_id': 0, 'struct_direction': 1, 'confirmed_at': 1795, 'cts_anchor_idx': 1794, 'confirmation_method': 'pullback', 'structure_path_id': 'H1.main >> M15.confluence', 'use_case': 'first_confluence', 'parent_sid': 0, 'parent_cycle_id': 0, 'timeframe': 'M15', 'parent_tf': 'H1', 'sub_id': 0, 'started_by': 'first_confluence'}"
1795,STATE,STATE_CHANGED,,"{'from': 'breakout', 'to': 'pullback', 'structure_id': 0, 'struct_direction': 1, 'reason': 'pullback_pattern', 'pat': 'one_maru_continuous', 'effective_idx': 1795, 'structure_path_id': 'H1.main >> M15.confluence', 'use_case': 'first_confluence', 'parent_sid': 0, 'parent_cycle_id': 0, 'timeframe': 'M15', 'parent_tf': 'H1', 'sub_id': 0, 'started_by': 'first_confluence'}"
1796,RANGE,RANGE_UPDATED,,"{'hi': 0.58314, 'lo': 0.58144, 'structure_id': 0, 'struct_direction': 1, 'structure_path_id': 'H1.main >> M15.confluence', 'use_case': 'first_confluence', 'parent_sid': 0, 'parent_cycle_id': 0, 'timeframe': 'M15', 'parent_tf': 'H1', 'sub_id': 0, 'started_by': 'first_confluence'}"
1797,STATE,STATE_CHANGED,,"{'from': 'pullback', 'to': 'pullback_range', 'structure_id': 0, 'struct_direction': 1, 'reason': 'replay_no_expand_pullback_side', 'effective_idx': 1797, 'structure_path_id': 'H1.main >> M15.confluence', 'use_case': 'first_confluence', 'parent_sid': 0, 'parent_cycle_id': 0, 'timeframe': 'M15', 'parent_tf': 'H1', 'sub_id': 0, 'started_by': 'first_confluence'}"
1801,RANGE,RANGE_UPDATED,,"{'hi': 0.58314, 'lo': 0.5811, 'structure_id': 0, 'struct_direction': 1, 'structure_path_id': 'H1.main >> M15.confluence', 'use_case': 'first_confluence', 'parent_sid': 0, 'parent_cycle_id': 0, 'timeframe': 'M15', 'parent_tf': 'H1', 'sub_id': 0, 'started_by': 'first_confluence'}"
1801,STATE,STATE_CHANGED,,"{'from': 'pullback_range', 'to': 'pullback', 'structure_id': 0, 'struct_direction': 1, 'reason': 'replay_expand_pullback_side', 'effective_idx': 1801, 'structure_path_id': 'H1.main >> M15.confluence', 'use_case': 'first_confluence', 'parent_sid': 0, 'parent_cycle_id': 0, 'timeframe': 'M15', 'parent_tf': 'H1', 'sub_id': 0, 'started_by': 'first_confluence'}"
1802,STATE,STATE_CHANGED,,"{'from': 'pullback', 'to': 'pullback_range', 'structure_id': 0, 'struct_direction': 1, 'reason': 'replay_no_expand_pullback_side', 'effective_idx': 1802, 'structure_path_id': 'H1.main >> M15.confluence', 'use_case': 'first_confluence', 'parent_sid': 0, 'parent_cycle_id': 0, 'timeframe': 'M15', 'parent_tf': 'H1', 'sub_id': 0, 'started_by': 'first_confluence'}"
1815,RANGE,RANGE_UPDATED,,"{'hi': 0.58314, 'lo': 0.58094, 'structure_id': 0, 'struct_direction': 1, 'structure_path_id': 'H1.main >> M15.confluence', 'use_case': 'first_confluence', 'parent_sid': 0, 'parent_cycle_id': 0, 'timeframe': 'M15', 'parent_tf': 'H1', 'sub_id': 0, 'started_by': 'first_confluence'}"
1815,STATE,STATE_CHANGED,,"{'from': 'pullback_range', 'to': 'pullback', 'structure_id': 0, 'struct_direction': 1, 'reason': 'replay_expand_pullback_side', 'effective_idx': 1815, 'structure_path_id': 'H1.main >> M15.confluence', 'use_case': 'first_confluence', 'parent_sid': 0, 'parent_cycle_id': 0, 'timeframe': 'M15', 'parent_tf': 'H1', 'sub_id': 0, 'started_by': 'first_confluence'}"
1816,RANGE,RANGE_UPDATED,,"{'hi': 0.58314, 'lo': 0.58051, 'structure_id': 0, 'struct_direction': 1, 'structure_path_id': 'H1.main >> M15.confluence', 'use_case': 'first_confluence', 'parent_sid': 0, 'parent_cycle_id': 0, 'timeframe': 'M15', 'parent_tf': 'H1', 'sub_id': 0, 'started_by': 'first_confluence'}"
1817,STATE,STATE_CHANGED,,"{'from': 'pullback', 'to': 'pullback_range', 'structure_id': 0, 'struct_direction': 1, 'reason': 'replay_no_expand_pullback_side', 'effective_idx': 1817, 'structure_path_id': 'H1.main >> M15.confluence', 'use_case': 'first_confluence', 'parent_sid': 0, 'parent_cycle_id': 0, 'timeframe': 'M15', 'parent_tf': 'H1', 'sub_id': 0, 'started_by': 'first_confluence'}"
1883,RANGE,RANGE_UPDATED,,"{'hi': 0.58314, 'lo': 0.58048, 'structure_id': 0, 'struct_direction': 1, 'structure_path_id': 'H1.main >> M15.confluence', 'use_case': 'first_confluence', 'parent_sid': 0, 'parent_cycle_id': 0, 'timeframe': 'M15', 'parent_tf': 'H1', 'sub_id': 0, 'started_by': 'first_confluence'}"
1883,STATE,STATE_CHANGED,,"{'from': 'pullback_range', 'to': 'pullback', 'structure_id': 0, 'struct_direction': 1, 'reason': 'replay_expand_pullback_side', 'effective_idx': 1883, 'structure_path_id': 'H1.main >> M15.confluence', 'use_case': 'first_confluence', 'parent_sid': 0, 'parent_cycle_id': 0, 'timeframe': 'M15', 'parent_tf': 'H1', 'sub_id': 0, 'started_by': 'first_confluence'}"
1884,STATE,STATE_CHANGED,,"{'from': 'pullback', 'to': 'pullback_range', 'structure_id': 0, 'struct_direction': 1, 'reason': 'replay_no_expand_pullback_side', 'effective_idx': 1884, 'structure_path_id': 'H1.main >> M15.confluence', 'use_case': 'first_confluence', 'parent_sid': 0, 'parent_cycle_id': 0, 'timeframe': 'M15', 'parent_tf': 'H1', 'sub_id': 0, 'started_by': 'first_confluence'}"
1893,RANGE,RANGE_UPDATED,,"{'hi': 0.58314, 'lo': 0.57964, 'structure_id': 0, 'struct_direction': 1, 'structure_path_id': 'H1.main >> M15.confluence', 'use_case': 'first_confluence', 'parent_sid': 0, 'parent_cycle_id': 0, 'timeframe': 'M15', 'parent_tf': 'H1', 'sub_id': 0, 'started_by': 'first_confluence'}"
1893,STATE,STATE_CHANGED,,"{'from': 'pullback_range', 'to': 'pullback', 'structure_id': 0, 'struct_direction': 1, 'reason': 'replay_expand_pullback_side', 'effective_idx': 1893, 'structure_path_id': 'H1.main >> M15.confluence', 'use_case': 'first_confluence', 'parent_sid': 0, 'parent_cycle_id': 0, 'timeframe': 'M15', 'parent_tf': 'H1', 'sub_id': 0, 'started_by': 'first_confluence'}"
1894,RANGE,RANGE_UPDATED,,"{'hi': 0.58314, 'lo': 0.57951, 'structure_id': 0, 'struct_direction': 1, 'structure_path_id': 'H1.main >> M15.confluence', 'use_case': 'first_confluence', 'parent_sid': 0, 'parent_cycle_id': 0, 'timeframe': 'M15', 'parent_tf': 'H1', 'sub_id': 0, 'started_by': 'first_confluence'}"
1895,RANGE,RANGE_UPDATED,,"{'hi': 0.58314, 'lo': 0.5792, 'structure_id': 0, 'struct_direction': 1, 'structure_path_id': 'H1.main >> M15.confluence', 'use_case': 'first_confluence', 'parent_sid': 0, 'parent_cycle_id': 0, 'timeframe': 'M15', 'parent_tf': 'H1', 'sub_id': 0, 'started_by': 'first_confluence'}"
1896,RANGE,RANGE_UPDATED,,"{'hi': 0.58314, 'lo': 0.57906, 'structure_id': 0, 'struct_direction': 1, 'structure_path_id': 'H1.main >> M15.confluence', 'use_case': 'first_confluence', 'parent_sid': 0, 'parent_cycle_id': 0, 'timeframe': 'M15', 'parent_tf': 'H1', 'sub_id': 0, 'started_by': 'first_confluence'}"
1897,STATE,STATE_CHANGED,,"{'from': 'pullback', 'to': 'pullback_range', 'structure_id': 0, 'struct_direction': 1, 'reason': 'replay_no_expand_pullback_side', 'effective_idx': 1897, 'structure_path_id': 'H1.main >> M15.confluence', 'use_case': 'first_confluence', 'parent_sid': 0, 'parent_cycle_id': 0, 'timeframe': 'M15', 'parent_tf': 'H1', 'sub_id': 0, 'started_by': 'first_confluence'}"
1898,RANGE,RANGE_UPDATED,,"{'hi': 0.58314, 'lo': 0.57877, 'structure_id': 0, 'struct_direction': 1, 'structure_path_id': 'H1.main >> M15.confluence', 'use_case': 'first_confluence', 'parent_sid': 0, 'parent_cycle_id': 0, 'timeframe': 'M15', 'parent_tf': 'H1', 'sub_id': 0, 'started_by': 'first_confluence'}"
1898,STATE,STATE_CHANGED,,"{'from': 'pullback_range', 'to': 'pullback', 'structure_id': 0, 'struct_direction': 1, 'reason': 'replay_expand_pullback_side', 'effective_idx': 1898, 'structure_path_id': 'H1.main >> M15.confluence', 'use_case': 'first_confluence', 'parent_sid': 0, 'parent_cycle_id': 0, 'timeframe': 'M15', 'parent_tf': 'H1', 'sub_id': 0, 'started_by': 'first_confluence'}"
1898,STRUCTURE,BOS_THRESHOLD_UPDATED,0.57877,"{'prev': 0.57882, 'reason': 'probe_no_break', 'cycle_id': 4, 'structure_id': 0, 'struct_direction': 1, 'structure_path_id': 'H1.main >> M15.confluence', 'use_case': 'first_confluence', 'parent_sid': 0, 'parent_cycle_id': 0, 'timeframe': 'M15', 'parent_tf': 'H1', 'sub_id': 0, 'started_by': 'first_confluence'}"
1899,STATE,STATE_CHANGED,,"{'from': 'pullback', 'to': 'pullback_range', 'structure_id': 0, 'struct_direction': 1, 'reason': 'replay_no_expand_pullback_side', 'effective_idx': 1899, 'structure_path_id': 'H1.main >> M15.confluence', 'use_case': 'first_confluence', 'parent_sid': 0, 'parent_cycle_id': 0, 'timeframe': 'M15', 'parent_tf': 'H1', 'sub_id': 0, 'started_by': 'first_confluence'}"
1936,STRUCTURE,REVERSAL_WATCH_START,0.57877,"{'pattern_anchor_idx': 1936, 'bos_frozen': 0.57877, 'expires_idx': 1941, 'structure_id': 0, 'struct_direction': 1, 'structure_path_id': 'H1.main >> M15.confluence', 'use_case': 'first_confluence', 'parent_sid': 0, 'parent_cycle_id': 0, 'timeframe': 'M15', 'parent_tf': 'H1', 'sub_id': 0, 'started_by': 'first_confluence'}"
1936,STRUCTURE,REVERSAL_CANDIDATE,0.57877,"{'pattern_anchor_idx': 1936, 'apply_idx': 1940, 'pattern': '?', 'bos_frozen': 0.57877, 'expires_idx': 1941, 'structure_id': 0, 'struct_direction': 1, 'structure_path_id': 'H1.main >> M15.confluence', 'use_case': 'first_confluence', 'parent_sid': 0, 'parent_cycle_id': 0, 'timeframe': 'M15', 'parent_tf': 'H1', 'sub_id': 0, 'started_by': 'first_confluence'}"
1940,STATE,STATE_CHANGED,,"{'from': 'pullback_range', 'to': 'reversal', 'structure_id': 0, 'struct_direction': 1, 'reason': 'reversal_pattern', 'pat': 'one_maru_continuous', 'bos_frozen': 0.57877, 'effective_idx': 1940, 'structure_path_id': 'H1.main >> M15.confluence', 'use_case': 'first_confluence', 'parent_sid': 0, 'parent_cycle_id': 0, 'timeframe': 'M15', 'parent_tf': 'H1', 'sub_id': 0, 'started_by': 'first_confluence'}"
1940,RANGE,RANGE_UPDATED,,"{'hi': 0.58314, 'lo': 0.57728, 'structure_id': 0, 'struct_direction': 1, 'structure_path_id': 'H1.main >> M15.confluence', 'use_case': 'first_confluence', 'parent_sid': 0, 'parent_cycle_id': 0, 'timeframe': 'M15', 'parent_tf': 'H1', 'sub_id': 0, 'started_by': 'first_confluence'}"
1816,STRUCTURE,CTS_ESTABLISHED,0.58051,"{'via': 'double_maru', 'pattern_anchor_idx': 1814, 'pattern_name': 'double_maru', 'confirmed_at': 1816, 'cycle_id': 0, 'structure_id': 0, 'struct_direction': -1, 'cts_anchor_idx': 1816, 'structure_path_id': 'H1.main >> M15.confluence', 'use_case': 'reversal', 'parent_sid': 0, 'parent_cycle_id': 0, 'timeframe': 'M15', 'parent_tf': 'H1', 'sub_id': 1, 'started_by': 'reversal'}"
1816,STRUCTURE,BOS_CONFIRMED,0.58244,"{'source': 'initial_prior_extreme', 'confirmed_at': 1816, 'last_pullback_apply_idx': None, 'cycle_id': 0, 'structure_id': 0, 'struct_direction': -1, 'bos_anchor_idx': 1797, 'structure_path_id': 'H1.main >> M15.confluence', 'use_case': 'reversal', 'parent_sid': 0, 'parent_cycle_id': 0, 'timeframe': 'M15', 'parent_tf': 'H1', 'sub_id': 1, 'started_by': 'reversal'}"
1816,STATE,STATE_CHANGED,,"{'from': 'none', 'to': 'breakout', 'structure_id': 0, 'struct_direction': -1, 'reason': 'breakout_pattern', 'pat': 'double_maru', 'effective_idx': 1816, 'structure_path_id': 'H1.main >> M15.confluence', 'use_case': 'reversal', 'parent_sid': 0, 'parent_cycle_id': 0, 'timeframe': 'M15', 'parent_tf': 'H1', 'sub_id': 1, 'started_by': 'reversal'}"
1818,RANGE,RANGE_STARTED,,"{'reason': 'pullback_created_range', 'cts_anchor_idx': 1816, 'cts_price': 0.58051, 'pullback_apply_idx': 1818, 'hi': 0.58109, 'lo': 0.58051, 'pat': 'one_maru_continuous', 'structure_id': 0, 'struct_direction': -1, 'structure_path_id': 'H1.main >> M15.confluence', 'use_case': 'reversal', 'parent_sid': 0, 'parent_cycle_id': 0, 'timeframe': 'M15', 'parent_tf': 'H1', 'sub_id': 1, 'started_by': 'reversal'}"
1818,STRUCTURE,CTS_CONFIRMED,0.58051,"{'via': 'one_maru_continuous', 'cycle_id': 0, 'structure_id': 0, 'struct_direction': -1, 'confirmed_at': 1818, 'cts_anchor_idx': 1816, 'confirmation_method': 'pullback', 'structure_path_id': 'H1.main >> M15.confluence', 'use_case': 'reversal', 'parent_sid': 0, 'parent_cycle_id': 0, 'timeframe': 'M15', 'parent_tf': 'H1', 'sub_id': 1, 'started_by': 'reversal'}"
1818,STATE,STATE_CHANGED,,"{'from': 'breakout', 'to': 'pullback', 'structure_id': 0, 'struct_direction': -1, 'reason': 'pullback_pattern', 'pat': 'one_maru_continuous', 'effective_idx': 1818, 'structure_path_id': 'H1.main >> M15.confluence', 'use_case': 'reversal', 'parent_sid': 0, 'parent_cycle_id': 0, 'timeframe': 'M15', 'parent_tf': 'H1', 'sub_id': 1, 'started_by': 'reversal'}"
1819,STATE,STATE_CHANGED,,"{'from': 'pullback', 'to': 'pullback_range', 'structure_id': 0, 'struct_direction': -1, 'reason': 'replay_no_expand_pullback_side', 'effective_idx': 1819, 'structure_path_id': 'H1.main >> M15.confluence', 'use_case': 'reversal', 'parent_sid': 0, 'parent_cycle_id': 0, 'timeframe': 'M15', 'parent_tf': 'H1', 'sub_id': 1, 'started_by': 'reversal'}"
1820,RANGE,RANGE_UPDATED,,"{'hi': 0.58114, 'lo': 0.58051, 'structure_id': 0, 'struct_direction': -1, 'structure_path_id': 'H1.main >> M15.confluence', 'use_case': 'reversal', 'parent_sid': 0, 'parent_cycle_id': 0, 'timeframe': 'M15', 'parent_tf': 'H1', 'sub_id': 1, 'started_by': 'reversal'}"
1820,STATE,STATE_CHANGED,,"{'from': 'pullback_range', 'to': 'pullback', 'structure_id': 0, 'struct_direction': -1, 'reason': 'replay_expand_pullback_side', 'effective_idx': 1820, 'structure_path_id': 'H1.main >> M15.confluence', 'use_case': 'reversal', 'parent_sid': 0, 'parent_cycle_id': 0, 'timeframe': 'M15', 'parent_tf': 'H1', 'sub_id': 1, 'started_by': 'reversal'}"
1821,STATE,STATE_CHANGED,,"{'from': 'pullback', 'to': 'pullback_range', 'structure_id': 0, 'struct_direction': -1, 'reason': 'replay_no_expand_pullback_side', 'effective_idx': 1821, 'structure_path_id': 'H1.main >> M15.confluence', 'use_case': 'reversal', 'parent_sid': 0, 'parent_cycle_id': 0, 'timeframe': 'M15', 'parent_tf': 'H1', 'sub_id': 1, 'started_by': 'reversal'}"
1832,RANGE,RANGE_UPDATED,,"{'hi': 0.58126, 'lo': 0.58051, 'structure_id': 0, 'struct_direction': -1, 'structure_path_id': 'H1.main >> M15.confluence', 'use_case': 'reversal', 'parent_sid': 0, 'parent_cycle_id': 0, 'timeframe': 'M15', 'parent_tf': 'H1', 'sub_id': 1, 'started_by': 'reversal'}"
1832,STATE,STATE_CHANGED,,"{'from': 'pullback_range', 'to': 'pullback', 'structure_id': 0, 'struct_direction': -1, 'reason': 'replay_expand_pullback_side', 'effective_idx': 1832, 'structure_path_id': 'H1.main >> M15.confluence', 'use_case': 'reversal', 'parent_sid': 0, 'parent_cycle_id': 0, 'timeframe': 'M15', 'parent_tf': 'H1', 'sub_id': 1, 'started_by': 'reversal'}"
1833,RANGE,RANGE_UPDATED,,"{'hi': 0.58134, 'lo': 0.58051, 'structure_id': 0, 'struct_direction': -1, 'structure_path_id': 'H1.main >> M15.confluence', 'use_case': 'reversal', 'parent_sid': 0, 'parent_cycle_id': 0, 'timeframe': 'M15', 'parent_tf': 'H1', 'sub_id': 1, 'started_by': 'reversal'}"
1834,RANGE,RANGE_UPDATED,,"{'hi': 0.58165, 'lo': 0.58051, 'structure_id': 0, 'struct_direction': -1, 'structure_path_id': 'H1.main >> M15.confluence', 'use_case': 'reversal', 'parent_sid': 0, 'parent_cycle_id': 0, 'timeframe': 'M15', 'parent_tf': 'H1', 'sub_id': 1, 'started_by': 'reversal'}"
1835,RANGE,RANGE_UPDATED,,"{'hi': 0.58178, 'lo': 0.58051, 'structure_id': 0, 'struct_direction': -1, 'structure_path_id': 'H1.main >> M15.confluence', 'use_case': 'reversal', 'parent_sid': 0, 'parent_cycle_id': 0, 'timeframe': 'M15', 'parent_tf': 'H1', 'sub_id': 1, 'started_by': 'reversal'}"
1836,STATE,STATE_CHANGED,,"{'from': 'pullback', 'to': 'pullback_range', 'structure_id': 0, 'struct_direction': -1, 'reason': 'replay_no_expand_pullback_side', 'effective_idx': 1836, 'structure_path_id': 'H1.main >> M15.confluence', 'use_case': 'reversal', 'parent_sid': 0, 'parent_cycle_id': 0, 'timeframe': 'M15', 'parent_tf': 'H1', 'sub_id': 1, 'started_by': 'reversal'}"
1837,RANGE,RANGE_UPDATED,,"{'hi': 0.58206, 'lo': 0.58051, 'structure_id': 0, 'struct_direction': -1, 'structure_path_id': 'H1.main >> M15.confluence', 'use_case': 'reversal', 'parent_sid': 0, 'parent_cycle_id': 0, 'timeframe': 'M15', 'parent_tf': 'H1', 'sub_id': 1, 'started_by': 'reversal'}"
1837,STATE,STATE_CHANGED,,"{'from': 'pullback_range', 'to': 'pullback', 'structure_id': 0, 'struct_direction': -1, 'reason': 'replay_expand_pullback_side', 'effective_idx': 1837, 'structure_path_id': 'H1.main >> M15.confluence', 'use_case': 'reversal', 'parent_sid': 0, 'parent_cycle_id': 0, 'timeframe': 'M15', 'parent_tf': 'H1', 'sub_id': 1, 'started_by': 'reversal'}"
1838,STATE,STATE_CHANGED,,"{'from': 'pullback', 'to': 'pullback_range', 'structure_id': 0, 'struct_direction': -1, 'reason': 'replay_no_expand_pullback_side', 'effective_idx': 1838, 'structure_path_id': 'H1.main >> M15.confluence', 'use_case': 'reversal', 'parent_sid': 0, 'parent_cycle_id': 0, 'timeframe': 'M15', 'parent_tf': 'H1', 'sub_id': 1, 'started_by': 'reversal'}"
1883,RANGE,RANGE_UPDATED,,"{'hi': 0.58206, 'lo': 0.58048, 'structure_id': 0, 'struct_direction': -1, 'structure_path_id': 'H1.main >> M15.confluence', 'use_case': 'reversal', 'parent_sid': 0, 'parent_cycle_id': 0, 'timeframe': 'M15', 'parent_tf': 'H1', 'sub_id': 1, 'started_by': 'reversal'}"
1883,STRUCTURE,CTS_THRESHOLD_UPDATED,0.58048,"{'prev': 0.58051, 'reason': 'range_sync', 'cycle_id': 0, 'structure_id': 0, 'struct_direction': -1, 'structure_path_id': 'H1.main >> M15.confluence', 'use_case': 'reversal', 'parent_sid': 0, 'parent_cycle_id': 0, 'timeframe': 'M15', 'parent_tf': 'H1', 'sub_id': 1, 'started_by': 'reversal'}"
1894,RANGE,RANGE_RESET,,"{'reason': 'range_breakout', 'pat': 'one_maru_continuous', 'structure_id': 0, 'struct_direction': -1, 'structure_path_id': 'H1.main >> M15.confluence', 'use_case': 'reversal', 'parent_sid': 0, 'parent_cycle_id': 0, 'timeframe': 'M15', 'parent_tf': 'H1', 'sub_id': 1, 'started_by': 'reversal'}"
1894,STRUCTURE,CTS_ESTABLISHED,0.57951,"{'via': 'one_maru_continuous', 'pattern_anchor_idx': 1893, 'pattern_name': 'one_maru_continuous', 'confirmed_at': 1894, 'cycle_id': 1, 'structure_id': 0, 'struct_direction': -1, 'cts_anchor_idx': 1894, 'structure_path_id': 'H1.main >> M15.confluence', 'use_case': 'reversal', 'parent_sid': 0, 'parent_cycle_id': 0, 'timeframe': 'M15', 'parent_tf': 'H1', 'sub_id': 1, 'started_by': 'reversal'}"
1894,STRUCTURE,BOS_CONFIRMED,0.58206,"{'source': 'pullback_extreme', 'confirmed_at': 1894, 'last_pullback_apply_idx': 1818, 'cycle_id': 1, 'structure_id': 0, 'struct_direction': -1, 'bos_anchor_idx': 1837, 'structure_path_id': 'H1.main >> M15.confluence', 'use_case': 'reversal', 'parent_sid': 0, 'parent_cycle_id': 0, 'timeframe': 'M15', 'parent_tf': 'H1', 'sub_id': 1, 'started_by': 'reversal'}"
1894,STATE,STATE_CHANGED,,"{'from': 'pullback_range', 'to': 'breakout', 'structure_id': 0, 'struct_direction': -1, 'reason': 'breakout_pattern', 'pat': 'one_maru_continuous', 'effective_idx': 1894, 'structure_path_id': 'H1.main >> M15.confluence', 'use_case': 'reversal', 'parent_sid': 0, 'parent_cycle_id': 0, 'timeframe': 'M15', 'parent_tf': 'H1', 'sub_id': 1, 'started_by': 'reversal'}"
1895,STRUCTURE,CTS_UPDATED,0.5792,"{'via': 'replay_raw', 'cycle_id': 1, 'structure_id': 0, 'struct_direction': -1, 'structure_path_id': 'H1.main >> M15.confluence', 'use_case': 'reversal', 'parent_sid': 0, 'parent_cycle_id': 0, 'timeframe': 'M15', 'parent_tf': 'H1', 'sub_id': 1, 'started_by': 'reversal'}"
1896,STRUCTURE,CTS_UPDATED,0.57906,"{'via': 'replay_raw', 'cycle_id': 1, 'structure_id': 0, 'struct_direction': -1, 'structure_path_id': 'H1.main >> M15.confluence', 'use_case': 'reversal', 'parent_sid': 0, 'parent_cycle_id': 0, 'timeframe': 'M15', 'parent_tf': 'H1', 'sub_id': 1, 'started_by': 'reversal'}"
1897,RANGE,RANGE_STARTED,,"{'start_idx': 1895, 'confirm_idx': 1897, 'hi': 0.58003, 'lo': 0.57906, 'cts_anchor_idx': 1896, 'cts_price': 0.57906, 'structure_id': 0, 'struct_direction': -1, 'structure_path_id': 'H1.main >> M15.confluence', 'use_case': 'reversal', 'parent_sid': 0, 'parent_cycle_id': 0, 'timeframe': 'M15', 'parent_tf': 'H1', 'sub_id': 1, 'started_by': 'reversal'}"
1897,STATE,STATE_CHANGED,,"{'from': 'breakout', 'to': 'range', 'structure_id': 0, 'struct_direction': -1, 'reason': 'range_confirmed', 'effective_idx': 1895, 'structure_path_id': 'H1.main >> M15.confluence', 'use_case': 'reversal', 'parent_sid': 0, 'parent_cycle_id': 0, 'timeframe': 'M15', 'parent_tf': 'H1', 'sub_id': 1, 'started_by': 'reversal'}"
1898,RANGE,RANGE_UPDATED,,"{'hi': 0.58003, 'lo': 0.57877, 'structure_id': 0, 'struct_direction': -1, 'structure_path_id': 'H1.main >> M15.confluence', 'use_case': 'reversal', 'parent_sid': 0, 'parent_cycle_id': 0, 'timeframe': 'M15', 'parent_tf': 'H1', 'sub_id': 1, 'started_by': 'reversal'}"
1898,STRUCTURE,CTS_UPDATED,0.57877,"{'via': 'replay_raw', 'cycle_id': 1, 'structure_id': 0, 'struct_direction': -1, 'structure_path_id': 'H1.main >> M15.confluence', 'use_case': 'reversal', 'parent_sid': 0, 'parent_cycle_id': 0, 'timeframe': 'M15', 'parent_tf': 'H1', 'sub_id': 1, 'started_by': 'reversal'}"
1901,RANGE,RANGE_UPDATED,,"{'hi': 0.58018, 'lo': 0.57877, 'structure_id': 0, 'struct_direction': -1, 'structure_path_id': 'H1.main >> M15.confluence', 'use_case': 'reversal', 'parent_sid': 0, 'parent_cycle_id': 0, 'timeframe': 'M15', 'parent_tf': 'H1', 'sub_id': 1, 'started_by': 'reversal'}"
1902,STRUCTURE,CTS_CONFIRMED,0.57877,"{'via': 'sd_zone_proximity', 'trigger_inner': 0.5809, 'zone_kind': 'POI', 'proximity_pips': 5, 'cycle_id': 1, 'structure_id': 0, 'struct_direction': -1, 'confirmed_at': 1902, 'cts_anchor_idx': 1898, 'confirmation_method': 'sd_zone_proximity', 'structure_path_id': 'H1.main >> M15.confluence', 'use_case': 'reversal', 'parent_sid': 0, 'parent_cycle_id': 0, 'timeframe': 'M15', 'parent_tf': 'H1', 'sub_id': 1, 'started_by': 'reversal'}"
1904,RANGE,RANGE_UPDATED,,"{'reason': 'pullback_expand', 'hi': 0.58058, 'lo': 0.57877, 'pat': 'one_maru_opposite', 'structure_id': 0, 'struct_direction': -1, 'structure_path_id': 'H1.main >> M15.confluence', 'use_case': 'reversal', 'parent_sid': 0, 'parent_cycle_id': 0, 'timeframe': 'M15', 'parent_tf': 'H1', 'sub_id': 1, 'started_by': 'reversal'}"
1904,STRUCTURE,CTS_RECONFIRMED,0.57877,"{'via': 'one_maru_opposite', 'cycle_id': 1, 'structure_id': 0, 'struct_direction': -1, 'confirmed_at': 1904, 'cts_anchor_idx': 1898, 'confirmation_method': 'pullback', 'structure_path_id': 'H1.main >> M15.confluence', 'use_case': 'reversal', 'parent_sid': 0, 'parent_cycle_id': 0, 'timeframe': 'M15', 'parent_tf': 'H1', 'sub_id': 1, 'started_by': 'reversal'}"
1904,STATE,STATE_CHANGED,,"{'from': 'range', 'to': 'pullback', 'structure_id': 0, 'struct_direction': -1, 'reason': 'pullback_pattern', 'pat': 'one_maru_opposite', 'effective_idx': 1904, 'structure_path_id': 'H1.main >> M15.confluence', 'use_case': 'reversal', 'parent_sid': 0, 'parent_cycle_id': 0, 'timeframe': 'M15', 'parent_tf': 'H1', 'sub_id': 1, 'started_by': 'reversal'}"
1904,RANGE,RANGE_UPDATED,,"{'hi': 0.58081, 'lo': 0.57877, 'structure_id': 0, 'struct_direction': -1, 'structure_path_id': 'H1.main >> M15.confluence', 'use_case': 'reversal', 'parent_sid': 0, 'parent_cycle_id': 0, 'timeframe': 'M15', 'parent_tf': 'H1', 'sub_id': 1, 'started_by': 'reversal'}"
1905,STATE,STATE_CHANGED,,"{'from': 'pullback', 'to': 'pullback_range', 'structure_id': 0, 'struct_direction': -1, 'reason': 'replay_no_expand_pullback_side', 'effective_idx': 1905, 'structure_path_id': 'H1.main >> M15.confluence', 'use_case': 'reversal', 'parent_sid': 0, 'parent_cycle_id': 0, 'timeframe': 'M15', 'parent_tf': 'H1', 'sub_id': 1, 'started_by': 'reversal'}"
1934,RANGE,RANGE_UPDATED,,"{'hi': 0.58088, 'lo': 0.57877, 'structure_id': 0, 'struct_direction': -1, 'structure_path_id': 'H1.main >> M15.confluence', 'use_case': 'reversal', 'parent_sid': 0, 'parent_cycle_id': 0, 'timeframe': 'M15', 'parent_tf': 'H1', 'sub_id': 1, 'started_by': 'reversal'}"
1934,STATE,STATE_CHANGED,,"{'from': 'pullback_range', 'to': 'pullback', 'structure_id': 0, 'struct_direction': -1, 'reason': 'replay_expand_pullback_side', 'effective_idx': 1934, 'structure_path_id': 'H1.main >> M15.confluence', 'use_case': 'reversal', 'parent_sid': 0, 'parent_cycle_id': 0, 'timeframe': 'M15', 'parent_tf': 'H1', 'sub_id': 1, 'started_by': 'reversal'}"
1935,STATE,STATE_CHANGED,,"{'from': 'pullback', 'to': 'pullback_range', 'structure_id': 0, 'struct_direction': -1, 'reason': 'replay_no_expand_pullback_side', 'effective_idx': 1935, 'structure_path_id': 'H1.main >> M15.confluence', 'use_case': 'reversal', 'parent_sid': 0, 'parent_cycle_id': 0, 'timeframe': 'M15', 'parent_tf': 'H1', 'sub_id': 1, 'started_by': 'reversal'}"
1940,RANGE,RANGE_RESET,,"{'reason': 'range_breakout', 'pat': 'one_maru_continuous', 'structure_id': 0, 'struct_direction': -1, 'structure_path_id': 'H1.main >> M15.confluence', 'use_case': 'reversal', 'parent_sid': 0, 'parent_cycle_id': 0, 'timeframe': 'M15', 'parent_tf': 'H1', 'sub_id': 1, 'started_by': 'reversal'}"
1940,STRUCTURE,CTS_ESTABLISHED,0.57728,"{'via': 'one_maru_continuous', 'pattern_anchor_idx': 1936, 'pattern_name': 'one_maru_continuous', 'confirmed_at': 1940, 'cycle_id': 2, 'structure_id': 0, 'struct_direction': -1, 'cts_anchor_idx': 1940, 'structure_path_id': 'H1.main >> M15.confluence', 'use_case': 'reversal', 'parent_sid': 0, 'parent_cycle_id': 0, 'timeframe': 'M15', 'parent_tf': 'H1', 'sub_id': 1, 'started_by': 'reversal'}"
1940,STRUCTURE,BOS_CONFIRMED,0.58088,"{'source': 'pullback_extreme', 'confirmed_at': 1940, 'last_pullback_apply_idx': 1904, 'cycle_id': 2, 'structure_id': 0, 'struct_direction': -1, 'bos_anchor_idx': 1934, 'structure_path_id': 'H1.main >> M15.confluence', 'use_case': 'reversal', 'parent_sid': 0, 'parent_cycle_id': 0, 'timeframe': 'M15', 'parent_tf': 'H1', 'sub_id': 1, 'started_by': 'reversal'}"
1940,STATE,STATE_CHANGED,,"{'from': 'pullback_range', 'to': 'breakout', 'structure_id': 0, 'struct_direction': -1, 'reason': 'breakout_pattern', 'pat': 'one_maru_continuous', 'effective_idx': 1940, 'structure_path_id': 'H1.main >> M15.confluence', 'use_case': 'reversal', 'parent_sid': 0, 'parent_cycle_id': 0, 'timeframe': 'M15', 'parent_tf': 'H1', 'sub_id': 1, 'started_by': 'reversal'}"
1942,STRUCTURE,CTS_UPDATED,0.57718,"{'via': 'replay_raw', 'cycle_id': 2, 'structure_id': 0, 'struct_direction': -1, 'structure_path_id': 'H1.main >> M15.confluence', 'use_case': 'reversal', 'parent_sid': 0, 'parent_cycle_id': 0, 'timeframe': 'M15', 'parent_tf': 'H1', 'sub_id': 1, 'started_by': 'reversal'}"
1943,STRUCTURE,CTS_UPDATED,0.57676,"{'via': 'replay_raw', 'cycle_id': 2, 'structure_id': 0, 'struct_direction': -1, 'structure_path_id': 'H1.main >> M15.confluence', 'use_case': 'reversal', 'parent_sid': 0, 'parent_cycle_id': 0, 'timeframe': 'M15', 'parent_tf': 'H1', 'sub_id': 1, 'started_by': 'reversal'}"
1945,STRUCTURE,CTS_UPDATED,0.57656,"{'via': 'replay_raw', 'cycle_id': 2, 'structure_id': 0, 'struct_direction': -1, 'structure_path_id': 'H1.main >> M15.confluence', 'use_case': 'reversal', 'parent_sid': 0, 'parent_cycle_id': 0, 'timeframe': 'M15', 'parent_tf': 'H1', 'sub_id': 1, 'started_by': 'reversal'}"
1948,RANGE,RANGE_STARTED,,"{'reason': 'pullback_created_range', 'cts_anchor_idx': 1945, 'cts_price': 0.57656, 'pullback_apply_idx': 1948, 'hi': 0.57756, 'lo': 0.57656, 'pat': 'one_maru_continuous', 'structure_id': 0, 'struct_direction': -1, 'structure_path_id': 'H1.main >> M15.confluence', 'use_case': 'reversal', 'parent_sid': 0, 'parent_cycle_id': 0, 'timeframe': 'M15', 'parent_tf': 'H1', 'sub_id': 1, 'started_by': 'reversal'}"
1948,STRUCTURE,CTS_CONFIRMED,0.57656,"{'via': 'one_maru_continuous', 'cycle_id': 2, 'structure_id': 0, 'struct_direction': -1, 'confirmed_at': 1948, 'cts_anchor_idx': 1945, 'confirmation_method': 'pullback', 'structure_path_id': 'H1.main >> M15.confluence', 'use_case': 'reversal', 'parent_sid': 0, 'parent_cycle_id': 0, 'timeframe': 'M15', 'parent_tf': 'H1', 'sub_id': 1, 'started_by': 'reversal'}"
1948,STATE,STATE_CHANGED,,"{'from': 'breakout', 'to': 'pullback', 'structure_id': 0, 'struct_direction': -1, 'reason': 'pullback_pattern', 'pat': 'one_maru_continuous', 'effective_idx': 1948, 'structure_path_id': 'H1.main >> M15.confluence', 'use_case': 'reversal', 'parent_sid': 0, 'parent_cycle_id': 0, 'timeframe': 'M15', 'parent_tf': 'H1', 'sub_id': 1, 'started_by': 'reversal'}"
1948,RANGE,RANGE_UPDATED,,"{'hi': 0.57794, 'lo': 0.57656, 'structure_id': 0, 'struct_direction': -1, 'structure_path_id': 'H1.main >> M15.confluence', 'use_case': 'reversal', 'parent_sid': 0, 'parent_cycle_id': 0, 'timeframe': 'M15', 'parent_tf': 'H1', 'sub_id': 1, 'started_by': 'reversal'}"
1949,STATE,STATE_CHANGED,,"{'from': 'pullback', 'to': 'pullback_range', 'structure_id': 0, 'struct_direction': -1, 'reason': 'replay_no_expand_pullback_side', 'effective_idx': 1949, 'structure_path_id': 'H1.main >> M15.confluence', 'use_case': 'reversal', 'parent_sid': 0, 'parent_cycle_id': 0, 'timeframe': 'M15', 'parent_tf': 'H1', 'sub_id': 1, 'started_by': 'reversal'}"
1950,RANGE,RANGE_UPDATED,,"{'hi': 0.57816, 'lo': 0.57656, 'structure_id': 0, 'struct_direction': -1, 'structure_path_id': 'H1.main >> M15.confluence', 'use_case': 'reversal', 'parent_sid': 0, 'parent_cycle_id': 0, 'timeframe': 'M15', 'parent_tf': 'H1', 'sub_id': 1, 'started_by': 'reversal'}"
1950,STATE,STATE_CHANGED,,"{'from': 'pullback_range', 'to': 'pullback', 'structure_id': 0, 'struct_direction': -1, 'reason': 'replay_expand_pullback_side', 'effective_idx': 1950, 'structure_path_id': 'H1.main >> M15.confluence', 'use_case': 'reversal', 'parent_sid': 0, 'parent_cycle_id': 0, 'timeframe': 'M15', 'parent_tf': 'H1', 'sub_id': 1, 'started_by': 'reversal'}"
1951,RANGE,RANGE_UPDATED,,"{'hi': 0.57822, 'lo': 0.57656, 'structure_id': 0, 'struct_direction': -1, 'structure_path_id': 'H1.main >> M15.confluence', 'use_case': 'reversal', 'parent_sid': 0, 'parent_cycle_id': 0, 'timeframe': 'M15', 'parent_tf': 'H1', 'sub_id': 1, 'started_by': 'reversal'}"
1952,STATE,STATE_CHANGED,,"{'from': 'pullback', 'to': 'pullback_range', 'structure_id': 0, 'struct_direction': -1, 'reason': 'replay_no_expand_pullback_side', 'effective_idx': 1952, 'structure_path_id': 'H1.main >> M15.confluence', 'use_case': 'reversal', 'parent_sid': 0, 'parent_cycle_id': 0, 'timeframe': 'M15', 'parent_tf': 'H1', 'sub_id': 1, 'started_by': 'reversal'}"
1953,RANGE,RANGE_UPDATED,,"{'hi': 0.57824, 'lo': 0.57656, 'structure_id': 0, 'struct_direction': -1, 'structure_path_id': 'H1.main >> M15.confluence', 'use_case': 'reversal', 'parent_sid': 0, 'parent_cycle_id': 0, 'timeframe': 'M15', 'parent_tf': 'H1', 'sub_id': 1, 'started_by': 'reversal'}"
1953,STATE,STATE_CHANGED,,"{'from': 'pullback_range', 'to': 'pullback', 'structure_id': 0, 'struct_direction': -1, 'reason': 'replay_expand_pullback_side', 'effective_idx': 1953, 'structure_path_id': 'H1.main >> M15.confluence', 'use_case': 'reversal', 'parent_sid': 0, 'parent_cycle_id': 0, 'timeframe': 'M15', 'parent_tf': 'H1', 'sub_id': 1, 'started_by': 'reversal'}"
1954,RANGE,RANGE_UPDATED,,"{'hi': 0.57834, 'lo': 0.57656, 'structure_id': 0, 'struct_direction': -1, 'structure_path_id': 'H1.main >> M15.confluence', 'use_case': 'reversal', 'parent_sid': 0, 'parent_cycle_id': 0, 'timeframe': 'M15', 'parent_tf': 'H1', 'sub_id': 1, 'started_by': 'reversal'}"
1955,RANGE,RANGE_UPDATED,,"{'hi': 0.57854, 'lo': 0.57656, 'structure_id': 0, 'struct_direction': -1, 'structure_path_id': 'H1.main >> M15.confluence', 'use_case': 'reversal', 'parent_sid': 0, 'parent_cycle_id': 0, 'timeframe': 'M15', 'parent_tf': 'H1', 'sub_id': 1, 'started_by': 'reversal'}"
1956,RANGE,RANGE_UPDATED,,"{'hi': 0.5788, 'lo': 0.57656, 'structure_id': 0, 'struct_direction': -1, 'structure_path_id': 'H1.main >> M15.confluence', 'use_case': 'reversal', 'parent_sid': 0, 'parent_cycle_id': 0, 'timeframe': 'M15', 'parent_tf': 'H1', 'sub_id': 1, 'started_by': 'reversal'}"
1957,STATE,STATE_CHANGED,,"{'from': 'pullback', 'to': 'pullback_range', 'structure_id': 0, 'struct_direction': -1, 'reason': 'replay_no_expand_pullback_side', 'effective_idx': 1957, 'structure_path_id': 'H1.main >> M15.confluence', 'use_case': 'reversal', 'parent_sid': 0, 'parent_cycle_id': 0, 'timeframe': 'M15', 'parent_tf': 'H1', 'sub_id': 1, 'started_by': 'reversal'}"
1973,RANGE,RANGE_UPDATED,,"{'hi': 0.57902, 'lo': 0.57656, 'structure_id': 0, 'struct_direction': -1, 'structure_path_id': 'H1.main >> M15.confluence', 'use_case': 'reversal', 'parent_sid': 0, 'parent_cycle_id': 0, 'timeframe': 'M15', 'parent_tf': 'H1', 'sub_id': 1, 'started_by': 'reversal'}"
1973,STATE,STATE_CHANGED,,"{'from': 'pullback_range', 'to': 'pullback', 'structure_id': 0, 'struct_direction': -1, 'reason': 'replay_expand_pullback_side', 'effective_idx': 1973, 'structure_path_id': 'H1.main >> M15.confluence', 'use_case': 'reversal', 'parent_sid': 0, 'parent_cycle_id': 0, 'timeframe': 'M15', 'parent_tf': 'H1', 'sub_id': 1, 'started_by': 'reversal'}"
1974,RANGE,RANGE_UPDATED,,"{'hi': 0.57934, 'lo': 0.57656, 'structure_id': 0, 'struct_direction': -1, 'structure_path_id': 'H1.main >> M15.confluence', 'use_case': 'reversal', 'parent_sid': 0, 'parent_cycle_id': 0, 'timeframe': 'M15', 'parent_tf': 'H1', 'sub_id': 1, 'started_by': 'reversal'}"
1975,RANGE,RANGE_UPDATED,,"{'hi': 0.57955, 'lo': 0.57656, 'structure_id': 0, 'struct_direction': -1, 'structure_path_id': 'H1.main >> M15.confluence', 'use_case': 'reversal', 'parent_sid': 0, 'parent_cycle_id': 0, 'timeframe': 'M15', 'parent_tf': 'H1', 'sub_id': 1, 'started_by': 'reversal'}"
1976,RANGE,RANGE_UPDATED,,"{'hi': 0.57957, 'lo': 0.57656, 'structure_id': 0, 'struct_direction': -1, 'structure_path_id': 'H1.main >> M15.confluence', 'use_case': 'reversal', 'parent_sid': 0, 'parent_cycle_id': 0, 'timeframe': 'M15', 'parent_tf': 'H1', 'sub_id': 1, 'started_by': 'reversal'}"
1977,RANGE,RANGE_UPDATED,,"{'hi': 0.57973, 'lo': 0.57656, 'structure_id': 0, 'struct_direction': -1, 'structure_path_id': 'H1.main >> M15.confluence', 'use_case': 'reversal', 'parent_sid': 0, 'parent_cycle_id': 0, 'timeframe': 'M15', 'parent_tf': 'H1', 'sub_id': 1, 'started_by': 'reversal'}"
1978,RANGE,RANGE_UPDATED,,"{'hi': 0.57975, 'lo': 0.57656, 'structure_id': 0, 'struct_direction': -1, 'structure_path_id': 'H1.main >> M15.confluence', 'use_case': 'reversal', 'parent_sid': 0, 'parent_cycle_id': 0, 'timeframe': 'M15', 'parent_tf': 'H1', 'sub_id': 1, 'started_by': 'reversal'}"
1979,STATE,STATE_CHANGED,,"{'from': 'pullback', 'to': 'pullback_range', 'structure_id': 0, 'struct_direction': -1, 'reason': 'replay_no_expand_pullback_side', 'effective_idx': 1979, 'structure_path_id': 'H1.main >> M15.confluence', 'use_case': 'reversal', 'parent_sid': 0, 'parent_cycle_id': 0, 'timeframe': 'M15', 'parent_tf': 'H1', 'sub_id': 1, 'started_by': 'reversal'}"
1982,RANGE,RANGE_UPDATED,,"{'hi': 0.57978, 'lo': 0.57656, 'structure_id': 0, 'struct_direction': -1, 'structure_path_id': 'H1.main >> M15.confluence', 'use_case': 'reversal', 'parent_sid': 0, 'parent_cycle_id': 0, 'timeframe': 'M15', 'parent_tf': 'H1', 'sub_id': 1, 'started_by': 'reversal'}"
1982,STATE,STATE_CHANGED,,"{'from': 'pullback_range', 'to': 'pullback', 'structure_id': 0, 'struct_direction': -1, 'reason': 'replay_expand_pullback_side', 'effective_idx': 1982, 'structure_path_id': 'H1.main >> M15.confluence', 'use_case': 'reversal', 'parent_sid': 0, 'parent_cycle_id': 0, 'timeframe': 'M15', 'parent_tf': 'H1', 'sub_id': 1, 'started_by': 'reversal'}"
1983,RANGE,RANGE_UPDATED,,"{'hi': 0.5799, 'lo': 0.57656, 'structure_id': 0, 'struct_direction': -1, 'structure_path_id': 'H1.main >> M15.confluence', 'use_case': 'reversal', 'parent_sid': 0, 'parent_cycle_id': 0, 'timeframe': 'M15', 'parent_tf': 'H1', 'sub_id': 1, 'started_by': 'reversal'}"
1984,STATE,STATE_CHANGED,,"{'from': 'pullback', 'to': 'pullback_range', 'structure_id': 0, 'struct_direction': -1, 'reason': 'replay_no_expand_pullback_side', 'effective_idx': 1984, 'structure_path_id': 'H1.main >> M15.confluence', 'use_case': 'reversal', 'parent_sid': 0, 'parent_cycle_id': 0, 'timeframe': 'M15', 'parent_tf': 'H1', 'sub_id': 1, 'started_by': 'reversal'}"
1986,RANGE,RANGE_UPDATED,,"{'hi': 0.58008, 'lo': 0.57656, 'structure_id': 0, 'struct_direction': -1, 'structure_path_id': 'H1.main >> M15.confluence', 'use_case': 'reversal', 'parent_sid': 0, 'parent_cycle_id': 0, 'timeframe': 'M15', 'parent_tf': 'H1', 'sub_id': 1, 'started_by': 'reversal'}"
1986,STATE,STATE_CHANGED,,"{'from': 'pullback_range', 'to': 'pullback', 'structure_id': 0, 'struct_direction': -1, 'reason': 'replay_expand_pullback_side', 'effective_idx': 1986, 'structure_path_id': 'H1.main >> M15.confluence', 'use_case': 'reversal', 'parent_sid': 0, 'parent_cycle_id': 0, 'timeframe': 'M15', 'parent_tf': 'H1', 'sub_id': 1, 'started_by': 'reversal'}"
1987,RANGE,RANGE_UPDATED,,"{'hi': 0.58028, 'lo': 0.57656, 'structure_id': 0, 'struct_direction': -1, 'structure_path_id': 'H1.main >> M15.confluence', 'use_case': 'reversal', 'parent_sid': 0, 'parent_cycle_id': 0, 'timeframe': 'M15', 'parent_tf': 'H1', 'sub_id': 1, 'started_by': 'reversal'}"
1988,STATE,STATE_CHANGED,,"{'from': 'pullback', 'to': 'pullback_range', 'structure_id': 0, 'struct_direction': -1, 'reason': 'replay_no_expand_pullback_side', 'effective_idx': 1988, 'structure_path_id': 'H1.main >> M15.confluence', 'use_case': 'reversal', 'parent_sid': 0, 'parent_cycle_id': 0, 'timeframe': 'M15', 'parent_tf': 'H1', 'sub_id': 1, 'started_by': 'reversal'}"
1991,RANGE,RANGE_UPDATED,,"{'hi': 0.5803, 'lo': 0.57656, 'structure_id': 0, 'struct_direction': -1, 'structure_path_id': 'H1.main >> M15.confluence', 'use_case': 'reversal', 'parent_sid': 0, 'parent_cycle_id': 0, 'timeframe': 'M15', 'parent_tf': 'H1', 'sub_id': 1, 'started_by': 'reversal'}"
1991,STATE,STATE_CHANGED,,"{'from': 'pullback_range', 'to': 'pullback', 'structure_id': 0, 'struct_direction': -1, 'reason': 'replay_expand_pullback_side', 'effective_idx': 1991, 'structure_path_id': 'H1.main >> M15.confluence', 'use_case': 'reversal', 'parent_sid': 0, 'parent_cycle_id': 0, 'timeframe': 'M15', 'parent_tf': 'H1', 'sub_id': 1, 'started_by': 'reversal'}"
1992,STATE,STATE_CHANGED,,"{'from': 'pullback', 'to': 'pullback_range', 'structure_id': 0, 'struct_direction': -1, 'reason': 'replay_no_expand_pullback_side', 'effective_idx': 1992, 'structure_path_id': 'H1.main >> M15.confluence', 'use_case': 'reversal', 'parent_sid': 0, 'parent_cycle_id': 0, 'timeframe': 'M15', 'parent_tf': 'H1', 'sub_id': 1, 'started_by': 'reversal'}"
2029,RANGE,RANGE_UPDATED,,"{'hi': 0.5803, 'lo': 0.57643, 'structure_id': 0, 'struct_direction': -1, 'structure_path_id': 'H1.main >> M15.confluence', 'use_case': 'reversal', 'parent_sid': 0, 'parent_cycle_id': 0, 'timeframe': 'M15', 'parent_tf': 'H1', 'sub_id': 1, 'started_by': 'reversal'}"
2029,STRUCTURE,CTS_THRESHOLD_UPDATED,0.57643,"{'prev': 0.57656, 'reason': 'range_sync', 'cycle_id': 2, 'structure_id': 0, 'struct_direction': -1, 'structure_path_id': 'H1.main >> M15.confluence', 'use_case': 'reversal', 'parent_sid': 0, 'parent_cycle_id': 0, 'timeframe': 'M15', 'parent_tf': 'H1', 'sub_id': 1, 'started_by': 'reversal'}"
2030,RANGE,RANGE_UPDATED,,"{'hi': 0.5803, 'lo': 0.57636, 'structure_id': 0, 'struct_direction': -1, 'structure_path_id': 'H1.main >> M15.confluence', 'use_case': 'reversal', 'parent_sid': 0, 'parent_cycle_id': 0, 'timeframe': 'M15', 'parent_tf': 'H1', 'sub_id': 1, 'started_by': 'reversal'}"
2030,STRUCTURE,CTS_THRESHOLD_UPDATED,0.57636,"{'prev': 0.57643, 'reason': 'range_sync', 'cycle_id': 2, 'structure_id': 0, 'struct_direction': -1, 'structure_path_id': 'H1.main >> M15.confluence', 'use_case': 'reversal', 'parent_sid': 0, 'parent_cycle_id': 0, 'timeframe': 'M15', 'parent_tf': 'H1', 'sub_id': 1, 'started_by': 'reversal'}"
2031,RANGE,RANGE_UPDATED,,"{'hi': 0.5803, 'lo': 0.57582, 'structure_id': 0, 'struct_direction': -1, 'structure_path_id': 'H1.main >> M15.confluence', 'use_case': 'reversal', 'parent_sid': 0, 'parent_cycle_id': 0, 'timeframe': 'M15', 'parent_tf': 'H1', 'sub_id': 1, 'started_by': 'reversal'}"
2031,STRUCTURE,CTS_THRESHOLD_UPDATED,0.57582,"{'prev': 0.57636, 'reason': 'range_sync', 'cycle_id': 2, 'structure_id': 0, 'struct_direction': -1, 'structure_path_id': 'H1.main >> M15.confluence', 'use_case': 'reversal', 'parent_sid': 0, 'parent_cycle_id': 0, 'timeframe': 'M15', 'parent_tf': 'H1', 'sub_id': 1, 'started_by': 'reversal'}"
2078,RANGE,RANGE_UPDATED,,"{'hi': 0.58074, 'lo': 0.57582, 'structure_id': 0, 'struct_direction': -1, 'structure_path_id': 'H1.main >> M15.confluence', 'use_case': 'reversal', 'parent_sid': 0, 'parent_cycle_id': 0, 'timeframe': 'M15', 'parent_tf': 'H1', 'sub_id': 1, 'started_by': 'reversal'}"
2078,STATE,STATE_CHANGED,,"{'from': 'pullback_range', 'to': 'pullback', 'structure_id': 0, 'struct_direction': -1, 'reason': 'replay_expand_pullback_side', 'effective_idx': 2078, 'structure_path_id': 'H1.main >> M15.confluence', 'use_case': 'reversal', 'parent_sid': 0, 'parent_cycle_id': 0, 'timeframe': 'M15', 'parent_tf': 'H1', 'sub_id': 1, 'started_by': 'reversal'}"
2079,STATE,STATE_CHANGED,,"{'from': 'pullback', 'to': 'pullback_range', 'structure_id': 0, 'struct_direction': -1, 'reason': 'replay_no_expand_pullback_side', 'effective_idx': 2079, 'structure_path_id': 'H1.main >> M15.confluence', 'use_case': 'reversal', 'parent_sid': 0, 'parent_cycle_id': 0, 'timeframe': 'M15', 'parent_tf': 'H1', 'sub_id': 1, 'started_by': 'reversal'}"
2231,RANGE,RANGE_RESET,,"{'reason': 'range_breakout', 'pat': 'one_maru_opposite', 'structure_id': 0, 'struct_direction': -1, 'structure_path_id': 'H1.main >> M15.confluence', 'use_case': 'reversal', 'parent_sid': 0, 'parent_cycle_id': 0, 'timeframe': 'M15', 'parent_tf': 'H1', 'sub_id': 1, 'started_by': 'reversal'}"
2231,STRUCTURE,CTS_ESTABLISHED,0.57546,"{'via': 'one_maru_opposite', 'pattern_anchor_idx': 2230, 'pattern_name': 'one_maru_opposite', 'confirmed_at': 2231, 'cycle_id': 3, 'structure_id': 0, 'struct_direction': -1, 'cts_anchor_idx': 2231, 'structure_path_id': 'H1.main >> M15.confluence', 'use_case': 'reversal', 'parent_sid': 0, 'parent_cycle_id': 0, 'timeframe': 'M15', 'parent_tf': 'H1', 'sub_id': 1, 'started_by': 'reversal'}"
2231,STRUCTURE,BOS_CONFIRMED,0.58074,"{'source': 'pullback_extreme', 'confirmed_at': 2231, 'last_pullback_apply_idx': 1948, 'cycle_id': 3, 'structure_id': 0, 'struct_direction': -1, 'bos_anchor_idx': 2078, 'structure_path_id': 'H1.main >> M15.confluence', 'use_case': 'reversal', 'parent_sid': 0, 'parent_cycle_id': 0, 'timeframe': 'M15', 'parent_tf': 'H1', 'sub_id': 1, 'started_by': 'reversal'}"
2231,STATE,STATE_CHANGED,,"{'from': 'pullback_range', 'to': 'breakout', 'structure_id': 0, 'struct_direction': -1, 'reason': 'breakout_pattern', 'pat': 'one_maru_opposite', 'effective_idx': 2231, 'structure_path_id': 'H1.main >> M15.confluence', 'use_case': 'reversal', 'parent_sid': 0, 'parent_cycle_id': 0, 'timeframe': 'M15', 'parent_tf': 'H1', 'sub_id': 1, 'started_by': 'reversal'}"
2233,RANGE,RANGE_STARTED,,"{'start_idx': 2231, 'confirm_idx': 2233, 'hi': 0.57571, 'lo': 0.57546, 'cts_anchor_idx': 2231, 'cts_price': 0.57546, 'structure_id': 0, 'struct_direction': -1, 'structure_path_id': 'H1.main >> M15.confluence', 'use_case': 'reversal', 'parent_sid': 0, 'parent_cycle_id': 0, 'timeframe': 'M15', 'parent_tf': 'H1', 'sub_id': 1, 'started_by': 'reversal'}"
2233,STATE,STATE_CHANGED,,"{'from': 'breakout', 'to': 'range', 'structure_id': 0, 'struct_direction': -1, 'reason': 'range_confirmed', 'effective_idx': 2231, 'structure_path_id': 'H1.main >> M15.confluence', 'use_case': 'reversal', 'parent_sid': 0, 'parent_cycle_id': 0, 'timeframe': 'M15', 'parent_tf': 'H1', 'sub_id': 1, 'started_by': 'reversal'}"
2232,RANGE,RANGE_UPDATED,,"{'hi': 0.57595, 'lo': 0.57546, 'structure_id': 0, 'struct_direction': -1, 'structure_path_id': 'H1.main >> M15.confluence', 'use_case': 'reversal', 'parent_sid': 0, 'parent_cycle_id': 0, 'timeframe': 'M15', 'parent_tf': 'H1', 'sub_id': 1, 'started_by': 'reversal'}"
2233,RANGE,RANGE_UPDATED,,"{'hi': 0.57596, 'lo': 0.57546, 'structure_id': 0, 'struct_direction': -1, 'structure_path_id': 'H1.main >> M15.confluence', 'use_case': 'reversal', 'parent_sid': 0, 'parent_cycle_id': 0, 'timeframe': 'M15', 'parent_tf': 'H1', 'sub_id': 1, 'started_by': 'reversal'}"
2236,RANGE,RANGE_UPDATED,,"{'reason': 'pullback_expand', 'hi': 0.57648, 'lo': 0.57546, 'pat': 'double_maru', 'structure_id': 0, 'struct_direction': -1, 'structure_path_id': 'H1.main >> M15.confluence', 'use_case': 'reversal', 'parent_sid': 0, 'parent_cycle_id': 0, 'timeframe': 'M15', 'parent_tf': 'H1', 'sub_id': 1, 'started_by': 'reversal'}"
2236,STRUCTURE,CTS_CONFIRMED,0.57546,"{'via': 'double_maru', 'cycle_id': 3, 'structure_id': 0, 'struct_direction': -1, 'confirmed_at': 2236, 'cts_anchor_idx': 2231, 'confirmation_method': 'pullback', 'structure_path_id': 'H1.main >> M15.confluence', 'use_case': 'reversal', 'parent_sid': 0, 'parent_cycle_id': 0, 'timeframe': 'M15', 'parent_tf': 'H1', 'sub_id': 1, 'started_by': 'reversal'}"
2236,STATE,STATE_CHANGED,,"{'from': 'range', 'to': 'pullback', 'structure_id': 0, 'struct_direction': -1, 'reason': 'pullback_pattern', 'pat': 'double_maru', 'effective_idx': 2236, 'structure_path_id': 'H1.main >> M15.confluence', 'use_case': 'reversal', 'parent_sid': 0, 'parent_cycle_id': 0, 'timeframe': 'M15', 'parent_tf': 'H1', 'sub_id': 1, 'started_by': 'reversal'}"
2237,RANGE,RANGE_UPDATED,,"{'hi': 0.5766, 'lo': 0.57546, 'structure_id': 0, 'struct_direction': -1, 'structure_path_id': 'H1.main >> M15.confluence', 'use_case': 'reversal', 'parent_sid': 0, 'parent_cycle_id': 0, 'timeframe': 'M15', 'parent_tf': 'H1', 'sub_id': 1, 'started_by': 'reversal'}"
2238,STATE,STATE_CHANGED,,"{'from': 'pullback', 'to': 'pullback_range', 'structure_id': 0, 'struct_direction': -1, 'reason': 'replay_no_expand_pullback_side', 'effective_idx': 2238, 'structure_path_id': 'H1.main >> M15.confluence', 'use_case': 'reversal', 'parent_sid': 0, 'parent_cycle_id': 0, 'timeframe': 'M15', 'parent_tf': 'H1', 'sub_id': 1, 'started_by': 'reversal'}"
2244,RANGE,RANGE_UPDATED,,"{'hi': 0.57671, 'lo': 0.57546, 'structure_id': 0, 'struct_direction': -1, 'structure_path_id': 'H1.main >> M15.confluence', 'use_case': 'reversal', 'parent_sid': 0, 'parent_cycle_id': 0, 'timeframe': 'M15', 'parent_tf': 'H1', 'sub_id': 1, 'started_by': 'reversal'}"
2244,STATE,STATE_CHANGED,,"{'from': 'pullback_range', 'to': 'pullback', 'structure_id': 0, 'struct_direction': -1, 'reason': 'replay_expand_pullback_side', 'effective_idx': 2244, 'structure_path_id': 'H1.main >> M15.confluence', 'use_case': 'reversal', 'parent_sid': 0, 'parent_cycle_id': 0, 'timeframe': 'M15', 'parent_tf': 'H1', 'sub_id': 1, 'started_by': 'reversal'}"
2245,STATE,STATE_CHANGED,,"{'from': 'pullback', 'to': 'pullback_range', 'structure_id': 0, 'struct_direction': -1, 'reason': 'replay_no_expand_pullback_side', 'effective_idx': 2245, 'structure_path_id': 'H1.main >> M15.confluence', 'use_case': 'reversal', 'parent_sid': 0, 'parent_cycle_id': 0, 'timeframe': 'M15', 'parent_tf': 'H1', 'sub_id': 1, 'started_by': 'reversal'}"
2247,RANGE,RANGE_UPDATED,,"{'hi': 0.57682, 'lo': 0.57546, 'structure_id': 0, 'struct_direction': -1, 'structure_path_id': 'H1.main >> M15.confluence', 'use_case': 'reversal', 'parent_sid': 0, 'parent_cycle_id': 0, 'timeframe': 'M15', 'parent_tf': 'H1', 'sub_id': 1, 'started_by': 'reversal'}"
2247,STATE,STATE_CHANGED,,"{'from': 'pullback_range', 'to': 'pullback', 'structure_id': 0, 'struct_direction': -1, 'reason': 'replay_expand_pullback_side', 'effective_idx': 2247, 'structure_path_id': 'H1.main >> M15.confluence', 'use_case': 'reversal', 'parent_sid': 0, 'parent_cycle_id': 0, 'timeframe': 'M15', 'parent_tf': 'H1', 'sub_id': 1, 'started_by': 'reversal'}"
2248,STATE,STATE_CHANGED,,"{'from': 'pullback', 'to': 'pullback_range', 'structure_id': 0, 'struct_direction': -1, 'reason': 'replay_no_expand_pullback_side', 'effective_idx': 2248, 'structure_path_id': 'H1.main >> M15.confluence', 'use_case': 'reversal', 'parent_sid': 0, 'parent_cycle_id': 0, 'timeframe': 'M15', 'parent_tf': 'H1', 'sub_id': 1, 'started_by': 'reversal'}"
2259,RANGE,RANGE_UPDATED,,"{'hi': 0.57688, 'lo': 0.57546, 'structure_id': 0, 'struct_direction': -1, 'structure_path_id': 'H1.main >> M15.confluence', 'use_case': 'reversal', 'parent_sid': 0, 'parent_cycle_id': 0, 'timeframe': 'M15', 'parent_tf': 'H1', 'sub_id': 1, 'started_by': 'reversal'}"
2259,STATE,STATE_CHANGED,,"{'from': 'pullback_range', 'to': 'pullback', 'structure_id': 0, 'struct_direction': -1, 'reason': 'replay_expand_pullback_side', 'effective_idx': 2259, 'structure_path_id': 'H1.main >> M15.confluence', 'use_case': 'reversal', 'parent_sid': 0, 'parent_cycle_id': 0, 'timeframe': 'M15', 'parent_tf': 'H1', 'sub_id': 1, 'started_by': 'reversal'}"
2260,STATE,STATE_CHANGED,,"{'from': 'pullback', 'to': 'pullback_range', 'structure_id': 0, 'struct_direction': -1, 'reason': 'replay_no_expand_pullback_side', 'effective_idx': 2260, 'structure_path_id': 'H1.main >> M15.confluence', 'use_case': 'reversal', 'parent_sid': 0, 'parent_cycle_id': 0, 'timeframe': 'M15', 'parent_tf': 'H1', 'sub_id': 1, 'started_by': 'reversal'}"
2264,RANGE,RANGE_UPDATED,,"{'hi': 0.57704, 'lo': 0.57546, 'structure_id': 0, 'struct_direction': -1, 'structure_path_id': 'H1.main >> M15.confluence', 'use_case': 'reversal', 'parent_sid': 0, 'parent_cycle_id': 0, 'timeframe': 'M15', 'parent_tf': 'H1', 'sub_id': 1, 'started_by': 'reversal'}"
2264,STATE,STATE_CHANGED,,"{'from': 'pullback_range', 'to': 'pullback', 'structure_id': 0, 'struct_direction': -1, 'reason': 'replay_expand_pullback_side', 'effective_idx': 2264, 'structure_path_id': 'H1.main >> M15.confluence', 'use_case': 'reversal', 'parent_sid': 0, 'parent_cycle_id': 0, 'timeframe': 'M15', 'parent_tf': 'H1', 'sub_id': 1, 'started_by': 'reversal'}"
2265,STATE,STATE_CHANGED,,"{'from': 'pullback', 'to': 'pullback_range', 'structure_id': 0, 'struct_direction': -1, 'reason': 'replay_no_expand_pullback_side', 'effective_idx': 2265, 'structure_path_id': 'H1.main >> M15.confluence', 'use_case': 'reversal', 'parent_sid': 0, 'parent_cycle_id': 0, 'timeframe': 'M15', 'parent_tf': 'H1', 'sub_id': 1, 'started_by': 'reversal'}"
2270,RANGE,RANGE_UPDATED,,"{'hi': 0.57884, 'lo': 0.57546, 'structure_id': 0, 'struct_direction': -1, 'structure_path_id': 'H1.main >> M15.confluence', 'use_case': 'reversal', 'parent_sid': 0, 'parent_cycle_id': 0, 'timeframe': 'M15', 'parent_tf': 'H1', 'sub_id': 1, 'started_by': 'reversal'}"
2270,STATE,STATE_CHANGED,,"{'from': 'pullback_range', 'to': 'pullback', 'structure_id': 0, 'struct_direction': -1, 'reason': 'replay_expand_pullback_side', 'effective_idx': 2270, 'structure_path_id': 'H1.main >> M15.confluence', 'use_case': 'reversal', 'parent_sid': 0, 'parent_cycle_id': 0, 'timeframe': 'M15', 'parent_tf': 'H1', 'sub_id': 1, 'started_by': 'reversal'}"
2271,STATE,STATE_CHANGED,,"{'from': 'pullback', 'to': 'pullback_range', 'structure_id': 0, 'struct_direction': -1, 'reason': 'replay_no_expand_pullback_side', 'effective_idx': 2271, 'structure_path_id': 'H1.main >> M15.confluence', 'use_case': 'reversal', 'parent_sid': 0, 'parent_cycle_id': 0, 'timeframe': 'M15', 'parent_tf': 'H1', 'sub_id': 1, 'started_by': 'reversal'}"
2341,RANGE,RANGE_UPDATED,,"{'hi': 0.57884, 'lo': 0.57538, 'structure_id': 0, 'struct_direction': -1, 'structure_path_id': 'H1.main >> M15.confluence', 'use_case': 'reversal', 'parent_sid': 0, 'parent_cycle_id': 0, 'timeframe': 'M15', 'parent_tf': 'H1', 'sub_id': 1, 'started_by': 'reversal'}"
2341,STRUCTURE,CTS_THRESHOLD_UPDATED,0.57538,"{'prev': 0.57546, 'reason': 'range_sync', 'cycle_id': 3, 'structure_id': 0, 'struct_direction': -1, 'structure_path_id': 'H1.main >> M15.confluence', 'use_case': 'reversal', 'parent_sid': 0, 'parent_cycle_id': 0, 'timeframe': 'M15', 'parent_tf': 'H1', 'sub_id': 1, 'started_by': 'reversal'}"
2343,RANGE,RANGE_RESET,,"{'reason': 'range_breakout', 'pat': 'one_maru_continuous', 'structure_id': 0, 'struct_direction': -1, 'structure_path_id': 'H1.main >> M15.confluence', 'use_case': 'reversal', 'parent_sid': 0, 'parent_cycle_id': 0, 'timeframe': 'M15', 'parent_tf': 'H1', 'sub_id': 1, 'started_by': 'reversal'}"
2343,STRUCTURE,CTS_ESTABLISHED,0.57449,"{'via': 'one_maru_continuous', 'pattern_anchor_idx': 2342, 'pattern_name': 'one_maru_continuous', 'confirmed_at': 2343, 'cycle_id': 4, 'structure_id': 0, 'struct_direction': -1, 'cts_anchor_idx': 2343, 'structure_path_id': 'H1.main >> M15.confluence', 'use_case': 'reversal', 'parent_sid': 0, 'parent_cycle_id': 0, 'timeframe': 'M15', 'parent_tf': 'H1', 'sub_id': 1, 'started_by': 'reversal'}"
2343,STRUCTURE,BOS_CONFIRMED,0.57884,"{'source': 'pullback_extreme', 'confirmed_at': 2343, 'last_pullback_apply_idx': 2236, 'cycle_id': 4, 'structure_id': 0, 'struct_direction': -1, 'bos_anchor_idx': 2270, 'structure_path_id': 'H1.main >> M15.confluence', 'use_case': 'reversal', 'parent_sid': 0, 'parent_cycle_id': 0, 'timeframe': 'M15', 'parent_tf': 'H1', 'sub_id': 1, 'started_by': 'reversal'}"
2343,STATE,STATE_CHANGED,,"{'from': 'pullback_range', 'to': 'breakout', 'structure_id': 0, 'struct_direction': -1, 'reason': 'breakout_pattern', 'pat': 'one_maru_continuous', 'effective_idx': 2343, 'structure_path_id': 'H1.main >> M15.confluence', 'use_case': 'reversal', 'parent_sid': 0, 'parent_cycle_id': 0, 'timeframe': 'M15', 'parent_tf': 'H1', 'sub_id': 1, 'started_by': 'reversal'}"
2345,RANGE,RANGE_STARTED,,"{'start_idx': 2343, 'confirm_idx': 2345, 'hi': 0.575, 'lo': 0.57449, 'cts_anchor_idx': 2343, 'cts_price': 0.57449, 'structure_id': 0, 'struct_direction': -1, 'structure_path_id': 'H1.main >> M15.confluence', 'use_case': 'reversal', 'parent_sid': 0, 'parent_cycle_id': 0, 'timeframe': 'M15', 'parent_tf': 'H1', 'sub_id': 1, 'started_by': 'reversal'}"
2345,STATE,STATE_CHANGED,,"{'from': 'breakout', 'to': 'range', 'structure_id': 0, 'struct_direction': -1, 'reason': 'range_confirmed', 'effective_idx': 2343, 'structure_path_id': 'H1.main >> M15.confluence', 'use_case': 'reversal', 'parent_sid': 0, 'parent_cycle_id': 0, 'timeframe': 'M15', 'parent_tf': 'H1', 'sub_id': 1, 'started_by': 'reversal'}"
2344,RANGE,RANGE_UPDATED,,"{'hi': 0.57521, 'lo': 0.57449, 'structure_id': 0, 'struct_direction': -1, 'structure_path_id': 'H1.main >> M15.confluence', 'use_case': 'reversal', 'parent_sid': 0, 'parent_cycle_id': 0, 'timeframe': 'M15', 'parent_tf': 'H1', 'sub_id': 1, 'started_by': 'reversal'}"
2345,RANGE,RANGE_UPDATED,,"{'hi': 0.5753, 'lo': 0.57449, 'structure_id': 0, 'struct_direction': -1, 'structure_path_id': 'H1.main >> M15.confluence', 'use_case': 'reversal', 'parent_sid': 0, 'parent_cycle_id': 0, 'timeframe': 'M15', 'parent_tf': 'H1', 'sub_id': 1, 'started_by': 'reversal'}"
2357,RANGE,RANGE_UPDATED,,"{'hi': 0.5753, 'lo': 0.57435, 'structure_id': 0, 'struct_direction': -1, 'structure_path_id': 'H1.main >> M15.confluence', 'use_case': 'reversal', 'parent_sid': 0, 'parent_cycle_id': 0, 'timeframe': 'M15', 'parent_tf': 'H1', 'sub_id': 1, 'started_by': 'reversal'}"
2357,STRUCTURE,CTS_UPDATED,0.57435,"{'via': 'replay_raw', 'cycle_id': 4, 'structure_id': 0, 'struct_direction': -1, 'structure_path_id': 'H1.main >> M15.confluence', 'use_case': 'reversal', 'parent_sid': 0, 'parent_cycle_id': 0, 'timeframe': 'M15', 'parent_tf': 'H1', 'sub_id': 1, 'started_by': 'reversal'}"
2360,RANGE,RANGE_UPDATED,,"{'hi': 0.5753, 'lo': 0.57423, 'structure_id': 0, 'struct_direction': -1, 'structure_path_id': 'H1.main >> M15.confluence', 'use_case': 'reversal', 'parent_sid': 0, 'parent_cycle_id': 0, 'timeframe': 'M15', 'parent_tf': 'H1', 'sub_id': 1, 'started_by': 'reversal'}"
2360,STRUCTURE,CTS_UPDATED,0.57423,"{'via': 'replay_raw', 'cycle_id': 4, 'structure_id': 0, 'struct_direction': -1, 'structure_path_id': 'H1.main >> M15.confluence', 'use_case': 'reversal', 'parent_sid': 0, 'parent_cycle_id': 0, 'timeframe': 'M15', 'parent_tf': 'H1', 'sub_id': 1, 'started_by': 'reversal'}"
2363,STRUCTURE,CTS_UPDATED,0.57412,"{'via': 'replay_raw', 'cycle_id': 4, 'structure_id': 0, 'struct_direction': -1, 'structure_path_id': 'H1.main >> M15.confluence', 'use_case': 'reversal', 'parent_sid': 0, 'parent_cycle_id': 0, 'timeframe': 'M15', 'parent_tf': 'H1', 'sub_id': 1, 'started_by': 'reversal'}"
2364,RANGE,RANGE_RESET,,"{'reason': 'range_breakout', 'pat': 'one_maru_continuous', 'structure_id': 0, 'struct_direction': -1, 'structure_path_id': 'H1.main >> M15.confluence', 'use_case': 'reversal', 'parent_sid': 0, 'parent_cycle_id': 0, 'timeframe': 'M15', 'parent_tf': 'H1', 'sub_id': 1, 'started_by': 'reversal'}"
2364,STRUCTURE,CTS_UPDATED,0.57371,"{'via': 'one_maru_continuous', 'confirmed_at': 2364, 'cts_anchor_idx': 2364, 'cycle_id': 4, 'structure_id': 0, 'struct_direction': -1, 'structure_path_id': 'H1.main >> M15.confluence', 'use_case': 'reversal', 'parent_sid': 0, 'parent_cycle_id': 0, 'timeframe': 'M15', 'parent_tf': 'H1', 'sub_id': 1, 'started_by': 'reversal'}"
2364,STATE,STATE_CHANGED,,"{'from': 'range', 'to': 'breakout', 'structure_id': 0, 'struct_direction': -1, 'reason': 'breakout_pattern', 'pat': 'one_maru_continuous', 'effective_idx': 2364, 'structure_path_id': 'H1.main >> M15.confluence', 'use_case': 'reversal', 'parent_sid': 0, 'parent_cycle_id': 0, 'timeframe': 'M15', 'parent_tf': 'H1', 'sub_id': 1, 'started_by': 'reversal'}"
2365,STRUCTURE,CTS_UPDATED,0.5736,"{'via': 'replay_raw', 'cycle_id': 4, 'structure_id': 0, 'struct_direction': -1, 'structure_path_id': 'H1.main >> M15.confluence', 'use_case': 'reversal', 'parent_sid': 0, 'parent_cycle_id': 0, 'timeframe': 'M15', 'parent_tf': 'H1', 'sub_id': 1, 'started_by': 'reversal'}"
2367,RANGE,RANGE_STARTED,,"{'reason': 'pullback_created_range', 'cts_anchor_idx': 2365, 'cts_price': 0.5736, 'pullback_apply_idx': 2367, 'hi': 0.57447, 'lo': 0.5736, 'pat': 'one_maru_opposite', 'structure_id': 0, 'struct_direction': -1, 'structure_path_id': 'H1.main >> M15.confluence', 'use_case': 'reversal', 'parent_sid': 0, 'parent_cycle_id': 0, 'timeframe': 'M15', 'parent_tf': 'H1', 'sub_id': 1, 'started_by': 'reversal'}"
2367,STRUCTURE,CTS_CONFIRMED,0.5736,"{'via': 'one_maru_opposite', 'cycle_id': 4, 'structure_id': 0, 'struct_direction': -1, 'confirmed_at': 2367, 'cts_anchor_idx': 2365, 'confirmation_method': 'pullback', 'structure_path_id': 'H1.main >> M15.confluence', 'use_case': 'reversal', 'parent_sid': 0, 'parent_cycle_id': 0, 'timeframe': 'M15', 'parent_tf': 'H1', 'sub_id': 1, 'started_by': 'reversal'}"
2367,STATE,STATE_CHANGED,,"{'from': 'breakout', 'to': 'pullback', 'structure_id': 0, 'struct_direction': -1, 'reason': 'pullback_pattern', 'pat': 'one_maru_opposite', 'effective_idx': 2367, 'structure_path_id': 'H1.main >> M15.confluence', 'use_case': 'reversal', 'parent_sid': 0, 'parent_cycle_id': 0, 'timeframe': 'M15', 'parent_tf': 'H1', 'sub_id': 1, 'started_by': 'reversal'}"
2367,RANGE,RANGE_UPDATED,,"{'hi': 0.57454, 'lo': 0.5736, 'structure_id': 0, 'struct_direction': -1, 'structure_path_id': 'H1.main >> M15.confluence', 'use_case': 'reversal', 'parent_sid': 0, 'parent_cycle_id': 0, 'timeframe': 'M15', 'parent_tf': 'H1', 'sub_id': 1, 'started_by': 'reversal'}"
2368,RANGE,RANGE_UPDATED,,"{'hi': 0.57522, 'lo': 0.5736, 'structure_id': 0, 'struct_direction': -1, 'structure_path_id': 'H1.main >> M15.confluence', 'use_case': 'reversal', 'parent_sid': 0, 'parent_cycle_id': 0, 'timeframe': 'M15', 'parent_tf': 'H1', 'sub_id': 1, 'started_by': 'reversal'}"
2369,RANGE,RANGE_UPDATED,,"{'hi': 0.57532, 'lo': 0.5736, 'structure_id': 0, 'struct_direction': -1, 'structure_path_id': 'H1.main >> M15.confluence', 'use_case': 'reversal', 'parent_sid': 0, 'parent_cycle_id': 0, 'timeframe': 'M15', 'parent_tf': 'H1', 'sub_id': 1, 'started_by': 'reversal'}"
2370,RANGE,RANGE_UPDATED,,"{'hi': 0.57578, 'lo': 0.5736, 'structure_id': 0, 'struct_direction': -1, 'structure_path_id': 'H1.main >> M15.confluence', 'use_case': 'reversal', 'parent_sid': 0, 'parent_cycle_id': 0, 'timeframe': 'M15', 'parent_tf': 'H1', 'sub_id': 1, 'started_by': 'reversal'}"
2371,RANGE,RANGE_UPDATED,,"{'hi': 0.5758, 'lo': 0.5736, 'structure_id': 0, 'struct_direction': -1, 'structure_path_id': 'H1.main >> M15.confluence', 'use_case': 'reversal', 'parent_sid': 0, 'parent_cycle_id': 0, 'timeframe': 'M15', 'parent_tf': 'H1', 'sub_id': 1, 'started_by': 'reversal'}"
2372,RANGE,RANGE_UPDATED,,"{'hi': 0.57601, 'lo': 0.5736, 'structure_id': 0, 'struct_direction': -1, 'structure_path_id': 'H1.main >> M15.confluence', 'use_case': 'reversal', 'parent_sid': 0, 'parent_cycle_id': 0, 'timeframe': 'M15', 'parent_tf': 'H1', 'sub_id': 1, 'started_by': 'reversal'}"
2373,STATE,STATE_CHANGED,,"{'from': 'pullback', 'to': 'pullback_range', 'structure_id': 0, 'struct_direction': -1, 'reason': 'replay_no_expand_pullback_side', 'effective_idx': 2373, 'structure_path_id': 'H1.main >> M15.confluence', 'use_case': 'reversal', 'parent_sid': 0, 'parent_cycle_id': 0, 'timeframe': 'M15', 'parent_tf': 'H1', 'sub_id': 1, 'started_by': 'reversal'}"
2382,RANGE,RANGE_UPDATED,,"{'hi': 0.5761, 'lo': 0.5736, 'structure_id': 0, 'struct_direction': -1, 'structure_path_id': 'H1.main >> M15.confluence', 'use_case': 'reversal', 'parent_sid': 0, 'parent_cycle_id': 0, 'timeframe': 'M15', 'parent_tf': 'H1', 'sub_id': 1, 'started_by': 'reversal'}"
2382,STATE,STATE_CHANGED,,"{'from': 'pullback_range', 'to': 'pullback', 'structure_id': 0, 'struct_direction': -1, 'reason': 'replay_expand_pullback_side', 'effective_idx': 2382, 'structure_path_id': 'H1.main >> M15.confluence', 'use_case': 'reversal', 'parent_sid': 0, 'parent_cycle_id': 0, 'timeframe': 'M15', 'parent_tf': 'H1', 'sub_id': 1, 'started_by': 'reversal'}"
2383,STATE,STATE_CHANGED,,"{'from': 'pullback', 'to': 'pullback_range', 'structure_id': 0, 'struct_direction': -1, 'reason': 'replay_no_expand_pullback_side', 'effective_idx': 2383, 'structure_path_id': 'H1.main >> M15.confluence', 'use_case': 'reversal', 'parent_sid': 0, 'parent_cycle_id': 0, 'timeframe': 'M15', 'parent_tf': 'H1', 'sub_id': 1, 'started_by': 'reversal'}"
2384,RANGE,RANGE_UPDATED,,"{'hi': 0.57647, 'lo': 0.5736, 'structure_id': 0, 'struct_direction': -1, 'structure_path_id': 'H1.main >> M15.confluence', 'use_case': 'reversal', 'parent_sid': 0, 'parent_cycle_id': 0, 'timeframe': 'M15', 'parent_tf': 'H1', 'sub_id': 1, 'started_by': 'reversal'}"
2384,STATE,STATE_CHANGED,,"{'from': 'pullback_range', 'to': 'pullback', 'structure_id': 0, 'struct_direction': -1, 'reason': 'replay_expand_pullback_side', 'effective_idx': 2384, 'structure_path_id': 'H1.main >> M15.confluence', 'use_case': 'reversal', 'parent_sid': 0, 'parent_cycle_id': 0, 'timeframe': 'M15', 'parent_tf': 'H1', 'sub_id': 1, 'started_by': 'reversal'}"
2385,RANGE,RANGE_UPDATED,,"{'hi': 0.57657, 'lo': 0.5736, 'structure_id': 0, 'struct_direction': -1, 'structure_path_id': 'H1.main >> M15.confluence', 'use_case': 'reversal', 'parent_sid': 0, 'parent_cycle_id': 0, 'timeframe': 'M15', 'parent_tf': 'H1', 'sub_id': 1, 'started_by': 'reversal'}"
2386,STATE,STATE_CHANGED,,"{'from': 'pullback', 'to': 'pullback_range', 'structure_id': 0, 'struct_direction': -1, 'reason': 'replay_no_expand_pullback_side', 'effective_idx': 2386, 'structure_path_id': 'H1.main >> M15.confluence', 'use_case': 'reversal', 'parent_sid': 0, 'parent_cycle_id': 0, 'timeframe': 'M15', 'parent_tf': 'H1', 'sub_id': 1, 'started_by': 'reversal'}"
2412,RANGE,RANGE_UPDATED,,"{'hi': 0.57696, 'lo': 0.5736, 'structure_id': 0, 'struct_direction': -1, 'structure_path_id': 'H1.main >> M15.confluence', 'use_case': 'reversal', 'parent_sid': 0, 'parent_cycle_id': 0, 'timeframe': 'M15', 'parent_tf': 'H1', 'sub_id': 1, 'started_by': 'reversal'}"
2412,STATE,STATE_CHANGED,,"{'from': 'pullback_range', 'to': 'pullback', 'structure_id': 0, 'struct_direction': -1, 'reason': 'replay_expand_pullback_side', 'effective_idx': 2412, 'structure_path_id': 'H1.main >> M15.confluence', 'use_case': 'reversal', 'parent_sid': 0, 'parent_cycle_id': 0, 'timeframe': 'M15', 'parent_tf': 'H1', 'sub_id': 1, 'started_by': 'reversal'}"
2413,STATE,STATE_CHANGED,,"{'from': 'pullback', 'to': 'pullback_range', 'structure_id': 0, 'struct_direction': -1, 'reason': 'replay_no_expand_pullback_side', 'effective_idx': 2413, 'structure_path_id': 'H1.main >> M15.confluence', 'use_case': 'reversal', 'parent_sid': 0, 'parent_cycle_id': 0, 'timeframe': 'M15', 'parent_tf': 'H1', 'sub_id': 1, 'started_by': 'reversal'}"
2418,RANGE,RANGE_UPDATED,,"{'hi': 0.57704, 'lo': 0.5736, 'structure_id': 0, 'struct_direction': -1, 'structure_path_id': 'H1.main >> M15.confluence', 'use_case': 'reversal', 'parent_sid': 0, 'parent_cycle_id': 0, 'timeframe': 'M15', 'parent_tf': 'H1', 'sub_id': 1, 'started_by': 'reversal'}"
2418,STATE,STATE_CHANGED,,"{'from': 'pullback_range', 'to': 'pullback', 'structure_id': 0, 'struct_direction': -1, 'reason': 'replay_expand_pullback_side', 'effective_idx': 2418, 'structure_path_id': 'H1.main >> M15.confluence', 'use_case': 'reversal', 'parent_sid': 0, 'parent_cycle_id': 0, 'timeframe': 'M15', 'parent_tf': 'H1', 'sub_id': 1, 'started_by': 'reversal'}"
2419,STATE,STATE_CHANGED,,"{'from': 'pullback', 'to': 'pullback_range', 'structure_id': 0, 'struct_direction': -1, 'reason': 'replay_no_expand_pullback_side', 'effective_idx': 2419, 'structure_path_id': 'H1.main >> M15.confluence', 'use_case': 'reversal', 'parent_sid': 0, 'parent_cycle_id': 0, 'timeframe': 'M15', 'parent_tf': 'H1', 'sub_id': 1, 'started_by': 'reversal'}"
2420,RANGE,RANGE_UPDATED,,"{'hi': 0.57714, 'lo': 0.5736, 'structure_id': 0, 'struct_direction': -1, 'structure_path_id': 'H1.main >> M15.confluence', 'use_case': 'reversal', 'parent_sid': 0, 'parent_cycle_id': 0, 'timeframe': 'M15', 'parent_tf': 'H1', 'sub_id': 1, 'started_by': 'reversal'}"
2420,STATE,STATE_CHANGED,,"{'from': 'pullback_range', 'to': 'pullback', 'structure_id': 0, 'struct_direction': -1, 'reason': 'replay_expand_pullback_side', 'effective_idx': 2420, 'structure_path_id': 'H1.main >> M15.confluence', 'use_case': 'reversal', 'parent_sid': 0, 'parent_cycle_id': 0, 'timeframe': 'M15', 'parent_tf': 'H1', 'sub_id': 1, 'started_by': 'reversal'}"
2421,RANGE,RANGE_UPDATED,,"{'hi': 0.57716, 'lo': 0.5736, 'structure_id': 0, 'struct_direction': -1, 'structure_path_id': 'H1.main >> M15.confluence', 'use_case': 'reversal', 'parent_sid': 0, 'parent_cycle_id': 0, 'timeframe': 'M15', 'parent_tf': 'H1', 'sub_id': 1, 'started_by': 'reversal'}"
2422,STATE,STATE_CHANGED,,"{'from': 'pullback', 'to': 'pullback_range', 'structure_id': 0, 'struct_direction': -1, 'reason': 'replay_no_expand_pullback_side', 'effective_idx': 2422, 'structure_path_id': 'H1.main >> M15.confluence', 'use_case': 'reversal', 'parent_sid': 0, 'parent_cycle_id': 0, 'timeframe': 'M15', 'parent_tf': 'H1', 'sub_id': 1, 'started_by': 'reversal'}"
2436,RANGE,RANGE_UPDATED,,"{'hi': 0.5773, 'lo': 0.5736, 'structure_id': 0, 'struct_direction': -1, 'structure_path_id': 'H1.main >> M15.confluence', 'use_case': 'reversal', 'parent_sid': 0, 'parent_cycle_id': 0, 'timeframe': 'M15', 'parent_tf': 'H1', 'sub_id': 1, 'started_by': 'reversal'}"
2436,STATE,STATE_CHANGED,,"{'from': 'pullback_range', 'to': 'pullback', 'structure_id': 0, 'struct_direction': -1, 'reason': 'replay_expand_pullback_side', 'effective_idx': 2436, 'structure_path_id': 'H1.main >> M15.confluence', 'use_case': 'reversal', 'parent_sid': 0, 'parent_cycle_id': 0, 'timeframe': 'M15', 'parent_tf': 'H1', 'sub_id': 1, 'started_by': 'reversal'}"
2437,RANGE,RANGE_UPDATED,,"{'hi': 0.57763, 'lo': 0.5736, 'structure_id': 0, 'struct_direction': -1, 'structure_path_id': 'H1.main >> M15.confluence', 'use_case': 'reversal', 'parent_sid': 0, 'parent_cycle_id': 0, 'timeframe': 'M15', 'parent_tf': 'H1', 'sub_id': 1, 'started_by': 'reversal'}"
2438,RANGE,RANGE_UPDATED,,"{'hi': 0.57804, 'lo': 0.5736, 'structure_id': 0, 'struct_direction': -1, 'structure_path_id': 'H1.main >> M15.confluence', 'use_case': 'reversal', 'parent_sid': 0, 'parent_cycle_id': 0, 'timeframe': 'M15', 'parent_tf': 'H1', 'sub_id': 1, 'started_by': 'reversal'}"
2439,RANGE,RANGE_UPDATED,,"{'hi': 0.57836, 'lo': 0.5736, 'structure_id': 0, 'struct_direction': -1, 'structure_path_id': 'H1.main >> M15.confluence', 'use_case': 'reversal', 'parent_sid': 0, 'parent_cycle_id': 0, 'timeframe': 'M15', 'parent_tf': 'H1', 'sub_id': 1, 'started_by': 'reversal'}"
2440,STATE,STATE_CHANGED,,"{'from': 'pullback', 'to': 'pullback_range', 'structure_id': 0, 'struct_direction': -1, 'reason': 'replay_no_expand_pullback_side', 'effective_idx': 2440, 'structure_path_id': 'H1.main >> M15.confluence', 'use_case': 'reversal', 'parent_sid': 0, 'parent_cycle_id': 0, 'timeframe': 'M15', 'parent_tf': 'H1', 'sub_id': 1, 'started_by': 'reversal'}"
2441,RANGE,RANGE_UPDATED,,"{'hi': 0.57838, 'lo': 0.5736, 'structure_id': 0, 'struct_direction': -1, 'structure_path_id': 'H1.main >> M15.confluence', 'use_case': 'reversal', 'parent_sid': 0, 'parent_cycle_id': 0, 'timeframe': 'M15', 'parent_tf': 'H1', 'sub_id': 1, 'started_by': 'reversal'}"
2441,STATE,STATE_CHANGED,,"{'from': 'pullback_range', 'to': 'pullback', 'structure_id': 0, 'struct_direction': -1, 'reason': 'replay_expand_pullback_side', 'effective_idx': 2441, 'structure_path_id': 'H1.main >> M15.confluence', 'use_case': 'reversal', 'parent_sid': 0, 'parent_cycle_id': 0, 'timeframe': 'M15', 'parent_tf': 'H1', 'sub_id': 1, 'started_by': 'reversal'}"
2442,RANGE,RANGE_UPDATED,,"{'hi': 0.57842, 'lo': 0.5736, 'structure_id': 0, 'struct_direction': -1, 'structure_path_id': 'H1.main >> M15.confluence', 'use_case': 'reversal', 'parent_sid': 0, 'parent_cycle_id': 0, 'timeframe': 'M15', 'parent_tf': 'H1', 'sub_id': 1, 'started_by': 'reversal'}"
2443,RANGE,RANGE_UPDATED,,"{'hi': 0.5785, 'lo': 0.5736, 'structure_id': 0, 'struct_direction': -1, 'structure_path_id': 'H1.main >> M15.confluence', 'use_case': 'reversal', 'parent_sid': 0, 'parent_cycle_id': 0, 'timeframe': 'M15', 'parent_tf': 'H1', 'sub_id': 1, 'started_by': 'reversal'}"
2444,STATE,STATE_CHANGED,,"{'from': 'pullback', 'to': 'pullback_range', 'structure_id': 0, 'struct_direction': -1, 'reason': 'replay_no_expand_pullback_side', 'effective_idx': 2444, 'structure_path_id': 'H1.main >> M15.confluence', 'use_case': 'reversal', 'parent_sid': 0, 'parent_cycle_id': 0, 'timeframe': 'M15', 'parent_tf': 'H1', 'sub_id': 1, 'started_by': 'reversal'}"
2448,RANGE,RANGE_UPDATED,,"{'hi': 0.57863, 'lo': 0.5736, 'structure_id': 0, 'struct_direction': -1, 'structure_path_id': 'H1.main >> M15.confluence', 'use_case': 'reversal', 'parent_sid': 0, 'parent_cycle_id': 0, 'timeframe': 'M15', 'parent_tf': 'H1', 'sub_id': 1, 'started_by': 'reversal'}"
2448,STATE,STATE_CHANGED,,"{'from': 'pullback_range', 'to': 'pullback', 'structure_id': 0, 'struct_direction': -1, 'reason': 'replay_expand_pullback_side', 'effective_idx': 2448, 'structure_path_id': 'H1.main >> M15.confluence', 'use_case': 'reversal', 'parent_sid': 0, 'parent_cycle_id': 0, 'timeframe': 'M15', 'parent_tf': 'H1', 'sub_id': 1, 'started_by': 'reversal'}"
2449,RANGE,RANGE_UPDATED,,"{'hi': 0.57866, 'lo': 0.5736, 'structure_id': 0, 'struct_direction': -1, 'structure_path_id': 'H1.main >> M15.confluence', 'use_case': 'reversal', 'parent_sid': 0, 'parent_cycle_id': 0, 'timeframe': 'M15', 'parent_tf': 'H1', 'sub_id': 1, 'started_by': 'reversal'}"
2450,STATE,STATE_CHANGED,,"{'from': 'pullback', 'to': 'pullback_range', 'structure_id': 0, 'struct_direction': -1, 'reason': 'replay_no_expand_pullback_side', 'effective_idx': 2450, 'structure_path_id': 'H1.main >> M15.confluence', 'use_case': 'reversal', 'parent_sid': 0, 'parent_cycle_id': 0, 'timeframe': 'M15', 'parent_tf': 'H1', 'sub_id': 1, 'started_by': 'reversal'}"
2454,RANGE,RANGE_UPDATED,,"{'hi': 0.57871, 'lo': 0.5736, 'structure_id': 0, 'struct_direction': -1, 'structure_path_id': 'H1.main >> M15.confluence', 'use_case': 'reversal', 'parent_sid': 0, 'parent_cycle_id': 0, 'timeframe': 'M15', 'parent_tf': 'H1', 'sub_id': 1, 'started_by': 'reversal'}"
2454,STATE,STATE_CHANGED,,"{'from': 'pullback_range', 'to': 'pullback', 'structure_id': 0, 'struct_direction': -1, 'reason': 'replay_expand_pullback_side', 'effective_idx': 2454, 'structure_path_id': 'H1.main >> M15.confluence', 'use_case': 'reversal', 'parent_sid': 0, 'parent_cycle_id': 0, 'timeframe': 'M15', 'parent_tf': 'H1', 'sub_id': 1, 'started_by': 'reversal'}"
2455,RANGE,RANGE_UPDATED,,"{'hi': 0.57886, 'lo': 0.5736, 'structure_id': 0, 'struct_direction': -1, 'structure_path_id': 'H1.main >> M15.confluence', 'use_case': 'reversal', 'parent_sid': 0, 'parent_cycle_id': 0, 'timeframe': 'M15', 'parent_tf': 'H1', 'sub_id': 1, 'started_by': 'reversal'}"
2455,STRUCTURE,REVERSAL_WATCH_START,0.57884,"{'pattern_anchor_idx': 2455, 'bos_frozen': 0.57884, 'expires_idx': 2460, 'structure_id': 0, 'struct_direction': -1, 'structure_path_id': 'H1.main >> M15.confluence', 'use_case': 'reversal', 'parent_sid': 0, 'parent_cycle_id': 0, 'timeframe': 'M15', 'parent_tf': 'H1', 'sub_id': 1, 'started_by': 'reversal'}"
2455,STRUCTURE,BOS_THRESHOLD_UPDATED,0.57886,"{'prev': 0.57884, 'reason': 'rv_anchor_failed', 'cycle_id': 4, 'structure_id': 0, 'struct_direction': -1, 'structure_path_id': 'H1.main >> M15.confluence', 'use_case': 'reversal', 'parent_sid': 0, 'parent_cycle_id': 0, 'timeframe': 'M15', 'parent_tf': 'H1', 'sub_id': 1, 'started_by': 'reversal'}"
2456,RANGE,RANGE_UPDATED,,"{'hi': 0.57897, 'lo': 0.5736, 'structure_id': 0, 'struct_direction': -1, 'structure_path_id': 'H1.main >> M15.confluence', 'use_case': 'reversal', 'parent_sid': 0, 'parent_cycle_id': 0, 'timeframe': 'M15', 'parent_tf': 'H1', 'sub_id': 1, 'started_by': 'reversal'}"
2456,STRUCTURE,BOS_THRESHOLD_UPDATED,0.57897,"{'prev': 0.57886, 'reason': 'probe_no_break', 'cycle_id': 4, 'structure_id': 0, 'struct_direction': -1, 'structure_path_id': 'H1.main >> M15.confluence', 'use_case': 'reversal', 'parent_sid': 0, 'parent_cycle_id': 0, 'timeframe': 'M15', 'parent_tf': 'H1', 'sub_id': 1, 'started_by': 'reversal'}"
2457,STATE,STATE_CHANGED,,"{'from': 'pullback', 'to': 'pullback_range', 'structure_id': 0, 'struct_direction': -1, 'reason': 'replay_no_expand_pullback_side', 'effective_idx': 2457, 'structure_path_id': 'H1.main >> M15.confluence', 'use_case': 'reversal', 'parent_sid': 0, 'parent_cycle_id': 0, 'timeframe': 'M15', 'parent_tf': 'H1', 'sub_id': 1, 'started_by': 'reversal'}"
2460,RANGE,RANGE_UPDATED,,"{'hi': 0.57926, 'lo': 0.5736, 'structure_id': 0, 'struct_direction': -1, 'structure_path_id': 'H1.main >> M15.confluence', 'use_case': 'reversal', 'parent_sid': 0, 'parent_cycle_id': 0, 'timeframe': 'M15', 'parent_tf': 'H1', 'sub_id': 1, 'started_by': 'reversal'}"
2460,STATE,STATE_CHANGED,,"{'from': 'pullback_range', 'to': 'pullback', 'structure_id': 0, 'struct_direction': -1, 'reason': 'replay_expand_pullback_side', 'effective_idx': 2460, 'structure_path_id': 'H1.main >> M15.confluence', 'use_case': 'reversal', 'parent_sid': 0, 'parent_cycle_id': 0, 'timeframe': 'M15', 'parent_tf': 'H1', 'sub_id': 1, 'started_by': 'reversal'}"
2460,STRUCTURE,REVERSAL_WATCH_START,0.57897,"{'pattern_anchor_idx': 2460, 'bos_frozen': 0.57897, 'expires_idx': 2465, 'structure_id': 0, 'struct_direction': -1, 'structure_path_id': 'H1.main >> M15.confluence', 'use_case': 'reversal', 'parent_sid': 0, 'parent_cycle_id': 0, 'timeframe': 'M15', 'parent_tf': 'H1', 'sub_id': 1, 'started_by': 'reversal'}"
2460,STRUCTURE,BOS_THRESHOLD_UPDATED,0.57926,"{'prev': 0.57897, 'reason': 'rv_anchor_failed', 'cycle_id': 4, 'structure_id': 0, 'struct_direction': -1, 'structure_path_id': 'H1.main >> M15.confluence', 'use_case': 'reversal', 'parent_sid': 0, 'parent_cycle_id': 0, 'timeframe': 'M15', 'parent_tf': 'H1', 'sub_id': 1, 'started_by': 'reversal'}"
2461,STATE,STATE_CHANGED,,"{'from': 'pullback', 'to': 'pullback_range', 'structure_id': 0, 'struct_direction': -1, 'reason': 'replay_no_expand_pullback_side', 'effective_idx': 2461, 'structure_path_id': 'H1.main >> M15.confluence', 'use_case': 'reversal', 'parent_sid': 0, 'parent_cycle_id': 0, 'timeframe': 'M15', 'parent_tf': 'H1', 'sub_id': 1, 'started_by': 'reversal'}"
2465,STRUCTURE,REVERSAL_WATCH_START,0.57926,"{'pattern_anchor_idx': 2465, 'bos_frozen': 0.57926, 'expires_idx': 2470, 'structure_id': 0, 'struct_direction': -1, 'structure_path_id': 'H1.main >> M15.confluence', 'use_case': 'reversal', 'parent_sid': 0, 'parent_cycle_id': 0, 'timeframe': 'M15', 'parent_tf': 'H1', 'sub_id': 1, 'started_by': 'reversal'}"
2465,STRUCTURE,REVERSAL_CANDIDATE,0.57926,"{'pattern_anchor_idx': 2465, 'apply_idx': 2470, 'pattern': '?', 'bos_frozen': 0.57926, 'expires_idx': 2470, 'structure_id': 0, 'struct_direction': -1, 'structure_path_id': 'H1.main >> M15.confluence', 'use_case': 'reversal', 'parent_sid': 0, 'parent_cycle_id': 0, 'timeframe': 'M15', 'parent_tf': 'H1', 'sub_id': 1, 'started_by': 'reversal'}"
2470,STATE,STATE_CHANGED,,"{'from': 'pullback_range', 'to': 'reversal', 'structure_id': 0, 'struct_direction': -1, 'reason': 'reversal_pattern', 'pat': 'continuous', 'bos_frozen': 0.57926, 'effective_idx': 2470, 'structure_path_id': 'H1.main >> M15.confluence', 'use_case': 'reversal', 'parent_sid': 0, 'parent_cycle_id': 0, 'timeframe': 'M15', 'parent_tf': 'H1', 'sub_id': 1, 'started_by': 'reversal'}"
2470,RANGE,RANGE_UPDATED,,"{'hi': 0.57996, 'lo': 0.5736, 'structure_id': 0, 'struct_direction': -1, 'structure_path_id': 'H1.main >> M15.confluence', 'use_case': 'reversal', 'parent_sid': 0, 'parent_cycle_id': 0, 'timeframe': 'M15', 'parent_tf': 'H1', 'sub_id': 1, 'started_by': 'reversal'}"
2368,STRUCTURE,CTS_ESTABLISHED,0.57522,"{'via': 'double_maru', 'pattern_anchor_idx': 2367, 'pattern_name': 'double_maru', 'confirmed_at': 2368, 'cycle_id': 0, 'structure_id': 0, 'struct_direction': 1, 'cts_anchor_idx': 2368, 'structure_path_id': 'H1.main >> M15.confluence', 'use_case': 'reversal', 'parent_sid': 0, 'parent_cycle_id': 0, 'timeframe': 'M15', 'parent_tf': 'H1', 'sub_id': 2, 'started_by': 'reversal'}"
2368,STRUCTURE,BOS_CONFIRMED,0.5736,"{'source': 'initial_prior_extreme', 'confirmed_at': 2368, 'last_pullback_apply_idx': None, 'cycle_id': 0, 'structure_id': 0, 'struct_direction': 1, 'bos_anchor_idx': 2365, 'structure_path_id': 'H1.main >> M15.confluence', 'use_case': 'reversal', 'parent_sid': 0, 'parent_cycle_id': 0, 'timeframe': 'M15', 'parent_tf': 'H1', 'sub_id': 2, 'started_by': 'reversal'}"
2368,STATE,STATE_CHANGED,,"{'from': 'none', 'to': 'breakout', 'structure_id': 0, 'struct_direction': 1, 'reason': 'breakout_pattern', 'pat': 'double_maru', 'effective_idx': 2368, 'structure_path_id': 'H1.main >> M15.confluence', 'use_case': 'reversal', 'parent_sid': 0, 'parent_cycle_id': 0, 'timeframe': 'M15', 'parent_tf': 'H1', 'sub_id': 2, 'started_by': 'reversal'}"
2369,STRUCTURE,CTS_UPDATED,0.57532,"{'via': 'replay_raw', 'cycle_id': 0, 'structure_id': 0, 'struct_direction': 1, 'structure_path_id': 'H1.main >> M15.confluence', 'use_case': 'reversal', 'parent_sid': 0, 'parent_cycle_id': 0, 'timeframe': 'M15', 'parent_tf': 'H1', 'sub_id': 2, 'started_by': 'reversal'}"
2370,STRUCTURE,CTS_UPDATED,0.57578,"{'via': 'replay_raw', 'cycle_id': 0, 'structure_id': 0, 'struct_direction': 1, 'structure_path_id': 'H1.main >> M15.confluence', 'use_case': 'reversal', 'parent_sid': 0, 'parent_cycle_id': 0, 'timeframe': 'M15', 'parent_tf': 'H1', 'sub_id': 2, 'started_by': 'reversal'}"
2371,STRUCTURE,CTS_UPDATED,0.5758,"{'via': 'replay_raw', 'cycle_id': 0, 'structure_id': 0, 'struct_direction': 1, 'structure_path_id': 'H1.main >> M15.confluence', 'use_case': 'reversal', 'parent_sid': 0, 'parent_cycle_id': 0, 'timeframe': 'M15', 'parent_tf': 'H1', 'sub_id': 2, 'started_by': 'reversal'}"
2372,STRUCTURE,CTS_UPDATED,0.57601,"{'via': 'replay_raw', 'cycle_id': 0, 'structure_id': 0, 'struct_direction': 1, 'structure_path_id': 'H1.main >> M15.confluence', 'use_case': 'reversal', 'parent_sid': 0, 'parent_cycle_id': 0, 'timeframe': 'M15', 'parent_tf': 'H1', 'sub_id': 2, 'started_by': 'reversal'}"
2376,RANGE,RANGE_STARTED,,"{'start_idx': 2371, 'confirm_idx': 2376, 'hi': 0.57601, 'lo': 0.5754, 'cts_anchor_idx': 2372, 'cts_price': 0.57601, 'structure_id': 0, 'struct_direction': 1, 'structure_path_id': 'H1.main >> M15.confluence', 'use_case': 'reversal', 'parent_sid': 0, 'parent_cycle_id': 0, 'timeframe': 'M15', 'parent_tf': 'H1', 'sub_id': 2, 'started_by': 'reversal'}"
2376,STATE,STATE_CHANGED,,"{'from': 'breakout', 'to': 'range', 'structure_id': 0, 'struct_direction': 1, 'reason': 'range_confirmed', 'effective_idx': 2371, 'structure_path_id': 'H1.main >> M15.confluence', 'use_case': 'reversal', 'parent_sid': 0, 'parent_cycle_id': 0, 'timeframe': 'M15', 'parent_tf': 'H1', 'sub_id': 2, 'started_by': 'reversal'}"
2373,RANGE,RANGE_UPDATED,,"{'hi': 0.57601, 'lo': 0.57516, 'structure_id': 0, 'struct_direction': 1, 'structure_path_id': 'H1.main >> M15.confluence', 'use_case': 'reversal', 'parent_sid': 0, 'parent_cycle_id': 0, 'timeframe': 'M15', 'parent_tf': 'H1', 'sub_id': 2, 'started_by': 'reversal'}"
2375,RANGE,RANGE_UPDATED,,"{'hi': 0.57601, 'lo': 0.57483, 'structure_id': 0, 'struct_direction': 1, 'structure_path_id': 'H1.main >> M15.confluence', 'use_case': 'reversal', 'parent_sid': 0, 'parent_cycle_id': 0, 'timeframe': 'M15', 'parent_tf': 'H1', 'sub_id': 2, 'started_by': 'reversal'}"
2382,RANGE,RANGE_UPDATED,,"{'hi': 0.5761, 'lo': 0.57483, 'structure_id': 0, 'struct_direction': 1, 'structure_path_id': 'H1.main >> M15.confluence', 'use_case': 'reversal', 'parent_sid': 0, 'parent_cycle_id': 0, 'timeframe': 'M15', 'parent_tf': 'H1', 'sub_id': 2, 'started_by': 'reversal'}"
2382,STRUCTURE,CTS_UPDATED,0.5761,"{'via': 'replay_raw', 'cycle_id': 0, 'structure_id': 0, 'struct_direction': 1, 'structure_path_id': 'H1.main >> M15.confluence', 'use_case': 'reversal', 'parent_sid': 0, 'parent_cycle_id': 0, 'timeframe': 'M15', 'parent_tf': 'H1', 'sub_id': 2, 'started_by': 'reversal'}"
2384,STRUCTURE,CTS_UPDATED,0.57647,"{'via': 'replay_raw', 'cycle_id': 0, 'structure_id': 0, 'struct_direction': 1, 'structure_path_id': 'H1.main >> M15.confluence', 'use_case': 'reversal', 'parent_sid': 0, 'parent_cycle_id': 0, 'timeframe': 'M15', 'parent_tf': 'H1', 'sub_id': 2, 'started_by': 'reversal'}"
2385,RANGE,RANGE_RESET,,"{'reason': 'range_breakout', 'pat': 'one_maru_continuous', 'structure_id': 0, 'struct_direction': 1, 'structure_path_id': 'H1.main >> M15.confluence', 'use_case': 'reversal', 'parent_sid': 0, 'parent_cycle_id': 0, 'timeframe': 'M15', 'parent_tf': 'H1', 'sub_id': 2, 'started_by': 'reversal'}"
2385,STRUCTURE,CTS_UPDATED,0.57657,"{'via': 'one_maru_continuous', 'confirmed_at': 2385, 'cts_anchor_idx': 2385, 'cycle_id': 0, 'structure_id': 0, 'struct_direction': 1, 'structure_path_id': 'H1.main >> M15.confluence', 'use_case': 'reversal', 'parent_sid': 0, 'parent_cycle_id': 0, 'timeframe': 'M15', 'parent_tf': 'H1', 'sub_id': 2, 'started_by': 'reversal'}"
2385,STATE,STATE_CHANGED,,"{'from': 'range', 'to': 'breakout', 'structure_id': 0, 'struct_direction': 1, 'reason': 'breakout_pattern', 'pat': 'one_maru_continuous', 'effective_idx': 2385, 'structure_path_id': 'H1.main >> M15.confluence', 'use_case': 'reversal', 'parent_sid': 0, 'parent_cycle_id': 0, 'timeframe': 'M15', 'parent_tf': 'H1', 'sub_id': 2, 'started_by': 'reversal'}"
2388,RANGE,RANGE_STARTED,,"{'start_idx': 2386, 'confirm_idx': 2388, 'hi': 0.57657, 'lo': 0.57615, 'cts_anchor_idx': 2385, 'cts_price': 0.57657, 'structure_id': 0, 'struct_direction': 1, 'structure_path_id': 'H1.main >> M15.confluence', 'use_case': 'reversal', 'parent_sid': 0, 'parent_cycle_id': 0, 'timeframe': 'M15', 'parent_tf': 'H1', 'sub_id': 2, 'started_by': 'reversal'}"
2388,STATE,STATE_CHANGED,,"{'from': 'breakout', 'to': 'range', 'structure_id': 0, 'struct_direction': 1, 'reason': 'range_confirmed', 'effective_idx': 2386, 'structure_path_id': 'H1.main >> M15.confluence', 'use_case': 'reversal', 'parent_sid': 0, 'parent_cycle_id': 0, 'timeframe': 'M15', 'parent_tf': 'H1', 'sub_id': 2, 'started_by': 'reversal'}"
2387,RANGE,RANGE_UPDATED,,"{'hi': 0.57657, 'lo': 0.5761, 'structure_id': 0, 'struct_direction': 1, 'structure_path_id': 'H1.main >> M15.confluence', 'use_case': 'reversal', 'parent_sid': 0, 'parent_cycle_id': 0, 'timeframe': 'M15', 'parent_tf': 'H1', 'sub_id': 2, 'started_by': 'reversal'}"
2388,RANGE,RANGE_UPDATED,,"{'hi': 0.57657, 'lo': 0.57606, 'structure_id': 0, 'struct_direction': 1, 'structure_path_id': 'H1.main >> M15.confluence', 'use_case': 'reversal', 'parent_sid': 0, 'parent_cycle_id': 0, 'timeframe': 'M15', 'parent_tf': 'H1', 'sub_id': 2, 'started_by': 'reversal'}"
2394,RANGE,RANGE_UPDATED,,"{'hi': 0.57657, 'lo': 0.57604, 'structure_id': 0, 'struct_direction': 1, 'structure_path_id': 'H1.main >> M15.confluence', 'use_case': 'reversal', 'parent_sid': 0, 'parent_cycle_id': 0, 'timeframe': 'M15', 'parent_tf': 'H1', 'sub_id': 2, 'started_by': 'reversal'}"
2395,RANGE,RANGE_UPDATED,,"{'hi': 0.57657, 'lo': 0.57558, 'structure_id': 0, 'struct_direction': 1, 'structure_path_id': 'H1.main >> M15.confluence', 'use_case': 'reversal', 'parent_sid': 0, 'parent_cycle_id': 0, 'timeframe': 'M15', 'parent_tf': 'H1', 'sub_id': 2, 'started_by': 'reversal'}"
2399,RANGE,RANGE_UPDATED,,"{'hi': 0.57657, 'lo': 0.57531, 'structure_id': 0, 'struct_direction': 1, 'structure_path_id': 'H1.main >> M15.confluence', 'use_case': 'reversal', 'parent_sid': 0, 'parent_cycle_id': 0, 'timeframe': 'M15', 'parent_tf': 'H1', 'sub_id': 2, 'started_by': 'reversal'}"
2400,RANGE,RANGE_UPDATED,,"{'hi': 0.57657, 'lo': 0.57484, 'structure_id': 0, 'struct_direction': 1, 'structure_path_id': 'H1.main >> M15.confluence', 'use_case': 'reversal', 'parent_sid': 0, 'parent_cycle_id': 0, 'timeframe': 'M15', 'parent_tf': 'H1', 'sub_id': 2, 'started_by': 'reversal'}"
2402,RANGE,RANGE_UPDATED,,"{'hi': 0.57657, 'lo': 0.57476, 'structure_id': 0, 'struct_direction': 1, 'structure_path_id': 'H1.main >> M15.confluence', 'use_case': 'reversal', 'parent_sid': 0, 'parent_cycle_id': 0, 'timeframe': 'M15', 'parent_tf': 'H1', 'sub_id': 2, 'started_by': 'reversal'}"
2403,RANGE,RANGE_UPDATED,,"{'hi': 0.57657, 'lo': 0.57464, 'structure_id': 0, 'struct_direction': 1, 'structure_path_id': 'H1.main >> M15.confluence', 'use_case': 'reversal', 'parent_sid': 0, 'parent_cycle_id': 0, 'timeframe': 'M15', 'parent_tf': 'H1', 'sub_id': 2, 'started_by': 'reversal'}"
2412,RANGE,RANGE_UPDATED,,"{'hi': 0.57696, 'lo': 0.57464, 'structure_id': 0, 'struct_direction': 1, 'structure_path_id': 'H1.main >> M15.confluence', 'use_case': 'reversal', 'parent_sid': 0, 'parent_cycle_id': 0, 'timeframe': 'M15', 'parent_tf': 'H1', 'sub_id': 2, 'started_by': 'reversal'}"
2412,STRUCTURE,CTS_UPDATED,0.57696,"{'via': 'replay_raw', 'cycle_id': 0, 'structure_id': 0, 'struct_direction': 1, 'structure_path_id': 'H1.main >> M15.confluence', 'use_case': 'reversal', 'parent_sid': 0, 'parent_cycle_id': 0, 'timeframe': 'M15', 'parent_tf': 'H1', 'sub_id': 2, 'started_by': 'reversal'}"
2418,RANGE,RANGE_UPDATED,,"{'hi': 0.57704, 'lo': 0.57464, 'structure_id': 0, 'struct_direction': 1, 'structure_path_id': 'H1.main >> M15.confluence', 'use_case': 'reversal', 'parent_sid': 0, 'parent_cycle_id': 0, 'timeframe': 'M15', 'parent_tf': 'H1', 'sub_id': 2, 'started_by': 'reversal'}"
2418,STRUCTURE,CTS_UPDATED,0.57704,"{'via': 'replay_raw', 'cycle_id': 0, 'structure_id': 0, 'struct_direction': 1, 'structure_path_id': 'H1.main >> M15.confluence', 'use_case': 'reversal', 'parent_sid': 0, 'parent_cycle_id': 0, 'timeframe': 'M15', 'parent_tf': 'H1', 'sub_id': 2, 'started_by': 'reversal'}"
2420,RANGE,RANGE_UPDATED,,"{'hi': 0.57714, 'lo': 0.57464, 'structure_id': 0, 'struct_direction': 1, 'structure_path_id': 'H1.main >> M15.confluence', 'use_case': 'reversal', 'parent_sid': 0, 'parent_cycle_id': 0, 'timeframe': 'M15', 'parent_tf': 'H1', 'sub_id': 2, 'started_by': 'reversal'}"
2420,STRUCTURE,CTS_UPDATED,0.57714,"{'via': 'replay_raw', 'cycle_id': 0, 'structure_id': 0, 'struct_direction': 1, 'structure_path_id': 'H1.main >> M15.confluence', 'use_case': 'reversal', 'parent_sid': 0, 'parent_cycle_id': 0, 'timeframe': 'M15', 'parent_tf': 'H1', 'sub_id': 2, 'started_by': 'reversal'}"
2421,RANGE,RANGE_UPDATED,,"{'hi': 0.57716, 'lo': 0.57464, 'structure_id': 0, 'struct_direction': 1, 'structure_path_id': 'H1.main >> M15.confluence', 'use_case': 'reversal', 'parent_sid': 0, 'parent_cycle_id': 0, 'timeframe': 'M15', 'parent_tf': 'H1', 'sub_id': 2, 'started_by': 'reversal'}"
2421,STRUCTURE,CTS_UPDATED,0.57716,"{'via': 'replay_raw', 'cycle_id': 0, 'structure_id': 0, 'struct_direction': 1, 'structure_path_id': 'H1.main >> M15.confluence', 'use_case': 'reversal', 'parent_sid': 0, 'parent_cycle_id': 0, 'timeframe': 'M15', 'parent_tf': 'H1', 'sub_id': 2, 'started_by': 'reversal'}"
2436,STRUCTURE,CTS_UPDATED,0.5773,"{'via': 'replay_raw', 'cycle_id': 0, 'structure_id': 0, 'struct_direction': 1, 'structure_path_id': 'H1.main >> M15.confluence', 'use_case': 'reversal', 'parent_sid': 0, 'parent_cycle_id': 0, 'timeframe': 'M15', 'parent_tf': 'H1', 'sub_id': 2, 'started_by': 'reversal'}"
2437,RANGE,RANGE_RESET,,"{'reason': 'range_breakout', 'pat': 'double_maru', 'structure_id': 0, 'struct_direction': 1, 'structure_path_id': 'H1.main >> M15.confluence', 'use_case': 'reversal', 'parent_sid': 0, 'parent_cycle_id': 0, 'timeframe': 'M15', 'parent_tf': 'H1', 'sub_id': 2, 'started_by': 'reversal'}"
2437,STRUCTURE,CTS_UPDATED,0.57763,"{'via': 'double_maru', 'confirmed_at': 2437, 'cts_anchor_idx': 2437, 'cycle_id': 0, 'structure_id': 0, 'struct_direction': 1, 'structure_path_id': 'H1.main >> M15.confluence', 'use_case': 'reversal', 'parent_sid': 0, 'parent_cycle_id': 0, 'timeframe': 'M15', 'parent_tf': 'H1', 'sub_id': 2, 'started_by': 'reversal'}"
2437,STATE,STATE_CHANGED,,"{'from': 'range', 'to': 'breakout', 'structure_id': 0, 'struct_direction': 1, 'reason': 'breakout_pattern', 'pat': 'double_maru', 'effective_idx': 2437, 'structure_path_id': 'H1.main >> M15.confluence', 'use_case': 'reversal', 'parent_sid': 0, 'parent_cycle_id': 0, 'timeframe': 'M15', 'parent_tf': 'H1', 'sub_id': 2, 'started_by': 'reversal'}"
2438,STRUCTURE,CTS_UPDATED,0.57804,"{'via': 'replay_raw', 'cycle_id': 0, 'structure_id': 0, 'struct_direction': 1, 'structure_path_id': 'H1.main >> M15.confluence', 'use_case': 'reversal', 'parent_sid': 0, 'parent_cycle_id': 0, 'timeframe': 'M15', 'parent_tf': 'H1', 'sub_id': 2, 'started_by': 'reversal'}"
2439,STRUCTURE,CTS_UPDATED,0.57836,"{'via': 'replay_raw', 'cycle_id': 0, 'structure_id': 0, 'struct_direction': 1, 'structure_path_id': 'H1.main >> M15.confluence', 'use_case': 'reversal', 'parent_sid': 0, 'parent_cycle_id': 0, 'timeframe': 'M15', 'parent_tf': 'H1', 'sub_id': 2, 'started_by': 'reversal'}"
2441,STRUCTURE,CTS_UPDATED,0.57838,"{'via': 'one_maru_opposite', 'confirmed_at': 2441, 'cts_anchor_idx': 2441, 'cycle_id': 0, 'structure_id': 0, 'struct_direction': 1, 'structure_path_id': 'H1.main >> M15.confluence', 'use_case': 'reversal', 'parent_sid': 0, 'parent_cycle_id': 0, 'timeframe': 'M15', 'parent_tf': 'H1', 'sub_id': 2, 'started_by': 'reversal'}"
2442,STRUCTURE,CTS_UPDATED,0.57842,"{'via': 'replay_raw', 'cycle_id': 0, 'structure_id': 0, 'struct_direction': 1, 'structure_path_id': 'H1.main >> M15.confluence', 'use_case': 'reversal', 'parent_sid': 0, 'parent_cycle_id': 0, 'timeframe': 'M15', 'parent_tf': 'H1', 'sub_id': 2, 'started_by': 'reversal'}"
2443,STRUCTURE,CTS_UPDATED,0.5785,"{'via': 'replay_raw', 'cycle_id': 0, 'structure_id': 0, 'struct_direction': 1, 'structure_path_id': 'H1.main >> M15.confluence', 'use_case': 'reversal', 'parent_sid': 0, 'parent_cycle_id': 0, 'timeframe': 'M15', 'parent_tf': 'H1', 'sub_id': 2, 'started_by': 'reversal'}"
2444,RANGE,RANGE_STARTED,,"{'start_idx': 2442, 'confirm_idx': 2444, 'hi': 0.5785, 'lo': 0.57792, 'cts_anchor_idx': 2443, 'cts_price': 0.5785, 'structure_id': 0, 'struct_direction': 1, 'structure_path_id': 'H1.main >> M15.confluence', 'use_case': 'reversal', 'parent_sid': 0, 'parent_cycle_id': 0, 'timeframe': 'M15', 'parent_tf': 'H1', 'sub_id': 2, 'started_by': 'reversal'}"
2444,STATE,STATE_CHANGED,,"{'from': 'breakout', 'to': 'range', 'structure_id': 0, 'struct_direction': 1, 'reason': 'range_confirmed', 'effective_idx': 2442, 'structure_path_id': 'H1.main >> M15.confluence', 'use_case': 'reversal', 'parent_sid': 0, 'parent_cycle_id': 0, 'timeframe': 'M15', 'parent_tf': 'H1', 'sub_id': 2, 'started_by': 'reversal'}"
2445,RANGE,RANGE_UPDATED,,"{'hi': 0.5785, 'lo': 0.5779, 'structure_id': 0, 'struct_direction': 1, 'structure_path_id': 'H1.main >> M15.confluence', 'use_case': 'reversal', 'parent_sid': 0, 'parent_cycle_id': 0, 'timeframe': 'M15', 'parent_tf': 'H1', 'sub_id': 2, 'started_by': 'reversal'}"
2448,RANGE,RANGE_UPDATED,,"{'hi': 0.57863, 'lo': 0.5779, 'structure_id': 0, 'struct_direction': 1, 'structure_path_id': 'H1.main >> M15.confluence', 'use_case': 'reversal', 'parent_sid': 0, 'parent_cycle_id': 0, 'timeframe': 'M15', 'parent_tf': 'H1', 'sub_id': 2, 'started_by': 'reversal'}"
2448,STRUCTURE,CTS_UPDATED,0.57863,"{'via': 'replay_raw', 'cycle_id': 0, 'structure_id': 0, 'struct_direction': 1, 'structure_path_id': 'H1.main >> M15.confluence', 'use_case': 'reversal', 'parent_sid': 0, 'parent_cycle_id': 0, 'timeframe': 'M15', 'parent_tf': 'H1', 'sub_id': 2, 'started_by': 'reversal'}"
2449,RANGE,RANGE_UPDATED,,"{'hi': 0.57866, 'lo': 0.5779, 'structure_id': 0, 'struct_direction': 1, 'structure_path_id': 'H1.main >> M15.confluence', 'use_case': 'reversal', 'parent_sid': 0, 'parent_cycle_id': 0, 'timeframe': 'M15', 'parent_tf': 'H1', 'sub_id': 2, 'started_by': 'reversal'}"
2449,STRUCTURE,CTS_UPDATED,0.57866,"{'via': 'replay_raw', 'cycle_id': 0, 'structure_id': 0, 'struct_direction': 1, 'structure_path_id': 'H1.main >> M15.confluence', 'use_case': 'reversal', 'parent_sid': 0, 'parent_cycle_id': 0, 'timeframe': 'M15', 'parent_tf': 'H1', 'sub_id': 2, 'started_by': 'reversal'}"
2454,RANGE,RANGE_UPDATED,,"{'hi': 0.57871, 'lo': 0.5779, 'structure_id': 0, 'struct_direction': 1, 'structure_path_id': 'H1.main >> M15.confluence', 'use_case': 'reversal', 'parent_sid': 0, 'parent_cycle_id': 0, 'timeframe': 'M15', 'parent_tf': 'H1', 'sub_id': 2, 'started_by': 'reversal'}"
2454,STRUCTURE,CTS_UPDATED,0.57871,"{'via': 'replay_raw', 'cycle_id': 0, 'structure_id': 0, 'struct_direction': 1, 'structure_path_id': 'H1.main >> M15.confluence', 'use_case': 'reversal', 'parent_sid': 0, 'parent_cycle_id': 0, 'timeframe': 'M15', 'parent_tf': 'H1', 'sub_id': 2, 'started_by': 'reversal'}"
2455,RANGE,RANGE_UPDATED,,"{'hi': 0.57886, 'lo': 0.5779, 'structure_id': 0, 'struct_direction': 1, 'structure_path_id': 'H1.main >> M15.confluence', 'use_case': 'reversal', 'parent_sid': 0, 'parent_cycle_id': 0, 'timeframe': 'M15', 'parent_tf': 'H1', 'sub_id': 2, 'started_by': 'reversal'}"
2455,STRUCTURE,CTS_UPDATED,0.57886,"{'via': 'replay_raw', 'cycle_id': 0, 'structure_id': 0, 'struct_direction': 1, 'structure_path_id': 'H1.main >> M15.confluence', 'use_case': 'reversal', 'parent_sid': 0, 'parent_cycle_id': 0, 'timeframe': 'M15', 'parent_tf': 'H1', 'sub_id': 2, 'started_by': 'reversal'}"
2456,RANGE,RANGE_UPDATED,,"{'hi': 0.57897, 'lo': 0.5779, 'structure_id': 0, 'struct_direction': 1, 'structure_path_id': 'H1.main >> M15.confluence', 'use_case': 'reversal', 'parent_sid': 0, 'parent_cycle_id': 0, 'timeframe': 'M15', 'parent_tf': 'H1', 'sub_id': 2, 'started_by': 'reversal'}"
2456,STRUCTURE,CTS_UPDATED,0.57897,"{'via': 'replay_raw', 'cycle_id': 0, 'structure_id': 0, 'struct_direction': 1, 'structure_path_id': 'H1.main >> M15.confluence', 'use_case': 'reversal', 'parent_sid': 0, 'parent_cycle_id': 0, 'timeframe': 'M15', 'parent_tf': 'H1', 'sub_id': 2, 'started_by': 'reversal'}"
2460,RANGE,RANGE_UPDATED,,"{'hi': 0.57926, 'lo': 0.5779, 'structure_id': 0, 'struct_direction': 1, 'structure_path_id': 'H1.main >> M15.confluence', 'use_case': 'reversal', 'parent_sid': 0, 'parent_cycle_id': 0, 'timeframe': 'M15', 'parent_tf': 'H1', 'sub_id': 2, 'started_by': 'reversal'}"
2460,STRUCTURE,CTS_UPDATED,0.57926,"{'via': 'replay_raw', 'cycle_id': 0, 'structure_id': 0, 'struct_direction': 1, 'structure_path_id': 'H1.main >> M15.confluence', 'use_case': 'reversal', 'parent_sid': 0, 'parent_cycle_id': 0, 'timeframe': 'M15', 'parent_tf': 'H1', 'sub_id': 2, 'started_by': 'reversal'}"
2465,STRUCTURE,CTS_UPDATED,0.5795,"{'via': 'replay_raw', 'cycle_id': 0, 'structure_id': 0, 'struct_direction': 1, 'structure_path_id': 'H1.main >> M15.confluence', 'use_case': 'reversal', 'parent_sid': 0, 'parent_cycle_id': 0, 'timeframe': 'M15', 'parent_tf': 'H1', 'sub_id': 2, 'started_by': 'reversal'}"
2466,STRUCTURE,CTS_UPDATED,0.57982,"{'via': 'replay_raw', 'cycle_id': 0, 'structure_id': 0, 'struct_direction': 1, 'structure_path_id': 'H1.main >> M15.confluence', 'use_case': 'reversal', 'parent_sid': 0, 'parent_cycle_id': 0, 'timeframe': 'M15', 'parent_tf': 'H1', 'sub_id': 2, 'started_by': 'reversal'}"
2468,STRUCTURE,CTS_UPDATED,0.58,"{'via': 'replay_raw', 'cycle_id': 0, 'structure_id': 0, 'struct_direction': 1, 'structure_path_id': 'H1.main >> M15.confluence', 'use_case': 'reversal', 'parent_sid': 0, 'parent_cycle_id': 0, 'timeframe': 'M15', 'parent_tf': 'H1', 'sub_id': 2, 'started_by': 'reversal'}"
2470,RANGE,RANGE_RESET,,"{'reason': 'range_breakout', 'pat': 'continuous', 'structure_id': 0, 'struct_direction': 1, 'structure_path_id': 'H1.main >> M15.confluence', 'use_case': 'reversal', 'parent_sid': 0, 'parent_cycle_id': 0, 'timeframe': 'M15', 'parent_tf': 'H1', 'sub_id': 2, 'started_by': 'reversal'}"
2470,STATE,STATE_CHANGED,,"{'from': 'range', 'to': 'breakout', 'structure_id': 0, 'struct_direction': 1, 'reason': 'breakout_pattern', 'pat': 'continuous', 'effective_idx': 2470, 'structure_path_id': 'H1.main >> M15.confluence', 'use_case': 'reversal', 'parent_sid': 0, 'parent_cycle_id': 0, 'timeframe': 'M15', 'parent_tf': 'H1', 'sub_id': 2, 'started_by': 'reversal'}"
2473,RANGE,RANGE_STARTED,,"{'start_idx': 2471, 'confirm_idx': 2473, 'hi': 0.58, 'lo': 0.5794, 'cts_anchor_idx': 2468, 'cts_price': 0.58, 'structure_id': 0, 'struct_direction': 1, 'structure_path_id': 'H1.main >> M15.confluence', 'use_case': 'reversal', 'parent_sid': 0, 'parent_cycle_id': 0, 'timeframe': 'M15', 'parent_tf': 'H1', 'sub_id': 2, 'started_by': 'reversal'}"
2473,STATE,STATE_CHANGED,,"{'from': 'breakout', 'to': 'range', 'structure_id': 0, 'struct_direction': 1, 'reason': 'range_confirmed', 'effective_idx': 2471, 'structure_path_id': 'H1.main >> M15.confluence', 'use_case': 'reversal', 'parent_sid': 0, 'parent_cycle_id': 0, 'timeframe': 'M15', 'parent_tf': 'H1', 'sub_id': 2, 'started_by': 'reversal'}"
2472,RANGE,RANGE_UPDATED,,"{'hi': 0.58, 'lo': 0.57932, 'structure_id': 0, 'struct_direction': 1, 'structure_path_id': 'H1.main >> M15.confluence', 'use_case': 'reversal', 'parent_sid': 0, 'parent_cycle_id': 0, 'timeframe': 'M15', 'parent_tf': 'H1', 'sub_id': 2, 'started_by': 'reversal'}"
2473,RANGE,RANGE_UPDATED,,"{'hi': 0.58, 'lo': 0.5793, 'structure_id': 0, 'struct_direction': 1, 'structure_path_id': 'H1.main >> M15.confluence', 'use_case': 'reversal', 'parent_sid': 0, 'parent_cycle_id': 0, 'timeframe': 'M15', 'parent_tf': 'H1', 'sub_id': 2, 'started_by': 'reversal'}"
2478,RANGE,RANGE_UPDATED,,"{'hi': 0.58014, 'lo': 0.5793, 'structure_id': 0, 'struct_direction': 1, 'structure_path_id': 'H1.main >> M15.confluence', 'use_case': 'reversal', 'parent_sid': 0, 'parent_cycle_id': 0, 'timeframe': 'M15', 'parent_tf': 'H1', 'sub_id': 2, 'started_by': 'reversal'}"
2478,STRUCTURE,CTS_UPDATED,0.58014,"{'via': 'replay_raw', 'cycle_id': 0, 'structure_id': 0, 'struct_direction': 1, 'structure_path_id': 'H1.main >> M15.confluence', 'use_case': 'reversal', 'parent_sid': 0, 'parent_cycle_id': 0, 'timeframe': 'M15', 'parent_tf': 'H1', 'sub_id': 2, 'started_by': 'reversal'}"
2479,RANGE,RANGE_UPDATED,,"{'hi': 0.58016, 'lo': 0.5793, 'structure_id': 0, 'struct_direction': 1, 'structure_path_id': 'H1.main >> M15.confluence', 'use_case': 'reversal', 'parent_sid': 0, 'parent_cycle_id': 0, 'timeframe': 'M15', 'parent_tf': 'H1', 'sub_id': 2, 'started_by': 'reversal'}"
2479,STRUCTURE,CTS_UPDATED,0.58016,"{'via': 'replay_raw', 'cycle_id': 0, 'structure_id': 0, 'struct_direction': 1, 'structure_path_id': 'H1.main >> M15.confluence', 'use_case': 'reversal', 'parent_sid': 0, 'parent_cycle_id': 0, 'timeframe': 'M15', 'parent_tf': 'H1', 'sub_id': 2, 'started_by': 'reversal'}"
2482,RANGE,RANGE_UPDATED,,"{'hi': 0.58016, 'lo': 0.57924, 'structure_id': 0, 'struct_direction': 1, 'structure_path_id': 'H1.main >> M15.confluence', 'use_case': 'reversal', 'parent_sid': 0, 'parent_cycle_id': 0, 'timeframe': 'M15', 'parent_tf': 'H1', 'sub_id': 2, 'started_by': 'reversal'}"
2484,RANGE,RANGE_UPDATED,,"{'hi': 0.58016, 'lo': 0.57922, 'structure_id': 0, 'struct_direction': 1, 'structure_path_id': 'H1.main >> M15.confluence', 'use_case': 'reversal', 'parent_sid': 0, 'parent_cycle_id': 0, 'timeframe': 'M15', 'parent_tf': 'H1', 'sub_id': 2, 'started_by': 'reversal'}"
2485,RANGE,RANGE_UPDATED,,"{'hi': 0.58016, 'lo': 0.5792, 'structure_id': 0, 'struct_direction': 1, 'structure_path_id': 'H1.main >> M15.confluence', 'use_case': 'reversal', 'parent_sid': 0, 'parent_cycle_id': 0, 'timeframe': 'M15', 'parent_tf': 'H1', 'sub_id': 2, 'started_by': 'reversal'}"
2496,RANGE,RANGE_UPDATED,,"{'hi': 0.58016, 'lo': 0.57894, 'structure_id': 0, 'struct_direction': 1, 'structure_path_id': 'H1.main >> M15.confluence', 'use_case': 'reversal', 'parent_sid': 0, 'parent_cycle_id': 0, 'timeframe': 'M15', 'parent_tf': 'H1', 'sub_id': 2, 'started_by': 'reversal'}"
2497,RANGE,RANGE_UPDATED,,"{'hi': 0.58016, 'lo': 0.57878, 'structure_id': 0, 'struct_direction': 1, 'structure_path_id': 'H1.main >> M15.confluence', 'use_case': 'reversal', 'parent_sid': 0, 'parent_cycle_id': 0, 'timeframe': 'M15', 'parent_tf': 'H1', 'sub_id': 2, 'started_by': 'reversal'}"
2504,STRUCTURE,CTS_UPDATED,0.58044,"{'via': 'replay_raw', 'cycle_id': 0, 'structure_id': 0, 'struct_direction': 1, 'structure_path_id': 'H1.main >> M15.confluence', 'use_case': 'reversal', 'parent_sid': 0, 'parent_cycle_id': 0, 'timeframe': 'M15', 'parent_tf': 'H1', 'sub_id': 2, 'started_by': 'reversal'}"
2505,RANGE,RANGE_RESET,,"{'reason': 'range_breakout', 'pat': 'one_maru_continuous', 'structure_id': 0, 'struct_direction': 1, 'structure_path_id': 'H1.main >> M15.confluence', 'use_case': 'reversal', 'parent_sid': 0, 'parent_cycle_id': 0, 'timeframe': 'M15', 'parent_tf': 'H1', 'sub_id': 2, 'started_by': 'reversal'}"
2505,STRUCTURE,CTS_UPDATED,0.58077,"{'via': 'one_maru_continuous', 'confirmed_at': 2505, 'cts_anchor_idx': 2505, 'cycle_id': 0, 'structure_id': 0, 'struct_direction': 1, 'structure_path_id': 'H1.main >> M15.confluence', 'use_case': 'reversal', 'parent_sid': 0, 'parent_cycle_id': 0, 'timeframe': 'M15', 'parent_tf': 'H1', 'sub_id': 2, 'started_by': 'reversal'}"
2505,STATE,STATE_CHANGED,,"{'from': 'range', 'to': 'breakout', 'structure_id': 0, 'struct_direction': 1, 'reason': 'breakout_pattern', 'pat': 'one_maru_continuous', 'effective_idx': 2505, 'structure_path_id': 'H1.main >> M15.confluence', 'use_case': 'reversal', 'parent_sid': 0, 'parent_cycle_id': 0, 'timeframe': 'M15', 'parent_tf': 'H1', 'sub_id': 2, 'started_by': 'reversal'}"
2506,STRUCTURE,CTS_UPDATED,0.58078,"{'via': 'replay_raw', 'cycle_id': 0, 'structure_id': 0, 'struct_direction': 1, 'structure_path_id': 'H1.main >> M15.confluence', 'use_case': 'reversal', 'parent_sid': 0, 'parent_cycle_id': 0, 'timeframe': 'M15', 'parent_tf': 'H1', 'sub_id': 2, 'started_by': 'reversal'}"
2509,RANGE,RANGE_STARTED,,"{'start_idx': 2506, 'confirm_idx': 2509, 'hi': 0.58078, 'lo': 0.58034, 'cts_anchor_idx': 2506, 'cts_price': 0.58078, 'structure_id': 0, 'struct_direction': 1, 'structure_path_id': 'H1.main >> M15.confluence', 'use_case': 'reversal', 'parent_sid': 0, 'parent_cycle_id': 0, 'timeframe': 'M15', 'parent_tf': 'H1', 'sub_id': 2, 'started_by': 'reversal'}"
2509,STATE,STATE_CHANGED,,"{'from': 'breakout', 'to': 'range', 'structure_id': 0, 'struct_direction': 1, 'reason': 'range_confirmed', 'effective_idx': 2506, 'structure_path_id': 'H1.main >> M15.confluence', 'use_case': 'reversal', 'parent_sid': 0, 'parent_cycle_id': 0, 'timeframe': 'M15', 'parent_tf': 'H1', 'sub_id': 2, 'started_by': 'reversal'}"
2507,RANGE,RANGE_UPDATED,,"{'hi': 0.58078, 'lo': 0.58022, 'structure_id': 0, 'struct_direction': 1, 'structure_path_id': 'H1.main >> M15.confluence', 'use_case': 'reversal', 'parent_sid': 0, 'parent_cycle_id': 0, 'timeframe': 'M15', 'parent_tf': 'H1', 'sub_id': 2, 'started_by': 'reversal'}"
2508,RANGE,RANGE_UPDATED,,"{'hi': 0.58078, 'lo': 0.58006, 'structure_id': 0, 'struct_direction': 1, 'structure_path_id': 'H1.main >> M15.confluence', 'use_case': 'reversal', 'parent_sid': 0, 'parent_cycle_id': 0, 'timeframe': 'M15', 'parent_tf': 'H1', 'sub_id': 2, 'started_by': 'reversal'}"
2510,RANGE,RANGE_UPDATED,,"{'hi': 0.58098, 'lo': 0.58006, 'structure_id': 0, 'struct_direction': 1, 'structure_path_id': 'H1.main >> M15.confluence', 'use_case': 'reversal', 'parent_sid': 0, 'parent_cycle_id': 0, 'timeframe': 'M15', 'parent_tf': 'H1', 'sub_id': 2, 'started_by': 'reversal'}"
2510,STRUCTURE,CTS_UPDATED,0.58098,"{'via': 'replay_raw', 'cycle_id': 0, 'structure_id': 0, 'struct_direction': 1, 'structure_path_id': 'H1.main >> M15.confluence', 'use_case': 'reversal', 'parent_sid': 0, 'parent_cycle_id': 0, 'timeframe': 'M15', 'parent_tf': 'H1', 'sub_id': 2, 'started_by': 'reversal'}"
2512,STRUCTURE,CTS_UPDATED,0.58139,"{'via': 'replay_raw', 'cycle_id': 0, 'structure_id': 0, 'struct_direction': 1, 'structure_path_id': 'H1.main >> M15.confluence', 'use_case': 'reversal', 'parent_sid': 0, 'parent_cycle_id': 0, 'timeframe': 'M15', 'parent_tf': 'H1', 'sub_id': 2, 'started_by': 'reversal'}"
2513,RANGE,RANGE_RESET,,"{'reason': 'range_breakout', 'pat': 'one_maru_continuous', 'structure_id': 0, 'struct_direction': 1, 'structure_path_id': 'H1.main >> M15.confluence', 'use_case': 'reversal', 'parent_sid': 0, 'parent_cycle_id': 0, 'timeframe': 'M15', 'parent_tf': 'H1', 'sub_id': 2, 'started_by': 'reversal'}"
2513,STRUCTURE,CTS_UPDATED,0.58152,"{'via': 'one_maru_continuous', 'confirmed_at': 2513, 'cts_anchor_idx': 2513, 'cycle_id': 0, 'structure_id': 0, 'struct_direction': 1, 'structure_path_id': 'H1.main >> M15.confluence', 'use_case': 'reversal', 'parent_sid': 0, 'parent_cycle_id': 0, 'timeframe': 'M15', 'parent_tf': 'H1', 'sub_id': 2, 'started_by': 'reversal'}"
2513,STATE,STATE_CHANGED,,"{'from': 'range', 'to': 'breakout', 'structure_id': 0, 'struct_direction': 1, 'reason': 'breakout_pattern', 'pat': 'one_maru_continuous', 'effective_idx': 2513, 'structure_path_id': 'H1.main >> M15.confluence', 'use_case': 'reversal', 'parent_sid': 0, 'parent_cycle_id': 0, 'timeframe': 'M15', 'parent_tf': 'H1', 'sub_id': 2, 'started_by': 'reversal'}"
2514,STRUCTURE,CTS_UPDATED,0.58168,"{'via': 'replay_raw', 'cycle_id': 0, 'structure_id': 0, 'struct_direction': 1, 'structure_path_id': 'H1.main >> M15.confluence', 'use_case': 'reversal', 'parent_sid': 0, 'parent_cycle_id': 0, 'timeframe': 'M15', 'parent_tf': 'H1', 'sub_id': 2, 'started_by': 'reversal'}"
2515,STRUCTURE,CTS_UPDATED,0.58169,"{'via': 'replay_raw', 'cycle_id': 0, 'structure_id': 0, 'struct_direction': 1, 'structure_path_id': 'H1.main >> M15.confluence', 'use_case': 'reversal', 'parent_sid': 0, 'parent_cycle_id': 0, 'timeframe': 'M15', 'parent_tf': 'H1', 'sub_id': 2, 'started_by': 'reversal'}"
2516,RANGE,RANGE_STARTED,,"{'start_idx': 2513, 'confirm_idx': 2516, 'hi': 0.58169, 'lo': 0.58124, 'cts_anchor_idx': 2515, 'cts_price': 0.58169, 'structure_id': 0, 'struct_direction': 1, 'structure_path_id': 'H1.main >> M15.confluence', 'use_case': 'reversal', 'parent_sid': 0, 'parent_cycle_id': 0, 'timeframe': 'M15', 'parent_tf': 'H1', 'sub_id': 2, 'started_by': 'reversal'}"
2516,STATE,STATE_CHANGED,,"{'from': 'breakout', 'to': 'range', 'structure_id': 0, 'struct_direction': 1, 'reason': 'range_confirmed', 'effective_idx': 2513, 'structure_path_id': 'H1.main >> M15.confluence', 'use_case': 'reversal', 'parent_sid': 0, 'parent_cycle_id': 0, 'timeframe': 'M15', 'parent_tf': 'H1', 'sub_id': 2, 'started_by': 'reversal'}"
2517,RANGE,RANGE_UPDATED,,"{'hi': 0.58169, 'lo': 0.58104, 'structure_id': 0, 'struct_direction': 1, 'structure_path_id': 'H1.main >> M15.confluence', 'use_case': 'reversal', 'parent_sid': 0, 'parent_cycle_id': 0, 'timeframe': 'M15', 'parent_tf': 'H1', 'sub_id': 2, 'started_by': 'reversal'}"
2530,RANGE,RANGE_UPDATED,,"{'hi': 0.58169, 'lo': 0.5808, 'structure_id': 0, 'struct_direction': 1, 'structure_path_id': 'H1.main >> M15.confluence', 'use_case': 'reversal', 'parent_sid': 0, 'parent_cycle_id': 0, 'timeframe': 'M15', 'parent_tf': 'H1', 'sub_id': 2, 'started_by': 'reversal'}"
2532,RANGE,RANGE_UPDATED,,"{'hi': 0.58196, 'lo': 0.5808, 'structure_id': 0, 'struct_direction': 1, 'structure_path_id': 'H1.main >> M15.confluence', 'use_case': 'reversal', 'parent_sid': 0, 'parent_cycle_id': 0, 'timeframe': 'M15', 'parent_tf': 'H1', 'sub_id': 2, 'started_by': 'reversal'}"
2532,STRUCTURE,CTS_UPDATED,0.58196,"{'via': 'replay_raw', 'cycle_id': 0, 'structure_id': 0, 'struct_direction': 1, 'structure_path_id': 'H1.main >> M15.confluence', 'use_case': 'reversal', 'parent_sid': 0, 'parent_cycle_id': 0, 'timeframe': 'M15', 'parent_tf': 'H1', 'sub_id': 2, 'started_by': 'reversal'}"
2533,RANGE,RANGE_UPDATED,,"{'hi': 0.58197, 'lo': 0.5808, 'structure_id': 0, 'struct_direction': 1, 'structure_path_id': 'H1.main >> M15.confluence', 'use_case': 'reversal', 'parent_sid': 0, 'parent_cycle_id': 0, 'timeframe': 'M15', 'parent_tf': 'H1', 'sub_id': 2, 'started_by': 'reversal'}"
2533,STRUCTURE,CTS_UPDATED,0.58197,"{'via': 'replay_raw', 'cycle_id': 0, 'structure_id': 0, 'struct_direction': 1, 'structure_path_id': 'H1.main >> M15.confluence', 'use_case': 'reversal', 'parent_sid': 0, 'parent_cycle_id': 0, 'timeframe': 'M15', 'parent_tf': 'H1', 'sub_id': 2, 'started_by': 'reversal'}"
2534,RANGE,RANGE_UPDATED,,"{'hi': 0.58214, 'lo': 0.5808, 'structure_id': 0, 'struct_direction': 1, 'structure_path_id': 'H1.main >> M15.confluence', 'use_case': 'reversal', 'parent_sid': 0, 'parent_cycle_id': 0, 'timeframe': 'M15', 'parent_tf': 'H1', 'sub_id': 2, 'started_by': 'reversal'}"
2534,STRUCTURE,CTS_UPDATED,0.58214,"{'via': 'replay_raw', 'cycle_id': 0, 'structure_id': 0, 'struct_direction': 1, 'structure_path_id': 'H1.main >> M15.confluence', 'use_case': 'reversal', 'parent_sid': 0, 'parent_cycle_id': 0, 'timeframe': 'M15', 'parent_tf': 'H1', 'sub_id': 2, 'started_by': 'reversal'}"
2535,RANGE,RANGE_UPDATED,,"{'hi': 0.58227, 'lo': 0.5808, 'structure_id': 0, 'struct_direction': 1, 'structure_path_id': 'H1.main >> M15.confluence', 'use_case': 'reversal', 'parent_sid': 0, 'parent_cycle_id': 0, 'timeframe': 'M15', 'parent_tf': 'H1', 'sub_id': 2, 'started_by': 'reversal'}"
2535,STRUCTURE,CTS_UPDATED,0.58227,"{'via': 'replay_raw', 'cycle_id': 0, 'structure_id': 0, 'struct_direction': 1, 'structure_path_id': 'H1.main >> M15.confluence', 'use_case': 'reversal', 'parent_sid': 0, 'parent_cycle_id': 0, 'timeframe': 'M15', 'parent_tf': 'H1', 'sub_id': 2, 'started_by': 'reversal'}"
2536,STRUCTURE,CTS_UPDATED,0.58277,"{'via': 'replay_raw', 'cycle_id': 0, 'structure_id': 0, 'struct_direction': 1, 'structure_path_id': 'H1.main >> M15.confluence', 'use_case': 'reversal', 'parent_sid': 0, 'parent_cycle_id': 0, 'timeframe': 'M15', 'parent_tf': 'H1', 'sub_id': 2, 'started_by': 'reversal'}"
2537,RANGE,RANGE_RESET,,"{'reason': 'range_breakout', 'pat': 'one_maru_continuous', 'structure_id': 0, 'struct_direction': 1, 'structure_path_id': 'H1.main >> M15.confluence', 'use_case': 'reversal', 'parent_sid': 0, 'parent_cycle_id': 0, 'timeframe': 'M15', 'parent_tf': 'H1', 'sub_id': 2, 'started_by': 'reversal'}"
2537,STRUCTURE,CTS_UPDATED,0.58298,"{'via': 'one_maru_continuous', 'confirmed_at': 2537, 'cts_anchor_idx': 2537, 'cycle_id': 0, 'structure_id': 0, 'struct_direction': 1, 'structure_path_id': 'H1.main >> M15.confluence', 'use_case': 'reversal', 'parent_sid': 0, 'parent_cycle_id': 0, 'timeframe': 'M15', 'parent_tf': 'H1', 'sub_id': 2, 'started_by': 'reversal'}"
2537,STATE,STATE_CHANGED,,"{'from': 'range', 'to': 'breakout', 'structure_id': 0, 'struct_direction': 1, 'reason': 'breakout_pattern', 'pat': 'one_maru_continuous', 'effective_idx': 2537, 'structure_path_id': 'H1.main >> M15.confluence', 'use_case': 'reversal', 'parent_sid': 0, 'parent_cycle_id': 0, 'timeframe': 'M15', 'parent_tf': 'H1', 'sub_id': 2, 'started_by': 'reversal'}"
2538,STRUCTURE,CTS_UPDATED,0.58308,"{'via': 'replay_raw', 'cycle_id': 0, 'structure_id': 0, 'struct_direction': 1, 'structure_path_id': 'H1.main >> M15.confluence', 'use_case': 'reversal', 'parent_sid': 0, 'parent_cycle_id': 0, 'timeframe': 'M15', 'parent_tf': 'H1', 'sub_id': 2, 'started_by': 'reversal'}"
2539,STRUCTURE,CTS_UPDATED,0.58328,"{'via': 'replay_raw', 'cycle_id': 0, 'structure_id': 0, 'struct_direction': 1, 'structure_path_id': 'H1.main >> M15.confluence', 'use_case': 'reversal', 'parent_sid': 0, 'parent_cycle_id': 0, 'timeframe': 'M15', 'parent_tf': 'H1', 'sub_id': 2, 'started_by': 'reversal'}"
2540,STRUCTURE,CTS_UPDATED,0.58374,"{'via': 'replay_raw', 'cycle_id': 0, 'structure_id': 0, 'struct_direction': 1, 'structure_path_id': 'H1.main >> M15.confluence', 'use_case': 'reversal', 'parent_sid': 0, 'parent_cycle_id': 0, 'timeframe': 'M15', 'parent_tf': 'H1', 'sub_id': 2, 'started_by': 'reversal'}"
2543,STRUCTURE,CTS_UPDATED,0.58381,"{'via': 'continuous', 'confirmed_at': 2543, 'cts_anchor_idx': 2543, 'cycle_id': 0, 'structure_id': 0, 'struct_direction': 1, 'structure_path_id': 'H1.main >> M15.confluence', 'use_case': 'reversal', 'parent_sid': 0, 'parent_cycle_id': 0, 'timeframe': 'M15', 'parent_tf': 'H1', 'sub_id': 2, 'started_by': 'reversal'}"
2544,STRUCTURE,CTS_UPDATED,0.58394,"{'via': 'replay_raw', 'cycle_id': 0, 'structure_id': 0, 'struct_direction': 1, 'structure_path_id': 'H1.main >> M15.confluence', 'use_case': 'reversal', 'parent_sid': 0, 'parent_cycle_id': 0, 'timeframe': 'M15', 'parent_tf': 'H1', 'sub_id': 2, 'started_by': 'reversal'}"
2545,STRUCTURE,CTS_UPDATED,0.58404,"{'via': 'replay_raw', 'cycle_id': 0, 'structure_id': 0, 'struct_direction': 1, 'structure_path_id': 'H1.main >> M15.confluence', 'use_case': 'reversal', 'parent_sid': 0, 'parent_cycle_id': 0, 'timeframe': 'M15', 'parent_tf': 'H1', 'sub_id': 2, 'started_by': 'reversal'}"
2547,STRUCTURE,CTS_UPDATED,0.58412,"{'via': 'replay_raw', 'cycle_id': 0, 'structure_id': 0, 'struct_direction': 1, 'structure_path_id': 'H1.main >> M15.confluence', 'use_case': 'reversal', 'parent_sid': 0, 'parent_cycle_id': 0, 'timeframe': 'M15', 'parent_tf': 'H1', 'sub_id': 2, 'started_by': 'reversal'}"
2548,RANGE,RANGE_STARTED,,"{'start_idx': 2546, 'confirm_idx': 2548, 'hi': 0.58412, 'lo': 0.58386, 'cts_anchor_idx': 2547, 'cts_price': 0.58412, 'structure_id': 0, 'struct_direction': 1, 'structure_path_id': 'H1.main >> M15.confluence', 'use_case': 'reversal', 'parent_sid': 0, 'parent_cycle_id': 0, 'timeframe': 'M15', 'parent_tf': 'H1', 'sub_id': 2, 'started_by': 'reversal'}"
2548,STATE,STATE_CHANGED,,"{'from': 'breakout', 'to': 'range', 'structure_id': 0, 'struct_direction': 1, 'reason': 'range_confirmed', 'effective_idx': 2546, 'structure_path_id': 'H1.main >> M15.confluence', 'use_case': 'reversal', 'parent_sid': 0, 'parent_cycle_id': 0, 'timeframe': 'M15', 'parent_tf': 'H1', 'sub_id': 2, 'started_by': 'reversal'}"
2549,RANGE,RANGE_UPDATED,,"{'hi': 0.58414, 'lo': 0.58381, 'structure_id': 0, 'struct_direction': 1, 'structure_path_id': 'H1.main >> M15.confluence', 'use_case': 'reversal', 'parent_sid': 0, 'parent_cycle_id': 0, 'timeframe': 'M15', 'parent_tf': 'H1', 'sub_id': 2, 'started_by': 'reversal'}"
2549,STRUCTURE,CTS_UPDATED,0.58414,"{'via': 'replay_raw', 'cycle_id': 0, 'structure_id': 0, 'struct_direction': 1, 'structure_path_id': 'H1.main >> M15.confluence', 'use_case': 'reversal', 'parent_sid': 0, 'parent_cycle_id': 0, 'timeframe': 'M15', 'parent_tf': 'H1', 'sub_id': 2, 'started_by': 'reversal'}"
2550,RANGE,RANGE_UPDATED,,"{'hi': 0.58415, 'lo': 0.58381, 'structure_id': 0, 'struct_direction': 1, 'structure_path_id': 'H1.main >> M15.confluence', 'use_case': 'reversal', 'parent_sid': 0, 'parent_cycle_id': 0, 'timeframe': 'M15', 'parent_tf': 'H1', 'sub_id': 2, 'started_by': 'reversal'}"
2550,STRUCTURE,CTS_UPDATED,0.58415,"{'via': 'replay_raw', 'cycle_id': 0, 'structure_id': 0, 'struct_direction': 1, 'structure_path_id': 'H1.main >> M15.confluence', 'use_case': 'reversal', 'parent_sid': 0, 'parent_cycle_id': 0, 'timeframe': 'M15', 'parent_tf': 'H1', 'sub_id': 2, 'started_by': 'reversal'}"
2551,RANGE,RANGE_UPDATED,,"{'hi': 0.58415, 'lo': 0.5837, 'structure_id': 0, 'struct_direction': 1, 'structure_path_id': 'H1.main >> M15.confluence', 'use_case': 'reversal', 'parent_sid': 0, 'parent_cycle_id': 0, 'timeframe': 'M15', 'parent_tf': 'H1', 'sub_id': 2, 'started_by': 'reversal'}"
2552,RANGE,RANGE_UPDATED,,"{'hi': 0.58415, 'lo': 0.58367, 'structure_id': 0, 'struct_direction': 1, 'structure_path_id': 'H1.main >> M15.confluence', 'use_case': 'reversal', 'parent_sid': 0, 'parent_cycle_id': 0, 'timeframe': 'M15', 'parent_tf': 'H1', 'sub_id': 2, 'started_by': 'reversal'}"
2554,RANGE,RANGE_UPDATED,,"{'hi': 0.58422, 'lo': 0.58367, 'structure_id': 0, 'struct_direction': 1, 'structure_path_id': 'H1.main >> M15.confluence', 'use_case': 'reversal', 'parent_sid': 0, 'parent_cycle_id': 0, 'timeframe': 'M15', 'parent_tf': 'H1', 'sub_id': 2, 'started_by': 'reversal'}"
2554,STRUCTURE,CTS_UPDATED,0.58422,"{'via': 'replay_raw', 'cycle_id': 0, 'structure_id': 0, 'struct_direction': 1, 'structure_path_id': 'H1.main >> M15.confluence', 'use_case': 'reversal', 'parent_sid': 0, 'parent_cycle_id': 0, 'timeframe': 'M15', 'parent_tf': 'H1', 'sub_id': 2, 'started_by': 'reversal'}"
2557,RANGE,RANGE_UPDATED,,"{'hi': 0.58434, 'lo': 0.58367, 'structure_id': 0, 'struct_direction': 1, 'structure_path_id': 'H1.main >> M15.confluence', 'use_case': 'reversal', 'parent_sid': 0, 'parent_cycle_id': 0, 'timeframe': 'M15', 'parent_tf': 'H1', 'sub_id': 2, 'started_by': 'reversal'}"
2557,STRUCTURE,CTS_UPDATED,0.58434,"{'via': 'replay_raw', 'cycle_id': 0, 'structure_id': 0, 'struct_direction': 1, 'structure_path_id': 'H1.main >> M15.confluence', 'use_case': 'reversal', 'parent_sid': 0, 'parent_cycle_id': 0, 'timeframe': 'M15', 'parent_tf': 'H1', 'sub_id': 2, 'started_by': 'reversal'}"
2558,RANGE,RANGE_UPDATED,,"{'hi': 0.58434, 'lo': 0.58342, 'structure_id': 0, 'struct_direction': 1, 'structure_path_id': 'H1.main >> M15.confluence', 'use_case': 'reversal', 'parent_sid': 0, 'parent_cycle_id': 0, 'timeframe': 'M15', 'parent_tf': 'H1', 'sub_id': 2, 'started_by': 'reversal'}"
2560,RANGE,RANGE_UPDATED,,"{'reason': 'pullback_expand', 'hi': 0.58434, 'lo': 0.58242, 'pat': 'one_maru_continuous', 'structure_id': 0, 'struct_direction': 1, 'structure_path_id': 'H1.main >> M15.confluence', 'use_case': 'reversal', 'parent_sid': 0, 'parent_cycle_id': 0, 'timeframe': 'M15', 'parent_tf': 'H1', 'sub_id': 2, 'started_by': 'reversal'}"
2560,STRUCTURE,CTS_CONFIRMED,0.58434,"{'via': 'one_maru_continuous', 'cycle_id': 0, 'structure_id': 0, 'struct_direction': 1, 'confirmed_at': 2560, 'cts_anchor_idx': 2557, 'confirmation_method': 'pullback', 'structure_path_id': 'H1.main >> M15.confluence', 'use_case': 'reversal', 'parent_sid': 0, 'parent_cycle_id': 0, 'timeframe': 'M15', 'parent_tf': 'H1', 'sub_id': 2, 'started_by': 'reversal'}"
2560,STATE,STATE_CHANGED,,"{'from': 'range', 'to': 'pullback', 'structure_id': 0, 'struct_direction': 1, 'reason': 'pullback_pattern', 'pat': 'one_maru_continuous', 'effective_idx': 2560, 'structure_path_id': 'H1.main >> M15.confluence', 'use_case': 'reversal', 'parent_sid': 0, 'parent_cycle_id': 0, 'timeframe': 'M15', 'parent_tf': 'H1', 'sub_id': 2, 'started_by': 'reversal'}"
2561,RANGE,RANGE_UPDATED,,"{'hi': 0.58434, 'lo': 0.58198, 'structure_id': 0, 'struct_direction': 1, 'structure_path_id': 'H1.main >> M15.confluence', 'use_case': 'reversal', 'parent_sid': 0, 'parent_cycle_id': 0, 'timeframe': 'M15', 'parent_tf': 'H1', 'sub_id': 2, 'started_by': 'reversal'}"
2562,STATE,STATE_CHANGED,,"{'from': 'pullback', 'to': 'pullback_range', 'structure_id': 0, 'struct_direction': 1, 'reason': 'replay_no_expand_pullback_side', 'effective_idx': 2562, 'structure_path_id': 'H1.main >> M15.confluence', 'use_case': 'reversal', 'parent_sid': 0, 'parent_cycle_id': 0, 'timeframe': 'M15', 'parent_tf': 'H1', 'sub_id': 2, 'started_by': 'reversal'}"
2600,RANGE,RANGE_UPDATED,,"{'hi': 0.58448, 'lo': 0.58198, 'structure_id': 0, 'struct_direction': 1, 'structure_path_id': 'H1.main >> M15.confluence', 'use_case': 'reversal', 'parent_sid': 0, 'parent_cycle_id': 0, 'timeframe': 'M15', 'parent_tf': 'H1', 'sub_id': 2, 'started_by': 'reversal'}"
2600,STRUCTURE,CTS_THRESHOLD_UPDATED,0.58448,"{'prev': 0.58434, 'reason': 'range_sync', 'cycle_id': 0, 'structure_id': 0, 'struct_direction': 1, 'structure_path_id': 'H1.main >> M15.confluence', 'use_case': 'reversal', 'parent_sid': 0, 'parent_cycle_id': 0, 'timeframe': 'M15', 'parent_tf': 'H1', 'sub_id': 2, 'started_by': 'reversal'}"
2606,RANGE,RANGE_UPDATED,,"{'hi': 0.58465, 'lo': 0.58198, 'structure_id': 0, 'struct_direction': 1, 'structure_path_id': 'H1.main >> M15.confluence', 'use_case': 'reversal', 'parent_sid': 0, 'parent_cycle_id': 0, 'timeframe': 'M15', 'parent_tf': 'H1', 'sub_id': 2, 'started_by': 'reversal'}"
2606,STRUCTURE,CTS_THRESHOLD_UPDATED,0.58465,"{'prev': 0.58448, 'reason': 'range_sync', 'cycle_id': 0, 'structure_id': 0, 'struct_direction': 1, 'structure_path_id': 'H1.main >> M15.confluence', 'use_case': 'reversal', 'parent_sid': 0, 'parent_cycle_id': 0, 'timeframe': 'M15', 'parent_tf': 'H1', 'sub_id': 2, 'started_by': 'reversal'}"
2608,RANGE,RANGE_RESET,,"{'reason': 'range_breakout', 'pat': 'one_maru_continuous', 'structure_id': 0, 'struct_direction': 1, 'structure_path_id': 'H1.main >> M15.confluence', 'use_case': 'reversal', 'parent_sid': 0, 'parent_cycle_id': 0, 'timeframe': 'M15', 'parent_tf': 'H1', 'sub_id': 2, 'started_by': 'reversal'}"
2608,STRUCTURE,CTS_ESTABLISHED,0.58518,"{'via': 'one_maru_continuous', 'pattern_anchor_idx': 2607, 'pattern_name': 'one_maru_continuous', 'confirmed_at': 2608, 'cycle_id': 1, 'structure_id': 0, 'struct_direction': 1, 'cts_anchor_idx': 2608, 'structure_path_id': 'H1.main >> M15.confluence', 'use_case': 'reversal', 'parent_sid': 0, 'parent_cycle_id': 0, 'timeframe': 'M15', 'parent_tf': 'H1', 'sub_id': 2, 'started_by': 'reversal'}"
2608,STRUCTURE,BOS_CONFIRMED,0.58198,"{'source': 'pullback_extreme', 'confirmed_at': 2608, 'last_pullback_apply_idx': 2560, 'cycle_id': 1, 'structure_id': 0, 'struct_direction': 1, 'bos_anchor_idx': 2561, 'structure_path_id': 'H1.main >> M15.confluence', 'use_case': 'reversal', 'parent_sid': 0, 'parent_cycle_id': 0, 'timeframe': 'M15', 'parent_tf': 'H1', 'sub_id': 2, 'started_by': 'reversal'}"
2608,STATE,STATE_CHANGED,,"{'from': 'pullback_range', 'to': 'breakout', 'structure_id': 0, 'struct_direction': 1, 'reason': 'breakout_pattern', 'pat': 'one_maru_continuous', 'effective_idx': 2608, 'structure_path_id': 'H1.main >> M15.confluence', 'use_case': 'reversal', 'parent_sid': 0, 'parent_cycle_id': 0, 'timeframe': 'M15', 'parent_tf': 'H1', 'sub_id': 2, 'started_by': 'reversal'}"
2609,STRUCTURE,CTS_UPDATED,0.58534,"{'via': 'replay_raw', 'cycle_id': 1, 'structure_id': 0, 'struct_direction': 1, 'structure_path_id': 'H1.main >> M15.confluence', 'use_case': 'reversal', 'parent_sid': 0, 'parent_cycle_id': 0, 'timeframe': 'M15', 'parent_tf': 'H1', 'sub_id': 2, 'started_by': 'reversal'}"
2612,RANGE,RANGE_STARTED,,"{'reason': 'pullback_created_range', 'cts_anchor_idx': 2609, 'cts_price': 0.58534, 'pullback_apply_idx': 2612, 'hi': 0.58534, 'lo': 0.58429, 'pat': 'one_maru_continuous', 'structure_id': 0, 'struct_direction': 1, 'structure_path_id': 'H1.main >> M15.confluence', 'use_case': 'reversal', 'parent_sid': 0, 'parent_cycle_id': 0, 'timeframe': 'M15', 'parent_tf': 'H1', 'sub_id': 2, 'started_by': 'reversal'}"
2612,STRUCTURE,CTS_CONFIRMED,0.58534,"{'via': 'one_maru_continuous', 'cycle_id': 1, 'structure_id': 0, 'struct_direction': 1, 'confirmed_at': 2612, 'cts_anchor_idx': 2609, 'confirmation_method': 'pullback', 'structure_path_id': 'H1.main >> M15.confluence', 'use_case': 'reversal', 'parent_sid': 0, 'parent_cycle_id': 0, 'timeframe': 'M15', 'parent_tf': 'H1', 'sub_id': 2, 'started_by': 'reversal'}"
2612,STATE,STATE_CHANGED,,"{'from': 'breakout', 'to': 'pullback', 'structure_id': 0, 'struct_direction': 1, 'reason': 'pullback_pattern', 'pat': 'one_maru_continuous', 'effective_idx': 2612, 'structure_path_id': 'H1.main >> M15.confluence', 'use_case': 'reversal', 'parent_sid': 0, 'parent_cycle_id': 0, 'timeframe': 'M15', 'parent_tf': 'H1', 'sub_id': 2, 'started_by': 'reversal'}"
2613,RANGE,RANGE_UPDATED,,"{'hi': 0.58534, 'lo': 0.58421, 'structure_id': 0, 'struct_direction': 1, 'structure_path_id': 'H1.main >> M15.confluence', 'use_case': 'reversal', 'parent_sid': 0, 'parent_cycle_id': 0, 'timeframe': 'M15', 'parent_tf': 'H1', 'sub_id': 2, 'started_by': 'reversal'}"
2614,RANGE,RANGE_UPDATED,,"{'hi': 0.58534, 'lo': 0.58414, 'structure_id': 0, 'struct_direction': 1, 'structure_path_id': 'H1.main >> M15.confluence', 'use_case': 'reversal', 'parent_sid': 0, 'parent_cycle_id': 0, 'timeframe': 'M15', 'parent_tf': 'H1', 'sub_id': 2, 'started_by': 'reversal'}"
2615,RANGE,RANGE_UPDATED,,"{'hi': 0.58534, 'lo': 0.584, 'structure_id': 0, 'struct_direction': 1, 'structure_path_id': 'H1.main >> M15.confluence', 'use_case': 'reversal', 'parent_sid': 0, 'parent_cycle_id': 0, 'timeframe': 'M15', 'parent_tf': 'H1', 'sub_id': 2, 'started_by': 'reversal'}"
2616,RANGE,RANGE_UPDATED,,"{'hi': 0.58534, 'lo': 0.58392, 'structure_id': 0, 'struct_direction': 1, 'structure_path_id': 'H1.main >> M15.confluence', 'use_case': 'reversal', 'parent_sid': 0, 'parent_cycle_id': 0, 'timeframe': 'M15', 'parent_tf': 'H1', 'sub_id': 2, 'started_by': 'reversal'}"
2617,STATE,STATE_CHANGED,,"{'from': 'pullback', 'to': 'pullback_range', 'structure_id': 0, 'struct_direction': 1, 'reason': 'replay_no_expand_pullback_side', 'effective_idx': 2617, 'structure_path_id': 'H1.main >> M15.confluence', 'use_case': 'reversal', 'parent_sid': 0, 'parent_cycle_id': 0, 'timeframe': 'M15', 'parent_tf': 'H1', 'sub_id': 2, 'started_by': 'reversal'}"
2633,RANGE,RANGE_UPDATED,,"{'hi': 0.58534, 'lo': 0.58385, 'structure_id': 0, 'struct_direction': 1, 'structure_path_id': 'H1.main >> M15.confluence', 'use_case': 'reversal', 'parent_sid': 0, 'parent_cycle_id': 0, 'timeframe': 'M15', 'parent_tf': 'H1', 'sub_id': 2, 'started_by': 'reversal'}"
2633,STATE,STATE_CHANGED,,"{'from': 'pullback_range', 'to': 'pullback', 'structure_id': 0, 'struct_direction': 1, 'reason': 'replay_expand_pullback_side', 'effective_idx': 2633, 'structure_path_id': 'H1.main >> M15.confluence', 'use_case': 'reversal', 'parent_sid': 0, 'parent_cycle_id': 0, 'timeframe': 'M15', 'parent_tf': 'H1', 'sub_id': 2, 'started_by': 'reversal'}"
2634,STATE,STATE_CHANGED,,"{'from': 'pullback', 'to': 'pullback_range', 'structure_id': 0, 'struct_direction': 1, 'reason': 'replay_no_expand_pullback_side', 'effective_idx': 2634, 'structure_path_id': 'H1.main >> M15.confluence', 'use_case': 'reversal', 'parent_sid': 0, 'parent_cycle_id': 0, 'timeframe': 'M15', 'parent_tf': 'H1', 'sub_id': 2, 'started_by': 'reversal'}"
2650,RANGE,RANGE_UPDATED,,"{'hi': 0.58534, 'lo': 0.58383, 'structure_id': 0, 'struct_direction': 1, 'structure_path_id': 'H1.main >> M15.confluence', 'use_case': 'reversal', 'parent_sid': 0, 'parent_cycle_id': 0, 'timeframe': 'M15', 'parent_tf': 'H1', 'sub_id': 2, 'started_by': 'reversal'}"
2650,STATE,STATE_CHANGED,,"{'from': 'pullback_range', 'to': 'pullback', 'structure_id': 0, 'struct_direction': 1, 'reason': 'replay_expand_pullback_side', 'effective_idx': 2650, 'structure_path_id': 'H1.main >> M15.confluence', 'use_case': 'reversal', 'parent_sid': 0, 'parent_cycle_id': 0, 'timeframe': 'M15', 'parent_tf': 'H1', 'sub_id': 2, 'started_by': 'reversal'}"
2651,RANGE,RANGE_UPDATED,,"{'hi': 0.58534, 'lo': 0.58354, 'structure_id': 0, 'struct_direction': 1, 'structure_path_id': 'H1.main >> M15.confluence', 'use_case': 'reversal', 'parent_sid': 0, 'parent_cycle_id': 0, 'timeframe': 'M15', 'parent_tf': 'H1', 'sub_id': 2, 'started_by': 'reversal'}"
2652,STATE,STATE_CHANGED,,"{'from': 'pullback', 'to': 'pullback_range', 'structure_id': 0, 'struct_direction': 1, 'reason': 'replay_no_expand_pullback_side', 'effective_idx': 2652, 'structure_path_id': 'H1.main >> M15.confluence', 'use_case': 'reversal', 'parent_sid': 0, 'parent_cycle_id': 0, 'timeframe': 'M15', 'parent_tf': 'H1', 'sub_id': 2, 'started_by': 'reversal'}"
2653,RANGE,RANGE_UPDATED,,"{'hi': 0.58534, 'lo': 0.58352, 'structure_id': 0, 'struct_direction': 1, 'structure_path_id': 'H1.main >> M15.confluence', 'use_case': 'reversal', 'parent_sid': 0, 'parent_cycle_id': 0, 'timeframe': 'M15', 'parent_tf': 'H1', 'sub_id': 2, 'started_by': 'reversal'}"
2653,STATE,STATE_CHANGED,,"{'from': 'pullback_range', 'to': 'pullback', 'structure_id': 0, 'struct_direction': 1, 'reason': 'replay_expand_pullback_side', 'effective_idx': 2653, 'structure_path_id': 'H1.main >> M15.confluence', 'use_case': 'reversal', 'parent_sid': 0, 'parent_cycle_id': 0, 'timeframe': 'M15', 'parent_tf': 'H1', 'sub_id': 2, 'started_by': 'reversal'}"
2654,RANGE,RANGE_UPDATED,,"{'hi': 0.58534, 'lo': 0.58337, 'structure_id': 0, 'struct_direction': 1, 'structure_path_id': 'H1.main >> M15.confluence', 'use_case': 'reversal', 'parent_sid': 0, 'parent_cycle_id': 0, 'timeframe': 'M15', 'parent_tf': 'H1', 'sub_id': 2, 'started_by': 'reversal'}"
2655,STATE,STATE_CHANGED,,"{'from': 'pullback', 'to': 'pullback_range', 'structure_id': 0, 'struct_direction': 1, 'reason': 'replay_no_expand_pullback_side', 'effective_idx': 2655, 'structure_path_id': 'H1.main >> M15.confluence', 'use_case': 'reversal', 'parent_sid': 0, 'parent_cycle_id': 0, 'timeframe': 'M15', 'parent_tf': 'H1', 'sub_id': 2, 'started_by': 'reversal'}"
2658,RANGE,RANGE_UPDATED,,"{'hi': 0.58534, 'lo': 0.58334, 'structure_id': 0, 'struct_direction': 1, 'structure_path_id': 'H1.main >> M15.confluence', 'use_case': 'reversal', 'parent_sid': 0, 'parent_cycle_id': 0, 'timeframe': 'M15', 'parent_tf': 'H1', 'sub_id': 2, 'started_by': 'reversal'}"
2658,STATE,STATE_CHANGED,,"{'from': 'pullback_range', 'to': 'pullback', 'structure_id': 0, 'struct_direction': 1, 'reason': 'replay_expand_pullback_side', 'effective_idx': 2658, 'structure_path_id': 'H1.main >> M15.confluence', 'use_case': 'reversal', 'parent_sid': 0, 'parent_cycle_id': 0, 'timeframe': 'M15', 'parent_tf': 'H1', 'sub_id': 2, 'started_by': 'reversal'}"
2659,STATE,STATE_CHANGED,,"{'from': 'pullback', 'to': 'pullback_range', 'structure_id': 0, 'struct_direction': 1, 'reason': 'replay_no_expand_pullback_side', 'effective_idx': 2659, 'structure_path_id': 'H1.main >> M15.confluence', 'use_case': 'reversal', 'parent_sid': 0, 'parent_cycle_id': 0, 'timeframe': 'M15', 'parent_tf': 'H1', 'sub_id': 2, 'started_by': 'reversal'}"
2663,RANGE,RANGE_UPDATED,,"{'hi': 0.58534, 'lo': 0.58329, 'structure_id': 0, 'struct_direction': 1, 'structure_path_id': 'H1.main >> M15.confluence', 'use_case': 'reversal', 'parent_sid': 0, 'parent_cycle_id': 0, 'timeframe': 'M15', 'parent_tf': 'H1', 'sub_id': 2, 'started_by': 'reversal'}"
2663,STATE,STATE_CHANGED,,"{'from': 'pullback_range', 'to': 'pullback', 'structure_id': 0, 'struct_direction': 1, 'reason': 'replay_expand_pullback_side', 'effective_idx': 2663, 'structure_path_id': 'H1.main >> M15.confluence', 'use_case': 'reversal', 'parent_sid': 0, 'parent_cycle_id': 0, 'timeframe': 'M15', 'parent_tf': 'H1', 'sub_id': 2, 'started_by': 'reversal'}"
2664,STATE,STATE_CHANGED,,"{'from': 'pullback', 'to': 'pullback_range', 'structure_id': 0, 'struct_direction': 1, 'reason': 'replay_no_expand_pullback_side', 'effective_idx': 2664, 'structure_path_id': 'H1.main >> M15.confluence', 'use_case': 'reversal', 'parent_sid': 0, 'parent_cycle_id': 0, 'timeframe': 'M15', 'parent_tf': 'H1', 'sub_id': 2, 'started_by': 'reversal'}"
2667,RANGE,RANGE_UPDATED,,"{'hi': 0.58534, 'lo': 0.58324, 'structure_id': 0, 'struct_direction': 1, 'structure_path_id': 'H1.main >> M15.confluence', 'use_case': 'reversal', 'parent_sid': 0, 'parent_cycle_id': 0, 'timeframe': 'M15', 'parent_tf': 'H1', 'sub_id': 2, 'started_by': 'reversal'}"
2667,STATE,STATE_CHANGED,,"{'from': 'pullback_range', 'to': 'pullback', 'structure_id': 0, 'struct_direction': 1, 'reason': 'replay_expand_pullback_side', 'effective_idx': 2667, 'structure_path_id': 'H1.main >> M15.confluence', 'use_case': 'reversal', 'parent_sid': 0, 'parent_cycle_id': 0, 'timeframe': 'M15', 'parent_tf': 'H1', 'sub_id': 2, 'started_by': 'reversal'}"
2668,STATE,STATE_CHANGED,,"{'from': 'pullback', 'to': 'pullback_range', 'structure_id': 0, 'struct_direction': 1, 'reason': 'replay_no_expand_pullback_side', 'effective_idx': 2668, 'structure_path_id': 'H1.main >> M15.confluence', 'use_case': 'reversal', 'parent_sid': 0, 'parent_cycle_id': 0, 'timeframe': 'M15', 'parent_tf': 'H1', 'sub_id': 2, 'started_by': 'reversal'}"
2672,RANGE,RANGE_UPDATED,,"{'hi': 0.58534, 'lo': 0.58307, 'structure_id': 0, 'struct_direction': 1, 'structure_path_id': 'H1.main >> M15.confluence', 'use_case': 'reversal', 'parent_sid': 0, 'parent_cycle_id': 0, 'timeframe': 'M15', 'parent_tf': 'H1', 'sub_id': 2, 'started_by': 'reversal'}"
2672,STATE,STATE_CHANGED,,"{'from': 'pullback_range', 'to': 'pullback', 'structure_id': 0, 'struct_direction': 1, 'reason': 'replay_expand_pullback_side', 'effective_idx': 2672, 'structure_path_id': 'H1.main >> M15.confluence', 'use_case': 'reversal', 'parent_sid': 0, 'parent_cycle_id': 0, 'timeframe': 'M15', 'parent_tf': 'H1', 'sub_id': 2, 'started_by': 'reversal'}"
2673,STATE,STATE_CHANGED,,"{'from': 'pullback', 'to': 'pullback_range', 'structure_id': 0, 'struct_direction': 1, 'reason': 'replay_no_expand_pullback_side', 'effective_idx': 2673, 'structure_path_id': 'H1.main >> M15.confluence', 'use_case': 'reversal', 'parent_sid': 0, 'parent_cycle_id': 0, 'timeframe': 'M15', 'parent_tf': 'H1', 'sub_id': 2, 'started_by': 'reversal'}"
2716,RANGE,RANGE_UPDATED,,"{'hi': 0.58534, 'lo': 0.58298, 'structure_id': 0, 'struct_direction': 1, 'structure_path_id': 'H1.main >> M15.confluence', 'use_case': 'reversal', 'parent_sid': 0, 'parent_cycle_id': 0, 'timeframe': 'M15', 'parent_tf': 'H1', 'sub_id': 2, 'started_by': 'reversal'}"
2716,STATE,STATE_CHANGED,,"{'from': 'pullback_range', 'to': 'pullback', 'structure_id': 0, 'struct_direction': 1, 'reason': 'replay_expand_pullback_side', 'effective_idx': 2716, 'structure_path_id': 'H1.main >> M15.confluence', 'use_case': 'reversal', 'parent_sid': 0, 'parent_cycle_id': 0, 'timeframe': 'M15', 'parent_tf': 'H1', 'sub_id': 2, 'started_by': 'reversal'}"
2717,RANGE,RANGE_UPDATED,,"{'hi': 0.58534, 'lo': 0.58294, 'structure_id': 0, 'struct_direction': 1, 'structure_path_id': 'H1.main >> M15.confluence', 'use_case': 'reversal', 'parent_sid': 0, 'parent_cycle_id': 0, 'timeframe': 'M15', 'parent_tf': 'H1', 'sub_id': 2, 'started_by': 'reversal'}"
2718,STATE,STATE_CHANGED,,"{'from': 'pullback', 'to': 'pullback_range', 'structure_id': 0, 'struct_direction': 1, 'reason': 'replay_no_expand_pullback_side', 'effective_idx': 2718, 'structure_path_id': 'H1.main >> M15.confluence', 'use_case': 'reversal', 'parent_sid': 0, 'parent_cycle_id': 0, 'timeframe': 'M15', 'parent_tf': 'H1', 'sub_id': 2, 'started_by': 'reversal'}"
2722,RANGE,RANGE_UPDATED,,"{'hi': 0.58534, 'lo': 0.58288, 'structure_id': 0, 'struct_direction': 1, 'structure_path_id': 'H1.main >> M15.confluence', 'use_case': 'reversal', 'parent_sid': 0, 'parent_cycle_id': 0, 'timeframe': 'M15', 'parent_tf': 'H1', 'sub_id': 2, 'started_by': 'reversal'}"
2722,STATE,STATE_CHANGED,,"{'from': 'pullback_range', 'to': 'pullback', 'structure_id': 0, 'struct_direction': 1, 'reason': 'replay_expand_pullback_side', 'effective_idx': 2722, 'structure_path_id': 'H1.main >> M15.confluence', 'use_case': 'reversal', 'parent_sid': 0, 'parent_cycle_id': 0, 'timeframe': 'M15', 'parent_tf': 'H1', 'sub_id': 2, 'started_by': 'reversal'}"
2723,RANGE,RANGE_UPDATED,,"{'hi': 0.58534, 'lo': 0.58276, 'structure_id': 0, 'struct_direction': 1, 'structure_path_id': 'H1.main >> M15.confluence', 'use_case': 'reversal', 'parent_sid': 0, 'parent_cycle_id': 0, 'timeframe': 'M15', 'parent_tf': 'H1', 'sub_id': 2, 'started_by': 'reversal'}"
2724,RANGE,RANGE_UPDATED,,"{'hi': 0.58534, 'lo': 0.58255, 'structure_id': 0, 'struct_direction': 1, 'structure_path_id': 'H1.main >> M15.confluence', 'use_case': 'reversal', 'parent_sid': 0, 'parent_cycle_id': 0, 'timeframe': 'M15', 'parent_tf': 'H1', 'sub_id': 2, 'started_by': 'reversal'}"
2725,RANGE,RANGE_UPDATED,,"{'hi': 0.58534, 'lo': 0.58242, 'structure_id': 0, 'struct_direction': 1, 'structure_path_id': 'H1.main >> M15.confluence', 'use_case': 'reversal', 'parent_sid': 0, 'parent_cycle_id': 0, 'timeframe': 'M15', 'parent_tf': 'H1', 'sub_id': 2, 'started_by': 'reversal'}"
2726,RANGE,RANGE_UPDATED,,"{'hi': 0.58534, 'lo': 0.58223, 'structure_id': 0, 'struct_direction': 1, 'structure_path_id': 'H1.main >> M15.confluence', 'use_case': 'reversal', 'parent_sid': 0, 'parent_cycle_id': 0, 'timeframe': 'M15', 'parent_tf': 'H1', 'sub_id': 2, 'started_by': 'reversal'}"
2727,RANGE,RANGE_UPDATED,,"{'hi': 0.58534, 'lo': 0.5822, 'structure_id': 0, 'struct_direction': 1, 'structure_path_id': 'H1.main >> M15.confluence', 'use_case': 'reversal', 'parent_sid': 0, 'parent_cycle_id': 0, 'timeframe': 'M15', 'parent_tf': 'H1', 'sub_id': 2, 'started_by': 'reversal'}"
2728,RANGE,RANGE_UPDATED,,"{'hi': 0.58534, 'lo': 0.58216, 'structure_id': 0, 'struct_direction': 1, 'structure_path_id': 'H1.main >> M15.confluence', 'use_case': 'reversal', 'parent_sid': 0, 'parent_cycle_id': 0, 'timeframe': 'M15', 'parent_tf': 'H1', 'sub_id': 2, 'started_by': 'reversal'}"
2729,STATE,STATE_CHANGED,,"{'from': 'pullback', 'to': 'pullback_range', 'structure_id': 0, 'struct_direction': 1, 'reason': 'replay_no_expand_pullback_side', 'effective_idx': 2729, 'structure_path_id': 'H1.main >> M15.confluence', 'use_case': 'reversal', 'parent_sid': 0, 'parent_cycle_id': 0, 'timeframe': 'M15', 'parent_tf': 'H1', 'sub_id': 2, 'started_by': 'reversal'}"
2730,RANGE,RANGE_UPDATED,,"{'hi': 0.58534, 'lo': 0.58211, 'structure_id': 0, 'struct_direction': 1, 'structure_path_id': 'H1.main >> M15.confluence', 'use_case': 'reversal', 'parent_sid': 0, 'parent_cycle_id': 0, 'timeframe': 'M15', 'parent_tf': 'H1', 'sub_id': 2, 'started_by': 'reversal'}"
2730,STATE,STATE_CHANGED,,"{'from': 'pullback_range', 'to': 'pullback', 'structure_id': 0, 'struct_direction': 1, 'reason': 'replay_expand_pullback_side', 'effective_idx': 2730, 'structure_path_id': 'H1.main >> M15.confluence', 'use_case': 'reversal', 'parent_sid': 0, 'parent_cycle_id': 0, 'timeframe': 'M15', 'parent_tf': 'H1', 'sub_id': 2, 'started_by': 'reversal'}"
2731,STATE,STATE_CHANGED,,"{'from': 'pullback', 'to': 'pullback_range', 'structure_id': 0, 'struct_direction': 1, 'reason': 'replay_no_expand_pullback_side', 'effective_idx': 2731, 'structure_path_id': 'H1.main >> M15.confluence', 'use_case': 'reversal', 'parent_sid': 0, 'parent_cycle_id': 0, 'timeframe': 'M15', 'parent_tf': 'H1', 'sub_id': 2, 'started_by': 'reversal'}"
2732,RANGE,RANGE_UPDATED,,"{'hi': 0.58534, 'lo': 0.58207, 'structure_id': 0, 'struct_direction': 1, 'structure_path_id': 'H1.main >> M15.confluence', 'use_case': 'reversal', 'parent_sid': 0, 'parent_cycle_id': 0, 'timeframe': 'M15', 'parent_tf': 'H1', 'sub_id': 2, 'started_by': 'reversal'}"
2732,STATE,STATE_CHANGED,,"{'from': 'pullback_range', 'to': 'pullback', 'structure_id': 0, 'struct_direction': 1, 'reason': 'replay_expand_pullback_side', 'effective_idx': 2732, 'structure_path_id': 'H1.main >> M15.confluence', 'use_case': 'reversal', 'parent_sid': 0, 'parent_cycle_id': 0, 'timeframe': 'M15', 'parent_tf': 'H1', 'sub_id': 2, 'started_by': 'reversal'}"
2733,RANGE,RANGE_UPDATED,,"{'hi': 0.58534, 'lo': 0.58193, 'structure_id': 0, 'struct_direction': 1, 'structure_path_id': 'H1.main >> M15.confluence', 'use_case': 'reversal', 'parent_sid': 0, 'parent_cycle_id': 0, 'timeframe': 'M15', 'parent_tf': 'H1', 'sub_id': 2, 'started_by': 'reversal'}"
2733,STRUCTURE,BOS_THRESHOLD_UPDATED,0.58193,"{'prev': 0.58198, 'reason': 'probe_no_break', 'cycle_id': 1, 'structure_id': 0, 'struct_direction': 1, 'structure_path_id': 'H1.main >> M15.confluence', 'use_case': 'reversal', 'parent_sid': 0, 'parent_cycle_id': 0, 'timeframe': 'M15', 'parent_tf': 'H1', 'sub_id': 2, 'started_by': 'reversal'}"
2734,RANGE,RANGE_UPDATED,,"{'hi': 0.58534, 'lo': 0.5819, 'structure_id': 0, 'struct_direction': 1, 'structure_path_id': 'H1.main >> M15.confluence', 'use_case': 'reversal', 'parent_sid': 0, 'parent_cycle_id': 0, 'timeframe': 'M15', 'parent_tf': 'H1', 'sub_id': 2, 'started_by': 'reversal'}"
2734,STRUCTURE,BOS_THRESHOLD_UPDATED,0.5819,"{'prev': 0.58193, 'reason': 'probe_no_break', 'cycle_id': 1, 'structure_id': 0, 'struct_direction': 1, 'structure_path_id': 'H1.main >> M15.confluence', 'use_case': 'reversal', 'parent_sid': 0, 'parent_cycle_id': 0, 'timeframe': 'M15', 'parent_tf': 'H1', 'sub_id': 2, 'started_by': 'reversal'}"
2735,STATE,STATE_CHANGED,,"{'from': 'pullback', 'to': 'pullback_range', 'structure_id': 0, 'struct_direction': 1, 'reason': 'replay_no_expand_pullback_side', 'effective_idx': 2735, 'structure_path_id': 'H1.main >> M15.confluence', 'use_case': 'reversal', 'parent_sid': 0, 'parent_cycle_id': 0, 'timeframe': 'M15', 'parent_tf': 'H1', 'sub_id': 2, 'started_by': 'reversal'}"
2736,RANGE,RANGE_UPDATED,,"{'hi': 0.58534, 'lo': 0.5818, 'structure_id': 0, 'struct_direction': 1, 'structure_path_id': 'H1.main >> M15.confluence', 'use_case': 'reversal', 'parent_sid': 0, 'parent_cycle_id': 0, 'timeframe': 'M15', 'parent_tf': 'H1', 'sub_id': 2, 'started_by': 'reversal'}"
2736,STATE,STATE_CHANGED,,"{'from': 'pullback_range', 'to': 'pullback', 'structure_id': 0, 'struct_direction': 1, 'reason': 'replay_expand_pullback_side', 'effective_idx': 2736, 'structure_path_id': 'H1.main >> M15.confluence', 'use_case': 'reversal', 'parent_sid': 0, 'parent_cycle_id': 0, 'timeframe': 'M15', 'parent_tf': 'H1', 'sub_id': 2, 'started_by': 'reversal'}"
2736,STRUCTURE,BOS_THRESHOLD_UPDATED,0.5818,"{'prev': 0.5819, 'reason': 'probe_no_break', 'cycle_id': 1, 'structure_id': 0, 'struct_direction': 1, 'structure_path_id': 'H1.main >> M15.confluence', 'use_case': 'reversal', 'parent_sid': 0, 'parent_cycle_id': 0, 'timeframe': 'M15', 'parent_tf': 'H1', 'sub_id': 2, 'started_by': 'reversal'}"
2737,STATE,STATE_CHANGED,,"{'from': 'pullback', 'to': 'pullback_range', 'structure_id': 0, 'struct_direction': 1, 'reason': 'replay_no_expand_pullback_side', 'effective_idx': 2737, 'structure_path_id': 'H1.main >> M15.confluence', 'use_case': 'reversal', 'parent_sid': 0, 'parent_cycle_id': 0, 'timeframe': 'M15', 'parent_tf': 'H1', 'sub_id': 2, 'started_by': 'reversal'}"
2816,RANGE,RANGE_UPDATED,,"{'hi': 0.58534, 'lo': 0.58178, 'structure_id': 0, 'struct_direction': 1, 'structure_path_id': 'H1.main >> M15.confluence', 'use_case': 'reversal', 'parent_sid': 0, 'parent_cycle_id': 0, 'timeframe': 'M15', 'parent_tf': 'H1', 'sub_id': 2, 'started_by': 'reversal'}"
2816,STATE,STATE_CHANGED,,"{'from': 'pullback_range', 'to': 'pullback', 'structure_id': 0, 'struct_direction': 1, 'reason': 'replay_expand_pullback_side', 'effective_idx': 2816, 'structure_path_id': 'H1.main >> M15.confluence', 'use_case': 'reversal', 'parent_sid': 0, 'parent_cycle_id': 0, 'timeframe': 'M15', 'parent_tf': 'H1', 'sub_id': 2, 'started_by': 'reversal'}"
2816,STRUCTURE,REVERSAL_WATCH_START,0.5818,"{'pattern_anchor_idx': 2816, 'bos_frozen': 0.5818, 'expires_idx': 2821, 'structure_id': 0, 'struct_direction': 1, 'structure_path_id': 'H1.main >> M15.confluence', 'use_case': 'reversal', 'parent_sid': 0, 'parent_cycle_id': 0, 'timeframe': 'M15', 'parent_tf': 'H1', 'sub_id': 2, 'started_by': 'reversal'}"
2816,STRUCTURE,BOS_THRESHOLD_UPDATED,0.58178,"{'prev': 0.5818, 'reason': 'rv_anchor_failed', 'cycle_id': 1, 'structure_id': 0, 'struct_direction': 1, 'structure_path_id': 'H1.main >> M15.confluence', 'use_case': 'reversal', 'parent_sid': 0, 'parent_cycle_id': 0, 'timeframe': 'M15', 'parent_tf': 'H1', 'sub_id': 2, 'started_by': 'reversal'}"
2817,RANGE,RANGE_UPDATED,,"{'hi': 0.58534, 'lo': 0.58166, 'structure_id': 0, 'struct_direction': 1, 'structure_path_id': 'H1.main >> M15.confluence', 'use_case': 'reversal', 'parent_sid': 0, 'parent_cycle_id': 0, 'timeframe': 'M15', 'parent_tf': 'H1', 'sub_id': 2, 'started_by': 'reversal'}"
2817,STRUCTURE,BOS_THRESHOLD_UPDATED,0.58166,"{'prev': 0.58178, 'reason': 'probe_no_break', 'cycle_id': 1, 'structure_id': 0, 'struct_direction': 1, 'structure_path_id': 'H1.main >> M15.confluence', 'use_case': 'reversal', 'parent_sid': 0, 'parent_cycle_id': 0, 'timeframe': 'M15', 'parent_tf': 'H1', 'sub_id': 2, 'started_by': 'reversal'}"
2818,STATE,STATE_CHANGED,,"{'from': 'pullback', 'to': 'pullback_range', 'structure_id': 0, 'struct_direction': 1, 'reason': 'replay_no_expand_pullback_side', 'effective_idx': 2818, 'structure_path_id': 'H1.main >> M15.confluence', 'use_case': 'reversal', 'parent_sid': 0, 'parent_cycle_id': 0, 'timeframe': 'M15', 'parent_tf': 'H1', 'sub_id': 2, 'started_by': 'reversal'}"
2820,RANGE,RANGE_UPDATED,,"{'hi': 0.58534, 'lo': 0.58156, 'structure_id': 0, 'struct_direction': 1, 'structure_path_id': 'H1.main >> M15.confluence', 'use_case': 'reversal', 'parent_sid': 0, 'parent_cycle_id': 0, 'timeframe': 'M15', 'parent_tf': 'H1', 'sub_id': 2, 'started_by': 'reversal'}"
2820,STATE,STATE_CHANGED,,"{'from': 'pullback_range', 'to': 'pullback', 'structure_id': 0, 'struct_direction': 1, 'reason': 'replay_expand_pullback_side', 'effective_idx': 2820, 'structure_path_id': 'H1.main >> M15.confluence', 'use_case': 'reversal', 'parent_sid': 0, 'parent_cycle_id': 0, 'timeframe': 'M15', 'parent_tf': 'H1', 'sub_id': 2, 'started_by': 'reversal'}"
2820,STRUCTURE,BOS_THRESHOLD_UPDATED,0.58156,"{'prev': 0.58166, 'reason': 'probe_no_break', 'cycle_id': 1, 'structure_id': 0, 'struct_direction': 1, 'structure_path_id': 'H1.main >> M15.confluence', 'use_case': 'reversal', 'parent_sid': 0, 'parent_cycle_id': 0, 'timeframe': 'M15', 'parent_tf': 'H1', 'sub_id': 2, 'started_by': 'reversal'}"
2821,STATE,STATE_CHANGED,,"{'from': 'pullback', 'to': 'pullback_range', 'structure_id': 0, 'struct_direction': 1, 'reason': 'replay_no_expand_pullback_side', 'effective_idx': 2821, 'structure_path_id': 'H1.main >> M15.confluence', 'use_case': 'reversal', 'parent_sid': 0, 'parent_cycle_id': 0, 'timeframe': 'M15', 'parent_tf': 'H1', 'sub_id': 2, 'started_by': 'reversal'}"
2824,STRUCTURE,REVERSAL_WATCH_START,0.58156,"{'pattern_anchor_idx': 2824, 'bos_frozen': 0.58156, 'expires_idx': 2829, 'structure_id': 0, 'struct_direction': 1, 'structure_path_id': 'H1.main >> M15.confluence', 'use_case': 'reversal', 'parent_sid': 0, 'parent_cycle_id': 0, 'timeframe': 'M15', 'parent_tf': 'H1', 'sub_id': 2, 'started_by': 'reversal'}"
2824,STRUCTURE,REVERSAL_CANDIDATE,0.58156,"{'pattern_anchor_idx': 2824, 'apply_idx': 2829, 'pattern': '?', 'bos_frozen': 0.58156, 'expires_idx': 2829, 'structure_id': 0, 'struct_direction': 1, 'structure_path_id': 'H1.main >> M15.confluence', 'use_case': 'reversal', 'parent_sid': 0, 'parent_cycle_id': 0, 'timeframe': 'M15', 'parent_tf': 'H1', 'sub_id': 2, 'started_by': 'reversal'}"
2829,STATE,STATE_CHANGED,,"{'from': 'pullback_range', 'to': 'reversal', 'structure_id': 0, 'struct_direction': 1, 'reason': 'reversal_pattern', 'pat': 'one_maru_opposite', 'bos_frozen': 0.58156, 'effective_idx': 2829, 'structure_path_id': 'H1.main >> M15.confluence', 'use_case': 'reversal', 'parent_sid': 0, 'parent_cycle_id': 0, 'timeframe': 'M15', 'parent_tf': 'H1', 'sub_id': 2, 'started_by': 'reversal'}"
2829,RANGE,RANGE_UPDATED,,"{'hi': 0.58534, 'lo': 0.58048, 'structure_id': 0, 'struct_direction': 1, 'structure_path_id': 'H1.main >> M15.confluence', 'use_case': 'reversal', 'parent_sid': 0, 'parent_cycle_id': 0, 'timeframe': 'M15', 'parent_tf': 'H1', 'sub_id': 2, 'started_by': 'reversal'}"
2649,STRUCTURE,CTS_ESTABLISHED,0.58414,"{'via': 'continuous', 'pattern_anchor_idx': 2645, 'pattern_name': 'continuous', 'confirmed_at': 2649, 'cycle_id': 0, 'structure_id': 0, 'struct_direction': -1, 'cts_anchor_idx': 2649, 'structure_path_id': 'H1.main >> M15.confluence', 'use_case': 'reversal', 'parent_sid': 0, 'parent_cycle_id': 1, 'timeframe': 'M15', 'parent_tf': 'H1', 'sub_id': 3, 'started_by': 'reversal'}"
2649,STRUCTURE,BOS_CONFIRMED,0.58478,"{'source': 'initial_prior_extreme', 'confirmed_at': 2649, 'last_pullback_apply_idx': None, 'cycle_id': 0, 'structure_id': 0, 'struct_direction': -1, 'bos_anchor_idx': 2639, 'structure_path_id': 'H1.main >> M15.confluence', 'use_case': 'reversal', 'parent_sid': 0, 'parent_cycle_id': 1, 'timeframe': 'M15', 'parent_tf': 'H1', 'sub_id': 3, 'started_by': 'reversal'}"
2649,STATE,STATE_CHANGED,,"{'from': 'none', 'to': 'breakout', 'structure_id': 0, 'struct_direction': -1, 'reason': 'breakout_pattern', 'pat': 'continuous', 'effective_idx': 2649, 'structure_path_id': 'H1.main >> M15.confluence', 'use_case': 'reversal', 'parent_sid': 0, 'parent_cycle_id': 1, 'timeframe': 'M15', 'parent_tf': 'H1', 'sub_id': 3, 'started_by': 'reversal'}"
2650,STRUCTURE,CTS_UPDATED,0.58383,"{'via': 'replay_raw', 'cycle_id': 0, 'structure_id': 0, 'struct_direction': -1, 'structure_path_id': 'H1.main >> M15.confluence', 'use_case': 'reversal', 'parent_sid': 0, 'parent_cycle_id': 1, 'timeframe': 'M15', 'parent_tf': 'H1', 'sub_id': 3, 'started_by': 'reversal'}"
2651,STRUCTURE,CTS_UPDATED,0.58354,"{'via': 'replay_raw', 'cycle_id': 0, 'structure_id': 0, 'struct_direction': -1, 'structure_path_id': 'H1.main >> M15.confluence', 'use_case': 'reversal', 'parent_sid': 0, 'parent_cycle_id': 1, 'timeframe': 'M15', 'parent_tf': 'H1', 'sub_id': 3, 'started_by': 'reversal'}"
2653,STRUCTURE,CTS_UPDATED,0.58352,"{'via': 'replay_raw', 'cycle_id': 0, 'structure_id': 0, 'struct_direction': -1, 'structure_path_id': 'H1.main >> M15.confluence', 'use_case': 'reversal', 'parent_sid': 0, 'parent_cycle_id': 1, 'timeframe': 'M15', 'parent_tf': 'H1', 'sub_id': 3, 'started_by': 'reversal'}"
2654,RANGE,RANGE_STARTED,,"{'start_idx': 2652, 'confirm_idx': 2654, 'hi': 0.58382, 'lo': 0.58352, 'cts_anchor_idx': 2653, 'cts_price': 0.58352, 'structure_id': 0, 'struct_direction': -1, 'structure_path_id': 'H1.main >> M15.confluence', 'use_case': 'reversal', 'parent_sid': 0, 'parent_cycle_id': 1, 'timeframe': 'M15', 'parent_tf': 'H1', 'sub_id': 3, 'started_by': 'reversal'}"
2654,STATE,STATE_CHANGED,,"{'from': 'breakout', 'to': 'range', 'structure_id': 0, 'struct_direction': -1, 'reason': 'range_confirmed', 'effective_idx': 2652, 'structure_path_id': 'H1.main >> M15.confluence', 'use_case': 'reversal', 'parent_sid': 0, 'parent_cycle_id': 1, 'timeframe': 'M15', 'parent_tf': 'H1', 'sub_id': 3, 'started_by': 'reversal'}"
2653,RANGE,RANGE_UPDATED,,"{'hi': 0.58385, 'lo': 0.58352, 'structure_id': 0, 'struct_direction': -1, 'structure_path_id': 'H1.main >> M15.confluence', 'use_case': 'reversal', 'parent_sid': 0, 'parent_cycle_id': 1, 'timeframe': 'M15', 'parent_tf': 'H1', 'sub_id': 3, 'started_by': 'reversal'}"
2654,RANGE,RANGE_UPDATED,,"{'hi': 0.5839, 'lo': 0.58337, 'structure_id': 0, 'struct_direction': -1, 'structure_path_id': 'H1.main >> M15.confluence', 'use_case': 'reversal', 'parent_sid': 0, 'parent_cycle_id': 1, 'timeframe': 'M15', 'parent_tf': 'H1', 'sub_id': 3, 'started_by': 'reversal'}"
2654,STRUCTURE,CTS_UPDATED,0.58337,"{'via': 'replay_raw', 'cycle_id': 0, 'structure_id': 0, 'struct_direction': -1, 'structure_path_id': 'H1.main >> M15.confluence', 'use_case': 'reversal', 'parent_sid': 0, 'parent_cycle_id': 1, 'timeframe': 'M15', 'parent_tf': 'H1', 'sub_id': 3, 'started_by': 'reversal'}"
2658,RANGE,RANGE_UPDATED,,"{'hi': 0.58398, 'lo': 0.58334, 'structure_id': 0, 'struct_direction': -1, 'structure_path_id': 'H1.main >> M15.confluence', 'use_case': 'reversal', 'parent_sid': 0, 'parent_cycle_id': 1, 'timeframe': 'M15', 'parent_tf': 'H1', 'sub_id': 3, 'started_by': 'reversal'}"
2658,STRUCTURE,CTS_UPDATED,0.58334,"{'via': 'replay_raw', 'cycle_id': 0, 'structure_id': 0, 'struct_direction': -1, 'structure_path_id': 'H1.main >> M15.confluence', 'use_case': 'reversal', 'parent_sid': 0, 'parent_cycle_id': 1, 'timeframe': 'M15', 'parent_tf': 'H1', 'sub_id': 3, 'started_by': 'reversal'}"
2660,RANGE,RANGE_UPDATED,,"{'hi': 0.58414, 'lo': 0.58334, 'structure_id': 0, 'struct_direction': -1, 'structure_path_id': 'H1.main >> M15.confluence', 'use_case': 'reversal', 'parent_sid': 0, 'parent_cycle_id': 1, 'timeframe': 'M15', 'parent_tf': 'H1', 'sub_id': 3, 'started_by': 'reversal'}"
2661,RANGE,RANGE_UPDATED,,"{'hi': 0.58426, 'lo': 0.58334, 'structure_id': 0, 'struct_direction': -1, 'structure_path_id': 'H1.main >> M15.confluence', 'use_case': 'reversal', 'parent_sid': 0, 'parent_cycle_id': 1, 'timeframe': 'M15', 'parent_tf': 'H1', 'sub_id': 3, 'started_by': 'reversal'}"
2663,RANGE,RANGE_UPDATED,,"{'hi': 0.58426, 'lo': 0.58329, 'structure_id': 0, 'struct_direction': -1, 'structure_path_id': 'H1.main >> M15.confluence', 'use_case': 'reversal', 'parent_sid': 0, 'parent_cycle_id': 1, 'timeframe': 'M15', 'parent_tf': 'H1', 'sub_id': 3, 'started_by': 'reversal'}"
2663,STRUCTURE,CTS_UPDATED,0.58329,"{'via': 'replay_raw', 'cycle_id': 0, 'structure_id': 0, 'struct_direction': -1, 'structure_path_id': 'H1.main >> M15.confluence', 'use_case': 'reversal', 'parent_sid': 0, 'parent_cycle_id': 1, 'timeframe': 'M15', 'parent_tf': 'H1', 'sub_id': 3, 'started_by': 'reversal'}"
2667,RANGE,RANGE_UPDATED,,"{'hi': 0.58426, 'lo': 0.58324, 'structure_id': 0, 'struct_direction': -1, 'structure_path_id': 'H1.main >> M15.confluence', 'use_case': 'reversal', 'parent_sid': 0, 'parent_cycle_id': 1, 'timeframe': 'M15', 'parent_tf': 'H1', 'sub_id': 3, 'started_by': 'reversal'}"
2667,STRUCTURE,CTS_UPDATED,0.58324,"{'via': 'replay_raw', 'cycle_id': 0, 'structure_id': 0, 'struct_direction': -1, 'structure_path_id': 'H1.main >> M15.confluence', 'use_case': 'reversal', 'parent_sid': 0, 'parent_cycle_id': 1, 'timeframe': 'M15', 'parent_tf': 'H1', 'sub_id': 3, 'started_by': 'reversal'}"
2672,RANGE,RANGE_UPDATED,,"{'hi': 0.58426, 'lo': 0.58307, 'structure_id': 0, 'struct_direction': -1, 'structure_path_id': 'H1.main >> M15.confluence', 'use_case': 'reversal', 'parent_sid': 0, 'parent_cycle_id': 1, 'timeframe': 'M15', 'parent_tf': 'H1', 'sub_id': 3, 'started_by': 'reversal'}"
2672,STRUCTURE,CTS_UPDATED,0.58307,"{'via': 'replay_raw', 'cycle_id': 0, 'structure_id': 0, 'struct_direction': -1, 'structure_path_id': 'H1.main >> M15.confluence', 'use_case': 'reversal', 'parent_sid': 0, 'parent_cycle_id': 1, 'timeframe': 'M15', 'parent_tf': 'H1', 'sub_id': 3, 'started_by': 'reversal'}"
2716,RANGE,RANGE_UPDATED,,"{'hi': 0.58426, 'lo': 0.58298, 'structure_id': 0, 'struct_direction': -1, 'structure_path_id': 'H1.main >> M15.confluence', 'use_case': 'reversal', 'parent_sid': 0, 'parent_cycle_id': 1, 'timeframe': 'M15', 'parent_tf': 'H1', 'sub_id': 3, 'started_by': 'reversal'}"
2716,STRUCTURE,CTS_UPDATED,0.58298,"{'via': 'replay_raw', 'cycle_id': 0, 'structure_id': 0, 'struct_direction': -1, 'structure_path_id': 'H1.main >> M15.confluence', 'use_case': 'reversal', 'parent_sid': 0, 'parent_cycle_id': 1, 'timeframe': 'M15', 'parent_tf': 'H1', 'sub_id': 3, 'started_by': 'reversal'}"
2717,RANGE,RANGE_UPDATED,,"{'hi': 0.58426, 'lo': 0.58294, 'structure_id': 0, 'struct_direction': -1, 'structure_path_id': 'H1.main >> M15.confluence', 'use_case': 'reversal', 'parent_sid': 0, 'parent_cycle_id': 1, 'timeframe': 'M15', 'parent_tf': 'H1', 'sub_id': 3, 'started_by': 'reversal'}"
2717,STRUCTURE,CTS_UPDATED,0.58294,"{'via': 'replay_raw', 'cycle_id': 0, 'structure_id': 0, 'struct_direction': -1, 'structure_path_id': 'H1.main >> M15.confluence', 'use_case': 'reversal', 'parent_sid': 0, 'parent_cycle_id': 1, 'timeframe': 'M15', 'parent_tf': 'H1', 'sub_id': 3, 'started_by': 'reversal'}"
2722,RANGE,RANGE_UPDATED,,"{'hi': 0.58426, 'lo': 0.58288, 'structure_id': 0, 'struct_direction': -1, 'structure_path_id': 'H1.main >> M15.confluence', 'use_case': 'reversal', 'parent_sid': 0, 'parent_cycle_id': 1, 'timeframe': 'M15', 'parent_tf': 'H1', 'sub_id': 3, 'started_by': 'reversal'}"
2722,STRUCTURE,CTS_UPDATED,0.58288,"{'via': 'replay_raw', 'cycle_id': 0, 'structure_id': 0, 'struct_direction': -1, 'structure_path_id': 'H1.main >> M15.confluence', 'use_case': 'reversal', 'parent_sid': 0, 'parent_cycle_id': 1, 'timeframe': 'M15', 'parent_tf': 'H1', 'sub_id': 3, 'started_by': 'reversal'}"
2723,RANGE,RANGE_UPDATED,,"{'hi': 0.58426, 'lo': 0.58276, 'structure_id': 0, 'struct_direction': -1, 'structure_path_id': 'H1.main >> M15.confluence', 'use_case': 'reversal', 'parent_sid': 0, 'parent_cycle_id': 1, 'timeframe': 'M15', 'parent_tf': 'H1', 'sub_id': 3, 'started_by': 'reversal'}"
2723,STRUCTURE,CTS_UPDATED,0.58276,"{'via': 'replay_raw', 'cycle_id': 0, 'structure_id': 0, 'struct_direction': -1, 'structure_path_id': 'H1.main >> M15.confluence', 'use_case': 'reversal', 'parent_sid': 0, 'parent_cycle_id': 1, 'timeframe': 'M15', 'parent_tf': 'H1', 'sub_id': 3, 'started_by': 'reversal'}"
2724,STRUCTURE,CTS_UPDATED,0.58255,"{'via': 'replay_raw', 'cycle_id': 0, 'structure_id': 0, 'struct_direction': -1, 'structure_path_id': 'H1.main >> M15.confluence', 'use_case': 'reversal', 'parent_sid': 0, 'parent_cycle_id': 1, 'timeframe': 'M15', 'parent_tf': 'H1', 'sub_id': 3, 'started_by': 'reversal'}"
2725,STRUCTURE,CTS_UPDATED,0.58242,"{'via': 'replay_raw', 'cycle_id': 0, 'structure_id': 0, 'struct_direction': -1, 'structure_path_id': 'H1.main >> M15.confluence', 'use_case': 'reversal', 'parent_sid': 0, 'parent_cycle_id': 1, 'timeframe': 'M15', 'parent_tf': 'H1', 'sub_id': 3, 'started_by': 'reversal'}"
2726,RANGE,RANGE_RESET,,"{'reason': 'range_breakout', 'pat': 'continuous', 'structure_id': 0, 'struct_direction': -1, 'structure_path_id': 'H1.main >> M15.confluence', 'use_case': 'reversal', 'parent_sid': 0, 'parent_cycle_id': 1, 'timeframe': 'M15', 'parent_tf': 'H1', 'sub_id': 3, 'started_by': 'reversal'}"
2726,STRUCTURE,CTS_UPDATED,0.58223,"{'via': 'continuous', 'confirmed_at': 2726, 'cts_anchor_idx': 2726, 'cycle_id': 0, 'structure_id': 0, 'struct_direction': -1, 'structure_path_id': 'H1.main >> M15.confluence', 'use_case': 'reversal', 'parent_sid': 0, 'parent_cycle_id': 1, 'timeframe': 'M15', 'parent_tf': 'H1', 'sub_id': 3, 'started_by': 'reversal'}"
2726,STATE,STATE_CHANGED,,"{'from': 'range', 'to': 'breakout', 'structure_id': 0, 'struct_direction': -1, 'reason': 'breakout_pattern', 'pat': 'continuous', 'effective_idx': 2726, 'structure_path_id': 'H1.main >> M15.confluence', 'use_case': 'reversal', 'parent_sid': 0, 'parent_cycle_id': 1, 'timeframe': 'M15', 'parent_tf': 'H1', 'sub_id': 3, 'started_by': 'reversal'}"
2727,STRUCTURE,CTS_UPDATED,0.5822,"{'via': 'replay_raw', 'cycle_id': 0, 'structure_id': 0, 'struct_direction': -1, 'structure_path_id': 'H1.main >> M15.confluence', 'use_case': 'reversal', 'parent_sid': 0, 'parent_cycle_id': 1, 'timeframe': 'M15', 'parent_tf': 'H1', 'sub_id': 3, 'started_by': 'reversal'}"
2728,STRUCTURE,CTS_UPDATED,0.58216,"{'via': 'replay_raw', 'cycle_id': 0, 'structure_id': 0, 'struct_direction': -1, 'structure_path_id': 'H1.main >> M15.confluence', 'use_case': 'reversal', 'parent_sid': 0, 'parent_cycle_id': 1, 'timeframe': 'M15', 'parent_tf': 'H1', 'sub_id': 3, 'started_by': 'reversal'}"
2729,RANGE,RANGE_STARTED,,"{'start_idx': 2727, 'confirm_idx': 2729, 'hi': 0.5827, 'lo': 0.58216, 'cts_anchor_idx': 2728, 'cts_price': 0.58216, 'structure_id': 0, 'struct_direction': -1, 'structure_path_id': 'H1.main >> M15.confluence', 'use_case': 'reversal', 'parent_sid': 0, 'parent_cycle_id': 1, 'timeframe': 'M15', 'parent_tf': 'H1', 'sub_id': 3, 'started_by': 'reversal'}"
2729,STATE,STATE_CHANGED,,"{'from': 'breakout', 'to': 'range', 'structure_id': 0, 'struct_direction': -1, 'reason': 'range_confirmed', 'effective_idx': 2727, 'structure_path_id': 'H1.main >> M15.confluence', 'use_case': 'reversal', 'parent_sid': 0, 'parent_cycle_id': 1, 'timeframe': 'M15', 'parent_tf': 'H1', 'sub_id': 3, 'started_by': 'reversal'}"
2730,RANGE,RANGE_UPDATED,,"{'hi': 0.5827, 'lo': 0.58211, 'structure_id': 0, 'struct_direction': -1, 'structure_path_id': 'H1.main >> M15.confluence', 'use_case': 'reversal', 'parent_sid': 0, 'parent_cycle_id': 1, 'timeframe': 'M15', 'parent_tf': 'H1', 'sub_id': 3, 'started_by': 'reversal'}"
2730,STRUCTURE,CTS_UPDATED,0.58211,"{'via': 'replay_raw', 'cycle_id': 0, 'structure_id': 0, 'struct_direction': -1, 'structure_path_id': 'H1.main >> M15.confluence', 'use_case': 'reversal', 'parent_sid': 0, 'parent_cycle_id': 1, 'timeframe': 'M15', 'parent_tf': 'H1', 'sub_id': 3, 'started_by': 'reversal'}"
2732,RANGE,RANGE_UPDATED,,"{'hi': 0.5827, 'lo': 0.58207, 'structure_id': 0, 'struct_direction': -1, 'structure_path_id': 'H1.main >> M15.confluence', 'use_case': 'reversal', 'parent_sid': 0, 'parent_cycle_id': 1, 'timeframe': 'M15', 'parent_tf': 'H1', 'sub_id': 3, 'started_by': 'reversal'}"
2732,STRUCTURE,CTS_UPDATED,0.58207,"{'via': 'replay_raw', 'cycle_id': 0, 'structure_id': 0, 'struct_direction': -1, 'structure_path_id': 'H1.main >> M15.confluence', 'use_case': 'reversal', 'parent_sid': 0, 'parent_cycle_id': 1, 'timeframe': 'M15', 'parent_tf': 'H1', 'sub_id': 3, 'started_by': 'reversal'}"
2733,RANGE,RANGE_UPDATED,,"{'hi': 0.5827, 'lo': 0.58193, 'structure_id': 0, 'struct_direction': -1, 'structure_path_id': 'H1.main >> M15.confluence', 'use_case': 'reversal', 'parent_sid': 0, 'parent_cycle_id': 1, 'timeframe': 'M15', 'parent_tf': 'H1', 'sub_id': 3, 'started_by': 'reversal'}"
2733,STRUCTURE,CTS_UPDATED,0.58193,"{'via': 'replay_raw', 'cycle_id': 0, 'structure_id': 0, 'struct_direction': -1, 'structure_path_id': 'H1.main >> M15.confluence', 'use_case': 'reversal', 'parent_sid': 0, 'parent_cycle_id': 1, 'timeframe': 'M15', 'parent_tf': 'H1', 'sub_id': 3, 'started_by': 'reversal'}"
2734,RANGE,RANGE_UPDATED,,"{'hi': 0.5827, 'lo': 0.5819, 'structure_id': 0, 'struct_direction': -1, 'structure_path_id': 'H1.main >> M15.confluence', 'use_case': 'reversal', 'parent_sid': 0, 'parent_cycle_id': 1, 'timeframe': 'M15', 'parent_tf': 'H1', 'sub_id': 3, 'started_by': 'reversal'}"
2734,STRUCTURE,CTS_UPDATED,0.5819,"{'via': 'replay_raw', 'cycle_id': 0, 'structure_id': 0, 'struct_direction': -1, 'structure_path_id': 'H1.main >> M15.confluence', 'use_case': 'reversal', 'parent_sid': 0, 'parent_cycle_id': 1, 'timeframe': 'M15', 'parent_tf': 'H1', 'sub_id': 3, 'started_by': 'reversal'}"
2736,RANGE,RANGE_UPDATED,,"{'hi': 0.5827, 'lo': 0.5818, 'structure_id': 0, 'struct_direction': -1, 'structure_path_id': 'H1.main >> M15.confluence', 'use_case': 'reversal', 'parent_sid': 0, 'parent_cycle_id': 1, 'timeframe': 'M15', 'parent_tf': 'H1', 'sub_id': 3, 'started_by': 'reversal'}"
2736,STRUCTURE,CTS_UPDATED,0.5818,"{'via': 'replay_raw', 'cycle_id': 0, 'structure_id': 0, 'struct_direction': -1, 'structure_path_id': 'H1.main >> M15.confluence', 'use_case': 'reversal', 'parent_sid': 0, 'parent_cycle_id': 1, 'timeframe': 'M15', 'parent_tf': 'H1', 'sub_id': 3, 'started_by': 'reversal'}"
2752,RANGE,RANGE_UPDATED,,"{'reason': 'pullback_expand', 'hi': 0.58327, 'lo': 0.5818, 'pat': 'one_maru_continuous', 'structure_id': 0, 'struct_direction': -1, 'structure_path_id': 'H1.main >> M15.confluence', 'use_case': 'reversal', 'parent_sid': 0, 'parent_cycle_id': 1, 'timeframe': 'M15', 'parent_tf': 'H1', 'sub_id': 3, 'started_by': 'reversal'}"
2752,STRUCTURE,CTS_CONFIRMED,0.5818,"{'via': 'one_maru_continuous', 'cycle_id': 0, 'structure_id': 0, 'struct_direction': -1, 'confirmed_at': 2752, 'cts_anchor_idx': 2736, 'confirmation_method': 'pullback', 'structure_path_id': 'H1.main >> M15.confluence', 'use_case': 'reversal', 'parent_sid': 0, 'parent_cycle_id': 1, 'timeframe': 'M15', 'parent_tf': 'H1', 'sub_id': 3, 'started_by': 'reversal'}"
2752,STATE,STATE_CHANGED,,"{'from': 'range', 'to': 'pullback', 'structure_id': 0, 'struct_direction': -1, 'reason': 'pullback_pattern', 'pat': 'one_maru_continuous', 'effective_idx': 2752, 'structure_path_id': 'H1.main >> M15.confluence', 'use_case': 'reversal', 'parent_sid': 0, 'parent_cycle_id': 1, 'timeframe': 'M15', 'parent_tf': 'H1', 'sub_id': 3, 'started_by': 'reversal'}"
2752,RANGE,RANGE_UPDATED,,"{'hi': 0.58355, 'lo': 0.5818, 'structure_id': 0, 'struct_direction': -1, 'structure_path_id': 'H1.main >> M15.confluence', 'use_case': 'reversal', 'parent_sid': 0, 'parent_cycle_id': 1, 'timeframe': 'M15', 'parent_tf': 'H1', 'sub_id': 3, 'started_by': 'reversal'}"
2753,RANGE,RANGE_UPDATED,,"{'hi': 0.58366, 'lo': 0.5818, 'structure_id': 0, 'struct_direction': -1, 'structure_path_id': 'H1.main >> M15.confluence', 'use_case': 'reversal', 'parent_sid': 0, 'parent_cycle_id': 1, 'timeframe': 'M15', 'parent_tf': 'H1', 'sub_id': 3, 'started_by': 'reversal'}"
2754,RANGE,RANGE_UPDATED,,"{'hi': 0.5837, 'lo': 0.5818, 'structure_id': 0, 'struct_direction': -1, 'structure_path_id': 'H1.main >> M15.confluence', 'use_case': 'reversal', 'parent_sid': 0, 'parent_cycle_id': 1, 'timeframe': 'M15', 'parent_tf': 'H1', 'sub_id': 3, 'started_by': 'reversal'}"
2755,STATE,STATE_CHANGED,,"{'from': 'pullback', 'to': 'pullback_range', 'structure_id': 0, 'struct_direction': -1, 'reason': 'replay_no_expand_pullback_side', 'effective_idx': 2755, 'structure_path_id': 'H1.main >> M15.confluence', 'use_case': 'reversal', 'parent_sid': 0, 'parent_cycle_id': 1, 'timeframe': 'M15', 'parent_tf': 'H1', 'sub_id': 3, 'started_by': 'reversal'}"
2756,RANGE,RANGE_UPDATED,,"{'hi': 0.58383, 'lo': 0.5818, 'structure_id': 0, 'struct_direction': -1, 'structure_path_id': 'H1.main >> M15.confluence', 'use_case': 'reversal', 'parent_sid': 0, 'parent_cycle_id': 1, 'timeframe': 'M15', 'parent_tf': 'H1', 'sub_id': 3, 'started_by': 'reversal'}"
2756,STATE,STATE_CHANGED,,"{'from': 'pullback_range', 'to': 'pullback', 'structure_id': 0, 'struct_direction': -1, 'reason': 'replay_expand_pullback_side', 'effective_idx': 2756, 'structure_path_id': 'H1.main >> M15.confluence', 'use_case': 'reversal', 'parent_sid': 0, 'parent_cycle_id': 1, 'timeframe': 'M15', 'parent_tf': 'H1', 'sub_id': 3, 'started_by': 'reversal'}"
2757,RANGE,RANGE_UPDATED,,"{'hi': 0.58422, 'lo': 0.5818, 'structure_id': 0, 'struct_direction': -1, 'structure_path_id': 'H1.main >> M15.confluence', 'use_case': 'reversal', 'parent_sid': 0, 'parent_cycle_id': 1, 'timeframe': 'M15', 'parent_tf': 'H1', 'sub_id': 3, 'started_by': 'reversal'}"
2758,RANGE,RANGE_UPDATED,,"{'hi': 0.58424, 'lo': 0.5818, 'structure_id': 0, 'struct_direction': -1, 'structure_path_id': 'H1.main >> M15.confluence', 'use_case': 'reversal', 'parent_sid': 0, 'parent_cycle_id': 1, 'timeframe': 'M15', 'parent_tf': 'H1', 'sub_id': 3, 'started_by': 'reversal'}"
2759,STATE,STATE_CHANGED,,"{'from': 'pullback', 'to': 'pullback_range', 'structure_id': 0, 'struct_direction': -1, 'reason': 'replay_no_expand_pullback_side', 'effective_idx': 2759, 'structure_path_id': 'H1.main >> M15.confluence', 'use_case': 'reversal', 'parent_sid': 0, 'parent_cycle_id': 1, 'timeframe': 'M15', 'parent_tf': 'H1', 'sub_id': 3, 'started_by': 'reversal'}"
2816,RANGE,RANGE_UPDATED,,"{'hi': 0.58424, 'lo': 0.58178, 'structure_id': 0, 'struct_direction': -1, 'structure_path_id': 'H1.main >> M15.confluence', 'use_case': 'reversal', 'parent_sid': 0, 'parent_cycle_id': 1, 'timeframe': 'M15', 'parent_tf': 'H1', 'sub_id': 3, 'started_by': 'reversal'}"
2816,STRUCTURE,CTS_THRESHOLD_UPDATED,0.58178,"{'prev': 0.5818, 'reason': 'range_sync', 'cycle_id': 0, 'structure_id': 0, 'struct_direction': -1, 'structure_path_id': 'H1.main >> M15.confluence', 'use_case': 'reversal', 'parent_sid': 0, 'parent_cycle_id': 1, 'timeframe': 'M15', 'parent_tf': 'H1', 'sub_id': 3, 'started_by': 'reversal'}"
2817,RANGE,RANGE_UPDATED,,"{'hi': 0.58424, 'lo': 0.58166, 'structure_id': 0, 'struct_direction': -1, 'structure_path_id': 'H1.main >> M15.confluence', 'use_case': 'reversal', 'parent_sid': 0, 'parent_cycle_id': 1, 'timeframe': 'M15', 'parent_tf': 'H1', 'sub_id': 3, 'started_by': 'reversal'}"
2817,STRUCTURE,CTS_THRESHOLD_UPDATED,0.58166,"{'prev': 0.58178, 'reason': 'range_sync', 'cycle_id': 0, 'structure_id': 0, 'struct_direction': -1, 'structure_path_id': 'H1.main >> M15.confluence', 'use_case': 'reversal', 'parent_sid': 0, 'parent_cycle_id': 1, 'timeframe': 'M15', 'parent_tf': 'H1', 'sub_id': 3, 'started_by': 'reversal'}"
2820,RANGE,RANGE_UPDATED,,"{'hi': 0.58424, 'lo': 0.58156, 'structure_id': 0, 'struct_direction': -1, 'structure_path_id': 'H1.main >> M15.confluence', 'use_case': 'reversal', 'parent_sid': 0, 'parent_cycle_id': 1, 'timeframe': 'M15', 'parent_tf': 'H1', 'sub_id': 3, 'started_by': 'reversal'}"
2820,STRUCTURE,CTS_THRESHOLD_UPDATED,0.58156,"{'prev': 0.58166, 'reason': 'range_sync', 'cycle_id': 0, 'structure_id': 0, 'struct_direction': -1, 'structure_path_id': 'H1.main >> M15.confluence', 'use_case': 'reversal', 'parent_sid': 0, 'parent_cycle_id': 1, 'timeframe': 'M15', 'parent_tf': 'H1', 'sub_id': 3, 'started_by': 'reversal'}"
2829,RANGE,RANGE_RESET,,"{'reason': 'range_breakout', 'pat': 'one_maru_opposite', 'structure_id': 0, 'struct_direction': -1, 'structure_path_id': 'H1.main >> M15.confluence', 'use_case': 'reversal', 'parent_sid': 0, 'parent_cycle_id': 1, 'timeframe': 'M15', 'parent_tf': 'H1', 'sub_id': 3, 'started_by': 'reversal'}"
2829,STRUCTURE,CTS_ESTABLISHED,0.5803,"{'via': 'one_maru_opposite', 'pattern_anchor_idx': 2824, 'pattern_name': 'one_maru_opposite', 'confirmed_at': 2829, 'cycle_id': 1, 'structure_id': 0, 'struct_direction': -1, 'cts_anchor_idx': 2828, 'structure_path_id': 'H1.main >> M15.confluence', 'use_case': 'reversal', 'parent_sid': 0, 'parent_cycle_id': 1, 'timeframe': 'M15', 'parent_tf': 'H1', 'sub_id': 3, 'started_by': 'reversal'}"
2829,STRUCTURE,BOS_CONFIRMED,0.58424,"{'source': 'pullback_extreme', 'confirmed_at': 2829, 'last_pullback_apply_idx': 2752, 'cycle_id': 1, 'structure_id': 0, 'struct_direction': -1, 'bos_anchor_idx': 2758, 'structure_path_id': 'H1.main >> M15.confluence', 'use_case': 'reversal', 'parent_sid': 0, 'parent_cycle_id': 1, 'timeframe': 'M15', 'parent_tf': 'H1', 'sub_id': 3, 'started_by': 'reversal'}"
2829,STATE,STATE_CHANGED,,"{'from': 'pullback_range', 'to': 'breakout', 'structure_id': 0, 'struct_direction': -1, 'reason': 'breakout_pattern', 'pat': 'one_maru_opposite', 'effective_idx': 2829, 'structure_path_id': 'H1.main >> M15.confluence', 'use_case': 'reversal', 'parent_sid': 0, 'parent_cycle_id': 1, 'timeframe': 'M15', 'parent_tf': 'H1', 'sub_id': 3, 'started_by': 'reversal'}"
2832,RANGE,RANGE_STARTED,,"{'start_idx': 2830, 'confirm_idx': 2832, 'hi': 0.58112, 'lo': 0.5803, 'cts_anchor_idx': 2828, 'cts_price': 0.5803, 'structure_id': 0, 'struct_direction': -1, 'structure_path_id': 'H1.main >> M15.confluence', 'use_case': 'reversal', 'parent_sid': 0, 'parent_cycle_id': 1, 'timeframe': 'M15', 'parent_tf': 'H1', 'sub_id': 3, 'started_by': 'reversal'}"
2832,STATE,STATE_CHANGED,,"{'from': 'breakout', 'to': 'range', 'structure_id': 0, 'struct_direction': -1, 'reason': 'range_confirmed', 'effective_idx': 2830, 'structure_path_id': 'H1.main >> M15.confluence', 'use_case': 'reversal', 'parent_sid': 0, 'parent_cycle_id': 1, 'timeframe': 'M15', 'parent_tf': 'H1', 'sub_id': 3, 'started_by': 'reversal'}"
2836,RANGE,RANGE_UPDATED,,"{'hi': 0.58112, 'lo': 0.57996, 'structure_id': 0, 'struct_direction': -1, 'structure_path_id': 'H1.main >> M15.confluence', 'use_case': 'reversal', 'parent_sid': 0, 'parent_cycle_id': 1, 'timeframe': 'M15', 'parent_tf': 'H1', 'sub_id': 3, 'started_by': 'reversal'}"
2836,STRUCTURE,CTS_UPDATED,0.57996,"{'via': 'replay_raw', 'cycle_id': 1, 'structure_id': 0, 'struct_direction': -1, 'structure_path_id': 'H1.main >> M15.confluence', 'use_case': 'reversal', 'parent_sid': 0, 'parent_cycle_id': 1, 'timeframe': 'M15', 'parent_tf': 'H1', 'sub_id': 3, 'started_by': 'reversal'}"
2837,RANGE,RANGE_UPDATED,,"{'hi': 0.58112, 'lo': 0.5799, 'structure_id': 0, 'struct_direction': -1, 'structure_path_id': 'H1.main >> M15.confluence', 'use_case': 'reversal', 'parent_sid': 0, 'parent_cycle_id': 1, 'timeframe': 'M15', 'parent_tf': 'H1', 'sub_id': 3, 'started_by': 'reversal'}"
2837,STRUCTURE,CTS_UPDATED,0.5799,"{'via': 'replay_raw', 'cycle_id': 1, 'structure_id': 0, 'struct_direction': -1, 'structure_path_id': 'H1.main >> M15.confluence', 'use_case': 'reversal', 'parent_sid': 0, 'parent_cycle_id': 1, 'timeframe': 'M15', 'parent_tf': 'H1', 'sub_id': 3, 'started_by': 'reversal'}"
2838,RANGE,RANGE_UPDATED,,"{'hi': 0.58112, 'lo': 0.57989, 'structure_id': 0, 'struct_direction': -1, 'structure_path_id': 'H1.main >> M15.confluence', 'use_case': 'reversal', 'parent_sid': 0, 'parent_cycle_id': 1, 'timeframe': 'M15', 'parent_tf': 'H1', 'sub_id': 3, 'started_by': 'reversal'}"
2838,STRUCTURE,CTS_UPDATED,0.57989,"{'via': 'replay_raw', 'cycle_id': 1, 'structure_id': 0, 'struct_direction': -1, 'structure_path_id': 'H1.main >> M15.confluence', 'use_case': 'reversal', 'parent_sid': 0, 'parent_cycle_id': 1, 'timeframe': 'M15', 'parent_tf': 'H1', 'sub_id': 3, 'started_by': 'reversal'}"
2840,STRUCTURE,CTS_UPDATED,0.57966,"{'via': 'replay_raw', 'cycle_id': 1, 'structure_id': 0, 'struct_direction': -1, 'structure_path_id': 'H1.main >> M15.confluence', 'use_case': 'reversal', 'parent_sid': 0, 'parent_cycle_id': 1, 'timeframe': 'M15', 'parent_tf': 'H1', 'sub_id': 3, 'started_by': 'reversal'}"
2841,STRUCTURE,CTS_UPDATED,0.57907,"{'via': 'replay_raw', 'cycle_id': 1, 'structure_id': 0, 'struct_direction': -1, 'structure_path_id': 'H1.main >> M15.confluence', 'use_case': 'reversal', 'parent_sid': 0, 'parent_cycle_id': 1, 'timeframe': 'M15', 'parent_tf': 'H1', 'sub_id': 3, 'started_by': 'reversal'}"
2842,RANGE,RANGE_RESET,,"{'reason': 'range_breakout', 'pat': 'one_maru_continuous', 'structure_id': 0, 'struct_direction': -1, 'structure_path_id': 'H1.main >> M15.confluence', 'use_case': 'reversal', 'parent_sid': 0, 'parent_cycle_id': 1, 'timeframe': 'M15', 'parent_tf': 'H1', 'sub_id': 3, 'started_by': 'reversal'}"
2842,STRUCTURE,CTS_UPDATED,0.57902,"{'via': 'one_maru_continuous', 'confirmed_at': 2842, 'cts_anchor_idx': 2842, 'cycle_id': 1, 'structure_id': 0, 'struct_direction': -1, 'structure_path_id': 'H1.main >> M15.confluence', 'use_case': 'reversal', 'parent_sid': 0, 'parent_cycle_id': 1, 'timeframe': 'M15', 'parent_tf': 'H1', 'sub_id': 3, 'started_by': 'reversal'}"
2842,STATE,STATE_CHANGED,,"{'from': 'range', 'to': 'breakout', 'structure_id': 0, 'struct_direction': -1, 'reason': 'breakout_pattern', 'pat': 'one_maru_continuous', 'effective_idx': 2842, 'structure_path_id': 'H1.main >> M15.confluence', 'use_case': 'reversal', 'parent_sid': 0, 'parent_cycle_id': 1, 'timeframe': 'M15', 'parent_tf': 'H1', 'sub_id': 3, 'started_by': 'reversal'}"
2844,RANGE,RANGE_STARTED,,"{'reason': 'pullback_created_range', 'cts_anchor_idx': 2842, 'cts_price': 0.57902, 'pullback_apply_idx': 2844, 'hi': 0.57982, 'lo': 0.57902, 'pat': 'one_maru_continuous', 'structure_id': 0, 'struct_direction': -1, 'structure_path_id': 'H1.main >> M15.confluence', 'use_case': 'reversal', 'parent_sid': 0, 'parent_cycle_id': 1, 'timeframe': 'M15', 'parent_tf': 'H1', 'sub_id': 3, 'started_by': 'reversal'}"
2844,STRUCTURE,CTS_CONFIRMED,0.57902,"{'via': 'one_maru_continuous', 'cycle_id': 1, 'structure_id': 0, 'struct_direction': -1, 'confirmed_at': 2844, 'cts_anchor_idx': 2842, 'confirmation_method': 'pullback', 'structure_path_id': 'H1.main >> M15.confluence', 'use_case': 'reversal', 'parent_sid': 0, 'parent_cycle_id': 1, 'timeframe': 'M15', 'parent_tf': 'H1', 'sub_id': 3, 'started_by': 'reversal'}"
2844,STATE,STATE_CHANGED,,"{'from': 'breakout', 'to': 'pullback', 'structure_id': 0, 'struct_direction': -1, 'reason': 'pullback_pattern', 'pat': 'one_maru_continuous', 'effective_idx': 2844, 'structure_path_id': 'H1.main >> M15.confluence', 'use_case': 'reversal', 'parent_sid': 0, 'parent_cycle_id': 1, 'timeframe': 'M15', 'parent_tf': 'H1', 'sub_id': 3, 'started_by': 'reversal'}"
2845,STATE,STATE_CHANGED,,"{'from': 'pullback', 'to': 'pullback_range', 'structure_id': 0, 'struct_direction': -1, 'reason': 'replay_no_expand_pullback_side', 'effective_idx': 2845, 'structure_path_id': 'H1.main >> M15.confluence', 'use_case': 'reversal', 'parent_sid': 0, 'parent_cycle_id': 1, 'timeframe': 'M15', 'parent_tf': 'H1', 'sub_id': 3, 'started_by': 'reversal'}"
2846,RANGE,RANGE_UPDATED,,"{'hi': 0.57989, 'lo': 0.57902, 'structure_id': 0, 'struct_direction': -1, 'structure_path_id': 'H1.main >> M15.confluence', 'use_case': 'reversal', 'parent_sid': 0, 'parent_cycle_id': 1, 'timeframe': 'M15', 'parent_tf': 'H1', 'sub_id': 3, 'started_by': 'reversal'}"
2846,STATE,STATE_CHANGED,,"{'from': 'pullback_range', 'to': 'pullback', 'structure_id': 0, 'struct_direction': -1, 'reason': 'replay_expand_pullback_side', 'effective_idx': 2846, 'structure_path_id': 'H1.main >> M15.confluence', 'use_case': 'reversal', 'parent_sid': 0, 'parent_cycle_id': 1, 'timeframe': 'M15', 'parent_tf': 'H1', 'sub_id': 3, 'started_by': 'reversal'}"
2847,RANGE,RANGE_UPDATED,,"{'hi': 0.58002, 'lo': 0.57902, 'structure_id': 0, 'struct_direction': -1, 'structure_path_id': 'H1.main >> M15.confluence', 'use_case': 'reversal', 'parent_sid': 0, 'parent_cycle_id': 1, 'timeframe': 'M15', 'parent_tf': 'H1', 'sub_id': 3, 'started_by': 'reversal'}"
2848,STATE,STATE_CHANGED,,"{'from': 'pullback', 'to': 'pullback_range', 'structure_id': 0, 'struct_direction': -1, 'reason': 'replay_no_expand_pullback_side', 'effective_idx': 2848, 'structure_path_id': 'H1.main >> M15.confluence', 'use_case': 'reversal', 'parent_sid': 0, 'parent_cycle_id': 1, 'timeframe': 'M15', 'parent_tf': 'H1', 'sub_id': 3, 'started_by': 'reversal'}"
2849,RANGE,RANGE_UPDATED,,"{'hi': 0.58018, 'lo': 0.57902, 'structure_id': 0, 'struct_direction': -1, 'structure_path_id': 'H1.main >> M15.confluence', 'use_case': 'reversal', 'parent_sid': 0, 'parent_cycle_id': 1, 'timeframe': 'M15', 'parent_tf': 'H1', 'sub_id': 3, 'started_by': 'reversal'}"
2849,STATE,STATE_CHANGED,,"{'from': 'pullback_range', 'to': 'pullback', 'structure_id': 0, 'struct_direction': -1, 'reason': 'replay_expand_pullback_side', 'effective_idx': 2849, 'structure_path_id': 'H1.main >> M15.confluence', 'use_case': 'reversal', 'parent_sid': 0, 'parent_cycle_id': 1, 'timeframe': 'M15', 'parent_tf': 'H1', 'sub_id': 3, 'started_by': 'reversal'}"
2850,RANGE,RANGE_UPDATED,,"{'hi': 0.58088, 'lo': 0.57902, 'structure_id': 0, 'struct_direction': -1, 'structure_path_id': 'H1.main >> M15.confluence', 'use_case': 'reversal', 'parent_sid': 0, 'parent_cycle_id': 1, 'timeframe': 'M15', 'parent_tf': 'H1', 'sub_id': 3, 'started_by': 'reversal'}"
2851,STATE,STATE_CHANGED,,"{'from': 'pullback', 'to': 'pullback_range', 'structure_id': 0, 'struct_direction': -1, 'reason': 'replay_no_expand_pullback_side', 'effective_idx': 2851, 'structure_path_id': 'H1.main >> M15.confluence', 'use_case': 'reversal', 'parent_sid': 0, 'parent_cycle_id': 1, 'timeframe': 'M15', 'parent_tf': 'H1', 'sub_id': 3, 'started_by': 'reversal'}"
2855,RANGE,RANGE_UPDATED,,"{'hi': 0.58098, 'lo': 0.57902, 'structure_id': 0, 'struct_direction': -1, 'structure_path_id': 'H1.main >> M15.confluence', 'use_case': 'reversal', 'parent_sid': 0, 'parent_cycle_id': 1, 'timeframe': 'M15', 'parent_tf': 'H1', 'sub_id': 3, 'started_by': 'reversal'}"
2855,STATE,STATE_CHANGED,,"{'from': 'pullback_range', 'to': 'pullback', 'structure_id': 0, 'struct_direction': -1, 'reason': 'replay_expand_pullback_side', 'effective_idx': 2855, 'structure_path_id': 'H1.main >> M15.confluence', 'use_case': 'reversal', 'parent_sid': 0, 'parent_cycle_id': 1, 'timeframe': 'M15', 'parent_tf': 'H1', 'sub_id': 3, 'started_by': 'reversal'}"
2856,RANGE,RANGE_UPDATED,,"{'hi': 0.58108, 'lo': 0.57902, 'structure_id': 0, 'struct_direction': -1, 'structure_path_id': 'H1.main >> M15.confluence', 'use_case': 'reversal', 'parent_sid': 0, 'parent_cycle_id': 1, 'timeframe': 'M15', 'parent_tf': 'H1', 'sub_id': 3, 'started_by': 'reversal'}"
2857,STATE,STATE_CHANGED,,"{'from': 'pullback', 'to': 'pullback_range', 'structure_id': 0, 'struct_direction': -1, 'reason': 'replay_no_expand_pullback_side', 'effective_idx': 2857, 'structure_path_id': 'H1.main >> M15.confluence', 'use_case': 'reversal', 'parent_sid': 0, 'parent_cycle_id': 1, 'timeframe': 'M15', 'parent_tf': 'H1', 'sub_id': 3, 'started_by': 'reversal'}"
2896,RANGE,RANGE_UPDATED,,"{'hi': 0.58116, 'lo': 0.57902, 'structure_id': 0, 'struct_direction': -1, 'structure_path_id': 'H1.main >> M15.confluence', 'use_case': 'reversal', 'parent_sid': 0, 'parent_cycle_id': 1, 'timeframe': 'M15', 'parent_tf': 'H1', 'sub_id': 3, 'started_by': 'reversal'}"
2896,STATE,STATE_CHANGED,,"{'from': 'pullback_range', 'to': 'pullback', 'structure_id': 0, 'struct_direction': -1, 'reason': 'replay_expand_pullback_side', 'effective_idx': 2896, 'structure_path_id': 'H1.main >> M15.confluence', 'use_case': 'reversal', 'parent_sid': 0, 'parent_cycle_id': 1, 'timeframe': 'M15', 'parent_tf': 'H1', 'sub_id': 3, 'started_by': 'reversal'}"
2897,STATE,STATE_CHANGED,,"{'from': 'pullback', 'to': 'pullback_range', 'structure_id': 0, 'struct_direction': -1, 'reason': 'replay_no_expand_pullback_side', 'effective_idx': 2897, 'structure_path_id': 'H1.main >> M15.confluence', 'use_case': 'reversal', 'parent_sid': 0, 'parent_cycle_id': 1, 'timeframe': 'M15', 'parent_tf': 'H1', 'sub_id': 3, 'started_by': 'reversal'}"
2904,RANGE,RANGE_UPDATED,,"{'hi': 0.58118, 'lo': 0.57902, 'structure_id': 0, 'struct_direction': -1, 'structure_path_id': 'H1.main >> M15.confluence', 'use_case': 'reversal', 'parent_sid': 0, 'parent_cycle_id': 1, 'timeframe': 'M15', 'parent_tf': 'H1', 'sub_id': 3, 'started_by': 'reversal'}"
2904,STATE,STATE_CHANGED,,"{'from': 'pullback_range', 'to': 'pullback', 'structure_id': 0, 'struct_direction': -1, 'reason': 'replay_expand_pullback_side', 'effective_idx': 2904, 'structure_path_id': 'H1.main >> M15.confluence', 'use_case': 'reversal', 'parent_sid': 0, 'parent_cycle_id': 1, 'timeframe': 'M15', 'parent_tf': 'H1', 'sub_id': 3, 'started_by': 'reversal'}"
2905,STATE,STATE_CHANGED,,"{'from': 'pullback', 'to': 'pullback_range', 'structure_id': 0, 'struct_direction': -1, 'reason': 'replay_no_expand_pullback_side', 'effective_idx': 2905, 'structure_path_id': 'H1.main >> M15.confluence', 'use_case': 'reversal', 'parent_sid': 0, 'parent_cycle_id': 1, 'timeframe': 'M15', 'parent_tf': 'H1', 'sub_id': 3, 'started_by': 'reversal'}"
2906,RANGE,RANGE_UPDATED,,"{'hi': 0.58133, 'lo': 0.57902, 'structure_id': 0, 'struct_direction': -1, 'structure_path_id': 'H1.main >> M15.confluence', 'use_case': 'reversal', 'parent_sid': 0, 'parent_cycle_id': 1, 'timeframe': 'M15', 'parent_tf': 'H1', 'sub_id': 3, 'started_by': 'reversal'}"
2906,STATE,STATE_CHANGED,,"{'from': 'pullback_range', 'to': 'pullback', 'structure_id': 0, 'struct_direction': -1, 'reason': 'replay_expand_pullback_side', 'effective_idx': 2906, 'structure_path_id': 'H1.main >> M15.confluence', 'use_case': 'reversal', 'parent_sid': 0, 'parent_cycle_id': 1, 'timeframe': 'M15', 'parent_tf': 'H1', 'sub_id': 3, 'started_by': 'reversal'}"
2907,RANGE,RANGE_UPDATED,,"{'hi': 0.5814, 'lo': 0.57902, 'structure_id': 0, 'struct_direction': -1, 'structure_path_id': 'H1.main >> M15.confluence', 'use_case': 'reversal', 'parent_sid': 0, 'parent_cycle_id': 1, 'timeframe': 'M15', 'parent_tf': 'H1', 'sub_id': 3, 'started_by': 'reversal'}"
2908,RANGE,RANGE_UPDATED,,"{'hi': 0.58154, 'lo': 0.57902, 'structure_id': 0, 'struct_direction': -1, 'structure_path_id': 'H1.main >> M15.confluence', 'use_case': 'reversal', 'parent_sid': 0, 'parent_cycle_id': 1, 'timeframe': 'M15', 'parent_tf': 'H1', 'sub_id': 3, 'started_by': 'reversal'}"
2909,RANGE,RANGE_UPDATED,,"{'hi': 0.58173, 'lo': 0.57902, 'structure_id': 0, 'struct_direction': -1, 'structure_path_id': 'H1.main >> M15.confluence', 'use_case': 'reversal', 'parent_sid': 0, 'parent_cycle_id': 1, 'timeframe': 'M15', 'parent_tf': 'H1', 'sub_id': 3, 'started_by': 'reversal'}"
2910,RANGE,RANGE_UPDATED,,"{'hi': 0.5818, 'lo': 0.57902, 'structure_id': 0, 'struct_direction': -1, 'structure_path_id': 'H1.main >> M15.confluence', 'use_case': 'reversal', 'parent_sid': 0, 'parent_cycle_id': 1, 'timeframe': 'M15', 'parent_tf': 'H1', 'sub_id': 3, 'started_by': 'reversal'}"
2911,STATE,STATE_CHANGED,,"{'from': 'pullback', 'to': 'pullback_range', 'structure_id': 0, 'struct_direction': -1, 'reason': 'replay_no_expand_pullback_side', 'effective_idx': 2911, 'structure_path_id': 'H1.main >> M15.confluence', 'use_case': 'reversal', 'parent_sid': 0, 'parent_cycle_id': 1, 'timeframe': 'M15', 'parent_tf': 'H1', 'sub_id': 3, 'started_by': 'reversal'}"
2913,RANGE,RANGE_UPDATED,,"{'hi': 0.58182, 'lo': 0.57902, 'structure_id': 0, 'struct_direction': -1, 'structure_path_id': 'H1.main >> M15.confluence', 'use_case': 'reversal', 'parent_sid': 0, 'parent_cycle_id': 1, 'timeframe': 'M15', 'parent_tf': 'H1', 'sub_id': 3, 'started_by': 'reversal'}"
2913,STATE,STATE_CHANGED,,"{'from': 'pullback_range', 'to': 'pullback', 'structure_id': 0, 'struct_direction': -1, 'reason': 'replay_expand_pullback_side', 'effective_idx': 2913, 'structure_path_id': 'H1.main >> M15.confluence', 'use_case': 'reversal', 'parent_sid': 0, 'parent_cycle_id': 1, 'timeframe': 'M15', 'parent_tf': 'H1', 'sub_id': 3, 'started_by': 'reversal'}"
2914,RANGE,RANGE_UPDATED,,"{'hi': 0.58184, 'lo': 0.57902, 'structure_id': 0, 'struct_direction': -1, 'structure_path_id': 'H1.main >> M15.confluence', 'use_case': 'reversal', 'parent_sid': 0, 'parent_cycle_id': 1, 'timeframe': 'M15', 'parent_tf': 'H1', 'sub_id': 3, 'started_by': 'reversal'}"
2915,RANGE,RANGE_UPDATED,,"{'hi': 0.58196, 'lo': 0.57902, 'structure_id': 0, 'struct_direction': -1, 'structure_path_id': 'H1.main >> M15.confluence', 'use_case': 'reversal', 'parent_sid': 0, 'parent_cycle_id': 1, 'timeframe': 'M15', 'parent_tf': 'H1', 'sub_id': 3, 'started_by': 'reversal'}"
2916,STATE,STATE_CHANGED,,"{'from': 'pullback', 'to': 'pullback_range', 'structure_id': 0, 'struct_direction': -1, 'reason': 'replay_no_expand_pullback_side', 'effective_idx': 2916, 'structure_path_id': 'H1.main >> M15.confluence', 'use_case': 'reversal', 'parent_sid': 0, 'parent_cycle_id': 1, 'timeframe': 'M15', 'parent_tf': 'H1', 'sub_id': 3, 'started_by': 'reversal'}"
2967,RANGE,RANGE_UPDATED,,"{'hi': 0.58196, 'lo': 0.57899, 'structure_id': 0, 'struct_direction': -1, 'structure_path_id': 'H1.main >> M15.confluence', 'use_case': 'reversal', 'parent_sid': 0, 'parent_cycle_id': 1, 'timeframe': 'M15', 'parent_tf': 'H1', 'sub_id': 3, 'started_by': 'reversal'}"
2967,STRUCTURE,CTS_THRESHOLD_UPDATED,0.57899,"{'prev': 0.57902, 'reason': 'range_sync', 'cycle_id': 1, 'structure_id': 0, 'struct_direction': -1, 'structure_path_id': 'H1.main >> M15.confluence', 'use_case': 'reversal', 'parent_sid': 0, 'parent_cycle_id': 1, 'timeframe': 'M15', 'parent_tf': 'H1', 'sub_id': 3, 'started_by': 'reversal'}"
2971,RANGE,RANGE_UPDATED,,"{'hi': 0.58196, 'lo': 0.57886, 'structure_id': 0, 'struct_direction': -1, 'structure_path_id': 'H1.main >> M15.confluence', 'use_case': 'reversal', 'parent_sid': 0, 'parent_cycle_id': 1, 'timeframe': 'M15', 'parent_tf': 'H1', 'sub_id': 3, 'started_by': 'reversal'}"
2971,STRUCTURE,CTS_THRESHOLD_UPDATED,0.57886,"{'prev': 0.57899, 'reason': 'range_sync', 'cycle_id': 1, 'structure_id': 0, 'struct_direction': -1, 'structure_path_id': 'H1.main >> M15.confluence', 'use_case': 'reversal', 'parent_sid': 0, 'parent_cycle_id': 1, 'timeframe': 'M15', 'parent_tf': 'H1', 'sub_id': 3, 'started_by': 'reversal'}"
2986,RANGE,RANGE_UPDATED,,"{'hi': 0.58196, 'lo': 0.57874, 'structure_id': 0, 'struct_direction': -1, 'structure_path_id': 'H1.main >> M15.confluence', 'use_case': 'reversal', 'parent_sid': 0, 'parent_cycle_id': 1, 'timeframe': 'M15', 'parent_tf': 'H1', 'sub_id': 3, 'started_by': 'reversal'}"
2986,STRUCTURE,CTS_THRESHOLD_UPDATED,0.57874,"{'prev': 0.57886, 'reason': 'range_sync', 'cycle_id': 1, 'structure_id': 0, 'struct_direction': -1, 'structure_path_id': 'H1.main >> M15.confluence', 'use_case': 'reversal', 'parent_sid': 0, 'parent_cycle_id': 1, 'timeframe': 'M15', 'parent_tf': 'H1', 'sub_id': 3, 'started_by': 'reversal'}"
2987,RANGE,RANGE_UPDATED,,"{'hi': 0.58196, 'lo': 0.57856, 'structure_id': 0, 'struct_direction': -1, 'structure_path_id': 'H1.main >> M15.confluence', 'use_case': 'reversal', 'parent_sid': 0, 'parent_cycle_id': 1, 'timeframe': 'M15', 'parent_tf': 'H1', 'sub_id': 3, 'started_by': 'reversal'}"
2987,STRUCTURE,CTS_THRESHOLD_UPDATED,0.57856,"{'prev': 0.57874, 'reason': 'range_sync', 'cycle_id': 1, 'structure_id': 0, 'struct_direction': -1, 'structure_path_id': 'H1.main >> M15.confluence', 'use_case': 'reversal', 'parent_sid': 0, 'parent_cycle_id': 1, 'timeframe': 'M15', 'parent_tf': 'H1', 'sub_id': 3, 'started_by': 'reversal'}"
2988,RANGE,RANGE_UPDATED,,"{'hi': 0.58196, 'lo': 0.57844, 'structure_id': 0, 'struct_direction': -1, 'structure_path_id': 'H1.main >> M15.confluence', 'use_case': 'reversal', 'parent_sid': 0, 'parent_cycle_id': 1, 'timeframe': 'M15', 'parent_tf': 'H1', 'sub_id': 3, 'started_by': 'reversal'}"
2988,STRUCTURE,CTS_THRESHOLD_UPDATED,0.57844,"{'prev': 0.57856, 'reason': 'range_sync', 'cycle_id': 1, 'structure_id': 0, 'struct_direction': -1, 'structure_path_id': 'H1.main >> M15.confluence', 'use_case': 'reversal', 'parent_sid': 0, 'parent_cycle_id': 1, 'timeframe': 'M15', 'parent_tf': 'H1', 'sub_id': 3, 'started_by': 'reversal'}"
2992,RANGE,RANGE_RESET,,"{'reason': 'range_breakout', 'pat': 'one_maru_continuous', 'structure_id': 0, 'struct_direction': -1, 'structure_path_id': 'H1.main >> M15.confluence', 'use_case': 'reversal', 'parent_sid': 0, 'parent_cycle_id': 1, 'timeframe': 'M15', 'parent_tf': 'H1', 'sub_id': 3, 'started_by': 'reversal'}"
2992,STRUCTURE,CTS_ESTABLISHED,0.5777,"{'via': 'one_maru_continuous', 'pattern_anchor_idx': 2991, 'pattern_name': 'one_maru_continuous', 'confirmed_at': 2992, 'cycle_id': 2, 'structure_id': 0, 'struct_direction': -1, 'cts_anchor_idx': 2992, 'structure_path_id': 'H1.main >> M15.confluence', 'use_case': 'reversal', 'parent_sid': 0, 'parent_cycle_id': 1, 'timeframe': 'M15', 'parent_tf': 'H1', 'sub_id': 3, 'started_by': 'reversal'}"
2992,STRUCTURE,BOS_CONFIRMED,0.58196,"{'source': 'pullback_extreme', 'confirmed_at': 2992, 'last_pullback_apply_idx': 2844, 'cycle_id': 2, 'structure_id': 0, 'struct_direction': -1, 'bos_anchor_idx': 2915, 'structure_path_id': 'H1.main >> M15.confluence', 'use_case': 'reversal', 'parent_sid': 0, 'parent_cycle_id': 1, 'timeframe': 'M15', 'parent_tf': 'H1', 'sub_id': 3, 'started_by': 'reversal'}"
2992,STATE,STATE_CHANGED,,"{'from': 'pullback_range', 'to': 'breakout', 'structure_id': 0, 'struct_direction': -1, 'reason': 'breakout_pattern', 'pat': 'one_maru_continuous', 'effective_idx': 2992, 'structure_path_id': 'H1.main >> M15.confluence', 'use_case': 'reversal', 'parent_sid': 0, 'parent_cycle_id': 1, 'timeframe': 'M15', 'parent_tf': 'H1', 'sub_id': 3, 'started_by': 'reversal'}"
2993,STRUCTURE,CTS_UPDATED,0.57764,"{'via': 'replay_raw', 'cycle_id': 2, 'structure_id': 0, 'struct_direction': -1, 'structure_path_id': 'H1.main >> M15.confluence', 'use_case': 'reversal', 'parent_sid': 0, 'parent_cycle_id': 1, 'timeframe': 'M15', 'parent_tf': 'H1', 'sub_id': 3, 'started_by': 'reversal'}"
2996,RANGE,RANGE_STARTED,,"{'start_idx': 2994, 'confirm_idx': 2996, 'hi': 0.57835, 'lo': 0.57764, 'cts_anchor_idx': 2993, 'cts_price': 0.57764, 'structure_id': 0, 'struct_direction': -1, 'structure_path_id': 'H1.main >> M15.confluence', 'use_case': 'reversal', 'parent_sid': 0, 'parent_cycle_id': 1, 'timeframe': 'M15', 'parent_tf': 'H1', 'sub_id': 3, 'started_by': 'reversal'}"
2996,STATE,STATE_CHANGED,,"{'from': 'breakout', 'to': 'range', 'structure_id': 0, 'struct_direction': -1, 'reason': 'range_confirmed', 'effective_idx': 2994, 'structure_path_id': 'H1.main >> M15.confluence', 'use_case': 'reversal', 'parent_sid': 0, 'parent_cycle_id': 1, 'timeframe': 'M15', 'parent_tf': 'H1', 'sub_id': 3, 'started_by': 'reversal'}"
2996,RANGE,RANGE_UPDATED,,"{'hi': 0.57841, 'lo': 0.57764, 'structure_id': 0, 'struct_direction': -1, 'structure_path_id': 'H1.main >> M15.confluence', 'use_case': 'reversal', 'parent_sid': 0, 'parent_cycle_id': 1, 'timeframe': 'M15', 'parent_tf': 'H1', 'sub_id': 3, 'started_by': 'reversal'}"
3005,RANGE,RANGE_UPDATED,,"{'hi': 0.57841, 'lo': 0.5772, 'structure_id': 0, 'struct_direction': -1, 'structure_path_id': 'H1.main >> M15.confluence', 'use_case': 'reversal', 'parent_sid': 0, 'parent_cycle_id': 1, 'timeframe': 'M15', 'parent_tf': 'H1', 'sub_id': 3, 'started_by': 'reversal'}"
3005,STRUCTURE,CTS_UPDATED,0.5772,"{'via': 'replay_raw', 'cycle_id': 2, 'structure_id': 0, 'struct_direction': -1, 'structure_path_id': 'H1.main >> M15.confluence', 'use_case': 'reversal', 'parent_sid': 0, 'parent_cycle_id': 1, 'timeframe': 'M15', 'parent_tf': 'H1', 'sub_id': 3, 'started_by': 'reversal'}"
3007,RANGE,RANGE_UPDATED,,"{'hi': 0.57841, 'lo': 0.57703, 'structure_id': 0, 'struct_direction': -1, 'structure_path_id': 'H1.main >> M15.confluence', 'use_case': 'reversal', 'parent_sid': 0, 'parent_cycle_id': 1, 'timeframe': 'M15', 'parent_tf': 'H1', 'sub_id': 3, 'started_by': 'reversal'}"
3007,STRUCTURE,CTS_UPDATED,0.57703,"{'via': 'replay_raw', 'cycle_id': 2, 'structure_id': 0, 'struct_direction': -1, 'structure_path_id': 'H1.main >> M15.confluence', 'use_case': 'reversal', 'parent_sid': 0, 'parent_cycle_id': 1, 'timeframe': 'M15', 'parent_tf': 'H1', 'sub_id': 3, 'started_by': 'reversal'}"
3008,RANGE,RANGE_UPDATED,,"{'hi': 0.57841, 'lo': 0.5768, 'structure_id': 0, 'struct_direction': -1, 'structure_path_id': 'H1.main >> M15.confluence', 'use_case': 'reversal', 'parent_sid': 0, 'parent_cycle_id': 1, 'timeframe': 'M15', 'parent_tf': 'H1', 'sub_id': 3, 'started_by': 'reversal'}"
3008,STRUCTURE,CTS_UPDATED,0.5768,"{'via': 'replay_raw', 'cycle_id': 2, 'structure_id': 0, 'struct_direction': -1, 'structure_path_id': 'H1.main >> M15.confluence', 'use_case': 'reversal', 'parent_sid': 0, 'parent_cycle_id': 1, 'timeframe': 'M15', 'parent_tf': 'H1', 'sub_id': 3, 'started_by': 'reversal'}"
3010,RANGE,RANGE_UPDATED,,"{'hi': 0.57841, 'lo': 0.57676, 'structure_id': 0, 'struct_direction': -1, 'structure_path_id': 'H1.main >> M15.confluence', 'use_case': 'reversal', 'parent_sid': 0, 'parent_cycle_id': 1, 'timeframe': 'M15', 'parent_tf': 'H1', 'sub_id': 3, 'started_by': 'reversal'}"
3010,STRUCTURE,CTS_UPDATED,0.57676,"{'via': 'replay_raw', 'cycle_id': 2, 'structure_id': 0, 'struct_direction': -1, 'structure_path_id': 'H1.main >> M15.confluence', 'use_case': 'reversal', 'parent_sid': 0, 'parent_cycle_id': 1, 'timeframe': 'M15', 'parent_tf': 'H1', 'sub_id': 3, 'started_by': 'reversal'}"
3011,RANGE,RANGE_UPDATED,,"{'hi': 0.57841, 'lo': 0.57675, 'structure_id': 0, 'struct_direction': -1, 'structure_path_id': 'H1.main >> M15.confluence', 'use_case': 'reversal', 'parent_sid': 0, 'parent_cycle_id': 1, 'timeframe': 'M15', 'parent_tf': 'H1', 'sub_id': 3, 'started_by': 'reversal'}"
3011,STRUCTURE,CTS_UPDATED,0.57675,"{'via': 'replay_raw', 'cycle_id': 2, 'structure_id': 0, 'struct_direction': -1, 'structure_path_id': 'H1.main >> M15.confluence', 'use_case': 'reversal', 'parent_sid': 0, 'parent_cycle_id': 1, 'timeframe': 'M15', 'parent_tf': 'H1', 'sub_id': 3, 'started_by': 'reversal'}"
3012,RANGE,RANGE_UPDATED,,"{'hi': 0.57841, 'lo': 0.57652, 'structure_id': 0, 'struct_direction': -1, 'structure_path_id': 'H1.main >> M15.confluence', 'use_case': 'reversal', 'parent_sid': 0, 'parent_cycle_id': 1, 'timeframe': 'M15', 'parent_tf': 'H1', 'sub_id': 3, 'started_by': 'reversal'}"
3012,STRUCTURE,CTS_UPDATED,0.57652,"{'via': 'replay_raw', 'cycle_id': 2, 'structure_id': 0, 'struct_direction': -1, 'structure_path_id': 'H1.main >> M15.confluence', 'use_case': 'reversal', 'parent_sid': 0, 'parent_cycle_id': 1, 'timeframe': 'M15', 'parent_tf': 'H1', 'sub_id': 3, 'started_by': 'reversal'}"
3013,RANGE,RANGE_UPDATED,,"{'hi': 0.57841, 'lo': 0.5764, 'structure_id': 0, 'struct_direction': -1, 'structure_path_id': 'H1.main >> M15.confluence', 'use_case': 'reversal', 'parent_sid': 0, 'parent_cycle_id': 1, 'timeframe': 'M15', 'parent_tf': 'H1', 'sub_id': 3, 'started_by': 'reversal'}"
3013,STRUCTURE,CTS_UPDATED,0.5764,"{'via': 'replay_raw', 'cycle_id': 2, 'structure_id': 0, 'struct_direction': -1, 'structure_path_id': 'H1.main >> M15.confluence', 'use_case': 'reversal', 'parent_sid': 0, 'parent_cycle_id': 1, 'timeframe': 'M15', 'parent_tf': 'H1', 'sub_id': 3, 'started_by': 'reversal'}"
3024,RANGE,RANGE_UPDATED,,"{'hi': 0.57841, 'lo': 0.57639, 'structure_id': 0, 'struct_direction': -1, 'structure_path_id': 'H1.main >> M15.confluence', 'use_case': 'reversal', 'parent_sid': 0, 'parent_cycle_id': 1, 'timeframe': 'M15', 'parent_tf': 'H1', 'sub_id': 3, 'started_by': 'reversal'}"
3024,STRUCTURE,CTS_UPDATED,0.57639,"{'via': 'replay_raw', 'cycle_id': 2, 'structure_id': 0, 'struct_direction': -1, 'structure_path_id': 'H1.main >> M15.confluence', 'use_case': 'reversal', 'parent_sid': 0, 'parent_cycle_id': 1, 'timeframe': 'M15', 'parent_tf': 'H1', 'sub_id': 3, 'started_by': 'reversal'}"
3026,RANGE,RANGE_UPDATED,,"{'hi': 0.57841, 'lo': 0.57638, 'structure_id': 0, 'struct_direction': -1, 'structure_path_id': 'H1.main >> M15.confluence', 'use_case': 'reversal', 'parent_sid': 0, 'parent_cycle_id': 1, 'timeframe': 'M15', 'parent_tf': 'H1', 'sub_id': 3, 'started_by': 'reversal'}"
3026,STRUCTURE,CTS_UPDATED,0.57638,"{'via': 'replay_raw', 'cycle_id': 2, 'structure_id': 0, 'struct_direction': -1, 'structure_path_id': 'H1.main >> M15.confluence', 'use_case': 'reversal', 'parent_sid': 0, 'parent_cycle_id': 1, 'timeframe': 'M15', 'parent_tf': 'H1', 'sub_id': 3, 'started_by': 'reversal'}"
3027,RANGE,RANGE_UPDATED,,"{'hi': 0.57841, 'lo': 0.57602, 'structure_id': 0, 'struct_direction': -1, 'structure_path_id': 'H1.main >> M15.confluence', 'use_case': 'reversal', 'parent_sid': 0, 'parent_cycle_id': 1, 'timeframe': 'M15', 'parent_tf': 'H1', 'sub_id': 3, 'started_by': 'reversal'}"
3027,STRUCTURE,CTS_UPDATED,0.57602,"{'via': 'replay_raw', 'cycle_id': 2, 'structure_id': 0, 'struct_direction': -1, 'structure_path_id': 'H1.main >> M15.confluence', 'use_case': 'reversal', 'parent_sid': 0, 'parent_cycle_id': 1, 'timeframe': 'M15', 'parent_tf': 'H1', 'sub_id': 3, 'started_by': 'reversal'}"
3042,RANGE,RANGE_UPDATED,,"{'hi': 0.57841, 'lo': 0.57587, 'structure_id': 0, 'struct_direction': -1, 'structure_path_id': 'H1.main >> M15.confluence', 'use_case': 'reversal', 'parent_sid': 0, 'parent_cycle_id': 1, 'timeframe': 'M15', 'parent_tf': 'H1', 'sub_id': 3, 'started_by': 'reversal'}"
3042,STRUCTURE,CTS_UPDATED,0.57587,"{'via': 'replay_raw', 'cycle_id': 2, 'structure_id': 0, 'struct_direction': -1, 'structure_path_id': 'H1.main >> M15.confluence', 'use_case': 'reversal', 'parent_sid': 0, 'parent_cycle_id': 1, 'timeframe': 'M15', 'parent_tf': 'H1', 'sub_id': 3, 'started_by': 'reversal'}"
3043,STRUCTURE,CTS_UPDATED,0.57581,"{'via': 'replay_raw', 'cycle_id': 2, 'structure_id': 0, 'struct_direction': -1, 'structure_path_id': 'H1.main >> M15.confluence', 'use_case': 'reversal', 'parent_sid': 0, 'parent_cycle_id': 1, 'timeframe': 'M15', 'parent_tf': 'H1', 'sub_id': 3, 'started_by': 'reversal'}"
3044,RANGE,RANGE_RESET,,"{'reason': 'range_breakout', 'pat': 'double_maru', 'structure_id': 0, 'struct_direction': -1, 'structure_path_id': 'H1.main >> M15.confluence', 'use_case': 'reversal', 'parent_sid': 0, 'parent_cycle_id': 1, 'timeframe': 'M15', 'parent_tf': 'H1', 'sub_id': 3, 'started_by': 'reversal'}"
3044,STRUCTURE,CTS_UPDATED,0.575,"{'via': 'double_maru', 'confirmed_at': 3044, 'cts_anchor_idx': 3044, 'cycle_id': 2, 'structure_id': 0, 'struct_direction': -1, 'structure_path_id': 'H1.main >> M15.confluence', 'use_case': 'reversal', 'parent_sid': 0, 'parent_cycle_id': 1, 'timeframe': 'M15', 'parent_tf': 'H1', 'sub_id': 3, 'started_by': 'reversal'}"
3044,STATE,STATE_CHANGED,,"{'from': 'range', 'to': 'breakout', 'structure_id': 0, 'struct_direction': -1, 'reason': 'breakout_pattern', 'pat': 'double_maru', 'effective_idx': 3044, 'structure_path_id': 'H1.main >> M15.confluence', 'use_case': 'reversal', 'parent_sid': 0, 'parent_cycle_id': 1, 'timeframe': 'M15', 'parent_tf': 'H1', 'sub_id': 3, 'started_by': 'reversal'}"
3045,STRUCTURE,CTS_UPDATED,0.57475,"{'via': 'replay_raw', 'cycle_id': 2, 'structure_id': 0, 'struct_direction': -1, 'structure_path_id': 'H1.main >> M15.confluence', 'use_case': 'reversal', 'parent_sid': 0, 'parent_cycle_id': 1, 'timeframe': 'M15', 'parent_tf': 'H1', 'sub_id': 3, 'started_by': 'reversal'}"
3046,STRUCTURE,CTS_UPDATED,0.57451,"{'via': 'replay_raw', 'cycle_id': 2, 'structure_id': 0, 'struct_direction': -1, 'structure_path_id': 'H1.main >> M15.confluence', 'use_case': 'reversal', 'parent_sid': 0, 'parent_cycle_id': 1, 'timeframe': 'M15', 'parent_tf': 'H1', 'sub_id': 3, 'started_by': 'reversal'}"
3047,STRUCTURE,CTS_UPDATED,0.574,"{'via': 'replay_raw', 'cycle_id': 2, 'structure_id': 0, 'struct_direction': -1, 'structure_path_id': 'H1.main >> M15.confluence', 'use_case': 'reversal', 'parent_sid': 0, 'parent_cycle_id': 1, 'timeframe': 'M15', 'parent_tf': 'H1', 'sub_id': 3, 'started_by': 'reversal'}"
3050,RANGE,RANGE_STARTED,,"{'start_idx': 3047, 'confirm_idx': 3050, 'hi': 0.57524, 'lo': 0.574, 'cts_anchor_idx': 3047, 'cts_price': 0.574, 'structure_id': 0, 'struct_direction': -1, 'structure_path_id': 'H1.main >> M15.confluence', 'use_case': 'reversal', 'parent_sid': 0, 'parent_cycle_id': 1, 'timeframe': 'M15', 'parent_tf': 'H1', 'sub_id': 3, 'started_by': 'reversal'}"
3050,STATE,STATE_CHANGED,,"{'from': 'breakout', 'to': 'range', 'structure_id': 0, 'struct_direction': -1, 'reason': 'range_confirmed', 'effective_idx': 3047, 'structure_path_id': 'H1.main >> M15.confluence', 'use_case': 'reversal', 'parent_sid': 0, 'parent_cycle_id': 1, 'timeframe': 'M15', 'parent_tf': 'H1', 'sub_id': 3, 'started_by': 'reversal'}"
3048,RANGE,RANGE_UPDATED,,"{'hi': 0.57536, 'lo': 0.574, 'structure_id': 0, 'struct_direction': -1, 'structure_path_id': 'H1.main >> M15.confluence', 'use_case': 'reversal', 'parent_sid': 0, 'parent_cycle_id': 1, 'timeframe': 'M15', 'parent_tf': 'H1', 'sub_id': 3, 'started_by': 'reversal'}"
3049,RANGE,RANGE_UPDATED,,"{'hi': 0.57552, 'lo': 0.574, 'structure_id': 0, 'struct_direction': -1, 'structure_path_id': 'H1.main >> M15.confluence', 'use_case': 'reversal', 'parent_sid': 0, 'parent_cycle_id': 1, 'timeframe': 'M15', 'parent_tf': 'H1', 'sub_id': 3, 'started_by': 'reversal'}"
3052,RANGE,RANGE_UPDATED,,"{'hi': 0.57561, 'lo': 0.574, 'structure_id': 0, 'struct_direction': -1, 'structure_path_id': 'H1.main >> M15.confluence', 'use_case': 'reversal', 'parent_sid': 0, 'parent_cycle_id': 1, 'timeframe': 'M15', 'parent_tf': 'H1', 'sub_id': 3, 'started_by': 'reversal'}"
3054,RANGE,RANGE_UPDATED,,"{'hi': 0.57564, 'lo': 0.574, 'structure_id': 0, 'struct_direction': -1, 'structure_path_id': 'H1.main >> M15.confluence', 'use_case': 'reversal', 'parent_sid': 0, 'parent_cycle_id': 1, 'timeframe': 'M15', 'parent_tf': 'H1', 'sub_id': 3, 'started_by': 'reversal'}"
3055,RANGE,RANGE_UPDATED,,"{'hi': 0.57566, 'lo': 0.574, 'structure_id': 0, 'struct_direction': -1, 'structure_path_id': 'H1.main >> M15.confluence', 'use_case': 'reversal', 'parent_sid': 0, 'parent_cycle_id': 1, 'timeframe': 'M15', 'parent_tf': 'H1', 'sub_id': 3, 'started_by': 'reversal'}"
3067,RANGE,RANGE_UPDATED,,"{'hi': 0.57574, 'lo': 0.574, 'structure_id': 0, 'struct_direction': -1, 'structure_path_id': 'H1.main >> M15.confluence', 'use_case': 'reversal', 'parent_sid': 0, 'parent_cycle_id': 1, 'timeframe': 'M15', 'parent_tf': 'H1', 'sub_id': 3, 'started_by': 'reversal'}"
3070,RANGE,RANGE_UPDATED,,"{'hi': 0.57586, 'lo': 0.574, 'structure_id': 0, 'struct_direction': -1, 'structure_path_id': 'H1.main >> M15.confluence', 'use_case': 'reversal', 'parent_sid': 0, 'parent_cycle_id': 1, 'timeframe': 'M15', 'parent_tf': 'H1', 'sub_id': 3, 'started_by': 'reversal'}"
3072,RANGE,RANGE_UPDATED,,"{'hi': 0.57612, 'lo': 0.574, 'structure_id': 0, 'struct_direction': -1, 'structure_path_id': 'H1.main >> M15.confluence', 'use_case': 'reversal', 'parent_sid': 0, 'parent_cycle_id': 1, 'timeframe': 'M15', 'parent_tf': 'H1', 'sub_id': 3, 'started_by': 'reversal'}"
3073,RANGE,RANGE_UPDATED,,"{'hi': 0.5762, 'lo': 0.574, 'structure_id': 0, 'struct_direction': -1, 'structure_path_id': 'H1.main >> M15.confluence', 'use_case': 'reversal', 'parent_sid': 0, 'parent_cycle_id': 1, 'timeframe': 'M15', 'parent_tf': 'H1', 'sub_id': 3, 'started_by': 'reversal'}"
3086,RANGE,RANGE_UPDATED,,"{'reason': 'pullback_expand', 'hi': 0.57664, 'lo': 0.574, 'pat': 'continuous', 'structure_id': 0, 'struct_direction': -1, 'structure_path_id': 'H1.main >> M15.confluence', 'use_case': 'reversal', 'parent_sid': 0, 'parent_cycle_id': 1, 'timeframe': 'M15', 'parent_tf': 'H1', 'sub_id': 3, 'started_by': 'reversal'}"
3086,STRUCTURE,CTS_CONFIRMED,0.574,"{'via': 'continuous', 'cycle_id': 2, 'structure_id': 0, 'struct_direction': -1, 'confirmed_at': 3086, 'cts_anchor_idx': 3047, 'confirmation_method': 'pullback', 'structure_path_id': 'H1.main >> M15.confluence', 'use_case': 'reversal', 'parent_sid': 0, 'parent_cycle_id': 1, 'timeframe': 'M15', 'parent_tf': 'H1', 'sub_id': 3, 'started_by': 'reversal'}"
3086,STATE,STATE_CHANGED,,"{'from': 'range', 'to': 'pullback', 'structure_id': 0, 'struct_direction': -1, 'reason': 'pullback_pattern', 'pat': 'continuous', 'effective_idx': 3086, 'structure_path_id': 'H1.main >> M15.confluence', 'use_case': 'reversal', 'parent_sid': 0, 'parent_cycle_id': 1, 'timeframe': 'M15', 'parent_tf': 'H1', 'sub_id': 3, 'started_by': 'reversal'}"
3086,RANGE,RANGE_UPDATED,,"{'hi': 0.57698, 'lo': 0.574, 'structure_id': 0, 'struct_direction': -1, 'structure_path_id': 'H1.main >> M15.confluence', 'use_case': 'reversal', 'parent_sid': 0, 'parent_cycle_id': 1, 'timeframe': 'M15', 'parent_tf': 'H1', 'sub_id': 3, 'started_by': 'reversal'}"
3087,RANGE,RANGE_UPDATED,,"{'hi': 0.57704, 'lo': 0.574, 'structure_id': 0, 'struct_direction': -1, 'structure_path_id': 'H1.main >> M15.confluence', 'use_case': 'reversal', 'parent_sid': 0, 'parent_cycle_id': 1, 'timeframe': 'M15', 'parent_tf': 'H1', 'sub_id': 3, 'started_by': 'reversal'}"
3088,RANGE,RANGE_UPDATED,,"{'hi': 0.57708, 'lo': 0.574, 'structure_id': 0, 'struct_direction': -1, 'structure_path_id': 'H1.main >> M15.confluence', 'use_case': 'reversal', 'parent_sid': 0, 'parent_cycle_id': 1, 'timeframe': 'M15', 'parent_tf': 'H1', 'sub_id': 3, 'started_by': 'reversal'}"
3089,STATE,STATE_CHANGED,,"{'from': 'pullback', 'to': 'pullback_range', 'structure_id': 0, 'struct_direction': -1, 'reason': 'replay_no_expand_pullback_side', 'effective_idx': 3089, 'structure_path_id': 'H1.main >> M15.confluence', 'use_case': 'reversal', 'parent_sid': 0, 'parent_cycle_id': 1, 'timeframe': 'M15', 'parent_tf': 'H1', 'sub_id': 3, 'started_by': 'reversal'}"
3112,RANGE,RANGE_UPDATED,,"{'hi': 0.57714, 'lo': 0.574, 'structure_id': 0, 'struct_direction': -1, 'structure_path_id': 'H1.main >> M15.confluence', 'use_case': 'reversal', 'parent_sid': 0, 'parent_cycle_id': 1, 'timeframe': 'M15', 'parent_tf': 'H1', 'sub_id': 3, 'started_by': 'reversal'}"
3112,STATE,STATE_CHANGED,,"{'from': 'pullback_range', 'to': 'pullback', 'structure_id': 0, 'struct_direction': -1, 'reason': 'replay_expand_pullback_side', 'effective_idx': 3112, 'structure_path_id': 'H1.main >> M15.confluence', 'use_case': 'reversal', 'parent_sid': 0, 'parent_cycle_id': 1, 'timeframe': 'M15', 'parent_tf': 'H1', 'sub_id': 3, 'started_by': 'reversal'}"
3113,STATE,STATE_CHANGED,,"{'from': 'pullback', 'to': 'pullback_range', 'structure_id': 0, 'struct_direction': -1, 'reason': 'replay_no_expand_pullback_side', 'effective_idx': 3113, 'structure_path_id': 'H1.main >> M15.confluence', 'use_case': 'reversal', 'parent_sid': 0, 'parent_cycle_id': 1, 'timeframe': 'M15', 'parent_tf': 'H1', 'sub_id': 3, 'started_by': 'reversal'}"
3116,RANGE,RANGE_UPDATED,,"{'hi': 0.57724, 'lo': 0.574, 'structure_id': 0, 'struct_direction': -1, 'structure_path_id': 'H1.main >> M15.confluence', 'use_case': 'reversal', 'parent_sid': 0, 'parent_cycle_id': 1, 'timeframe': 'M15', 'parent_tf': 'H1', 'sub_id': 3, 'started_by': 'reversal'}"
3116,STATE,STATE_CHANGED,,"{'from': 'pullback_range', 'to': 'pullback', 'structure_id': 0, 'struct_direction': -1, 'reason': 'replay_expand_pullback_side', 'effective_idx': 3116, 'structure_path_id': 'H1.main >> M15.confluence', 'use_case': 'reversal', 'parent_sid': 0, 'parent_cycle_id': 1, 'timeframe': 'M15', 'parent_tf': 'H1', 'sub_id': 3, 'started_by': 'reversal'}"
3117,STATE,STATE_CHANGED,,"{'from': 'pullback', 'to': 'pullback_range', 'structure_id': 0, 'struct_direction': -1, 'reason': 'replay_no_expand_pullback_side', 'effective_idx': 3117, 'structure_path_id': 'H1.main >> M15.confluence', 'use_case': 'reversal', 'parent_sid': 0, 'parent_cycle_id': 1, 'timeframe': 'M15', 'parent_tf': 'H1', 'sub_id': 3, 'started_by': 'reversal'}"
3120,RANGE,RANGE_UPDATED,,"{'hi': 0.57726, 'lo': 0.574, 'structure_id': 0, 'struct_direction': -1, 'structure_path_id': 'H1.main >> M15.confluence', 'use_case': 'reversal', 'parent_sid': 0, 'parent_cycle_id': 1, 'timeframe': 'M15', 'parent_tf': 'H1', 'sub_id': 3, 'started_by': 'reversal'}"
3120,STATE,STATE_CHANGED,,"{'from': 'pullback_range', 'to': 'pullback', 'structure_id': 0, 'struct_direction': -1, 'reason': 'replay_expand_pullback_side', 'effective_idx': 3120, 'structure_path_id': 'H1.main >> M15.confluence', 'use_case': 'reversal', 'parent_sid': 0, 'parent_cycle_id': 1, 'timeframe': 'M15', 'parent_tf': 'H1', 'sub_id': 3, 'started_by': 'reversal'}"
3121,STATE,STATE_CHANGED,,"{'from': 'pullback', 'to': 'pullback_range', 'structure_id': 0, 'struct_direction': -1, 'reason': 'replay_no_expand_pullback_side', 'effective_idx': 3121, 'structure_path_id': 'H1.main >> M15.confluence', 'use_case': 'reversal', 'parent_sid': 0, 'parent_cycle_id': 1, 'timeframe': 'M15', 'parent_tf': 'H1', 'sub_id': 3, 'started_by': 'reversal'}"
3123,RANGE,RANGE_UPDATED,,"{'hi': 0.5774, 'lo': 0.574, 'structure_id': 0, 'struct_direction': -1, 'structure_path_id': 'H1.main >> M15.confluence', 'use_case': 'reversal', 'parent_sid': 0, 'parent_cycle_id': 1, 'timeframe': 'M15', 'parent_tf': 'H1', 'sub_id': 3, 'started_by': 'reversal'}"
3123,STATE,STATE_CHANGED,,"{'from': 'pullback_range', 'to': 'pullback', 'structure_id': 0, 'struct_direction': -1, 'reason': 'replay_expand_pullback_side', 'effective_idx': 3123, 'structure_path_id': 'H1.main >> M15.confluence', 'use_case': 'reversal', 'parent_sid': 0, 'parent_cycle_id': 1, 'timeframe': 'M15', 'parent_tf': 'H1', 'sub_id': 3, 'started_by': 'reversal'}"
3124,STATE,STATE_CHANGED,,"{'from': 'pullback', 'to': 'pullback_range', 'structure_id': 0, 'struct_direction': -1, 'reason': 'replay_no_expand_pullback_side', 'effective_idx': 3124, 'structure_path_id': 'H1.main >> M15.confluence', 'use_case': 'reversal', 'parent_sid': 0, 'parent_cycle_id': 1, 'timeframe': 'M15', 'parent_tf': 'H1', 'sub_id': 3, 'started_by': 'reversal'}"
3139,RANGE,RANGE_UPDATED,,"{'hi': 0.57742, 'lo': 0.574, 'structure_id': 0, 'struct_direction': -1, 'structure_path_id': 'H1.main >> M15.confluence', 'use_case': 'reversal', 'parent_sid': 0, 'parent_cycle_id': 1, 'timeframe': 'M15', 'parent_tf': 'H1', 'sub_id': 3, 'started_by': 'reversal'}"
3139,STATE,STATE_CHANGED,,"{'from': 'pullback_range', 'to': 'pullback', 'structure_id': 0, 'struct_direction': -1, 'reason': 'replay_expand_pullback_side', 'effective_idx': 3139, 'structure_path_id': 'H1.main >> M15.confluence', 'use_case': 'reversal', 'parent_sid': 0, 'parent_cycle_id': 1, 'timeframe': 'M15', 'parent_tf': 'H1', 'sub_id': 3, 'started_by': 'reversal'}"
3140,RANGE,RANGE_UPDATED,,"{'hi': 0.5778, 'lo': 0.574, 'structure_id': 0, 'struct_direction': -1, 'structure_path_id': 'H1.main >> M15.confluence', 'use_case': 'reversal', 'parent_sid': 0, 'parent_cycle_id': 1, 'timeframe': 'M15', 'parent_tf': 'H1', 'sub_id': 3, 'started_by': 'reversal'}"
3141,STATE,STATE_CHANGED,,"{'from': 'pullback', 'to': 'pullback_range', 'structure_id': 0, 'struct_direction': -1, 'reason': 'replay_no_expand_pullback_side', 'effective_idx': 3141, 'structure_path_id': 'H1.main >> M15.confluence', 'use_case': 'reversal', 'parent_sid': 0, 'parent_cycle_id': 1, 'timeframe': 'M15', 'parent_tf': 'H1', 'sub_id': 3, 'started_by': 'reversal'}"
3237,RANGE,RANGE_UPDATED,,"{'hi': 0.57826, 'lo': 0.574, 'structure_id': 0, 'struct_direction': -1, 'structure_path_id': 'H1.main >> M15.confluence', 'use_case': 'reversal', 'parent_sid': 0, 'parent_cycle_id': 1, 'timeframe': 'M15', 'parent_tf': 'H1', 'sub_id': 3, 'started_by': 'reversal'}"
3237,STATE,STATE_CHANGED,,"{'from': 'pullback_range', 'to': 'pullback', 'structure_id': 0, 'struct_direction': -1, 'reason': 'replay_expand_pullback_side', 'effective_idx': 3237, 'structure_path_id': 'H1.main >> M15.confluence', 'use_case': 'reversal', 'parent_sid': 0, 'parent_cycle_id': 1, 'timeframe': 'M15', 'parent_tf': 'H1', 'sub_id': 3, 'started_by': 'reversal'}"
3238,RANGE,RANGE_UPDATED,,"{'hi': 0.57841, 'lo': 0.574, 'structure_id': 0, 'struct_direction': -1, 'structure_path_id': 'H1.main >> M15.confluence', 'use_case': 'reversal', 'parent_sid': 0, 'parent_cycle_id': 1, 'timeframe': 'M15', 'parent_tf': 'H1', 'sub_id': 3, 'started_by': 'reversal'}"
3239,RANGE,RANGE_UPDATED,,"{'hi': 0.57847, 'lo': 0.574, 'structure_id': 0, 'struct_direction': -1, 'structure_path_id': 'H1.main >> M15.confluence', 'use_case': 'reversal', 'parent_sid': 0, 'parent_cycle_id': 1, 'timeframe': 'M15', 'parent_tf': 'H1', 'sub_id': 3, 'started_by': 'reversal'}"
3240,RANGE,RANGE_UPDATED,,"{'hi': 0.57858, 'lo': 0.574, 'structure_id': 0, 'struct_direction': -1, 'structure_path_id': 'H1.main >> M15.confluence', 'use_case': 'reversal', 'parent_sid': 0, 'parent_cycle_id': 1, 'timeframe': 'M15', 'parent_tf': 'H1', 'sub_id': 3, 'started_by': 'reversal'}"
3241,RANGE,RANGE_UPDATED,,"{'hi': 0.57876, 'lo': 0.574, 'structure_id': 0, 'struct_direction': -1, 'structure_path_id': 'H1.main >> M15.confluence', 'use_case': 'reversal', 'parent_sid': 0, 'parent_cycle_id': 1, 'timeframe': 'M15', 'parent_tf': 'H1', 'sub_id': 3, 'started_by': 'reversal'}"
3242,RANGE,RANGE_UPDATED,,"{'hi': 0.57892, 'lo': 0.574, 'structure_id': 0, 'struct_direction': -1, 'structure_path_id': 'H1.main >> M15.confluence', 'use_case': 'reversal', 'parent_sid': 0, 'parent_cycle_id': 1, 'timeframe': 'M15', 'parent_tf': 'H1', 'sub_id': 3, 'started_by': 'reversal'}"
3243,RANGE,RANGE_UPDATED,,"{'hi': 0.57911, 'lo': 0.574, 'structure_id': 0, 'struct_direction': -1, 'structure_path_id': 'H1.main >> M15.confluence', 'use_case': 'reversal', 'parent_sid': 0, 'parent_cycle_id': 1, 'timeframe': 'M15', 'parent_tf': 'H1', 'sub_id': 3, 'started_by': 'reversal'}"
3244,STATE,STATE_CHANGED,,"{'from': 'pullback', 'to': 'pullback_range', 'structure_id': 0, 'struct_direction': -1, 'reason': 'replay_no_expand_pullback_side', 'effective_idx': 3244, 'structure_path_id': 'H1.main >> M15.confluence', 'use_case': 'reversal', 'parent_sid': 0, 'parent_cycle_id': 1, 'timeframe': 'M15', 'parent_tf': 'H1', 'sub_id': 3, 'started_by': 'reversal'}"
3256,RANGE,RANGE_UPDATED,,"{'hi': 0.57919, 'lo': 0.574, 'structure_id': 0, 'struct_direction': -1, 'structure_path_id': 'H1.main >> M15.confluence', 'use_case': 'reversal', 'parent_sid': 0, 'parent_cycle_id': 1, 'timeframe': 'M15', 'parent_tf': 'H1', 'sub_id': 3, 'started_by': 'reversal'}"
3256,STATE,STATE_CHANGED,,"{'from': 'pullback_range', 'to': 'pullback', 'structure_id': 0, 'struct_direction': -1, 'reason': 'replay_expand_pullback_side', 'effective_idx': 3256, 'structure_path_id': 'H1.main >> M15.confluence', 'use_case': 'reversal', 'parent_sid': 0, 'parent_cycle_id': 1, 'timeframe': 'M15', 'parent_tf': 'H1', 'sub_id': 3, 'started_by': 'reversal'}"
3257,STATE,STATE_CHANGED,,"{'from': 'pullback', 'to': 'pullback_range', 'structure_id': 0, 'struct_direction': -1, 'reason': 'replay_no_expand_pullback_side', 'effective_idx': 3257, 'structure_path_id': 'H1.main >> M15.confluence', 'use_case': 'reversal', 'parent_sid': 0, 'parent_cycle_id': 1, 'timeframe': 'M15', 'parent_tf': 'H1', 'sub_id': 3, 'started_by': 'reversal'}"
3279,RANGE,RANGE_UPDATED,,"{'hi': 0.57968, 'lo': 0.574, 'structure_id': 0, 'struct_direction': -1, 'structure_path_id': 'H1.main >> M15.confluence', 'use_case': 'reversal', 'parent_sid': 0, 'parent_cycle_id': 1, 'timeframe': 'M15', 'parent_tf': 'H1', 'sub_id': 3, 'started_by': 'reversal'}"
3279,STATE,STATE_CHANGED,,"{'from': 'pullback_range', 'to': 'pullback', 'structure_id': 0, 'struct_direction': -1, 'reason': 'replay_expand_pullback_side', 'effective_idx': 3279, 'structure_path_id': 'H1.main >> M15.confluence', 'use_case': 'reversal', 'parent_sid': 0, 'parent_cycle_id': 1, 'timeframe': 'M15', 'parent_tf': 'H1', 'sub_id': 3, 'started_by': 'reversal'}"
3280,RANGE,RANGE_UPDATED,,"{'hi': 0.57993, 'lo': 0.574, 'structure_id': 0, 'struct_direction': -1, 'structure_path_id': 'H1.main >> M15.confluence', 'use_case': 'reversal', 'parent_sid': 0, 'parent_cycle_id': 1, 'timeframe': 'M15', 'parent_tf': 'H1', 'sub_id': 3, 'started_by': 'reversal'}"
3281,STATE,STATE_CHANGED,,"{'from': 'pullback', 'to': 'pullback_range', 'structure_id': 0, 'struct_direction': -1, 'reason': 'replay_no_expand_pullback_side', 'effective_idx': 3281, 'structure_path_id': 'H1.main >> M15.confluence', 'use_case': 'reversal', 'parent_sid': 0, 'parent_cycle_id': 1, 'timeframe': 'M15', 'parent_tf': 'H1', 'sub_id': 3, 'started_by': 'reversal'}"
3282,RANGE,RANGE_UPDATED,,"{'hi': 0.57995, 'lo': 0.574, 'structure_id': 0, 'struct_direction': -1, 'structure_path_id': 'H1.main >> M15.confluence', 'use_case': 'reversal', 'parent_sid': 0, 'parent_cycle_id': 1, 'timeframe': 'M15', 'parent_tf': 'H1', 'sub_id': 3, 'started_by': 'reversal'}"
3282,STATE,STATE_CHANGED,,"{'from': 'pullback_range', 'to': 'pullback', 'structure_id': 0, 'struct_direction': -1, 'reason': 'replay_expand_pullback_side', 'effective_idx': 3282, 'structure_path_id': 'H1.main >> M15.confluence', 'use_case': 'reversal', 'parent_sid': 0, 'parent_cycle_id': 1, 'timeframe': 'M15', 'parent_tf': 'H1', 'sub_id': 3, 'started_by': 'reversal'}"
3283,RANGE,RANGE_UPDATED,,"{'hi': 0.58064, 'lo': 0.574, 'structure_id': 0, 'struct_direction': -1, 'structure_path_id': 'H1.main >> M15.confluence', 'use_case': 'reversal', 'parent_sid': 0, 'parent_cycle_id': 1, 'timeframe': 'M15', 'parent_tf': 'H1', 'sub_id': 3, 'started_by': 'reversal'}"
3284,STATE,STATE_CHANGED,,"{'from': 'pullback', 'to': 'pullback_range', 'structure_id': 0, 'struct_direction': -1, 'reason': 'replay_no_expand_pullback_side', 'effective_idx': 3284, 'structure_path_id': 'H1.main >> M15.confluence', 'use_case': 'reversal', 'parent_sid': 0, 'parent_cycle_id': 1, 'timeframe': 'M15', 'parent_tf': 'H1', 'sub_id': 3, 'started_by': 'reversal'}"
3299,RANGE,RANGE_UPDATED,,"{'hi': 0.58078, 'lo': 0.574, 'structure_id': 0, 'struct_direction': -1, 'structure_path_id': 'H1.main >> M15.confluence', 'use_case': 'reversal', 'parent_sid': 0, 'parent_cycle_id': 1, 'timeframe': 'M15', 'parent_tf': 'H1', 'sub_id': 3, 'started_by': 'reversal'}"
3299,STATE,STATE_CHANGED,,"{'from': 'pullback_range', 'to': 'pullback', 'structure_id': 0, 'struct_direction': -1, 'reason': 'replay_expand_pullback_side', 'effective_idx': 3299, 'structure_path_id': 'H1.main >> M15.confluence', 'use_case': 'reversal', 'parent_sid': 0, 'parent_cycle_id': 1, 'timeframe': 'M15', 'parent_tf': 'H1', 'sub_id': 3, 'started_by': 'reversal'}"
3300,RANGE,RANGE_UPDATED,,"{'hi': 0.581, 'lo': 0.574, 'structure_id': 0, 'struct_direction': -1, 'structure_path_id': 'H1.main >> M15.confluence', 'use_case': 'reversal', 'parent_sid': 0, 'parent_cycle_id': 1, 'timeframe': 'M15', 'parent_tf': 'H1', 'sub_id': 3, 'started_by': 'reversal'}"
3301,STATE,STATE_CHANGED,,"{'from': 'pullback', 'to': 'pullback_range', 'structure_id': 0, 'struct_direction': -1, 'reason': 'replay_no_expand_pullback_side', 'effective_idx': 3301, 'structure_path_id': 'H1.main >> M15.confluence', 'use_case': 'reversal', 'parent_sid': 0, 'parent_cycle_id': 1, 'timeframe': 'M15', 'parent_tf': 'H1', 'sub_id': 3, 'started_by': 'reversal'}"
3304,RANGE,RANGE_UPDATED,,"{'hi': 0.58105, 'lo': 0.574, 'structure_id': 0, 'struct_direction': -1, 'structure_path_id': 'H1.main >> M15.confluence', 'use_case': 'reversal', 'parent_sid': 0, 'parent_cycle_id': 1, 'timeframe': 'M15', 'parent_tf': 'H1', 'sub_id': 3, 'started_by': 'reversal'}"
3304,STATE,STATE_CHANGED,,"{'from': 'pullback_range', 'to': 'pullback', 'structure_id': 0, 'struct_direction': -1, 'reason': 'replay_expand_pullback_side', 'effective_idx': 3304, 'structure_path_id': 'H1.main >> M15.confluence', 'use_case': 'reversal', 'parent_sid': 0, 'parent_cycle_id': 1, 'timeframe': 'M15', 'parent_tf': 'H1', 'sub_id': 3, 'started_by': 'reversal'}"
3305,STATE,STATE_CHANGED,,"{'from': 'pullback', 'to': 'pullback_range', 'structure_id': 0, 'struct_direction': -1, 'reason': 'replay_no_expand_pullback_side', 'effective_idx': 3305, 'structure_path_id': 'H1.main >> M15.confluence', 'use_case': 'reversal', 'parent_sid': 0, 'parent_cycle_id': 1, 'timeframe': 'M15', 'parent_tf': 'H1', 'sub_id': 3, 'started_by': 'reversal'}"
3521,RANGE,RANGE_UPDATED,,"{'hi': 0.58105, 'lo': 0.57376, 'structure_id': 0, 'struct_direction': -1, 'structure_path_id': 'H1.main >> M15.confluence', 'use_case': 'reversal', 'parent_sid': 0, 'parent_cycle_id': 1, 'timeframe': 'M15', 'parent_tf': 'H1', 'sub_id': 3, 'started_by': 'reversal'}"
3521,STRUCTURE,CTS_THRESHOLD_UPDATED,0.57376,"{'prev': 0.574, 'reason': 'range_sync', 'cycle_id': 2, 'structure_id': 0, 'struct_direction': -1, 'structure_path_id': 'H1.main >> M15.confluence', 'use_case': 'reversal', 'parent_sid': 0, 'parent_cycle_id': 1, 'timeframe': 'M15', 'parent_tf': 'H1', 'sub_id': 3, 'started_by': 'reversal'}"
3589,RANGE,RANGE_RESET,,"{'reason': 'range_breakout', 'pat': 'one_maru_continuous', 'structure_id': 0, 'struct_direction': -1, 'structure_path_id': 'H1.main >> M15.confluence', 'use_case': 'reversal', 'parent_sid': 0, 'parent_cycle_id': 1, 'timeframe': 'M15', 'parent_tf': 'H1', 'sub_id': 3, 'started_by': 'reversal'}"
3589,STRUCTURE,CTS_ESTABLISHED,0.57318,"{'via': 'one_maru_continuous', 'pattern_anchor_idx': 3588, 'pattern_name': 'one_maru_continuous', 'confirmed_at': 3589, 'cycle_id': 3, 'structure_id': 0, 'struct_direction': -1, 'cts_anchor_idx': 3589, 'structure_path_id': 'H1.main >> M15.confluence', 'use_case': 'reversal', 'parent_sid': 0, 'parent_cycle_id': 1, 'timeframe': 'M15', 'parent_tf': 'H1', 'sub_id': 3, 'started_by': 'reversal'}"
3589,STRUCTURE,BOS_CONFIRMED,0.58105,"{'source': 'pullback_extreme', 'confirmed_at': 3589, 'last_pullback_apply_idx': 3086, 'cycle_id': 3, 'structure_id': 0, 'struct_direction': -1, 'bos_anchor_idx': 3304, 'structure_path_id': 'H1.main >> M15.confluence', 'use_case': 'reversal', 'parent_sid': 0, 'parent_cycle_id': 1, 'timeframe': 'M15', 'parent_tf': 'H1', 'sub_id': 3, 'started_by': 'reversal'}"
3589,STATE,STATE_CHANGED,,"{'from': 'pullback_range', 'to': 'breakout', 'structure_id': 0, 'struct_direction': -1, 'reason': 'breakout_pattern', 'pat': 'one_maru_continuous', 'effective_idx': 3589, 'structure_path_id': 'H1.main >> M15.confluence', 'use_case': 'reversal', 'parent_sid': 0, 'parent_cycle_id': 1, 'timeframe': 'M15', 'parent_tf': 'H1', 'sub_id': 3, 'started_by': 'reversal'}"
3590,STRUCTURE,CTS_UPDATED,0.57314,"{'via': 'replay_raw', 'cycle_id': 3, 'structure_id': 0, 'struct_direction': -1, 'structure_path_id': 'H1.main >> M15.confluence', 'use_case': 'reversal', 'parent_sid': 0, 'parent_cycle_id': 1, 'timeframe': 'M15', 'parent_tf': 'H1', 'sub_id': 3, 'started_by': 'reversal'}"
3591,STRUCTURE,CTS_UPDATED,0.57305,"{'via': 'replay_raw', 'cycle_id': 3, 'structure_id': 0, 'struct_direction': -1, 'structure_path_id': 'H1.main >> M15.confluence', 'use_case': 'reversal', 'parent_sid': 0, 'parent_cycle_id': 1, 'timeframe': 'M15', 'parent_tf': 'H1', 'sub_id': 3, 'started_by': 'reversal'}"
3592,STRUCTURE,CTS_UPDATED,0.57298,"{'via': 'replay_raw', 'cycle_id': 3, 'structure_id': 0, 'struct_direction': -1, 'structure_path_id': 'H1.main >> M15.confluence', 'use_case': 'reversal', 'parent_sid': 0, 'parent_cycle_id': 1, 'timeframe': 'M15', 'parent_tf': 'H1', 'sub_id': 3, 'started_by': 'reversal'}"
3593,STRUCTURE,CTS_UPDATED,0.57282,"{'via': 'replay_raw', 'cycle_id': 3, 'structure_id': 0, 'struct_direction': -1, 'structure_path_id': 'H1.main >> M15.confluence', 'use_case': 'reversal', 'parent_sid': 0, 'parent_cycle_id': 1, 'timeframe': 'M15', 'parent_tf': 'H1', 'sub_id': 3, 'started_by': 'reversal'}"
3594,STRUCTURE,CTS_UPDATED,0.57272,"{'via': 'replay_raw', 'cycle_id': 3, 'structure_id': 0, 'struct_direction': -1, 'structure_path_id': 'H1.main >> M15.confluence', 'use_case': 'reversal', 'parent_sid': 0, 'parent_cycle_id': 1, 'timeframe': 'M15', 'parent_tf': 'H1', 'sub_id': 3, 'started_by': 'reversal'}"
3595,RANGE,RANGE_STARTED,,"{'start_idx': 3590, 'confirm_idx': 3595, 'hi': 0.57344, 'lo': 0.57272, 'cts_anchor_idx': 3594, 'cts_price': 0.57272, 'structure_id': 0, 'struct_direction': -1, 'structure_path_id': 'H1.main >> M15.confluence', 'use_case': 'reversal', 'parent_sid': 0, 'parent_cycle_id': 1, 'timeframe': 'M15', 'parent_tf': 'H1', 'sub_id': 3, 'started_by': 'reversal'}"
3595,STATE,STATE_CHANGED,,"{'from': 'breakout', 'to': 'range', 'structure_id': 0, 'struct_direction': -1, 'reason': 'range_confirmed', 'effective_idx': 3590, 'structure_path_id': 'H1.main >> M15.confluence', 'use_case': 'reversal', 'parent_sid': 0, 'parent_cycle_id': 1, 'timeframe': 'M15', 'parent_tf': 'H1', 'sub_id': 3, 'started_by': 'reversal'}"
3592,RANGE,RANGE_UPDATED,,"{'hi': 0.57345, 'lo': 0.57272, 'structure_id': 0, 'struct_direction': -1, 'structure_path_id': 'H1.main >> M15.confluence', 'use_case': 'reversal', 'parent_sid': 0, 'parent_cycle_id': 1, 'timeframe': 'M15', 'parent_tf': 'H1', 'sub_id': 3, 'started_by': 'reversal'}"
3596,RANGE,RANGE_UPDATED,,"{'hi': 0.57347, 'lo': 0.57272, 'structure_id': 0, 'struct_direction': -1, 'structure_path_id': 'H1.main >> M15.confluence', 'use_case': 'reversal', 'parent_sid': 0, 'parent_cycle_id': 1, 'timeframe': 'M15', 'parent_tf': 'H1', 'sub_id': 3, 'started_by': 'reversal'}"
3601,RANGE,RANGE_UPDATED,,"{'hi': 0.57347, 'lo': 0.57269, 'structure_id': 0, 'struct_direction': -1, 'structure_path_id': 'H1.main >> M15.confluence', 'use_case': 'reversal', 'parent_sid': 0, 'parent_cycle_id': 1, 'timeframe': 'M15', 'parent_tf': 'H1', 'sub_id': 3, 'started_by': 'reversal'}"
3601,STRUCTURE,CTS_UPDATED,0.57269,"{'via': 'replay_raw', 'cycle_id': 3, 'structure_id': 0, 'struct_direction': -1, 'structure_path_id': 'H1.main >> M15.confluence', 'use_case': 'reversal', 'parent_sid': 0, 'parent_cycle_id': 1, 'timeframe': 'M15', 'parent_tf': 'H1', 'sub_id': 3, 'started_by': 'reversal'}"
3602,RANGE,RANGE_UPDATED,,"{'hi': 0.57347, 'lo': 0.57264, 'structure_id': 0, 'struct_direction': -1, 'structure_path_id': 'H1.main >> M15.confluence', 'use_case': 'reversal', 'parent_sid': 0, 'parent_cycle_id': 1, 'timeframe': 'M15', 'parent_tf': 'H1', 'sub_id': 3, 'started_by': 'reversal'}"
3602,STRUCTURE,CTS_UPDATED,0.57264,"{'via': 'replay_raw', 'cycle_id': 3, 'structure_id': 0, 'struct_direction': -1, 'structure_path_id': 'H1.main >> M15.confluence', 'use_case': 'reversal', 'parent_sid': 0, 'parent_cycle_id': 1, 'timeframe': 'M15', 'parent_tf': 'H1', 'sub_id': 3, 'started_by': 'reversal'}"
3605,RANGE,RANGE_UPDATED,,"{'hi': 0.57347, 'lo': 0.57263, 'structure_id': 0, 'struct_direction': -1, 'structure_path_id': 'H1.main >> M15.confluence', 'use_case': 'reversal', 'parent_sid': 0, 'parent_cycle_id': 1, 'timeframe': 'M15', 'parent_tf': 'H1', 'sub_id': 3, 'started_by': 'reversal'}"
3605,STRUCTURE,CTS_UPDATED,0.57263,"{'via': 'replay_raw', 'cycle_id': 3, 'structure_id': 0, 'struct_direction': -1, 'structure_path_id': 'H1.main >> M15.confluence', 'use_case': 'reversal', 'parent_sid': 0, 'parent_cycle_id': 1, 'timeframe': 'M15', 'parent_tf': 'H1', 'sub_id': 3, 'started_by': 'reversal'}"
3608,RANGE,RANGE_UPDATED,,"{'hi': 0.57347, 'lo': 0.57258, 'structure_id': 0, 'struct_direction': -1, 'structure_path_id': 'H1.main >> M15.confluence', 'use_case': 'reversal', 'parent_sid': 0, 'parent_cycle_id': 1, 'timeframe': 'M15', 'parent_tf': 'H1', 'sub_id': 3, 'started_by': 'reversal'}"
3608,STRUCTURE,CTS_UPDATED,0.57258,"{'via': 'replay_raw', 'cycle_id': 3, 'structure_id': 0, 'struct_direction': -1, 'structure_path_id': 'H1.main >> M15.confluence', 'use_case': 'reversal', 'parent_sid': 0, 'parent_cycle_id': 1, 'timeframe': 'M15', 'parent_tf': 'H1', 'sub_id': 3, 'started_by': 'reversal'}"
3609,RANGE,RANGE_UPDATED,,"{'hi': 0.57347, 'lo': 0.57234, 'structure_id': 0, 'struct_direction': -1, 'structure_path_id': 'H1.main >> M15.confluence', 'use_case': 'reversal', 'parent_sid': 0, 'parent_cycle_id': 1, 'timeframe': 'M15', 'parent_tf': 'H1', 'sub_id': 3, 'started_by': 'reversal'}"
3609,STRUCTURE,CTS_UPDATED,0.57234,"{'via': 'replay_raw', 'cycle_id': 3, 'structure_id': 0, 'struct_direction': -1, 'structure_path_id': 'H1.main >> M15.confluence', 'use_case': 'reversal', 'parent_sid': 0, 'parent_cycle_id': 1, 'timeframe': 'M15', 'parent_tf': 'H1', 'sub_id': 3, 'started_by': 'reversal'}"
3610,RANGE,RANGE_UPDATED,,"{'hi': 0.57347, 'lo': 0.5723, 'structure_id': 0, 'struct_direction': -1, 'structure_path_id': 'H1.main >> M15.confluence', 'use_case': 'reversal', 'parent_sid': 0, 'parent_cycle_id': 1, 'timeframe': 'M15', 'parent_tf': 'H1', 'sub_id': 3, 'started_by': 'reversal'}"
3610,STRUCTURE,CTS_UPDATED,0.5723,"{'via': 'replay_raw', 'cycle_id': 3, 'structure_id': 0, 'struct_direction': -1, 'structure_path_id': 'H1.main >> M15.confluence', 'use_case': 'reversal', 'parent_sid': 0, 'parent_cycle_id': 1, 'timeframe': 'M15', 'parent_tf': 'H1', 'sub_id': 3, 'started_by': 'reversal'}"
3611,RANGE,RANGE_UPDATED,,"{'hi': 0.57347, 'lo': 0.57228, 'structure_id': 0, 'struct_direction': -1, 'structure_path_id': 'H1.main >> M15.confluence', 'use_case': 'reversal', 'parent_sid': 0, 'parent_cycle_id': 1, 'timeframe': 'M15', 'parent_tf': 'H1', 'sub_id': 3, 'started_by': 'reversal'}"
3611,STRUCTURE,CTS_UPDATED,0.57228,"{'via': 'replay_raw', 'cycle_id': 3, 'structure_id': 0, 'struct_direction': -1, 'structure_path_id': 'H1.main >> M15.confluence', 'use_case': 'reversal', 'parent_sid': 0, 'parent_cycle_id': 1, 'timeframe': 'M15', 'parent_tf': 'H1', 'sub_id': 3, 'started_by': 'reversal'}"
3306,STRUCTURE,CTS_ESTABLISHED,0.57965,"{'via': 'one_maru_continuous', 'pattern_anchor_idx': 3305, 'pattern_name': 'one_maru_continuous', 'confirmed_at': 3306, 'cycle_id': 0, 'structure_id': 0, 'struct_direction': -1, 'cts_anchor_idx': 3306, 'structure_path_id': 'H1.main >> M15.confluence', 'use_case': 'first_confluence', 'parent_sid': 1, 'parent_cycle_id': 2, 'timeframe': 'M15', 'parent_tf': 'H1', 'sub_id': 4, 'started_by': 'first_confluence'}"
3306,STRUCTURE,BOS_CONFIRMED,0.58105,"{'source': 'initial_prior_extreme', 'confirmed_at': 3306, 'last_pullback_apply_idx': None, 'cycle_id': 0, 'structure_id': 0, 'struct_direction': -1, 'bos_anchor_idx': 3304, 'structure_path_id': 'H1.main >> M15.confluence', 'use_case': 'first_confluence', 'parent_sid': 1, 'parent_cycle_id': 2, 'timeframe': 'M15', 'parent_tf': 'H1', 'sub_id': 4, 'started_by': 'first_confluence'}"
3306,STATE,STATE_CHANGED,,"{'from': 'none', 'to': 'breakout', 'structure_id': 0, 'struct_direction': -1, 'reason': 'breakout_pattern', 'pat': 'one_maru_continuous', 'effective_idx': 3306, 'structure_path_id': 'H1.main >> M15.confluence', 'use_case': 'first_confluence', 'parent_sid': 1, 'parent_cycle_id': 2, 'timeframe': 'M15', 'parent_tf': 'H1', 'sub_id': 4, 'started_by': 'first_confluence'}"
3307,STRUCTURE,CTS_UPDATED,0.57951,"{'via': 'replay_raw', 'cycle_id': 0, 'structure_id': 0, 'struct_direction': -1, 'structure_path_id': 'H1.main >> M15.confluence', 'use_case': 'first_confluence', 'parent_sid': 1, 'parent_cycle_id': 2, 'timeframe': 'M15', 'parent_tf': 'H1', 'sub_id': 4, 'started_by': 'first_confluence'}"
3308,STRUCTURE,CTS_UPDATED,0.57912,"{'via': 'replay_raw', 'cycle_id': 0, 'structure_id': 0, 'struct_direction': -1, 'structure_path_id': 'H1.main >> M15.confluence', 'use_case': 'first_confluence', 'parent_sid': 1, 'parent_cycle_id': 2, 'timeframe': 'M15', 'parent_tf': 'H1', 'sub_id': 4, 'started_by': 'first_confluence'}"
3309,STRUCTURE,CTS_UPDATED,0.57896,"{'via': 'replay_raw', 'cycle_id': 0, 'structure_id': 0, 'struct_direction': -1, 'structure_path_id': 'H1.main >> M15.confluence', 'use_case': 'first_confluence', 'parent_sid': 1, 'parent_cycle_id': 2, 'timeframe': 'M15', 'parent_tf': 'H1', 'sub_id': 4, 'started_by': 'first_confluence'}"
3311,RANGE,RANGE_STARTED,,"{'start_idx': 3309, 'confirm_idx': 3311, 'hi': 0.57948, 'lo': 0.57896, 'cts_anchor_idx': 3309, 'cts_price': 0.57896, 'structure_id': 0, 'struct_direction': -1, 'structure_path_id': 'H1.main >> M15.confluence', 'use_case': 'first_confluence', 'parent_sid': 1, 'parent_cycle_id': 2, 'timeframe': 'M15', 'parent_tf': 'H1', 'sub_id': 4, 'started_by': 'first_confluence'}"
3311,STATE,STATE_CHANGED,,"{'from': 'breakout', 'to': 'range', 'structure_id': 0, 'struct_direction': -1, 'reason': 'range_confirmed', 'effective_idx': 3309, 'structure_path_id': 'H1.main >> M15.confluence', 'use_case': 'first_confluence', 'parent_sid': 1, 'parent_cycle_id': 2, 'timeframe': 'M15', 'parent_tf': 'H1', 'sub_id': 4, 'started_by': 'first_confluence'}"
3310,RANGE,RANGE_UPDATED,,"{'hi': 0.57949, 'lo': 0.57896, 'structure_id': 0, 'struct_direction': -1, 'structure_path_id': 'H1.main >> M15.confluence', 'use_case': 'first_confluence', 'parent_sid': 1, 'parent_cycle_id': 2, 'timeframe': 'M15', 'parent_tf': 'H1', 'sub_id': 4, 'started_by': 'first_confluence'}"
3311,RANGE,RANGE_UPDATED,,"{'hi': 0.57964, 'lo': 0.57896, 'structure_id': 0, 'struct_direction': -1, 'structure_path_id': 'H1.main >> M15.confluence', 'use_case': 'first_confluence', 'parent_sid': 1, 'parent_cycle_id': 2, 'timeframe': 'M15', 'parent_tf': 'H1', 'sub_id': 4, 'started_by': 'first_confluence'}"
3312,RANGE,RANGE_UPDATED,,"{'hi': 0.57964, 'lo': 0.57884, 'structure_id': 0, 'struct_direction': -1, 'structure_path_id': 'H1.main >> M15.confluence', 'use_case': 'first_confluence', 'parent_sid': 1, 'parent_cycle_id': 2, 'timeframe': 'M15', 'parent_tf': 'H1', 'sub_id': 4, 'started_by': 'first_confluence'}"
3312,STRUCTURE,CTS_UPDATED,0.57884,"{'via': 'replay_raw', 'cycle_id': 0, 'structure_id': 0, 'struct_direction': -1, 'structure_path_id': 'H1.main >> M15.confluence', 'use_case': 'first_confluence', 'parent_sid': 1, 'parent_cycle_id': 2, 'timeframe': 'M15', 'parent_tf': 'H1', 'sub_id': 4, 'started_by': 'first_confluence'}"
3316,RANGE,RANGE_UPDATED,,"{'hi': 0.57964, 'lo': 0.5786, 'structure_id': 0, 'struct_direction': -1, 'structure_path_id': 'H1.main >> M15.confluence', 'use_case': 'first_confluence', 'parent_sid': 1, 'parent_cycle_id': 2, 'timeframe': 'M15', 'parent_tf': 'H1', 'sub_id': 4, 'started_by': 'first_confluence'}"
3316,STRUCTURE,CTS_UPDATED,0.5786,"{'via': 'replay_raw', 'cycle_id': 0, 'structure_id': 0, 'struct_direction': -1, 'structure_path_id': 'H1.main >> M15.confluence', 'use_case': 'first_confluence', 'parent_sid': 1, 'parent_cycle_id': 2, 'timeframe': 'M15', 'parent_tf': 'H1', 'sub_id': 4, 'started_by': 'first_confluence'}"
3322,RANGE,RANGE_UPDATED,,"{'hi': 0.57964, 'lo': 0.57839, 'structure_id': 0, 'struct_direction': -1, 'structure_path_id': 'H1.main >> M15.confluence', 'use_case': 'first_confluence', 'parent_sid': 1, 'parent_cycle_id': 2, 'timeframe': 'M15', 'parent_tf': 'H1', 'sub_id': 4, 'started_by': 'first_confluence'}"
3322,STRUCTURE,CTS_UPDATED,0.57839,"{'via': 'replay_raw', 'cycle_id': 0, 'structure_id': 0, 'struct_direction': -1, 'structure_path_id': 'H1.main >> M15.confluence', 'use_case': 'first_confluence', 'parent_sid': 1, 'parent_cycle_id': 2, 'timeframe': 'M15', 'parent_tf': 'H1', 'sub_id': 4, 'started_by': 'first_confluence'}"
3323,RANGE,RANGE_UPDATED,,"{'hi': 0.57964, 'lo': 0.57829, 'structure_id': 0, 'struct_direction': -1, 'structure_path_id': 'H1.main >> M15.confluence', 'use_case': 'first_confluence', 'parent_sid': 1, 'parent_cycle_id': 2, 'timeframe': 'M15', 'parent_tf': 'H1', 'sub_id': 4, 'started_by': 'first_confluence'}"
3323,STRUCTURE,CTS_UPDATED,0.57829,"{'via': 'replay_raw', 'cycle_id': 0, 'structure_id': 0, 'struct_direction': -1, 'structure_path_id': 'H1.main >> M15.confluence', 'use_case': 'first_confluence', 'parent_sid': 1, 'parent_cycle_id': 2, 'timeframe': 'M15', 'parent_tf': 'H1', 'sub_id': 4, 'started_by': 'first_confluence'}"
3324,RANGE,RANGE_UPDATED,,"{'hi': 0.57964, 'lo': 0.57816, 'structure_id': 0, 'struct_direction': -1, 'structure_path_id': 'H1.main >> M15.confluence', 'use_case': 'first_confluence', 'parent_sid': 1, 'parent_cycle_id': 2, 'timeframe': 'M15', 'parent_tf': 'H1', 'sub_id': 4, 'started_by': 'first_confluence'}"
3324,STRUCTURE,CTS_UPDATED,0.57816,"{'via': 'replay_raw', 'cycle_id': 0, 'structure_id': 0, 'struct_direction': -1, 'structure_path_id': 'H1.main >> M15.confluence', 'use_case': 'first_confluence', 'parent_sid': 1, 'parent_cycle_id': 2, 'timeframe': 'M15', 'parent_tf': 'H1', 'sub_id': 4, 'started_by': 'first_confluence'}"
3328,RANGE,RANGE_UPDATED,,"{'hi': 0.57968, 'lo': 0.57816, 'structure_id': 0, 'struct_direction': -1, 'structure_path_id': 'H1.main >> M15.confluence', 'use_case': 'first_confluence', 'parent_sid': 1, 'parent_cycle_id': 2, 'timeframe': 'M15', 'parent_tf': 'H1', 'sub_id': 4, 'started_by': 'first_confluence'}"
3331,RANGE,RANGE_UPDATED,,"{'hi': 0.57979, 'lo': 0.57816, 'structure_id': 0, 'struct_direction': -1, 'structure_path_id': 'H1.main >> M15.confluence', 'use_case': 'first_confluence', 'parent_sid': 1, 'parent_cycle_id': 2, 'timeframe': 'M15', 'parent_tf': 'H1', 'sub_id': 4, 'started_by': 'first_confluence'}"
3333,RANGE,RANGE_UPDATED,,"{'hi': 0.57979, 'lo': 0.57785, 'structure_id': 0, 'struct_direction': -1, 'structure_path_id': 'H1.main >> M15.confluence', 'use_case': 'first_confluence', 'parent_sid': 1, 'parent_cycle_id': 2, 'timeframe': 'M15', 'parent_tf': 'H1', 'sub_id': 4, 'started_by': 'first_confluence'}"
3333,STRUCTURE,CTS_UPDATED,0.57785,"{'via': 'replay_raw', 'cycle_id': 0, 'structure_id': 0, 'struct_direction': -1, 'structure_path_id': 'H1.main >> M15.confluence', 'use_case': 'first_confluence', 'parent_sid': 1, 'parent_cycle_id': 2, 'timeframe': 'M15', 'parent_tf': 'H1', 'sub_id': 4, 'started_by': 'first_confluence'}"
3334,RANGE,RANGE_UPDATED,,"{'hi': 0.57979, 'lo': 0.57718, 'structure_id': 0, 'struct_direction': -1, 'structure_path_id': 'H1.main >> M15.confluence', 'use_case': 'first_confluence', 'parent_sid': 1, 'parent_cycle_id': 2, 'timeframe': 'M15', 'parent_tf': 'H1', 'sub_id': 4, 'started_by': 'first_confluence'}"
3334,STRUCTURE,CTS_UPDATED,0.57718,"{'via': 'replay_raw', 'cycle_id': 0, 'structure_id': 0, 'struct_direction': -1, 'structure_path_id': 'H1.main >> M15.confluence', 'use_case': 'first_confluence', 'parent_sid': 1, 'parent_cycle_id': 2, 'timeframe': 'M15', 'parent_tf': 'H1', 'sub_id': 4, 'started_by': 'first_confluence'}"
3336,RANGE,RANGE_UPDATED,,"{'hi': 0.57979, 'lo': 0.57688, 'structure_id': 0, 'struct_direction': -1, 'structure_path_id': 'H1.main >> M15.confluence', 'use_case': 'first_confluence', 'parent_sid': 1, 'parent_cycle_id': 2, 'timeframe': 'M15', 'parent_tf': 'H1', 'sub_id': 4, 'started_by': 'first_confluence'}"
3336,STRUCTURE,CTS_UPDATED,0.57688,"{'via': 'replay_raw', 'cycle_id': 0, 'structure_id': 0, 'struct_direction': -1, 'structure_path_id': 'H1.main >> M15.confluence', 'use_case': 'first_confluence', 'parent_sid': 1, 'parent_cycle_id': 2, 'timeframe': 'M15', 'parent_tf': 'H1', 'sub_id': 4, 'started_by': 'first_confluence'}"
3465,RANGE,RANGE_UPDATED,,"{'hi': 0.57979, 'lo': 0.57671, 'structure_id': 0, 'struct_direction': -1, 'structure_path_id': 'H1.main >> M15.confluence', 'use_case': 'first_confluence', 'parent_sid': 1, 'parent_cycle_id': 2, 'timeframe': 'M15', 'parent_tf': 'H1', 'sub_id': 4, 'started_by': 'first_confluence'}"
3465,STRUCTURE,CTS_UPDATED,0.57671,"{'via': 'replay_raw', 'cycle_id': 0, 'structure_id': 0, 'struct_direction': -1, 'structure_path_id': 'H1.main >> M15.confluence', 'use_case': 'first_confluence', 'parent_sid': 1, 'parent_cycle_id': 2, 'timeframe': 'M15', 'parent_tf': 'H1', 'sub_id': 4, 'started_by': 'first_confluence'}"
3467,RANGE,RANGE_UPDATED,,"{'hi': 0.57979, 'lo': 0.57668, 'structure_id': 0, 'struct_direction': -1, 'structure_path_id': 'H1.main >> M15.confluence', 'use_case': 'first_confluence', 'parent_sid': 1, 'parent_cycle_id': 2, 'timeframe': 'M15', 'parent_tf': 'H1', 'sub_id': 4, 'started_by': 'first_confluence'}"
3467,STRUCTURE,CTS_UPDATED,0.57668,"{'via': 'replay_raw', 'cycle_id': 0, 'structure_id': 0, 'struct_direction': -1, 'structure_path_id': 'H1.main >> M15.confluence', 'use_case': 'first_confluence', 'parent_sid': 1, 'parent_cycle_id': 2, 'timeframe': 'M15', 'parent_tf': 'H1', 'sub_id': 4, 'started_by': 'first_confluence'}"
3468,RANGE,RANGE_UPDATED,,"{'hi': 0.57979, 'lo': 0.57667, 'structure_id': 0, 'struct_direction': -1, 'structure_path_id': 'H1.main >> M15.confluence', 'use_case': 'first_confluence', 'parent_sid': 1, 'parent_cycle_id': 2, 'timeframe': 'M15', 'parent_tf': 'H1', 'sub_id': 4, 'started_by': 'first_confluence'}"
3468,STRUCTURE,CTS_UPDATED,0.57667,"{'via': 'replay_raw', 'cycle_id': 0, 'structure_id': 0, 'struct_direction': -1, 'structure_path_id': 'H1.main >> M15.confluence', 'use_case': 'first_confluence', 'parent_sid': 1, 'parent_cycle_id': 2, 'timeframe': 'M15', 'parent_tf': 'H1', 'sub_id': 4, 'started_by': 'first_confluence'}"
3470,RANGE,RANGE_UPDATED,,"{'hi': 0.57979, 'lo': 0.57658, 'structure_id': 0, 'struct_direction': -1, 'structure_path_id': 'H1.main >> M15.confluence', 'use_case': 'first_confluence', 'parent_sid': 1, 'parent_cycle_id': 2, 'timeframe': 'M15', 'parent_tf': 'H1', 'sub_id': 4, 'started_by': 'first_confluence'}"
3470,STRUCTURE,CTS_UPDATED,0.57658,"{'via': 'replay_raw', 'cycle_id': 0, 'structure_id': 0, 'struct_direction': -1, 'structure_path_id': 'H1.main >> M15.confluence', 'use_case': 'first_confluence', 'parent_sid': 1, 'parent_cycle_id': 2, 'timeframe': 'M15', 'parent_tf': 'H1', 'sub_id': 4, 'started_by': 'first_confluence'}"
3472,RANGE,RANGE_UPDATED,,"{'hi': 0.57979, 'lo': 0.57656, 'structure_id': 0, 'struct_direction': -1, 'structure_path_id': 'H1.main >> M15.confluence', 'use_case': 'first_confluence', 'parent_sid': 1, 'parent_cycle_id': 2, 'timeframe': 'M15', 'parent_tf': 'H1', 'sub_id': 4, 'started_by': 'first_confluence'}"
3472,STRUCTURE,CTS_UPDATED,0.57656,"{'via': 'replay_raw', 'cycle_id': 0, 'structure_id': 0, 'struct_direction': -1, 'structure_path_id': 'H1.main >> M15.confluence', 'use_case': 'first_confluence', 'parent_sid': 1, 'parent_cycle_id': 2, 'timeframe': 'M15', 'parent_tf': 'H1', 'sub_id': 4, 'started_by': 'first_confluence'}"
3473,RANGE,RANGE_UPDATED,,"{'hi': 0.57979, 'lo': 0.57619, 'structure_id': 0, 'struct_direction': -1, 'structure_path_id': 'H1.main >> M15.confluence', 'use_case': 'first_confluence', 'parent_sid': 1, 'parent_cycle_id': 2, 'timeframe': 'M15', 'parent_tf': 'H1', 'sub_id': 4, 'started_by': 'first_confluence'}"
3473,STRUCTURE,CTS_UPDATED,0.57619,"{'via': 'replay_raw', 'cycle_id': 0, 'structure_id': 0, 'struct_direction': -1, 'structure_path_id': 'H1.main >> M15.confluence', 'use_case': 'first_confluence', 'parent_sid': 1, 'parent_cycle_id': 2, 'timeframe': 'M15', 'parent_tf': 'H1', 'sub_id': 4, 'started_by': 'first_confluence'}"
3485,RANGE,RANGE_UPDATED,,"{'hi': 0.57979, 'lo': 0.57606, 'structure_id': 0, 'struct_direction': -1, 'structure_path_id': 'H1.main >> M15.confluence', 'use_case': 'first_confluence', 'parent_sid': 1, 'parent_cycle_id': 2, 'timeframe': 'M15', 'parent_tf': 'H1', 'sub_id': 4, 'started_by': 'first_confluence'}"
3485,STRUCTURE,CTS_UPDATED,0.57606,"{'via': 'replay_raw', 'cycle_id': 0, 'structure_id': 0, 'struct_direction': -1, 'structure_path_id': 'H1.main >> M15.confluence', 'use_case': 'first_confluence', 'parent_sid': 1, 'parent_cycle_id': 2, 'timeframe': 'M15', 'parent_tf': 'H1', 'sub_id': 4, 'started_by': 'first_confluence'}"
3487,RANGE,RANGE_UPDATED,,"{'hi': 0.57979, 'lo': 0.57604, 'structure_id': 0, 'struct_direction': -1, 'structure_path_id': 'H1.main >> M15.confluence', 'use_case': 'first_confluence', 'parent_sid': 1, 'parent_cycle_id': 2, 'timeframe': 'M15', 'parent_tf': 'H1', 'sub_id': 4, 'started_by': 'first_confluence'}"
3487,STRUCTURE,CTS_UPDATED,0.57604,"{'via': 'replay_raw', 'cycle_id': 0, 'structure_id': 0, 'struct_direction': -1, 'structure_path_id': 'H1.main >> M15.confluence', 'use_case': 'first_confluence', 'parent_sid': 1, 'parent_cycle_id': 2, 'timeframe': 'M15', 'parent_tf': 'H1', 'sub_id': 4, 'started_by': 'first_confluence'}"
3488,STRUCTURE,CTS_UPDATED,0.57566,"{'via': 'replay_raw', 'cycle_id': 0, 'structure_id': 0, 'struct_direction': -1, 'structure_path_id': 'H1.main >> M15.confluence', 'use_case': 'first_confluence', 'parent_sid': 1, 'parent_cycle_id': 2, 'timeframe': 'M15', 'parent_tf': 'H1', 'sub_id': 4, 'started_by': 'first_confluence'}"
3489,RANGE,RANGE_RESET,,"{'reason': 'range_breakout', 'pat': 'one_maru_continuous', 'structure_id': 0, 'struct_direction': -1, 'structure_path_id': 'H1.main >> M15.confluence', 'use_case': 'first_confluence', 'parent_sid': 1, 'parent_cycle_id': 2, 'timeframe': 'M15', 'parent_tf': 'H1', 'sub_id': 4, 'started_by': 'first_confluence'}"
3489,STRUCTURE,CTS_UPDATED,0.57513,"{'via': 'one_maru_continuous', 'confirmed_at': 3489, 'cts_anchor_idx': 3489, 'cycle_id': 0, 'structure_id': 0, 'struct_direction': -1, 'structure_path_id': 'H1.main >> M15.confluence', 'use_case': 'first_confluence', 'parent_sid': 1, 'parent_cycle_id': 2, 'timeframe': 'M15', 'parent_tf': 'H1', 'sub_id': 4, 'started_by': 'first_confluence'}"
3489,STATE,STATE_CHANGED,,"{'from': 'range', 'to': 'breakout', 'structure_id': 0, 'struct_direction': -1, 'reason': 'breakout_pattern', 'pat': 'one_maru_continuous', 'effective_idx': 3489, 'structure_path_id': 'H1.main >> M15.confluence', 'use_case': 'first_confluence', 'parent_sid': 1, 'parent_cycle_id': 2, 'timeframe': 'M15', 'parent_tf': 'H1', 'sub_id': 4, 'started_by': 'first_confluence'}"
3492,RANGE,RANGE_STARTED,,"{'start_idx': 3490, 'confirm_idx': 3492, 'hi': 0.57557, 'lo': 0.57513, 'cts_anchor_idx': 3489, 'cts_price': 0.57513, 'structure_id': 0, 'struct_direction': -1, 'structure_path_id': 'H1.main >> M15.confluence', 'use_case': 'first_confluence', 'parent_sid': 1, 'parent_cycle_id': 2, 'timeframe': 'M15', 'parent_tf': 'H1', 'sub_id': 4, 'started_by': 'first_confluence'}"
3492,STATE,STATE_CHANGED,,"{'from': 'breakout', 'to': 'range', 'structure_id': 0, 'struct_direction': -1, 'reason': 'range_confirmed', 'effective_idx': 3490, 'structure_path_id': 'H1.main >> M15.confluence', 'use_case': 'first_confluence', 'parent_sid': 1, 'parent_cycle_id': 2, 'timeframe': 'M15', 'parent_tf': 'H1', 'sub_id': 4, 'started_by': 'first_confluence'}"
3491,RANGE,RANGE_UPDATED,,"{'hi': 0.57585, 'lo': 0.57513, 'structure_id': 0, 'struct_direction': -1, 'structure_path_id': 'H1.main >> M15.confluence', 'use_case': 'first_confluence', 'parent_sid': 1, 'parent_cycle_id': 2, 'timeframe': 'M15', 'parent_tf': 'H1', 'sub_id': 4, 'started_by': 'first_confluence'}"
3493,RANGE,RANGE_UPDATED,,"{'hi': 0.57589, 'lo': 0.57513, 'structure_id': 0, 'struct_direction': -1, 'structure_path_id': 'H1.main >> M15.confluence', 'use_case': 'first_confluence', 'parent_sid': 1, 'parent_cycle_id': 2, 'timeframe': 'M15', 'parent_tf': 'H1', 'sub_id': 4, 'started_by': 'first_confluence'}"
3496,RANGE,RANGE_UPDATED,,"{'hi': 0.57589, 'lo': 0.57503, 'structure_id': 0, 'struct_direction': -1, 'structure_path_id': 'H1.main >> M15.confluence', 'use_case': 'first_confluence', 'parent_sid': 1, 'parent_cycle_id': 2, 'timeframe': 'M15', 'parent_tf': 'H1', 'sub_id': 4, 'started_by': 'first_confluence'}"
3496,STRUCTURE,CTS_UPDATED,0.57503,"{'via': 'replay_raw', 'cycle_id': 0, 'structure_id': 0, 'struct_direction': -1, 'structure_path_id': 'H1.main >> M15.confluence', 'use_case': 'first_confluence', 'parent_sid': 1, 'parent_cycle_id': 2, 'timeframe': 'M15', 'parent_tf': 'H1', 'sub_id': 4, 'started_by': 'first_confluence'}"
3498,RANGE,RANGE_UPDATED,,"{'hi': 0.57589, 'lo': 0.57494, 'structure_id': 0, 'struct_direction': -1, 'structure_path_id': 'H1.main >> M15.confluence', 'use_case': 'first_confluence', 'parent_sid': 1, 'parent_cycle_id': 2, 'timeframe': 'M15', 'parent_tf': 'H1', 'sub_id': 4, 'started_by': 'first_confluence'}"
3498,STRUCTURE,CTS_UPDATED,0.57494,"{'via': 'replay_raw', 'cycle_id': 0, 'structure_id': 0, 'struct_direction': -1, 'structure_path_id': 'H1.main >> M15.confluence', 'use_case': 'first_confluence', 'parent_sid': 1, 'parent_cycle_id': 2, 'timeframe': 'M15', 'parent_tf': 'H1', 'sub_id': 4, 'started_by': 'first_confluence'}"
3499,STRUCTURE,CTS_UPDATED,0.57458,"{'via': 'replay_raw', 'cycle_id': 0, 'structure_id': 0, 'struct_direction': -1, 'structure_path_id': 'H1.main >> M15.confluence', 'use_case': 'first_confluence', 'parent_sid': 1, 'parent_cycle_id': 2, 'timeframe': 'M15', 'parent_tf': 'H1', 'sub_id': 4, 'started_by': 'first_confluence'}"
3501,RANGE,RANGE_RESET,,"{'reason': 'range_breakout', 'pat': 'one_maru_continuous', 'structure_id': 0, 'struct_direction': -1, 'structure_path_id': 'H1.main >> M15.confluence', 'use_case': 'first_confluence', 'parent_sid': 1, 'parent_cycle_id': 2, 'timeframe': 'M15', 'parent_tf': 'H1', 'sub_id': 4, 'started_by': 'first_confluence'}"
3501,STRUCTURE,CTS_UPDATED,0.57442,"{'via': 'one_maru_continuous', 'confirmed_at': 3501, 'cts_anchor_idx': 3501, 'cycle_id': 0, 'structure_id': 0, 'struct_direction': -1, 'structure_path_id': 'H1.main >> M15.confluence', 'use_case': 'first_confluence', 'parent_sid': 1, 'parent_cycle_id': 2, 'timeframe': 'M15', 'parent_tf': 'H1', 'sub_id': 4, 'started_by': 'first_confluence'}"
3501,STATE,STATE_CHANGED,,"{'from': 'range', 'to': 'breakout', 'structure_id': 0, 'struct_direction': -1, 'reason': 'breakout_pattern', 'pat': 'one_maru_continuous', 'effective_idx': 3501, 'structure_path_id': 'H1.main >> M15.confluence', 'use_case': 'first_confluence', 'parent_sid': 1, 'parent_cycle_id': 2, 'timeframe': 'M15', 'parent_tf': 'H1', 'sub_id': 4, 'started_by': 'first_confluence'}"
3502,STRUCTURE,CTS_UPDATED,0.5741,"{'via': 'replay_raw', 'cycle_id': 0, 'structure_id': 0, 'struct_direction': -1, 'structure_path_id': 'H1.main >> M15.confluence', 'use_case': 'first_confluence', 'parent_sid': 1, 'parent_cycle_id': 2, 'timeframe': 'M15', 'parent_tf': 'H1', 'sub_id': 4, 'started_by': 'first_confluence'}"
3503,STRUCTURE,CTS_UPDATED,0.57407,"{'via': 'replay_raw', 'cycle_id': 0, 'structure_id': 0, 'struct_direction': -1, 'structure_path_id': 'H1.main >> M15.confluence', 'use_case': 'first_confluence', 'parent_sid': 1, 'parent_cycle_id': 2, 'timeframe': 'M15', 'parent_tf': 'H1', 'sub_id': 4, 'started_by': 'first_confluence'}"
3506,RANGE,RANGE_STARTED,,"{'start_idx': 3504, 'confirm_idx': 3506, 'hi': 0.5748, 'lo': 0.57407, 'cts_anchor_idx': 3503, 'cts_price': 0.57407, 'structure_id': 0, 'struct_direction': -1, 'structure_path_id': 'H1.main >> M15.confluence', 'use_case': 'first_confluence', 'parent_sid': 1, 'parent_cycle_id': 2, 'timeframe': 'M15', 'parent_tf': 'H1', 'sub_id': 4, 'started_by': 'first_confluence'}"
3506,STATE,STATE_CHANGED,,"{'from': 'breakout', 'to': 'range', 'structure_id': 0, 'struct_direction': -1, 'reason': 'range_confirmed', 'effective_idx': 3504, 'structure_path_id': 'H1.main >> M15.confluence', 'use_case': 'first_confluence', 'parent_sid': 1, 'parent_cycle_id': 2, 'timeframe': 'M15', 'parent_tf': 'H1', 'sub_id': 4, 'started_by': 'first_confluence'}"
3506,RANGE,RANGE_UPDATED,,"{'hi': 0.57493, 'lo': 0.57407, 'structure_id': 0, 'struct_direction': -1, 'structure_path_id': 'H1.main >> M15.confluence', 'use_case': 'first_confluence', 'parent_sid': 1, 'parent_cycle_id': 2, 'timeframe': 'M15', 'parent_tf': 'H1', 'sub_id': 4, 'started_by': 'first_confluence'}"
3507,RANGE,RANGE_UPDATED,,"{'hi': 0.57498, 'lo': 0.57407, 'structure_id': 0, 'struct_direction': -1, 'structure_path_id': 'H1.main >> M15.confluence', 'use_case': 'first_confluence', 'parent_sid': 1, 'parent_cycle_id': 2, 'timeframe': 'M15', 'parent_tf': 'H1', 'sub_id': 4, 'started_by': 'first_confluence'}"
3508,RANGE,RANGE_UPDATED,,"{'hi': 0.57509, 'lo': 0.57407, 'structure_id': 0, 'struct_direction': -1, 'structure_path_id': 'H1.main >> M15.confluence', 'use_case': 'first_confluence', 'parent_sid': 1, 'parent_cycle_id': 2, 'timeframe': 'M15', 'parent_tf': 'H1', 'sub_id': 4, 'started_by': 'first_confluence'}"
3515,RANGE,RANGE_UPDATED,,"{'hi': 0.57515, 'lo': 0.57407, 'structure_id': 0, 'struct_direction': -1, 'structure_path_id': 'H1.main >> M15.confluence', 'use_case': 'first_confluence', 'parent_sid': 1, 'parent_cycle_id': 2, 'timeframe': 'M15', 'parent_tf': 'H1', 'sub_id': 4, 'started_by': 'first_confluence'}"
3516,RANGE,RANGE_UPDATED,,"{'hi': 0.57517, 'lo': 0.57407, 'structure_id': 0, 'struct_direction': -1, 'structure_path_id': 'H1.main >> M15.confluence', 'use_case': 'first_confluence', 'parent_sid': 1, 'parent_cycle_id': 2, 'timeframe': 'M15', 'parent_tf': 'H1', 'sub_id': 4, 'started_by': 'first_confluence'}"
3517,RANGE,RANGE_UPDATED,,"{'hi': 0.57519, 'lo': 0.57407, 'structure_id': 0, 'struct_direction': -1, 'structure_path_id': 'H1.main >> M15.confluence', 'use_case': 'first_confluence', 'parent_sid': 1, 'parent_cycle_id': 2, 'timeframe': 'M15', 'parent_tf': 'H1', 'sub_id': 4, 'started_by': 'first_confluence'}"
3521,RANGE,RANGE_UPDATED,,"{'hi': 0.57519, 'lo': 0.57376, 'structure_id': 0, 'struct_direction': -1, 'structure_path_id': 'H1.main >> M15.confluence', 'use_case': 'first_confluence', 'parent_sid': 1, 'parent_cycle_id': 2, 'timeframe': 'M15', 'parent_tf': 'H1', 'sub_id': 4, 'started_by': 'first_confluence'}"
3521,STRUCTURE,CTS_UPDATED,0.57376,"{'via': 'replay_raw', 'cycle_id': 0, 'structure_id': 0, 'struct_direction': -1, 'structure_path_id': 'H1.main >> M15.confluence', 'use_case': 'first_confluence', 'parent_sid': 1, 'parent_cycle_id': 2, 'timeframe': 'M15', 'parent_tf': 'H1', 'sub_id': 4, 'started_by': 'first_confluence'}"
3525,RANGE,RANGE_UPDATED,,"{'hi': 0.57539, 'lo': 0.57376, 'structure_id': 0, 'struct_direction': -1, 'structure_path_id': 'H1.main >> M15.confluence', 'use_case': 'first_confluence', 'parent_sid': 1, 'parent_cycle_id': 2, 'timeframe': 'M15', 'parent_tf': 'H1', 'sub_id': 4, 'started_by': 'first_confluence'}"
3527,RANGE,RANGE_UPDATED,,"{'hi': 0.5755, 'lo': 0.57376, 'structure_id': 0, 'struct_direction': -1, 'structure_path_id': 'H1.main >> M15.confluence', 'use_case': 'first_confluence', 'parent_sid': 1, 'parent_cycle_id': 2, 'timeframe': 'M15', 'parent_tf': 'H1', 'sub_id': 4, 'started_by': 'first_confluence'}"
3588,STRUCTURE,CTS_UPDATED,0.57352,"{'via': 'replay_raw', 'cycle_id': 0, 'structure_id': 0, 'struct_direction': -1, 'structure_path_id': 'H1.main >> M15.confluence', 'use_case': 'first_confluence', 'parent_sid': 1, 'parent_cycle_id': 2, 'timeframe': 'M15', 'parent_tf': 'H1', 'sub_id': 4, 'started_by': 'first_confluence'}"
3589,RANGE,RANGE_RESET,,"{'reason': 'range_breakout', 'pat': 'one_maru_continuous', 'structure_id': 0, 'struct_direction': -1, 'structure_path_id': 'H1.main >> M15.confluence', 'use_case': 'first_confluence', 'parent_sid': 1, 'parent_cycle_id': 2, 'timeframe': 'M15', 'parent_tf': 'H1', 'sub_id': 4, 'started_by': 'first_confluence'}"
3589,STRUCTURE,CTS_UPDATED,0.57318,"{'via': 'one_maru_continuous', 'confirmed_at': 3589, 'cts_anchor_idx': 3589, 'cycle_id': 0, 'structure_id': 0, 'struct_direction': -1, 'structure_path_id': 'H1.main >> M15.confluence', 'use_case': 'first_confluence', 'parent_sid': 1, 'parent_cycle_id': 2, 'timeframe': 'M15', 'parent_tf': 'H1', 'sub_id': 4, 'started_by': 'first_confluence'}"
3589,STATE,STATE_CHANGED,,"{'from': 'range', 'to': 'breakout', 'structure_id': 0, 'struct_direction': -1, 'reason': 'breakout_pattern', 'pat': 'one_maru_continuous', 'effective_idx': 3589, 'structure_path_id': 'H1.main >> M15.confluence', 'use_case': 'first_confluence', 'parent_sid': 1, 'parent_cycle_id': 2, 'timeframe': 'M15', 'parent_tf': 'H1', 'sub_id': 4, 'started_by': 'first_confluence'}"
3590,STRUCTURE,CTS_UPDATED,0.57314,"{'via': 'replay_raw', 'cycle_id': 0, 'structure_id': 0, 'struct_direction': -1, 'structure_path_id': 'H1.main >> M15.confluence', 'use_case': 'first_confluence', 'parent_sid': 1, 'parent_cycle_id': 2, 'timeframe': 'M15', 'parent_tf': 'H1', 'sub_id': 4, 'started_by': 'first_confluence'}"
3591,STRUCTURE,CTS_UPDATED,0.57305,"{'via': 'replay_raw', 'cycle_id': 0, 'structure_id': 0, 'struct_direction': -1, 'structure_path_id': 'H1.main >> M15.confluence', 'use_case': 'first_confluence', 'parent_sid': 1, 'parent_cycle_id': 2, 'timeframe': 'M15', 'parent_tf': 'H1', 'sub_id': 4, 'started_by': 'first_confluence'}"
3592,STRUCTURE,CTS_UPDATED,0.57298,"{'via': 'replay_raw', 'cycle_id': 0, 'structure_id': 0, 'struct_direction': -1, 'structure_path_id': 'H1.main >> M15.confluence', 'use_case': 'first_confluence', 'parent_sid': 1, 'parent_cycle_id': 2, 'timeframe': 'M15', 'parent_tf': 'H1', 'sub_id': 4, 'started_by': 'first_confluence'}"
3593,STRUCTURE,CTS_UPDATED,0.57282,"{'via': 'replay_raw', 'cycle_id': 0, 'structure_id': 0, 'struct_direction': -1, 'structure_path_id': 'H1.main >> M15.confluence', 'use_case': 'first_confluence', 'parent_sid': 1, 'parent_cycle_id': 2, 'timeframe': 'M15', 'parent_tf': 'H1', 'sub_id': 4, 'started_by': 'first_confluence'}"
3594,STRUCTURE,CTS_UPDATED,0.57272,"{'via': 'replay_raw', 'cycle_id': 0, 'structure_id': 0, 'struct_direction': -1, 'structure_path_id': 'H1.main >> M15.confluence', 'use_case': 'first_confluence', 'parent_sid': 1, 'parent_cycle_id': 2, 'timeframe': 'M15', 'parent_tf': 'H1', 'sub_id': 4, 'started_by': 'first_confluence'}"
3595,RANGE,RANGE_STARTED,,"{'start_idx': 3590, 'confirm_idx': 3595, 'hi': 0.57344, 'lo': 0.57272, 'cts_anchor_idx': 3594, 'cts_price': 0.57272, 'structure_id': 0, 'struct_direction': -1, 'structure_path_id': 'H1.main >> M15.confluence', 'use_case': 'first_confluence', 'parent_sid': 1, 'parent_cycle_id': 2, 'timeframe': 'M15', 'parent_tf': 'H1', 'sub_id': 4, 'started_by': 'first_confluence'}"
3595,STATE,STATE_CHANGED,,"{'from': 'breakout', 'to': 'range', 'structure_id': 0, 'struct_direction': -1, 'reason': 'range_confirmed', 'effective_idx': 3590, 'structure_path_id': 'H1.main >> M15.confluence', 'use_case': 'first_confluence', 'parent_sid': 1, 'parent_cycle_id': 2, 'timeframe': 'M15', 'parent_tf': 'H1', 'sub_id': 4, 'started_by': 'first_confluence'}"
3592,RANGE,RANGE_UPDATED,,"{'hi': 0.57345, 'lo': 0.57272, 'structure_id': 0, 'struct_direction': -1, 'structure_path_id': 'H1.main >> M15.confluence', 'use_case': 'first_confluence', 'parent_sid': 1, 'parent_cycle_id': 2, 'timeframe': 'M15', 'parent_tf': 'H1', 'sub_id': 4, 'started_by': 'first_confluence'}"
3596,RANGE,RANGE_UPDATED,,"{'hi': 0.57347, 'lo': 0.57272, 'structure_id': 0, 'struct_direction': -1, 'structure_path_id': 'H1.main >> M15.confluence', 'use_case': 'first_confluence', 'parent_sid': 1, 'parent_cycle_id': 2, 'timeframe': 'M15', 'parent_tf': 'H1', 'sub_id': 4, 'started_by': 'first_confluence'}"
3601,RANGE,RANGE_UPDATED,,"{'hi': 0.57347, 'lo': 0.57269, 'structure_id': 0, 'struct_direction': -1, 'structure_path_id': 'H1.main >> M15.confluence', 'use_case': 'first_confluence', 'parent_sid': 1, 'parent_cycle_id': 2, 'timeframe': 'M15', 'parent_tf': 'H1', 'sub_id': 4, 'started_by': 'first_confluence'}"
3601,STRUCTURE,CTS_UPDATED,0.57269,"{'via': 'replay_raw', 'cycle_id': 0, 'structure_id': 0, 'struct_direction': -1, 'structure_path_id': 'H1.main >> M15.confluence', 'use_case': 'first_confluence', 'parent_sid': 1, 'parent_cycle_id': 2, 'timeframe': 'M15', 'parent_tf': 'H1', 'sub_id': 4, 'started_by': 'first_confluence'}"
3602,RANGE,RANGE_UPDATED,,"{'hi': 0.57347, 'lo': 0.57264, 'structure_id': 0, 'struct_direction': -1, 'structure_path_id': 'H1.main >> M15.confluence', 'use_case': 'first_confluence', 'parent_sid': 1, 'parent_cycle_id': 2, 'timeframe': 'M15', 'parent_tf': 'H1', 'sub_id': 4, 'started_by': 'first_confluence'}"
3602,STRUCTURE,CTS_UPDATED,0.57264,"{'via': 'replay_raw', 'cycle_id': 0, 'structure_id': 0, 'struct_direction': -1, 'structure_path_id': 'H1.main >> M15.confluence', 'use_case': 'first_confluence', 'parent_sid': 1, 'parent_cycle_id': 2, 'timeframe': 'M15', 'parent_tf': 'H1', 'sub_id': 4, 'started_by': 'first_confluence'}"
3605,RANGE,RANGE_UPDATED,,"{'hi': 0.57347, 'lo': 0.57263, 'structure_id': 0, 'struct_direction': -1, 'structure_path_id': 'H1.main >> M15.confluence', 'use_case': 'first_confluence', 'parent_sid': 1, 'parent_cycle_id': 2, 'timeframe': 'M15', 'parent_tf': 'H1', 'sub_id': 4, 'started_by': 'first_confluence'}"
3605,STRUCTURE,CTS_UPDATED,0.57263,"{'via': 'replay_raw', 'cycle_id': 0, 'structure_id': 0, 'struct_direction': -1, 'structure_path_id': 'H1.main >> M15.confluence', 'use_case': 'first_confluence', 'parent_sid': 1, 'parent_cycle_id': 2, 'timeframe': 'M15', 'parent_tf': 'H1', 'sub_id': 4, 'started_by': 'first_confluence'}"
3608,RANGE,RANGE_UPDATED,,"{'hi': 0.57347, 'lo': 0.57258, 'structure_id': 0, 'struct_direction': -1, 'structure_path_id': 'H1.main >> M15.confluence', 'use_case': 'first_confluence', 'parent_sid': 1, 'parent_cycle_id': 2, 'timeframe': 'M15', 'parent_tf': 'H1', 'sub_id': 4, 'started_by': 'first_confluence'}"
3608,STRUCTURE,CTS_UPDATED,0.57258,"{'via': 'replay_raw', 'cycle_id': 0, 'structure_id': 0, 'struct_direction': -1, 'structure_path_id': 'H1.main >> M15.confluence', 'use_case': 'first_confluence', 'parent_sid': 1, 'parent_cycle_id': 2, 'timeframe': 'M15', 'parent_tf': 'H1', 'sub_id': 4, 'started_by': 'first_confluence'}"
3609,RANGE,RANGE_UPDATED,,"{'hi': 0.57347, 'lo': 0.57234, 'structure_id': 0, 'struct_direction': -1, 'structure_path_id': 'H1.main >> M15.confluence', 'use_case': 'first_confluence', 'parent_sid': 1, 'parent_cycle_id': 2, 'timeframe': 'M15', 'parent_tf': 'H1', 'sub_id': 4, 'started_by': 'first_confluence'}"
3609,STRUCTURE,CTS_UPDATED,0.57234,"{'via': 'replay_raw', 'cycle_id': 0, 'structure_id': 0, 'struct_direction': -1, 'structure_path_id': 'H1.main >> M15.confluence', 'use_case': 'first_confluence', 'parent_sid': 1, 'parent_cycle_id': 2, 'timeframe': 'M15', 'parent_tf': 'H1', 'sub_id': 4, 'started_by': 'first_confluence'}"
3610,RANGE,RANGE_UPDATED,,"{'hi': 0.57347, 'lo': 0.5723, 'structure_id': 0, 'struct_direction': -1, 'structure_path_id': 'H1.main >> M15.confluence', 'use_case': 'first_confluence', 'parent_sid': 1, 'parent_cycle_id': 2, 'timeframe': 'M15', 'parent_tf': 'H1', 'sub_id': 4, 'started_by': 'first_confluence'}"
3610,STRUCTURE,CTS_UPDATED,0.5723,"{'via': 'replay_raw', 'cycle_id': 0, 'structure_id': 0, 'struct_direction': -1, 'structure_path_id': 'H1.main >> M15.confluence', 'use_case': 'first_confluence', 'parent_sid': 1, 'parent_cycle_id': 2, 'timeframe': 'M15', 'parent_tf': 'H1', 'sub_id': 4, 'started_by': 'first_confluence'}"
3611,RANGE,RANGE_UPDATED,,"{'hi': 0.57347, 'lo': 0.57228, 'structure_id': 0, 'struct_direction': -1, 'structure_path_id': 'H1.main >> M15.confluence', 'use_case': 'first_confluence', 'parent_sid': 1, 'parent_cycle_id': 2, 'timeframe': 'M15', 'parent_tf': 'H1', 'sub_id': 4, 'started_by': 'first_confluence'}"
3611,STRUCTURE,CTS_UPDATED,0.57228,"{'via': 'replay_raw', 'cycle_id': 0, 'structure_id': 0, 'struct_direction': -1, 'structure_path_id': 'H1.main >> M15.confluence', 'use_case': 'first_confluence', 'parent_sid': 1, 'parent_cycle_id': 2, 'timeframe': 'M15', 'parent_tf': 'H1', 'sub_id': 4, 'started_by': 'first_confluence'}"
3614,RANGE,RANGE_UPDATED,,"{'hi': 0.57435, 'lo': 0.57159, 'structure_id': 0, 'struct_direction': -1, 'structure_path_id': 'H1.main >> M15.confluence', 'use_case': 'first_confluence', 'parent_sid': 1, 'parent_cycle_id': 2, 'timeframe': 'M15', 'parent_tf': 'H1', 'sub_id': 4, 'started_by': 'first_confluence'}"
3614,STRUCTURE,CTS_UPDATED,0.57159,"{'via': 'replay_raw', 'cycle_id': 0, 'structure_id': 0, 'struct_direction': -1, 'structure_path_id': 'H1.main >> M15.confluence', 'use_case': 'first_confluence', 'parent_sid': 1, 'parent_cycle_id': 2, 'timeframe': 'M15', 'parent_tf': 'H1', 'sub_id': 4, 'started_by': 'first_confluence'}"
3615,RANGE,RANGE_UPDATED,,"{'hi': 0.57457, 'lo': 0.57159, 'structure_id': 0, 'struct_direction': -1, 'structure_path_id': 'H1.main >> M15.confluence', 'use_case': 'first_confluence', 'parent_sid': 1, 'parent_cycle_id': 2, 'timeframe': 'M15', 'parent_tf': 'H1', 'sub_id': 4, 'started_by': 'first_confluence'}"
3620,RANGE,RANGE_UPDATED,,"{'hi': 0.57457, 'lo': 0.57124, 'structure_id': 0, 'struct_direction': -1, 'structure_path_id': 'H1.main >> M15.confluence', 'use_case': 'first_confluence', 'parent_sid': 1, 'parent_cycle_id': 2, 'timeframe': 'M15', 'parent_tf': 'H1', 'sub_id': 4, 'started_by': 'first_confluence'}"
3620,STRUCTURE,CTS_UPDATED,0.57124,"{'via': 'replay_raw', 'cycle_id': 0, 'structure_id': 0, 'struct_direction': -1, 'structure_path_id': 'H1.main >> M15.confluence', 'use_case': 'first_confluence', 'parent_sid': 1, 'parent_cycle_id': 2, 'timeframe': 'M15', 'parent_tf': 'H1', 'sub_id': 4, 'started_by': 'first_confluence'}"
3621,RANGE,RANGE_UPDATED,,"{'hi': 0.57457, 'lo': 0.57112, 'structure_id': 0, 'struct_direction': -1, 'structure_path_id': 'H1.main >> M15.confluence', 'use_case': 'first_confluence', 'parent_sid': 1, 'parent_cycle_id': 2, 'timeframe': 'M15', 'parent_tf': 'H1', 'sub_id': 4, 'started_by': 'first_confluence'}"
3621,STRUCTURE,CTS_UPDATED,0.57112,"{'via': 'replay_raw', 'cycle_id': 0, 'structure_id': 0, 'struct_direction': -1, 'structure_path_id': 'H1.main >> M15.confluence', 'use_case': 'first_confluence', 'parent_sid': 1, 'parent_cycle_id': 2, 'timeframe': 'M15', 'parent_tf': 'H1', 'sub_id': 4, 'started_by': 'first_confluence'}"
3659,RANGE,RANGE_UPDATED,,"{'hi': 0.5747, 'lo': 0.57112, 'structure_id': 0, 'struct_direction': -1, 'structure_path_id': 'H1.main >> M15.confluence', 'use_case': 'first_confluence', 'parent_sid': 1, 'parent_cycle_id': 2, 'timeframe': 'M15', 'parent_tf': 'H1', 'sub_id': 4, 'started_by': 'first_confluence'}"
3660,RANGE,RANGE_UPDATED,,"{'hi': 0.57492, 'lo': 0.57112, 'structure_id': 0, 'struct_direction': -1, 'structure_path_id': 'H1.main >> M15.confluence', 'use_case': 'first_confluence', 'parent_sid': 1, 'parent_cycle_id': 2, 'timeframe': 'M15', 'parent_tf': 'H1', 'sub_id': 4, 'started_by': 'first_confluence'}"
3661,RANGE,RANGE_UPDATED,,"{'hi': 0.575, 'lo': 0.57112, 'structure_id': 0, 'struct_direction': -1, 'structure_path_id': 'H1.main >> M15.confluence', 'use_case': 'first_confluence', 'parent_sid': 1, 'parent_cycle_id': 2, 'timeframe': 'M15', 'parent_tf': 'H1', 'sub_id': 4, 'started_by': 'first_confluence'}"
3681,RANGE,RANGE_UPDATED,,"{'hi': 0.57504, 'lo': 0.57112, 'structure_id': 0, 'struct_direction': -1, 'structure_path_id': 'H1.main >> M15.confluence', 'use_case': 'first_confluence', 'parent_sid': 1, 'parent_cycle_id': 2, 'timeframe': 'M15', 'parent_tf': 'H1', 'sub_id': 4, 'started_by': 'first_confluence'}"
3682,RANGE,RANGE_UPDATED,,"{'hi': 0.57508, 'lo': 0.57112, 'structure_id': 0, 'struct_direction': -1, 'structure_path_id': 'H1.main >> M15.confluence', 'use_case': 'first_confluence', 'parent_sid': 1, 'parent_cycle_id': 2, 'timeframe': 'M15', 'parent_tf': 'H1', 'sub_id': 4, 'started_by': 'first_confluence'}"
3684,RANGE,RANGE_UPDATED,,"{'hi': 0.57552, 'lo': 0.57112, 'structure_id': 0, 'struct_direction': -1, 'structure_path_id': 'H1.main >> M15.confluence', 'use_case': 'first_confluence', 'parent_sid': 1, 'parent_cycle_id': 2, 'timeframe': 'M15', 'parent_tf': 'H1', 'sub_id': 4, 'started_by': 'first_confluence'}"
3685,RANGE,RANGE_UPDATED,,"{'hi': 0.57556, 'lo': 0.57112, 'structure_id': 0, 'struct_direction': -1, 'structure_path_id': 'H1.main >> M15.confluence', 'use_case': 'first_confluence', 'parent_sid': 1, 'parent_cycle_id': 2, 'timeframe': 'M15', 'parent_tf': 'H1', 'sub_id': 4, 'started_by': 'first_confluence'}"
3688,RANGE,RANGE_UPDATED,,"{'hi': 0.57592, 'lo': 0.57112, 'structure_id': 0, 'struct_direction': -1, 'structure_path_id': 'H1.main >> M15.confluence', 'use_case': 'first_confluence', 'parent_sid': 1, 'parent_cycle_id': 2, 'timeframe': 'M15', 'parent_tf': 'H1', 'sub_id': 4, 'started_by': 'first_confluence'}"
3693,RANGE,RANGE_UPDATED,,"{'hi': 0.57602, 'lo': 0.57112, 'structure_id': 0, 'struct_direction': -1, 'structure_path_id': 'H1.main >> M15.confluence', 'use_case': 'first_confluence', 'parent_sid': 1, 'parent_cycle_id': 2, 'timeframe': 'M15', 'parent_tf': 'H1', 'sub_id': 4, 'started_by': 'first_confluence'}"
3700,RANGE,RANGE_UPDATED,,"{'hi': 0.57618, 'lo': 0.57112, 'structure_id': 0, 'struct_direction': -1, 'structure_path_id': 'H1.main >> M15.confluence', 'use_case': 'first_confluence', 'parent_sid': 1, 'parent_cycle_id': 2, 'timeframe': 'M15', 'parent_tf': 'H1', 'sub_id': 4, 'started_by': 'first_confluence'}"
3701,RANGE,RANGE_UPDATED,,"{'hi': 0.57622, 'lo': 0.57112, 'structure_id': 0, 'struct_direction': -1, 'structure_path_id': 'H1.main >> M15.confluence', 'use_case': 'first_confluence', 'parent_sid': 1, 'parent_cycle_id': 2, 'timeframe': 'M15', 'parent_tf': 'H1', 'sub_id': 4, 'started_by': 'first_confluence'}"
3706,RANGE,RANGE_UPDATED,,"{'hi': 0.57638, 'lo': 0.57112, 'structure_id': 0, 'struct_direction': -1, 'structure_path_id': 'H1.main >> M15.confluence', 'use_case': 'first_confluence', 'parent_sid': 1, 'parent_cycle_id': 2, 'timeframe': 'M15', 'parent_tf': 'H1', 'sub_id': 4, 'started_by': 'first_confluence'}"
3707,RANGE,RANGE_UPDATED,,"{'hi': 0.57644, 'lo': 0.57112, 'structure_id': 0, 'struct_direction': -1, 'structure_path_id': 'H1.main >> M15.confluence', 'use_case': 'first_confluence', 'parent_sid': 1, 'parent_cycle_id': 2, 'timeframe': 'M15', 'parent_tf': 'H1', 'sub_id': 4, 'started_by': 'first_confluence'}"
3708,RANGE,RANGE_UPDATED,,"{'hi': 0.57689, 'lo': 0.57112, 'structure_id': 0, 'struct_direction': -1, 'structure_path_id': 'H1.main >> M15.confluence', 'use_case': 'first_confluence', 'parent_sid': 1, 'parent_cycle_id': 2, 'timeframe': 'M15', 'parent_tf': 'H1', 'sub_id': 4, 'started_by': 'first_confluence'}"
3709,RANGE,RANGE_UPDATED,,"{'hi': 0.5769, 'lo': 0.57112, 'structure_id': 0, 'struct_direction': -1, 'structure_path_id': 'H1.main >> M15.confluence', 'use_case': 'first_confluence', 'parent_sid': 1, 'parent_cycle_id': 2, 'timeframe': 'M15', 'parent_tf': 'H1', 'sub_id': 4, 'started_by': 'first_confluence'}"
3741,RANGE,RANGE_UPDATED,,"{'reason': 'pullback_expand', 'hi': 0.57748, 'lo': 0.57112, 'pat': 'one_maru_continuous', 'structure_id': 0, 'struct_direction': -1, 'structure_path_id': 'H1.main >> M15.confluence', 'use_case': 'first_confluence', 'parent_sid': 1, 'parent_cycle_id': 2, 'timeframe': 'M15', 'parent_tf': 'H1', 'sub_id': 4, 'started_by': 'first_confluence'}"
3741,STRUCTURE,CTS_CONFIRMED,0.57112,"{'via': 'one_maru_continuous', 'cycle_id': 0, 'structure_id': 0, 'struct_direction': -1, 'confirmed_at': 3741, 'cts_anchor_idx': 3621, 'confirmation_method': 'pullback', 'structure_path_id': 'H1.main >> M15.confluence', 'use_case': 'first_confluence', 'parent_sid': 1, 'parent_cycle_id': 2, 'timeframe': 'M15', 'parent_tf': 'H1', 'sub_id': 4, 'started_by': 'first_confluence'}"
3741,STATE,STATE_CHANGED,,"{'from': 'range', 'to': 'pullback', 'structure_id': 0, 'struct_direction': -1, 'reason': 'pullback_pattern', 'pat': 'one_maru_continuous', 'effective_idx': 3741, 'structure_path_id': 'H1.main >> M15.confluence', 'use_case': 'first_confluence', 'parent_sid': 1, 'parent_cycle_id': 2, 'timeframe': 'M15', 'parent_tf': 'H1', 'sub_id': 4, 'started_by': 'first_confluence'}"
3742,RANGE,RANGE_UPDATED,,"{'hi': 0.5775, 'lo': 0.57112, 'structure_id': 0, 'struct_direction': -1, 'structure_path_id': 'H1.main >> M15.confluence', 'use_case': 'first_confluence', 'parent_sid': 1, 'parent_cycle_id': 2, 'timeframe': 'M15', 'parent_tf': 'H1', 'sub_id': 4, 'started_by': 'first_confluence'}"
3743,STATE,STATE_CHANGED,,"{'from': 'pullback', 'to': 'pullback_range', 'structure_id': 0, 'struct_direction': -1, 'reason': 'replay_no_expand_pullback_side', 'effective_idx': 3743, 'structure_path_id': 'H1.main >> M15.confluence', 'use_case': 'first_confluence', 'parent_sid': 1, 'parent_cycle_id': 2, 'timeframe': 'M15', 'parent_tf': 'H1', 'sub_id': 4, 'started_by': 'first_confluence'}"
3755,RANGE,RANGE_UPDATED,,"{'hi': 0.57758, 'lo': 0.57112, 'structure_id': 0, 'struct_direction': -1, 'structure_path_id': 'H1.main >> M15.confluence', 'use_case': 'first_confluence', 'parent_sid': 1, 'parent_cycle_id': 2, 'timeframe': 'M15', 'parent_tf': 'H1', 'sub_id': 4, 'started_by': 'first_confluence'}"
3755,STATE,STATE_CHANGED,,"{'from': 'pullback_range', 'to': 'pullback', 'structure_id': 0, 'struct_direction': -1, 'reason': 'replay_expand_pullback_side', 'effective_idx': 3755, 'structure_path_id': 'H1.main >> M15.confluence', 'use_case': 'first_confluence', 'parent_sid': 1, 'parent_cycle_id': 2, 'timeframe': 'M15', 'parent_tf': 'H1', 'sub_id': 4, 'started_by': 'first_confluence'}"
3756,RANGE,RANGE_UPDATED,,"{'hi': 0.57782, 'lo': 0.57112, 'structure_id': 0, 'struct_direction': -1, 'structure_path_id': 'H1.main >> M15.confluence', 'use_case': 'first_confluence', 'parent_sid': 1, 'parent_cycle_id': 2, 'timeframe': 'M15', 'parent_tf': 'H1', 'sub_id': 4, 'started_by': 'first_confluence'}"
3757,RANGE,RANGE_UPDATED,,"{'hi': 0.5779, 'lo': 0.57112, 'structure_id': 0, 'struct_direction': -1, 'structure_path_id': 'H1.main >> M15.confluence', 'use_case': 'first_confluence', 'parent_sid': 1, 'parent_cycle_id': 2, 'timeframe': 'M15', 'parent_tf': 'H1', 'sub_id': 4, 'started_by': 'first_confluence'}"
3758,RANGE,RANGE_UPDATED,,"{'hi': 0.57792, 'lo': 0.57112, 'structure_id': 0, 'struct_direction': -1, 'structure_path_id': 'H1.main >> M15.confluence', 'use_case': 'first_confluence', 'parent_sid': 1, 'parent_cycle_id': 2, 'timeframe': 'M15', 'parent_tf': 'H1', 'sub_id': 4, 'started_by': 'first_confluence'}"
3759,RANGE,RANGE_UPDATED,,"{'hi': 0.57794, 'lo': 0.57112, 'structure_id': 0, 'struct_direction': -1, 'structure_path_id': 'H1.main >> M15.confluence', 'use_case': 'first_confluence', 'parent_sid': 1, 'parent_cycle_id': 2, 'timeframe': 'M15', 'parent_tf': 'H1', 'sub_id': 4, 'started_by': 'first_confluence'}"
3760,RANGE,RANGE_UPDATED,,"{'hi': 0.57806, 'lo': 0.57112, 'structure_id': 0, 'struct_direction': -1, 'structure_path_id': 'H1.main >> M15.confluence', 'use_case': 'first_confluence', 'parent_sid': 1, 'parent_cycle_id': 2, 'timeframe': 'M15', 'parent_tf': 'H1', 'sub_id': 4, 'started_by': 'first_confluence'}"
3761,STATE,STATE_CHANGED,,"{'from': 'pullback', 'to': 'pullback_range', 'structure_id': 0, 'struct_direction': -1, 'reason': 'replay_no_expand_pullback_side', 'effective_idx': 3761, 'structure_path_id': 'H1.main >> M15.confluence', 'use_case': 'first_confluence', 'parent_sid': 1, 'parent_cycle_id': 2, 'timeframe': 'M15', 'parent_tf': 'H1', 'sub_id': 4, 'started_by': 'first_confluence'}"
3806,RANGE,RANGE_UPDATED,,"{'hi': 0.57827, 'lo': 0.57112, 'structure_id': 0, 'struct_direction': -1, 'structure_path_id': 'H1.main >> M15.confluence', 'use_case': 'first_confluence', 'parent_sid': 1, 'parent_cycle_id': 2, 'timeframe': 'M15', 'parent_tf': 'H1', 'sub_id': 4, 'started_by': 'first_confluence'}"
3806,STATE,STATE_CHANGED,,"{'from': 'pullback_range', 'to': 'pullback', 'structure_id': 0, 'struct_direction': -1, 'reason': 'replay_expand_pullback_side', 'effective_idx': 3806, 'structure_path_id': 'H1.main >> M15.confluence', 'use_case': 'first_confluence', 'parent_sid': 1, 'parent_cycle_id': 2, 'timeframe': 'M15', 'parent_tf': 'H1', 'sub_id': 4, 'started_by': 'first_confluence'}"
3807,STATE,STATE_CHANGED,,"{'from': 'pullback', 'to': 'pullback_range', 'structure_id': 0, 'struct_direction': -1, 'reason': 'replay_no_expand_pullback_side', 'effective_idx': 3807, 'structure_path_id': 'H1.main >> M15.confluence', 'use_case': 'first_confluence', 'parent_sid': 1, 'parent_cycle_id': 2, 'timeframe': 'M15', 'parent_tf': 'H1', 'sub_id': 4, 'started_by': 'first_confluence'}"
3786,STRUCTURE,CTS_ESTABLISHED,0.57641,"{'via': 'one_maru_continuous', 'pattern_anchor_idx': 3785, 'pattern_name': 'one_maru_continuous', 'confirmed_at': 3786, 'cycle_id': 0, 'structure_id': 0, 'struct_direction': -1, 'cts_anchor_idx': 3786, 'structure_path_id': 'H1.main >> M15.confluence', 'use_case': 'subsequent_confluence', 'parent_sid': 1, 'parent_cycle_id': 2, 'timeframe': 'M15', 'parent_tf': 'H1', 'sub_id': 6, 'started_by': 'subsequent_confluence'}"
3786,STRUCTURE,BOS_CONFIRMED,0.57806,"{'source': 'initial_prior_extreme', 'confirmed_at': 3786, 'last_pullback_apply_idx': None, 'cycle_id': 0, 'structure_id': 0, 'struct_direction': -1, 'bos_anchor_idx': 3760, 'structure_path_id': 'H1.main >> M15.confluence', 'use_case': 'subsequent_confluence', 'parent_sid': 1, 'parent_cycle_id': 2, 'timeframe': 'M15', 'parent_tf': 'H1', 'sub_id': 6, 'started_by': 'subsequent_confluence'}"
3786,STATE,STATE_CHANGED,,"{'from': 'none', 'to': 'breakout', 'structure_id': 0, 'struct_direction': -1, 'reason': 'breakout_pattern', 'pat': 'one_maru_continuous', 'effective_idx': 3786, 'structure_path_id': 'H1.main >> M15.confluence', 'use_case': 'subsequent_confluence', 'parent_sid': 1, 'parent_cycle_id': 2, 'timeframe': 'M15', 'parent_tf': 'H1', 'sub_id': 6, 'started_by': 'subsequent_confluence'}"
3789,RANGE,RANGE_STARTED,,"{'start_idx': 3786, 'confirm_idx': 3789, 'hi': 0.57682, 'lo': 0.57641, 'cts_anchor_idx': 3786, 'cts_price': 0.57641, 'structure_id': 0, 'struct_direction': -1, 'structure_path_id': 'H1.main >> M15.confluence', 'use_case': 'subsequent_confluence', 'parent_sid': 1, 'parent_cycle_id': 2, 'timeframe': 'M15', 'parent_tf': 'H1', 'sub_id': 6, 'started_by': 'subsequent_confluence'}"
3789,STATE,STATE_CHANGED,,"{'from': 'breakout', 'to': 'range', 'structure_id': 0, 'struct_direction': -1, 'reason': 'range_confirmed', 'effective_idx': 3786, 'structure_path_id': 'H1.main >> M15.confluence', 'use_case': 'subsequent_confluence', 'parent_sid': 1, 'parent_cycle_id': 2, 'timeframe': 'M15', 'parent_tf': 'H1', 'sub_id': 6, 'started_by': 'subsequent_confluence'}"
3787,RANGE,RANGE_UPDATED,,"{'hi': 0.57706, 'lo': 0.57641, 'structure_id': 0, 'struct_direction': -1, 'structure_path_id': 'H1.main >> M15.confluence', 'use_case': 'subsequent_confluence', 'parent_sid': 1, 'parent_cycle_id': 2, 'timeframe': 'M15', 'parent_tf': 'H1', 'sub_id': 6, 'started_by': 'subsequent_confluence'}"
3788,RANGE,RANGE_UPDATED,,"{'hi': 0.57715, 'lo': 0.57641, 'structure_id': 0, 'struct_direction': -1, 'structure_path_id': 'H1.main >> M15.confluence', 'use_case': 'subsequent_confluence', 'parent_sid': 1, 'parent_cycle_id': 2, 'timeframe': 'M15', 'parent_tf': 'H1', 'sub_id': 6, 'started_by': 'subsequent_confluence'}"
3790,RANGE,RANGE_UPDATED,,"{'hi': 0.57722, 'lo': 0.57641, 'structure_id': 0, 'struct_direction': -1, 'structure_path_id': 'H1.main >> M15.confluence', 'use_case': 'subsequent_confluence', 'parent_sid': 1, 'parent_cycle_id': 2, 'timeframe': 'M15', 'parent_tf': 'H1', 'sub_id': 6, 'started_by': 'subsequent_confluence'}"
3794,RANGE,RANGE_UPDATED,,"{'hi': 0.57722, 'lo': 0.57628, 'structure_id': 0, 'struct_direction': -1, 'structure_path_id': 'H1.main >> M15.confluence', 'use_case': 'subsequent_confluence', 'parent_sid': 1, 'parent_cycle_id': 2, 'timeframe': 'M15', 'parent_tf': 'H1', 'sub_id': 6, 'started_by': 'subsequent_confluence'}"
3794,STRUCTURE,CTS_UPDATED,0.57628,"{'via': 'replay_raw', 'cycle_id': 0, 'structure_id': 0, 'struct_direction': -1, 'structure_path_id': 'H1.main >> M15.confluence', 'use_case': 'subsequent_confluence', 'parent_sid': 1, 'parent_cycle_id': 2, 'timeframe': 'M15', 'parent_tf': 'H1', 'sub_id': 6, 'started_by': 'subsequent_confluence'}"
3795,RANGE,RANGE_UPDATED,,"{'hi': 0.57722, 'lo': 0.57623, 'structure_id': 0, 'struct_direction': -1, 'structure_path_id': 'H1.main >> M15.confluence', 'use_case': 'subsequent_confluence', 'parent_sid': 1, 'parent_cycle_id': 2, 'timeframe': 'M15', 'parent_tf': 'H1', 'sub_id': 6, 'started_by': 'subsequent_confluence'}"
3795,STRUCTURE,CTS_UPDATED,0.57623,"{'via': 'replay_raw', 'cycle_id': 0, 'structure_id': 0, 'struct_direction': -1, 'structure_path_id': 'H1.main >> M15.confluence', 'use_case': 'subsequent_confluence', 'parent_sid': 1, 'parent_cycle_id': 2, 'timeframe': 'M15', 'parent_tf': 'H1', 'sub_id': 6, 'started_by': 'subsequent_confluence'}"
3796,RANGE,RANGE_UPDATED,,"{'hi': 0.57722, 'lo': 0.57621, 'structure_id': 0, 'struct_direction': -1, 'structure_path_id': 'H1.main >> M15.confluence', 'use_case': 'subsequent_confluence', 'parent_sid': 1, 'parent_cycle_id': 2, 'timeframe': 'M15', 'parent_tf': 'H1', 'sub_id': 6, 'started_by': 'subsequent_confluence'}"
3796,STRUCTURE,CTS_UPDATED,0.57621,"{'via': 'replay_raw', 'cycle_id': 0, 'structure_id': 0, 'struct_direction': -1, 'structure_path_id': 'H1.main >> M15.confluence', 'use_case': 'subsequent_confluence', 'parent_sid': 1, 'parent_cycle_id': 2, 'timeframe': 'M15', 'parent_tf': 'H1', 'sub_id': 6, 'started_by': 'subsequent_confluence'}"
3797,RANGE,RANGE_UPDATED,,"{'hi': 0.57722, 'lo': 0.57608, 'structure_id': 0, 'struct_direction': -1, 'structure_path_id': 'H1.main >> M15.confluence', 'use_case': 'subsequent_confluence', 'parent_sid': 1, 'parent_cycle_id': 2, 'timeframe': 'M15', 'parent_tf': 'H1', 'sub_id': 6, 'started_by': 'subsequent_confluence'}"
3797,STRUCTURE,CTS_UPDATED,0.57608,"{'via': 'replay_raw', 'cycle_id': 0, 'structure_id': 0, 'struct_direction': -1, 'structure_path_id': 'H1.main >> M15.confluence', 'use_case': 'subsequent_confluence', 'parent_sid': 1, 'parent_cycle_id': 2, 'timeframe': 'M15', 'parent_tf': 'H1', 'sub_id': 6, 'started_by': 'subsequent_confluence'}"
3802,RANGE,RANGE_UPDATED,,"{'hi': 0.57722, 'lo': 0.57586, 'structure_id': 0, 'struct_direction': -1, 'structure_path_id': 'H1.main >> M15.confluence', 'use_case': 'subsequent_confluence', 'parent_sid': 1, 'parent_cycle_id': 2, 'timeframe': 'M15', 'parent_tf': 'H1', 'sub_id': 6, 'started_by': 'subsequent_confluence'}"
3802,STRUCTURE,CTS_UPDATED,0.57586,"{'via': 'replay_raw', 'cycle_id': 0, 'structure_id': 0, 'struct_direction': -1, 'structure_path_id': 'H1.main >> M15.confluence', 'use_case': 'subsequent_confluence', 'parent_sid': 1, 'parent_cycle_id': 2, 'timeframe': 'M15', 'parent_tf': 'H1', 'sub_id': 6, 'started_by': 'subsequent_confluence'}"
3803,RANGE,RANGE_UPDATED,,"{'hi': 0.57722, 'lo': 0.5758, 'structure_id': 0, 'struct_direction': -1, 'structure_path_id': 'H1.main >> M15.confluence', 'use_case': 'subsequent_confluence', 'parent_sid': 1, 'parent_cycle_id': 2, 'timeframe': 'M15', 'parent_tf': 'H1', 'sub_id': 6, 'started_by': 'subsequent_confluence'}"
3803,STRUCTURE,CTS_UPDATED,0.5758,"{'via': 'replay_raw', 'cycle_id': 0, 'structure_id': 0, 'struct_direction': -1, 'structure_path_id': 'H1.main >> M15.confluence', 'use_case': 'subsequent_confluence', 'parent_sid': 1, 'parent_cycle_id': 2, 'timeframe': 'M15', 'parent_tf': 'H1', 'sub_id': 6, 'started_by': 'subsequent_confluence'}"
3804,RANGE,RANGE_UPDATED,,"{'hi': 0.57722, 'lo': 0.57576, 'structure_id': 0, 'struct_direction': -1, 'structure_path_id': 'H1.main >> M15.confluence', 'use_case': 'subsequent_confluence', 'parent_sid': 1, 'parent_cycle_id': 2, 'timeframe': 'M15', 'parent_tf': 'H1', 'sub_id': 6, 'started_by': 'subsequent_confluence'}"
3804,STRUCTURE,CTS_UPDATED,0.57576,"{'via': 'replay_raw', 'cycle_id': 0, 'structure_id': 0, 'struct_direction': -1, 'structure_path_id': 'H1.main >> M15.confluence', 'use_case': 'subsequent_confluence', 'parent_sid': 1, 'parent_cycle_id': 2, 'timeframe': 'M15', 'parent_tf': 'H1', 'sub_id': 6, 'started_by': 'subsequent_confluence'}"
3805,RANGE,RANGE_UPDATED,,"{'hi': 0.57722, 'lo': 0.57552, 'structure_id': 0, 'struct_direction': -1, 'structure_path_id': 'H1.main >> M15.confluence', 'use_case': 'subsequent_confluence', 'parent_sid': 1, 'parent_cycle_id': 2, 'timeframe': 'M15', 'parent_tf': 'H1', 'sub_id': 6, 'started_by': 'subsequent_confluence'}"
3805,STRUCTURE,CTS_UPDATED,0.57552,"{'via': 'replay_raw', 'cycle_id': 0, 'structure_id': 0, 'struct_direction': -1, 'structure_path_id': 'H1.main >> M15.confluence', 'use_case': 'subsequent_confluence', 'parent_sid': 1, 'parent_cycle_id': 2, 'timeframe': 'M15', 'parent_tf': 'H1', 'sub_id': 6, 'started_by': 'subsequent_confluence'}"
3806,RANGE,RANGE_UPDATED,,"{'hi': 0.57827, 'lo': 0.57552, 'structure_id': 0, 'struct_direction': -1, 'structure_path_id': 'H1.main >> M15.confluence', 'use_case': 'subsequent_confluence', 'parent_sid': 1, 'parent_cycle_id': 2, 'timeframe': 'M15', 'parent_tf': 'H1', 'sub_id': 6, 'started_by': 'subsequent_confluence'}"
3806,STRUCTURE,BOS_THRESHOLD_UPDATED,0.57827,"{'prev': 0.57806, 'reason': 'probe_no_break', 'cycle_id': 0, 'structure_id': 0, 'struct_direction': -1, 'structure_path_id': 'H1.main >> M15.confluence', 'use_case': 'subsequent_confluence', 'parent_sid': 1, 'parent_cycle_id': 2, 'timeframe': 'M15', 'parent_tf': 'H1', 'sub_id': 6, 'started_by': 'subsequent_confluence'}"
3812,STRUCTURE,CTS_UPDATED,0.57484,"{'via': 'replay_raw', 'cycle_id': 0, 'structure_id': 0, 'struct_direction': -1, 'structure_path_id': 'H1.main >> M15.confluence', 'use_case': 'subsequent_confluence', 'parent_sid': 1, 'parent_cycle_id': 2, 'timeframe': 'M15', 'parent_tf': 'H1', 'sub_id': 6, 'started_by': 'subsequent_confluence'}"
3813,RANGE,RANGE_RESET,,"{'reason': 'range_breakout', 'pat': 'one_maru_continuous', 'structure_id': 0, 'struct_direction': -1, 'structure_path_id': 'H1.main >> M15.confluence', 'use_case': 'subsequent_confluence', 'parent_sid': 1, 'parent_cycle_id': 2, 'timeframe': 'M15', 'parent_tf': 'H1', 'sub_id': 6, 'started_by': 'subsequent_confluence'}"
3813,STRUCTURE,CTS_UPDATED,0.57422,"{'via': 'one_maru_continuous', 'confirmed_at': 3813, 'cts_anchor_idx': 3813, 'cycle_id': 0, 'structure_id': 0, 'struct_direction': -1, 'structure_path_id': 'H1.main >> M15.confluence', 'use_case': 'subsequent_confluence', 'parent_sid': 1, 'parent_cycle_id': 2, 'timeframe': 'M15', 'parent_tf': 'H1', 'sub_id': 6, 'started_by': 'subsequent_confluence'}"
3813,STATE,STATE_CHANGED,,"{'from': 'range', 'to': 'breakout', 'structure_id': 0, 'struct_direction': -1, 'reason': 'breakout_pattern', 'pat': 'one_maru_continuous', 'effective_idx': 3813, 'structure_path_id': 'H1.main >> M15.confluence', 'use_case': 'subsequent_confluence', 'parent_sid': 1, 'parent_cycle_id': 2, 'timeframe': 'M15', 'parent_tf': 'H1', 'sub_id': 6, 'started_by': 'subsequent_confluence'}"
3816,STRUCTURE,CTS_UPDATED,0.5738,"{'via': 'replay_raw', 'cycle_id': 0, 'structure_id': 0, 'struct_direction': -1, 'structure_path_id': 'H1.main >> M15.confluence', 'use_case': 'subsequent_confluence', 'parent_sid': 1, 'parent_cycle_id': 2, 'timeframe': 'M15', 'parent_tf': 'H1', 'sub_id': 6, 'started_by': 'subsequent_confluence'}"
3817,STRUCTURE,CTS_UPDATED,0.57351,"{'via': 'replay_raw', 'cycle_id': 0, 'structure_id': 0, 'struct_direction': -1, 'structure_path_id': 'H1.main >> M15.confluence', 'use_case': 'subsequent_confluence', 'parent_sid': 1, 'parent_cycle_id': 2, 'timeframe': 'M15', 'parent_tf': 'H1', 'sub_id': 6, 'started_by': 'subsequent_confluence'}"
3819,RANGE,RANGE_STARTED,,"{'start_idx': 3814, 'confirm_idx': 3819, 'hi': 0.5746, 'lo': 0.57351, 'cts_anchor_idx': 3817, 'cts_price': 0.57351, 'structure_id': 0, 'struct_direction': -1, 'structure_path_id': 'H1.main >> M15.confluence', 'use_case': 'subsequent_confluence', 'parent_sid': 1, 'parent_cycle_id': 2, 'timeframe': 'M15', 'parent_tf': 'H1', 'sub_id': 6, 'started_by': 'subsequent_confluence'}"
3819,STATE,STATE_CHANGED,,"{'from': 'breakout', 'to': 'range', 'structure_id': 0, 'struct_direction': -1, 'reason': 'range_confirmed', 'effective_idx': 3814, 'structure_path_id': 'H1.main >> M15.confluence', 'use_case': 'subsequent_confluence', 'parent_sid': 1, 'parent_cycle_id': 2, 'timeframe': 'M15', 'parent_tf': 'H1', 'sub_id': 6, 'started_by': 'subsequent_confluence'}"
3815,RANGE,RANGE_UPDATED,,"{'hi': 0.57508, 'lo': 0.57351, 'structure_id': 0, 'struct_direction': -1, 'structure_path_id': 'H1.main >> M15.confluence', 'use_case': 'subsequent_confluence', 'parent_sid': 1, 'parent_cycle_id': 2, 'timeframe': 'M15', 'parent_tf': 'H1', 'sub_id': 6, 'started_by': 'subsequent_confluence'}"
3852,RANGE,RANGE_UPDATED,,"{'hi': 0.57508, 'lo': 0.57326, 'structure_id': 0, 'struct_direction': -1, 'structure_path_id': 'H1.main >> M15.confluence', 'use_case': 'subsequent_confluence', 'parent_sid': 1, 'parent_cycle_id': 2, 'timeframe': 'M15', 'parent_tf': 'H1', 'sub_id': 6, 'started_by': 'subsequent_confluence'}"
3852,STRUCTURE,CTS_UPDATED,0.57326,"{'via': 'replay_raw', 'cycle_id': 0, 'structure_id': 0, 'struct_direction': -1, 'structure_path_id': 'H1.main >> M15.confluence', 'use_case': 'subsequent_confluence', 'parent_sid': 1, 'parent_cycle_id': 2, 'timeframe': 'M15', 'parent_tf': 'H1', 'sub_id': 6, 'started_by': 'subsequent_confluence'}"
3853,RANGE,RANGE_UPDATED,,"{'hi': 0.57508, 'lo': 0.57316, 'structure_id': 0, 'struct_direction': -1, 'structure_path_id': 'H1.main >> M15.confluence', 'use_case': 'subsequent_confluence', 'parent_sid': 1, 'parent_cycle_id': 2, 'timeframe': 'M15', 'parent_tf': 'H1', 'sub_id': 6, 'started_by': 'subsequent_confluence'}"
3853,STRUCTURE,CTS_UPDATED,0.57316,"{'via': 'replay_raw', 'cycle_id': 0, 'structure_id': 0, 'struct_direction': -1, 'structure_path_id': 'H1.main >> M15.confluence', 'use_case': 'subsequent_confluence', 'parent_sid': 1, 'parent_cycle_id': 2, 'timeframe': 'M15', 'parent_tf': 'H1', 'sub_id': 6, 'started_by': 'subsequent_confluence'}"
3854,RANGE,RANGE_UPDATED,,"{'hi': 0.57508, 'lo': 0.57306, 'structure_id': 0, 'struct_direction': -1, 'structure_path_id': 'H1.main >> M15.confluence', 'use_case': 'subsequent_confluence', 'parent_sid': 1, 'parent_cycle_id': 2, 'timeframe': 'M15', 'parent_tf': 'H1', 'sub_id': 6, 'started_by': 'subsequent_confluence'}"
3854,STRUCTURE,CTS_UPDATED,0.57306,"{'via': 'replay_raw', 'cycle_id': 0, 'structure_id': 0, 'struct_direction': -1, 'structure_path_id': 'H1.main >> M15.confluence', 'use_case': 'subsequent_confluence', 'parent_sid': 1, 'parent_cycle_id': 2, 'timeframe': 'M15', 'parent_tf': 'H1', 'sub_id': 6, 'started_by': 'subsequent_confluence'}"
3876,RANGE,RANGE_UPDATED,,"{'hi': 0.5751, 'lo': 0.57306, 'structure_id': 0, 'struct_direction': -1, 'structure_path_id': 'H1.main >> M15.confluence', 'use_case': 'subsequent_confluence', 'parent_sid': 1, 'parent_cycle_id': 2, 'timeframe': 'M15', 'parent_tf': 'H1', 'sub_id': 6, 'started_by': 'subsequent_confluence'}"
3905,RANGE,RANGE_UPDATED,,"{'hi': 0.57512, 'lo': 0.57306, 'structure_id': 0, 'struct_direction': -1, 'structure_path_id': 'H1.main >> M15.confluence', 'use_case': 'subsequent_confluence', 'parent_sid': 1, 'parent_cycle_id': 2, 'timeframe': 'M15', 'parent_tf': 'H1', 'sub_id': 6, 'started_by': 'subsequent_confluence'}"
3908,RANGE,RANGE_UPDATED,,"{'hi': 0.57549, 'lo': 0.57306, 'structure_id': 0, 'struct_direction': -1, 'structure_path_id': 'H1.main >> M15.confluence', 'use_case': 'subsequent_confluence', 'parent_sid': 1, 'parent_cycle_id': 2, 'timeframe': 'M15', 'parent_tf': 'H1', 'sub_id': 6, 'started_by': 'subsequent_confluence'}"
3912,RANGE,RANGE_UPDATED,,"{'hi': 0.57558, 'lo': 0.57306, 'structure_id': 0, 'struct_direction': -1, 'structure_path_id': 'H1.main >> M15.confluence', 'use_case': 'subsequent_confluence', 'parent_sid': 1, 'parent_cycle_id': 2, 'timeframe': 'M15', 'parent_tf': 'H1', 'sub_id': 6, 'started_by': 'subsequent_confluence'}"
3914,RANGE,RANGE_UPDATED,,"{'hi': 0.5756, 'lo': 0.57306, 'structure_id': 0, 'struct_direction': -1, 'structure_path_id': 'H1.main >> M15.confluence', 'use_case': 'subsequent_confluence', 'parent_sid': 1, 'parent_cycle_id': 2, 'timeframe': 'M15', 'parent_tf': 'H1', 'sub_id': 6, 'started_by': 'subsequent_confluence'}"
3998,RANGE,RANGE_UPDATED,,"{'hi': 0.5756, 'lo': 0.57302, 'structure_id': 0, 'struct_direction': -1, 'structure_path_id': 'H1.main >> M15.confluence', 'use_case': 'subsequent_confluence', 'parent_sid': 1, 'parent_cycle_id': 2, 'timeframe': 'M15', 'parent_tf': 'H1', 'sub_id': 6, 'started_by': 'subsequent_confluence'}"
3998,STRUCTURE,CTS_UPDATED,0.57302,"{'via': 'replay_raw', 'cycle_id': 0, 'structure_id': 0, 'struct_direction': -1, 'structure_path_id': 'H1.main >> M15.confluence', 'use_case': 'subsequent_confluence', 'parent_sid': 1, 'parent_cycle_id': 2, 'timeframe': 'M15', 'parent_tf': 'H1', 'sub_id': 6, 'started_by': 'subsequent_confluence'}"
3999,RANGE,RANGE_UPDATED,,"{'hi': 0.5756, 'lo': 0.57274, 'structure_id': 0, 'struct_direction': -1, 'structure_path_id': 'H1.main >> M15.confluence', 'use_case': 'subsequent_confluence', 'parent_sid': 1, 'parent_cycle_id': 2, 'timeframe': 'M15', 'parent_tf': 'H1', 'sub_id': 6, 'started_by': 'subsequent_confluence'}"
3999,STRUCTURE,CTS_UPDATED,0.57274,"{'via': 'replay_raw', 'cycle_id': 0, 'structure_id': 0, 'struct_direction': -1, 'structure_path_id': 'H1.main >> M15.confluence', 'use_case': 'subsequent_confluence', 'parent_sid': 1, 'parent_cycle_id': 2, 'timeframe': 'M15', 'parent_tf': 'H1', 'sub_id': 6, 'started_by': 'subsequent_confluence'}"
4000,RANGE,RANGE_UPDATED,,"{'hi': 0.5756, 'lo': 0.57255, 'structure_id': 0, 'struct_direction': -1, 'structure_path_id': 'H1.main >> M15.confluence', 'use_case': 'subsequent_confluence', 'parent_sid': 1, 'parent_cycle_id': 2, 'timeframe': 'M15', 'parent_tf': 'H1', 'sub_id': 6, 'started_by': 'subsequent_confluence'}"
4000,STRUCTURE,CTS_UPDATED,0.57255,"{'via': 'replay_raw', 'cycle_id': 0, 'structure_id': 0, 'struct_direction': -1, 'structure_path_id': 'H1.main >> M15.confluence', 'use_case': 'subsequent_confluence', 'parent_sid': 1, 'parent_cycle_id': 2, 'timeframe': 'M15', 'parent_tf': 'H1', 'sub_id': 6, 'started_by': 'subsequent_confluence'}"
4054,RANGE,RANGE_UPDATED,,"{'hi': 0.57581, 'lo': 0.57255, 'structure_id': 0, 'struct_direction': -1, 'structure_path_id': 'H1.main >> M15.confluence', 'use_case': 'subsequent_confluence', 'parent_sid': 1, 'parent_cycle_id': 2, 'timeframe': 'M15', 'parent_tf': 'H1', 'sub_id': 6, 'started_by': 'subsequent_confluence'}"
4058,RANGE,RANGE_UPDATED,,"{'hi': 0.57585, 'lo': 0.57255, 'structure_id': 0, 'struct_direction': -1, 'structure_path_id': 'H1.main >> M15.confluence', 'use_case': 'subsequent_confluence', 'parent_sid': 1, 'parent_cycle_id': 2, 'timeframe': 'M15', 'parent_tf': 'H1', 'sub_id': 6, 'started_by': 'subsequent_confluence'}"
4070,RANGE,RANGE_UPDATED,,"{'hi': 0.57589, 'lo': 0.57255, 'structure_id': 0, 'struct_direction': -1, 'structure_path_id': 'H1.main >> M15.confluence', 'use_case': 'subsequent_confluence', 'parent_sid': 1, 'parent_cycle_id': 2, 'timeframe': 'M15', 'parent_tf': 'H1', 'sub_id': 6, 'started_by': 'subsequent_confluence'}"
4071,RANGE,RANGE_UPDATED,,"{'hi': 0.57638, 'lo': 0.57255, 'structure_id': 0, 'struct_direction': -1, 'structure_path_id': 'H1.main >> M15.confluence', 'use_case': 'subsequent_confluence', 'parent_sid': 1, 'parent_cycle_id': 2, 'timeframe': 'M15', 'parent_tf': 'H1', 'sub_id': 6, 'started_by': 'subsequent_confluence'}"
4082,RANGE,RANGE_UPDATED,,"{'hi': 0.57639, 'lo': 0.57255, 'structure_id': 0, 'struct_direction': -1, 'structure_path_id': 'H1.main >> M15.confluence', 'use_case': 'subsequent_confluence', 'parent_sid': 1, 'parent_cycle_id': 2, 'timeframe': 'M15', 'parent_tf': 'H1', 'sub_id': 6, 'started_by': 'subsequent_confluence'}"
4083,RANGE,RANGE_UPDATED,,"{'hi': 0.57645, 'lo': 0.57255, 'structure_id': 0, 'struct_direction': -1, 'structure_path_id': 'H1.main >> M15.confluence', 'use_case': 'subsequent_confluence', 'parent_sid': 1, 'parent_cycle_id': 2, 'timeframe': 'M15', 'parent_tf': 'H1', 'sub_id': 6, 'started_by': 'subsequent_confluence'}"
4084,RANGE,RANGE_UPDATED,,"{'hi': 0.5766, 'lo': 0.57255, 'structure_id': 0, 'struct_direction': -1, 'structure_path_id': 'H1.main >> M15.confluence', 'use_case': 'subsequent_confluence', 'parent_sid': 1, 'parent_cycle_id': 2, 'timeframe': 'M15', 'parent_tf': 'H1', 'sub_id': 6, 'started_by': 'subsequent_confluence'}"
4085,RANGE,RANGE_UPDATED,,"{'hi': 0.5767, 'lo': 0.57255, 'structure_id': 0, 'struct_direction': -1, 'structure_path_id': 'H1.main >> M15.confluence', 'use_case': 'subsequent_confluence', 'parent_sid': 1, 'parent_cycle_id': 2, 'timeframe': 'M15', 'parent_tf': 'H1', 'sub_id': 6, 'started_by': 'subsequent_confluence'}"
4086,RANGE,RANGE_UPDATED,,"{'hi': 0.57674, 'lo': 0.57255, 'structure_id': 0, 'struct_direction': -1, 'structure_path_id': 'H1.main >> M15.confluence', 'use_case': 'subsequent_confluence', 'parent_sid': 1, 'parent_cycle_id': 2, 'timeframe': 'M15', 'parent_tf': 'H1', 'sub_id': 6, 'started_by': 'subsequent_confluence'}"
4140,RANGE,RANGE_UPDATED,,"{'hi': 0.57682, 'lo': 0.57255, 'structure_id': 0, 'struct_direction': -1, 'structure_path_id': 'H1.main >> M15.confluence', 'use_case': 'subsequent_confluence', 'parent_sid': 1, 'parent_cycle_id': 2, 'timeframe': 'M15', 'parent_tf': 'H1', 'sub_id': 6, 'started_by': 'subsequent_confluence'}"
4141,RANGE,RANGE_UPDATED,,"{'hi': 0.5773, 'lo': 0.57255, 'structure_id': 0, 'struct_direction': -1, 'structure_path_id': 'H1.main >> M15.confluence', 'use_case': 'subsequent_confluence', 'parent_sid': 1, 'parent_cycle_id': 2, 'timeframe': 'M15', 'parent_tf': 'H1', 'sub_id': 6, 'started_by': 'subsequent_confluence'}"
4153,RANGE,RANGE_UPDATED,,"{'hi': 0.57738, 'lo': 0.57255, 'structure_id': 0, 'struct_direction': -1, 'structure_path_id': 'H1.main >> M15.confluence', 'use_case': 'subsequent_confluence', 'parent_sid': 1, 'parent_cycle_id': 2, 'timeframe': 'M15', 'parent_tf': 'H1', 'sub_id': 6, 'started_by': 'subsequent_confluence'}"
4157,RANGE,RANGE_UPDATED,,"{'reason': 'pullback_expand', 'hi': 0.57769, 'lo': 0.57255, 'pat': 'one_maru_continuous', 'structure_id': 0, 'struct_direction': -1, 'structure_path_id': 'H1.main >> M15.confluence', 'use_case': 'subsequent_confluence', 'parent_sid': 1, 'parent_cycle_id': 2, 'timeframe': 'M15', 'parent_tf': 'H1', 'sub_id': 6, 'started_by': 'subsequent_confluence'}"
4157,STRUCTURE,CTS_CONFIRMED,0.57255,"{'via': 'one_maru_continuous', 'cycle_id': 0, 'structure_id': 0, 'struct_direction': -1, 'confirmed_at': 4157, 'cts_anchor_idx': 4000, 'confirmation_method': 'pullback', 'structure_path_id': 'H1.main >> M15.confluence', 'use_case': 'subsequent_confluence', 'parent_sid': 1, 'parent_cycle_id': 2, 'timeframe': 'M15', 'parent_tf': 'H1', 'sub_id': 6, 'started_by': 'subsequent_confluence'}"
4157,STATE,STATE_CHANGED,,"{'from': 'range', 'to': 'pullback', 'structure_id': 0, 'struct_direction': -1, 'reason': 'pullback_pattern', 'pat': 'one_maru_continuous', 'effective_idx': 4157, 'structure_path_id': 'H1.main >> M15.confluence', 'use_case': 'subsequent_confluence', 'parent_sid': 1, 'parent_cycle_id': 2, 'timeframe': 'M15', 'parent_tf': 'H1', 'sub_id': 6, 'started_by': 'subsequent_confluence'}"
4157,RANGE,RANGE_UPDATED,,"{'hi': 0.57798, 'lo': 0.57255, 'structure_id': 0, 'struct_direction': -1, 'structure_path_id': 'H1.main >> M15.confluence', 'use_case': 'subsequent_confluence', 'parent_sid': 1, 'parent_cycle_id': 2, 'timeframe': 'M15', 'parent_tf': 'H1', 'sub_id': 6, 'started_by': 'subsequent_confluence'}"
4158,STATE,STATE_CHANGED,,"{'from': 'pullback', 'to': 'pullback_range', 'structure_id': 0, 'struct_direction': -1, 'reason': 'replay_no_expand_pullback_side', 'effective_idx': 4158, 'structure_path_id': 'H1.main >> M15.confluence', 'use_case': 'subsequent_confluence', 'parent_sid': 1, 'parent_cycle_id': 2, 'timeframe': 'M15', 'parent_tf': 'H1', 'sub_id': 6, 'started_by': 'subsequent_confluence'}"
4177,RANGE,RANGE_UPDATED,,"{'hi': 0.57802, 'lo': 0.57255, 'structure_id': 0, 'struct_direction': -1, 'structure_path_id': 'H1.main >> M15.confluence', 'use_case': 'subsequent_confluence', 'parent_sid': 1, 'parent_cycle_id': 2, 'timeframe': 'M15', 'parent_tf': 'H1', 'sub_id': 6, 'started_by': 'subsequent_confluence'}"
4177,STATE,STATE_CHANGED,,"{'from': 'pullback_range', 'to': 'pullback', 'structure_id': 0, 'struct_direction': -1, 'reason': 'replay_expand_pullback_side', 'effective_idx': 4177, 'structure_path_id': 'H1.main >> M15.confluence', 'use_case': 'subsequent_confluence', 'parent_sid': 1, 'parent_cycle_id': 2, 'timeframe': 'M15', 'parent_tf': 'H1', 'sub_id': 6, 'started_by': 'subsequent_confluence'}"
4178,RANGE,RANGE_UPDATED,,"{'hi': 0.57826, 'lo': 0.57255, 'structure_id': 0, 'struct_direction': -1, 'structure_path_id': 'H1.main >> M15.confluence', 'use_case': 'subsequent_confluence', 'parent_sid': 1, 'parent_cycle_id': 2, 'timeframe': 'M15', 'parent_tf': 'H1', 'sub_id': 6, 'started_by': 'subsequent_confluence'}"
4179,RANGE,RANGE_UPDATED,,"{'hi': 0.57856, 'lo': 0.57255, 'structure_id': 0, 'struct_direction': -1, 'structure_path_id': 'H1.main >> M15.confluence', 'use_case': 'subsequent_confluence', 'parent_sid': 1, 'parent_cycle_id': 2, 'timeframe': 'M15', 'parent_tf': 'H1', 'sub_id': 6, 'started_by': 'subsequent_confluence'}"
4179,STRUCTURE,BOS_THRESHOLD_UPDATED,0.57856,"{'prev': 0.57827, 'reason': 'probe_no_break', 'cycle_id': 0, 'structure_id': 0, 'struct_direction': -1, 'structure_path_id': 'H1.main >> M15.confluence', 'use_case': 'subsequent_confluence', 'parent_sid': 1, 'parent_cycle_id': 2, 'timeframe': 'M15', 'parent_tf': 'H1', 'sub_id': 6, 'started_by': 'subsequent_confluence'}"
4180,STATE,STATE_CHANGED,,"{'from': 'pullback', 'to': 'pullback_range', 'structure_id': 0, 'struct_direction': -1, 'reason': 'replay_no_expand_pullback_side', 'effective_idx': 4180, 'structure_path_id': 'H1.main >> M15.confluence', 'use_case': 'subsequent_confluence', 'parent_sid': 1, 'parent_cycle_id': 2, 'timeframe': 'M15', 'parent_tf': 'H1', 'sub_id': 6, 'started_by': 'subsequent_confluence'}"
4184,RANGE,RANGE_UPDATED,,"{'hi': 0.57858, 'lo': 0.57255, 'structure_id': 0, 'struct_direction': -1, 'structure_path_id': 'H1.main >> M15.confluence', 'use_case': 'subsequent_confluence', 'parent_sid': 1, 'parent_cycle_id': 2, 'timeframe': 'M15', 'parent_tf': 'H1', 'sub_id': 6, 'started_by': 'subsequent_confluence'}"
4184,STATE,STATE_CHANGED,,"{'from': 'pullback_range', 'to': 'pullback', 'structure_id': 0, 'struct_direction': -1, 'reason': 'replay_expand_pullback_side', 'effective_idx': 4184, 'structure_path_id': 'H1.main >> M15.confluence', 'use_case': 'subsequent_confluence', 'parent_sid': 1, 'parent_cycle_id': 2, 'timeframe': 'M15', 'parent_tf': 'H1', 'sub_id': 6, 'started_by': 'subsequent_confluence'}"
4184,STRUCTURE,BOS_THRESHOLD_UPDATED,0.57858,"{'prev': 0.57856, 'reason': 'probe_no_break', 'cycle_id': 0, 'structure_id': 0, 'struct_direction': -1, 'structure_path_id': 'H1.main >> M15.confluence', 'use_case': 'subsequent_confluence', 'parent_sid': 1, 'parent_cycle_id': 2, 'timeframe': 'M15', 'parent_tf': 'H1', 'sub_id': 6, 'started_by': 'subsequent_confluence'}"
4185,RANGE,RANGE_UPDATED,,"{'hi': 0.57872, 'lo': 0.57255, 'structure_id': 0, 'struct_direction': -1, 'structure_path_id': 'H1.main >> M15.confluence', 'use_case': 'subsequent_confluence', 'parent_sid': 1, 'parent_cycle_id': 2, 'timeframe': 'M15', 'parent_tf': 'H1', 'sub_id': 6, 'started_by': 'subsequent_confluence'}"
4185,STRUCTURE,BOS_THRESHOLD_UPDATED,0.57872,"{'prev': 0.57858, 'reason': 'probe_no_break', 'cycle_id': 0, 'structure_id': 0, 'struct_direction': -1, 'structure_path_id': 'H1.main >> M15.confluence', 'use_case': 'subsequent_confluence', 'parent_sid': 1, 'parent_cycle_id': 2, 'timeframe': 'M15', 'parent_tf': 'H1', 'sub_id': 6, 'started_by': 'subsequent_confluence'}"
4186,RANGE,RANGE_UPDATED,,"{'hi': 0.57873, 'lo': 0.57255, 'structure_id': 0, 'struct_direction': -1, 'structure_path_id': 'H1.main >> M15.confluence', 'use_case': 'subsequent_confluence', 'parent_sid': 1, 'parent_cycle_id': 2, 'timeframe': 'M15', 'parent_tf': 'H1', 'sub_id': 6, 'started_by': 'subsequent_confluence'}"
4186,STRUCTURE,BOS_THRESHOLD_UPDATED,0.57873,"{'prev': 0.57872, 'reason': 'probe_no_break', 'cycle_id': 0, 'structure_id': 0, 'struct_direction': -1, 'structure_path_id': 'H1.main >> M15.confluence', 'use_case': 'subsequent_confluence', 'parent_sid': 1, 'parent_cycle_id': 2, 'timeframe': 'M15', 'parent_tf': 'H1', 'sub_id': 6, 'started_by': 'subsequent_confluence'}"
4187,RANGE,RANGE_UPDATED,,"{'hi': 0.57874, 'lo': 0.57255, 'structure_id': 0, 'struct_direction': -1, 'structure_path_id': 'H1.main >> M15.confluence', 'use_case': 'subsequent_confluence', 'parent_sid': 1, 'parent_cycle_id': 2, 'timeframe': 'M15', 'parent_tf': 'H1', 'sub_id': 6, 'started_by': 'subsequent_confluence'}"
4187,STRUCTURE,BOS_THRESHOLD_UPDATED,0.57874,"{'prev': 0.57873, 'reason': 'probe_no_break', 'cycle_id': 0, 'structure_id': 0, 'struct_direction': -1, 'structure_path_id': 'H1.main >> M15.confluence', 'use_case': 'subsequent_confluence', 'parent_sid': 1, 'parent_cycle_id': 2, 'timeframe': 'M15', 'parent_tf': 'H1', 'sub_id': 6, 'started_by': 'subsequent_confluence'}"
4188,STATE,STATE_CHANGED,,"{'from': 'pullback', 'to': 'pullback_range', 'structure_id': 0, 'struct_direction': -1, 'reason': 'replay_no_expand_pullback_side', 'effective_idx': 4188, 'structure_path_id': 'H1.main >> M15.confluence', 'use_case': 'subsequent_confluence', 'parent_sid': 1, 'parent_cycle_id': 2, 'timeframe': 'M15', 'parent_tf': 'H1', 'sub_id': 6, 'started_by': 'subsequent_confluence'}"
4189,RANGE,RANGE_UPDATED,,"{'hi': 0.57895, 'lo': 0.57255, 'structure_id': 0, 'struct_direction': -1, 'structure_path_id': 'H1.main >> M15.confluence', 'use_case': 'subsequent_confluence', 'parent_sid': 1, 'parent_cycle_id': 2, 'timeframe': 'M15', 'parent_tf': 'H1', 'sub_id': 6, 'started_by': 'subsequent_confluence'}"
4189,STATE,STATE_CHANGED,,"{'from': 'pullback_range', 'to': 'pullback', 'structure_id': 0, 'struct_direction': -1, 'reason': 'replay_expand_pullback_side', 'effective_idx': 4189, 'structure_path_id': 'H1.main >> M15.confluence', 'use_case': 'subsequent_confluence', 'parent_sid': 1, 'parent_cycle_id': 2, 'timeframe': 'M15', 'parent_tf': 'H1', 'sub_id': 6, 'started_by': 'subsequent_confluence'}"
4189,STRUCTURE,BOS_THRESHOLD_UPDATED,0.57895,"{'prev': 0.57874, 'reason': 'probe_no_break', 'cycle_id': 0, 'structure_id': 0, 'struct_direction': -1, 'structure_path_id': 'H1.main >> M15.confluence', 'use_case': 'subsequent_confluence', 'parent_sid': 1, 'parent_cycle_id': 2, 'timeframe': 'M15', 'parent_tf': 'H1', 'sub_id': 6, 'started_by': 'subsequent_confluence'}"
4190,STATE,STATE_CHANGED,,"{'from': 'pullback', 'to': 'pullback_range', 'structure_id': 0, 'struct_direction': -1, 'reason': 'replay_no_expand_pullback_side', 'effective_idx': 4190, 'structure_path_id': 'H1.main >> M15.confluence', 'use_case': 'subsequent_confluence', 'parent_sid': 1, 'parent_cycle_id': 2, 'timeframe': 'M15', 'parent_tf': 'H1', 'sub_id': 6, 'started_by': 'subsequent_confluence'}"
4195,RANGE,RANGE_UPDATED,,"{'hi': 0.57898, 'lo': 0.57255, 'structure_id': 0, 'struct_direction': -1, 'structure_path_id': 'H1.main >> M15.confluence', 'use_case': 'subsequent_confluence', 'parent_sid': 1, 'parent_cycle_id': 2, 'timeframe': 'M15', 'parent_tf': 'H1', 'sub_id': 6, 'started_by': 'subsequent_confluence'}"
4195,STATE,STATE_CHANGED,,"{'from': 'pullback_range', 'to': 'pullback', 'structure_id': 0, 'struct_direction': -1, 'reason': 'replay_expand_pullback_side', 'effective_idx': 4195, 'structure_path_id': 'H1.main >> M15.confluence', 'use_case': 'subsequent_confluence', 'parent_sid': 1, 'parent_cycle_id': 2, 'timeframe': 'M15', 'parent_tf': 'H1', 'sub_id': 6, 'started_by': 'subsequent_confluence'}"
4195,STRUCTURE,BOS_THRESHOLD_UPDATED,0.57898,"{'prev': 0.57895, 'reason': 'probe_no_break', 'cycle_id': 0, 'structure_id': 0, 'struct_direction': -1, 'structure_path_id': 'H1.main >> M15.confluence', 'use_case': 'subsequent_confluence', 'parent_sid': 1, 'parent_cycle_id': 2, 'timeframe': 'M15', 'parent_tf': 'H1', 'sub_id': 6, 'started_by': 'subsequent_confluence'}"
4196,STRUCTURE,REVERSAL_WATCH_START,0.57898,"{'pattern_anchor_idx': 4196, 'bos_frozen': 0.57898, 'expires_idx': 4201, 'structure_id': 0, 'struct_direction': -1, 'structure_path_id': 'H1.main >> M15.confluence', 'use_case': 'subsequent_confluence', 'parent_sid': 1, 'parent_cycle_id': 2, 'timeframe': 'M15', 'parent_tf': 'H1', 'sub_id': 6, 'started_by': 'subsequent_confluence'}"
4196,STRUCTURE,REVERSAL_CANDIDATE,0.57898,"{'pattern_anchor_idx': 4196, 'apply_idx': 4200, 'pattern': '?', 'bos_frozen': 0.57898, 'expires_idx': 4201, 'structure_id': 0, 'struct_direction': -1, 'structure_path_id': 'H1.main >> M15.confluence', 'use_case': 'subsequent_confluence', 'parent_sid': 1, 'parent_cycle_id': 2, 'timeframe': 'M15', 'parent_tf': 'H1', 'sub_id': 6, 'started_by': 'subsequent_confluence'}"
4200,STATE,STATE_CHANGED,,"{'from': 'pullback', 'to': 'reversal', 'structure_id': 0, 'struct_direction': -1, 'reason': 'reversal_pattern', 'pat': 'one_maru_opposite', 'bos_frozen': 0.57898, 'effective_idx': 4200, 'structure_path_id': 'H1.main >> M15.confluence', 'use_case': 'subsequent_confluence', 'parent_sid': 1, 'parent_cycle_id': 2, 'timeframe': 'M15', 'parent_tf': 'H1', 'sub_id': 6, 'started_by': 'subsequent_confluence'}"
4200,RANGE,RANGE_UPDATED,,"{'hi': 0.57954, 'lo': 0.57255, 'structure_id': 0, 'struct_direction': -1, 'structure_path_id': 'H1.main >> M15.confluence', 'use_case': 'subsequent_confluence', 'parent_sid': 1, 'parent_cycle_id': 2, 'timeframe': 'M15', 'parent_tf': 'H1', 'sub_id': 6, 'started_by': 'subsequent_confluence'}"
4031,STRUCTURE,CTS_ESTABLISHED,0.5744,"{'via': 'one_maru_opposite', 'pattern_anchor_idx': 4030, 'pattern_name': 'one_maru_opposite', 'confirmed_at': 4031, 'cycle_id': 0, 'structure_id': 0, 'struct_direction': 1, 'cts_anchor_idx': 4031, 'structure_path_id': 'H1.main >> M15.confluence', 'use_case': 'subsequent_counter', 'parent_sid': 1, 'parent_cycle_id': 2, 'timeframe': 'M15', 'parent_tf': 'H1', 'sub_id': 7, 'started_by': 'subsequent_counter'}"
4031,STRUCTURE,BOS_CONFIRMED,0.57362,"{'source': 'initial_prior_extreme', 'confirmed_at': 4031, 'last_pullback_apply_idx': None, 'cycle_id': 0, 'structure_id': 0, 'struct_direction': 1, 'bos_anchor_idx': 4027, 'structure_path_id': 'H1.main >> M15.confluence', 'use_case': 'subsequent_counter', 'parent_sid': 1, 'parent_cycle_id': 2, 'timeframe': 'M15', 'parent_tf': 'H1', 'sub_id': 7, 'started_by': 'subsequent_counter'}"
4031,STATE,STATE_CHANGED,,"{'from': 'none', 'to': 'breakout', 'structure_id': 0, 'struct_direction': 1, 'reason': 'breakout_pattern', 'pat': 'one_maru_opposite', 'effective_idx': 4031, 'structure_path_id': 'H1.main >> M15.confluence', 'use_case': 'subsequent_counter', 'parent_sid': 1, 'parent_cycle_id': 2, 'timeframe': 'M15', 'parent_tf': 'H1', 'sub_id': 7, 'started_by': 'subsequent_counter'}"
4034,RANGE,RANGE_STARTED,,"{'start_idx': 4031, 'confirm_idx': 4034, 'hi': 0.5744, 'lo': 0.57422, 'cts_anchor_idx': 4031, 'cts_price': 0.5744, 'structure_id': 0, 'struct_direction': 1, 'structure_path_id': 'H1.main >> M15.confluence', 'use_case': 'subsequent_counter', 'parent_sid': 1, 'parent_cycle_id': 2, 'timeframe': 'M15', 'parent_tf': 'H1', 'sub_id': 7, 'started_by': 'subsequent_counter'}"
4034,STATE,STATE_CHANGED,,"{'from': 'breakout', 'to': 'range', 'structure_id': 0, 'struct_direction': 1, 'reason': 'range_confirmed', 'effective_idx': 4031, 'structure_path_id': 'H1.main >> M15.confluence', 'use_case': 'subsequent_counter', 'parent_sid': 1, 'parent_cycle_id': 2, 'timeframe': 'M15', 'parent_tf': 'H1', 'sub_id': 7, 'started_by': 'subsequent_counter'}"
4032,RANGE,RANGE_UPDATED,,"{'hi': 0.5744, 'lo': 0.57414, 'structure_id': 0, 'struct_direction': 1, 'structure_path_id': 'H1.main >> M15.confluence', 'use_case': 'subsequent_counter', 'parent_sid': 1, 'parent_cycle_id': 2, 'timeframe': 'M15', 'parent_tf': 'H1', 'sub_id': 7, 'started_by': 'subsequent_counter'}"
4034,RANGE,RANGE_UPDATED,,"{'hi': 0.57444, 'lo': 0.57414, 'structure_id': 0, 'struct_direction': 1, 'structure_path_id': 'H1.main >> M15.confluence', 'use_case': 'subsequent_counter', 'parent_sid': 1, 'parent_cycle_id': 2, 'timeframe': 'M15', 'parent_tf': 'H1', 'sub_id': 7, 'started_by': 'subsequent_counter'}"
4034,STRUCTURE,CTS_UPDATED,0.57444,"{'via': 'replay_raw', 'cycle_id': 0, 'structure_id': 0, 'struct_direction': 1, 'structure_path_id': 'H1.main >> M15.confluence', 'use_case': 'subsequent_counter', 'parent_sid': 1, 'parent_cycle_id': 2, 'timeframe': 'M15', 'parent_tf': 'H1', 'sub_id': 7, 'started_by': 'subsequent_counter'}"
4035,RANGE,RANGE_UPDATED,,"{'hi': 0.57444, 'lo': 0.57395, 'structure_id': 0, 'struct_direction': 1, 'structure_path_id': 'H1.main >> M15.confluence', 'use_case': 'subsequent_counter', 'parent_sid': 1, 'parent_cycle_id': 2, 'timeframe': 'M15', 'parent_tf': 'H1', 'sub_id': 7, 'started_by': 'subsequent_counter'}"
4038,RANGE,RANGE_UPDATED,,"{'hi': 0.57445, 'lo': 0.57395, 'structure_id': 0, 'struct_direction': 1, 'structure_path_id': 'H1.main >> M15.confluence', 'use_case': 'subsequent_counter', 'parent_sid': 1, 'parent_cycle_id': 2, 'timeframe': 'M15', 'parent_tf': 'H1', 'sub_id': 7, 'started_by': 'subsequent_counter'}"
4038,STRUCTURE,CTS_UPDATED,0.57445,"{'via': 'replay_raw', 'cycle_id': 0, 'structure_id': 0, 'struct_direction': 1, 'structure_path_id': 'H1.main >> M15.confluence', 'use_case': 'subsequent_counter', 'parent_sid': 1, 'parent_cycle_id': 2, 'timeframe': 'M15', 'parent_tf': 'H1', 'sub_id': 7, 'started_by': 'subsequent_counter'}"
4039,RANGE,RANGE_UPDATED,,"{'hi': 0.57448, 'lo': 0.57395, 'structure_id': 0, 'struct_direction': 1, 'structure_path_id': 'H1.main >> M15.confluence', 'use_case': 'subsequent_counter', 'parent_sid': 1, 'parent_cycle_id': 2, 'timeframe': 'M15', 'parent_tf': 'H1', 'sub_id': 7, 'started_by': 'subsequent_counter'}"
4039,STRUCTURE,CTS_UPDATED,0.57448,"{'via': 'replay_raw', 'cycle_id': 0, 'structure_id': 0, 'struct_direction': 1, 'structure_path_id': 'H1.main >> M15.confluence', 'use_case': 'subsequent_counter', 'parent_sid': 1, 'parent_cycle_id': 2, 'timeframe': 'M15', 'parent_tf': 'H1', 'sub_id': 7, 'started_by': 'subsequent_counter'}"
4040,RANGE,RANGE_UPDATED,,"{'hi': 0.57462, 'lo': 0.57395, 'structure_id': 0, 'struct_direction': 1, 'structure_path_id': 'H1.main >> M15.confluence', 'use_case': 'subsequent_counter', 'parent_sid': 1, 'parent_cycle_id': 2, 'timeframe': 'M15', 'parent_tf': 'H1', 'sub_id': 7, 'started_by': 'subsequent_counter'}"
4040,STRUCTURE,CTS_UPDATED,0.57462,"{'via': 'replay_raw', 'cycle_id': 0, 'structure_id': 0, 'struct_direction': 1, 'structure_path_id': 'H1.main >> M15.confluence', 'use_case': 'subsequent_counter', 'parent_sid': 1, 'parent_cycle_id': 2, 'timeframe': 'M15', 'parent_tf': 'H1', 'sub_id': 7, 'started_by': 'subsequent_counter'}"
4041,RANGE,RANGE_UPDATED,,"{'hi': 0.57466, 'lo': 0.57395, 'structure_id': 0, 'struct_direction': 1, 'structure_path_id': 'H1.main >> M15.confluence', 'use_case': 'subsequent_counter', 'parent_sid': 1, 'parent_cycle_id': 2, 'timeframe': 'M15', 'parent_tf': 'H1', 'sub_id': 7, 'started_by': 'subsequent_counter'}"
4041,STRUCTURE,CTS_UPDATED,0.57466,"{'via': 'replay_raw', 'cycle_id': 0, 'structure_id': 0, 'struct_direction': 1, 'structure_path_id': 'H1.main >> M15.confluence', 'use_case': 'subsequent_counter', 'parent_sid': 1, 'parent_cycle_id': 2, 'timeframe': 'M15', 'parent_tf': 'H1', 'sub_id': 7, 'started_by': 'subsequent_counter'}"
4042,RANGE,RANGE_UPDATED,,"{'hi': 0.57476, 'lo': 0.57395, 'structure_id': 0, 'struct_direction': 1, 'structure_path_id': 'H1.main >> M15.confluence', 'use_case': 'subsequent_counter', 'parent_sid': 1, 'parent_cycle_id': 2, 'timeframe': 'M15', 'parent_tf': 'H1', 'sub_id': 7, 'started_by': 'subsequent_counter'}"
4042,STRUCTURE,CTS_UPDATED,0.57476,"{'via': 'replay_raw', 'cycle_id': 0, 'structure_id': 0, 'struct_direction': 1, 'structure_path_id': 'H1.main >> M15.confluence', 'use_case': 'subsequent_counter', 'parent_sid': 1, 'parent_cycle_id': 2, 'timeframe': 'M15', 'parent_tf': 'H1', 'sub_id': 7, 'started_by': 'subsequent_counter'}"
4044,RANGE,RANGE_UPDATED,,"{'hi': 0.57479, 'lo': 0.57395, 'structure_id': 0, 'struct_direction': 1, 'structure_path_id': 'H1.main >> M15.confluence', 'use_case': 'subsequent_counter', 'parent_sid': 1, 'parent_cycle_id': 2, 'timeframe': 'M15', 'parent_tf': 'H1', 'sub_id': 7, 'started_by': 'subsequent_counter'}"
4044,STRUCTURE,CTS_UPDATED,0.57479,"{'via': 'replay_raw', 'cycle_id': 0, 'structure_id': 0, 'struct_direction': 1, 'structure_path_id': 'H1.main >> M15.confluence', 'use_case': 'subsequent_counter', 'parent_sid': 1, 'parent_cycle_id': 2, 'timeframe': 'M15', 'parent_tf': 'H1', 'sub_id': 7, 'started_by': 'subsequent_counter'}"
4045,RANGE,RANGE_UPDATED,,"{'hi': 0.57499, 'lo': 0.57395, 'structure_id': 0, 'struct_direction': 1, 'structure_path_id': 'H1.main >> M15.confluence', 'use_case': 'subsequent_counter', 'parent_sid': 1, 'parent_cycle_id': 2, 'timeframe': 'M15', 'parent_tf': 'H1', 'sub_id': 7, 'started_by': 'subsequent_counter'}"
4045,STRUCTURE,CTS_UPDATED,0.57499,"{'via': 'replay_raw', 'cycle_id': 0, 'structure_id': 0, 'struct_direction': 1, 'structure_path_id': 'H1.main >> M15.confluence', 'use_case': 'subsequent_counter', 'parent_sid': 1, 'parent_cycle_id': 2, 'timeframe': 'M15', 'parent_tf': 'H1', 'sub_id': 7, 'started_by': 'subsequent_counter'}"
4046,RANGE,RANGE_UPDATED,,"{'hi': 0.57507, 'lo': 0.57395, 'structure_id': 0, 'struct_direction': 1, 'structure_path_id': 'H1.main >> M15.confluence', 'use_case': 'subsequent_counter', 'parent_sid': 1, 'parent_cycle_id': 2, 'timeframe': 'M15', 'parent_tf': 'H1', 'sub_id': 7, 'started_by': 'subsequent_counter'}"
4046,STRUCTURE,CTS_UPDATED,0.57507,"{'via': 'replay_raw', 'cycle_id': 0, 'structure_id': 0, 'struct_direction': 1, 'structure_path_id': 'H1.main >> M15.confluence', 'use_case': 'subsequent_counter', 'parent_sid': 1, 'parent_cycle_id': 2, 'timeframe': 'M15', 'parent_tf': 'H1', 'sub_id': 7, 'started_by': 'subsequent_counter'}"
4050,RANGE,RANGE_UPDATED,,"{'hi': 0.57522, 'lo': 0.57395, 'structure_id': 0, 'struct_direction': 1, 'structure_path_id': 'H1.main >> M15.confluence', 'use_case': 'subsequent_counter', 'parent_sid': 1, 'parent_cycle_id': 2, 'timeframe': 'M15', 'parent_tf': 'H1', 'sub_id': 7, 'started_by': 'subsequent_counter'}"
4050,STRUCTURE,CTS_UPDATED,0.57522,"{'via': 'replay_raw', 'cycle_id': 0, 'structure_id': 0, 'struct_direction': 1, 'structure_path_id': 'H1.main >> M15.confluence', 'use_case': 'subsequent_counter', 'parent_sid': 1, 'parent_cycle_id': 2, 'timeframe': 'M15', 'parent_tf': 'H1', 'sub_id': 7, 'started_by': 'subsequent_counter'}"
4053,STRUCTURE,CTS_UPDATED,0.57548,"{'via': 'replay_raw', 'cycle_id': 0, 'structure_id': 0, 'struct_direction': 1, 'structure_path_id': 'H1.main >> M15.confluence', 'use_case': 'subsequent_counter', 'parent_sid': 1, 'parent_cycle_id': 2, 'timeframe': 'M15', 'parent_tf': 'H1', 'sub_id': 7, 'started_by': 'subsequent_counter'}"
4054,RANGE,RANGE_RESET,,"{'reason': 'range_breakout', 'pat': 'one_maru_continuous', 'structure_id': 0, 'struct_direction': 1, 'structure_path_id': 'H1.main >> M15.confluence', 'use_case': 'subsequent_counter', 'parent_sid': 1, 'parent_cycle_id': 2, 'timeframe': 'M15', 'parent_tf': 'H1', 'sub_id': 7, 'started_by': 'subsequent_counter'}"
4054,STRUCTURE,CTS_UPDATED,0.57581,"{'via': 'one_maru_continuous', 'confirmed_at': 4054, 'cts_anchor_idx': 4054, 'cycle_id': 0, 'structure_id': 0, 'struct_direction': 1, 'structure_path_id': 'H1.main >> M15.confluence', 'use_case': 'subsequent_counter', 'parent_sid': 1, 'parent_cycle_id': 2, 'timeframe': 'M15', 'parent_tf': 'H1', 'sub_id': 7, 'started_by': 'subsequent_counter'}"
4054,STATE,STATE_CHANGED,,"{'from': 'range', 'to': 'breakout', 'structure_id': 0, 'struct_direction': 1, 'reason': 'breakout_pattern', 'pat': 'one_maru_continuous', 'effective_idx': 4054, 'structure_path_id': 'H1.main >> M15.confluence', 'use_case': 'subsequent_counter', 'parent_sid': 1, 'parent_cycle_id': 2, 'timeframe': 'M15', 'parent_tf': 'H1', 'sub_id': 7, 'started_by': 'subsequent_counter'}"
4057,RANGE,RANGE_STARTED,,"{'start_idx': 4055, 'confirm_idx': 4057, 'hi': 0.57581, 'lo': 0.57556, 'cts_anchor_idx': 4054, 'cts_price': 0.57581, 'structure_id': 0, 'struct_direction': 1, 'structure_path_id': 'H1.main >> M15.confluence', 'use_case': 'subsequent_counter', 'parent_sid': 1, 'parent_cycle_id': 2, 'timeframe': 'M15', 'parent_tf': 'H1', 'sub_id': 7, 'started_by': 'subsequent_counter'}"
4057,STATE,STATE_CHANGED,,"{'from': 'breakout', 'to': 'range', 'structure_id': 0, 'struct_direction': 1, 'reason': 'range_confirmed', 'effective_idx': 4055, 'structure_path_id': 'H1.main >> M15.confluence', 'use_case': 'subsequent_counter', 'parent_sid': 1, 'parent_cycle_id': 2, 'timeframe': 'M15', 'parent_tf': 'H1', 'sub_id': 7, 'started_by': 'subsequent_counter'}"
4058,RANGE,RANGE_UPDATED,,"{'hi': 0.57585, 'lo': 0.57556, 'structure_id': 0, 'struct_direction': 1, 'structure_path_id': 'H1.main >> M15.confluence', 'use_case': 'subsequent_counter', 'parent_sid': 1, 'parent_cycle_id': 2, 'timeframe': 'M15', 'parent_tf': 'H1', 'sub_id': 7, 'started_by': 'subsequent_counter'}"
4058,STRUCTURE,CTS_UPDATED,0.57585,"{'via': 'replay_raw', 'cycle_id': 0, 'structure_id': 0, 'struct_direction': 1, 'structure_path_id': 'H1.main >> M15.confluence', 'use_case': 'subsequent_counter', 'parent_sid': 1, 'parent_cycle_id': 2, 'timeframe': 'M15', 'parent_tf': 'H1', 'sub_id': 7, 'started_by': 'subsequent_counter'}"
4061,RANGE,RANGE_UPDATED,,"{'hi': 0.57585, 'lo': 0.57552, 'structure_id': 0, 'struct_direction': 1, 'structure_path_id': 'H1.main >> M15.confluence', 'use_case': 'subsequent_counter', 'parent_sid': 1, 'parent_cycle_id': 2, 'timeframe': 'M15', 'parent_tf': 'H1', 'sub_id': 7, 'started_by': 'subsequent_counter'}"
4063,RANGE,RANGE_UPDATED,,"{'hi': 0.57585, 'lo': 0.57536, 'structure_id': 0, 'struct_direction': 1, 'structure_path_id': 'H1.main >> M15.confluence', 'use_case': 'subsequent_counter', 'parent_sid': 1, 'parent_cycle_id': 2, 'timeframe': 'M15', 'parent_tf': 'H1', 'sub_id': 7, 'started_by': 'subsequent_counter'}"
4065,RANGE,RANGE_UPDATED,,"{'hi': 0.57585, 'lo': 0.57533, 'structure_id': 0, 'struct_direction': 1, 'structure_path_id': 'H1.main >> M15.confluence', 'use_case': 'subsequent_counter', 'parent_sid': 1, 'parent_cycle_id': 2, 'timeframe': 'M15', 'parent_tf': 'H1', 'sub_id': 7, 'started_by': 'subsequent_counter'}"
4066,RANGE,RANGE_UPDATED,,"{'hi': 0.57585, 'lo': 0.57516, 'structure_id': 0, 'struct_direction': 1, 'structure_path_id': 'H1.main >> M15.confluence', 'use_case': 'subsequent_counter', 'parent_sid': 1, 'parent_cycle_id': 2, 'timeframe': 'M15', 'parent_tf': 'H1', 'sub_id': 7, 'started_by': 'subsequent_counter'}"
4070,RANGE,RANGE_UPDATED,,"{'hi': 0.57589, 'lo': 0.57516, 'structure_id': 0, 'struct_direction': 1, 'structure_path_id': 'H1.main >> M15.confluence', 'use_case': 'subsequent_counter', 'parent_sid': 1, 'parent_cycle_id': 2, 'timeframe': 'M15', 'parent_tf': 'H1', 'sub_id': 7, 'started_by': 'subsequent_counter'}"
4070,STRUCTURE,CTS_UPDATED,0.57589,"{'via': 'replay_raw', 'cycle_id': 0, 'structure_id': 0, 'struct_direction': 1, 'structure_path_id': 'H1.main >> M15.confluence', 'use_case': 'subsequent_counter', 'parent_sid': 1, 'parent_cycle_id': 2, 'timeframe': 'M15', 'parent_tf': 'H1', 'sub_id': 7, 'started_by': 'subsequent_counter'}"
4071,RANGE,RANGE_UPDATED,,"{'hi': 0.57638, 'lo': 0.57516, 'structure_id': 0, 'struct_direction': 1, 'structure_path_id': 'H1.main >> M15.confluence', 'use_case': 'subsequent_counter', 'parent_sid': 1, 'parent_cycle_id': 2, 'timeframe': 'M15', 'parent_tf': 'H1', 'sub_id': 7, 'started_by': 'subsequent_counter'}"
4071,STRUCTURE,CTS_UPDATED,0.57638,"{'via': 'replay_raw', 'cycle_id': 0, 'structure_id': 0, 'struct_direction': 1, 'structure_path_id': 'H1.main >> M15.confluence', 'use_case': 'subsequent_counter', 'parent_sid': 1, 'parent_cycle_id': 2, 'timeframe': 'M15', 'parent_tf': 'H1', 'sub_id': 7, 'started_by': 'subsequent_counter'}"
4082,RANGE,RANGE_UPDATED,,"{'hi': 0.57639, 'lo': 0.57516, 'structure_id': 0, 'struct_direction': 1, 'structure_path_id': 'H1.main >> M15.confluence', 'use_case': 'subsequent_counter', 'parent_sid': 1, 'parent_cycle_id': 2, 'timeframe': 'M15', 'parent_tf': 'H1', 'sub_id': 7, 'started_by': 'subsequent_counter'}"
4082,STRUCTURE,CTS_UPDATED,0.57639,"{'via': 'replay_raw', 'cycle_id': 0, 'structure_id': 0, 'struct_direction': 1, 'structure_path_id': 'H1.main >> M15.confluence', 'use_case': 'subsequent_counter', 'parent_sid': 1, 'parent_cycle_id': 2, 'timeframe': 'M15', 'parent_tf': 'H1', 'sub_id': 7, 'started_by': 'subsequent_counter'}"
4083,RANGE,RANGE_UPDATED,,"{'hi': 0.57645, 'lo': 0.57516, 'structure_id': 0, 'struct_direction': 1, 'structure_path_id': 'H1.main >> M15.confluence', 'use_case': 'subsequent_counter', 'parent_sid': 1, 'parent_cycle_id': 2, 'timeframe': 'M15', 'parent_tf': 'H1', 'sub_id': 7, 'started_by': 'subsequent_counter'}"
4083,STRUCTURE,CTS_UPDATED,0.57645,"{'via': 'replay_raw', 'cycle_id': 0, 'structure_id': 0, 'struct_direction': 1, 'structure_path_id': 'H1.main >> M15.confluence', 'use_case': 'subsequent_counter', 'parent_sid': 1, 'parent_cycle_id': 2, 'timeframe': 'M15', 'parent_tf': 'H1', 'sub_id': 7, 'started_by': 'subsequent_counter'}"
4084,RANGE,RANGE_UPDATED,,"{'hi': 0.5766, 'lo': 0.57516, 'structure_id': 0, 'struct_direction': 1, 'structure_path_id': 'H1.main >> M15.confluence', 'use_case': 'subsequent_counter', 'parent_sid': 1, 'parent_cycle_id': 2, 'timeframe': 'M15', 'parent_tf': 'H1', 'sub_id': 7, 'started_by': 'subsequent_counter'}"
4084,STRUCTURE,CTS_UPDATED,0.5766,"{'via': 'replay_raw', 'cycle_id': 0, 'structure_id': 0, 'struct_direction': 1, 'structure_path_id': 'H1.main >> M15.confluence', 'use_case': 'subsequent_counter', 'parent_sid': 1, 'parent_cycle_id': 2, 'timeframe': 'M15', 'parent_tf': 'H1', 'sub_id': 7, 'started_by': 'subsequent_counter'}"
4085,RANGE,RANGE_UPDATED,,"{'hi': 0.5767, 'lo': 0.57516, 'structure_id': 0, 'struct_direction': 1, 'structure_path_id': 'H1.main >> M15.confluence', 'use_case': 'subsequent_counter', 'parent_sid': 1, 'parent_cycle_id': 2, 'timeframe': 'M15', 'parent_tf': 'H1', 'sub_id': 7, 'started_by': 'subsequent_counter'}"
4085,STRUCTURE,CTS_UPDATED,0.5767,"{'via': 'replay_raw', 'cycle_id': 0, 'structure_id': 0, 'struct_direction': 1, 'structure_path_id': 'H1.main >> M15.confluence', 'use_case': 'subsequent_counter', 'parent_sid': 1, 'parent_cycle_id': 2, 'timeframe': 'M15', 'parent_tf': 'H1', 'sub_id': 7, 'started_by': 'subsequent_counter'}"
4086,RANGE,RANGE_UPDATED,,"{'hi': 0.57674, 'lo': 0.57516, 'structure_id': 0, 'struct_direction': 1, 'structure_path_id': 'H1.main >> M15.confluence', 'use_case': 'subsequent_counter', 'parent_sid': 1, 'parent_cycle_id': 2, 'timeframe': 'M15', 'parent_tf': 'H1', 'sub_id': 7, 'started_by': 'subsequent_counter'}"
4086,STRUCTURE,CTS_UPDATED,0.57674,"{'via': 'replay_raw', 'cycle_id': 0, 'structure_id': 0, 'struct_direction': 1, 'structure_path_id': 'H1.main >> M15.confluence', 'use_case': 'subsequent_counter', 'parent_sid': 1, 'parent_cycle_id': 2, 'timeframe': 'M15', 'parent_tf': 'H1', 'sub_id': 7, 'started_by': 'subsequent_counter'}"
4098,RANGE,RANGE_UPDATED,,"{'hi': 0.57674, 'lo': 0.57514, 'structure_id': 0, 'struct_direction': 1, 'structure_path_id': 'H1.main >> M15.confluence', 'use_case': 'subsequent_counter', 'parent_sid': 1, 'parent_cycle_id': 2, 'timeframe': 'M15', 'parent_tf': 'H1', 'sub_id': 7, 'started_by': 'subsequent_counter'}"
4103,RANGE,RANGE_UPDATED,,"{'reason': 'pullback_expand', 'hi': 0.57674, 'lo': 0.5742, 'pat': 'one_maru_opposite', 'structure_id': 0, 'struct_direction': 1, 'structure_path_id': 'H1.main >> M15.confluence', 'use_case': 'subsequent_counter', 'parent_sid': 1, 'parent_cycle_id': 2, 'timeframe': 'M15', 'parent_tf': 'H1', 'sub_id': 7, 'started_by': 'subsequent_counter'}"
4103,STRUCTURE,CTS_CONFIRMED,0.57674,"{'via': 'one_maru_opposite', 'cycle_id': 0, 'structure_id': 0, 'struct_direction': 1, 'confirmed_at': 4103, 'cts_anchor_idx': 4086, 'confirmation_method': 'pullback', 'structure_path_id': 'H1.main >> M15.confluence', 'use_case': 'subsequent_counter', 'parent_sid': 1, 'parent_cycle_id': 2, 'timeframe': 'M15', 'parent_tf': 'H1', 'sub_id': 7, 'started_by': 'subsequent_counter'}"
4103,STATE,STATE_CHANGED,,"{'from': 'range', 'to': 'pullback', 'structure_id': 0, 'struct_direction': 1, 'reason': 'pullback_pattern', 'pat': 'one_maru_opposite', 'effective_idx': 4103, 'structure_path_id': 'H1.main >> M15.confluence', 'use_case': 'subsequent_counter', 'parent_sid': 1, 'parent_cycle_id': 2, 'timeframe': 'M15', 'parent_tf': 'H1', 'sub_id': 7, 'started_by': 'subsequent_counter'}"
4104,STATE,STATE_CHANGED,,"{'from': 'pullback', 'to': 'pullback_range', 'structure_id': 0, 'struct_direction': 1, 'reason': 'replay_no_expand_pullback_side', 'effective_idx': 4104, 'structure_path_id': 'H1.main >> M15.confluence', 'use_case': 'subsequent_counter', 'parent_sid': 1, 'parent_cycle_id': 2, 'timeframe': 'M15', 'parent_tf': 'H1', 'sub_id': 7, 'started_by': 'subsequent_counter'}"
4129,RANGE,RANGE_UPDATED,,"{'hi': 0.57674, 'lo': 0.57413, 'structure_id': 0, 'struct_direction': 1, 'structure_path_id': 'H1.main >> M15.confluence', 'use_case': 'subsequent_counter', 'parent_sid': 1, 'parent_cycle_id': 2, 'timeframe': 'M15', 'parent_tf': 'H1', 'sub_id': 7, 'started_by': 'subsequent_counter'}"
4129,STATE,STATE_CHANGED,,"{'from': 'pullback_range', 'to': 'pullback', 'structure_id': 0, 'struct_direction': 1, 'reason': 'replay_expand_pullback_side', 'effective_idx': 4129, 'structure_path_id': 'H1.main >> M15.confluence', 'use_case': 'subsequent_counter', 'parent_sid': 1, 'parent_cycle_id': 2, 'timeframe': 'M15', 'parent_tf': 'H1', 'sub_id': 7, 'started_by': 'subsequent_counter'}"
4130,STATE,STATE_CHANGED,,"{'from': 'pullback', 'to': 'pullback_range', 'structure_id': 0, 'struct_direction': 1, 'reason': 'replay_no_expand_pullback_side', 'effective_idx': 4130, 'structure_path_id': 'H1.main >> M15.confluence', 'use_case': 'subsequent_counter', 'parent_sid': 1, 'parent_cycle_id': 2, 'timeframe': 'M15', 'parent_tf': 'H1', 'sub_id': 7, 'started_by': 'subsequent_counter'}"
4140,RANGE,RANGE_UPDATED,,"{'hi': 0.57682, 'lo': 0.57413, 'structure_id': 0, 'struct_direction': 1, 'structure_path_id': 'H1.main >> M15.confluence', 'use_case': 'subsequent_counter', 'parent_sid': 1, 'parent_cycle_id': 2, 'timeframe': 'M15', 'parent_tf': 'H1', 'sub_id': 7, 'started_by': 'subsequent_counter'}"
4140,STRUCTURE,CTS_THRESHOLD_UPDATED,0.57682,"{'prev': 0.57674, 'reason': 'range_sync', 'cycle_id': 0, 'structure_id': 0, 'struct_direction': 1, 'structure_path_id': 'H1.main >> M15.confluence', 'use_case': 'subsequent_counter', 'parent_sid': 1, 'parent_cycle_id': 2, 'timeframe': 'M15', 'parent_tf': 'H1', 'sub_id': 7, 'started_by': 'subsequent_counter'}"
4141,RANGE,RANGE_UPDATED,,"{'hi': 0.5773, 'lo': 0.57413, 'structure_id': 0, 'struct_direction': 1, 'structure_path_id': 'H1.main >> M15.confluence', 'use_case': 'subsequent_counter', 'parent_sid': 1, 'parent_cycle_id': 2, 'timeframe': 'M15', 'parent_tf': 'H1', 'sub_id': 7, 'started_by': 'subsequent_counter'}"
4141,STRUCTURE,CTS_THRESHOLD_UPDATED,0.5773,"{'prev': 0.57682, 'reason': 'range_sync', 'cycle_id': 0, 'structure_id': 0, 'struct_direction': 1, 'structure_path_id': 'H1.main >> M15.confluence', 'use_case': 'subsequent_counter', 'parent_sid': 1, 'parent_cycle_id': 2, 'timeframe': 'M15', 'parent_tf': 'H1', 'sub_id': 7, 'started_by': 'subsequent_counter'}"
4153,RANGE,RANGE_UPDATED,,"{'hi': 0.57738, 'lo': 0.57413, 'structure_id': 0, 'struct_direction': 1, 'structure_path_id': 'H1.main >> M15.confluence', 'use_case': 'subsequent_counter', 'parent_sid': 1, 'parent_cycle_id': 2, 'timeframe': 'M15', 'parent_tf': 'H1', 'sub_id': 7, 'started_by': 'subsequent_counter'}"
4153,STRUCTURE,CTS_THRESHOLD_UPDATED,0.57738,"{'prev': 0.5773, 'reason': 'range_sync', 'cycle_id': 0, 'structure_id': 0, 'struct_direction': 1, 'structure_path_id': 'H1.main >> M15.confluence', 'use_case': 'subsequent_counter', 'parent_sid': 1, 'parent_cycle_id': 2, 'timeframe': 'M15', 'parent_tf': 'H1', 'sub_id': 7, 'started_by': 'subsequent_counter'}"
4157,RANGE,RANGE_RESET,,"{'reason': 'range_breakout', 'pat': 'one_maru_continuous', 'structure_id': 0, 'struct_direction': 1, 'structure_path_id': 'H1.main >> M15.confluence', 'use_case': 'subsequent_counter', 'parent_sid': 1, 'parent_cycle_id': 2, 'timeframe': 'M15', 'parent_tf': 'H1', 'sub_id': 7, 'started_by': 'subsequent_counter'}"
4157,STRUCTURE,CTS_ESTABLISHED,0.57798,"{'via': 'one_maru_continuous', 'pattern_anchor_idx': 4154, 'pattern_name': 'one_maru_continuous', 'confirmed_at': 4157, 'cycle_id': 1, 'structure_id': 0, 'struct_direction': 1, 'cts_anchor_idx': 4157, 'structure_path_id': 'H1.main >> M15.confluence', 'use_case': 'subsequent_counter', 'parent_sid': 1, 'parent_cycle_id': 2, 'timeframe': 'M15', 'parent_tf': 'H1', 'sub_id': 7, 'started_by': 'subsequent_counter'}"
4157,STRUCTURE,BOS_CONFIRMED,0.57413,"{'source': 'pullback_extreme', 'confirmed_at': 4157, 'last_pullback_apply_idx': 4103, 'cycle_id': 1, 'structure_id': 0, 'struct_direction': 1, 'bos_anchor_idx': 4129, 'structure_path_id': 'H1.main >> M15.confluence', 'use_case': 'subsequent_counter', 'parent_sid': 1, 'parent_cycle_id': 2, 'timeframe': 'M15', 'parent_tf': 'H1', 'sub_id': 7, 'started_by': 'subsequent_counter'}"
4157,STATE,STATE_CHANGED,,"{'from': 'pullback_range', 'to': 'breakout', 'structure_id': 0, 'struct_direction': 1, 'reason': 'breakout_pattern', 'pat': 'one_maru_continuous', 'effective_idx': 4157, 'structure_path_id': 'H1.main >> M15.confluence', 'use_case': 'subsequent_counter', 'parent_sid': 1, 'parent_cycle_id': 2, 'timeframe': 'M15', 'parent_tf': 'H1', 'sub_id': 7, 'started_by': 'subsequent_counter'}"
4159,RANGE,RANGE_STARTED,,"{'reason': 'pullback_created_range', 'cts_anchor_idx': 4157, 'cts_price': 0.57798, 'pullback_apply_idx': 4159, 'hi': 0.57798, 'lo': 0.57741, 'pat': 'one_maru_continuous', 'structure_id': 0, 'struct_direction': 1, 'structure_path_id': 'H1.main >> M15.confluence', 'use_case': 'subsequent_counter', 'parent_sid': 1, 'parent_cycle_id': 2, 'timeframe': 'M15', 'parent_tf': 'H1', 'sub_id': 7, 'started_by': 'subsequent_counter'}"
4159,STRUCTURE,CTS_CONFIRMED,0.57798,"{'via': 'one_maru_continuous', 'cycle_id': 1, 'structure_id': 0, 'struct_direction': 1, 'confirmed_at': 4159, 'cts_anchor_idx': 4157, 'confirmation_method': 'pullback', 'structure_path_id': 'H1.main >> M15.confluence', 'use_case': 'subsequent_counter', 'parent_sid': 1, 'parent_cycle_id': 2, 'timeframe': 'M15', 'parent_tf': 'H1', 'sub_id': 7, 'started_by': 'subsequent_counter'}"
4159,STATE,STATE_CHANGED,,"{'from': 'breakout', 'to': 'pullback', 'structure_id': 0, 'struct_direction': 1, 'reason': 'pullback_pattern', 'pat': 'one_maru_continuous', 'effective_idx': 4159, 'structure_path_id': 'H1.main >> M15.confluence', 'use_case': 'subsequent_counter', 'parent_sid': 1, 'parent_cycle_id': 2, 'timeframe': 'M15', 'parent_tf': 'H1', 'sub_id': 7, 'started_by': 'subsequent_counter'}"
4160,RANGE,RANGE_UPDATED,,"{'hi': 0.57798, 'lo': 0.57739, 'structure_id': 0, 'struct_direction': 1, 'structure_path_id': 'H1.main >> M15.confluence', 'use_case': 'subsequent_counter', 'parent_sid': 1, 'parent_cycle_id': 2, 'timeframe': 'M15', 'parent_tf': 'H1', 'sub_id': 7, 'started_by': 'subsequent_counter'}"
4161,RANGE,RANGE_UPDATED,,"{'hi': 0.57798, 'lo': 0.57734, 'structure_id': 0, 'struct_direction': 1, 'structure_path_id': 'H1.main >> M15.confluence', 'use_case': 'subsequent_counter', 'parent_sid': 1, 'parent_cycle_id': 2, 'timeframe': 'M15', 'parent_tf': 'H1', 'sub_id': 7, 'started_by': 'subsequent_counter'}"
4162,RANGE,RANGE_UPDATED,,"{'hi': 0.57798, 'lo': 0.57728, 'structure_id': 0, 'struct_direction': 1, 'structure_path_id': 'H1.main >> M15.confluence', 'use_case': 'subsequent_counter', 'parent_sid': 1, 'parent_cycle_id': 2, 'timeframe': 'M15', 'parent_tf': 'H1', 'sub_id': 7, 'started_by': 'subsequent_counter'}"
4163,RANGE,RANGE_UPDATED,,"{'hi': 0.57798, 'lo': 0.57724, 'structure_id': 0, 'struct_direction': 1, 'structure_path_id': 'H1.main >> M15.confluence', 'use_case': 'subsequent_counter', 'parent_sid': 1, 'parent_cycle_id': 2, 'timeframe': 'M15', 'parent_tf': 'H1', 'sub_id': 7, 'started_by': 'subsequent_counter'}"
4164,STATE,STATE_CHANGED,,"{'from': 'pullback', 'to': 'pullback_range', 'structure_id': 0, 'struct_direction': 1, 'reason': 'replay_no_expand_pullback_side', 'effective_idx': 4164, 'structure_path_id': 'H1.main >> M15.confluence', 'use_case': 'subsequent_counter', 'parent_sid': 1, 'parent_cycle_id': 2, 'timeframe': 'M15', 'parent_tf': 'H1', 'sub_id': 7, 'started_by': 'subsequent_counter'}"
4166,RANGE,RANGE_UPDATED,,"{'hi': 0.57798, 'lo': 0.57705, 'structure_id': 0, 'struct_direction': 1, 'structure_path_id': 'H1.main >> M15.confluence', 'use_case': 'subsequent_counter', 'parent_sid': 1, 'parent_cycle_id': 2, 'timeframe': 'M15', 'parent_tf': 'H1', 'sub_id': 7, 'started_by': 'subsequent_counter'}"
4166,STATE,STATE_CHANGED,,"{'from': 'pullback_range', 'to': 'pullback', 'structure_id': 0, 'struct_direction': 1, 'reason': 'replay_expand_pullback_side', 'effective_idx': 4166, 'structure_path_id': 'H1.main >> M15.confluence', 'use_case': 'subsequent_counter', 'parent_sid': 1, 'parent_cycle_id': 2, 'timeframe': 'M15', 'parent_tf': 'H1', 'sub_id': 7, 'started_by': 'subsequent_counter'}"
4167,RANGE,RANGE_UPDATED,,"{'hi': 0.57798, 'lo': 0.57695, 'structure_id': 0, 'struct_direction': 1, 'structure_path_id': 'H1.main >> M15.confluence', 'use_case': 'subsequent_counter', 'parent_sid': 1, 'parent_cycle_id': 2, 'timeframe': 'M15', 'parent_tf': 'H1', 'sub_id': 7, 'started_by': 'subsequent_counter'}"
4168,RANGE,RANGE_UPDATED,,"{'hi': 0.57798, 'lo': 0.57691, 'structure_id': 0, 'struct_direction': 1, 'structure_path_id': 'H1.main >> M15.confluence', 'use_case': 'subsequent_counter', 'parent_sid': 1, 'parent_cycle_id': 2, 'timeframe': 'M15', 'parent_tf': 'H1', 'sub_id': 7, 'started_by': 'subsequent_counter'}"
4169,STATE,STATE_CHANGED,,"{'from': 'pullback', 'to': 'pullback_range', 'structure_id': 0, 'struct_direction': 1, 'reason': 'replay_no_expand_pullback_side', 'effective_idx': 4169, 'structure_path_id': 'H1.main >> M15.confluence', 'use_case': 'subsequent_counter', 'parent_sid': 1, 'parent_cycle_id': 2, 'timeframe': 'M15', 'parent_tf': 'H1', 'sub_id': 7, 'started_by': 'subsequent_counter'}"
4177,RANGE,RANGE_UPDATED,,"{'hi': 0.57802, 'lo': 0.57691, 'structure_id': 0, 'struct_direction': 1, 'structure_path_id': 'H1.main >> M15.confluence', 'use_case': 'subsequent_counter', 'parent_sid': 1, 'parent_cycle_id': 2, 'timeframe': 'M15', 'parent_tf': 'H1', 'sub_id': 7, 'started_by': 'subsequent_counter'}"
4177,STRUCTURE,CTS_THRESHOLD_UPDATED,0.57802,"{'prev': 0.57798, 'reason': 'range_sync', 'cycle_id': 1, 'structure_id': 0, 'struct_direction': 1, 'structure_path_id': 'H1.main >> M15.confluence', 'use_case': 'subsequent_counter', 'parent_sid': 1, 'parent_cycle_id': 2, 'timeframe': 'M15', 'parent_tf': 'H1', 'sub_id': 7, 'started_by': 'subsequent_counter'}"
4179,RANGE,RANGE_RESET,,"{'reason': 'range_breakout', 'pat': 'one_maru_continuous', 'structure_id': 0, 'struct_direction': 1, 'structure_path_id': 'H1.main >> M15.confluence', 'use_case': 'subsequent_counter', 'parent_sid': 1, 'parent_cycle_id': 2, 'timeframe': 'M15', 'parent_tf': 'H1', 'sub_id': 7, 'started_by': 'subsequent_counter'}"
4179,STRUCTURE,CTS_ESTABLISHED,0.57856,"{'via': 'one_maru_continuous', 'pattern_anchor_idx': 4178, 'pattern_name': 'one_maru_continuous', 'confirmed_at': 4179, 'cycle_id': 2, 'structure_id': 0, 'struct_direction': 1, 'cts_anchor_idx': 4179, 'structure_path_id': 'H1.main >> M15.confluence', 'use_case': 'subsequent_counter', 'parent_sid': 1, 'parent_cycle_id': 2, 'timeframe': 'M15', 'parent_tf': 'H1', 'sub_id': 7, 'started_by': 'subsequent_counter'}"
4179,STRUCTURE,BOS_CONFIRMED,0.57691,"{'source': 'pullback_extreme', 'confirmed_at': 4179, 'last_pullback_apply_idx': 4159, 'cycle_id': 2, 'structure_id': 0, 'struct_direction': 1, 'bos_anchor_idx': 4168, 'structure_path_id': 'H1.main >> M15.confluence', 'use_case': 'subsequent_counter', 'parent_sid': 1, 'parent_cycle_id': 2, 'timeframe': 'M15', 'parent_tf': 'H1', 'sub_id': 7, 'started_by': 'subsequent_counter'}"
4179,STATE,STATE_CHANGED,,"{'from': 'pullback_range', 'to': 'breakout', 'structure_id': 0, 'struct_direction': 1, 'reason': 'breakout_pattern', 'pat': 'one_maru_continuous', 'effective_idx': 4179, 'structure_path_id': 'H1.main >> M15.confluence', 'use_case': 'subsequent_counter', 'parent_sid': 1, 'parent_cycle_id': 2, 'timeframe': 'M15', 'parent_tf': 'H1', 'sub_id': 7, 'started_by': 'subsequent_counter'}"
4181,RANGE,RANGE_STARTED,,"{'start_idx': 4179, 'confirm_idx': 4181, 'hi': 0.57856, 'lo': 0.57814, 'cts_anchor_idx': 4179, 'cts_price': 0.57856, 'structure_id': 0, 'struct_direction': 1, 'structure_path_id': 'H1.main >> M15.confluence', 'use_case': 'subsequent_counter', 'parent_sid': 1, 'parent_cycle_id': 2, 'timeframe': 'M15', 'parent_tf': 'H1', 'sub_id': 7, 'started_by': 'subsequent_counter'}"
4181,STATE,STATE_CHANGED,,"{'from': 'breakout', 'to': 'range', 'structure_id': 0, 'struct_direction': 1, 'reason': 'range_confirmed', 'effective_idx': 4179, 'structure_path_id': 'H1.main >> M15.confluence', 'use_case': 'subsequent_counter', 'parent_sid': 1, 'parent_cycle_id': 2, 'timeframe': 'M15', 'parent_tf': 'H1', 'sub_id': 7, 'started_by': 'subsequent_counter'}"
4180,RANGE,RANGE_UPDATED,,"{'hi': 0.57856, 'lo': 0.57812, 'structure_id': 0, 'struct_direction': 1, 'structure_path_id': 'H1.main >> M15.confluence', 'use_case': 'subsequent_counter', 'parent_sid': 1, 'parent_cycle_id': 2, 'timeframe': 'M15', 'parent_tf': 'H1', 'sub_id': 7, 'started_by': 'subsequent_counter'}"
4181,RANGE,RANGE_UPDATED,,"{'hi': 0.57856, 'lo': 0.57804, 'structure_id': 0, 'struct_direction': 1, 'structure_path_id': 'H1.main >> M15.confluence', 'use_case': 'subsequent_counter', 'parent_sid': 1, 'parent_cycle_id': 2, 'timeframe': 'M15', 'parent_tf': 'H1', 'sub_id': 7, 'started_by': 'subsequent_counter'}"
4182,RANGE,RANGE_UPDATED,,"{'hi': 0.57856, 'lo': 0.57798, 'structure_id': 0, 'struct_direction': 1, 'structure_path_id': 'H1.main >> M15.confluence', 'use_case': 'subsequent_counter', 'parent_sid': 1, 'parent_cycle_id': 2, 'timeframe': 'M15', 'parent_tf': 'H1', 'sub_id': 7, 'started_by': 'subsequent_counter'}"
4184,RANGE,RANGE_UPDATED,,"{'hi': 0.57858, 'lo': 0.57798, 'structure_id': 0, 'struct_direction': 1, 'structure_path_id': 'H1.main >> M15.confluence', 'use_case': 'subsequent_counter', 'parent_sid': 1, 'parent_cycle_id': 2, 'timeframe': 'M15', 'parent_tf': 'H1', 'sub_id': 7, 'started_by': 'subsequent_counter'}"
4184,STRUCTURE,CTS_UPDATED,0.57858,"{'via': 'replay_raw', 'cycle_id': 2, 'structure_id': 0, 'struct_direction': 1, 'structure_path_id': 'H1.main >> M15.confluence', 'use_case': 'subsequent_counter', 'parent_sid': 1, 'parent_cycle_id': 2, 'timeframe': 'M15', 'parent_tf': 'H1', 'sub_id': 7, 'started_by': 'subsequent_counter'}"
4185,RANGE,RANGE_UPDATED,,"{'hi': 0.57872, 'lo': 0.57798, 'structure_id': 0, 'struct_direction': 1, 'structure_path_id': 'H1.main >> M15.confluence', 'use_case': 'subsequent_counter', 'parent_sid': 1, 'parent_cycle_id': 2, 'timeframe': 'M15', 'parent_tf': 'H1', 'sub_id': 7, 'started_by': 'subsequent_counter'}"
4185,STRUCTURE,CTS_UPDATED,0.57872,"{'via': 'replay_raw', 'cycle_id': 2, 'structure_id': 0, 'struct_direction': 1, 'structure_path_id': 'H1.main >> M15.confluence', 'use_case': 'subsequent_counter', 'parent_sid': 1, 'parent_cycle_id': 2, 'timeframe': 'M15', 'parent_tf': 'H1', 'sub_id': 7, 'started_by': 'subsequent_counter'}"
4186,RANGE,RANGE_UPDATED,,"{'hi': 0.57873, 'lo': 0.57798, 'structure_id': 0, 'struct_direction': 1, 'structure_path_id': 'H1.main >> M15.confluence', 'use_case': 'subsequent_counter', 'parent_sid': 1, 'parent_cycle_id': 2, 'timeframe': 'M15', 'parent_tf': 'H1', 'sub_id': 7, 'started_by': 'subsequent_counter'}"
4186,STRUCTURE,CTS_UPDATED,0.57873,"{'via': 'replay_raw', 'cycle_id': 2, 'structure_id': 0, 'struct_direction': 1, 'structure_path_id': 'H1.main >> M15.confluence', 'use_case': 'subsequent_counter', 'parent_sid': 1, 'parent_cycle_id': 2, 'timeframe': 'M15', 'parent_tf': 'H1', 'sub_id': 7, 'started_by': 'subsequent_counter'}"
4187,RANGE,RANGE_UPDATED,,"{'hi': 0.57874, 'lo': 0.57798, 'structure_id': 0, 'struct_direction': 1, 'structure_path_id': 'H1.main >> M15.confluence', 'use_case': 'subsequent_counter', 'parent_sid': 1, 'parent_cycle_id': 2, 'timeframe': 'M15', 'parent_tf': 'H1', 'sub_id': 7, 'started_by': 'subsequent_counter'}"
4187,STRUCTURE,CTS_UPDATED,0.57874,"{'via': 'replay_raw', 'cycle_id': 2, 'structure_id': 0, 'struct_direction': 1, 'structure_path_id': 'H1.main >> M15.confluence', 'use_case': 'subsequent_counter', 'parent_sid': 1, 'parent_cycle_id': 2, 'timeframe': 'M15', 'parent_tf': 'H1', 'sub_id': 7, 'started_by': 'subsequent_counter'}"
4189,RANGE,RANGE_UPDATED,,"{'hi': 0.57895, 'lo': 0.57798, 'structure_id': 0, 'struct_direction': 1, 'structure_path_id': 'H1.main >> M15.confluence', 'use_case': 'subsequent_counter', 'parent_sid': 1, 'parent_cycle_id': 2, 'timeframe': 'M15', 'parent_tf': 'H1', 'sub_id': 7, 'started_by': 'subsequent_counter'}"
4189,STRUCTURE,CTS_UPDATED,0.57895,"{'via': 'replay_raw', 'cycle_id': 2, 'structure_id': 0, 'struct_direction': 1, 'structure_path_id': 'H1.main >> M15.confluence', 'use_case': 'subsequent_counter', 'parent_sid': 1, 'parent_cycle_id': 2, 'timeframe': 'M15', 'parent_tf': 'H1', 'sub_id': 7, 'started_by': 'subsequent_counter'}"
4193,RANGE,RANGE_UPDATED,,"{'hi': 0.57895, 'lo': 0.57792, 'structure_id': 0, 'struct_direction': 1, 'structure_path_id': 'H1.main >> M15.confluence', 'use_case': 'subsequent_counter', 'parent_sid': 1, 'parent_cycle_id': 2, 'timeframe': 'M15', 'parent_tf': 'H1', 'sub_id': 7, 'started_by': 'subsequent_counter'}"
4195,RANGE,RANGE_UPDATED,,"{'hi': 0.57898, 'lo': 0.57792, 'structure_id': 0, 'struct_direction': 1, 'structure_path_id': 'H1.main >> M15.confluence', 'use_case': 'subsequent_counter', 'parent_sid': 1, 'parent_cycle_id': 2, 'timeframe': 'M15', 'parent_tf': 'H1', 'sub_id': 7, 'started_by': 'subsequent_counter'}"
4195,STRUCTURE,CTS_UPDATED,0.57898,"{'via': 'replay_raw', 'cycle_id': 2, 'structure_id': 0, 'struct_direction': 1, 'structure_path_id': 'H1.main >> M15.confluence', 'use_case': 'subsequent_counter', 'parent_sid': 1, 'parent_cycle_id': 2, 'timeframe': 'M15', 'parent_tf': 'H1', 'sub_id': 7, 'started_by': 'subsequent_counter'}"
4196,STRUCTURE,CTS_UPDATED,0.5794,"{'via': 'replay_raw', 'cycle_id': 2, 'structure_id': 0, 'struct_direction': 1, 'structure_path_id': 'H1.main >> M15.confluence', 'use_case': 'subsequent_counter', 'parent_sid': 1, 'parent_cycle_id': 2, 'timeframe': 'M15', 'parent_tf': 'H1', 'sub_id': 7, 'started_by': 'subsequent_counter'}"
4200,RANGE,RANGE_RESET,,"{'reason': 'range_breakout', 'pat': 'one_maru_opposite', 'structure_id': 0, 'struct_direction': 1, 'structure_path_id': 'H1.main >> M15.confluence', 'use_case': 'subsequent_counter', 'parent_sid': 1, 'parent_cycle_id': 2, 'timeframe': 'M15', 'parent_tf': 'H1', 'sub_id': 7, 'started_by': 'subsequent_counter'}"
4200,STRUCTURE,CTS_UPDATED,0.57954,"{'via': 'one_maru_opposite', 'confirmed_at': 4200, 'cts_anchor_idx': 4200, 'cycle_id': 2, 'structure_id': 0, 'struct_direction': 1, 'structure_path_id': 'H1.main >> M15.confluence', 'use_case': 'subsequent_counter', 'parent_sid': 1, 'parent_cycle_id': 2, 'timeframe': 'M15', 'parent_tf': 'H1', 'sub_id': 7, 'started_by': 'subsequent_counter'}"
4200,STATE,STATE_CHANGED,,"{'from': 'range', 'to': 'breakout', 'structure_id': 0, 'struct_direction': 1, 'reason': 'breakout_pattern', 'pat': 'one_maru_opposite', 'effective_idx': 4200, 'structure_path_id': 'H1.main >> M15.confluence', 'use_case': 'subsequent_counter', 'parent_sid': 1, 'parent_cycle_id': 2, 'timeframe': 'M15', 'parent_tf': 'H1', 'sub_id': 7, 'started_by': 'subsequent_counter'}"
4203,RANGE,RANGE_STARTED,,"{'start_idx': 4201, 'confirm_idx': 4203, 'hi': 0.57954, 'lo': 0.5792, 'cts_anchor_idx': 4200, 'cts_price': 0.57954, 'structure_id': 0, 'struct_direction': 1, 'structure_path_id': 'H1.main >> M15.confluence', 'use_case': 'subsequent_counter', 'parent_sid': 1, 'parent_cycle_id': 2, 'timeframe': 'M15', 'parent_tf': 'H1', 'sub_id': 7, 'started_by': 'subsequent_counter'}"
4203,STATE,STATE_CHANGED,,"{'from': 'breakout', 'to': 'range', 'structure_id': 0, 'struct_direction': 1, 'reason': 'range_confirmed', 'effective_idx': 4201, 'structure_path_id': 'H1.main >> M15.confluence', 'use_case': 'subsequent_counter', 'parent_sid': 1, 'parent_cycle_id': 2, 'timeframe': 'M15', 'parent_tf': 'H1', 'sub_id': 7, 'started_by': 'subsequent_counter'}"
4202,RANGE,RANGE_UPDATED,,"{'hi': 0.57954, 'lo': 0.57917, 'structure_id': 0, 'struct_direction': 1, 'structure_path_id': 'H1.main >> M15.confluence', 'use_case': 'subsequent_counter', 'parent_sid': 1, 'parent_cycle_id': 2, 'timeframe': 'M15', 'parent_tf': 'H1', 'sub_id': 7, 'started_by': 'subsequent_counter'}"
4206,RANGE,RANGE_UPDATED,,"{'hi': 0.57967, 'lo': 0.57917, 'structure_id': 0, 'struct_direction': 1, 'structure_path_id': 'H1.main >> M15.confluence', 'use_case': 'subsequent_counter', 'parent_sid': 1, 'parent_cycle_id': 2, 'timeframe': 'M15', 'parent_tf': 'H1', 'sub_id': 7, 'started_by': 'subsequent_counter'}"
4206,STRUCTURE,CTS_UPDATED,0.57967,"{'via': 'replay_raw', 'cycle_id': 2, 'structure_id': 0, 'struct_direction': 1, 'structure_path_id': 'H1.main >> M15.confluence', 'use_case': 'subsequent_counter', 'parent_sid': 1, 'parent_cycle_id': 2, 'timeframe': 'M15', 'parent_tf': 'H1', 'sub_id': 7, 'started_by': 'subsequent_counter'}"
4207,RANGE,RANGE_UPDATED,,"{'hi': 0.5797, 'lo': 0.57917, 'structure_id': 0, 'struct_direction': 1, 'structure_path_id': 'H1.main >> M15.confluence', 'use_case': 'subsequent_counter', 'parent_sid': 1, 'parent_cycle_id': 2, 'timeframe': 'M15', 'parent_tf': 'H1', 'sub_id': 7, 'started_by': 'subsequent_counter'}"
4207,STRUCTURE,CTS_UPDATED,0.5797,"{'via': 'replay_raw', 'cycle_id': 2, 'structure_id': 0, 'struct_direction': 1, 'structure_path_id': 'H1.main >> M15.confluence', 'use_case': 'subsequent_counter', 'parent_sid': 1, 'parent_cycle_id': 2, 'timeframe': 'M15', 'parent_tf': 'H1', 'sub_id': 7, 'started_by': 'subsequent_counter'}"
4214,RANGE,RANGE_UPDATED,,"{'hi': 0.5797, 'lo': 0.57914, 'structure_id': 0, 'struct_direction': 1, 'structure_path_id': 'H1.main >> M15.confluence', 'use_case': 'subsequent_counter', 'parent_sid': 1, 'parent_cycle_id': 2, 'timeframe': 'M15', 'parent_tf': 'H1', 'sub_id': 7, 'started_by': 'subsequent_counter'}"
4215,RANGE,RANGE_UPDATED,,"{'hi': 0.5797, 'lo': 0.57912, 'structure_id': 0, 'struct_direction': 1, 'structure_path_id': 'H1.main >> M15.confluence', 'use_case': 'subsequent_counter', 'parent_sid': 1, 'parent_cycle_id': 2, 'timeframe': 'M15', 'parent_tf': 'H1', 'sub_id': 7, 'started_by': 'subsequent_counter'}"
4216,RANGE,RANGE_UPDATED,,"{'hi': 0.5797, 'lo': 0.57892, 'structure_id': 0, 'struct_direction': 1, 'structure_path_id': 'H1.main >> M15.confluence', 'use_case': 'subsequent_counter', 'parent_sid': 1, 'parent_cycle_id': 2, 'timeframe': 'M15', 'parent_tf': 'H1', 'sub_id': 7, 'started_by': 'subsequent_counter'}"
4222,RANGE,RANGE_UPDATED,,"{'hi': 0.58034, 'lo': 0.57892, 'structure_id': 0, 'struct_direction': 1, 'structure_path_id': 'H1.main >> M15.confluence', 'use_case': 'subsequent_counter', 'parent_sid': 1, 'parent_cycle_id': 2, 'timeframe': 'M15', 'parent_tf': 'H1', 'sub_id': 7, 'started_by': 'subsequent_counter'}"
4222,STRUCTURE,CTS_UPDATED,0.58034,"{'via': 'replay_raw', 'cycle_id': 2, 'structure_id': 0, 'struct_direction': 1, 'structure_path_id': 'H1.main >> M15.confluence', 'use_case': 'subsequent_counter', 'parent_sid': 1, 'parent_cycle_id': 2, 'timeframe': 'M15', 'parent_tf': 'H1', 'sub_id': 7, 'started_by': 'subsequent_counter'}"
