idx,category,type,price,meta
458,STRUCTURE,CTS_ESTABLISHED,0.56042,"{'via': 'one_maru_opposite', 'anchor_idx': 457, 'pattern_name': 'one_maru_opposite', 'confirmed_at': 458, 'cycle_id': 0, 'structure_id': 0, 'struct_direction': 1, 'timeframe': 'M15', 'use_case': 'first_confluence', 'parent_tf': 'H1', 'parent_sid': 0, 'parent_cycle_id': 0, 'structure_path_id': 'H1.main >> M15.confluence', 'sub_sid': 0, 'started_by': 'first_confluence', 'start_trigger_idx': 1020}"
454,STRUCTURE,BOS_CONFIRMED,0.55874,"{'source': 'initial_prior_extreme', 'confirmed_at': 458, 'pb_start': None, 'cycle_id': 0, 'structure_id': 0, 'struct_direction': 1, 'timeframe': 'M15', 'use_case': 'first_confluence', 'parent_tf': 'H1', 'parent_sid': 0, 'parent_cycle_id': 0, 'structure_path_id': 'H1.main >> M15.confluence', 'sub_sid': 0, 'started_by': 'first_confluence', 'start_trigger_idx': 1020}"
458,STATE,STATE_CHANGED,,"{'from': 'none', 'to': 'breakout', 'structure_id': 0, 'struct_direction': 1, 'reason': 'breakout_pattern', 'pat': 'one_maru_opposite', 'effective_idx': 54, 'timeframe': 'M15', 'use_case': 'first_confluence', 'parent_tf': 'H1', 'parent_sid': 0, 'parent_cycle_id': 0, 'structure_path_id': 'H1.main >> M15.confluence', 'sub_sid': 0, 'started_by': 'first_confluence', 'start_trigger_idx': 1020}"
459,STRUCTURE,CTS_UPDATED,0.56084,"{'via': 'replay_raw', 'cycle_id': 0, 'structure_id': 0, 'struct_direction': 1, 'timeframe': 'M15', 'use_case': 'first_confluence', 'parent_tf': 'H1', 'parent_sid': 0, 'parent_cycle_id': 0, 'structure_path_id': 'H1.main >> M15.confluence', 'sub_sid': 0, 'started_by': 'first_confluence', 'start_trigger_idx': 1020}"
460,STRUCTURE,CTS_UPDATED,0.56126,"{'via': 'replay_raw', 'cycle_id': 0, 'structure_id': 0, 'struct_direction': 1, 'timeframe': 'M15', 'use_case': 'first_confluence', 'parent_tf': 'H1', 'parent_sid': 0, 'parent_cycle_id': 0, 'structure_path_id': 'H1.main >> M15.confluence', 'sub_sid': 0, 'started_by': 'first_confluence', 'start_trigger_idx': 1020}"
462,RANGE,RANGE_STARTED,,"{'start_idx': 56, 'confirm_idx': 58, 'hi': 0.56126, 'lo': 0.5608, 'cts_idx': 56, 'cts_price': 0.56126, 'structure_id': 0, 'struct_direction': 1, 'timeframe': 'M15', 'use_case': 'first_confluence', 'parent_tf': 'H1', 'parent_sid': 0, 'parent_cycle_id': 0, 'structure_path_id': 'H1.main >> M15.confluence', 'sub_sid': 0, 'started_by': 'first_confluence', 'start_trigger_idx': 1020}"
462,STATE,STATE_CHANGED,,"{'from': 'breakout', 'to': 'range', 'structure_id': 0, 'struct_direction': 1, 'reason': 'range_confirmed', 'effective_idx': 56, 'timeframe': 'M15', 'use_case': 'first_confluence', 'parent_tf': 'H1', 'parent_sid': 0, 'parent_cycle_id': 0, 'structure_path_id': 'H1.main >> M15.confluence', 'sub_sid': 0, 'started_by': 'first_confluence', 'start_trigger_idx': 1020}"
461,RANGE,RANGE_UPDATED,,"{'hi': 0.56126, 'lo': 0.56042, 'structure_id': 0, 'struct_direction': 1, 'timeframe': 'M15', 'use_case': 'first_confluence', 'parent_tf': 'H1', 'parent_sid': 0, 'parent_cycle_id': 0, 'structure_path_id': 'H1.main >> M15.confluence', 'sub_sid': 0, 'started_by': 'first_confluence', 'start_trigger_idx': 1020}"
464,RANGE,RANGE_UPDATED,,"{'hi': 0.56126, 'lo': 0.56032, 'structure_id': 0, 'struct_direction': 1, 'timeframe': 'M15', 'use_case': 'first_confluence', 'parent_tf': 'H1', 'parent_sid': 0, 'parent_cycle_id': 0, 'structure_path_id': 'H1.main >> M15.confluence', 'sub_sid': 0, 'started_by': 'first_confluence', 'start_trigger_idx': 1020}"
465,RANGE,RANGE_UPDATED,,"{'hi': 0.56126, 'lo': 0.56014, 'structure_id': 0, 'struct_direction': 1, 'timeframe': 'M15', 'use_case': 'first_confluence', 'parent_tf': 'H1', 'parent_sid': 0, 'parent_cycle_id': 0, 'structure_path_id': 'H1.main >> M15.confluence', 'sub_sid': 0, 'started_by': 'first_confluence', 'start_trigger_idx': 1020}"
470,RANGE,RANGE_UPDATED,,"{'hi': 0.56154, 'lo': 0.56014, 'structure_id': 0, 'struct_direction': 1, 'timeframe': 'M15', 'use_case': 'first_confluence', 'parent_tf': 'H1', 'parent_sid': 0, 'parent_cycle_id': 0, 'structure_path_id': 'H1.main >> M15.confluence', 'sub_sid': 0, 'started_by': 'first_confluence', 'start_trigger_idx': 1020}"
470,STRUCTURE,CTS_UPDATED,0.56154,"{'via': 'replay_raw', 'cycle_id': 0, 'structure_id': 0, 'struct_direction': 1, 'timeframe': 'M15', 'use_case': 'first_confluence', 'parent_tf': 'H1', 'parent_sid': 0, 'parent_cycle_id': 0, 'structure_path_id': 'H1.main >> M15.confluence', 'sub_sid': 0, 'started_by': 'first_confluence', 'start_trigger_idx': 1020}"
477,RANGE,RANGE_UPDATED,,"{'hi': 0.56158, 'lo': 0.56014, 'structure_id': 0, 'struct_direction': 1, 'timeframe': 'M15', 'use_case': 'first_confluence', 'parent_tf': 'H1', 'parent_sid': 0, 'parent_cycle_id': 0, 'structure_path_id': 'H1.main >> M15.confluence', 'sub_sid': 0, 'started_by': 'first_confluence', 'start_trigger_idx': 1020}"
477,STRUCTURE,CTS_UPDATED,0.56158,"{'via': 'replay_raw', 'cycle_id': 0, 'structure_id': 0, 'struct_direction': 1, 'timeframe': 'M15', 'use_case': 'first_confluence', 'parent_tf': 'H1', 'parent_sid': 0, 'parent_cycle_id': 0, 'structure_path_id': 'H1.main >> M15.confluence', 'sub_sid': 0, 'started_by': 'first_confluence', 'start_trigger_idx': 1020}"
515,RANGE,RANGE_UPDATED,,"{'hi': 0.56158, 'lo': 0.56008, 'structure_id': 0, 'struct_direction': 1, 'timeframe': 'M15', 'use_case': 'first_confluence', 'parent_tf': 'H1', 'parent_sid': 0, 'parent_cycle_id': 0, 'structure_path_id': 'H1.main >> M15.confluence', 'sub_sid': 0, 'started_by': 'first_confluence', 'start_trigger_idx': 1020}"
516,RANGE,RANGE_UPDATED,,"{'hi': 0.56158, 'lo': 0.55994, 'structure_id': 0, 'struct_direction': 1, 'timeframe': 'M15', 'use_case': 'first_confluence', 'parent_tf': 'H1', 'parent_sid': 0, 'parent_cycle_id': 0, 'structure_path_id': 'H1.main >> M15.confluence', 'sub_sid': 0, 'started_by': 'first_confluence', 'start_trigger_idx': 1020}"
525,RANGE,RANGE_UPDATED,,"{'hi': 0.56158, 'lo': 0.55955, 'structure_id': 0, 'struct_direction': 1, 'timeframe': 'M15', 'use_case': 'first_confluence', 'parent_tf': 'H1', 'parent_sid': 0, 'parent_cycle_id': 0, 'structure_path_id': 'H1.main >> M15.confluence', 'sub_sid': 0, 'started_by': 'first_confluence', 'start_trigger_idx': 1020}"
588,RANGE,RANGE_UPDATED,,"{'hi': 0.56184, 'lo': 0.55955, 'structure_id': 0, 'struct_direction': 1, 'timeframe': 'M15', 'use_case': 'first_confluence', 'parent_tf': 'H1', 'parent_sid': 0, 'parent_cycle_id': 0, 'structure_path_id': 'H1.main >> M15.confluence', 'sub_sid': 0, 'started_by': 'first_confluence', 'start_trigger_idx': 1020}"
588,STRUCTURE,CTS_UPDATED,0.56184,"{'via': 'replay_raw', 'cycle_id': 0, 'structure_id': 0, 'struct_direction': 1, 'timeframe': 'M15', 'use_case': 'first_confluence', 'parent_tf': 'H1', 'parent_sid': 0, 'parent_cycle_id': 0, 'structure_path_id': 'H1.main >> M15.confluence', 'sub_sid': 0, 'started_by': 'first_confluence', 'start_trigger_idx': 1020}"
589,RANGE,RANGE_UPDATED,,"{'hi': 0.56218, 'lo': 0.55955, 'structure_id': 0, 'struct_direction': 1, 'timeframe': 'M15', 'use_case': 'first_confluence', 'parent_tf': 'H1', 'parent_sid': 0, 'parent_cycle_id': 0, 'structure_path_id': 'H1.main >> M15.confluence', 'sub_sid': 0, 'started_by': 'first_confluence', 'start_trigger_idx': 1020}"
589,STRUCTURE,CTS_UPDATED,0.56218,"{'via': 'replay_raw', 'cycle_id': 0, 'structure_id': 0, 'struct_direction': 1, 'timeframe': 'M15', 'use_case': 'first_confluence', 'parent_tf': 'H1', 'parent_sid': 0, 'parent_cycle_id': 0, 'structure_path_id': 'H1.main >> M15.confluence', 'sub_sid': 0, 'started_by': 'first_confluence', 'start_trigger_idx': 1020}"
611,RANGE,RANGE_UPDATED,,"{'hi': 0.56218, 'lo': 0.55926, 'structure_id': 0, 'struct_direction': 1, 'timeframe': 'M15', 'use_case': 'first_confluence', 'parent_tf': 'H1', 'parent_sid': 0, 'parent_cycle_id': 0, 'structure_path_id': 'H1.main >> M15.confluence', 'sub_sid': 0, 'started_by': 'first_confluence', 'start_trigger_idx': 1020}"
630,RANGE,RANGE_UPDATED,,"{'hi': 0.56218, 'lo': 0.55914, 'structure_id': 0, 'struct_direction': 1, 'timeframe': 'M15', 'use_case': 'first_confluence', 'parent_tf': 'H1', 'parent_sid': 0, 'parent_cycle_id': 0, 'structure_path_id': 'H1.main >> M15.confluence', 'sub_sid': 0, 'started_by': 'first_confluence', 'start_trigger_idx': 1020}"
653,RANGE,RANGE_UPDATED,,"{'hi': 0.5625, 'lo': 0.55914, 'structure_id': 0, 'struct_direction': 1, 'timeframe': 'M15', 'use_case': 'first_confluence', 'parent_tf': 'H1', 'parent_sid': 0, 'parent_cycle_id': 0, 'structure_path_id': 'H1.main >> M15.confluence', 'sub_sid': 0, 'started_by': 'first_confluence', 'start_trigger_idx': 1020}"
653,STRUCTURE,CTS_UPDATED,0.5625,"{'via': 'replay_raw', 'cycle_id': 0, 'structure_id': 0, 'struct_direction': 1, 'timeframe': 'M15', 'use_case': 'first_confluence', 'parent_tf': 'H1', 'parent_sid': 0, 'parent_cycle_id': 0, 'structure_path_id': 'H1.main >> M15.confluence', 'sub_sid': 0, 'started_by': 'first_confluence', 'start_trigger_idx': 1020}"
654,RANGE,RANGE_UPDATED,,"{'hi': 0.56255, 'lo': 0.55914, 'structure_id': 0, 'struct_direction': 1, 'timeframe': 'M15', 'use_case': 'first_confluence', 'parent_tf': 'H1', 'parent_sid': 0, 'parent_cycle_id': 0, 'structure_path_id': 'H1.main >> M15.confluence', 'sub_sid': 0, 'started_by': 'first_confluence', 'start_trigger_idx': 1020}"
654,STRUCTURE,CTS_UPDATED,0.56255,"{'via': 'replay_raw', 'cycle_id': 0, 'structure_id': 0, 'struct_direction': 1, 'timeframe': 'M15', 'use_case': 'first_confluence', 'parent_tf': 'H1', 'parent_sid': 0, 'parent_cycle_id': 0, 'structure_path_id': 'H1.main >> M15.confluence', 'sub_sid': 0, 'started_by': 'first_confluence', 'start_trigger_idx': 1020}"
655,RANGE,RANGE_UPDATED,,"{'hi': 0.56287, 'lo': 0.55914, 'structure_id': 0, 'struct_direction': 1, 'timeframe': 'M15', 'use_case': 'first_confluence', 'parent_tf': 'H1', 'parent_sid': 0, 'parent_cycle_id': 0, 'structure_path_id': 'H1.main >> M15.confluence', 'sub_sid': 0, 'started_by': 'first_confluence', 'start_trigger_idx': 1020}"
655,STRUCTURE,CTS_UPDATED,0.56287,"{'via': 'replay_raw', 'cycle_id': 0, 'structure_id': 0, 'struct_direction': 1, 'timeframe': 'M15', 'use_case': 'first_confluence', 'parent_tf': 'H1', 'parent_sid': 0, 'parent_cycle_id': 0, 'structure_path_id': 'H1.main >> M15.confluence', 'sub_sid': 0, 'started_by': 'first_confluence', 'start_trigger_idx': 1020}"
682,RANGE,RANGE_UPDATED,,"{'hi': 0.5632, 'lo': 0.55914, 'structure_id': 0, 'struct_direction': 1, 'timeframe': 'M15', 'use_case': 'first_confluence', 'parent_tf': 'H1', 'parent_sid': 0, 'parent_cycle_id': 0, 'structure_path_id': 'H1.main >> M15.confluence', 'sub_sid': 0, 'started_by': 'first_confluence', 'start_trigger_idx': 1020}"
682,STRUCTURE,CTS_UPDATED,0.5632,"{'via': 'replay_raw', 'cycle_id': 0, 'structure_id': 0, 'struct_direction': 1, 'timeframe': 'M15', 'use_case': 'first_confluence', 'parent_tf': 'H1', 'parent_sid': 0, 'parent_cycle_id': 0, 'structure_path_id': 'H1.main >> M15.confluence', 'sub_sid': 0, 'started_by': 'first_confluence', 'start_trigger_idx': 1020}"
684,STRUCTURE,CTS_UPDATED,0.56707,"{'via': 'replay_raw', 'cycle_id': 0, 'structure_id': 0, 'struct_direction': 1, 'timeframe': 'M15', 'use_case': 'first_confluence', 'parent_tf': 'H1', 'parent_sid': 0, 'parent_cycle_id': 0, 'structure_path_id': 'H1.main >> M15.confluence', 'sub_sid': 0, 'started_by': 'first_confluence', 'start_trigger_idx': 1020}"
685,RANGE,RANGE_RESET,,"{'reason': 'range_breakout', 'pat': 'one_maru_continuous', 'structure_id': 0, 'struct_direction': 1, 'timeframe': 'M15', 'use_case': 'first_confluence', 'parent_tf': 'H1', 'parent_sid': 0, 'parent_cycle_id': 0, 'structure_path_id': 'H1.main >> M15.confluence', 'sub_sid': 0, 'started_by': 'first_confluence', 'start_trigger_idx': 1020}"
685,STRUCTURE,CTS_UPDATED,0.56738,"{'via': 'one_maru_continuous', 'cycle_id': 0, 'structure_id': 0, 'struct_direction': 1, 'timeframe': 'M15', 'use_case': 'first_confluence', 'parent_tf': 'H1', 'parent_sid': 0, 'parent_cycle_id': 0, 'structure_path_id': 'H1.main >> M15.confluence', 'sub_sid': 0, 'started_by': 'first_confluence', 'start_trigger_idx': 1020}"
685,STATE,STATE_CHANGED,,"{'from': 'range', 'to': 'breakout', 'structure_id': 0, 'struct_direction': 1, 'reason': 'breakout_pattern', 'pat': 'one_maru_continuous', 'effective_idx': 281, 'timeframe': 'M15', 'use_case': 'first_confluence', 'parent_tf': 'H1', 'parent_sid': 0, 'parent_cycle_id': 0, 'structure_path_id': 'H1.main >> M15.confluence', 'sub_sid': 0, 'started_by': 'first_confluence', 'start_trigger_idx': 1020}"
686,STRUCTURE,CTS_UPDATED,0.56824,"{'via': 'replay_raw', 'cycle_id': 0, 'structure_id': 0, 'struct_direction': 1, 'timeframe': 'M15', 'use_case': 'first_confluence', 'parent_tf': 'H1', 'parent_sid': 0, 'parent_cycle_id': 0, 'structure_path_id': 'H1.main >> M15.confluence', 'sub_sid': 0, 'started_by': 'first_confluence', 'start_trigger_idx': 1020}"
688,STRUCTURE,CTS_UPDATED,0.56891,"{'via': 'replay_raw', 'cycle_id': 0, 'structure_id': 0, 'struct_direction': 1, 'timeframe': 'M15', 'use_case': 'first_confluence', 'parent_tf': 'H1', 'parent_sid': 0, 'parent_cycle_id': 0, 'structure_path_id': 'H1.main >> M15.confluence', 'sub_sid': 0, 'started_by': 'first_confluence', 'start_trigger_idx': 1020}"
689,STRUCTURE,CTS_UPDATED,0.5691,"{'via': 'replay_raw', 'cycle_id': 0, 'structure_id': 0, 'struct_direction': 1, 'timeframe': 'M15', 'use_case': 'first_confluence', 'parent_tf': 'H1', 'parent_sid': 0, 'parent_cycle_id': 0, 'structure_path_id': 'H1.main >> M15.confluence', 'sub_sid': 0, 'started_by': 'first_confluence', 'start_trigger_idx': 1020}"
691,RANGE,RANGE_STARTED,,"{'start_idx': 285, 'confirm_idx': 287, 'hi': 0.5691, 'lo': 0.56804, 'cts_idx': 285, 'cts_price': 0.5691, 'structure_id': 0, 'struct_direction': 1, 'timeframe': 'M15', 'use_case': 'first_confluence', 'parent_tf': 'H1', 'parent_sid': 0, 'parent_cycle_id': 0, 'structure_path_id': 'H1.main >> M15.confluence', 'sub_sid': 0, 'started_by': 'first_confluence', 'start_trigger_idx': 1020}"
691,STATE,STATE_CHANGED,,"{'from': 'breakout', 'to': 'range', 'structure_id': 0, 'struct_direction': 1, 'reason': 'range_confirmed', 'effective_idx': 285, 'timeframe': 'M15', 'use_case': 'first_confluence', 'parent_tf': 'H1', 'parent_sid': 0, 'parent_cycle_id': 0, 'structure_path_id': 'H1.main >> M15.confluence', 'sub_sid': 0, 'started_by': 'first_confluence', 'start_trigger_idx': 1020}"
691,RANGE,RANGE_UPDATED,,"{'hi': 0.5692, 'lo': 0.56804, 'structure_id': 0, 'struct_direction': 1, 'timeframe': 'M15', 'use_case': 'first_confluence', 'parent_tf': 'H1', 'parent_sid': 0, 'parent_cycle_id': 0, 'structure_path_id': 'H1.main >> M15.confluence', 'sub_sid': 0, 'started_by': 'first_confluence', 'start_trigger_idx': 1020}"
691,STRUCTURE,CTS_UPDATED,0.5692,"{'via': 'replay_raw', 'cycle_id': 0, 'structure_id': 0, 'struct_direction': 1, 'timeframe': 'M15', 'use_case': 'first_confluence', 'parent_tf': 'H1', 'parent_sid': 0, 'parent_cycle_id': 0, 'structure_path_id': 'H1.main >> M15.confluence', 'sub_sid': 0, 'started_by': 'first_confluence', 'start_trigger_idx': 1020}"
692,RANGE,RANGE_UPDATED,,"{'hi': 0.56966, 'lo': 0.56804, 'structure_id': 0, 'struct_direction': 1, 'timeframe': 'M15', 'use_case': 'first_confluence', 'parent_tf': 'H1', 'parent_sid': 0, 'parent_cycle_id': 0, 'structure_path_id': 'H1.main >> M15.confluence', 'sub_sid': 0, 'started_by': 'first_confluence', 'start_trigger_idx': 1020}"
692,STRUCTURE,CTS_UPDATED,0.56966,"{'via': 'replay_raw', 'cycle_id': 0, 'structure_id': 0, 'struct_direction': 1, 'timeframe': 'M15', 'use_case': 'first_confluence', 'parent_tf': 'H1', 'parent_sid': 0, 'parent_cycle_id': 0, 'structure_path_id': 'H1.main >> M15.confluence', 'sub_sid': 0, 'started_by': 'first_confluence', 'start_trigger_idx': 1020}"
709,RANGE,RANGE_UPDATED,,"{'hi': 0.56966, 'lo': 0.56787, 'structure_id': 0, 'struct_direction': 1, 'timeframe': 'M15', 'use_case': 'first_confluence', 'parent_tf': 'H1', 'parent_sid': 0, 'parent_cycle_id': 0, 'structure_path_id': 'H1.main >> M15.confluence', 'sub_sid': 0, 'started_by': 'first_confluence', 'start_trigger_idx': 1020}"
710,RANGE,RANGE_UPDATED,,"{'hi': 0.56966, 'lo': 0.56756, 'structure_id': 0, 'struct_direction': 1, 'timeframe': 'M15', 'use_case': 'first_confluence', 'parent_tf': 'H1', 'parent_sid': 0, 'parent_cycle_id': 0, 'structure_path_id': 'H1.main >> M15.confluence', 'sub_sid': 0, 'started_by': 'first_confluence', 'start_trigger_idx': 1020}"
711,RANGE,RANGE_UPDATED,,"{'hi': 0.56966, 'lo': 0.56732, 'structure_id': 0, 'struct_direction': 1, 'timeframe': 'M15', 'use_case': 'first_confluence', 'parent_tf': 'H1', 'parent_sid': 0, 'parent_cycle_id': 0, 'structure_path_id': 'H1.main >> M15.confluence', 'sub_sid': 0, 'started_by': 'first_confluence', 'start_trigger_idx': 1020}"
714,RANGE,RANGE_UPDATED,,"{'hi': 0.56966, 'lo': 0.5669, 'structure_id': 0, 'struct_direction': 1, 'timeframe': 'M15', 'use_case': 'first_confluence', 'parent_tf': 'H1', 'parent_sid': 0, 'parent_cycle_id': 0, 'structure_path_id': 'H1.main >> M15.confluence', 'sub_sid': 0, 'started_by': 'first_confluence', 'start_trigger_idx': 1020}"
723,RANGE,RANGE_UPDATED,,"{'hi': 0.56966, 'lo': 0.56684, 'structure_id': 0, 'struct_direction': 1, 'timeframe': 'M15', 'use_case': 'first_confluence', 'parent_tf': 'H1', 'parent_sid': 0, 'parent_cycle_id': 0, 'structure_path_id': 'H1.main >> M15.confluence', 'sub_sid': 0, 'started_by': 'first_confluence', 'start_trigger_idx': 1020}"
725,RANGE,RANGE_UPDATED,,"{'hi': 0.56966, 'lo': 0.56666, 'structure_id': 0, 'struct_direction': 1, 'timeframe': 'M15', 'use_case': 'first_confluence', 'parent_tf': 'H1', 'parent_sid': 0, 'parent_cycle_id': 0, 'structure_path_id': 'H1.main >> M15.confluence', 'sub_sid': 0, 'started_by': 'first_confluence', 'start_trigger_idx': 1020}"
726,RANGE,RANGE_UPDATED,,"{'hi': 0.56966, 'lo': 0.5666, 'structure_id': 0, 'struct_direction': 1, 'timeframe': 'M15', 'use_case': 'first_confluence', 'parent_tf': 'H1', 'parent_sid': 0, 'parent_cycle_id': 0, 'structure_path_id': 'H1.main >> M15.confluence', 'sub_sid': 0, 'started_by': 'first_confluence', 'start_trigger_idx': 1020}"
728,RANGE,RANGE_UPDATED,,"{'hi': 0.56966, 'lo': 0.56651, 'structure_id': 0, 'struct_direction': 1, 'timeframe': 'M15', 'use_case': 'first_confluence', 'parent_tf': 'H1', 'parent_sid': 0, 'parent_cycle_id': 0, 'structure_path_id': 'H1.main >> M15.confluence', 'sub_sid': 0, 'started_by': 'first_confluence', 'start_trigger_idx': 1020}"
729,RANGE,RANGE_UPDATED,,"{'hi': 0.56966, 'lo': 0.56636, 'structure_id': 0, 'struct_direction': 1, 'timeframe': 'M15', 'use_case': 'first_confluence', 'parent_tf': 'H1', 'parent_sid': 0, 'parent_cycle_id': 0, 'structure_path_id': 'H1.main >> M15.confluence', 'sub_sid': 0, 'started_by': 'first_confluence', 'start_trigger_idx': 1020}"
730,RANGE,RANGE_UPDATED,,"{'hi': 0.56966, 'lo': 0.56628, 'structure_id': 0, 'struct_direction': 1, 'timeframe': 'M15', 'use_case': 'first_confluence', 'parent_tf': 'H1', 'parent_sid': 0, 'parent_cycle_id': 0, 'structure_path_id': 'H1.main >> M15.confluence', 'sub_sid': 0, 'started_by': 'first_confluence', 'start_trigger_idx': 1020}"
756,RANGE,RANGE_UPDATED,,"{'hi': 0.56974, 'lo': 0.56628, 'structure_id': 0, 'struct_direction': 1, 'timeframe': 'M15', 'use_case': 'first_confluence', 'parent_tf': 'H1', 'parent_sid': 0, 'parent_cycle_id': 0, 'structure_path_id': 'H1.main >> M15.confluence', 'sub_sid': 0, 'started_by': 'first_confluence', 'start_trigger_idx': 1020}"
756,STRUCTURE,CTS_UPDATED,0.56974,"{'via': 'replay_raw', 'cycle_id': 0, 'structure_id': 0, 'struct_direction': 1, 'timeframe': 'M15', 'use_case': 'first_confluence', 'parent_tf': 'H1', 'parent_sid': 0, 'parent_cycle_id': 0, 'structure_path_id': 'H1.main >> M15.confluence', 'sub_sid': 0, 'started_by': 'first_confluence', 'start_trigger_idx': 1020}"
767,RANGE,RANGE_UPDATED,,"{'hi': 0.57018, 'lo': 0.56628, 'structure_id': 0, 'struct_direction': 1, 'timeframe': 'M15', 'use_case': 'first_confluence', 'parent_tf': 'H1', 'parent_sid': 0, 'parent_cycle_id': 0, 'structure_path_id': 'H1.main >> M15.confluence', 'sub_sid': 0, 'started_by': 'first_confluence', 'start_trigger_idx': 1020}"
767,STRUCTURE,CTS_UPDATED,0.57018,"{'via': 'replay_raw', 'cycle_id': 0, 'structure_id': 0, 'struct_direction': 1, 'timeframe': 'M15', 'use_case': 'first_confluence', 'parent_tf': 'H1', 'parent_sid': 0, 'parent_cycle_id': 0, 'structure_path_id': 'H1.main >> M15.confluence', 'sub_sid': 0, 'started_by': 'first_confluence', 'start_trigger_idx': 1020}"
769,RANGE,RANGE_UPDATED,,"{'hi': 0.57038, 'lo': 0.56628, 'structure_id': 0, 'struct_direction': 1, 'timeframe': 'M15', 'use_case': 'first_confluence', 'parent_tf': 'H1', 'parent_sid': 0, 'parent_cycle_id': 0, 'structure_path_id': 'H1.main >> M15.confluence', 'sub_sid': 0, 'started_by': 'first_confluence', 'start_trigger_idx': 1020}"
769,STRUCTURE,CTS_UPDATED,0.57038,"{'via': 'replay_raw', 'cycle_id': 0, 'structure_id': 0, 'struct_direction': 1, 'timeframe': 'M15', 'use_case': 'first_confluence', 'parent_tf': 'H1', 'parent_sid': 0, 'parent_cycle_id': 0, 'structure_path_id': 'H1.main >> M15.confluence', 'sub_sid': 0, 'started_by': 'first_confluence', 'start_trigger_idx': 1020}"
774,STRUCTURE,CTS_UPDATED,0.57044,"{'via': 'replay_raw', 'cycle_id': 0, 'structure_id': 0, 'struct_direction': 1, 'timeframe': 'M15', 'use_case': 'first_confluence', 'parent_tf': 'H1', 'parent_sid': 0, 'parent_cycle_id': 0, 'structure_path_id': 'H1.main >> M15.confluence', 'sub_sid': 0, 'started_by': 'first_confluence', 'start_trigger_idx': 1020}"
775,STRUCTURE,CTS_UPDATED,0.57064,"{'via': 'replay_raw', 'cycle_id': 0, 'structure_id': 0, 'struct_direction': 1, 'timeframe': 'M15', 'use_case': 'first_confluence', 'parent_tf': 'H1', 'parent_sid': 0, 'parent_cycle_id': 0, 'structure_path_id': 'H1.main >> M15.confluence', 'sub_sid': 0, 'started_by': 'first_confluence', 'start_trigger_idx': 1020}"
776,RANGE,RANGE_RESET,,"{'reason': 'range_breakout', 'pat': 'one_maru_continuous', 'structure_id': 0, 'struct_direction': 1, 'timeframe': 'M15', 'use_case': 'first_confluence', 'parent_tf': 'H1', 'parent_sid': 0, 'parent_cycle_id': 0, 'structure_path_id': 'H1.main >> M15.confluence', 'sub_sid': 0, 'started_by': 'first_confluence', 'start_trigger_idx': 1020}"
776,STRUCTURE,CTS_UPDATED,0.57104,"{'via': 'one_maru_continuous', 'cycle_id': 0, 'structure_id': 0, 'struct_direction': 1, 'timeframe': 'M15', 'use_case': 'first_confluence', 'parent_tf': 'H1', 'parent_sid': 0, 'parent_cycle_id': 0, 'structure_path_id': 'H1.main >> M15.confluence', 'sub_sid': 0, 'started_by': 'first_confluence', 'start_trigger_idx': 1020}"
776,STATE,STATE_CHANGED,,"{'from': 'range', 'to': 'breakout', 'structure_id': 0, 'struct_direction': 1, 'reason': 'breakout_pattern', 'pat': 'one_maru_continuous', 'effective_idx': 372, 'timeframe': 'M15', 'use_case': 'first_confluence', 'parent_tf': 'H1', 'parent_sid': 0, 'parent_cycle_id': 0, 'structure_path_id': 'H1.main >> M15.confluence', 'sub_sid': 0, 'started_by': 'first_confluence', 'start_trigger_idx': 1020}"
777,STRUCTURE,CTS_UPDATED,0.57106,"{'via': 'replay_raw', 'cycle_id': 0, 'structure_id': 0, 'struct_direction': 1, 'timeframe': 'M15', 'use_case': 'first_confluence', 'parent_tf': 'H1', 'parent_sid': 0, 'parent_cycle_id': 0, 'structure_path_id': 'H1.main >> M15.confluence', 'sub_sid': 0, 'started_by': 'first_confluence', 'start_trigger_idx': 1020}"
778,STRUCTURE,CTS_UPDATED,0.57109,"{'via': 'replay_raw', 'cycle_id': 0, 'structure_id': 0, 'struct_direction': 1, 'timeframe': 'M15', 'use_case': 'first_confluence', 'parent_tf': 'H1', 'parent_sid': 0, 'parent_cycle_id': 0, 'structure_path_id': 'H1.main >> M15.confluence', 'sub_sid': 0, 'started_by': 'first_confluence', 'start_trigger_idx': 1020}"
779,STRUCTURE,CTS_UPDATED,0.57125,"{'via': 'replay_raw', 'cycle_id': 0, 'structure_id': 0, 'struct_direction': 1, 'timeframe': 'M15', 'use_case': 'first_confluence', 'parent_tf': 'H1', 'parent_sid': 0, 'parent_cycle_id': 0, 'structure_path_id': 'H1.main >> M15.confluence', 'sub_sid': 0, 'started_by': 'first_confluence', 'start_trigger_idx': 1020}"
780,STRUCTURE,CTS_UPDATED,0.57162,"{'via': 'one_maru_continuous', 'cycle_id': 0, 'structure_id': 0, 'struct_direction': 1, 'timeframe': 'M15', 'use_case': 'first_confluence', 'parent_tf': 'H1', 'parent_sid': 0, 'parent_cycle_id': 0, 'structure_path_id': 'H1.main >> M15.confluence', 'sub_sid': 0, 'started_by': 'first_confluence', 'start_trigger_idx': 1020}"
781,STRUCTURE,CTS_UPDATED,0.57166,"{'via': 'replay_raw', 'cycle_id': 0, 'structure_id': 0, 'struct_direction': 1, 'timeframe': 'M15', 'use_case': 'first_confluence', 'parent_tf': 'H1', 'parent_sid': 0, 'parent_cycle_id': 0, 'structure_path_id': 'H1.main >> M15.confluence', 'sub_sid': 0, 'started_by': 'first_confluence', 'start_trigger_idx': 1020}"
782,STRUCTURE,CTS_UPDATED,0.57168,"{'via': 'replay_raw', 'cycle_id': 0, 'structure_id': 0, 'struct_direction': 1, 'timeframe': 'M15', 'use_case': 'first_confluence', 'parent_tf': 'H1', 'parent_sid': 0, 'parent_cycle_id': 0, 'structure_path_id': 'H1.main >> M15.confluence', 'sub_sid': 0, 'started_by': 'first_confluence', 'start_trigger_idx': 1020}"
783,STRUCTURE,CTS_UPDATED,0.57208,"{'via': 'replay_raw', 'cycle_id': 0, 'structure_id': 0, 'struct_direction': 1, 'timeframe': 'M15', 'use_case': 'first_confluence', 'parent_tf': 'H1', 'parent_sid': 0, 'parent_cycle_id': 0, 'structure_path_id': 'H1.main >> M15.confluence', 'sub_sid': 0, 'started_by': 'first_confluence', 'start_trigger_idx': 1020}"
784,STRUCTURE,CTS_UPDATED,0.5732,"{'via': 'one_maru_continuous', 'cycle_id': 0, 'structure_id': 0, 'struct_direction': 1, 'timeframe': 'M15', 'use_case': 'first_confluence', 'parent_tf': 'H1', 'parent_sid': 0, 'parent_cycle_id': 0, 'structure_path_id': 'H1.main >> M15.confluence', 'sub_sid': 0, 'started_by': 'first_confluence', 'start_trigger_idx': 1020}"
787,RANGE,RANGE_STARTED,,"{'start_idx': 381, 'confirm_idx': 383, 'hi': 0.5732, 'lo': 0.57234, 'cts_idx': 380, 'cts_price': 0.5732, 'structure_id': 0, 'struct_direction': 1, 'timeframe': 'M15', 'use_case': 'first_confluence', 'parent_tf': 'H1', 'parent_sid': 0, 'parent_cycle_id': 0, 'structure_path_id': 'H1.main >> M15.confluence', 'sub_sid': 0, 'started_by': 'first_confluence', 'start_trigger_idx': 1020}"
787,STATE,STATE_CHANGED,,"{'from': 'breakout', 'to': 'range', 'structure_id': 0, 'struct_direction': 1, 'reason': 'range_confirmed', 'effective_idx': 381, 'timeframe': 'M15', 'use_case': 'first_confluence', 'parent_tf': 'H1', 'parent_sid': 0, 'parent_cycle_id': 0, 'structure_path_id': 'H1.main >> M15.confluence', 'sub_sid': 0, 'started_by': 'first_confluence', 'start_trigger_idx': 1020}"
787,RANGE,RANGE_UPDATED,,"{'hi': 0.5732, 'lo': 0.5722, 'structure_id': 0, 'struct_direction': 1, 'timeframe': 'M15', 'use_case': 'first_confluence', 'parent_tf': 'H1', 'parent_sid': 0, 'parent_cycle_id': 0, 'structure_path_id': 'H1.main >> M15.confluence', 'sub_sid': 0, 'started_by': 'first_confluence', 'start_trigger_idx': 1020}"
802,RANGE,RANGE_UPDATED,,"{'reason': 'pullback_expand', 'hi': 0.5732, 'lo': 0.57154, 'pat': 'one_maru_opposite', 'structure_id': 0, 'struct_direction': 1, 'timeframe': 'M15', 'use_case': 'first_confluence', 'parent_tf': 'H1', 'parent_sid': 0, 'parent_cycle_id': 0, 'structure_path_id': 'H1.main >> M15.confluence', 'sub_sid': 0, 'started_by': 'first_confluence', 'start_trigger_idx': 1020}"
802,STRUCTURE,CTS_CONFIRMED,0.5732,"{'via': 'one_maru_opposite', 'cycle_id': 0, 'structure_id': 0, 'struct_direction': 1, 'confirmed_at': 802, 'cts_anchor_idx': 784, 'confirmation_method': 'pullback', 'timeframe': 'M15', 'use_case': 'first_confluence', 'parent_tf': 'H1', 'parent_sid': 0, 'parent_cycle_id': 0, 'structure_path_id': 'H1.main >> M15.confluence', 'sub_sid': 0, 'started_by': 'first_confluence', 'start_trigger_idx': 1020}"
802,STATE,STATE_CHANGED,,"{'from': 'range', 'to': 'pullback', 'structure_id': 0, 'struct_direction': 1, 'reason': 'pullback_pattern', 'pat': 'one_maru_opposite', 'effective_idx': 398, 'timeframe': 'M15', 'use_case': 'first_confluence', 'parent_tf': 'H1', 'parent_sid': 0, 'parent_cycle_id': 0, 'structure_path_id': 'H1.main >> M15.confluence', 'sub_sid': 0, 'started_by': 'first_confluence', 'start_trigger_idx': 1020}"
803,STATE,STATE_CHANGED,,"{'from': 'pullback', 'to': 'pullback_range', 'structure_id': 0, 'struct_direction': 1, 'reason': 'replay_no_expand_pullback_side', 'effective_idx': 399, 'timeframe': 'M15', 'use_case': 'first_confluence', 'parent_tf': 'H1', 'parent_sid': 0, 'parent_cycle_id': 0, 'structure_path_id': 'H1.main >> M15.confluence', 'sub_sid': 0, 'started_by': 'first_confluence', 'start_trigger_idx': 1020}"
810,RANGE,RANGE_UPDATED,,"{'hi': 0.5732, 'lo': 0.57146, 'structure_id': 0, 'struct_direction': 1, 'timeframe': 'M15', 'use_case': 'first_confluence', 'parent_tf': 'H1', 'parent_sid': 0, 'parent_cycle_id': 0, 'structure_path_id': 'H1.main >> M15.confluence', 'sub_sid': 0, 'started_by': 'first_confluence', 'start_trigger_idx': 1020}"
810,STATE,STATE_CHANGED,,"{'from': 'pullback_range', 'to': 'pullback', 'structure_id': 0, 'struct_direction': 1, 'reason': 'replay_expand_pullback_side', 'effective_idx': 406, 'timeframe': 'M15', 'use_case': 'first_confluence', 'parent_tf': 'H1', 'parent_sid': 0, 'parent_cycle_id': 0, 'structure_path_id': 'H1.main >> M15.confluence', 'sub_sid': 0, 'started_by': 'first_confluence', 'start_trigger_idx': 1020}"
811,STATE,STATE_CHANGED,,"{'from': 'pullback', 'to': 'pullback_range', 'structure_id': 0, 'struct_direction': 1, 'reason': 'replay_no_expand_pullback_side', 'effective_idx': 407, 'timeframe': 'M15', 'use_case': 'first_confluence', 'parent_tf': 'H1', 'parent_sid': 0, 'parent_cycle_id': 0, 'structure_path_id': 'H1.main >> M15.confluence', 'sub_sid': 0, 'started_by': 'first_confluence', 'start_trigger_idx': 1020}"
812,RANGE,RANGE_UPDATED,,"{'hi': 0.5732, 'lo': 0.57119, 'structure_id': 0, 'struct_direction': 1, 'timeframe': 'M15', 'use_case': 'first_confluence', 'parent_tf': 'H1', 'parent_sid': 0, 'parent_cycle_id': 0, 'structure_path_id': 'H1.main >> M15.confluence', 'sub_sid': 0, 'started_by': 'first_confluence', 'start_trigger_idx': 1020}"
812,STATE,STATE_CHANGED,,"{'from': 'pullback_range', 'to': 'pullback', 'structure_id': 0, 'struct_direction': 1, 'reason': 'replay_expand_pullback_side', 'effective_idx': 408, 'timeframe': 'M15', 'use_case': 'first_confluence', 'parent_tf': 'H1', 'parent_sid': 0, 'parent_cycle_id': 0, 'structure_path_id': 'H1.main >> M15.confluence', 'sub_sid': 0, 'started_by': 'first_confluence', 'start_trigger_idx': 1020}"
813,STATE,STATE_CHANGED,,"{'from': 'pullback', 'to': 'pullback_range', 'structure_id': 0, 'struct_direction': 1, 'reason': 'replay_no_expand_pullback_side', 'effective_idx': 409, 'timeframe': 'M15', 'use_case': 'first_confluence', 'parent_tf': 'H1', 'parent_sid': 0, 'parent_cycle_id': 0, 'structure_path_id': 'H1.main >> M15.confluence', 'sub_sid': 0, 'started_by': 'first_confluence', 'start_trigger_idx': 1020}"
818,RANGE,RANGE_UPDATED,,"{'hi': 0.5732, 'lo': 0.57102, 'structure_id': 0, 'struct_direction': 1, 'timeframe': 'M15', 'use_case': 'first_confluence', 'parent_tf': 'H1', 'parent_sid': 0, 'parent_cycle_id': 0, 'structure_path_id': 'H1.main >> M15.confluence', 'sub_sid': 0, 'started_by': 'first_confluence', 'start_trigger_idx': 1020}"
818,STATE,STATE_CHANGED,,"{'from': 'pullback_range', 'to': 'pullback', 'structure_id': 0, 'struct_direction': 1, 'reason': 'replay_expand_pullback_side', 'effective_idx': 414, 'timeframe': 'M15', 'use_case': 'first_confluence', 'parent_tf': 'H1', 'parent_sid': 0, 'parent_cycle_id': 0, 'structure_path_id': 'H1.main >> M15.confluence', 'sub_sid': 0, 'started_by': 'first_confluence', 'start_trigger_idx': 1020}"
819,RANGE,RANGE_UPDATED,,"{'hi': 0.5732, 'lo': 0.57092, 'structure_id': 0, 'struct_direction': 1, 'timeframe': 'M15', 'use_case': 'first_confluence', 'parent_tf': 'H1', 'parent_sid': 0, 'parent_cycle_id': 0, 'structure_path_id': 'H1.main >> M15.confluence', 'sub_sid': 0, 'started_by': 'first_confluence', 'start_trigger_idx': 1020}"
820,RANGE,RANGE_UPDATED,,"{'hi': 0.5732, 'lo': 0.57088, 'structure_id': 0, 'struct_direction': 1, 'timeframe': 'M15', 'use_case': 'first_confluence', 'parent_tf': 'H1', 'parent_sid': 0, 'parent_cycle_id': 0, 'structure_path_id': 'H1.main >> M15.confluence', 'sub_sid': 0, 'started_by': 'first_confluence', 'start_trigger_idx': 1020}"
821,STATE,STATE_CHANGED,,"{'from': 'pullback', 'to': 'pullback_range', 'structure_id': 0, 'struct_direction': 1, 'reason': 'replay_no_expand_pullback_side', 'effective_idx': 417, 'timeframe': 'M15', 'use_case': 'first_confluence', 'parent_tf': 'H1', 'parent_sid': 0, 'parent_cycle_id': 0, 'structure_path_id': 'H1.main >> M15.confluence', 'sub_sid': 0, 'started_by': 'first_confluence', 'start_trigger_idx': 1020}"
907,RANGE,RANGE_UPDATED,,"{'hi': 0.5732, 'lo': 0.57087, 'structure_id': 0, 'struct_direction': 1, 'timeframe': 'M15', 'use_case': 'first_confluence', 'parent_tf': 'H1', 'parent_sid': 0, 'parent_cycle_id': 0, 'structure_path_id': 'H1.main >> M15.confluence', 'sub_sid': 0, 'started_by': 'first_confluence', 'start_trigger_idx': 1020}"
907,STATE,STATE_CHANGED,,"{'from': 'pullback_range', 'to': 'pullback', 'structure_id': 0, 'struct_direction': 1, 'reason': 'replay_expand_pullback_side', 'effective_idx': 503, 'timeframe': 'M15', 'use_case': 'first_confluence', 'parent_tf': 'H1', 'parent_sid': 0, 'parent_cycle_id': 0, 'structure_path_id': 'H1.main >> M15.confluence', 'sub_sid': 0, 'started_by': 'first_confluence', 'start_trigger_idx': 1020}"
908,RANGE,RANGE_UPDATED,,"{'hi': 0.5732, 'lo': 0.57071, 'structure_id': 0, 'struct_direction': 1, 'timeframe': 'M15', 'use_case': 'first_confluence', 'parent_tf': 'H1', 'parent_sid': 0, 'parent_cycle_id': 0, 'structure_path_id': 'H1.main >> M15.confluence', 'sub_sid': 0, 'started_by': 'first_confluence', 'start_trigger_idx': 1020}"
909,STATE,STATE_CHANGED,,"{'from': 'pullback', 'to': 'pullback_range', 'structure_id': 0, 'struct_direction': 1, 'reason': 'replay_no_expand_pullback_side', 'effective_idx': 505, 'timeframe': 'M15', 'use_case': 'first_confluence', 'parent_tf': 'H1', 'parent_sid': 0, 'parent_cycle_id': 0, 'structure_path_id': 'H1.main >> M15.confluence', 'sub_sid': 0, 'started_by': 'first_confluence', 'start_trigger_idx': 1020}"
913,RANGE,RANGE_UPDATED,,"{'hi': 0.5732, 'lo': 0.57067, 'structure_id': 0, 'struct_direction': 1, 'timeframe': 'M15', 'use_case': 'first_confluence', 'parent_tf': 'H1', 'parent_sid': 0, 'parent_cycle_id': 0, 'structure_path_id': 'H1.main >> M15.confluence', 'sub_sid': 0, 'started_by': 'first_confluence', 'start_trigger_idx': 1020}"
913,STATE,STATE_CHANGED,,"{'from': 'pullback_range', 'to': 'pullback', 'structure_id': 0, 'struct_direction': 1, 'reason': 'replay_expand_pullback_side', 'effective_idx': 509, 'timeframe': 'M15', 'use_case': 'first_confluence', 'parent_tf': 'H1', 'parent_sid': 0, 'parent_cycle_id': 0, 'structure_path_id': 'H1.main >> M15.confluence', 'sub_sid': 0, 'started_by': 'first_confluence', 'start_trigger_idx': 1020}"
914,RANGE,RANGE_UPDATED,,"{'hi': 0.5732, 'lo': 0.5705, 'structure_id': 0, 'struct_direction': 1, 'timeframe': 'M15', 'use_case': 'first_confluence', 'parent_tf': 'H1', 'parent_sid': 0, 'parent_cycle_id': 0, 'structure_path_id': 'H1.main >> M15.confluence', 'sub_sid': 0, 'started_by': 'first_confluence', 'start_trigger_idx': 1020}"
915,STATE,STATE_CHANGED,,"{'from': 'pullback', 'to': 'pullback_range', 'structure_id': 0, 'struct_direction': 1, 'reason': 'replay_no_expand_pullback_side', 'effective_idx': 511, 'timeframe': 'M15', 'use_case': 'first_confluence', 'parent_tf': 'H1', 'parent_sid': 0, 'parent_cycle_id': 0, 'structure_path_id': 'H1.main >> M15.confluence', 'sub_sid': 0, 'started_by': 'first_confluence', 'start_trigger_idx': 1020}"
916,RANGE,RANGE_UPDATED,,"{'hi': 0.5732, 'lo': 0.5704, 'structure_id': 0, 'struct_direction': 1, 'timeframe': 'M15', 'use_case': 'first_confluence', 'parent_tf': 'H1', 'parent_sid': 0, 'parent_cycle_id': 0, 'structure_path_id': 'H1.main >> M15.confluence', 'sub_sid': 0, 'started_by': 'first_confluence', 'start_trigger_idx': 1020}"
916,STATE,STATE_CHANGED,,"{'from': 'pullback_range', 'to': 'pullback', 'structure_id': 0, 'struct_direction': 1, 'reason': 'replay_expand_pullback_side', 'effective_idx': 512, 'timeframe': 'M15', 'use_case': 'first_confluence', 'parent_tf': 'H1', 'parent_sid': 0, 'parent_cycle_id': 0, 'structure_path_id': 'H1.main >> M15.confluence', 'sub_sid': 0, 'started_by': 'first_confluence', 'start_trigger_idx': 1020}"
917,RANGE,RANGE_UPDATED,,"{'hi': 0.5732, 'lo': 0.57038, 'structure_id': 0, 'struct_direction': 1, 'timeframe': 'M15', 'use_case': 'first_confluence', 'parent_tf': 'H1', 'parent_sid': 0, 'parent_cycle_id': 0, 'structure_path_id': 'H1.main >> M15.confluence', 'sub_sid': 0, 'started_by': 'first_confluence', 'start_trigger_idx': 1020}"
918,STATE,STATE_CHANGED,,"{'from': 'pullback', 'to': 'pullback_range', 'structure_id': 0, 'struct_direction': 1, 'reason': 'replay_no_expand_pullback_side', 'effective_idx': 514, 'timeframe': 'M15', 'use_case': 'first_confluence', 'parent_tf': 'H1', 'parent_sid': 0, 'parent_cycle_id': 0, 'structure_path_id': 'H1.main >> M15.confluence', 'sub_sid': 0, 'started_by': 'first_confluence', 'start_trigger_idx': 1020}"
934,RANGE,RANGE_UPDATED,,"{'hi': 0.57336, 'lo': 0.57038, 'structure_id': 0, 'struct_direction': 1, 'timeframe': 'M15', 'use_case': 'first_confluence', 'parent_tf': 'H1', 'parent_sid': 0, 'parent_cycle_id': 0, 'structure_path_id': 'H1.main >> M15.confluence', 'sub_sid': 0, 'started_by': 'first_confluence', 'start_trigger_idx': 1020}"
934,STRUCTURE,CTS_THRESHOLD_UPDATED,0.57336,"{'prev': 0.5732, 'reason': 'range_sync', 'cycle_id': 0, 'structure_id': 0, 'struct_direction': 1, 'timeframe': 'M15', 'use_case': 'first_confluence', 'parent_tf': 'H1', 'parent_sid': 0, 'parent_cycle_id': 0, 'structure_path_id': 'H1.main >> M15.confluence', 'sub_sid': 0, 'started_by': 'first_confluence', 'start_trigger_idx': 1020}"
935,RANGE,RANGE_UPDATED,,"{'hi': 0.57438, 'lo': 0.57038, 'structure_id': 0, 'struct_direction': 1, 'timeframe': 'M15', 'use_case': 'first_confluence', 'parent_tf': 'H1', 'parent_sid': 0, 'parent_cycle_id': 0, 'structure_path_id': 'H1.main >> M15.confluence', 'sub_sid': 0, 'started_by': 'first_confluence', 'start_trigger_idx': 1020}"
935,STRUCTURE,CTS_THRESHOLD_UPDATED,0.57438,"{'prev': 0.57336, 'reason': 'range_sync', 'cycle_id': 0, 'structure_id': 0, 'struct_direction': 1, 'timeframe': 'M15', 'use_case': 'first_confluence', 'parent_tf': 'H1', 'parent_sid': 0, 'parent_cycle_id': 0, 'structure_path_id': 'H1.main >> M15.confluence', 'sub_sid': 0, 'started_by': 'first_confluence', 'start_trigger_idx': 1020}"
973,RANGE,RANGE_UPDATED,,"{'hi': 0.57444, 'lo': 0.57038, 'structure_id': 0, 'struct_direction': 1, 'timeframe': 'M15', 'use_case': 'first_confluence', 'parent_tf': 'H1', 'parent_sid': 0, 'parent_cycle_id': 0, 'structure_path_id': 'H1.main >> M15.confluence', 'sub_sid': 0, 'started_by': 'first_confluence', 'start_trigger_idx': 1020}"
973,STRUCTURE,CTS_THRESHOLD_UPDATED,0.57444,"{'prev': 0.57438, 'reason': 'range_sync', 'cycle_id': 0, 'structure_id': 0, 'struct_direction': 1, 'timeframe': 'M15', 'use_case': 'first_confluence', 'parent_tf': 'H1', 'parent_sid': 0, 'parent_cycle_id': 0, 'structure_path_id': 'H1.main >> M15.confluence', 'sub_sid': 0, 'started_by': 'first_confluence', 'start_trigger_idx': 1020}"
1020,RANGE,RANGE_RESET,,"{'reason': 'range_breakout', 'pat': 'one_maru_opposite', 'structure_id': 0, 'struct_direction': 1, 'timeframe': 'M15', 'use_case': 'first_confluence', 'parent_tf': 'H1', 'parent_sid': 0, 'parent_cycle_id': 0, 'structure_path_id': 'H1.main >> M15.confluence', 'sub_sid': 0, 'started_by': 'first_confluence', 'start_trigger_idx': 1020}"
1020,STRUCTURE,CTS_ESTABLISHED,0.5752,"{'via': 'one_maru_opposite', 'anchor_idx': 1019, 'pattern_name': 'one_maru_opposite', 'confirmed_at': 1020, 'cycle_id': 1, 'structure_id': 0, 'struct_direction': 1, 'timeframe': 'M15', 'use_case': 'first_confluence', 'parent_tf': 'H1', 'parent_sid': 0, 'parent_cycle_id': 0, 'structure_path_id': 'H1.main >> M15.confluence', 'sub_sid': 0, 'started_by': 'first_confluence', 'start_trigger_idx': 1020}"
917,STRUCTURE,BOS_CONFIRMED,0.57038,"{'source': 'pullback_extreme', 'confirmed_at': 1020, 'pb_start': 398, 'cycle_id': 1, 'structure_id': 0, 'struct_direction': 1, 'timeframe': 'M15', 'use_case': 'first_confluence', 'parent_tf': 'H1', 'parent_sid': 0, 'parent_cycle_id': 0, 'structure_path_id': 'H1.main >> M15.confluence', 'sub_sid': 0, 'started_by': 'first_confluence', 'start_trigger_idx': 1020}"
1020,STATE,STATE_CHANGED,,"{'from': 'pullback_range', 'to': 'breakout', 'structure_id': 0, 'struct_direction': 1, 'reason': 'breakout_pattern', 'pat': 'one_maru_opposite', 'effective_idx': 616, 'timeframe': 'M15', 'use_case': 'first_confluence', 'parent_tf': 'H1', 'parent_sid': 0, 'parent_cycle_id': 0, 'structure_path_id': 'H1.main >> M15.confluence', 'sub_sid': 0, 'started_by': 'first_confluence', 'start_trigger_idx': 1020}"
1022,RANGE,RANGE_STARTED,,"{'start_idx': 616, 'confirm_idx': 618, 'hi': 0.5752, 'lo': 0.57468, 'cts_idx': 616, 'cts_price': 0.5752, 'structure_id': 0, 'struct_direction': 1, 'timeframe': 'M15', 'use_case': 'first_confluence', 'parent_tf': 'H1', 'parent_sid': 0, 'parent_cycle_id': 0, 'structure_path_id': 'H1.main >> M15.confluence', 'sub_sid': 0, 'started_by': 'first_confluence', 'start_trigger_idx': 1020}"
1022,STATE,STATE_CHANGED,,"{'from': 'breakout', 'to': 'range', 'structure_id': 0, 'struct_direction': 1, 'reason': 'range_confirmed', 'effective_idx': 616, 'timeframe': 'M15', 'use_case': 'first_confluence', 'parent_tf': 'H1', 'parent_sid': 0, 'parent_cycle_id': 0, 'structure_path_id': 'H1.main >> M15.confluence', 'sub_sid': 0, 'started_by': 'first_confluence', 'start_trigger_idx': 1020}"
1021,RANGE,RANGE_UPDATED,,"{'hi': 0.5752, 'lo': 0.57429, 'structure_id': 0, 'struct_direction': 1, 'timeframe': 'M15', 'use_case': 'first_confluence', 'parent_tf': 'H1', 'parent_sid': 0, 'parent_cycle_id': 0, 'structure_path_id': 'H1.main >> M15.confluence', 'sub_sid': 0, 'started_by': 'first_confluence', 'start_trigger_idx': 1020}"
1022,RANGE,RANGE_UPDATED,,"{'hi': 0.5752, 'lo': 0.57426, 'structure_id': 0, 'struct_direction': 1, 'timeframe': 'M15', 'use_case': 'first_confluence', 'parent_tf': 'H1', 'parent_sid': 0, 'parent_cycle_id': 0, 'structure_path_id': 'H1.main >> M15.confluence', 'sub_sid': 0, 'started_by': 'first_confluence', 'start_trigger_idx': 1020}"
1025,RANGE,RANGE_UPDATED,,"{'reason': 'pullback_expand', 'hi': 0.5752, 'lo': 0.57375, 'pat': 'one_maru_continuous', 'structure_id': 0, 'struct_direction': 1, 'timeframe': 'M15', 'use_case': 'first_confluence', 'parent_tf': 'H1', 'parent_sid': 0, 'parent_cycle_id': 0, 'structure_path_id': 'H1.main >> M15.confluence', 'sub_sid': 0, 'started_by': 'first_confluence', 'start_trigger_idx': 1020}"
1025,STRUCTURE,CTS_CONFIRMED,0.5752,"{'via': 'one_maru_continuous', 'cycle_id': 1, 'structure_id': 0, 'struct_direction': 1, 'confirmed_at': 1025, 'cts_anchor_idx': 1020, 'confirmation_method': 'pullback', 'timeframe': 'M15', 'use_case': 'first_confluence', 'parent_tf': 'H1', 'parent_sid': 0, 'parent_cycle_id': 0, 'structure_path_id': 'H1.main >> M15.confluence', 'sub_sid': 0, 'started_by': 'first_confluence', 'start_trigger_idx': 1020}"
1025,STATE,STATE_CHANGED,,"{'from': 'range', 'to': 'pullback', 'structure_id': 0, 'struct_direction': 1, 'reason': 'pullback_pattern', 'pat': 'one_maru_continuous', 'effective_idx': 621, 'timeframe': 'M15', 'use_case': 'first_confluence', 'parent_tf': 'H1', 'parent_sid': 0, 'parent_cycle_id': 0, 'structure_path_id': 'H1.main >> M15.confluence', 'sub_sid': 0, 'started_by': 'first_confluence', 'start_trigger_idx': 1020}"
1026,RANGE,RANGE_UPDATED,,"{'hi': 0.5752, 'lo': 0.57363, 'structure_id': 0, 'struct_direction': 1, 'timeframe': 'M15', 'use_case': 'first_confluence', 'parent_tf': 'H1', 'parent_sid': 0, 'parent_cycle_id': 0, 'structure_path_id': 'H1.main >> M15.confluence', 'sub_sid': 0, 'started_by': 'first_confluence', 'start_trigger_idx': 1020}"
1027,RANGE,RANGE_UPDATED,,"{'hi': 0.5752, 'lo': 0.57358, 'structure_id': 0, 'struct_direction': 1, 'timeframe': 'M15', 'use_case': 'first_confluence', 'parent_tf': 'H1', 'parent_sid': 0, 'parent_cycle_id': 0, 'structure_path_id': 'H1.main >> M15.confluence', 'sub_sid': 0, 'started_by': 'first_confluence', 'start_trigger_idx': 1020}"
1028,STATE,STATE_CHANGED,,"{'from': 'pullback', 'to': 'pullback_range', 'structure_id': 0, 'struct_direction': 1, 'reason': 'replay_no_expand_pullback_side', 'effective_idx': 624, 'timeframe': 'M15', 'use_case': 'first_confluence', 'parent_tf': 'H1', 'parent_sid': 0, 'parent_cycle_id': 0, 'structure_path_id': 'H1.main >> M15.confluence', 'sub_sid': 0, 'started_by': 'first_confluence', 'start_trigger_idx': 1020}"
1030,RANGE,RANGE_UPDATED,,"{'hi': 0.5752, 'lo': 0.57336, 'structure_id': 0, 'struct_direction': 1, 'timeframe': 'M15', 'use_case': 'first_confluence', 'parent_tf': 'H1', 'parent_sid': 0, 'parent_cycle_id': 0, 'structure_path_id': 'H1.main >> M15.confluence', 'sub_sid': 0, 'started_by': 'first_confluence', 'start_trigger_idx': 1020}"
1030,STATE,STATE_CHANGED,,"{'from': 'pullback_range', 'to': 'pullback', 'structure_id': 0, 'struct_direction': 1, 'reason': 'replay_expand_pullback_side', 'effective_idx': 626, 'timeframe': 'M15', 'use_case': 'first_confluence', 'parent_tf': 'H1', 'parent_sid': 0, 'parent_cycle_id': 0, 'structure_path_id': 'H1.main >> M15.confluence', 'sub_sid': 0, 'started_by': 'first_confluence', 'start_trigger_idx': 1020}"
1031,STATE,STATE_CHANGED,,"{'from': 'pullback', 'to': 'pullback_range', 'structure_id': 0, 'struct_direction': 1, 'reason': 'replay_no_expand_pullback_side', 'effective_idx': 627, 'timeframe': 'M15', 'use_case': 'first_confluence', 'parent_tf': 'H1', 'parent_sid': 0, 'parent_cycle_id': 0, 'structure_path_id': 'H1.main >> M15.confluence', 'sub_sid': 0, 'started_by': 'first_confluence', 'start_trigger_idx': 1020}"
1041,RANGE,RANGE_UPDATED,,"{'hi': 0.5752, 'lo': 0.57312, 'structure_id': 0, 'struct_direction': 1, 'timeframe': 'M15', 'use_case': 'first_confluence', 'parent_tf': 'H1', 'parent_sid': 0, 'parent_cycle_id': 0, 'structure_path_id': 'H1.main >> M15.confluence', 'sub_sid': 0, 'started_by': 'first_confluence', 'start_trigger_idx': 1020}"
1041,STATE,STATE_CHANGED,,"{'from': 'pullback_range', 'to': 'pullback', 'structure_id': 0, 'struct_direction': 1, 'reason': 'replay_expand_pullback_side', 'effective_idx': 637, 'timeframe': 'M15', 'use_case': 'first_confluence', 'parent_tf': 'H1', 'parent_sid': 0, 'parent_cycle_id': 0, 'structure_path_id': 'H1.main >> M15.confluence', 'sub_sid': 0, 'started_by': 'first_confluence', 'start_trigger_idx': 1020}"
1042,RANGE,RANGE_UPDATED,,"{'hi': 0.5752, 'lo': 0.57303, 'structure_id': 0, 'struct_direction': 1, 'timeframe': 'M15', 'use_case': 'first_confluence', 'parent_tf': 'H1', 'parent_sid': 0, 'parent_cycle_id': 0, 'structure_path_id': 'H1.main >> M15.confluence', 'sub_sid': 0, 'started_by': 'first_confluence', 'start_trigger_idx': 1020}"
1043,RANGE,RANGE_UPDATED,,"{'hi': 0.5752, 'lo': 0.57302, 'structure_id': 0, 'struct_direction': 1, 'timeframe': 'M15', 'use_case': 'first_confluence', 'parent_tf': 'H1', 'parent_sid': 0, 'parent_cycle_id': 0, 'structure_path_id': 'H1.main >> M15.confluence', 'sub_sid': 0, 'started_by': 'first_confluence', 'start_trigger_idx': 1020}"
1044,RANGE,RANGE_UPDATED,,"{'hi': 0.5752, 'lo': 0.57282, 'structure_id': 0, 'struct_direction': 1, 'timeframe': 'M15', 'use_case': 'first_confluence', 'parent_tf': 'H1', 'parent_sid': 0, 'parent_cycle_id': 0, 'structure_path_id': 'H1.main >> M15.confluence', 'sub_sid': 0, 'started_by': 'first_confluence', 'start_trigger_idx': 1020}"
1045,RANGE,RANGE_UPDATED,,"{'hi': 0.5752, 'lo': 0.57264, 'structure_id': 0, 'struct_direction': 1, 'timeframe': 'M15', 'use_case': 'first_confluence', 'parent_tf': 'H1', 'parent_sid': 0, 'parent_cycle_id': 0, 'structure_path_id': 'H1.main >> M15.confluence', 'sub_sid': 0, 'started_by': 'first_confluence', 'start_trigger_idx': 1020}"
1046,RANGE,RANGE_UPDATED,,"{'hi': 0.5752, 'lo': 0.57251, 'structure_id': 0, 'struct_direction': 1, 'timeframe': 'M15', 'use_case': 'first_confluence', 'parent_tf': 'H1', 'parent_sid': 0, 'parent_cycle_id': 0, 'structure_path_id': 'H1.main >> M15.confluence', 'sub_sid': 0, 'started_by': 'first_confluence', 'start_trigger_idx': 1020}"
1047,STATE,STATE_CHANGED,,"{'from': 'pullback', 'to': 'pullback_range', 'structure_id': 0, 'struct_direction': 1, 'reason': 'replay_no_expand_pullback_side', 'effective_idx': 643, 'timeframe': 'M15', 'use_case': 'first_confluence', 'parent_tf': 'H1', 'parent_sid': 0, 'parent_cycle_id': 0, 'structure_path_id': 'H1.main >> M15.confluence', 'sub_sid': 0, 'started_by': 'first_confluence', 'start_trigger_idx': 1020}"
1049,RANGE,RANGE_UPDATED,,"{'hi': 0.5752, 'lo': 0.5725, 'structure_id': 0, 'struct_direction': 1, 'timeframe': 'M15', 'use_case': 'first_confluence', 'parent_tf': 'H1', 'parent_sid': 0, 'parent_cycle_id': 0, 'structure_path_id': 'H1.main >> M15.confluence', 'sub_sid': 0, 'started_by': 'first_confluence', 'start_trigger_idx': 1020}"
1049,STATE,STATE_CHANGED,,"{'from': 'pullback_range', 'to': 'pullback', 'structure_id': 0, 'struct_direction': 1, 'reason': 'replay_expand_pullback_side', 'effective_idx': 645, 'timeframe': 'M15', 'use_case': 'first_confluence', 'parent_tf': 'H1', 'parent_sid': 0, 'parent_cycle_id': 0, 'structure_path_id': 'H1.main >> M15.confluence', 'sub_sid': 0, 'started_by': 'first_confluence', 'start_trigger_idx': 1020}"
1050,RANGE,RANGE_UPDATED,,"{'hi': 0.5752, 'lo': 0.57246, 'structure_id': 0, 'struct_direction': 1, 'timeframe': 'M15', 'use_case': 'first_confluence', 'parent_tf': 'H1', 'parent_sid': 0, 'parent_cycle_id': 0, 'structure_path_id': 'H1.main >> M15.confluence', 'sub_sid': 0, 'started_by': 'first_confluence', 'start_trigger_idx': 1020}"
1051,STATE,STATE_CHANGED,,"{'from': 'pullback', 'to': 'pullback_range', 'structure_id': 0, 'struct_direction': 1, 'reason': 'replay_no_expand_pullback_side', 'effective_idx': 647, 'timeframe': 'M15', 'use_case': 'first_confluence', 'parent_tf': 'H1', 'parent_sid': 0, 'parent_cycle_id': 0, 'structure_path_id': 'H1.main >> M15.confluence', 'sub_sid': 0, 'started_by': 'first_confluence', 'start_trigger_idx': 1020}"
1056,RANGE,RANGE_UPDATED,,"{'hi': 0.5752, 'lo': 0.57237, 'structure_id': 0, 'struct_direction': 1, 'timeframe': 'M15', 'use_case': 'first_confluence', 'parent_tf': 'H1', 'parent_sid': 0, 'parent_cycle_id': 0, 'structure_path_id': 'H1.main >> M15.confluence', 'sub_sid': 0, 'started_by': 'first_confluence', 'start_trigger_idx': 1020}"
1056,STATE,STATE_CHANGED,,"{'from': 'pullback_range', 'to': 'pullback', 'structure_id': 0, 'struct_direction': 1, 'reason': 'replay_expand_pullback_side', 'effective_idx': 652, 'timeframe': 'M15', 'use_case': 'first_confluence', 'parent_tf': 'H1', 'parent_sid': 0, 'parent_cycle_id': 0, 'structure_path_id': 'H1.main >> M15.confluence', 'sub_sid': 0, 'started_by': 'first_confluence', 'start_trigger_idx': 1020}"
1057,STATE,STATE_CHANGED,,"{'from': 'pullback', 'to': 'pullback_range', 'structure_id': 0, 'struct_direction': 1, 'reason': 'replay_no_expand_pullback_side', 'effective_idx': 653, 'timeframe': 'M15', 'use_case': 'first_confluence', 'parent_tf': 'H1', 'parent_sid': 0, 'parent_cycle_id': 0, 'structure_path_id': 'H1.main >> M15.confluence', 'sub_sid': 0, 'started_by': 'first_confluence', 'start_trigger_idx': 1020}"
1065,RANGE,RANGE_UPDATED,,"{'hi': 0.5752, 'lo': 0.57232, 'structure_id': 0, 'struct_direction': 1, 'timeframe': 'M15', 'use_case': 'first_confluence', 'parent_tf': 'H1', 'parent_sid': 0, 'parent_cycle_id': 0, 'structure_path_id': 'H1.main >> M15.confluence', 'sub_sid': 0, 'started_by': 'first_confluence', 'start_trigger_idx': 1020}"
1065,STATE,STATE_CHANGED,,"{'from': 'pullback_range', 'to': 'pullback', 'structure_id': 0, 'struct_direction': 1, 'reason': 'replay_expand_pullback_side', 'effective_idx': 661, 'timeframe': 'M15', 'use_case': 'first_confluence', 'parent_tf': 'H1', 'parent_sid': 0, 'parent_cycle_id': 0, 'structure_path_id': 'H1.main >> M15.confluence', 'sub_sid': 0, 'started_by': 'first_confluence', 'start_trigger_idx': 1020}"
1066,RANGE,RANGE_UPDATED,,"{'hi': 0.5752, 'lo': 0.57216, 'structure_id': 0, 'struct_direction': 1, 'timeframe': 'M15', 'use_case': 'first_confluence', 'parent_tf': 'H1', 'parent_sid': 0, 'parent_cycle_id': 0, 'structure_path_id': 'H1.main >> M15.confluence', 'sub_sid': 0, 'started_by': 'first_confluence', 'start_trigger_idx': 1020}"
1067,RANGE,RANGE_UPDATED,,"{'hi': 0.5752, 'lo': 0.5721, 'structure_id': 0, 'struct_direction': 1, 'timeframe': 'M15', 'use_case': 'first_confluence', 'parent_tf': 'H1', 'parent_sid': 0, 'parent_cycle_id': 0, 'structure_path_id': 'H1.main >> M15.confluence', 'sub_sid': 0, 'started_by': 'first_confluence', 'start_trigger_idx': 1020}"
1068,RANGE,RANGE_UPDATED,,"{'hi': 0.5752, 'lo': 0.57186, 'structure_id': 0, 'struct_direction': 1, 'timeframe': 'M15', 'use_case': 'first_confluence', 'parent_tf': 'H1', 'parent_sid': 0, 'parent_cycle_id': 0, 'structure_path_id': 'H1.main >> M15.confluence', 'sub_sid': 0, 'started_by': 'first_confluence', 'start_trigger_idx': 1020}"
1069,STATE,STATE_CHANGED,,"{'from': 'pullback', 'to': 'pullback_range', 'structure_id': 0, 'struct_direction': 1, 'reason': 'replay_no_expand_pullback_side', 'effective_idx': 665, 'timeframe': 'M15', 'use_case': 'first_confluence', 'parent_tf': 'H1', 'parent_sid': 0, 'parent_cycle_id': 0, 'structure_path_id': 'H1.main >> M15.confluence', 'sub_sid': 0, 'started_by': 'first_confluence', 'start_trigger_idx': 1020}"
1101,RANGE,RANGE_UPDATED,,"{'hi': 0.5752, 'lo': 0.57179, 'structure_id': 0, 'struct_direction': 1, 'timeframe': 'M15', 'use_case': 'first_confluence', 'parent_tf': 'H1', 'parent_sid': 0, 'parent_cycle_id': 0, 'structure_path_id': 'H1.main >> M15.confluence', 'sub_sid': 0, 'started_by': 'first_confluence', 'start_trigger_idx': 1020}"
1101,STATE,STATE_CHANGED,,"{'from': 'pullback_range', 'to': 'pullback', 'structure_id': 0, 'struct_direction': 1, 'reason': 'replay_expand_pullback_side', 'effective_idx': 697, 'timeframe': 'M15', 'use_case': 'first_confluence', 'parent_tf': 'H1', 'parent_sid': 0, 'parent_cycle_id': 0, 'structure_path_id': 'H1.main >> M15.confluence', 'sub_sid': 0, 'started_by': 'first_confluence', 'start_trigger_idx': 1020}"
1102,RANGE,RANGE_UPDATED,,"{'hi': 0.5752, 'lo': 0.57162, 'structure_id': 0, 'struct_direction': 1, 'timeframe': 'M15', 'use_case': 'first_confluence', 'parent_tf': 'H1', 'parent_sid': 0, 'parent_cycle_id': 0, 'structure_path_id': 'H1.main >> M15.confluence', 'sub_sid': 0, 'started_by': 'first_confluence', 'start_trigger_idx': 1020}"
1103,RANGE,RANGE_UPDATED,,"{'hi': 0.5752, 'lo': 0.57154, 'structure_id': 0, 'struct_direction': 1, 'timeframe': 'M15', 'use_case': 'first_confluence', 'parent_tf': 'H1', 'parent_sid': 0, 'parent_cycle_id': 0, 'structure_path_id': 'H1.main >> M15.confluence', 'sub_sid': 0, 'started_by': 'first_confluence', 'start_trigger_idx': 1020}"
1104,STATE,STATE_CHANGED,,"{'from': 'pullback', 'to': 'pullback_range', 'structure_id': 0, 'struct_direction': 1, 'reason': 'replay_no_expand_pullback_side', 'effective_idx': 700, 'timeframe': 'M15', 'use_case': 'first_confluence', 'parent_tf': 'H1', 'parent_sid': 0, 'parent_cycle_id': 0, 'structure_path_id': 'H1.main >> M15.confluence', 'sub_sid': 0, 'started_by': 'first_confluence', 'start_trigger_idx': 1020}"
1105,RANGE,RANGE_UPDATED,,"{'hi': 0.5752, 'lo': 0.57119, 'structure_id': 0, 'struct_direction': 1, 'timeframe': 'M15', 'use_case': 'first_confluence', 'parent_tf': 'H1', 'parent_sid': 0, 'parent_cycle_id': 0, 'structure_path_id': 'H1.main >> M15.confluence', 'sub_sid': 0, 'started_by': 'first_confluence', 'start_trigger_idx': 1020}"
1105,STATE,STATE_CHANGED,,"{'from': 'pullback_range', 'to': 'pullback', 'structure_id': 0, 'struct_direction': 1, 'reason': 'replay_expand_pullback_side', 'effective_idx': 701, 'timeframe': 'M15', 'use_case': 'first_confluence', 'parent_tf': 'H1', 'parent_sid': 0, 'parent_cycle_id': 0, 'structure_path_id': 'H1.main >> M15.confluence', 'sub_sid': 0, 'started_by': 'first_confluence', 'start_trigger_idx': 1020}"
1106,STATE,STATE_CHANGED,,"{'from': 'pullback', 'to': 'pullback_range', 'structure_id': 0, 'struct_direction': 1, 'reason': 'replay_no_expand_pullback_side', 'effective_idx': 702, 'timeframe': 'M15', 'use_case': 'first_confluence', 'parent_tf': 'H1', 'parent_sid': 0, 'parent_cycle_id': 0, 'structure_path_id': 'H1.main >> M15.confluence', 'sub_sid': 0, 'started_by': 'first_confluence', 'start_trigger_idx': 1020}"
1107,RANGE,RANGE_UPDATED,,"{'hi': 0.5752, 'lo': 0.57111, 'structure_id': 0, 'struct_direction': 1, 'timeframe': 'M15', 'use_case': 'first_confluence', 'parent_tf': 'H1', 'parent_sid': 0, 'parent_cycle_id': 0, 'structure_path_id': 'H1.main >> M15.confluence', 'sub_sid': 0, 'started_by': 'first_confluence', 'start_trigger_idx': 1020}"
1107,STATE,STATE_CHANGED,,"{'from': 'pullback_range', 'to': 'pullback', 'structure_id': 0, 'struct_direction': 1, 'reason': 'replay_expand_pullback_side', 'effective_idx': 703, 'timeframe': 'M15', 'use_case': 'first_confluence', 'parent_tf': 'H1', 'parent_sid': 0, 'parent_cycle_id': 0, 'structure_path_id': 'H1.main >> M15.confluence', 'sub_sid': 0, 'started_by': 'first_confluence', 'start_trigger_idx': 1020}"
1108,STATE,STATE_CHANGED,,"{'from': 'pullback', 'to': 'pullback_range', 'structure_id': 0, 'struct_direction': 1, 'reason': 'replay_no_expand_pullback_side', 'effective_idx': 704, 'timeframe': 'M15', 'use_case': 'first_confluence', 'parent_tf': 'H1', 'parent_sid': 0, 'parent_cycle_id': 0, 'structure_path_id': 'H1.main >> M15.confluence', 'sub_sid': 0, 'started_by': 'first_confluence', 'start_trigger_idx': 1020}"
1169,RANGE,RANGE_UPDATED,,"{'hi': 0.57525, 'lo': 0.57111, 'structure_id': 0, 'struct_direction': 1, 'timeframe': 'M15', 'use_case': 'first_confluence', 'parent_tf': 'H1', 'parent_sid': 0, 'parent_cycle_id': 0, 'structure_path_id': 'H1.main >> M15.confluence', 'sub_sid': 0, 'started_by': 'first_confluence', 'start_trigger_idx': 1020}"
1169,STRUCTURE,CTS_THRESHOLD_UPDATED,0.57525,"{'prev': 0.5752, 'reason': 'range_sync', 'cycle_id': 1, 'structure_id': 0, 'struct_direction': 1, 'timeframe': 'M15', 'use_case': 'first_confluence', 'parent_tf': 'H1', 'parent_sid': 0, 'parent_cycle_id': 0, 'structure_path_id': 'H1.main >> M15.confluence', 'sub_sid': 0, 'started_by': 'first_confluence', 'start_trigger_idx': 1020}"
1179,RANGE,RANGE_UPDATED,,"{'hi': 0.57532, 'lo': 0.57111, 'structure_id': 0, 'struct_direction': 1, 'timeframe': 'M15', 'use_case': 'first_confluence', 'parent_tf': 'H1', 'parent_sid': 0, 'parent_cycle_id': 0, 'structure_path_id': 'H1.main >> M15.confluence', 'sub_sid': 0, 'started_by': 'first_confluence', 'start_trigger_idx': 1020}"
1179,STRUCTURE,CTS_THRESHOLD_UPDATED,0.57532,"{'prev': 0.57525, 'reason': 'range_sync', 'cycle_id': 1, 'structure_id': 0, 'struct_direction': 1, 'timeframe': 'M15', 'use_case': 'first_confluence', 'parent_tf': 'H1', 'parent_sid': 0, 'parent_cycle_id': 0, 'structure_path_id': 'H1.main >> M15.confluence', 'sub_sid': 0, 'started_by': 'first_confluence', 'start_trigger_idx': 1020}"
1180,RANGE,RANGE_UPDATED,,"{'hi': 0.57547, 'lo': 0.57111, 'structure_id': 0, 'struct_direction': 1, 'timeframe': 'M15', 'use_case': 'first_confluence', 'parent_tf': 'H1', 'parent_sid': 0, 'parent_cycle_id': 0, 'structure_path_id': 'H1.main >> M15.confluence', 'sub_sid': 0, 'started_by': 'first_confluence', 'start_trigger_idx': 1020}"
1180,STRUCTURE,CTS_THRESHOLD_UPDATED,0.57547,"{'prev': 0.57532, 'reason': 'range_sync', 'cycle_id': 1, 'structure_id': 0, 'struct_direction': 1, 'timeframe': 'M15', 'use_case': 'first_confluence', 'parent_tf': 'H1', 'parent_sid': 0, 'parent_cycle_id': 0, 'structure_path_id': 'H1.main >> M15.confluence', 'sub_sid': 0, 'started_by': 'first_confluence', 'start_trigger_idx': 1020}"
1181,RANGE,RANGE_UPDATED,,"{'hi': 0.57557, 'lo': 0.57111, 'structure_id': 0, 'struct_direction': 1, 'timeframe': 'M15', 'use_case': 'first_confluence', 'parent_tf': 'H1', 'parent_sid': 0, 'parent_cycle_id': 0, 'structure_path_id': 'H1.main >> M15.confluence', 'sub_sid': 0, 'started_by': 'first_confluence', 'start_trigger_idx': 1020}"
1181,STRUCTURE,CTS_THRESHOLD_UPDATED,0.57557,"{'prev': 0.57547, 'reason': 'range_sync', 'cycle_id': 1, 'structure_id': 0, 'struct_direction': 1, 'timeframe': 'M15', 'use_case': 'first_confluence', 'parent_tf': 'H1', 'parent_sid': 0, 'parent_cycle_id': 0, 'structure_path_id': 'H1.main >> M15.confluence', 'sub_sid': 0, 'started_by': 'first_confluence', 'start_trigger_idx': 1020}"
1213,RANGE,RANGE_UPDATED,,"{'hi': 0.57572, 'lo': 0.57111, 'structure_id': 0, 'struct_direction': 1, 'timeframe': 'M15', 'use_case': 'first_confluence', 'parent_tf': 'H1', 'parent_sid': 0, 'parent_cycle_id': 0, 'structure_path_id': 'H1.main >> M15.confluence', 'sub_sid': 0, 'started_by': 'first_confluence', 'start_trigger_idx': 1020}"
1213,STRUCTURE,CTS_THRESHOLD_UPDATED,0.57572,"{'prev': 0.57557, 'reason': 'range_sync', 'cycle_id': 1, 'structure_id': 0, 'struct_direction': 1, 'timeframe': 'M15', 'use_case': 'first_confluence', 'parent_tf': 'H1', 'parent_sid': 0, 'parent_cycle_id': 0, 'structure_path_id': 'H1.main >> M15.confluence', 'sub_sid': 0, 'started_by': 'first_confluence', 'start_trigger_idx': 1020}"
1224,RANGE,RANGE_RESET,,"{'reason': 'range_breakout', 'pat': 'one_maru_opposite', 'structure_id': 0, 'struct_direction': 1, 'timeframe': 'M15', 'use_case': 'first_confluence', 'parent_tf': 'H1', 'parent_sid': 0, 'parent_cycle_id': 0, 'structure_path_id': 'H1.main >> M15.confluence', 'sub_sid': 0, 'started_by': 'first_confluence', 'start_trigger_idx': 1020}"
1223,STRUCTURE,CTS_ESTABLISHED,0.5766,"{'via': 'one_maru_opposite', 'anchor_idx': 1221, 'pattern_name': 'one_maru_opposite', 'confirmed_at': 1224, 'cycle_id': 2, 'structure_id': 0, 'struct_direction': 1, 'timeframe': 'M15', 'use_case': 'first_confluence', 'parent_tf': 'H1', 'parent_sid': 0, 'parent_cycle_id': 0, 'structure_path_id': 'H1.main >> M15.confluence', 'sub_sid': 0, 'started_by': 'first_confluence', 'start_trigger_idx': 1020}"
1107,STRUCTURE,BOS_CONFIRMED,0.57111,"{'source': 'pullback_extreme', 'confirmed_at': 1224, 'pb_start': 621, 'cycle_id': 2, 'structure_id': 0, 'struct_direction': 1, 'timeframe': 'M15', 'use_case': 'first_confluence', 'parent_tf': 'H1', 'parent_sid': 0, 'parent_cycle_id': 0, 'structure_path_id': 'H1.main >> M15.confluence', 'sub_sid': 0, 'started_by': 'first_confluence', 'start_trigger_idx': 1020}"
1224,STATE,STATE_CHANGED,,"{'from': 'pullback_range', 'to': 'breakout', 'structure_id': 0, 'struct_direction': 1, 'reason': 'breakout_pattern', 'pat': 'one_maru_opposite', 'effective_idx': 820, 'timeframe': 'M15', 'use_case': 'first_confluence', 'parent_tf': 'H1', 'parent_sid': 0, 'parent_cycle_id': 0, 'structure_path_id': 'H1.main >> M15.confluence', 'sub_sid': 0, 'started_by': 'first_confluence', 'start_trigger_idx': 1020}"
1225,STRUCTURE,CTS_UPDATED,0.57714,"{'via': 'replay_raw', 'cycle_id': 2, 'structure_id': 0, 'struct_direction': 1, 'timeframe': 'M15', 'use_case': 'first_confluence', 'parent_tf': 'H1', 'parent_sid': 0, 'parent_cycle_id': 0, 'structure_path_id': 'H1.main >> M15.confluence', 'sub_sid': 0, 'started_by': 'first_confluence', 'start_trigger_idx': 1020}"
1229,STRUCTURE,CTS_UPDATED,0.5772,"{'via': 'replay_raw', 'cycle_id': 2, 'structure_id': 0, 'struct_direction': 1, 'timeframe': 'M15', 'use_case': 'first_confluence', 'parent_tf': 'H1', 'parent_sid': 0, 'parent_cycle_id': 0, 'structure_path_id': 'H1.main >> M15.confluence', 'sub_sid': 0, 'started_by': 'first_confluence', 'start_trigger_idx': 1020}"
1230,STRUCTURE,CTS_UPDATED,0.5773,"{'via': 'one_maru_continuous', 'cycle_id': 2, 'structure_id': 0, 'struct_direction': 1, 'timeframe': 'M15', 'use_case': 'first_confluence', 'parent_tf': 'H1', 'parent_sid': 0, 'parent_cycle_id': 0, 'structure_path_id': 'H1.main >> M15.confluence', 'sub_sid': 0, 'started_by': 'first_confluence', 'start_trigger_idx': 1020}"
1232,STRUCTURE,CTS_UPDATED,0.57745,"{'via': 'replay_raw', 'cycle_id': 2, 'structure_id': 0, 'struct_direction': 1, 'timeframe': 'M15', 'use_case': 'first_confluence', 'parent_tf': 'H1', 'parent_sid': 0, 'parent_cycle_id': 0, 'structure_path_id': 'H1.main >> M15.confluence', 'sub_sid': 0, 'started_by': 'first_confluence', 'start_trigger_idx': 1020}"
1234,STRUCTURE,CTS_UPDATED,0.57749,"{'via': 'replay_raw', 'cycle_id': 2, 'structure_id': 0, 'struct_direction': 1, 'timeframe': 'M15', 'use_case': 'first_confluence', 'parent_tf': 'H1', 'parent_sid': 0, 'parent_cycle_id': 0, 'structure_path_id': 'H1.main >> M15.confluence', 'sub_sid': 0, 'started_by': 'first_confluence', 'start_trigger_idx': 1020}"
1235,RANGE,RANGE_STARTED,,"{'start_idx': 827, 'confirm_idx': 831, 'hi': 0.57749, 'lo': 0.57705, 'cts_idx': 830, 'cts_price': 0.57749, 'structure_id': 0, 'struct_direction': 1, 'timeframe': 'M15', 'use_case': 'first_confluence', 'parent_tf': 'H1', 'parent_sid': 0, 'parent_cycle_id': 0, 'structure_path_id': 'H1.main >> M15.confluence', 'sub_sid': 0, 'started_by': 'first_confluence', 'start_trigger_idx': 1020}"
1235,STATE,STATE_CHANGED,,"{'from': 'breakout', 'to': 'range', 'structure_id': 0, 'struct_direction': 1, 'reason': 'range_confirmed', 'effective_idx': 827, 'timeframe': 'M15', 'use_case': 'first_confluence', 'parent_tf': 'H1', 'parent_sid': 0, 'parent_cycle_id': 0, 'structure_path_id': 'H1.main >> M15.confluence', 'sub_sid': 0, 'started_by': 'first_confluence', 'start_trigger_idx': 1020}"
1235,RANGE,RANGE_UPDATED,,"{'hi': 0.57754, 'lo': 0.57705, 'structure_id': 0, 'struct_direction': 1, 'timeframe': 'M15', 'use_case': 'first_confluence', 'parent_tf': 'H1', 'parent_sid': 0, 'parent_cycle_id': 0, 'structure_path_id': 'H1.main >> M15.confluence', 'sub_sid': 0, 'started_by': 'first_confluence', 'start_trigger_idx': 1020}"
1235,STRUCTURE,CTS_UPDATED,0.57754,"{'via': 'replay_raw', 'cycle_id': 2, 'structure_id': 0, 'struct_direction': 1, 'timeframe': 'M15', 'use_case': 'first_confluence', 'parent_tf': 'H1', 'parent_sid': 0, 'parent_cycle_id': 0, 'structure_path_id': 'H1.main >> M15.confluence', 'sub_sid': 0, 'started_by': 'first_confluence', 'start_trigger_idx': 1020}"
1237,RANGE,RANGE_UPDATED,,"{'hi': 0.57756, 'lo': 0.57705, 'structure_id': 0, 'struct_direction': 1, 'timeframe': 'M15', 'use_case': 'first_confluence', 'parent_tf': 'H1', 'parent_sid': 0, 'parent_cycle_id': 0, 'structure_path_id': 'H1.main >> M15.confluence', 'sub_sid': 0, 'started_by': 'first_confluence', 'start_trigger_idx': 1020}"
1237,STRUCTURE,CTS_UPDATED,0.57756,"{'via': 'replay_raw', 'cycle_id': 2, 'structure_id': 0, 'struct_direction': 1, 'timeframe': 'M15', 'use_case': 'first_confluence', 'parent_tf': 'H1', 'parent_sid': 0, 'parent_cycle_id': 0, 'structure_path_id': 'H1.main >> M15.confluence', 'sub_sid': 0, 'started_by': 'first_confluence', 'start_trigger_idx': 1020}"
1239,RANGE,RANGE_UPDATED,,"{'hi': 0.57766, 'lo': 0.57705, 'structure_id': 0, 'struct_direction': 1, 'timeframe': 'M15', 'use_case': 'first_confluence', 'parent_tf': 'H1', 'parent_sid': 0, 'parent_cycle_id': 0, 'structure_path_id': 'H1.main >> M15.confluence', 'sub_sid': 0, 'started_by': 'first_confluence', 'start_trigger_idx': 1020}"
1239,STRUCTURE,CTS_UPDATED,0.57766,"{'via': 'replay_raw', 'cycle_id': 2, 'structure_id': 0, 'struct_direction': 1, 'timeframe': 'M15', 'use_case': 'first_confluence', 'parent_tf': 'H1', 'parent_sid': 0, 'parent_cycle_id': 0, 'structure_path_id': 'H1.main >> M15.confluence', 'sub_sid': 0, 'started_by': 'first_confluence', 'start_trigger_idx': 1020}"
1245,RANGE,RANGE_UPDATED,,"{'hi': 0.57774, 'lo': 0.57705, 'structure_id': 0, 'struct_direction': 1, 'timeframe': 'M15', 'use_case': 'first_confluence', 'parent_tf': 'H1', 'parent_sid': 0, 'parent_cycle_id': 0, 'structure_path_id': 'H1.main >> M15.confluence', 'sub_sid': 0, 'started_by': 'first_confluence', 'start_trigger_idx': 1020}"
1245,STRUCTURE,CTS_UPDATED,0.57774,"{'via': 'replay_raw', 'cycle_id': 2, 'structure_id': 0, 'struct_direction': 1, 'timeframe': 'M15', 'use_case': 'first_confluence', 'parent_tf': 'H1', 'parent_sid': 0, 'parent_cycle_id': 0, 'structure_path_id': 'H1.main >> M15.confluence', 'sub_sid': 0, 'started_by': 'first_confluence', 'start_trigger_idx': 1020}"
1257,RANGE,RANGE_UPDATED,,"{'reason': 'pullback_expand', 'hi': 0.57774, 'lo': 0.5767, 'pat': 'one_maru_continuous', 'structure_id': 0, 'struct_direction': 1, 'timeframe': 'M15', 'use_case': 'first_confluence', 'parent_tf': 'H1', 'parent_sid': 0, 'parent_cycle_id': 0, 'structure_path_id': 'H1.main >> M15.confluence', 'sub_sid': 0, 'started_by': 'first_confluence', 'start_trigger_idx': 1020}"
1257,STRUCTURE,CTS_CONFIRMED,0.57774,"{'via': 'one_maru_continuous', 'cycle_id': 2, 'structure_id': 0, 'struct_direction': 1, 'confirmed_at': 1257, 'cts_anchor_idx': 1245, 'confirmation_method': 'pullback', 'timeframe': 'M15', 'use_case': 'first_confluence', 'parent_tf': 'H1', 'parent_sid': 0, 'parent_cycle_id': 0, 'structure_path_id': 'H1.main >> M15.confluence', 'sub_sid': 0, 'started_by': 'first_confluence', 'start_trigger_idx': 1020}"
1257,STATE,STATE_CHANGED,,"{'from': 'range', 'to': 'pullback', 'structure_id': 0, 'struct_direction': 1, 'reason': 'pullback_pattern', 'pat': 'one_maru_continuous', 'effective_idx': 853, 'timeframe': 'M15', 'use_case': 'first_confluence', 'parent_tf': 'H1', 'parent_sid': 0, 'parent_cycle_id': 0, 'structure_path_id': 'H1.main >> M15.confluence', 'sub_sid': 0, 'started_by': 'first_confluence', 'start_trigger_idx': 1020}"
1258,STATE,STATE_CHANGED,,"{'from': 'pullback', 'to': 'pullback_range', 'structure_id': 0, 'struct_direction': 1, 'reason': 'replay_no_expand_pullback_side', 'effective_idx': 854, 'timeframe': 'M15', 'use_case': 'first_confluence', 'parent_tf': 'H1', 'parent_sid': 0, 'parent_cycle_id': 0, 'structure_path_id': 'H1.main >> M15.confluence', 'sub_sid': 0, 'started_by': 'first_confluence', 'start_trigger_idx': 1020}"
1261,RANGE,RANGE_UPDATED,,"{'hi': 0.57774, 'lo': 0.5766, 'structure_id': 0, 'struct_direction': 1, 'timeframe': 'M15', 'use_case': 'first_confluence', 'parent_tf': 'H1', 'parent_sid': 0, 'parent_cycle_id': 0, 'structure_path_id': 'H1.main >> M15.confluence', 'sub_sid': 0, 'started_by': 'first_confluence', 'start_trigger_idx': 1020}"
1261,STATE,STATE_CHANGED,,"{'from': 'pullback_range', 'to': 'pullback', 'structure_id': 0, 'struct_direction': 1, 'reason': 'replay_expand_pullback_side', 'effective_idx': 857, 'timeframe': 'M15', 'use_case': 'first_confluence', 'parent_tf': 'H1', 'parent_sid': 0, 'parent_cycle_id': 0, 'structure_path_id': 'H1.main >> M15.confluence', 'sub_sid': 0, 'started_by': 'first_confluence', 'start_trigger_idx': 1020}"
1262,STATE,STATE_CHANGED,,"{'from': 'pullback', 'to': 'pullback_range', 'structure_id': 0, 'struct_direction': 1, 'reason': 'replay_no_expand_pullback_side', 'effective_idx': 858, 'timeframe': 'M15', 'use_case': 'first_confluence', 'parent_tf': 'H1', 'parent_sid': 0, 'parent_cycle_id': 0, 'structure_path_id': 'H1.main >> M15.confluence', 'sub_sid': 0, 'started_by': 'first_confluence', 'start_trigger_idx': 1020}"
1268,RANGE,RANGE_UPDATED,,"{'hi': 0.57774, 'lo': 0.57652, 'structure_id': 0, 'struct_direction': 1, 'timeframe': 'M15', 'use_case': 'first_confluence', 'parent_tf': 'H1', 'parent_sid': 0, 'parent_cycle_id': 0, 'structure_path_id': 'H1.main >> M15.confluence', 'sub_sid': 0, 'started_by': 'first_confluence', 'start_trigger_idx': 1020}"
1268,STATE,STATE_CHANGED,,"{'from': 'pullback_range', 'to': 'pullback', 'structure_id': 0, 'struct_direction': 1, 'reason': 'replay_expand_pullback_side', 'effective_idx': 864, 'timeframe': 'M15', 'use_case': 'first_confluence', 'parent_tf': 'H1', 'parent_sid': 0, 'parent_cycle_id': 0, 'structure_path_id': 'H1.main >> M15.confluence', 'sub_sid': 0, 'started_by': 'first_confluence', 'start_trigger_idx': 1020}"
1269,RANGE,RANGE_UPDATED,,"{'hi': 0.57774, 'lo': 0.57614, 'structure_id': 0, 'struct_direction': 1, 'timeframe': 'M15', 'use_case': 'first_confluence', 'parent_tf': 'H1', 'parent_sid': 0, 'parent_cycle_id': 0, 'structure_path_id': 'H1.main >> M15.confluence', 'sub_sid': 0, 'started_by': 'first_confluence', 'start_trigger_idx': 1020}"
1270,STATE,STATE_CHANGED,,"{'from': 'pullback', 'to': 'pullback_range', 'structure_id': 0, 'struct_direction': 1, 'reason': 'replay_no_expand_pullback_side', 'effective_idx': 866, 'timeframe': 'M15', 'use_case': 'first_confluence', 'parent_tf': 'H1', 'parent_sid': 0, 'parent_cycle_id': 0, 'structure_path_id': 'H1.main >> M15.confluence', 'sub_sid': 0, 'started_by': 'first_confluence', 'start_trigger_idx': 1020}"
1288,RANGE,RANGE_UPDATED,,"{'hi': 0.57786, 'lo': 0.57614, 'structure_id': 0, 'struct_direction': 1, 'timeframe': 'M15', 'use_case': 'first_confluence', 'parent_tf': 'H1', 'parent_sid': 0, 'parent_cycle_id': 0, 'structure_path_id': 'H1.main >> M15.confluence', 'sub_sid': 0, 'started_by': 'first_confluence', 'start_trigger_idx': 1020}"
1288,STRUCTURE,CTS_THRESHOLD_UPDATED,0.57786,"{'prev': 0.57774, 'reason': 'range_sync', 'cycle_id': 2, 'structure_id': 0, 'struct_direction': 1, 'timeframe': 'M15', 'use_case': 'first_confluence', 'parent_tf': 'H1', 'parent_sid': 0, 'parent_cycle_id': 0, 'structure_path_id': 'H1.main >> M15.confluence', 'sub_sid': 0, 'started_by': 'first_confluence', 'start_trigger_idx': 1020}"
1289,RANGE,RANGE_UPDATED,,"{'hi': 0.57788, 'lo': 0.57614, 'structure_id': 0, 'struct_direction': 1, 'timeframe': 'M15', 'use_case': 'first_confluence', 'parent_tf': 'H1', 'parent_sid': 0, 'parent_cycle_id': 0, 'structure_path_id': 'H1.main >> M15.confluence', 'sub_sid': 0, 'started_by': 'first_confluence', 'start_trigger_idx': 1020}"
1289,STRUCTURE,CTS_THRESHOLD_UPDATED,0.57788,"{'prev': 0.57786, 'reason': 'range_sync', 'cycle_id': 2, 'structure_id': 0, 'struct_direction': 1, 'timeframe': 'M15', 'use_case': 'first_confluence', 'parent_tf': 'H1', 'parent_sid': 0, 'parent_cycle_id': 0, 'structure_path_id': 'H1.main >> M15.confluence', 'sub_sid': 0, 'started_by': 'first_confluence', 'start_trigger_idx': 1020}"
1310,RANGE,RANGE_UPDATED,,"{'hi': 0.57788, 'lo': 0.5758, 'structure_id': 0, 'struct_direction': 1, 'timeframe': 'M15', 'use_case': 'first_confluence', 'parent_tf': 'H1', 'parent_sid': 0, 'parent_cycle_id': 0, 'structure_path_id': 'H1.main >> M15.confluence', 'sub_sid': 0, 'started_by': 'first_confluence', 'start_trigger_idx': 1020}"
1310,STATE,STATE_CHANGED,,"{'from': 'pullback_range', 'to': 'pullback', 'structure_id': 0, 'struct_direction': 1, 'reason': 'replay_expand_pullback_side', 'effective_idx': 906, 'timeframe': 'M15', 'use_case': 'first_confluence', 'parent_tf': 'H1', 'parent_sid': 0, 'parent_cycle_id': 0, 'structure_path_id': 'H1.main >> M15.confluence', 'sub_sid': 0, 'started_by': 'first_confluence', 'start_trigger_idx': 1020}"
1311,STATE,STATE_CHANGED,,"{'from': 'pullback', 'to': 'pullback_range', 'structure_id': 0, 'struct_direction': 1, 'reason': 'replay_no_expand_pullback_side', 'effective_idx': 907, 'timeframe': 'M15', 'use_case': 'first_confluence', 'parent_tf': 'H1', 'parent_sid': 0, 'parent_cycle_id': 0, 'structure_path_id': 'H1.main >> M15.confluence', 'sub_sid': 0, 'started_by': 'first_confluence', 'start_trigger_idx': 1020}"
1381,RANGE,RANGE_UPDATED,,"{'hi': 0.5781, 'lo': 0.5758, 'structure_id': 0, 'struct_direction': 1, 'timeframe': 'M15', 'use_case': 'first_confluence', 'parent_tf': 'H1', 'parent_sid': 0, 'parent_cycle_id': 0, 'structure_path_id': 'H1.main >> M15.confluence', 'sub_sid': 0, 'started_by': 'first_confluence', 'start_trigger_idx': 1020}"
1381,STRUCTURE,CTS_THRESHOLD_UPDATED,0.5781,"{'prev': 0.57788, 'reason': 'range_sync', 'cycle_id': 2, 'structure_id': 0, 'struct_direction': 1, 'timeframe': 'M15', 'use_case': 'first_confluence', 'parent_tf': 'H1', 'parent_sid': 0, 'parent_cycle_id': 0, 'structure_path_id': 'H1.main >> M15.confluence', 'sub_sid': 0, 'started_by': 'first_confluence', 'start_trigger_idx': 1020}"
1405,RANGE,RANGE_UPDATED,,"{'hi': 0.57812, 'lo': 0.5758, 'structure_id': 0, 'struct_direction': 1, 'timeframe': 'M15', 'use_case': 'first_confluence', 'parent_tf': 'H1', 'parent_sid': 0, 'parent_cycle_id': 0, 'structure_path_id': 'H1.main >> M15.confluence', 'sub_sid': 0, 'started_by': 'first_confluence', 'start_trigger_idx': 1020}"
1405,STRUCTURE,CTS_THRESHOLD_UPDATED,0.57812,"{'prev': 0.5781, 'reason': 'range_sync', 'cycle_id': 2, 'structure_id': 0, 'struct_direction': 1, 'timeframe': 'M15', 'use_case': 'first_confluence', 'parent_tf': 'H1', 'parent_sid': 0, 'parent_cycle_id': 0, 'structure_path_id': 'H1.main >> M15.confluence', 'sub_sid': 0, 'started_by': 'first_confluence', 'start_trigger_idx': 1020}"
1406,RANGE,RANGE_UPDATED,,"{'hi': 0.5783, 'lo': 0.5758, 'structure_id': 0, 'struct_direction': 1, 'timeframe': 'M15', 'use_case': 'first_confluence', 'parent_tf': 'H1', 'parent_sid': 0, 'parent_cycle_id': 0, 'structure_path_id': 'H1.main >> M15.confluence', 'sub_sid': 0, 'started_by': 'first_confluence', 'start_trigger_idx': 1020}"
1406,STRUCTURE,CTS_THRESHOLD_UPDATED,0.5783,"{'prev': 0.57812, 'reason': 'range_sync', 'cycle_id': 2, 'structure_id': 0, 'struct_direction': 1, 'timeframe': 'M15', 'use_case': 'first_confluence', 'parent_tf': 'H1', 'parent_sid': 0, 'parent_cycle_id': 0, 'structure_path_id': 'H1.main >> M15.confluence', 'sub_sid': 0, 'started_by': 'first_confluence', 'start_trigger_idx': 1020}"
1407,RANGE,RANGE_UPDATED,,"{'hi': 0.57831, 'lo': 0.5758, 'structure_id': 0, 'struct_direction': 1, 'timeframe': 'M15', 'use_case': 'first_confluence', 'parent_tf': 'H1', 'parent_sid': 0, 'parent_cycle_id': 0, 'structure_path_id': 'H1.main >> M15.confluence', 'sub_sid': 0, 'started_by': 'first_confluence', 'start_trigger_idx': 1020}"
1407,STRUCTURE,CTS_THRESHOLD_UPDATED,0.57831,"{'prev': 0.5783, 'reason': 'range_sync', 'cycle_id': 2, 'structure_id': 0, 'struct_direction': 1, 'timeframe': 'M15', 'use_case': 'first_confluence', 'parent_tf': 'H1', 'parent_sid': 0, 'parent_cycle_id': 0, 'structure_path_id': 'H1.main >> M15.confluence', 'sub_sid': 0, 'started_by': 'first_confluence', 'start_trigger_idx': 1020}"
1408,RANGE,RANGE_UPDATED,,"{'hi': 0.5787, 'lo': 0.5758, 'structure_id': 0, 'struct_direction': 1, 'timeframe': 'M15', 'use_case': 'first_confluence', 'parent_tf': 'H1', 'parent_sid': 0, 'parent_cycle_id': 0, 'structure_path_id': 'H1.main >> M15.confluence', 'sub_sid': 0, 'started_by': 'first_confluence', 'start_trigger_idx': 1020}"
1408,STRUCTURE,CTS_THRESHOLD_UPDATED,0.5787,"{'prev': 0.57831, 'reason': 'range_sync', 'cycle_id': 2, 'structure_id': 0, 'struct_direction': 1, 'timeframe': 'M15', 'use_case': 'first_confluence', 'parent_tf': 'H1', 'parent_sid': 0, 'parent_cycle_id': 0, 'structure_path_id': 'H1.main >> M15.confluence', 'sub_sid': 0, 'started_by': 'first_confluence', 'start_trigger_idx': 1020}"
1452,RANGE,RANGE_UPDATED,,"{'hi': 0.57886, 'lo': 0.5758, 'structure_id': 0, 'struct_direction': 1, 'timeframe': 'M15', 'use_case': 'first_confluence', 'parent_tf': 'H1', 'parent_sid': 0, 'parent_cycle_id': 0, 'structure_path_id': 'H1.main >> M15.confluence', 'sub_sid': 0, 'started_by': 'first_confluence', 'start_trigger_idx': 1020}"
1452,STRUCTURE,CTS_THRESHOLD_UPDATED,0.57886,"{'prev': 0.5787, 'reason': 'range_sync', 'cycle_id': 2, 'structure_id': 0, 'struct_direction': 1, 'timeframe': 'M15', 'use_case': 'first_confluence', 'parent_tf': 'H1', 'parent_sid': 0, 'parent_cycle_id': 0, 'structure_path_id': 'H1.main >> M15.confluence', 'sub_sid': 0, 'started_by': 'first_confluence', 'start_trigger_idx': 1020}"
1454,RANGE,RANGE_UPDATED,,"{'hi': 0.57914, 'lo': 0.5758, 'structure_id': 0, 'struct_direction': 1, 'timeframe': 'M15', 'use_case': 'first_confluence', 'parent_tf': 'H1', 'parent_sid': 0, 'parent_cycle_id': 0, 'structure_path_id': 'H1.main >> M15.confluence', 'sub_sid': 0, 'started_by': 'first_confluence', 'start_trigger_idx': 1020}"
1454,STRUCTURE,CTS_THRESHOLD_UPDATED,0.57914,"{'prev': 0.57886, 'reason': 'range_sync', 'cycle_id': 2, 'structure_id': 0, 'struct_direction': 1, 'timeframe': 'M15', 'use_case': 'first_confluence', 'parent_tf': 'H1', 'parent_sid': 0, 'parent_cycle_id': 0, 'structure_path_id': 'H1.main >> M15.confluence', 'sub_sid': 0, 'started_by': 'first_confluence', 'start_trigger_idx': 1020}"
1501,RANGE,RANGE_UPDATED,,"{'hi': 0.57927, 'lo': 0.5758, 'structure_id': 0, 'struct_direction': 1, 'timeframe': 'M15', 'use_case': 'first_confluence', 'parent_tf': 'H1', 'parent_sid': 0, 'parent_cycle_id': 0, 'structure_path_id': 'H1.main >> M15.confluence', 'sub_sid': 0, 'started_by': 'first_confluence', 'start_trigger_idx': 1020}"
1501,STRUCTURE,CTS_THRESHOLD_UPDATED,0.57927,"{'prev': 0.57914, 'reason': 'range_sync', 'cycle_id': 2, 'structure_id': 0, 'struct_direction': 1, 'timeframe': 'M15', 'use_case': 'first_confluence', 'parent_tf': 'H1', 'parent_sid': 0, 'parent_cycle_id': 0, 'structure_path_id': 'H1.main >> M15.confluence', 'sub_sid': 0, 'started_by': 'first_confluence', 'start_trigger_idx': 1020}"
1581,RANGE,RANGE_UPDATED,,"{'hi': 0.57947, 'lo': 0.5758, 'structure_id': 0, 'struct_direction': 1, 'timeframe': 'M15', 'use_case': 'first_confluence', 'parent_tf': 'H1', 'parent_sid': 0, 'parent_cycle_id': 0, 'structure_path_id': 'H1.main >> M15.confluence', 'sub_sid': 0, 'started_by': 'first_confluence', 'start_trigger_idx': 1020}"
1581,STRUCTURE,CTS_THRESHOLD_UPDATED,0.57947,"{'prev': 0.57927, 'reason': 'range_sync', 'cycle_id': 2, 'structure_id': 0, 'struct_direction': 1, 'timeframe': 'M15', 'use_case': 'first_confluence', 'parent_tf': 'H1', 'parent_sid': 0, 'parent_cycle_id': 0, 'structure_path_id': 'H1.main >> M15.confluence', 'sub_sid': 0, 'started_by': 'first_confluence', 'start_trigger_idx': 1020}"
1606,RANGE,RANGE_UPDATED,,"{'hi': 0.5795, 'lo': 0.5758, 'structure_id': 0, 'struct_direction': 1, 'timeframe': 'M15', 'use_case': 'first_confluence', 'parent_tf': 'H1', 'parent_sid': 0, 'parent_cycle_id': 0, 'structure_path_id': 'H1.main >> M15.confluence', 'sub_sid': 0, 'started_by': 'first_confluence', 'start_trigger_idx': 1020}"
1606,STRUCTURE,CTS_THRESHOLD_UPDATED,0.5795,"{'prev': 0.57947, 'reason': 'range_sync', 'cycle_id': 2, 'structure_id': 0, 'struct_direction': 1, 'timeframe': 'M15', 'use_case': 'first_confluence', 'parent_tf': 'H1', 'parent_sid': 0, 'parent_cycle_id': 0, 'structure_path_id': 'H1.main >> M15.confluence', 'sub_sid': 0, 'started_by': 'first_confluence', 'start_trigger_idx': 1020}"
1716,RANGE,RANGE_UPDATED,,"{'hi': 0.57996, 'lo': 0.5758, 'structure_id': 0, 'struct_direction': 1, 'timeframe': 'M15', 'use_case': 'first_confluence', 'parent_tf': 'H1', 'parent_sid': 0, 'parent_cycle_id': 0, 'structure_path_id': 'H1.main >> M15.confluence', 'sub_sid': 0, 'started_by': 'first_confluence', 'start_trigger_idx': 1020}"
1716,STRUCTURE,CTS_THRESHOLD_UPDATED,0.57996,"{'prev': 0.5795, 'reason': 'range_sync', 'cycle_id': 2, 'structure_id': 0, 'struct_direction': 1, 'timeframe': 'M15', 'use_case': 'first_confluence', 'parent_tf': 'H1', 'parent_sid': 0, 'parent_cycle_id': 0, 'structure_path_id': 'H1.main >> M15.confluence', 'sub_sid': 0, 'started_by': 'first_confluence', 'start_trigger_idx': 1020}"
1717,RANGE,RANGE_UPDATED,,"{'hi': 0.58012, 'lo': 0.5758, 'structure_id': 0, 'struct_direction': 1, 'timeframe': 'M15', 'use_case': 'first_confluence', 'parent_tf': 'H1', 'parent_sid': 0, 'parent_cycle_id': 0, 'structure_path_id': 'H1.main >> M15.confluence', 'sub_sid': 0, 'started_by': 'first_confluence', 'start_trigger_idx': 1020}"
1717,STRUCTURE,CTS_THRESHOLD_UPDATED,0.58012,"{'prev': 0.57996, 'reason': 'range_sync', 'cycle_id': 2, 'structure_id': 0, 'struct_direction': 1, 'timeframe': 'M15', 'use_case': 'first_confluence', 'parent_tf': 'H1', 'parent_sid': 0, 'parent_cycle_id': 0, 'structure_path_id': 'H1.main >> M15.confluence', 'sub_sid': 0, 'started_by': 'first_confluence', 'start_trigger_idx': 1020}"
1718,RANGE,RANGE_UPDATED,,"{'hi': 0.58071, 'lo': 0.5758, 'structure_id': 0, 'struct_direction': 1, 'timeframe': 'M15', 'use_case': 'first_confluence', 'parent_tf': 'H1', 'parent_sid': 0, 'parent_cycle_id': 0, 'structure_path_id': 'H1.main >> M15.confluence', 'sub_sid': 0, 'started_by': 'first_confluence', 'start_trigger_idx': 1020}"
1718,STRUCTURE,CTS_THRESHOLD_UPDATED,0.58071,"{'prev': 0.58012, 'reason': 'range_sync', 'cycle_id': 2, 'structure_id': 0, 'struct_direction': 1, 'timeframe': 'M15', 'use_case': 'first_confluence', 'parent_tf': 'H1', 'parent_sid': 0, 'parent_cycle_id': 0, 'structure_path_id': 'H1.main >> M15.confluence', 'sub_sid': 0, 'started_by': 'first_confluence', 'start_trigger_idx': 1020}"
1719,RANGE,RANGE_UPDATED,,"{'hi': 0.58084, 'lo': 0.5758, 'structure_id': 0, 'struct_direction': 1, 'timeframe': 'M15', 'use_case': 'first_confluence', 'parent_tf': 'H1', 'parent_sid': 0, 'parent_cycle_id': 0, 'structure_path_id': 'H1.main >> M15.confluence', 'sub_sid': 0, 'started_by': 'first_confluence', 'start_trigger_idx': 1020}"
1719,STRUCTURE,CTS_THRESHOLD_UPDATED,0.58084,"{'prev': 0.58071, 'reason': 'range_sync', 'cycle_id': 2, 'structure_id': 0, 'struct_direction': 1, 'timeframe': 'M15', 'use_case': 'first_confluence', 'parent_tf': 'H1', 'parent_sid': 0, 'parent_cycle_id': 0, 'structure_path_id': 'H1.main >> M15.confluence', 'sub_sid': 0, 'started_by': 'first_confluence', 'start_trigger_idx': 1020}"
1721,RANGE,RANGE_RESET,,"{'reason': 'range_breakout', 'pat': 'one_maru_opposite', 'structure_id': 0, 'struct_direction': 1, 'timeframe': 'M15', 'use_case': 'first_confluence', 'parent_tf': 'H1', 'parent_sid': 0, 'parent_cycle_id': 0, 'structure_path_id': 'H1.main >> M15.confluence', 'sub_sid': 0, 'started_by': 'first_confluence', 'start_trigger_idx': 1020}"
1721,STRUCTURE,CTS_ESTABLISHED,0.58246,"{'via': 'one_maru_opposite', 'anchor_idx': 1720, 'pattern_name': 'one_maru_opposite', 'confirmed_at': 1721, 'cycle_id': 3, 'structure_id': 0, 'struct_direction': 1, 'timeframe': 'M15', 'use_case': 'first_confluence', 'parent_tf': 'H1', 'parent_sid': 0, 'parent_cycle_id': 0, 'structure_path_id': 'H1.main >> M15.confluence', 'sub_sid': 0, 'started_by': 'first_confluence', 'start_trigger_idx': 1020}"
1310,STRUCTURE,BOS_CONFIRMED,0.5758,"{'source': 'pullback_extreme', 'confirmed_at': 1721, 'pb_start': 853, 'cycle_id': 3, 'structure_id': 0, 'struct_direction': 1, 'timeframe': 'M15', 'use_case': 'first_confluence', 'parent_tf': 'H1', 'parent_sid': 0, 'parent_cycle_id': 0, 'structure_path_id': 'H1.main >> M15.confluence', 'sub_sid': 0, 'started_by': 'first_confluence', 'start_trigger_idx': 1020}"
1721,STATE,STATE_CHANGED,,"{'from': 'pullback_range', 'to': 'breakout', 'structure_id': 0, 'struct_direction': 1, 'reason': 'breakout_pattern', 'pat': 'one_maru_opposite', 'effective_idx': 1317, 'timeframe': 'M15', 'use_case': 'first_confluence', 'parent_tf': 'H1', 'parent_sid': 0, 'parent_cycle_id': 0, 'structure_path_id': 'H1.main >> M15.confluence', 'sub_sid': 0, 'started_by': 'first_confluence', 'start_trigger_idx': 1020}"
1725,RANGE,RANGE_STARTED,,"{'start_idx': 1317, 'confirm_idx': 1321, 'hi': 0.58246, 'lo': 0.58164, 'cts_idx': 1317, 'cts_price': 0.58246, 'structure_id': 0, 'struct_direction': 1, 'timeframe': 'M15', 'use_case': 'first_confluence', 'parent_tf': 'H1', 'parent_sid': 0, 'parent_cycle_id': 0, 'structure_path_id': 'H1.main >> M15.confluence', 'sub_sid': 0, 'started_by': 'first_confluence', 'start_trigger_idx': 1020}"
1725,STATE,STATE_CHANGED,,"{'from': 'breakout', 'to': 'range', 'structure_id': 0, 'struct_direction': 1, 'reason': 'range_confirmed', 'effective_idx': 1317, 'timeframe': 'M15', 'use_case': 'first_confluence', 'parent_tf': 'H1', 'parent_sid': 0, 'parent_cycle_id': 0, 'structure_path_id': 'H1.main >> M15.confluence', 'sub_sid': 0, 'started_by': 'first_confluence', 'start_trigger_idx': 1020}"
1723,RANGE,RANGE_UPDATED,,"{'hi': 0.58246, 'lo': 0.58137, 'structure_id': 0, 'struct_direction': 1, 'timeframe': 'M15', 'use_case': 'first_confluence', 'parent_tf': 'H1', 'parent_sid': 0, 'parent_cycle_id': 0, 'structure_path_id': 'H1.main >> M15.confluence', 'sub_sid': 0, 'started_by': 'first_confluence', 'start_trigger_idx': 1020}"
1724,RANGE,RANGE_UPDATED,,"{'hi': 0.58246, 'lo': 0.58134, 'structure_id': 0, 'struct_direction': 1, 'timeframe': 'M15', 'use_case': 'first_confluence', 'parent_tf': 'H1', 'parent_sid': 0, 'parent_cycle_id': 0, 'structure_path_id': 'H1.main >> M15.confluence', 'sub_sid': 0, 'started_by': 'first_confluence', 'start_trigger_idx': 1020}"
1730,RANGE,RANGE_UPDATED,,"{'hi': 0.58246, 'lo': 0.58119, 'structure_id': 0, 'struct_direction': 1, 'timeframe': 'M15', 'use_case': 'first_confluence', 'parent_tf': 'H1', 'parent_sid': 0, 'parent_cycle_id': 0, 'structure_path_id': 'H1.main >> M15.confluence', 'sub_sid': 0, 'started_by': 'first_confluence', 'start_trigger_idx': 1020}"
1733,RANGE,RANGE_UPDATED,,"{'hi': 0.58246, 'lo': 0.58114, 'structure_id': 0, 'struct_direction': 1, 'timeframe': 'M15', 'use_case': 'first_confluence', 'parent_tf': 'H1', 'parent_sid': 0, 'parent_cycle_id': 0, 'structure_path_id': 'H1.main >> M15.confluence', 'sub_sid': 0, 'started_by': 'first_confluence', 'start_trigger_idx': 1020}"
1738,RANGE,RANGE_UPDATED,,"{'hi': 0.58246, 'lo': 0.5811, 'structure_id': 0, 'struct_direction': 1, 'timeframe': 'M15', 'use_case': 'first_confluence', 'parent_tf': 'H1', 'parent_sid': 0, 'parent_cycle_id': 0, 'structure_path_id': 'H1.main >> M15.confluence', 'sub_sid': 0, 'started_by': 'first_confluence', 'start_trigger_idx': 1020}"
1746,RANGE,RANGE_UPDATED,,"{'hi': 0.58246, 'lo': 0.58081, 'structure_id': 0, 'struct_direction': 1, 'timeframe': 'M15', 'use_case': 'first_confluence', 'parent_tf': 'H1', 'parent_sid': 0, 'parent_cycle_id': 0, 'structure_path_id': 'H1.main >> M15.confluence', 'sub_sid': 0, 'started_by': 'first_confluence', 'start_trigger_idx': 1020}"
1748,RANGE,RANGE_UPDATED,,"{'reason': 'pullback_expand', 'hi': 0.58246, 'lo': 0.57978, 'pat': 'one_maru_continuous', 'structure_id': 0, 'struct_direction': 1, 'timeframe': 'M15', 'use_case': 'first_confluence', 'parent_tf': 'H1', 'parent_sid': 0, 'parent_cycle_id': 0, 'structure_path_id': 'H1.main >> M15.confluence', 'sub_sid': 0, 'started_by': 'first_confluence', 'start_trigger_idx': 1020}"
1748,STRUCTURE,CTS_CONFIRMED,0.58246,"{'via': 'one_maru_continuous', 'cycle_id': 3, 'structure_id': 0, 'struct_direction': 1, 'confirmed_at': 1748, 'cts_anchor_idx': 1721, 'confirmation_method': 'pullback', 'timeframe': 'M15', 'use_case': 'first_confluence', 'parent_tf': 'H1', 'parent_sid': 0, 'parent_cycle_id': 0, 'structure_path_id': 'H1.main >> M15.confluence', 'sub_sid': 0, 'started_by': 'first_confluence', 'start_trigger_idx': 1020}"
1748,STATE,STATE_CHANGED,,"{'from': 'range', 'to': 'pullback', 'structure_id': 0, 'struct_direction': 1, 'reason': 'pullback_pattern', 'pat': 'one_maru_continuous', 'effective_idx': 1344, 'timeframe': 'M15', 'use_case': 'first_confluence', 'parent_tf': 'H1', 'parent_sid': 0, 'parent_cycle_id': 0, 'structure_path_id': 'H1.main >> M15.confluence', 'sub_sid': 0, 'started_by': 'first_confluence', 'start_trigger_idx': 1020}"
1749,RANGE,RANGE_UPDATED,,"{'hi': 0.58246, 'lo': 0.57956, 'structure_id': 0, 'struct_direction': 1, 'timeframe': 'M15', 'use_case': 'first_confluence', 'parent_tf': 'H1', 'parent_sid': 0, 'parent_cycle_id': 0, 'structure_path_id': 'H1.main >> M15.confluence', 'sub_sid': 0, 'started_by': 'first_confluence', 'start_trigger_idx': 1020}"
1750,STATE,STATE_CHANGED,,"{'from': 'pullback', 'to': 'pullback_range', 'structure_id': 0, 'struct_direction': 1, 'reason': 'replay_no_expand_pullback_side', 'effective_idx': 1346, 'timeframe': 'M15', 'use_case': 'first_confluence', 'parent_tf': 'H1', 'parent_sid': 0, 'parent_cycle_id': 0, 'structure_path_id': 'H1.main >> M15.confluence', 'sub_sid': 0, 'started_by': 'first_confluence', 'start_trigger_idx': 1020}"
1752,RANGE,RANGE_UPDATED,,"{'hi': 0.58246, 'lo': 0.57945, 'structure_id': 0, 'struct_direction': 1, 'timeframe': 'M15', 'use_case': 'first_confluence', 'parent_tf': 'H1', 'parent_sid': 0, 'parent_cycle_id': 0, 'structure_path_id': 'H1.main >> M15.confluence', 'sub_sid': 0, 'started_by': 'first_confluence', 'start_trigger_idx': 1020}"
1752,STATE,STATE_CHANGED,,"{'from': 'pullback_range', 'to': 'pullback', 'structure_id': 0, 'struct_direction': 1, 'reason': 'replay_expand_pullback_side', 'effective_idx': 1348, 'timeframe': 'M15', 'use_case': 'first_confluence', 'parent_tf': 'H1', 'parent_sid': 0, 'parent_cycle_id': 0, 'structure_path_id': 'H1.main >> M15.confluence', 'sub_sid': 0, 'started_by': 'first_confluence', 'start_trigger_idx': 1020}"
1753,RANGE,RANGE_UPDATED,,"{'hi': 0.58246, 'lo': 0.57918, 'structure_id': 0, 'struct_direction': 1, 'timeframe': 'M15', 'use_case': 'first_confluence', 'parent_tf': 'H1', 'parent_sid': 0, 'parent_cycle_id': 0, 'structure_path_id': 'H1.main >> M15.confluence', 'sub_sid': 0, 'started_by': 'first_confluence', 'start_trigger_idx': 1020}"
1754,STATE,STATE_CHANGED,,"{'from': 'pullback', 'to': 'pullback_range', 'structure_id': 0, 'struct_direction': 1, 'reason': 'replay_no_expand_pullback_side', 'effective_idx': 1350, 'timeframe': 'M15', 'use_case': 'first_confluence', 'parent_tf': 'H1', 'parent_sid': 0, 'parent_cycle_id': 0, 'structure_path_id': 'H1.main >> M15.confluence', 'sub_sid': 0, 'started_by': 'first_confluence', 'start_trigger_idx': 1020}"
1760,RANGE,RANGE_UPDATED,,"{'hi': 0.58246, 'lo': 0.57913, 'structure_id': 0, 'struct_direction': 1, 'timeframe': 'M15', 'use_case': 'first_confluence', 'parent_tf': 'H1', 'parent_sid': 0, 'parent_cycle_id': 0, 'structure_path_id': 'H1.main >> M15.confluence', 'sub_sid': 0, 'started_by': 'first_confluence', 'start_trigger_idx': 1020}"
1760,STATE,STATE_CHANGED,,"{'from': 'pullback_range', 'to': 'pullback', 'structure_id': 0, 'struct_direction': 1, 'reason': 'replay_expand_pullback_side', 'effective_idx': 1356, 'timeframe': 'M15', 'use_case': 'first_confluence', 'parent_tf': 'H1', 'parent_sid': 0, 'parent_cycle_id': 0, 'structure_path_id': 'H1.main >> M15.confluence', 'sub_sid': 0, 'started_by': 'first_confluence', 'start_trigger_idx': 1020}"
1761,RANGE,RANGE_UPDATED,,"{'hi': 0.58246, 'lo': 0.57882, 'structure_id': 0, 'struct_direction': 1, 'timeframe': 'M15', 'use_case': 'first_confluence', 'parent_tf': 'H1', 'parent_sid': 0, 'parent_cycle_id': 0, 'structure_path_id': 'H1.main >> M15.confluence', 'sub_sid': 0, 'started_by': 'first_confluence', 'start_trigger_idx': 1020}"
1762,STATE,STATE_CHANGED,,"{'from': 'pullback', 'to': 'pullback_range', 'structure_id': 0, 'struct_direction': 1, 'reason': 'replay_no_expand_pullback_side', 'effective_idx': 1358, 'timeframe': 'M15', 'use_case': 'first_confluence', 'parent_tf': 'H1', 'parent_sid': 0, 'parent_cycle_id': 0, 'structure_path_id': 'H1.main >> M15.confluence', 'sub_sid': 0, 'started_by': 'first_confluence', 'start_trigger_idx': 1020}"
1791,RANGE,RANGE_UPDATED,,"{'hi': 0.58267, 'lo': 0.57882, 'structure_id': 0, 'struct_direction': 1, 'timeframe': 'M15', 'use_case': 'first_confluence', 'parent_tf': 'H1', 'parent_sid': 0, 'parent_cycle_id': 0, 'structure_path_id': 'H1.main >> M15.confluence', 'sub_sid': 0, 'started_by': 'first_confluence', 'start_trigger_idx': 1020}"
1791,STRUCTURE,CTS_THRESHOLD_UPDATED,0.58267,"{'prev': 0.58246, 'reason': 'range_sync', 'cycle_id': 3, 'structure_id': 0, 'struct_direction': 1, 'timeframe': 'M15', 'use_case': 'first_confluence', 'parent_tf': 'H1', 'parent_sid': 0, 'parent_cycle_id': 0, 'structure_path_id': 'H1.main >> M15.confluence', 'sub_sid': 0, 'started_by': 'first_confluence', 'start_trigger_idx': 1020}"
1793,RANGE,RANGE_RESET,,"{'reason': 'range_breakout', 'pat': 'double_maru', 'structure_id': 0, 'struct_direction': 1, 'timeframe': 'M15', 'use_case': 'first_confluence', 'parent_tf': 'H1', 'parent_sid': 0, 'parent_cycle_id': 0, 'structure_path_id': 'H1.main >> M15.confluence', 'sub_sid': 0, 'started_by': 'first_confluence', 'start_trigger_idx': 1020}"
1793,STRUCTURE,CTS_ESTABLISHED,0.58312,"{'via': 'double_maru', 'anchor_idx': 1792, 'pattern_name': 'double_maru', 'confirmed_at': 1793, 'cycle_id': 4, 'structure_id': 0, 'struct_direction': 1, 'timeframe': 'M15', 'use_case': 'first_confluence', 'parent_tf': 'H1', 'parent_sid': 0, 'parent_cycle_id': 0, 'structure_path_id': 'H1.main >> M15.confluence', 'sub_sid': 0, 'started_by': 'first_confluence', 'start_trigger_idx': 1020}"
1761,STRUCTURE,BOS_CONFIRMED,0.57882,"{'source': 'pullback_extreme', 'confirmed_at': 1793, 'pb_start': 1344, 'cycle_id': 4, 'structure_id': 0, 'struct_direction': 1, 'timeframe': 'M15', 'use_case': 'first_confluence', 'parent_tf': 'H1', 'parent_sid': 0, 'parent_cycle_id': 0, 'structure_path_id': 'H1.main >> M15.confluence', 'sub_sid': 0, 'started_by': 'first_confluence', 'start_trigger_idx': 1020}"
1793,STATE,STATE_CHANGED,,"{'from': 'pullback_range', 'to': 'breakout', 'structure_id': 0, 'struct_direction': 1, 'reason': 'breakout_pattern', 'pat': 'double_maru', 'effective_idx': 1389, 'timeframe': 'M15', 'use_case': 'first_confluence', 'parent_tf': 'H1', 'parent_sid': 0, 'parent_cycle_id': 0, 'structure_path_id': 'H1.main >> M15.confluence', 'sub_sid': 0, 'started_by': 'first_confluence', 'start_trigger_idx': 1020}"
1794,STRUCTURE,CTS_UPDATED,0.58314,"{'via': 'replay_raw', 'cycle_id': 4, 'structure_id': 0, 'struct_direction': 1, 'timeframe': 'M15', 'use_case': 'first_confluence', 'parent_tf': 'H1', 'parent_sid': 0, 'parent_cycle_id': 0, 'structure_path_id': 'H1.main >> M15.confluence', 'sub_sid': 0, 'started_by': 'first_confluence', 'start_trigger_idx': 1020}"
1795,RANGE,RANGE_STARTED,,"{'reason': 'pullback_created_range', 'cts_idx': 1390, 'cts_price': 0.58314, 'pullback_apply_idx': 1391, 'hi': 0.58314, 'lo': 0.58162, 'pat': 'one_maru_continuous', 'structure_id': 0, 'struct_direction': 1, 'timeframe': 'M15', 'use_case': 'first_confluence', 'parent_tf': 'H1', 'parent_sid': 0, 'parent_cycle_id': 0, 'structure_path_id': 'H1.main >> M15.confluence', 'sub_sid': 0, 'started_by': 'first_confluence', 'start_trigger_idx': 1020}"
1795,STRUCTURE,CTS_CONFIRMED,0.58314,"{'via': 'one_maru_continuous', 'cycle_id': 4, 'structure_id': 0, 'struct_direction': 1, 'confirmed_at': 1795, 'cts_anchor_idx': 1794, 'confirmation_method': 'pullback', 'timeframe': 'M15', 'use_case': 'first_confluence', 'parent_tf': 'H1', 'parent_sid': 0, 'parent_cycle_id': 0, 'structure_path_id': 'H1.main >> M15.confluence', 'sub_sid': 0, 'started_by': 'first_confluence', 'start_trigger_idx': 1020}"
1795,STATE,STATE_CHANGED,,"{'from': 'breakout', 'to': 'pullback', 'structure_id': 0, 'struct_direction': 1, 'reason': 'pullback_pattern', 'pat': 'one_maru_continuous', 'effective_idx': 1391, 'timeframe': 'M15', 'use_case': 'first_confluence', 'parent_tf': 'H1', 'parent_sid': 0, 'parent_cycle_id': 0, 'structure_path_id': 'H1.main >> M15.confluence', 'sub_sid': 0, 'started_by': 'first_confluence', 'start_trigger_idx': 1020}"
1796,RANGE,RANGE_UPDATED,,"{'hi': 0.58314, 'lo': 0.58144, 'structure_id': 0, 'struct_direction': 1, 'timeframe': 'M15', 'use_case': 'first_confluence', 'parent_tf': 'H1', 'parent_sid': 0, 'parent_cycle_id': 0, 'structure_path_id': 'H1.main >> M15.confluence', 'sub_sid': 0, 'started_by': 'first_confluence', 'start_trigger_idx': 1020}"
1797,STATE,STATE_CHANGED,,"{'from': 'pullback', 'to': 'pullback_range', 'structure_id': 0, 'struct_direction': 1, 'reason': 'replay_no_expand_pullback_side', 'effective_idx': 1393, 'timeframe': 'M15', 'use_case': 'first_confluence', 'parent_tf': 'H1', 'parent_sid': 0, 'parent_cycle_id': 0, 'structure_path_id': 'H1.main >> M15.confluence', 'sub_sid': 0, 'started_by': 'first_confluence', 'start_trigger_idx': 1020}"
1801,RANGE,RANGE_UPDATED,,"{'hi': 0.58314, 'lo': 0.5811, 'structure_id': 0, 'struct_direction': 1, 'timeframe': 'M15', 'use_case': 'first_confluence', 'parent_tf': 'H1', 'parent_sid': 0, 'parent_cycle_id': 0, 'structure_path_id': 'H1.main >> M15.confluence', 'sub_sid': 0, 'started_by': 'first_confluence', 'start_trigger_idx': 1020}"
1801,STATE,STATE_CHANGED,,"{'from': 'pullback_range', 'to': 'pullback', 'structure_id': 0, 'struct_direction': 1, 'reason': 'replay_expand_pullback_side', 'effective_idx': 1397, 'timeframe': 'M15', 'use_case': 'first_confluence', 'parent_tf': 'H1', 'parent_sid': 0, 'parent_cycle_id': 0, 'structure_path_id': 'H1.main >> M15.confluence', 'sub_sid': 0, 'started_by': 'first_confluence', 'start_trigger_idx': 1020}"
1802,STATE,STATE_CHANGED,,"{'from': 'pullback', 'to': 'pullback_range', 'structure_id': 0, 'struct_direction': 1, 'reason': 'replay_no_expand_pullback_side', 'effective_idx': 1398, 'timeframe': 'M15', 'use_case': 'first_confluence', 'parent_tf': 'H1', 'parent_sid': 0, 'parent_cycle_id': 0, 'structure_path_id': 'H1.main >> M15.confluence', 'sub_sid': 0, 'started_by': 'first_confluence', 'start_trigger_idx': 1020}"
1815,RANGE,RANGE_UPDATED,,"{'hi': 0.58314, 'lo': 0.58094, 'structure_id': 0, 'struct_direction': 1, 'timeframe': 'M15', 'use_case': 'first_confluence', 'parent_tf': 'H1', 'parent_sid': 0, 'parent_cycle_id': 0, 'structure_path_id': 'H1.main >> M15.confluence', 'sub_sid': 0, 'started_by': 'first_confluence', 'start_trigger_idx': 1020}"
1815,STATE,STATE_CHANGED,,"{'from': 'pullback_range', 'to': 'pullback', 'structure_id': 0, 'struct_direction': 1, 'reason': 'replay_expand_pullback_side', 'effective_idx': 1411, 'timeframe': 'M15', 'use_case': 'first_confluence', 'parent_tf': 'H1', 'parent_sid': 0, 'parent_cycle_id': 0, 'structure_path_id': 'H1.main >> M15.confluence', 'sub_sid': 0, 'started_by': 'first_confluence', 'start_trigger_idx': 1020}"
1816,RANGE,RANGE_UPDATED,,"{'hi': 0.58314, 'lo': 0.58051, 'structure_id': 0, 'struct_direction': 1, 'timeframe': 'M15', 'use_case': 'first_confluence', 'parent_tf': 'H1', 'parent_sid': 0, 'parent_cycle_id': 0, 'structure_path_id': 'H1.main >> M15.confluence', 'sub_sid': 0, 'started_by': 'first_confluence', 'start_trigger_idx': 1020}"
1817,STATE,STATE_CHANGED,,"{'from': 'pullback', 'to': 'pullback_range', 'structure_id': 0, 'struct_direction': 1, 'reason': 'replay_no_expand_pullback_side', 'effective_idx': 1413, 'timeframe': 'M15', 'use_case': 'first_confluence', 'parent_tf': 'H1', 'parent_sid': 0, 'parent_cycle_id': 0, 'structure_path_id': 'H1.main >> M15.confluence', 'sub_sid': 0, 'started_by': 'first_confluence', 'start_trigger_idx': 1020}"
1883,RANGE,RANGE_UPDATED,,"{'hi': 0.58314, 'lo': 0.58048, 'structure_id': 0, 'struct_direction': 1, 'timeframe': 'M15', 'use_case': 'first_confluence', 'parent_tf': 'H1', 'parent_sid': 0, 'parent_cycle_id': 0, 'structure_path_id': 'H1.main >> M15.confluence', 'sub_sid': 0, 'started_by': 'first_confluence', 'start_trigger_idx': 1020}"
1883,STATE,STATE_CHANGED,,"{'from': 'pullback_range', 'to': 'pullback', 'structure_id': 0, 'struct_direction': 1, 'reason': 'replay_expand_pullback_side', 'effective_idx': 1479, 'timeframe': 'M15', 'use_case': 'first_confluence', 'parent_tf': 'H1', 'parent_sid': 0, 'parent_cycle_id': 0, 'structure_path_id': 'H1.main >> M15.confluence', 'sub_sid': 0, 'started_by': 'first_confluence', 'start_trigger_idx': 1020}"
1884,STATE,STATE_CHANGED,,"{'from': 'pullback', 'to': 'pullback_range', 'structure_id': 0, 'struct_direction': 1, 'reason': 'replay_no_expand_pullback_side', 'effective_idx': 1480, 'timeframe': 'M15', 'use_case': 'first_confluence', 'parent_tf': 'H1', 'parent_sid': 0, 'parent_cycle_id': 0, 'structure_path_id': 'H1.main >> M15.confluence', 'sub_sid': 0, 'started_by': 'first_confluence', 'start_trigger_idx': 1020}"
1893,RANGE,RANGE_UPDATED,,"{'hi': 0.58314, 'lo': 0.57964, 'structure_id': 0, 'struct_direction': 1, 'timeframe': 'M15', 'use_case': 'first_confluence', 'parent_tf': 'H1', 'parent_sid': 0, 'parent_cycle_id': 0, 'structure_path_id': 'H1.main >> M15.confluence', 'sub_sid': 0, 'started_by': 'first_confluence', 'start_trigger_idx': 1020}"
1893,STATE,STATE_CHANGED,,"{'from': 'pullback_range', 'to': 'pullback', 'structure_id': 0, 'struct_direction': 1, 'reason': 'replay_expand_pullback_side', 'effective_idx': 1489, 'timeframe': 'M15', 'use_case': 'first_confluence', 'parent_tf': 'H1', 'parent_sid': 0, 'parent_cycle_id': 0, 'structure_path_id': 'H1.main >> M15.confluence', 'sub_sid': 0, 'started_by': 'first_confluence', 'start_trigger_idx': 1020}"
1894,RANGE,RANGE_UPDATED,,"{'hi': 0.58314, 'lo': 0.57951, 'structure_id': 0, 'struct_direction': 1, 'timeframe': 'M15', 'use_case': 'first_confluence', 'parent_tf': 'H1', 'parent_sid': 0, 'parent_cycle_id': 0, 'structure_path_id': 'H1.main >> M15.confluence', 'sub_sid': 0, 'started_by': 'first_confluence', 'start_trigger_idx': 1020}"
1895,RANGE,RANGE_UPDATED,,"{'hi': 0.58314, 'lo': 0.5792, 'structure_id': 0, 'struct_direction': 1, 'timeframe': 'M15', 'use_case': 'first_confluence', 'parent_tf': 'H1', 'parent_sid': 0, 'parent_cycle_id': 0, 'structure_path_id': 'H1.main >> M15.confluence', 'sub_sid': 0, 'started_by': 'first_confluence', 'start_trigger_idx': 1020}"
1896,RANGE,RANGE_UPDATED,,"{'hi': 0.58314, 'lo': 0.57906, 'structure_id': 0, 'struct_direction': 1, 'timeframe': 'M15', 'use_case': 'first_confluence', 'parent_tf': 'H1', 'parent_sid': 0, 'parent_cycle_id': 0, 'structure_path_id': 'H1.main >> M15.confluence', 'sub_sid': 0, 'started_by': 'first_confluence', 'start_trigger_idx': 1020}"
1897,STATE,STATE_CHANGED,,"{'from': 'pullback', 'to': 'pullback_range', 'structure_id': 0, 'struct_direction': 1, 'reason': 'replay_no_expand_pullback_side', 'effective_idx': 1493, 'timeframe': 'M15', 'use_case': 'first_confluence', 'parent_tf': 'H1', 'parent_sid': 0, 'parent_cycle_id': 0, 'structure_path_id': 'H1.main >> M15.confluence', 'sub_sid': 0, 'started_by': 'first_confluence', 'start_trigger_idx': 1020}"
1898,RANGE,RANGE_UPDATED,,"{'hi': 0.58314, 'lo': 0.57877, 'structure_id': 0, 'struct_direction': 1, 'timeframe': 'M15', 'use_case': 'first_confluence', 'parent_tf': 'H1', 'parent_sid': 0, 'parent_cycle_id': 0, 'structure_path_id': 'H1.main >> M15.confluence', 'sub_sid': 0, 'started_by': 'first_confluence', 'start_trigger_idx': 1020}"
1898,STATE,STATE_CHANGED,,"{'from': 'pullback_range', 'to': 'pullback', 'structure_id': 0, 'struct_direction': 1, 'reason': 'replay_expand_pullback_side', 'effective_idx': 1494, 'timeframe': 'M15', 'use_case': 'first_confluence', 'parent_tf': 'H1', 'parent_sid': 0, 'parent_cycle_id': 0, 'structure_path_id': 'H1.main >> M15.confluence', 'sub_sid': 0, 'started_by': 'first_confluence', 'start_trigger_idx': 1020}"
1898,STRUCTURE,BOS_THRESHOLD_UPDATED,0.57877,"{'prev': 0.57882, 'reason': 'probe_no_break', 'cycle_id': 4, 'structure_id': 0, 'struct_direction': 1, 'timeframe': 'M15', 'use_case': 'first_confluence', 'parent_tf': 'H1', 'parent_sid': 0, 'parent_cycle_id': 0, 'structure_path_id': 'H1.main >> M15.confluence', 'sub_sid': 0, 'started_by': 'first_confluence', 'start_trigger_idx': 1020}"
1899,STATE,STATE_CHANGED,,"{'from': 'pullback', 'to': 'pullback_range', 'structure_id': 0, 'struct_direction': 1, 'reason': 'replay_no_expand_pullback_side', 'effective_idx': 1495, 'timeframe': 'M15', 'use_case': 'first_confluence', 'parent_tf': 'H1', 'parent_sid': 0, 'parent_cycle_id': 0, 'structure_path_id': 'H1.main >> M15.confluence', 'sub_sid': 0, 'started_by': 'first_confluence', 'start_trigger_idx': 1020}"
1936,STRUCTURE,REVERSAL_WATCH_START,0.57877,"{'anchor_idx': 1936, 'bos_frozen': 0.57877, 'expires_idx': 1537, 'structure_id': 0, 'struct_direction': 1, 'timeframe': 'M15', 'use_case': 'first_confluence', 'parent_tf': 'H1', 'parent_sid': 0, 'parent_cycle_id': 0, 'structure_path_id': 'H1.main >> M15.confluence', 'sub_sid': 0, 'started_by': 'first_confluence', 'start_trigger_idx': 1020}"
1936,STRUCTURE,REVERSAL_CANDIDATE,0.57877,"{'anchor_idx': 1936, 'apply_idx': 1940, 'pattern': '?', 'bos_frozen': 0.57877, 'expires_idx': 1537, 'structure_id': 0, 'struct_direction': 1, 'timeframe': 'M15', 'use_case': 'first_confluence', 'parent_tf': 'H1', 'parent_sid': 0, 'parent_cycle_id': 0, 'structure_path_id': 'H1.main >> M15.confluence', 'sub_sid': 0, 'started_by': 'first_confluence', 'start_trigger_idx': 1020}"
1940,STATE,STATE_CHANGED,,"{'from': 'pullback_range', 'to': 'reversal', 'structure_id': 0, 'struct_direction': 1, 'reason': 'reversal_pattern', 'pat': 'one_maru_continuous', 'bos_frozen': 0.57877, 'effective_idx': 1536, 'timeframe': 'M15', 'use_case': 'first_confluence', 'parent_tf': 'H1', 'parent_sid': 0, 'parent_cycle_id': 0, 'structure_path_id': 'H1.main >> M15.confluence', 'sub_sid': 0, 'started_by': 'first_confluence', 'start_trigger_idx': 1020}"
1940,RANGE,RANGE_UPDATED,,"{'hi': 0.58314, 'lo': 0.57728, 'structure_id': 0, 'struct_direction': 1, 'timeframe': 'M15', 'use_case': 'first_confluence', 'parent_tf': 'H1', 'parent_sid': 0, 'parent_cycle_id': 0, 'structure_path_id': 'H1.main >> M15.confluence', 'sub_sid': 0, 'started_by': 'first_confluence', 'start_trigger_idx': 1020}"
1816,STRUCTURE,CTS_ESTABLISHED,0.58051,"{'via': 'double_maru', 'anchor_idx': 1814, 'pattern_name': 'double_maru', 'confirmed_at': 1816, 'cycle_id': 0, 'structure_id': 0, 'struct_direction': -1, 'timeframe': 'M15', 'use_case': 'reversal', 'parent_tf': 'H1', 'parent_sid': 0, 'parent_cycle_id': 0, 'structure_path_id': 'H1.main >> M15.confluence', 'sub_sid': 1, 'started_by': 'reversal', 'start_trigger_idx': 1940}"
1797,STRUCTURE,BOS_CONFIRMED,0.58244,"{'source': 'initial_prior_extreme', 'confirmed_at': 1816, 'pb_start': None, 'cycle_id': 0, 'structure_id': 0, 'struct_direction': -1, 'timeframe': 'M15', 'use_case': 'reversal', 'parent_tf': 'H1', 'parent_sid': 0, 'parent_cycle_id': 0, 'structure_path_id': 'H1.main >> M15.confluence', 'sub_sid': 1, 'started_by': 'reversal', 'start_trigger_idx': 1940}"
1816,STATE,STATE_CHANGED,,"{'from': 'none', 'to': 'breakout', 'structure_id': 0, 'struct_direction': -1, 'reason': 'breakout_pattern', 'pat': 'double_maru', 'effective_idx': 69, 'timeframe': 'M15', 'use_case': 'reversal', 'parent_tf': 'H1', 'parent_sid': 0, 'parent_cycle_id': 0, 'structure_path_id': 'H1.main >> M15.confluence', 'sub_sid': 1, 'started_by': 'reversal', 'start_trigger_idx': 1940}"
1818,RANGE,RANGE_STARTED,,"{'reason': 'pullback_created_range', 'cts_idx': 69, 'cts_price': 0.58051, 'pullback_apply_idx': 71, 'hi': 0.58109, 'lo': 0.58051, 'pat': 'one_maru_continuous', 'structure_id': 0, 'struct_direction': -1, 'timeframe': 'M15', 'use_case': 'reversal', 'parent_tf': 'H1', 'parent_sid': 0, 'parent_cycle_id': 0, 'structure_path_id': 'H1.main >> M15.confluence', 'sub_sid': 1, 'started_by': 'reversal', 'start_trigger_idx': 1940}"
1818,STRUCTURE,CTS_CONFIRMED,0.58051,"{'via': 'one_maru_continuous', 'cycle_id': 0, 'structure_id': 0, 'struct_direction': -1, 'confirmed_at': 1818, 'cts_anchor_idx': 1816, 'confirmation_method': 'pullback', 'timeframe': 'M15', 'use_case': 'reversal', 'parent_tf': 'H1', 'parent_sid': 0, 'parent_cycle_id': 0, 'structure_path_id': 'H1.main >> M15.confluence', 'sub_sid': 1, 'started_by': 'reversal', 'start_trigger_idx': 1940}"
1818,STATE,STATE_CHANGED,,"{'from': 'breakout', 'to': 'pullback', 'structure_id': 0, 'struct_direction': -1, 'reason': 'pullback_pattern', 'pat': 'one_maru_continuous', 'effective_idx': 71, 'timeframe': 'M15', 'use_case': 'reversal', 'parent_tf': 'H1', 'parent_sid': 0, 'parent_cycle_id': 0, 'structure_path_id': 'H1.main >> M15.confluence', 'sub_sid': 1, 'started_by': 'reversal', 'start_trigger_idx': 1940}"
1819,STATE,STATE_CHANGED,,"{'from': 'pullback', 'to': 'pullback_range', 'structure_id': 0, 'struct_direction': -1, 'reason': 'replay_no_expand_pullback_side', 'effective_idx': 72, 'timeframe': 'M15', 'use_case': 'reversal', 'parent_tf': 'H1', 'parent_sid': 0, 'parent_cycle_id': 0, 'structure_path_id': 'H1.main >> M15.confluence', 'sub_sid': 1, 'started_by': 'reversal', 'start_trigger_idx': 1940}"
1820,RANGE,RANGE_UPDATED,,"{'hi': 0.58114, 'lo': 0.58051, 'structure_id': 0, 'struct_direction': -1, 'timeframe': 'M15', 'use_case': 'reversal', 'parent_tf': 'H1', 'parent_sid': 0, 'parent_cycle_id': 0, 'structure_path_id': 'H1.main >> M15.confluence', 'sub_sid': 1, 'started_by': 'reversal', 'start_trigger_idx': 1940}"
1820,STATE,STATE_CHANGED,,"{'from': 'pullback_range', 'to': 'pullback', 'structure_id': 0, 'struct_direction': -1, 'reason': 'replay_expand_pullback_side', 'effective_idx': 73, 'timeframe': 'M15', 'use_case': 'reversal', 'parent_tf': 'H1', 'parent_sid': 0, 'parent_cycle_id': 0, 'structure_path_id': 'H1.main >> M15.confluence', 'sub_sid': 1, 'started_by': 'reversal', 'start_trigger_idx': 1940}"
1821,STATE,STATE_CHANGED,,"{'from': 'pullback', 'to': 'pullback_range', 'structure_id': 0, 'struct_direction': -1, 'reason': 'replay_no_expand_pullback_side', 'effective_idx': 74, 'timeframe': 'M15', 'use_case': 'reversal', 'parent_tf': 'H1', 'parent_sid': 0, 'parent_cycle_id': 0, 'structure_path_id': 'H1.main >> M15.confluence', 'sub_sid': 1, 'started_by': 'reversal', 'start_trigger_idx': 1940}"
1832,RANGE,RANGE_UPDATED,,"{'hi': 0.58126, 'lo': 0.58051, 'structure_id': 0, 'struct_direction': -1, 'timeframe': 'M15', 'use_case': 'reversal', 'parent_tf': 'H1', 'parent_sid': 0, 'parent_cycle_id': 0, 'structure_path_id': 'H1.main >> M15.confluence', 'sub_sid': 1, 'started_by': 'reversal', 'start_trigger_idx': 1940}"
1832,STATE,STATE_CHANGED,,"{'from': 'pullback_range', 'to': 'pullback', 'structure_id': 0, 'struct_direction': -1, 'reason': 'replay_expand_pullback_side', 'effective_idx': 85, 'timeframe': 'M15', 'use_case': 'reversal', 'parent_tf': 'H1', 'parent_sid': 0, 'parent_cycle_id': 0, 'structure_path_id': 'H1.main >> M15.confluence', 'sub_sid': 1, 'started_by': 'reversal', 'start_trigger_idx': 1940}"
1833,RANGE,RANGE_UPDATED,,"{'hi': 0.58134, 'lo': 0.58051, 'structure_id': 0, 'struct_direction': -1, 'timeframe': 'M15', 'use_case': 'reversal', 'parent_tf': 'H1', 'parent_sid': 0, 'parent_cycle_id': 0, 'structure_path_id': 'H1.main >> M15.confluence', 'sub_sid': 1, 'started_by': 'reversal', 'start_trigger_idx': 1940}"
1834,RANGE,RANGE_UPDATED,,"{'hi': 0.58165, 'lo': 0.58051, 'structure_id': 0, 'struct_direction': -1, 'timeframe': 'M15', 'use_case': 'reversal', 'parent_tf': 'H1', 'parent_sid': 0, 'parent_cycle_id': 0, 'structure_path_id': 'H1.main >> M15.confluence', 'sub_sid': 1, 'started_by': 'reversal', 'start_trigger_idx': 1940}"
1835,RANGE,RANGE_UPDATED,,"{'hi': 0.58178, 'lo': 0.58051, 'structure_id': 0, 'struct_direction': -1, 'timeframe': 'M15', 'use_case': 'reversal', 'parent_tf': 'H1', 'parent_sid': 0, 'parent_cycle_id': 0, 'structure_path_id': 'H1.main >> M15.confluence', 'sub_sid': 1, 'started_by': 'reversal', 'start_trigger_idx': 1940}"
1836,STATE,STATE_CHANGED,,"{'from': 'pullback', 'to': 'pullback_range', 'structure_id': 0, 'struct_direction': -1, 'reason': 'replay_no_expand_pullback_side', 'effective_idx': 89, 'timeframe': 'M15', 'use_case': 'reversal', 'parent_tf': 'H1', 'parent_sid': 0, 'parent_cycle_id': 0, 'structure_path_id': 'H1.main >> M15.confluence', 'sub_sid': 1, 'started_by': 'reversal', 'start_trigger_idx': 1940}"
1837,RANGE,RANGE_UPDATED,,"{'hi': 0.58206, 'lo': 0.58051, 'structure_id': 0, 'struct_direction': -1, 'timeframe': 'M15', 'use_case': 'reversal', 'parent_tf': 'H1', 'parent_sid': 0, 'parent_cycle_id': 0, 'structure_path_id': 'H1.main >> M15.confluence', 'sub_sid': 1, 'started_by': 'reversal', 'start_trigger_idx': 1940}"
1837,STATE,STATE_CHANGED,,"{'from': 'pullback_range', 'to': 'pullback', 'structure_id': 0, 'struct_direction': -1, 'reason': 'replay_expand_pullback_side', 'effective_idx': 90, 'timeframe': 'M15', 'use_case': 'reversal', 'parent_tf': 'H1', 'parent_sid': 0, 'parent_cycle_id': 0, 'structure_path_id': 'H1.main >> M15.confluence', 'sub_sid': 1, 'started_by': 'reversal', 'start_trigger_idx': 1940}"
1838,STATE,STATE_CHANGED,,"{'from': 'pullback', 'to': 'pullback_range', 'structure_id': 0, 'struct_direction': -1, 'reason': 'replay_no_expand_pullback_side', 'effective_idx': 91, 'timeframe': 'M15', 'use_case': 'reversal', 'parent_tf': 'H1', 'parent_sid': 0, 'parent_cycle_id': 0, 'structure_path_id': 'H1.main >> M15.confluence', 'sub_sid': 1, 'started_by': 'reversal', 'start_trigger_idx': 1940}"
1883,RANGE,RANGE_UPDATED,,"{'hi': 0.58206, 'lo': 0.58048, 'structure_id': 0, 'struct_direction': -1, 'timeframe': 'M15', 'use_case': 'reversal', 'parent_tf': 'H1', 'parent_sid': 0, 'parent_cycle_id': 0, 'structure_path_id': 'H1.main >> M15.confluence', 'sub_sid': 1, 'started_by': 'reversal', 'start_trigger_idx': 1940}"
1883,STRUCTURE,CTS_THRESHOLD_UPDATED,0.58048,"{'prev': 0.58051, 'reason': 'range_sync', 'cycle_id': 0, 'structure_id': 0, 'struct_direction': -1, 'timeframe': 'M15', 'use_case': 'reversal', 'parent_tf': 'H1', 'parent_sid': 0, 'parent_cycle_id': 0, 'structure_path_id': 'H1.main >> M15.confluence', 'sub_sid': 1, 'started_by': 'reversal', 'start_trigger_idx': 1940}"
1894,RANGE,RANGE_RESET,,"{'reason': 'range_breakout', 'pat': 'one_maru_continuous', 'structure_id': 0, 'struct_direction': -1, 'timeframe': 'M15', 'use_case': 'reversal', 'parent_tf': 'H1', 'parent_sid': 0, 'parent_cycle_id': 0, 'structure_path_id': 'H1.main >> M15.confluence', 'sub_sid': 1, 'started_by': 'reversal', 'start_trigger_idx': 1940}"
1894,STRUCTURE,CTS_ESTABLISHED,0.57951,"{'via': 'one_maru_continuous', 'anchor_idx': 1893, 'pattern_name': 'one_maru_continuous', 'confirmed_at': 1894, 'cycle_id': 1, 'structure_id': 0, 'struct_direction': -1, 'timeframe': 'M15', 'use_case': 'reversal', 'parent_tf': 'H1', 'parent_sid': 0, 'parent_cycle_id': 0, 'structure_path_id': 'H1.main >> M15.confluence', 'sub_sid': 1, 'started_by': 'reversal', 'start_trigger_idx': 1940}"
1837,STRUCTURE,BOS_CONFIRMED,0.58206,"{'source': 'pullback_extreme', 'confirmed_at': 1894, 'pb_start': 71, 'cycle_id': 1, 'structure_id': 0, 'struct_direction': -1, 'timeframe': 'M15', 'use_case': 'reversal', 'parent_tf': 'H1', 'parent_sid': 0, 'parent_cycle_id': 0, 'structure_path_id': 'H1.main >> M15.confluence', 'sub_sid': 1, 'started_by': 'reversal', 'start_trigger_idx': 1940}"
1894,STATE,STATE_CHANGED,,"{'from': 'pullback_range', 'to': 'breakout', 'structure_id': 0, 'struct_direction': -1, 'reason': 'breakout_pattern', 'pat': 'one_maru_continuous', 'effective_idx': 147, 'timeframe': 'M15', 'use_case': 'reversal', 'parent_tf': 'H1', 'parent_sid': 0, 'parent_cycle_id': 0, 'structure_path_id': 'H1.main >> M15.confluence', 'sub_sid': 1, 'started_by': 'reversal', 'start_trigger_idx': 1940}"
1895,STRUCTURE,CTS_UPDATED,0.5792,"{'via': 'replay_raw', 'cycle_id': 1, 'structure_id': 0, 'struct_direction': -1, 'timeframe': 'M15', 'use_case': 'reversal', 'parent_tf': 'H1', 'parent_sid': 0, 'parent_cycle_id': 0, 'structure_path_id': 'H1.main >> M15.confluence', 'sub_sid': 1, 'started_by': 'reversal', 'start_trigger_idx': 1940}"
1896,STRUCTURE,CTS_UPDATED,0.57906,"{'via': 'replay_raw', 'cycle_id': 1, 'structure_id': 0, 'struct_direction': -1, 'timeframe': 'M15', 'use_case': 'reversal', 'parent_tf': 'H1', 'parent_sid': 0, 'parent_cycle_id': 0, 'structure_path_id': 'H1.main >> M15.confluence', 'sub_sid': 1, 'started_by': 'reversal', 'start_trigger_idx': 1940}"
1897,RANGE,RANGE_STARTED,,"{'start_idx': 148, 'confirm_idx': 150, 'hi': 0.58003, 'lo': 0.57906, 'cts_idx': 149, 'cts_price': 0.57906, 'structure_id': 0, 'struct_direction': -1, 'timeframe': 'M15', 'use_case': 'reversal', 'parent_tf': 'H1', 'parent_sid': 0, 'parent_cycle_id': 0, 'structure_path_id': 'H1.main >> M15.confluence', 'sub_sid': 1, 'started_by': 'reversal', 'start_trigger_idx': 1940}"
1897,STATE,STATE_CHANGED,,"{'from': 'breakout', 'to': 'range', 'structure_id': 0, 'struct_direction': -1, 'reason': 'range_confirmed', 'effective_idx': 148, 'timeframe': 'M15', 'use_case': 'reversal', 'parent_tf': 'H1', 'parent_sid': 0, 'parent_cycle_id': 0, 'structure_path_id': 'H1.main >> M15.confluence', 'sub_sid': 1, 'started_by': 'reversal', 'start_trigger_idx': 1940}"
1898,RANGE,RANGE_UPDATED,,"{'hi': 0.58003, 'lo': 0.57877, 'structure_id': 0, 'struct_direction': -1, 'timeframe': 'M15', 'use_case': 'reversal', 'parent_tf': 'H1', 'parent_sid': 0, 'parent_cycle_id': 0, 'structure_path_id': 'H1.main >> M15.confluence', 'sub_sid': 1, 'started_by': 'reversal', 'start_trigger_idx': 1940}"
1898,STRUCTURE,CTS_UPDATED,0.57877,"{'via': 'replay_raw', 'cycle_id': 1, 'structure_id': 0, 'struct_direction': -1, 'timeframe': 'M15', 'use_case': 'reversal', 'parent_tf': 'H1', 'parent_sid': 0, 'parent_cycle_id': 0, 'structure_path_id': 'H1.main >> M15.confluence', 'sub_sid': 1, 'started_by': 'reversal', 'start_trigger_idx': 1940}"
1901,RANGE,RANGE_UPDATED,,"{'hi': 0.58018, 'lo': 0.57877, 'structure_id': 0, 'struct_direction': -1, 'timeframe': 'M15', 'use_case': 'reversal', 'parent_tf': 'H1', 'parent_sid': 0, 'parent_cycle_id': 0, 'structure_path_id': 'H1.main >> M15.confluence', 'sub_sid': 1, 'started_by': 'reversal', 'start_trigger_idx': 1940}"
1902,STRUCTURE,CTS_CONFIRMED,0.57877,"{'via': 'sd_zone_proximity', 'trigger_inner': 0.5809, 'zone_kind': 'POI', 'proximity_pips': 5, 'cycle_id': 1, 'structure_id': 0, 'struct_direction': -1, 'confirmed_at': 1902, 'cts_anchor_idx': 1898, 'confirmation_method': 'sd_zone_proximity', 'timeframe': 'M15', 'use_case': 'reversal', 'parent_tf': 'H1', 'parent_sid': 0, 'parent_cycle_id': 0, 'structure_path_id': 'H1.main >> M15.confluence', 'sub_sid': 1, 'started_by': 'reversal', 'start_trigger_idx': 1940}"
1904,RANGE,RANGE_UPDATED,,"{'reason': 'pullback_expand', 'hi': 0.58058, 'lo': 0.57877, 'pat': 'one_maru_opposite', 'structure_id': 0, 'struct_direction': -1, 'timeframe': 'M15', 'use_case': 'reversal', 'parent_tf': 'H1', 'parent_sid': 0, 'parent_cycle_id': 0, 'structure_path_id': 'H1.main >> M15.confluence', 'sub_sid': 1, 'started_by': 'reversal', 'start_trigger_idx': 1940}"
1904,STRUCTURE,CTS_RECONFIRMED,0.57877,"{'via': 'one_maru_opposite', 'cycle_id': 1, 'structure_id': 0, 'struct_direction': -1, 'confirmed_at': 1904, 'cts_anchor_idx': 1898, 'confirmation_method': 'pullback', 'timeframe': 'M15', 'use_case': 'reversal', 'parent_tf': 'H1', 'parent_sid': 0, 'parent_cycle_id': 0, 'structure_path_id': 'H1.main >> M15.confluence', 'sub_sid': 1, 'started_by': 'reversal', 'start_trigger_idx': 1940}"
1904,STATE,STATE_CHANGED,,"{'from': 'range', 'to': 'pullback', 'structure_id': 0, 'struct_direction': -1, 'reason': 'pullback_pattern', 'pat': 'one_maru_opposite', 'effective_idx': 157, 'timeframe': 'M15', 'use_case': 'reversal', 'parent_tf': 'H1', 'parent_sid': 0, 'parent_cycle_id': 0, 'structure_path_id': 'H1.main >> M15.confluence', 'sub_sid': 1, 'started_by': 'reversal', 'start_trigger_idx': 1940}"
1904,RANGE,RANGE_UPDATED,,"{'hi': 0.58081, 'lo': 0.57877, 'structure_id': 0, 'struct_direction': -1, 'timeframe': 'M15', 'use_case': 'reversal', 'parent_tf': 'H1', 'parent_sid': 0, 'parent_cycle_id': 0, 'structure_path_id': 'H1.main >> M15.confluence', 'sub_sid': 1, 'started_by': 'reversal', 'start_trigger_idx': 1940}"
1905,STATE,STATE_CHANGED,,"{'from': 'pullback', 'to': 'pullback_range', 'structure_id': 0, 'struct_direction': -1, 'reason': 'replay_no_expand_pullback_side', 'effective_idx': 158, 'timeframe': 'M15', 'use_case': 'reversal', 'parent_tf': 'H1', 'parent_sid': 0, 'parent_cycle_id': 0, 'structure_path_id': 'H1.main >> M15.confluence', 'sub_sid': 1, 'started_by': 'reversal', 'start_trigger_idx': 1940}"
1934,RANGE,RANGE_UPDATED,,"{'hi': 0.58088, 'lo': 0.57877, 'structure_id': 0, 'struct_direction': -1, 'timeframe': 'M15', 'use_case': 'reversal', 'parent_tf': 'H1', 'parent_sid': 0, 'parent_cycle_id': 0, 'structure_path_id': 'H1.main >> M15.confluence', 'sub_sid': 1, 'started_by': 'reversal', 'start_trigger_idx': 1940}"
1934,STATE,STATE_CHANGED,,"{'from': 'pullback_range', 'to': 'pullback', 'structure_id': 0, 'struct_direction': -1, 'reason': 'replay_expand_pullback_side', 'effective_idx': 187, 'timeframe': 'M15', 'use_case': 'reversal', 'parent_tf': 'H1', 'parent_sid': 0, 'parent_cycle_id': 0, 'structure_path_id': 'H1.main >> M15.confluence', 'sub_sid': 1, 'started_by': 'reversal', 'start_trigger_idx': 1940}"
1935,STATE,STATE_CHANGED,,"{'from': 'pullback', 'to': 'pullback_range', 'structure_id': 0, 'struct_direction': -1, 'reason': 'replay_no_expand_pullback_side', 'effective_idx': 188, 'timeframe': 'M15', 'use_case': 'reversal', 'parent_tf': 'H1', 'parent_sid': 0, 'parent_cycle_id': 0, 'structure_path_id': 'H1.main >> M15.confluence', 'sub_sid': 1, 'started_by': 'reversal', 'start_trigger_idx': 1940}"
1940,RANGE,RANGE_RESET,,"{'reason': 'range_breakout', 'pat': 'one_maru_continuous', 'structure_id': 0, 'struct_direction': -1, 'timeframe': 'M15', 'use_case': 'reversal', 'parent_tf': 'H1', 'parent_sid': 0, 'parent_cycle_id': 0, 'structure_path_id': 'H1.main >> M15.confluence', 'sub_sid': 1, 'started_by': 'reversal', 'start_trigger_idx': 1940}"
1940,STRUCTURE,CTS_ESTABLISHED,0.57728,"{'via': 'one_maru_continuous', 'anchor_idx': 1936, 'pattern_name': 'one_maru_continuous', 'confirmed_at': 1940, 'cycle_id': 2, 'structure_id': 0, 'struct_direction': -1, 'timeframe': 'M15', 'use_case': 'reversal', 'parent_tf': 'H1', 'parent_sid': 0, 'parent_cycle_id': 0, 'structure_path_id': 'H1.main >> M15.confluence', 'sub_sid': 1, 'started_by': 'reversal', 'start_trigger_idx': 1940}"
1934,STRUCTURE,BOS_CONFIRMED,0.58088,"{'source': 'pullback_extreme', 'confirmed_at': 1940, 'pb_start': 157, 'cycle_id': 2, 'structure_id': 0, 'struct_direction': -1, 'timeframe': 'M15', 'use_case': 'reversal', 'parent_tf': 'H1', 'parent_sid': 0, 'parent_cycle_id': 0, 'structure_path_id': 'H1.main >> M15.confluence', 'sub_sid': 1, 'started_by': 'reversal', 'start_trigger_idx': 1940}"
1940,STATE,STATE_CHANGED,,"{'from': 'pullback_range', 'to': 'breakout', 'structure_id': 0, 'struct_direction': -1, 'reason': 'breakout_pattern', 'pat': 'one_maru_continuous', 'effective_idx': 193, 'timeframe': 'M15', 'use_case': 'reversal', 'parent_tf': 'H1', 'parent_sid': 0, 'parent_cycle_id': 0, 'structure_path_id': 'H1.main >> M15.confluence', 'sub_sid': 1, 'started_by': 'reversal', 'start_trigger_idx': 1940}"
1942,STRUCTURE,CTS_UPDATED,0.57718,"{'via': 'replay_raw', 'cycle_id': 2, 'structure_id': 0, 'struct_direction': -1, 'timeframe': 'M15', 'use_case': 'reversal', 'parent_tf': 'H1', 'parent_sid': 0, 'parent_cycle_id': 0, 'structure_path_id': 'H1.main >> M15.confluence', 'sub_sid': 1, 'started_by': 'reversal', 'start_trigger_idx': 1940}"
1943,STRUCTURE,CTS_UPDATED,0.57676,"{'via': 'replay_raw', 'cycle_id': 2, 'structure_id': 0, 'struct_direction': -1, 'timeframe': 'M15', 'use_case': 'reversal', 'parent_tf': 'H1', 'parent_sid': 0, 'parent_cycle_id': 0, 'structure_path_id': 'H1.main >> M15.confluence', 'sub_sid': 1, 'started_by': 'reversal', 'start_trigger_idx': 1940}"
1945,STRUCTURE,CTS_UPDATED,0.57656,"{'via': 'replay_raw', 'cycle_id': 2, 'structure_id': 0, 'struct_direction': -1, 'timeframe': 'M15', 'use_case': 'reversal', 'parent_tf': 'H1', 'parent_sid': 0, 'parent_cycle_id': 0, 'structure_path_id': 'H1.main >> M15.confluence', 'sub_sid': 1, 'started_by': 'reversal', 'start_trigger_idx': 1940}"
1948,RANGE,RANGE_STARTED,,"{'reason': 'pullback_created_range', 'cts_idx': 198, 'cts_price': 0.57656, 'pullback_apply_idx': 201, 'hi': 0.57756, 'lo': 0.57656, 'pat': 'one_maru_continuous', 'structure_id': 0, 'struct_direction': -1, 'timeframe': 'M15', 'use_case': 'reversal', 'parent_tf': 'H1', 'parent_sid': 0, 'parent_cycle_id': 0, 'structure_path_id': 'H1.main >> M15.confluence', 'sub_sid': 1, 'started_by': 'reversal', 'start_trigger_idx': 1940}"
1948,STRUCTURE,CTS_CONFIRMED,0.57656,"{'via': 'one_maru_continuous', 'cycle_id': 2, 'structure_id': 0, 'struct_direction': -1, 'confirmed_at': 1948, 'cts_anchor_idx': 1945, 'confirmation_method': 'pullback', 'timeframe': 'M15', 'use_case': 'reversal', 'parent_tf': 'H1', 'parent_sid': 0, 'parent_cycle_id': 0, 'structure_path_id': 'H1.main >> M15.confluence', 'sub_sid': 1, 'started_by': 'reversal', 'start_trigger_idx': 1940}"
1948,STATE,STATE_CHANGED,,"{'from': 'breakout', 'to': 'pullback', 'structure_id': 0, 'struct_direction': -1, 'reason': 'pullback_pattern', 'pat': 'one_maru_continuous', 'effective_idx': 201, 'timeframe': 'M15', 'use_case': 'reversal', 'parent_tf': 'H1', 'parent_sid': 0, 'parent_cycle_id': 0, 'structure_path_id': 'H1.main >> M15.confluence', 'sub_sid': 1, 'started_by': 'reversal', 'start_trigger_idx': 1940}"
1948,RANGE,RANGE_UPDATED,,"{'hi': 0.57794, 'lo': 0.57656, 'structure_id': 0, 'struct_direction': -1, 'timeframe': 'M15', 'use_case': 'reversal', 'parent_tf': 'H1', 'parent_sid': 0, 'parent_cycle_id': 0, 'structure_path_id': 'H1.main >> M15.confluence', 'sub_sid': 1, 'started_by': 'reversal', 'start_trigger_idx': 1940}"
1949,STATE,STATE_CHANGED,,"{'from': 'pullback', 'to': 'pullback_range', 'structure_id': 0, 'struct_direction': -1, 'reason': 'replay_no_expand_pullback_side', 'effective_idx': 202, 'timeframe': 'M15', 'use_case': 'reversal', 'parent_tf': 'H1', 'parent_sid': 0, 'parent_cycle_id': 0, 'structure_path_id': 'H1.main >> M15.confluence', 'sub_sid': 1, 'started_by': 'reversal', 'start_trigger_idx': 1940}"
1950,RANGE,RANGE_UPDATED,,"{'hi': 0.57816, 'lo': 0.57656, 'structure_id': 0, 'struct_direction': -1, 'timeframe': 'M15', 'use_case': 'reversal', 'parent_tf': 'H1', 'parent_sid': 0, 'parent_cycle_id': 0, 'structure_path_id': 'H1.main >> M15.confluence', 'sub_sid': 1, 'started_by': 'reversal', 'start_trigger_idx': 1940}"
1950,STATE,STATE_CHANGED,,"{'from': 'pullback_range', 'to': 'pullback', 'structure_id': 0, 'struct_direction': -1, 'reason': 'replay_expand_pullback_side', 'effective_idx': 203, 'timeframe': 'M15', 'use_case': 'reversal', 'parent_tf': 'H1', 'parent_sid': 0, 'parent_cycle_id': 0, 'structure_path_id': 'H1.main >> M15.confluence', 'sub_sid': 1, 'started_by': 'reversal', 'start_trigger_idx': 1940}"
1951,RANGE,RANGE_UPDATED,,"{'hi': 0.57822, 'lo': 0.57656, 'structure_id': 0, 'struct_direction': -1, 'timeframe': 'M15', 'use_case': 'reversal', 'parent_tf': 'H1', 'parent_sid': 0, 'parent_cycle_id': 0, 'structure_path_id': 'H1.main >> M15.confluence', 'sub_sid': 1, 'started_by': 'reversal', 'start_trigger_idx': 1940}"
1952,STATE,STATE_CHANGED,,"{'from': 'pullback', 'to': 'pullback_range', 'structure_id': 0, 'struct_direction': -1, 'reason': 'replay_no_expand_pullback_side', 'effective_idx': 205, 'timeframe': 'M15', 'use_case': 'reversal', 'parent_tf': 'H1', 'parent_sid': 0, 'parent_cycle_id': 0, 'structure_path_id': 'H1.main >> M15.confluence', 'sub_sid': 1, 'started_by': 'reversal', 'start_trigger_idx': 1940}"
1953,RANGE,RANGE_UPDATED,,"{'hi': 0.57824, 'lo': 0.57656, 'structure_id': 0, 'struct_direction': -1, 'timeframe': 'M15', 'use_case': 'reversal', 'parent_tf': 'H1', 'parent_sid': 0, 'parent_cycle_id': 0, 'structure_path_id': 'H1.main >> M15.confluence', 'sub_sid': 1, 'started_by': 'reversal', 'start_trigger_idx': 1940}"
1953,STATE,STATE_CHANGED,,"{'from': 'pullback_range', 'to': 'pullback', 'structure_id': 0, 'struct_direction': -1, 'reason': 'replay_expand_pullback_side', 'effective_idx': 206, 'timeframe': 'M15', 'use_case': 'reversal', 'parent_tf': 'H1', 'parent_sid': 0, 'parent_cycle_id': 0, 'structure_path_id': 'H1.main >> M15.confluence', 'sub_sid': 1, 'started_by': 'reversal', 'start_trigger_idx': 1940}"
1954,RANGE,RANGE_UPDATED,,"{'hi': 0.57834, 'lo': 0.57656, 'structure_id': 0, 'struct_direction': -1, 'timeframe': 'M15', 'use_case': 'reversal', 'parent_tf': 'H1', 'parent_sid': 0, 'parent_cycle_id': 0, 'structure_path_id': 'H1.main >> M15.confluence', 'sub_sid': 1, 'started_by': 'reversal', 'start_trigger_idx': 1940}"
1955,RANGE,RANGE_UPDATED,,"{'hi': 0.57854, 'lo': 0.57656, 'structure_id': 0, 'struct_direction': -1, 'timeframe': 'M15', 'use_case': 'reversal', 'parent_tf': 'H1', 'parent_sid': 0, 'parent_cycle_id': 0, 'structure_path_id': 'H1.main >> M15.confluence', 'sub_sid': 1, 'started_by': 'reversal', 'start_trigger_idx': 1940}"
1956,RANGE,RANGE_UPDATED,,"{'hi': 0.5788, 'lo': 0.57656, 'structure_id': 0, 'struct_direction': -1, 'timeframe': 'M15', 'use_case': 'reversal', 'parent_tf': 'H1', 'parent_sid': 0, 'parent_cycle_id': 0, 'structure_path_id': 'H1.main >> M15.confluence', 'sub_sid': 1, 'started_by': 'reversal', 'start_trigger_idx': 1940}"
1957,STATE,STATE_CHANGED,,"{'from': 'pullback', 'to': 'pullback_range', 'structure_id': 0, 'struct_direction': -1, 'reason': 'replay_no_expand_pullback_side', 'effective_idx': 210, 'timeframe': 'M15', 'use_case': 'reversal', 'parent_tf': 'H1', 'parent_sid': 0, 'parent_cycle_id': 0, 'structure_path_id': 'H1.main >> M15.confluence', 'sub_sid': 1, 'started_by': 'reversal', 'start_trigger_idx': 1940}"
1973,RANGE,RANGE_UPDATED,,"{'hi': 0.57902, 'lo': 0.57656, 'structure_id': 0, 'struct_direction': -1, 'timeframe': 'M15', 'use_case': 'reversal', 'parent_tf': 'H1', 'parent_sid': 0, 'parent_cycle_id': 0, 'structure_path_id': 'H1.main >> M15.confluence', 'sub_sid': 1, 'started_by': 'reversal', 'start_trigger_idx': 1940}"
1973,STATE,STATE_CHANGED,,"{'from': 'pullback_range', 'to': 'pullback', 'structure_id': 0, 'struct_direction': -1, 'reason': 'replay_expand_pullback_side', 'effective_idx': 226, 'timeframe': 'M15', 'use_case': 'reversal', 'parent_tf': 'H1', 'parent_sid': 0, 'parent_cycle_id': 0, 'structure_path_id': 'H1.main >> M15.confluence', 'sub_sid': 1, 'started_by': 'reversal', 'start_trigger_idx': 1940}"
1974,RANGE,RANGE_UPDATED,,"{'hi': 0.57934, 'lo': 0.57656, 'structure_id': 0, 'struct_direction': -1, 'timeframe': 'M15', 'use_case': 'reversal', 'parent_tf': 'H1', 'parent_sid': 0, 'parent_cycle_id': 0, 'structure_path_id': 'H1.main >> M15.confluence', 'sub_sid': 1, 'started_by': 'reversal', 'start_trigger_idx': 1940}"
1975,RANGE,RANGE_UPDATED,,"{'hi': 0.57955, 'lo': 0.57656, 'structure_id': 0, 'struct_direction': -1, 'timeframe': 'M15', 'use_case': 'reversal', 'parent_tf': 'H1', 'parent_sid': 0, 'parent_cycle_id': 0, 'structure_path_id': 'H1.main >> M15.confluence', 'sub_sid': 1, 'started_by': 'reversal', 'start_trigger_idx': 1940}"
1976,RANGE,RANGE_UPDATED,,"{'hi': 0.57957, 'lo': 0.57656, 'structure_id': 0, 'struct_direction': -1, 'timeframe': 'M15', 'use_case': 'reversal', 'parent_tf': 'H1', 'parent_sid': 0, 'parent_cycle_id': 0, 'structure_path_id': 'H1.main >> M15.confluence', 'sub_sid': 1, 'started_by': 'reversal', 'start_trigger_idx': 1940}"
1977,RANGE,RANGE_UPDATED,,"{'hi': 0.57973, 'lo': 0.57656, 'structure_id': 0, 'struct_direction': -1, 'timeframe': 'M15', 'use_case': 'reversal', 'parent_tf': 'H1', 'parent_sid': 0, 'parent_cycle_id': 0, 'structure_path_id': 'H1.main >> M15.confluence', 'sub_sid': 1, 'started_by': 'reversal', 'start_trigger_idx': 1940}"
1978,RANGE,RANGE_UPDATED,,"{'hi': 0.57975, 'lo': 0.57656, 'structure_id': 0, 'struct_direction': -1, 'timeframe': 'M15', 'use_case': 'reversal', 'parent_tf': 'H1', 'parent_sid': 0, 'parent_cycle_id': 0, 'structure_path_id': 'H1.main >> M15.confluence', 'sub_sid': 1, 'started_by': 'reversal', 'start_trigger_idx': 1940}"
1979,STATE,STATE_CHANGED,,"{'from': 'pullback', 'to': 'pullback_range', 'structure_id': 0, 'struct_direction': -1, 'reason': 'replay_no_expand_pullback_side', 'effective_idx': 232, 'timeframe': 'M15', 'use_case': 'reversal', 'parent_tf': 'H1', 'parent_sid': 0, 'parent_cycle_id': 0, 'structure_path_id': 'H1.main >> M15.confluence', 'sub_sid': 1, 'started_by': 'reversal', 'start_trigger_idx': 1940}"
1982,RANGE,RANGE_UPDATED,,"{'hi': 0.57978, 'lo': 0.57656, 'structure_id': 0, 'struct_direction': -1, 'timeframe': 'M15', 'use_case': 'reversal', 'parent_tf': 'H1', 'parent_sid': 0, 'parent_cycle_id': 0, 'structure_path_id': 'H1.main >> M15.confluence', 'sub_sid': 1, 'started_by': 'reversal', 'start_trigger_idx': 1940}"
1982,STATE,STATE_CHANGED,,"{'from': 'pullback_range', 'to': 'pullback', 'structure_id': 0, 'struct_direction': -1, 'reason': 'replay_expand_pullback_side', 'effective_idx': 235, 'timeframe': 'M15', 'use_case': 'reversal', 'parent_tf': 'H1', 'parent_sid': 0, 'parent_cycle_id': 0, 'structure_path_id': 'H1.main >> M15.confluence', 'sub_sid': 1, 'started_by': 'reversal', 'start_trigger_idx': 1940}"
1983,RANGE,RANGE_UPDATED,,"{'hi': 0.5799, 'lo': 0.57656, 'structure_id': 0, 'struct_direction': -1, 'timeframe': 'M15', 'use_case': 'reversal', 'parent_tf': 'H1', 'parent_sid': 0, 'parent_cycle_id': 0, 'structure_path_id': 'H1.main >> M15.confluence', 'sub_sid': 1, 'started_by': 'reversal', 'start_trigger_idx': 1940}"
1984,STATE,STATE_CHANGED,,"{'from': 'pullback', 'to': 'pullback_range', 'structure_id': 0, 'struct_direction': -1, 'reason': 'replay_no_expand_pullback_side', 'effective_idx': 237, 'timeframe': 'M15', 'use_case': 'reversal', 'parent_tf': 'H1', 'parent_sid': 0, 'parent_cycle_id': 0, 'structure_path_id': 'H1.main >> M15.confluence', 'sub_sid': 1, 'started_by': 'reversal', 'start_trigger_idx': 1940}"
1986,RANGE,RANGE_UPDATED,,"{'hi': 0.58008, 'lo': 0.57656, 'structure_id': 0, 'struct_direction': -1, 'timeframe': 'M15', 'use_case': 'reversal', 'parent_tf': 'H1', 'parent_sid': 0, 'parent_cycle_id': 0, 'structure_path_id': 'H1.main >> M15.confluence', 'sub_sid': 1, 'started_by': 'reversal', 'start_trigger_idx': 1940}"
1986,STATE,STATE_CHANGED,,"{'from': 'pullback_range', 'to': 'pullback', 'structure_id': 0, 'struct_direction': -1, 'reason': 'replay_expand_pullback_side', 'effective_idx': 239, 'timeframe': 'M15', 'use_case': 'reversal', 'parent_tf': 'H1', 'parent_sid': 0, 'parent_cycle_id': 0, 'structure_path_id': 'H1.main >> M15.confluence', 'sub_sid': 1, 'started_by': 'reversal', 'start_trigger_idx': 1940}"
1987,RANGE,RANGE_UPDATED,,"{'hi': 0.58028, 'lo': 0.57656, 'structure_id': 0, 'struct_direction': -1, 'timeframe': 'M15', 'use_case': 'reversal', 'parent_tf': 'H1', 'parent_sid': 0, 'parent_cycle_id': 0, 'structure_path_id': 'H1.main >> M15.confluence', 'sub_sid': 1, 'started_by': 'reversal', 'start_trigger_idx': 1940}"
1988,STATE,STATE_CHANGED,,"{'from': 'pullback', 'to': 'pullback_range', 'structure_id': 0, 'struct_direction': -1, 'reason': 'replay_no_expand_pullback_side', 'effective_idx': 241, 'timeframe': 'M15', 'use_case': 'reversal', 'parent_tf': 'H1', 'parent_sid': 0, 'parent_cycle_id': 0, 'structure_path_id': 'H1.main >> M15.confluence', 'sub_sid': 1, 'started_by': 'reversal', 'start_trigger_idx': 1940}"
1991,RANGE,RANGE_UPDATED,,"{'hi': 0.5803, 'lo': 0.57656, 'structure_id': 0, 'struct_direction': -1, 'timeframe': 'M15', 'use_case': 'reversal', 'parent_tf': 'H1', 'parent_sid': 0, 'parent_cycle_id': 0, 'structure_path_id': 'H1.main >> M15.confluence', 'sub_sid': 1, 'started_by': 'reversal', 'start_trigger_idx': 1940}"
1991,STATE,STATE_CHANGED,,"{'from': 'pullback_range', 'to': 'pullback', 'structure_id': 0, 'struct_direction': -1, 'reason': 'replay_expand_pullback_side', 'effective_idx': 244, 'timeframe': 'M15', 'use_case': 'reversal', 'parent_tf': 'H1', 'parent_sid': 0, 'parent_cycle_id': 0, 'structure_path_id': 'H1.main >> M15.confluence', 'sub_sid': 1, 'started_by': 'reversal', 'start_trigger_idx': 1940}"
1992,STATE,STATE_CHANGED,,"{'from': 'pullback', 'to': 'pullback_range', 'structure_id': 0, 'struct_direction': -1, 'reason': 'replay_no_expand_pullback_side', 'effective_idx': 245, 'timeframe': 'M15', 'use_case': 'reversal', 'parent_tf': 'H1', 'parent_sid': 0, 'parent_cycle_id': 0, 'structure_path_id': 'H1.main >> M15.confluence', 'sub_sid': 1, 'started_by': 'reversal', 'start_trigger_idx': 1940}"
2029,RANGE,RANGE_UPDATED,,"{'hi': 0.5803, 'lo': 0.57643, 'structure_id': 0, 'struct_direction': -1, 'timeframe': 'M15', 'use_case': 'reversal', 'parent_tf': 'H1', 'parent_sid': 0, 'parent_cycle_id': 0, 'structure_path_id': 'H1.main >> M15.confluence', 'sub_sid': 1, 'started_by': 'reversal', 'start_trigger_idx': 1940}"
2029,STRUCTURE,CTS_THRESHOLD_UPDATED,0.57643,"{'prev': 0.57656, 'reason': 'range_sync', 'cycle_id': 2, 'structure_id': 0, 'struct_direction': -1, 'timeframe': 'M15', 'use_case': 'reversal', 'parent_tf': 'H1', 'parent_sid': 0, 'parent_cycle_id': 0, 'structure_path_id': 'H1.main >> M15.confluence', 'sub_sid': 1, 'started_by': 'reversal', 'start_trigger_idx': 1940}"
2030,RANGE,RANGE_UPDATED,,"{'hi': 0.5803, 'lo': 0.57636, 'structure_id': 0, 'struct_direction': -1, 'timeframe': 'M15', 'use_case': 'reversal', 'parent_tf': 'H1', 'parent_sid': 0, 'parent_cycle_id': 0, 'structure_path_id': 'H1.main >> M15.confluence', 'sub_sid': 1, 'started_by': 'reversal', 'start_trigger_idx': 1940}"
2030,STRUCTURE,CTS_THRESHOLD_UPDATED,0.57636,"{'prev': 0.57643, 'reason': 'range_sync', 'cycle_id': 2, 'structure_id': 0, 'struct_direction': -1, 'timeframe': 'M15', 'use_case': 'reversal', 'parent_tf': 'H1', 'parent_sid': 0, 'parent_cycle_id': 0, 'structure_path_id': 'H1.main >> M15.confluence', 'sub_sid': 1, 'started_by': 'reversal', 'start_trigger_idx': 1940}"
2031,RANGE,RANGE_UPDATED,,"{'hi': 0.5803, 'lo': 0.57582, 'structure_id': 0, 'struct_direction': -1, 'timeframe': 'M15', 'use_case': 'reversal', 'parent_tf': 'H1', 'parent_sid': 0, 'parent_cycle_id': 0, 'structure_path_id': 'H1.main >> M15.confluence', 'sub_sid': 1, 'started_by': 'reversal', 'start_trigger_idx': 1940}"
2031,STRUCTURE,CTS_THRESHOLD_UPDATED,0.57582,"{'prev': 0.57636, 'reason': 'range_sync', 'cycle_id': 2, 'structure_id': 0, 'struct_direction': -1, 'timeframe': 'M15', 'use_case': 'reversal', 'parent_tf': 'H1', 'parent_sid': 0, 'parent_cycle_id': 0, 'structure_path_id': 'H1.main >> M15.confluence', 'sub_sid': 1, 'started_by': 'reversal', 'start_trigger_idx': 1940}"
2078,RANGE,RANGE_UPDATED,,"{'hi': 0.58074, 'lo': 0.57582, 'structure_id': 0, 'struct_direction': -1, 'timeframe': 'M15', 'use_case': 'reversal', 'parent_tf': 'H1', 'parent_sid': 0, 'parent_cycle_id': 0, 'structure_path_id': 'H1.main >> M15.confluence', 'sub_sid': 1, 'started_by': 'reversal', 'start_trigger_idx': 1940}"
2078,STATE,STATE_CHANGED,,"{'from': 'pullback_range', 'to': 'pullback', 'structure_id': 0, 'struct_direction': -1, 'reason': 'replay_expand_pullback_side', 'effective_idx': 331, 'timeframe': 'M15', 'use_case': 'reversal', 'parent_tf': 'H1', 'parent_sid': 0, 'parent_cycle_id': 0, 'structure_path_id': 'H1.main >> M15.confluence', 'sub_sid': 1, 'started_by': 'reversal', 'start_trigger_idx': 1940}"
2079,STATE,STATE_CHANGED,,"{'from': 'pullback', 'to': 'pullback_range', 'structure_id': 0, 'struct_direction': -1, 'reason': 'replay_no_expand_pullback_side', 'effective_idx': 332, 'timeframe': 'M15', 'use_case': 'reversal', 'parent_tf': 'H1', 'parent_sid': 0, 'parent_cycle_id': 0, 'structure_path_id': 'H1.main >> M15.confluence', 'sub_sid': 1, 'started_by': 'reversal', 'start_trigger_idx': 1940}"
2231,RANGE,RANGE_RESET,,"{'reason': 'range_breakout', 'pat': 'one_maru_opposite', 'structure_id': 0, 'struct_direction': -1, 'timeframe': 'M15', 'use_case': 'reversal', 'parent_tf': 'H1', 'parent_sid': 0, 'parent_cycle_id': 0, 'structure_path_id': 'H1.main >> M15.confluence', 'sub_sid': 1, 'started_by': 'reversal', 'start_trigger_idx': 1940}"
2231,STRUCTURE,CTS_ESTABLISHED,0.57546,"{'via': 'one_maru_opposite', 'anchor_idx': 2230, 'pattern_name': 'one_maru_opposite', 'confirmed_at': 2231, 'cycle_id': 3, 'structure_id': 0, 'struct_direction': -1, 'timeframe': 'M15', 'use_case': 'reversal', 'parent_tf': 'H1', 'parent_sid': 0, 'parent_cycle_id': 0, 'structure_path_id': 'H1.main >> M15.confluence', 'sub_sid': 1, 'started_by': 'reversal', 'start_trigger_idx': 1940}"
2078,STRUCTURE,BOS_CONFIRMED,0.58074,"{'source': 'pullback_extreme', 'confirmed_at': 2231, 'pb_start': 201, 'cycle_id': 3, 'structure_id': 0, 'struct_direction': -1, 'timeframe': 'M15', 'use_case': 'reversal', 'parent_tf': 'H1', 'parent_sid': 0, 'parent_cycle_id': 0, 'structure_path_id': 'H1.main >> M15.confluence', 'sub_sid': 1, 'started_by': 'reversal', 'start_trigger_idx': 1940}"
2231,STATE,STATE_CHANGED,,"{'from': 'pullback_range', 'to': 'breakout', 'structure_id': 0, 'struct_direction': -1, 'reason': 'breakout_pattern', 'pat': 'one_maru_opposite', 'effective_idx': 484, 'timeframe': 'M15', 'use_case': 'reversal', 'parent_tf': 'H1', 'parent_sid': 0, 'parent_cycle_id': 0, 'structure_path_id': 'H1.main >> M15.confluence', 'sub_sid': 1, 'started_by': 'reversal', 'start_trigger_idx': 1940}"
2233,RANGE,RANGE_STARTED,,"{'start_idx': 484, 'confirm_idx': 486, 'hi': 0.57571, 'lo': 0.57546, 'cts_idx': 484, 'cts_price': 0.57546, 'structure_id': 0, 'struct_direction': -1, 'timeframe': 'M15', 'use_case': 'reversal', 'parent_tf': 'H1', 'parent_sid': 0, 'parent_cycle_id': 0, 'structure_path_id': 'H1.main >> M15.confluence', 'sub_sid': 1, 'started_by': 'reversal', 'start_trigger_idx': 1940}"
2233,STATE,STATE_CHANGED,,"{'from': 'breakout', 'to': 'range', 'structure_id': 0, 'struct_direction': -1, 'reason': 'range_confirmed', 'effective_idx': 484, 'timeframe': 'M15', 'use_case': 'reversal', 'parent_tf': 'H1', 'parent_sid': 0, 'parent_cycle_id': 0, 'structure_path_id': 'H1.main >> M15.confluence', 'sub_sid': 1, 'started_by': 'reversal', 'start_trigger_idx': 1940}"
2232,RANGE,RANGE_UPDATED,,"{'hi': 0.57595, 'lo': 0.57546, 'structure_id': 0, 'struct_direction': -1, 'timeframe': 'M15', 'use_case': 'reversal', 'parent_tf': 'H1', 'parent_sid': 0, 'parent_cycle_id': 0, 'structure_path_id': 'H1.main >> M15.confluence', 'sub_sid': 1, 'started_by': 'reversal', 'start_trigger_idx': 1940}"
2233,RANGE,RANGE_UPDATED,,"{'hi': 0.57596, 'lo': 0.57546, 'structure_id': 0, 'struct_direction': -1, 'timeframe': 'M15', 'use_case': 'reversal', 'parent_tf': 'H1', 'parent_sid': 0, 'parent_cycle_id': 0, 'structure_path_id': 'H1.main >> M15.confluence', 'sub_sid': 1, 'started_by': 'reversal', 'start_trigger_idx': 1940}"
2236,RANGE,RANGE_UPDATED,,"{'reason': 'pullback_expand', 'hi': 0.57648, 'lo': 0.57546, 'pat': 'double_maru', 'structure_id': 0, 'struct_direction': -1, 'timeframe': 'M15', 'use_case': 'reversal', 'parent_tf': 'H1', 'parent_sid': 0, 'parent_cycle_id': 0, 'structure_path_id': 'H1.main >> M15.confluence', 'sub_sid': 1, 'started_by': 'reversal', 'start_trigger_idx': 1940}"
2236,STRUCTURE,CTS_CONFIRMED,0.57546,"{'via': 'double_maru', 'cycle_id': 3, 'structure_id': 0, 'struct_direction': -1, 'confirmed_at': 2236, 'cts_anchor_idx': 2231, 'confirmation_method': 'pullback', 'timeframe': 'M15', 'use_case': 'reversal', 'parent_tf': 'H1', 'parent_sid': 0, 'parent_cycle_id': 0, 'structure_path_id': 'H1.main >> M15.confluence', 'sub_sid': 1, 'started_by': 'reversal', 'start_trigger_idx': 1940}"
2236,STATE,STATE_CHANGED,,"{'from': 'range', 'to': 'pullback', 'structure_id': 0, 'struct_direction': -1, 'reason': 'pullback_pattern', 'pat': 'double_maru', 'effective_idx': 489, 'timeframe': 'M15', 'use_case': 'reversal', 'parent_tf': 'H1', 'parent_sid': 0, 'parent_cycle_id': 0, 'structure_path_id': 'H1.main >> M15.confluence', 'sub_sid': 1, 'started_by': 'reversal', 'start_trigger_idx': 1940}"
2237,RANGE,RANGE_UPDATED,,"{'hi': 0.5766, 'lo': 0.57546, 'structure_id': 0, 'struct_direction': -1, 'timeframe': 'M15', 'use_case': 'reversal', 'parent_tf': 'H1', 'parent_sid': 0, 'parent_cycle_id': 0, 'structure_path_id': 'H1.main >> M15.confluence', 'sub_sid': 1, 'started_by': 'reversal', 'start_trigger_idx': 1940}"
2238,STATE,STATE_CHANGED,,"{'from': 'pullback', 'to': 'pullback_range', 'structure_id': 0, 'struct_direction': -1, 'reason': 'replay_no_expand_pullback_side', 'effective_idx': 491, 'timeframe': 'M15', 'use_case': 'reversal', 'parent_tf': 'H1', 'parent_sid': 0, 'parent_cycle_id': 0, 'structure_path_id': 'H1.main >> M15.confluence', 'sub_sid': 1, 'started_by': 'reversal', 'start_trigger_idx': 1940}"
2244,RANGE,RANGE_UPDATED,,"{'hi': 0.57671, 'lo': 0.57546, 'structure_id': 0, 'struct_direction': -1, 'timeframe': 'M15', 'use_case': 'reversal', 'parent_tf': 'H1', 'parent_sid': 0, 'parent_cycle_id': 0, 'structure_path_id': 'H1.main >> M15.confluence', 'sub_sid': 1, 'started_by': 'reversal', 'start_trigger_idx': 1940}"
2244,STATE,STATE_CHANGED,,"{'from': 'pullback_range', 'to': 'pullback', 'structure_id': 0, 'struct_direction': -1, 'reason': 'replay_expand_pullback_side', 'effective_idx': 497, 'timeframe': 'M15', 'use_case': 'reversal', 'parent_tf': 'H1', 'parent_sid': 0, 'parent_cycle_id': 0, 'structure_path_id': 'H1.main >> M15.confluence', 'sub_sid': 1, 'started_by': 'reversal', 'start_trigger_idx': 1940}"
2245,STATE,STATE_CHANGED,,"{'from': 'pullback', 'to': 'pullback_range', 'structure_id': 0, 'struct_direction': -1, 'reason': 'replay_no_expand_pullback_side', 'effective_idx': 498, 'timeframe': 'M15', 'use_case': 'reversal', 'parent_tf': 'H1', 'parent_sid': 0, 'parent_cycle_id': 0, 'structure_path_id': 'H1.main >> M15.confluence', 'sub_sid': 1, 'started_by': 'reversal', 'start_trigger_idx': 1940}"
2247,RANGE,RANGE_UPDATED,,"{'hi': 0.57682, 'lo': 0.57546, 'structure_id': 0, 'struct_direction': -1, 'timeframe': 'M15', 'use_case': 'reversal', 'parent_tf': 'H1', 'parent_sid': 0, 'parent_cycle_id': 0, 'structure_path_id': 'H1.main >> M15.confluence', 'sub_sid': 1, 'started_by': 'reversal', 'start_trigger_idx': 1940}"
2247,STATE,STATE_CHANGED,,"{'from': 'pullback_range', 'to': 'pullback', 'structure_id': 0, 'struct_direction': -1, 'reason': 'replay_expand_pullback_side', 'effective_idx': 500, 'timeframe': 'M15', 'use_case': 'reversal', 'parent_tf': 'H1', 'parent_sid': 0, 'parent_cycle_id': 0, 'structure_path_id': 'H1.main >> M15.confluence', 'sub_sid': 1, 'started_by': 'reversal', 'start_trigger_idx': 1940}"
2248,STATE,STATE_CHANGED,,"{'from': 'pullback', 'to': 'pullback_range', 'structure_id': 0, 'struct_direction': -1, 'reason': 'replay_no_expand_pullback_side', 'effective_idx': 501, 'timeframe': 'M15', 'use_case': 'reversal', 'parent_tf': 'H1', 'parent_sid': 0, 'parent_cycle_id': 0, 'structure_path_id': 'H1.main >> M15.confluence', 'sub_sid': 1, 'started_by': 'reversal', 'start_trigger_idx': 1940}"
2259,RANGE,RANGE_UPDATED,,"{'hi': 0.57688, 'lo': 0.57546, 'structure_id': 0, 'struct_direction': -1, 'timeframe': 'M15', 'use_case': 'reversal', 'parent_tf': 'H1', 'parent_sid': 0, 'parent_cycle_id': 0, 'structure_path_id': 'H1.main >> M15.confluence', 'sub_sid': 1, 'started_by': 'reversal', 'start_trigger_idx': 1940}"
2259,STATE,STATE_CHANGED,,"{'from': 'pullback_range', 'to': 'pullback', 'structure_id': 0, 'struct_direction': -1, 'reason': 'replay_expand_pullback_side', 'effective_idx': 512, 'timeframe': 'M15', 'use_case': 'reversal', 'parent_tf': 'H1', 'parent_sid': 0, 'parent_cycle_id': 0, 'structure_path_id': 'H1.main >> M15.confluence', 'sub_sid': 1, 'started_by': 'reversal', 'start_trigger_idx': 1940}"
2260,STATE,STATE_CHANGED,,"{'from': 'pullback', 'to': 'pullback_range', 'structure_id': 0, 'struct_direction': -1, 'reason': 'replay_no_expand_pullback_side', 'effective_idx': 513, 'timeframe': 'M15', 'use_case': 'reversal', 'parent_tf': 'H1', 'parent_sid': 0, 'parent_cycle_id': 0, 'structure_path_id': 'H1.main >> M15.confluence', 'sub_sid': 1, 'started_by': 'reversal', 'start_trigger_idx': 1940}"
2264,RANGE,RANGE_UPDATED,,"{'hi': 0.57704, 'lo': 0.57546, 'structure_id': 0, 'struct_direction': -1, 'timeframe': 'M15', 'use_case': 'reversal', 'parent_tf': 'H1', 'parent_sid': 0, 'parent_cycle_id': 0, 'structure_path_id': 'H1.main >> M15.confluence', 'sub_sid': 1, 'started_by': 'reversal', 'start_trigger_idx': 1940}"
2264,STATE,STATE_CHANGED,,"{'from': 'pullback_range', 'to': 'pullback', 'structure_id': 0, 'struct_direction': -1, 'reason': 'replay_expand_pullback_side', 'effective_idx': 517, 'timeframe': 'M15', 'use_case': 'reversal', 'parent_tf': 'H1', 'parent_sid': 0, 'parent_cycle_id': 0, 'structure_path_id': 'H1.main >> M15.confluence', 'sub_sid': 1, 'started_by': 'reversal', 'start_trigger_idx': 1940}"
2265,STATE,STATE_CHANGED,,"{'from': 'pullback', 'to': 'pullback_range', 'structure_id': 0, 'struct_direction': -1, 'reason': 'replay_no_expand_pullback_side', 'effective_idx': 518, 'timeframe': 'M15', 'use_case': 'reversal', 'parent_tf': 'H1', 'parent_sid': 0, 'parent_cycle_id': 0, 'structure_path_id': 'H1.main >> M15.confluence', 'sub_sid': 1, 'started_by': 'reversal', 'start_trigger_idx': 1940}"
2270,RANGE,RANGE_UPDATED,,"{'hi': 0.57884, 'lo': 0.57546, 'structure_id': 0, 'struct_direction': -1, 'timeframe': 'M15', 'use_case': 'reversal', 'parent_tf': 'H1', 'parent_sid': 0, 'parent_cycle_id': 0, 'structure_path_id': 'H1.main >> M15.confluence', 'sub_sid': 1, 'started_by': 'reversal', 'start_trigger_idx': 1940}"
2270,STATE,STATE_CHANGED,,"{'from': 'pullback_range', 'to': 'pullback', 'structure_id': 0, 'struct_direction': -1, 'reason': 'replay_expand_pullback_side', 'effective_idx': 523, 'timeframe': 'M15', 'use_case': 'reversal', 'parent_tf': 'H1', 'parent_sid': 0, 'parent_cycle_id': 0, 'structure_path_id': 'H1.main >> M15.confluence', 'sub_sid': 1, 'started_by': 'reversal', 'start_trigger_idx': 1940}"
2271,STATE,STATE_CHANGED,,"{'from': 'pullback', 'to': 'pullback_range', 'structure_id': 0, 'struct_direction': -1, 'reason': 'replay_no_expand_pullback_side', 'effective_idx': 524, 'timeframe': 'M15', 'use_case': 'reversal', 'parent_tf': 'H1', 'parent_sid': 0, 'parent_cycle_id': 0, 'structure_path_id': 'H1.main >> M15.confluence', 'sub_sid': 1, 'started_by': 'reversal', 'start_trigger_idx': 1940}"
2341,RANGE,RANGE_UPDATED,,"{'hi': 0.57884, 'lo': 0.57538, 'structure_id': 0, 'struct_direction': -1, 'timeframe': 'M15', 'use_case': 'reversal', 'parent_tf': 'H1', 'parent_sid': 0, 'parent_cycle_id': 0, 'structure_path_id': 'H1.main >> M15.confluence', 'sub_sid': 1, 'started_by': 'reversal', 'start_trigger_idx': 1940}"
2341,STRUCTURE,CTS_THRESHOLD_UPDATED,0.57538,"{'prev': 0.57546, 'reason': 'range_sync', 'cycle_id': 3, 'structure_id': 0, 'struct_direction': -1, 'timeframe': 'M15', 'use_case': 'reversal', 'parent_tf': 'H1', 'parent_sid': 0, 'parent_cycle_id': 0, 'structure_path_id': 'H1.main >> M15.confluence', 'sub_sid': 1, 'started_by': 'reversal', 'start_trigger_idx': 1940}"
2343,RANGE,RANGE_RESET,,"{'reason': 'range_breakout', 'pat': 'one_maru_continuous', 'structure_id': 0, 'struct_direction': -1, 'timeframe': 'M15', 'use_case': 'reversal', 'parent_tf': 'H1', 'parent_sid': 0, 'parent_cycle_id': 0, 'structure_path_id': 'H1.main >> M15.confluence', 'sub_sid': 1, 'started_by': 'reversal', 'start_trigger_idx': 1940}"
2343,STRUCTURE,CTS_ESTABLISHED,0.57449,"{'via': 'one_maru_continuous', 'anchor_idx': 2342, 'pattern_name': 'one_maru_continuous', 'confirmed_at': 2343, 'cycle_id': 4, 'structure_id': 0, 'struct_direction': -1, 'timeframe': 'M15', 'use_case': 'reversal', 'parent_tf': 'H1', 'parent_sid': 0, 'parent_cycle_id': 0, 'structure_path_id': 'H1.main >> M15.confluence', 'sub_sid': 1, 'started_by': 'reversal', 'start_trigger_idx': 1940}"
2270,STRUCTURE,BOS_CONFIRMED,0.57884,"{'source': 'pullback_extreme', 'confirmed_at': 2343, 'pb_start': 489, 'cycle_id': 4, 'structure_id': 0, 'struct_direction': -1, 'timeframe': 'M15', 'use_case': 'reversal', 'parent_tf': 'H1', 'parent_sid': 0, 'parent_cycle_id': 0, 'structure_path_id': 'H1.main >> M15.confluence', 'sub_sid': 1, 'started_by': 'reversal', 'start_trigger_idx': 1940}"
2343,STATE,STATE_CHANGED,,"{'from': 'pullback_range', 'to': 'breakout', 'structure_id': 0, 'struct_direction': -1, 'reason': 'breakout_pattern', 'pat': 'one_maru_continuous', 'effective_idx': 596, 'timeframe': 'M15', 'use_case': 'reversal', 'parent_tf': 'H1', 'parent_sid': 0, 'parent_cycle_id': 0, 'structure_path_id': 'H1.main >> M15.confluence', 'sub_sid': 1, 'started_by': 'reversal', 'start_trigger_idx': 1940}"
2345,RANGE,RANGE_STARTED,,"{'start_idx': 596, 'confirm_idx': 598, 'hi': 0.575, 'lo': 0.57449, 'cts_idx': 596, 'cts_price': 0.57449, 'structure_id': 0, 'struct_direction': -1, 'timeframe': 'M15', 'use_case': 'reversal', 'parent_tf': 'H1', 'parent_sid': 0, 'parent_cycle_id': 0, 'structure_path_id': 'H1.main >> M15.confluence', 'sub_sid': 1, 'started_by': 'reversal', 'start_trigger_idx': 1940}"
2345,STATE,STATE_CHANGED,,"{'from': 'breakout', 'to': 'range', 'structure_id': 0, 'struct_direction': -1, 'reason': 'range_confirmed', 'effective_idx': 596, 'timeframe': 'M15', 'use_case': 'reversal', 'parent_tf': 'H1', 'parent_sid': 0, 'parent_cycle_id': 0, 'structure_path_id': 'H1.main >> M15.confluence', 'sub_sid': 1, 'started_by': 'reversal', 'start_trigger_idx': 1940}"
2344,RANGE,RANGE_UPDATED,,"{'hi': 0.57521, 'lo': 0.57449, 'structure_id': 0, 'struct_direction': -1, 'timeframe': 'M15', 'use_case': 'reversal', 'parent_tf': 'H1', 'parent_sid': 0, 'parent_cycle_id': 0, 'structure_path_id': 'H1.main >> M15.confluence', 'sub_sid': 1, 'started_by': 'reversal', 'start_trigger_idx': 1940}"
2345,RANGE,RANGE_UPDATED,,"{'hi': 0.5753, 'lo': 0.57449, 'structure_id': 0, 'struct_direction': -1, 'timeframe': 'M15', 'use_case': 'reversal', 'parent_tf': 'H1', 'parent_sid': 0, 'parent_cycle_id': 0, 'structure_path_id': 'H1.main >> M15.confluence', 'sub_sid': 1, 'started_by': 'reversal', 'start_trigger_idx': 1940}"
2357,RANGE,RANGE_UPDATED,,"{'hi': 0.5753, 'lo': 0.57435, 'structure_id': 0, 'struct_direction': -1, 'timeframe': 'M15', 'use_case': 'reversal', 'parent_tf': 'H1', 'parent_sid': 0, 'parent_cycle_id': 0, 'structure_path_id': 'H1.main >> M15.confluence', 'sub_sid': 1, 'started_by': 'reversal', 'start_trigger_idx': 1940}"
2357,STRUCTURE,CTS_UPDATED,0.57435,"{'via': 'replay_raw', 'cycle_id': 4, 'structure_id': 0, 'struct_direction': -1, 'timeframe': 'M15', 'use_case': 'reversal', 'parent_tf': 'H1', 'parent_sid': 0, 'parent_cycle_id': 0, 'structure_path_id': 'H1.main >> M15.confluence', 'sub_sid': 1, 'started_by': 'reversal', 'start_trigger_idx': 1940}"
2360,RANGE,RANGE_UPDATED,,"{'hi': 0.5753, 'lo': 0.57423, 'structure_id': 0, 'struct_direction': -1, 'timeframe': 'M15', 'use_case': 'reversal', 'parent_tf': 'H1', 'parent_sid': 0, 'parent_cycle_id': 0, 'structure_path_id': 'H1.main >> M15.confluence', 'sub_sid': 1, 'started_by': 'reversal', 'start_trigger_idx': 1940}"
2360,STRUCTURE,CTS_UPDATED,0.57423,"{'via': 'replay_raw', 'cycle_id': 4, 'structure_id': 0, 'struct_direction': -1, 'timeframe': 'M15', 'use_case': 'reversal', 'parent_tf': 'H1', 'parent_sid': 0, 'parent_cycle_id': 0, 'structure_path_id': 'H1.main >> M15.confluence', 'sub_sid': 1, 'started_by': 'reversal', 'start_trigger_idx': 1940}"
2363,STRUCTURE,CTS_UPDATED,0.57412,"{'via': 'replay_raw', 'cycle_id': 4, 'structure_id': 0, 'struct_direction': -1, 'timeframe': 'M15', 'use_case': 'reversal', 'parent_tf': 'H1', 'parent_sid': 0, 'parent_cycle_id': 0, 'structure_path_id': 'H1.main >> M15.confluence', 'sub_sid': 1, 'started_by': 'reversal', 'start_trigger_idx': 1940}"
2364,RANGE,RANGE_RESET,,"{'reason': 'range_breakout', 'pat': 'one_maru_continuous', 'structure_id': 0, 'struct_direction': -1, 'timeframe': 'M15', 'use_case': 'reversal', 'parent_tf': 'H1', 'parent_sid': 0, 'parent_cycle_id': 0, 'structure_path_id': 'H1.main >> M15.confluence', 'sub_sid': 1, 'started_by': 'reversal', 'start_trigger_idx': 1940}"
2364,STRUCTURE,CTS_UPDATED,0.57371,"{'via': 'one_maru_continuous', 'cycle_id': 4, 'structure_id': 0, 'struct_direction': -1, 'timeframe': 'M15', 'use_case': 'reversal', 'parent_tf': 'H1', 'parent_sid': 0, 'parent_cycle_id': 0, 'structure_path_id': 'H1.main >> M15.confluence', 'sub_sid': 1, 'started_by': 'reversal', 'start_trigger_idx': 1940}"
2364,STATE,STATE_CHANGED,,"{'from': 'range', 'to': 'breakout', 'structure_id': 0, 'struct_direction': -1, 'reason': 'breakout_pattern', 'pat': 'one_maru_continuous', 'effective_idx': 617, 'timeframe': 'M15', 'use_case': 'reversal', 'parent_tf': 'H1', 'parent_sid': 0, 'parent_cycle_id': 0, 'structure_path_id': 'H1.main >> M15.confluence', 'sub_sid': 1, 'started_by': 'reversal', 'start_trigger_idx': 1940}"
2365,STRUCTURE,CTS_UPDATED,0.5736,"{'via': 'replay_raw', 'cycle_id': 4, 'structure_id': 0, 'struct_direction': -1, 'timeframe': 'M15', 'use_case': 'reversal', 'parent_tf': 'H1', 'parent_sid': 0, 'parent_cycle_id': 0, 'structure_path_id': 'H1.main >> M15.confluence', 'sub_sid': 1, 'started_by': 'reversal', 'start_trigger_idx': 1940}"
2367,RANGE,RANGE_STARTED,,"{'reason': 'pullback_created_range', 'cts_idx': 618, 'cts_price': 0.5736, 'pullback_apply_idx': 620, 'hi': 0.57447, 'lo': 0.5736, 'pat': 'one_maru_opposite', 'structure_id': 0, 'struct_direction': -1, 'timeframe': 'M15', 'use_case': 'reversal', 'parent_tf': 'H1', 'parent_sid': 0, 'parent_cycle_id': 0, 'structure_path_id': 'H1.main >> M15.confluence', 'sub_sid': 1, 'started_by': 'reversal', 'start_trigger_idx': 1940}"
2367,STRUCTURE,CTS_CONFIRMED,0.5736,"{'via': 'one_maru_opposite', 'cycle_id': 4, 'structure_id': 0, 'struct_direction': -1, 'confirmed_at': 2367, 'cts_anchor_idx': 2365, 'confirmation_method': 'pullback', 'timeframe': 'M15', 'use_case': 'reversal', 'parent_tf': 'H1', 'parent_sid': 0, 'parent_cycle_id': 0, 'structure_path_id': 'H1.main >> M15.confluence', 'sub_sid': 1, 'started_by': 'reversal', 'start_trigger_idx': 1940}"
2367,STATE,STATE_CHANGED,,"{'from': 'breakout', 'to': 'pullback', 'structure_id': 0, 'struct_direction': -1, 'reason': 'pullback_pattern', 'pat': 'one_maru_opposite', 'effective_idx': 620, 'timeframe': 'M15', 'use_case': 'reversal', 'parent_tf': 'H1', 'parent_sid': 0, 'parent_cycle_id': 0, 'structure_path_id': 'H1.main >> M15.confluence', 'sub_sid': 1, 'started_by': 'reversal', 'start_trigger_idx': 1940}"
2367,RANGE,RANGE_UPDATED,,"{'hi': 0.57454, 'lo': 0.5736, 'structure_id': 0, 'struct_direction': -1, 'timeframe': 'M15', 'use_case': 'reversal', 'parent_tf': 'H1', 'parent_sid': 0, 'parent_cycle_id': 0, 'structure_path_id': 'H1.main >> M15.confluence', 'sub_sid': 1, 'started_by': 'reversal', 'start_trigger_idx': 1940}"
2368,RANGE,RANGE_UPDATED,,"{'hi': 0.57522, 'lo': 0.5736, 'structure_id': 0, 'struct_direction': -1, 'timeframe': 'M15', 'use_case': 'reversal', 'parent_tf': 'H1', 'parent_sid': 0, 'parent_cycle_id': 0, 'structure_path_id': 'H1.main >> M15.confluence', 'sub_sid': 1, 'started_by': 'reversal', 'start_trigger_idx': 1940}"
2369,RANGE,RANGE_UPDATED,,"{'hi': 0.57532, 'lo': 0.5736, 'structure_id': 0, 'struct_direction': -1, 'timeframe': 'M15', 'use_case': 'reversal', 'parent_tf': 'H1', 'parent_sid': 0, 'parent_cycle_id': 0, 'structure_path_id': 'H1.main >> M15.confluence', 'sub_sid': 1, 'started_by': 'reversal', 'start_trigger_idx': 1940}"
2370,RANGE,RANGE_UPDATED,,"{'hi': 0.57578, 'lo': 0.5736, 'structure_id': 0, 'struct_direction': -1, 'timeframe': 'M15', 'use_case': 'reversal', 'parent_tf': 'H1', 'parent_sid': 0, 'parent_cycle_id': 0, 'structure_path_id': 'H1.main >> M15.confluence', 'sub_sid': 1, 'started_by': 'reversal', 'start_trigger_idx': 1940}"
2371,RANGE,RANGE_UPDATED,,"{'hi': 0.5758, 'lo': 0.5736, 'structure_id': 0, 'struct_direction': -1, 'timeframe': 'M15', 'use_case': 'reversal', 'parent_tf': 'H1', 'parent_sid': 0, 'parent_cycle_id': 0, 'structure_path_id': 'H1.main >> M15.confluence', 'sub_sid': 1, 'started_by': 'reversal', 'start_trigger_idx': 1940}"
2372,RANGE,RANGE_UPDATED,,"{'hi': 0.57601, 'lo': 0.5736, 'structure_id': 0, 'struct_direction': -1, 'timeframe': 'M15', 'use_case': 'reversal', 'parent_tf': 'H1', 'parent_sid': 0, 'parent_cycle_id': 0, 'structure_path_id': 'H1.main >> M15.confluence', 'sub_sid': 1, 'started_by': 'reversal', 'start_trigger_idx': 1940}"
2373,STATE,STATE_CHANGED,,"{'from': 'pullback', 'to': 'pullback_range', 'structure_id': 0, 'struct_direction': -1, 'reason': 'replay_no_expand_pullback_side', 'effective_idx': 626, 'timeframe': 'M15', 'use_case': 'reversal', 'parent_tf': 'H1', 'parent_sid': 0, 'parent_cycle_id': 0, 'structure_path_id': 'H1.main >> M15.confluence', 'sub_sid': 1, 'started_by': 'reversal', 'start_trigger_idx': 1940}"
2382,RANGE,RANGE_UPDATED,,"{'hi': 0.5761, 'lo': 0.5736, 'structure_id': 0, 'struct_direction': -1, 'timeframe': 'M15', 'use_case': 'reversal', 'parent_tf': 'H1', 'parent_sid': 0, 'parent_cycle_id': 0, 'structure_path_id': 'H1.main >> M15.confluence', 'sub_sid': 1, 'started_by': 'reversal', 'start_trigger_idx': 1940}"
2382,STATE,STATE_CHANGED,,"{'from': 'pullback_range', 'to': 'pullback', 'structure_id': 0, 'struct_direction': -1, 'reason': 'replay_expand_pullback_side', 'effective_idx': 635, 'timeframe': 'M15', 'use_case': 'reversal', 'parent_tf': 'H1', 'parent_sid': 0, 'parent_cycle_id': 0, 'structure_path_id': 'H1.main >> M15.confluence', 'sub_sid': 1, 'started_by': 'reversal', 'start_trigger_idx': 1940}"
2383,STATE,STATE_CHANGED,,"{'from': 'pullback', 'to': 'pullback_range', 'structure_id': 0, 'struct_direction': -1, 'reason': 'replay_no_expand_pullback_side', 'effective_idx': 636, 'timeframe': 'M15', 'use_case': 'reversal', 'parent_tf': 'H1', 'parent_sid': 0, 'parent_cycle_id': 0, 'structure_path_id': 'H1.main >> M15.confluence', 'sub_sid': 1, 'started_by': 'reversal', 'start_trigger_idx': 1940}"
2384,RANGE,RANGE_UPDATED,,"{'hi': 0.57647, 'lo': 0.5736, 'structure_id': 0, 'struct_direction': -1, 'timeframe': 'M15', 'use_case': 'reversal', 'parent_tf': 'H1', 'parent_sid': 0, 'parent_cycle_id': 0, 'structure_path_id': 'H1.main >> M15.confluence', 'sub_sid': 1, 'started_by': 'reversal', 'start_trigger_idx': 1940}"
2384,STATE,STATE_CHANGED,,"{'from': 'pullback_range', 'to': 'pullback', 'structure_id': 0, 'struct_direction': -1, 'reason': 'replay_expand_pullback_side', 'effective_idx': 637, 'timeframe': 'M15', 'use_case': 'reversal', 'parent_tf': 'H1', 'parent_sid': 0, 'parent_cycle_id': 0, 'structure_path_id': 'H1.main >> M15.confluence', 'sub_sid': 1, 'started_by': 'reversal', 'start_trigger_idx': 1940}"
2385,RANGE,RANGE_UPDATED,,"{'hi': 0.57657, 'lo': 0.5736, 'structure_id': 0, 'struct_direction': -1, 'timeframe': 'M15', 'use_case': 'reversal', 'parent_tf': 'H1', 'parent_sid': 0, 'parent_cycle_id': 0, 'structure_path_id': 'H1.main >> M15.confluence', 'sub_sid': 1, 'started_by': 'reversal', 'start_trigger_idx': 1940}"
2386,STATE,STATE_CHANGED,,"{'from': 'pullback', 'to': 'pullback_range', 'structure_id': 0, 'struct_direction': -1, 'reason': 'replay_no_expand_pullback_side', 'effective_idx': 639, 'timeframe': 'M15', 'use_case': 'reversal', 'parent_tf': 'H1', 'parent_sid': 0, 'parent_cycle_id': 0, 'structure_path_id': 'H1.main >> M15.confluence', 'sub_sid': 1, 'started_by': 'reversal', 'start_trigger_idx': 1940}"
2412,RANGE,RANGE_UPDATED,,"{'hi': 0.57696, 'lo': 0.5736, 'structure_id': 0, 'struct_direction': -1, 'timeframe': 'M15', 'use_case': 'reversal', 'parent_tf': 'H1', 'parent_sid': 0, 'parent_cycle_id': 0, 'structure_path_id': 'H1.main >> M15.confluence', 'sub_sid': 1, 'started_by': 'reversal', 'start_trigger_idx': 1940}"
2412,STATE,STATE_CHANGED,,"{'from': 'pullback_range', 'to': 'pullback', 'structure_id': 0, 'struct_direction': -1, 'reason': 'replay_expand_pullback_side', 'effective_idx': 665, 'timeframe': 'M15', 'use_case': 'reversal', 'parent_tf': 'H1', 'parent_sid': 0, 'parent_cycle_id': 0, 'structure_path_id': 'H1.main >> M15.confluence', 'sub_sid': 1, 'started_by': 'reversal', 'start_trigger_idx': 1940}"
2413,STATE,STATE_CHANGED,,"{'from': 'pullback', 'to': 'pullback_range', 'structure_id': 0, 'struct_direction': -1, 'reason': 'replay_no_expand_pullback_side', 'effective_idx': 666, 'timeframe': 'M15', 'use_case': 'reversal', 'parent_tf': 'H1', 'parent_sid': 0, 'parent_cycle_id': 0, 'structure_path_id': 'H1.main >> M15.confluence', 'sub_sid': 1, 'started_by': 'reversal', 'start_trigger_idx': 1940}"
2418,RANGE,RANGE_UPDATED,,"{'hi': 0.57704, 'lo': 0.5736, 'structure_id': 0, 'struct_direction': -1, 'timeframe': 'M15', 'use_case': 'reversal', 'parent_tf': 'H1', 'parent_sid': 0, 'parent_cycle_id': 0, 'structure_path_id': 'H1.main >> M15.confluence', 'sub_sid': 1, 'started_by': 'reversal', 'start_trigger_idx': 1940}"
2418,STATE,STATE_CHANGED,,"{'from': 'pullback_range', 'to': 'pullback', 'structure_id': 0, 'struct_direction': -1, 'reason': 'replay_expand_pullback_side', 'effective_idx': 671, 'timeframe': 'M15', 'use_case': 'reversal', 'parent_tf': 'H1', 'parent_sid': 0, 'parent_cycle_id': 0, 'structure_path_id': 'H1.main >> M15.confluence', 'sub_sid': 1, 'started_by': 'reversal', 'start_trigger_idx': 1940}"
2419,STATE,STATE_CHANGED,,"{'from': 'pullback', 'to': 'pullback_range', 'structure_id': 0, 'struct_direction': -1, 'reason': 'replay_no_expand_pullback_side', 'effective_idx': 672, 'timeframe': 'M15', 'use_case': 'reversal', 'parent_tf': 'H1', 'parent_sid': 0, 'parent_cycle_id': 0, 'structure_path_id': 'H1.main >> M15.confluence', 'sub_sid': 1, 'started_by': 'reversal', 'start_trigger_idx': 1940}"
2420,RANGE,RANGE_UPDATED,,"{'hi': 0.57714, 'lo': 0.5736, 'structure_id': 0, 'struct_direction': -1, 'timeframe': 'M15', 'use_case': 'reversal', 'parent_tf': 'H1', 'parent_sid': 0, 'parent_cycle_id': 0, 'structure_path_id': 'H1.main >> M15.confluence', 'sub_sid': 1, 'started_by': 'reversal', 'start_trigger_idx': 1940}"
2420,STATE,STATE_CHANGED,,"{'from': 'pullback_range', 'to': 'pullback', 'structure_id': 0, 'struct_direction': -1, 'reason': 'replay_expand_pullback_side', 'effective_idx': 673, 'timeframe': 'M15', 'use_case': 'reversal', 'parent_tf': 'H1', 'parent_sid': 0, 'parent_cycle_id': 0, 'structure_path_id': 'H1.main >> M15.confluence', 'sub_sid': 1, 'started_by': 'reversal', 'start_trigger_idx': 1940}"
2421,RANGE,RANGE_UPDATED,,"{'hi': 0.57716, 'lo': 0.5736, 'structure_id': 0, 'struct_direction': -1, 'timeframe': 'M15', 'use_case': 'reversal', 'parent_tf': 'H1', 'parent_sid': 0, 'parent_cycle_id': 0, 'structure_path_id': 'H1.main >> M15.confluence', 'sub_sid': 1, 'started_by': 'reversal', 'start_trigger_idx': 1940}"
2422,STATE,STATE_CHANGED,,"{'from': 'pullback', 'to': 'pullback_range', 'structure_id': 0, 'struct_direction': -1, 'reason': 'replay_no_expand_pullback_side', 'effective_idx': 675, 'timeframe': 'M15', 'use_case': 'reversal', 'parent_tf': 'H1', 'parent_sid': 0, 'parent_cycle_id': 0, 'structure_path_id': 'H1.main >> M15.confluence', 'sub_sid': 1, 'started_by': 'reversal', 'start_trigger_idx': 1940}"
2436,RANGE,RANGE_UPDATED,,"{'hi': 0.5773, 'lo': 0.5736, 'structure_id': 0, 'struct_direction': -1, 'timeframe': 'M15', 'use_case': 'reversal', 'parent_tf': 'H1', 'parent_sid': 0, 'parent_cycle_id': 0, 'structure_path_id': 'H1.main >> M15.confluence', 'sub_sid': 1, 'started_by': 'reversal', 'start_trigger_idx': 1940}"
2436,STATE,STATE_CHANGED,,"{'from': 'pullback_range', 'to': 'pullback', 'structure_id': 0, 'struct_direction': -1, 'reason': 'replay_expand_pullback_side', 'effective_idx': 689, 'timeframe': 'M15', 'use_case': 'reversal', 'parent_tf': 'H1', 'parent_sid': 0, 'parent_cycle_id': 0, 'structure_path_id': 'H1.main >> M15.confluence', 'sub_sid': 1, 'started_by': 'reversal', 'start_trigger_idx': 1940}"
2437,RANGE,RANGE_UPDATED,,"{'hi': 0.57763, 'lo': 0.5736, 'structure_id': 0, 'struct_direction': -1, 'timeframe': 'M15', 'use_case': 'reversal', 'parent_tf': 'H1', 'parent_sid': 0, 'parent_cycle_id': 0, 'structure_path_id': 'H1.main >> M15.confluence', 'sub_sid': 1, 'started_by': 'reversal', 'start_trigger_idx': 1940}"
2438,RANGE,RANGE_UPDATED,,"{'hi': 0.57804, 'lo': 0.5736, 'structure_id': 0, 'struct_direction': -1, 'timeframe': 'M15', 'use_case': 'reversal', 'parent_tf': 'H1', 'parent_sid': 0, 'parent_cycle_id': 0, 'structure_path_id': 'H1.main >> M15.confluence', 'sub_sid': 1, 'started_by': 'reversal', 'start_trigger_idx': 1940}"
2439,RANGE,RANGE_UPDATED,,"{'hi': 0.57836, 'lo': 0.5736, 'structure_id': 0, 'struct_direction': -1, 'timeframe': 'M15', 'use_case': 'reversal', 'parent_tf': 'H1', 'parent_sid': 0, 'parent_cycle_id': 0, 'structure_path_id': 'H1.main >> M15.confluence', 'sub_sid': 1, 'started_by': 'reversal', 'start_trigger_idx': 1940}"
2440,STATE,STATE_CHANGED,,"{'from': 'pullback', 'to': 'pullback_range', 'structure_id': 0, 'struct_direction': -1, 'reason': 'replay_no_expand_pullback_side', 'effective_idx': 693, 'timeframe': 'M15', 'use_case': 'reversal', 'parent_tf': 'H1', 'parent_sid': 0, 'parent_cycle_id': 0, 'structure_path_id': 'H1.main >> M15.confluence', 'sub_sid': 1, 'started_by': 'reversal', 'start_trigger_idx': 1940}"
2441,RANGE,RANGE_UPDATED,,"{'hi': 0.57838, 'lo': 0.5736, 'structure_id': 0, 'struct_direction': -1, 'timeframe': 'M15', 'use_case': 'reversal', 'parent_tf': 'H1', 'parent_sid': 0, 'parent_cycle_id': 0, 'structure_path_id': 'H1.main >> M15.confluence', 'sub_sid': 1, 'started_by': 'reversal', 'start_trigger_idx': 1940}"
2441,STATE,STATE_CHANGED,,"{'from': 'pullback_range', 'to': 'pullback', 'structure_id': 0, 'struct_direction': -1, 'reason': 'replay_expand_pullback_side', 'effective_idx': 694, 'timeframe': 'M15', 'use_case': 'reversal', 'parent_tf': 'H1', 'parent_sid': 0, 'parent_cycle_id': 0, 'structure_path_id': 'H1.main >> M15.confluence', 'sub_sid': 1, 'started_by': 'reversal', 'start_trigger_idx': 1940}"
2442,RANGE,RANGE_UPDATED,,"{'hi': 0.57842, 'lo': 0.5736, 'structure_id': 0, 'struct_direction': -1, 'timeframe': 'M15', 'use_case': 'reversal', 'parent_tf': 'H1', 'parent_sid': 0, 'parent_cycle_id': 0, 'structure_path_id': 'H1.main >> M15.confluence', 'sub_sid': 1, 'started_by': 'reversal', 'start_trigger_idx': 1940}"
2443,RANGE,RANGE_UPDATED,,"{'hi': 0.5785, 'lo': 0.5736, 'structure_id': 0, 'struct_direction': -1, 'timeframe': 'M15', 'use_case': 'reversal', 'parent_tf': 'H1', 'parent_sid': 0, 'parent_cycle_id': 0, 'structure_path_id': 'H1.main >> M15.confluence', 'sub_sid': 1, 'started_by': 'reversal', 'start_trigger_idx': 1940}"
2444,STATE,STATE_CHANGED,,"{'from': 'pullback', 'to': 'pullback_range', 'structure_id': 0, 'struct_direction': -1, 'reason': 'replay_no_expand_pullback_side', 'effective_idx': 697, 'timeframe': 'M15', 'use_case': 'reversal', 'parent_tf': 'H1', 'parent_sid': 0, 'parent_cycle_id': 0, 'structure_path_id': 'H1.main >> M15.confluence', 'sub_sid': 1, 'started_by': 'reversal', 'start_trigger_idx': 1940}"
2448,RANGE,RANGE_UPDATED,,"{'hi': 0.57863, 'lo': 0.5736, 'structure_id': 0, 'struct_direction': -1, 'timeframe': 'M15', 'use_case': 'reversal', 'parent_tf': 'H1', 'parent_sid': 0, 'parent_cycle_id': 0, 'structure_path_id': 'H1.main >> M15.confluence', 'sub_sid': 1, 'started_by': 'reversal', 'start_trigger_idx': 1940}"
2448,STATE,STATE_CHANGED,,"{'from': 'pullback_range', 'to': 'pullback', 'structure_id': 0, 'struct_direction': -1, 'reason': 'replay_expand_pullback_side', 'effective_idx': 701, 'timeframe': 'M15', 'use_case': 'reversal', 'parent_tf': 'H1', 'parent_sid': 0, 'parent_cycle_id': 0, 'structure_path_id': 'H1.main >> M15.confluence', 'sub_sid': 1, 'started_by': 'reversal', 'start_trigger_idx': 1940}"
2449,RANGE,RANGE_UPDATED,,"{'hi': 0.57866, 'lo': 0.5736, 'structure_id': 0, 'struct_direction': -1, 'timeframe': 'M15', 'use_case': 'reversal', 'parent_tf': 'H1', 'parent_sid': 0, 'parent_cycle_id': 0, 'structure_path_id': 'H1.main >> M15.confluence', 'sub_sid': 1, 'started_by': 'reversal', 'start_trigger_idx': 1940}"
2450,STATE,STATE_CHANGED,,"{'from': 'pullback', 'to': 'pullback_range', 'structure_id': 0, 'struct_direction': -1, 'reason': 'replay_no_expand_pullback_side', 'effective_idx': 703, 'timeframe': 'M15', 'use_case': 'reversal', 'parent_tf': 'H1', 'parent_sid': 0, 'parent_cycle_id': 0, 'structure_path_id': 'H1.main >> M15.confluence', 'sub_sid': 1, 'started_by': 'reversal', 'start_trigger_idx': 1940}"
2454,RANGE,RANGE_UPDATED,,"{'hi': 0.57871, 'lo': 0.5736, 'structure_id': 0, 'struct_direction': -1, 'timeframe': 'M15', 'use_case': 'reversal', 'parent_tf': 'H1', 'parent_sid': 0, 'parent_cycle_id': 0, 'structure_path_id': 'H1.main >> M15.confluence', 'sub_sid': 1, 'started_by': 'reversal', 'start_trigger_idx': 1940}"
2454,STATE,STATE_CHANGED,,"{'from': 'pullback_range', 'to': 'pullback', 'structure_id': 0, 'struct_direction': -1, 'reason': 'replay_expand_pullback_side', 'effective_idx': 707, 'timeframe': 'M15', 'use_case': 'reversal', 'parent_tf': 'H1', 'parent_sid': 0, 'parent_cycle_id': 0, 'structure_path_id': 'H1.main >> M15.confluence', 'sub_sid': 1, 'started_by': 'reversal', 'start_trigger_idx': 1940}"
2455,RANGE,RANGE_UPDATED,,"{'hi': 0.57886, 'lo': 0.5736, 'structure_id': 0, 'struct_direction': -1, 'timeframe': 'M15', 'use_case': 'reversal', 'parent_tf': 'H1', 'parent_sid': 0, 'parent_cycle_id': 0, 'structure_path_id': 'H1.main >> M15.confluence', 'sub_sid': 1, 'started_by': 'reversal', 'start_trigger_idx': 1940}"
2455,STRUCTURE,REVERSAL_WATCH_START,0.57884,"{'anchor_idx': 2455, 'bos_frozen': 0.57884, 'expires_idx': 713, 'structure_id': 0, 'struct_direction': -1, 'timeframe': 'M15', 'use_case': 'reversal', 'parent_tf': 'H1', 'parent_sid': 0, 'parent_cycle_id': 0, 'structure_path_id': 'H1.main >> M15.confluence', 'sub_sid': 1, 'started_by': 'reversal', 'start_trigger_idx': 1940}"
2455,STRUCTURE,BOS_THRESHOLD_UPDATED,0.57886,"{'prev': 0.57884, 'reason': 'rv_anchor_failed', 'cycle_id': 4, 'structure_id': 0, 'struct_direction': -1, 'timeframe': 'M15', 'use_case': 'reversal', 'parent_tf': 'H1', 'parent_sid': 0, 'parent_cycle_id': 0, 'structure_path_id': 'H1.main >> M15.confluence', 'sub_sid': 1, 'started_by': 'reversal', 'start_trigger_idx': 1940}"
2456,RANGE,RANGE_UPDATED,,"{'hi': 0.57897, 'lo': 0.5736, 'structure_id': 0, 'struct_direction': -1, 'timeframe': 'M15', 'use_case': 'reversal', 'parent_tf': 'H1', 'parent_sid': 0, 'parent_cycle_id': 0, 'structure_path_id': 'H1.main >> M15.confluence', 'sub_sid': 1, 'started_by': 'reversal', 'start_trigger_idx': 1940}"
2456,STRUCTURE,BOS_THRESHOLD_UPDATED,0.57897,"{'prev': 0.57886, 'reason': 'probe_no_break', 'cycle_id': 4, 'structure_id': 0, 'struct_direction': -1, 'timeframe': 'M15', 'use_case': 'reversal', 'parent_tf': 'H1', 'parent_sid': 0, 'parent_cycle_id': 0, 'structure_path_id': 'H1.main >> M15.confluence', 'sub_sid': 1, 'started_by': 'reversal', 'start_trigger_idx': 1940}"
2457,STATE,STATE_CHANGED,,"{'from': 'pullback', 'to': 'pullback_range', 'structure_id': 0, 'struct_direction': -1, 'reason': 'replay_no_expand_pullback_side', 'effective_idx': 710, 'timeframe': 'M15', 'use_case': 'reversal', 'parent_tf': 'H1', 'parent_sid': 0, 'parent_cycle_id': 0, 'structure_path_id': 'H1.main >> M15.confluence', 'sub_sid': 1, 'started_by': 'reversal', 'start_trigger_idx': 1940}"
2460,RANGE,RANGE_UPDATED,,"{'hi': 0.57926, 'lo': 0.5736, 'structure_id': 0, 'struct_direction': -1, 'timeframe': 'M15', 'use_case': 'reversal', 'parent_tf': 'H1', 'parent_sid': 0, 'parent_cycle_id': 0, 'structure_path_id': 'H1.main >> M15.confluence', 'sub_sid': 1, 'started_by': 'reversal', 'start_trigger_idx': 1940}"
2460,STATE,STATE_CHANGED,,"{'from': 'pullback_range', 'to': 'pullback', 'structure_id': 0, 'struct_direction': -1, 'reason': 'replay_expand_pullback_side', 'effective_idx': 713, 'timeframe': 'M15', 'use_case': 'reversal', 'parent_tf': 'H1', 'parent_sid': 0, 'parent_cycle_id': 0, 'structure_path_id': 'H1.main >> M15.confluence', 'sub_sid': 1, 'started_by': 'reversal', 'start_trigger_idx': 1940}"
2460,STRUCTURE,REVERSAL_WATCH_START,0.57897,"{'anchor_idx': 2460, 'bos_frozen': 0.57897, 'expires_idx': 718, 'structure_id': 0, 'struct_direction': -1, 'timeframe': 'M15', 'use_case': 'reversal', 'parent_tf': 'H1', 'parent_sid': 0, 'parent_cycle_id': 0, 'structure_path_id': 'H1.main >> M15.confluence', 'sub_sid': 1, 'started_by': 'reversal', 'start_trigger_idx': 1940}"
2460,STRUCTURE,BOS_THRESHOLD_UPDATED,0.57926,"{'prev': 0.57897, 'reason': 'rv_anchor_failed', 'cycle_id': 4, 'structure_id': 0, 'struct_direction': -1, 'timeframe': 'M15', 'use_case': 'reversal', 'parent_tf': 'H1', 'parent_sid': 0, 'parent_cycle_id': 0, 'structure_path_id': 'H1.main >> M15.confluence', 'sub_sid': 1, 'started_by': 'reversal', 'start_trigger_idx': 1940}"
2461,STATE,STATE_CHANGED,,"{'from': 'pullback', 'to': 'pullback_range', 'structure_id': 0, 'struct_direction': -1, 'reason': 'replay_no_expand_pullback_side', 'effective_idx': 714, 'timeframe': 'M15', 'use_case': 'reversal', 'parent_tf': 'H1', 'parent_sid': 0, 'parent_cycle_id': 0, 'structure_path_id': 'H1.main >> M15.confluence', 'sub_sid': 1, 'started_by': 'reversal', 'start_trigger_idx': 1940}"
2465,STRUCTURE,REVERSAL_WATCH_START,0.57926,"{'anchor_idx': 2465, 'bos_frozen': 0.57926, 'expires_idx': 723, 'structure_id': 0, 'struct_direction': -1, 'timeframe': 'M15', 'use_case': 'reversal', 'parent_tf': 'H1', 'parent_sid': 0, 'parent_cycle_id': 0, 'structure_path_id': 'H1.main >> M15.confluence', 'sub_sid': 1, 'started_by': 'reversal', 'start_trigger_idx': 1940}"
2465,STRUCTURE,REVERSAL_CANDIDATE,0.57926,"{'anchor_idx': 2465, 'apply_idx': 2470, 'pattern': '?', 'bos_frozen': 0.57926, 'expires_idx': 723, 'structure_id': 0, 'struct_direction': -1, 'timeframe': 'M15', 'use_case': 'reversal', 'parent_tf': 'H1', 'parent_sid': 0, 'parent_cycle_id': 0, 'structure_path_id': 'H1.main >> M15.confluence', 'sub_sid': 1, 'started_by': 'reversal', 'start_trigger_idx': 1940}"
2470,STATE,STATE_CHANGED,,"{'from': 'pullback_range', 'to': 'reversal', 'structure_id': 0, 'struct_direction': -1, 'reason': 'reversal_pattern', 'pat': 'continuous', 'bos_frozen': 0.57926, 'effective_idx': 723, 'timeframe': 'M15', 'use_case': 'reversal', 'parent_tf': 'H1', 'parent_sid': 0, 'parent_cycle_id': 0, 'structure_path_id': 'H1.main >> M15.confluence', 'sub_sid': 1, 'started_by': 'reversal', 'start_trigger_idx': 1940}"
2470,RANGE,RANGE_UPDATED,,"{'hi': 0.57996, 'lo': 0.5736, 'structure_id': 0, 'struct_direction': -1, 'timeframe': 'M15', 'use_case': 'reversal', 'parent_tf': 'H1', 'parent_sid': 0, 'parent_cycle_id': 0, 'structure_path_id': 'H1.main >> M15.confluence', 'sub_sid': 1, 'started_by': 'reversal', 'start_trigger_idx': 1940}"
2368,STRUCTURE,CTS_ESTABLISHED,0.57522,"{'via': 'double_maru', 'anchor_idx': 2367, 'pattern_name': 'double_maru', 'confirmed_at': 2368, 'cycle_id': 0, 'structure_id': 0, 'struct_direction': 1, 'timeframe': 'M15', 'use_case': 'reversal', 'parent_tf': 'H1', 'parent_sid': 0, 'parent_cycle_id': 0, 'structure_path_id': 'H1.main >> M15.confluence', 'sub_sid': 2, 'started_by': 'reversal', 'start_trigger_idx': 2470}"
2365,STRUCTURE,BOS_CONFIRMED,0.5736,"{'source': 'initial_prior_extreme', 'confirmed_at': 2368, 'pb_start': None, 'cycle_id': 0, 'structure_id': 0, 'struct_direction': 1, 'timeframe': 'M15', 'use_case': 'reversal', 'parent_tf': 'H1', 'parent_sid': 0, 'parent_cycle_id': 0, 'structure_path_id': 'H1.main >> M15.confluence', 'sub_sid': 2, 'started_by': 'reversal', 'start_trigger_idx': 2470}"
2368,STATE,STATE_CHANGED,,"{'from': 'none', 'to': 'breakout', 'structure_id': 0, 'struct_direction': 1, 'reason': 'breakout_pattern', 'pat': 'double_maru', 'effective_idx': 53, 'timeframe': 'M15', 'use_case': 'reversal', 'parent_tf': 'H1', 'parent_sid': 0, 'parent_cycle_id': 0, 'structure_path_id': 'H1.main >> M15.confluence', 'sub_sid': 2, 'started_by': 'reversal', 'start_trigger_idx': 2470}"
2369,STRUCTURE,CTS_UPDATED,0.57532,"{'via': 'replay_raw', 'cycle_id': 0, 'structure_id': 0, 'struct_direction': 1, 'timeframe': 'M15', 'use_case': 'reversal', 'parent_tf': 'H1', 'parent_sid': 0, 'parent_cycle_id': 0, 'structure_path_id': 'H1.main >> M15.confluence', 'sub_sid': 2, 'started_by': 'reversal', 'start_trigger_idx': 2470}"
2370,STRUCTURE,CTS_UPDATED,0.57578,"{'via': 'replay_raw', 'cycle_id': 0, 'structure_id': 0, 'struct_direction': 1, 'timeframe': 'M15', 'use_case': 'reversal', 'parent_tf': 'H1', 'parent_sid': 0, 'parent_cycle_id': 0, 'structure_path_id': 'H1.main >> M15.confluence', 'sub_sid': 2, 'started_by': 'reversal', 'start_trigger_idx': 2470}"
2371,STRUCTURE,CTS_UPDATED,0.5758,"{'via': 'replay_raw', 'cycle_id': 0, 'structure_id': 0, 'struct_direction': 1, 'timeframe': 'M15', 'use_case': 'reversal', 'parent_tf': 'H1', 'parent_sid': 0, 'parent_cycle_id': 0, 'structure_path_id': 'H1.main >> M15.confluence', 'sub_sid': 2, 'started_by': 'reversal', 'start_trigger_idx': 2470}"
2372,STRUCTURE,CTS_UPDATED,0.57601,"{'via': 'replay_raw', 'cycle_id': 0, 'structure_id': 0, 'struct_direction': 1, 'timeframe': 'M15', 'use_case': 'reversal', 'parent_tf': 'H1', 'parent_sid': 0, 'parent_cycle_id': 0, 'structure_path_id': 'H1.main >> M15.confluence', 'sub_sid': 2, 'started_by': 'reversal', 'start_trigger_idx': 2470}"
2376,RANGE,RANGE_STARTED,,"{'start_idx': 56, 'confirm_idx': 61, 'hi': 0.57601, 'lo': 0.5754, 'cts_idx': 57, 'cts_price': 0.57601, 'structure_id': 0, 'struct_direction': 1, 'timeframe': 'M15', 'use_case': 'reversal', 'parent_tf': 'H1', 'parent_sid': 0, 'parent_cycle_id': 0, 'structure_path_id': 'H1.main >> M15.confluence', 'sub_sid': 2, 'started_by': 'reversal', 'start_trigger_idx': 2470}"
2376,STATE,STATE_CHANGED,,"{'from': 'breakout', 'to': 'range', 'structure_id': 0, 'struct_direction': 1, 'reason': 'range_confirmed', 'effective_idx': 56, 'timeframe': 'M15', 'use_case': 'reversal', 'parent_tf': 'H1', 'parent_sid': 0, 'parent_cycle_id': 0, 'structure_path_id': 'H1.main >> M15.confluence', 'sub_sid': 2, 'started_by': 'reversal', 'start_trigger_idx': 2470}"
2373,RANGE,RANGE_UPDATED,,"{'hi': 0.57601, 'lo': 0.57516, 'structure_id': 0, 'struct_direction': 1, 'timeframe': 'M15', 'use_case': 'reversal', 'parent_tf': 'H1', 'parent_sid': 0, 'parent_cycle_id': 0, 'structure_path_id': 'H1.main >> M15.confluence', 'sub_sid': 2, 'started_by': 'reversal', 'start_trigger_idx': 2470}"
2375,RANGE,RANGE_UPDATED,,"{'hi': 0.57601, 'lo': 0.57483, 'structure_id': 0, 'struct_direction': 1, 'timeframe': 'M15', 'use_case': 'reversal', 'parent_tf': 'H1', 'parent_sid': 0, 'parent_cycle_id': 0, 'structure_path_id': 'H1.main >> M15.confluence', 'sub_sid': 2, 'started_by': 'reversal', 'start_trigger_idx': 2470}"
2382,RANGE,RANGE_UPDATED,,"{'hi': 0.5761, 'lo': 0.57483, 'structure_id': 0, 'struct_direction': 1, 'timeframe': 'M15', 'use_case': 'reversal', 'parent_tf': 'H1', 'parent_sid': 0, 'parent_cycle_id': 0, 'structure_path_id': 'H1.main >> M15.confluence', 'sub_sid': 2, 'started_by': 'reversal', 'start_trigger_idx': 2470}"
2382,STRUCTURE,CTS_UPDATED,0.5761,"{'via': 'replay_raw', 'cycle_id': 0, 'structure_id': 0, 'struct_direction': 1, 'timeframe': 'M15', 'use_case': 'reversal', 'parent_tf': 'H1', 'parent_sid': 0, 'parent_cycle_id': 0, 'structure_path_id': 'H1.main >> M15.confluence', 'sub_sid': 2, 'started_by': 'reversal', 'start_trigger_idx': 2470}"
2384,STRUCTURE,CTS_UPDATED,0.57647,"{'via': 'replay_raw', 'cycle_id': 0, 'structure_id': 0, 'struct_direction': 1, 'timeframe': 'M15', 'use_case': 'reversal', 'parent_tf': 'H1', 'parent_sid': 0, 'parent_cycle_id': 0, 'structure_path_id': 'H1.main >> M15.confluence', 'sub_sid': 2, 'started_by': 'reversal', 'start_trigger_idx': 2470}"
2385,RANGE,RANGE_RESET,,"{'reason': 'range_breakout', 'pat': 'one_maru_continuous', 'structure_id': 0, 'struct_direction': 1, 'timeframe': 'M15', 'use_case': 'reversal', 'parent_tf': 'H1', 'parent_sid': 0, 'parent_cycle_id': 0, 'structure_path_id': 'H1.main >> M15.confluence', 'sub_sid': 2, 'started_by': 'reversal', 'start_trigger_idx': 2470}"
2385,STRUCTURE,CTS_UPDATED,0.57657,"{'via': 'one_maru_continuous', 'cycle_id': 0, 'structure_id': 0, 'struct_direction': 1, 'timeframe': 'M15', 'use_case': 'reversal', 'parent_tf': 'H1', 'parent_sid': 0, 'parent_cycle_id': 0, 'structure_path_id': 'H1.main >> M15.confluence', 'sub_sid': 2, 'started_by': 'reversal', 'start_trigger_idx': 2470}"
2385,STATE,STATE_CHANGED,,"{'from': 'range', 'to': 'breakout', 'structure_id': 0, 'struct_direction': 1, 'reason': 'breakout_pattern', 'pat': 'one_maru_continuous', 'effective_idx': 70, 'timeframe': 'M15', 'use_case': 'reversal', 'parent_tf': 'H1', 'parent_sid': 0, 'parent_cycle_id': 0, 'structure_path_id': 'H1.main >> M15.confluence', 'sub_sid': 2, 'started_by': 'reversal', 'start_trigger_idx': 2470}"
2388,RANGE,RANGE_STARTED,,"{'start_idx': 71, 'confirm_idx': 73, 'hi': 0.57657, 'lo': 0.57615, 'cts_idx': 70, 'cts_price': 0.57657, 'structure_id': 0, 'struct_direction': 1, 'timeframe': 'M15', 'use_case': 'reversal', 'parent_tf': 'H1', 'parent_sid': 0, 'parent_cycle_id': 0, 'structure_path_id': 'H1.main >> M15.confluence', 'sub_sid': 2, 'started_by': 'reversal', 'start_trigger_idx': 2470}"
2388,STATE,STATE_CHANGED,,"{'from': 'breakout', 'to': 'range', 'structure_id': 0, 'struct_direction': 1, 'reason': 'range_confirmed', 'effective_idx': 71, 'timeframe': 'M15', 'use_case': 'reversal', 'parent_tf': 'H1', 'parent_sid': 0, 'parent_cycle_id': 0, 'structure_path_id': 'H1.main >> M15.confluence', 'sub_sid': 2, 'started_by': 'reversal', 'start_trigger_idx': 2470}"
2387,RANGE,RANGE_UPDATED,,"{'hi': 0.57657, 'lo': 0.5761, 'structure_id': 0, 'struct_direction': 1, 'timeframe': 'M15', 'use_case': 'reversal', 'parent_tf': 'H1', 'parent_sid': 0, 'parent_cycle_id': 0, 'structure_path_id': 'H1.main >> M15.confluence', 'sub_sid': 2, 'started_by': 'reversal', 'start_trigger_idx': 2470}"
2388,RANGE,RANGE_UPDATED,,"{'hi': 0.57657, 'lo': 0.57606, 'structure_id': 0, 'struct_direction': 1, 'timeframe': 'M15', 'use_case': 'reversal', 'parent_tf': 'H1', 'parent_sid': 0, 'parent_cycle_id': 0, 'structure_path_id': 'H1.main >> M15.confluence', 'sub_sid': 2, 'started_by': 'reversal', 'start_trigger_idx': 2470}"
2394,RANGE,RANGE_UPDATED,,"{'hi': 0.57657, 'lo': 0.57604, 'structure_id': 0, 'struct_direction': 1, 'timeframe': 'M15', 'use_case': 'reversal', 'parent_tf': 'H1', 'parent_sid': 0, 'parent_cycle_id': 0, 'structure_path_id': 'H1.main >> M15.confluence', 'sub_sid': 2, 'started_by': 'reversal', 'start_trigger_idx': 2470}"
2395,RANGE,RANGE_UPDATED,,"{'hi': 0.57657, 'lo': 0.57558, 'structure_id': 0, 'struct_direction': 1, 'timeframe': 'M15', 'use_case': 'reversal', 'parent_tf': 'H1', 'parent_sid': 0, 'parent_cycle_id': 0, 'structure_path_id': 'H1.main >> M15.confluence', 'sub_sid': 2, 'started_by': 'reversal', 'start_trigger_idx': 2470}"
2399,RANGE,RANGE_UPDATED,,"{'hi': 0.57657, 'lo': 0.57531, 'structure_id': 0, 'struct_direction': 1, 'timeframe': 'M15', 'use_case': 'reversal', 'parent_tf': 'H1', 'parent_sid': 0, 'parent_cycle_id': 0, 'structure_path_id': 'H1.main >> M15.confluence', 'sub_sid': 2, 'started_by': 'reversal', 'start_trigger_idx': 2470}"
2400,RANGE,RANGE_UPDATED,,"{'hi': 0.57657, 'lo': 0.57484, 'structure_id': 0, 'struct_direction': 1, 'timeframe': 'M15', 'use_case': 'reversal', 'parent_tf': 'H1', 'parent_sid': 0, 'parent_cycle_id': 0, 'structure_path_id': 'H1.main >> M15.confluence', 'sub_sid': 2, 'started_by': 'reversal', 'start_trigger_idx': 2470}"
2402,RANGE,RANGE_UPDATED,,"{'hi': 0.57657, 'lo': 0.57476, 'structure_id': 0, 'struct_direction': 1, 'timeframe': 'M15', 'use_case': 'reversal', 'parent_tf': 'H1', 'parent_sid': 0, 'parent_cycle_id': 0, 'structure_path_id': 'H1.main >> M15.confluence', 'sub_sid': 2, 'started_by': 'reversal', 'start_trigger_idx': 2470}"
2403,RANGE,RANGE_UPDATED,,"{'hi': 0.57657, 'lo': 0.57464, 'structure_id': 0, 'struct_direction': 1, 'timeframe': 'M15', 'use_case': 'reversal', 'parent_tf': 'H1', 'parent_sid': 0, 'parent_cycle_id': 0, 'structure_path_id': 'H1.main >> M15.confluence', 'sub_sid': 2, 'started_by': 'reversal', 'start_trigger_idx': 2470}"
2412,RANGE,RANGE_UPDATED,,"{'hi': 0.57696, 'lo': 0.57464, 'structure_id': 0, 'struct_direction': 1, 'timeframe': 'M15', 'use_case': 'reversal', 'parent_tf': 'H1', 'parent_sid': 0, 'parent_cycle_id': 0, 'structure_path_id': 'H1.main >> M15.confluence', 'sub_sid': 2, 'started_by': 'reversal', 'start_trigger_idx': 2470}"
2412,STRUCTURE,CTS_UPDATED,0.57696,"{'via': 'replay_raw', 'cycle_id': 0, 'structure_id': 0, 'struct_direction': 1, 'timeframe': 'M15', 'use_case': 'reversal', 'parent_tf': 'H1', 'parent_sid': 0, 'parent_cycle_id': 0, 'structure_path_id': 'H1.main >> M15.confluence', 'sub_sid': 2, 'started_by': 'reversal', 'start_trigger_idx': 2470}"
2418,RANGE,RANGE_UPDATED,,"{'hi': 0.57704, 'lo': 0.57464, 'structure_id': 0, 'struct_direction': 1, 'timeframe': 'M15', 'use_case': 'reversal', 'parent_tf': 'H1', 'parent_sid': 0, 'parent_cycle_id': 0, 'structure_path_id': 'H1.main >> M15.confluence', 'sub_sid': 2, 'started_by': 'reversal', 'start_trigger_idx': 2470}"
2418,STRUCTURE,CTS_UPDATED,0.57704,"{'via': 'replay_raw', 'cycle_id': 0, 'structure_id': 0, 'struct_direction': 1, 'timeframe': 'M15', 'use_case': 'reversal', 'parent_tf': 'H1', 'parent_sid': 0, 'parent_cycle_id': 0, 'structure_path_id': 'H1.main >> M15.confluence', 'sub_sid': 2, 'started_by': 'reversal', 'start_trigger_idx': 2470}"
2420,RANGE,RANGE_UPDATED,,"{'hi': 0.57714, 'lo': 0.57464, 'structure_id': 0, 'struct_direction': 1, 'timeframe': 'M15', 'use_case': 'reversal', 'parent_tf': 'H1', 'parent_sid': 0, 'parent_cycle_id': 0, 'structure_path_id': 'H1.main >> M15.confluence', 'sub_sid': 2, 'started_by': 'reversal', 'start_trigger_idx': 2470}"
2420,STRUCTURE,CTS_UPDATED,0.57714,"{'via': 'replay_raw', 'cycle_id': 0, 'structure_id': 0, 'struct_direction': 1, 'timeframe': 'M15', 'use_case': 'reversal', 'parent_tf': 'H1', 'parent_sid': 0, 'parent_cycle_id': 0, 'structure_path_id': 'H1.main >> M15.confluence', 'sub_sid': 2, 'started_by': 'reversal', 'start_trigger_idx': 2470}"
2421,RANGE,RANGE_UPDATED,,"{'hi': 0.57716, 'lo': 0.57464, 'structure_id': 0, 'struct_direction': 1, 'timeframe': 'M15', 'use_case': 'reversal', 'parent_tf': 'H1', 'parent_sid': 0, 'parent_cycle_id': 0, 'structure_path_id': 'H1.main >> M15.confluence', 'sub_sid': 2, 'started_by': 'reversal', 'start_trigger_idx': 2470}"
2421,STRUCTURE,CTS_UPDATED,0.57716,"{'via': 'replay_raw', 'cycle_id': 0, 'structure_id': 0, 'struct_direction': 1, 'timeframe': 'M15', 'use_case': 'reversal', 'parent_tf': 'H1', 'parent_sid': 0, 'parent_cycle_id': 0, 'structure_path_id': 'H1.main >> M15.confluence', 'sub_sid': 2, 'started_by': 'reversal', 'start_trigger_idx': 2470}"
2436,STRUCTURE,CTS_UPDATED,0.5773,"{'via': 'replay_raw', 'cycle_id': 0, 'structure_id': 0, 'struct_direction': 1, 'timeframe': 'M15', 'use_case': 'reversal', 'parent_tf': 'H1', 'parent_sid': 0, 'parent_cycle_id': 0, 'structure_path_id': 'H1.main >> M15.confluence', 'sub_sid': 2, 'started_by': 'reversal', 'start_trigger_idx': 2470}"
2437,RANGE,RANGE_RESET,,"{'reason': 'range_breakout', 'pat': 'double_maru', 'structure_id': 0, 'struct_direction': 1, 'timeframe': 'M15', 'use_case': 'reversal', 'parent_tf': 'H1', 'parent_sid': 0, 'parent_cycle_id': 0, 'structure_path_id': 'H1.main >> M15.confluence', 'sub_sid': 2, 'started_by': 'reversal', 'start_trigger_idx': 2470}"
2437,STRUCTURE,CTS_UPDATED,0.57763,"{'via': 'double_maru', 'cycle_id': 0, 'structure_id': 0, 'struct_direction': 1, 'timeframe': 'M15', 'use_case': 'reversal', 'parent_tf': 'H1', 'parent_sid': 0, 'parent_cycle_id': 0, 'structure_path_id': 'H1.main >> M15.confluence', 'sub_sid': 2, 'started_by': 'reversal', 'start_trigger_idx': 2470}"
2437,STATE,STATE_CHANGED,,"{'from': 'range', 'to': 'breakout', 'structure_id': 0, 'struct_direction': 1, 'reason': 'breakout_pattern', 'pat': 'double_maru', 'effective_idx': 122, 'timeframe': 'M15', 'use_case': 'reversal', 'parent_tf': 'H1', 'parent_sid': 0, 'parent_cycle_id': 0, 'structure_path_id': 'H1.main >> M15.confluence', 'sub_sid': 2, 'started_by': 'reversal', 'start_trigger_idx': 2470}"
2438,STRUCTURE,CTS_UPDATED,0.57804,"{'via': 'replay_raw', 'cycle_id': 0, 'structure_id': 0, 'struct_direction': 1, 'timeframe': 'M15', 'use_case': 'reversal', 'parent_tf': 'H1', 'parent_sid': 0, 'parent_cycle_id': 0, 'structure_path_id': 'H1.main >> M15.confluence', 'sub_sid': 2, 'started_by': 'reversal', 'start_trigger_idx': 2470}"
2439,STRUCTURE,CTS_UPDATED,0.57836,"{'via': 'replay_raw', 'cycle_id': 0, 'structure_id': 0, 'struct_direction': 1, 'timeframe': 'M15', 'use_case': 'reversal', 'parent_tf': 'H1', 'parent_sid': 0, 'parent_cycle_id': 0, 'structure_path_id': 'H1.main >> M15.confluence', 'sub_sid': 2, 'started_by': 'reversal', 'start_trigger_idx': 2470}"
2441,STRUCTURE,CTS_UPDATED,0.57838,"{'via': 'one_maru_opposite', 'cycle_id': 0, 'structure_id': 0, 'struct_direction': 1, 'timeframe': 'M15', 'use_case': 'reversal', 'parent_tf': 'H1', 'parent_sid': 0, 'parent_cycle_id': 0, 'structure_path_id': 'H1.main >> M15.confluence', 'sub_sid': 2, 'started_by': 'reversal', 'start_trigger_idx': 2470}"
2442,STRUCTURE,CTS_UPDATED,0.57842,"{'via': 'replay_raw', 'cycle_id': 0, 'structure_id': 0, 'struct_direction': 1, 'timeframe': 'M15', 'use_case': 'reversal', 'parent_tf': 'H1', 'parent_sid': 0, 'parent_cycle_id': 0, 'structure_path_id': 'H1.main >> M15.confluence', 'sub_sid': 2, 'started_by': 'reversal', 'start_trigger_idx': 2470}"
2443,STRUCTURE,CTS_UPDATED,0.5785,"{'via': 'replay_raw', 'cycle_id': 0, 'structure_id': 0, 'struct_direction': 1, 'timeframe': 'M15', 'use_case': 'reversal', 'parent_tf': 'H1', 'parent_sid': 0, 'parent_cycle_id': 0, 'structure_path_id': 'H1.main >> M15.confluence', 'sub_sid': 2, 'started_by': 'reversal', 'start_trigger_idx': 2470}"
2444,RANGE,RANGE_STARTED,,"{'start_idx': 127, 'confirm_idx': 129, 'hi': 0.5785, 'lo': 0.57792, 'cts_idx': 128, 'cts_price': 0.5785, 'structure_id': 0, 'struct_direction': 1, 'timeframe': 'M15', 'use_case': 'reversal', 'parent_tf': 'H1', 'parent_sid': 0, 'parent_cycle_id': 0, 'structure_path_id': 'H1.main >> M15.confluence', 'sub_sid': 2, 'started_by': 'reversal', 'start_trigger_idx': 2470}"
2444,STATE,STATE_CHANGED,,"{'from': 'breakout', 'to': 'range', 'structure_id': 0, 'struct_direction': 1, 'reason': 'range_confirmed', 'effective_idx': 127, 'timeframe': 'M15', 'use_case': 'reversal', 'parent_tf': 'H1', 'parent_sid': 0, 'parent_cycle_id': 0, 'structure_path_id': 'H1.main >> M15.confluence', 'sub_sid': 2, 'started_by': 'reversal', 'start_trigger_idx': 2470}"
2445,RANGE,RANGE_UPDATED,,"{'hi': 0.5785, 'lo': 0.5779, 'structure_id': 0, 'struct_direction': 1, 'timeframe': 'M15', 'use_case': 'reversal', 'parent_tf': 'H1', 'parent_sid': 0, 'parent_cycle_id': 0, 'structure_path_id': 'H1.main >> M15.confluence', 'sub_sid': 2, 'started_by': 'reversal', 'start_trigger_idx': 2470}"
2448,RANGE,RANGE_UPDATED,,"{'hi': 0.57863, 'lo': 0.5779, 'structure_id': 0, 'struct_direction': 1, 'timeframe': 'M15', 'use_case': 'reversal', 'parent_tf': 'H1', 'parent_sid': 0, 'parent_cycle_id': 0, 'structure_path_id': 'H1.main >> M15.confluence', 'sub_sid': 2, 'started_by': 'reversal', 'start_trigger_idx': 2470}"
2448,STRUCTURE,CTS_UPDATED,0.57863,"{'via': 'replay_raw', 'cycle_id': 0, 'structure_id': 0, 'struct_direction': 1, 'timeframe': 'M15', 'use_case': 'reversal', 'parent_tf': 'H1', 'parent_sid': 0, 'parent_cycle_id': 0, 'structure_path_id': 'H1.main >> M15.confluence', 'sub_sid': 2, 'started_by': 'reversal', 'start_trigger_idx': 2470}"
2449,RANGE,RANGE_UPDATED,,"{'hi': 0.57866, 'lo': 0.5779, 'structure_id': 0, 'struct_direction': 1, 'timeframe': 'M15', 'use_case': 'reversal', 'parent_tf': 'H1', 'parent_sid': 0, 'parent_cycle_id': 0, 'structure_path_id': 'H1.main >> M15.confluence', 'sub_sid': 2, 'started_by': 'reversal', 'start_trigger_idx': 2470}"
2449,STRUCTURE,CTS_UPDATED,0.57866,"{'via': 'replay_raw', 'cycle_id': 0, 'structure_id': 0, 'struct_direction': 1, 'timeframe': 'M15', 'use_case': 'reversal', 'parent_tf': 'H1', 'parent_sid': 0, 'parent_cycle_id': 0, 'structure_path_id': 'H1.main >> M15.confluence', 'sub_sid': 2, 'started_by': 'reversal', 'start_trigger_idx': 2470}"
2454,RANGE,RANGE_UPDATED,,"{'hi': 0.57871, 'lo': 0.5779, 'structure_id': 0, 'struct_direction': 1, 'timeframe': 'M15', 'use_case': 'reversal', 'parent_tf': 'H1', 'parent_sid': 0, 'parent_cycle_id': 0, 'structure_path_id': 'H1.main >> M15.confluence', 'sub_sid': 2, 'started_by': 'reversal', 'start_trigger_idx': 2470}"
2454,STRUCTURE,CTS_UPDATED,0.57871,"{'via': 'replay_raw', 'cycle_id': 0, 'structure_id': 0, 'struct_direction': 1, 'timeframe': 'M15', 'use_case': 'reversal', 'parent_tf': 'H1', 'parent_sid': 0, 'parent_cycle_id': 0, 'structure_path_id': 'H1.main >> M15.confluence', 'sub_sid': 2, 'started_by': 'reversal', 'start_trigger_idx': 2470}"
2455,RANGE,RANGE_UPDATED,,"{'hi': 0.57886, 'lo': 0.5779, 'structure_id': 0, 'struct_direction': 1, 'timeframe': 'M15', 'use_case': 'reversal', 'parent_tf': 'H1', 'parent_sid': 0, 'parent_cycle_id': 0, 'structure_path_id': 'H1.main >> M15.confluence', 'sub_sid': 2, 'started_by': 'reversal', 'start_trigger_idx': 2470}"
2455,STRUCTURE,CTS_UPDATED,0.57886,"{'via': 'replay_raw', 'cycle_id': 0, 'structure_id': 0, 'struct_direction': 1, 'timeframe': 'M15', 'use_case': 'reversal', 'parent_tf': 'H1', 'parent_sid': 0, 'parent_cycle_id': 0, 'structure_path_id': 'H1.main >> M15.confluence', 'sub_sid': 2, 'started_by': 'reversal', 'start_trigger_idx': 2470}"
2456,RANGE,RANGE_UPDATED,,"{'hi': 0.57897, 'lo': 0.5779, 'structure_id': 0, 'struct_direction': 1, 'timeframe': 'M15', 'use_case': 'reversal', 'parent_tf': 'H1', 'parent_sid': 0, 'parent_cycle_id': 0, 'structure_path_id': 'H1.main >> M15.confluence', 'sub_sid': 2, 'started_by': 'reversal', 'start_trigger_idx': 2470}"
2456,STRUCTURE,CTS_UPDATED,0.57897,"{'via': 'replay_raw', 'cycle_id': 0, 'structure_id': 0, 'struct_direction': 1, 'timeframe': 'M15', 'use_case': 'reversal', 'parent_tf': 'H1', 'parent_sid': 0, 'parent_cycle_id': 0, 'structure_path_id': 'H1.main >> M15.confluence', 'sub_sid': 2, 'started_by': 'reversal', 'start_trigger_idx': 2470}"
2460,RANGE,RANGE_UPDATED,,"{'hi': 0.57926, 'lo': 0.5779, 'structure_id': 0, 'struct_direction': 1, 'timeframe': 'M15', 'use_case': 'reversal', 'parent_tf': 'H1', 'parent_sid': 0, 'parent_cycle_id': 0, 'structure_path_id': 'H1.main >> M15.confluence', 'sub_sid': 2, 'started_by': 'reversal', 'start_trigger_idx': 2470}"
2460,STRUCTURE,CTS_UPDATED,0.57926,"{'via': 'replay_raw', 'cycle_id': 0, 'structure_id': 0, 'struct_direction': 1, 'timeframe': 'M15', 'use_case': 'reversal', 'parent_tf': 'H1', 'parent_sid': 0, 'parent_cycle_id': 0, 'structure_path_id': 'H1.main >> M15.confluence', 'sub_sid': 2, 'started_by': 'reversal', 'start_trigger_idx': 2470}"
2465,STRUCTURE,CTS_UPDATED,0.5795,"{'via': 'replay_raw', 'cycle_id': 0, 'structure_id': 0, 'struct_direction': 1, 'timeframe': 'M15', 'use_case': 'reversal', 'parent_tf': 'H1', 'parent_sid': 0, 'parent_cycle_id': 0, 'structure_path_id': 'H1.main >> M15.confluence', 'sub_sid': 2, 'started_by': 'reversal', 'start_trigger_idx': 2470}"
2466,STRUCTURE,CTS_UPDATED,0.57982,"{'via': 'replay_raw', 'cycle_id': 0, 'structure_id': 0, 'struct_direction': 1, 'timeframe': 'M15', 'use_case': 'reversal', 'parent_tf': 'H1', 'parent_sid': 0, 'parent_cycle_id': 0, 'structure_path_id': 'H1.main >> M15.confluence', 'sub_sid': 2, 'started_by': 'reversal', 'start_trigger_idx': 2470}"
2468,STRUCTURE,CTS_UPDATED,0.58,"{'via': 'replay_raw', 'cycle_id': 0, 'structure_id': 0, 'struct_direction': 1, 'timeframe': 'M15', 'use_case': 'reversal', 'parent_tf': 'H1', 'parent_sid': 0, 'parent_cycle_id': 0, 'structure_path_id': 'H1.main >> M15.confluence', 'sub_sid': 2, 'started_by': 'reversal', 'start_trigger_idx': 2470}"
2470,RANGE,RANGE_RESET,,"{'reason': 'range_breakout', 'pat': 'continuous', 'structure_id': 0, 'struct_direction': 1, 'timeframe': 'M15', 'use_case': 'reversal', 'parent_tf': 'H1', 'parent_sid': 0, 'parent_cycle_id': 0, 'structure_path_id': 'H1.main >> M15.confluence', 'sub_sid': 2, 'started_by': 'reversal', 'start_trigger_idx': 2470}"
2468,STRUCTURE,CTS_UPDATED,0.58,"{'via': 'continuous', 'cycle_id': 0, 'structure_id': 0, 'struct_direction': 1, 'timeframe': 'M15', 'use_case': 'reversal', 'parent_tf': 'H1', 'parent_sid': 0, 'parent_cycle_id': 0, 'structure_path_id': 'H1.main >> M15.confluence', 'sub_sid': 2, 'started_by': 'reversal', 'start_trigger_idx': 2470}"
2470,STATE,STATE_CHANGED,,"{'from': 'range', 'to': 'breakout', 'structure_id': 0, 'struct_direction': 1, 'reason': 'breakout_pattern', 'pat': 'continuous', 'effective_idx': 155, 'timeframe': 'M15', 'use_case': 'reversal', 'parent_tf': 'H1', 'parent_sid': 0, 'parent_cycle_id': 0, 'structure_path_id': 'H1.main >> M15.confluence', 'sub_sid': 2, 'started_by': 'reversal', 'start_trigger_idx': 2470}"
2473,RANGE,RANGE_STARTED,,"{'start_idx': 156, 'confirm_idx': 158, 'hi': 0.58, 'lo': 0.5794, 'cts_idx': 153, 'cts_price': 0.58, 'structure_id': 0, 'struct_direction': 1, 'timeframe': 'M15', 'use_case': 'reversal', 'parent_tf': 'H1', 'parent_sid': 0, 'parent_cycle_id': 0, 'structure_path_id': 'H1.main >> M15.confluence', 'sub_sid': 2, 'started_by': 'reversal', 'start_trigger_idx': 2470}"
2473,STATE,STATE_CHANGED,,"{'from': 'breakout', 'to': 'range', 'structure_id': 0, 'struct_direction': 1, 'reason': 'range_confirmed', 'effective_idx': 156, 'timeframe': 'M15', 'use_case': 'reversal', 'parent_tf': 'H1', 'parent_sid': 0, 'parent_cycle_id': 0, 'structure_path_id': 'H1.main >> M15.confluence', 'sub_sid': 2, 'started_by': 'reversal', 'start_trigger_idx': 2470}"
2472,RANGE,RANGE_UPDATED,,"{'hi': 0.58, 'lo': 0.57932, 'structure_id': 0, 'struct_direction': 1, 'timeframe': 'M15', 'use_case': 'reversal', 'parent_tf': 'H1', 'parent_sid': 0, 'parent_cycle_id': 0, 'structure_path_id': 'H1.main >> M15.confluence', 'sub_sid': 2, 'started_by': 'reversal', 'start_trigger_idx': 2470}"
2473,RANGE,RANGE_UPDATED,,"{'hi': 0.58, 'lo': 0.5793, 'structure_id': 0, 'struct_direction': 1, 'timeframe': 'M15', 'use_case': 'reversal', 'parent_tf': 'H1', 'parent_sid': 0, 'parent_cycle_id': 0, 'structure_path_id': 'H1.main >> M15.confluence', 'sub_sid': 2, 'started_by': 'reversal', 'start_trigger_idx': 2470}"
2478,RANGE,RANGE_UPDATED,,"{'hi': 0.58014, 'lo': 0.5793, 'structure_id': 0, 'struct_direction': 1, 'timeframe': 'M15', 'use_case': 'reversal', 'parent_tf': 'H1', 'parent_sid': 0, 'parent_cycle_id': 0, 'structure_path_id': 'H1.main >> M15.confluence', 'sub_sid': 2, 'started_by': 'reversal', 'start_trigger_idx': 2470}"
2478,STRUCTURE,CTS_UPDATED,0.58014,"{'via': 'replay_raw', 'cycle_id': 0, 'structure_id': 0, 'struct_direction': 1, 'timeframe': 'M15', 'use_case': 'reversal', 'parent_tf': 'H1', 'parent_sid': 0, 'parent_cycle_id': 0, 'structure_path_id': 'H1.main >> M15.confluence', 'sub_sid': 2, 'started_by': 'reversal', 'start_trigger_idx': 2470}"
2479,RANGE,RANGE_UPDATED,,"{'hi': 0.58016, 'lo': 0.5793, 'structure_id': 0, 'struct_direction': 1, 'timeframe': 'M15', 'use_case': 'reversal', 'parent_tf': 'H1', 'parent_sid': 0, 'parent_cycle_id': 0, 'structure_path_id': 'H1.main >> M15.confluence', 'sub_sid': 2, 'started_by': 'reversal', 'start_trigger_idx': 2470}"
2479,STRUCTURE,CTS_UPDATED,0.58016,"{'via': 'replay_raw', 'cycle_id': 0, 'structure_id': 0, 'struct_direction': 1, 'timeframe': 'M15', 'use_case': 'reversal', 'parent_tf': 'H1', 'parent_sid': 0, 'parent_cycle_id': 0, 'structure_path_id': 'H1.main >> M15.confluence', 'sub_sid': 2, 'started_by': 'reversal', 'start_trigger_idx': 2470}"
2482,RANGE,RANGE_UPDATED,,"{'hi': 0.58016, 'lo': 0.57924, 'structure_id': 0, 'struct_direction': 1, 'timeframe': 'M15', 'use_case': 'reversal', 'parent_tf': 'H1', 'parent_sid': 0, 'parent_cycle_id': 0, 'structure_path_id': 'H1.main >> M15.confluence', 'sub_sid': 2, 'started_by': 'reversal', 'start_trigger_idx': 2470}"
2484,RANGE,RANGE_UPDATED,,"{'hi': 0.58016, 'lo': 0.57922, 'structure_id': 0, 'struct_direction': 1, 'timeframe': 'M15', 'use_case': 'reversal', 'parent_tf': 'H1', 'parent_sid': 0, 'parent_cycle_id': 0, 'structure_path_id': 'H1.main >> M15.confluence', 'sub_sid': 2, 'started_by': 'reversal', 'start_trigger_idx': 2470}"
2485,RANGE,RANGE_UPDATED,,"{'hi': 0.58016, 'lo': 0.5792, 'structure_id': 0, 'struct_direction': 1, 'timeframe': 'M15', 'use_case': 'reversal', 'parent_tf': 'H1', 'parent_sid': 0, 'parent_cycle_id': 0, 'structure_path_id': 'H1.main >> M15.confluence', 'sub_sid': 2, 'started_by': 'reversal', 'start_trigger_idx': 2470}"
2496,RANGE,RANGE_UPDATED,,"{'hi': 0.58016, 'lo': 0.57894, 'structure_id': 0, 'struct_direction': 1, 'timeframe': 'M15', 'use_case': 'reversal', 'parent_tf': 'H1', 'parent_sid': 0, 'parent_cycle_id': 0, 'structure_path_id': 'H1.main >> M15.confluence', 'sub_sid': 2, 'started_by': 'reversal', 'start_trigger_idx': 2470}"
2497,RANGE,RANGE_UPDATED,,"{'hi': 0.58016, 'lo': 0.57878, 'structure_id': 0, 'struct_direction': 1, 'timeframe': 'M15', 'use_case': 'reversal', 'parent_tf': 'H1', 'parent_sid': 0, 'parent_cycle_id': 0, 'structure_path_id': 'H1.main >> M15.confluence', 'sub_sid': 2, 'started_by': 'reversal', 'start_trigger_idx': 2470}"
2504,STRUCTURE,CTS_UPDATED,0.58044,"{'via': 'replay_raw', 'cycle_id': 0, 'structure_id': 0, 'struct_direction': 1, 'timeframe': 'M15', 'use_case': 'reversal', 'parent_tf': 'H1', 'parent_sid': 0, 'parent_cycle_id': 0, 'structure_path_id': 'H1.main >> M15.confluence', 'sub_sid': 2, 'started_by': 'reversal', 'start_trigger_idx': 2470}"
2505,RANGE,RANGE_RESET,,"{'reason': 'range_breakout', 'pat': 'one_maru_continuous', 'structure_id': 0, 'struct_direction': 1, 'timeframe': 'M15', 'use_case': 'reversal', 'parent_tf': 'H1', 'parent_sid': 0, 'parent_cycle_id': 0, 'structure_path_id': 'H1.main >> M15.confluence', 'sub_sid': 2, 'started_by': 'reversal', 'start_trigger_idx': 2470}"
2505,STRUCTURE,CTS_UPDATED,0.58077,"{'via': 'one_maru_continuous', 'cycle_id': 0, 'structure_id': 0, 'struct_direction': 1, 'timeframe': 'M15', 'use_case': 'reversal', 'parent_tf': 'H1', 'parent_sid': 0, 'parent_cycle_id': 0, 'structure_path_id': 'H1.main >> M15.confluence', 'sub_sid': 2, 'started_by': 'reversal', 'start_trigger_idx': 2470}"
2505,STATE,STATE_CHANGED,,"{'from': 'range', 'to': 'breakout', 'structure_id': 0, 'struct_direction': 1, 'reason': 'breakout_pattern', 'pat': 'one_maru_continuous', 'effective_idx': 190, 'timeframe': 'M15', 'use_case': 'reversal', 'parent_tf': 'H1', 'parent_sid': 0, 'parent_cycle_id': 0, 'structure_path_id': 'H1.main >> M15.confluence', 'sub_sid': 2, 'started_by': 'reversal', 'start_trigger_idx': 2470}"
2506,STRUCTURE,CTS_UPDATED,0.58078,"{'via': 'replay_raw', 'cycle_id': 0, 'structure_id': 0, 'struct_direction': 1, 'timeframe': 'M15', 'use_case': 'reversal', 'parent_tf': 'H1', 'parent_sid': 0, 'parent_cycle_id': 0, 'structure_path_id': 'H1.main >> M15.confluence', 'sub_sid': 2, 'started_by': 'reversal', 'start_trigger_idx': 2470}"
2509,RANGE,RANGE_STARTED,,"{'start_idx': 191, 'confirm_idx': 194, 'hi': 0.58078, 'lo': 0.58034, 'cts_idx': 191, 'cts_price': 0.58078, 'structure_id': 0, 'struct_direction': 1, 'timeframe': 'M15', 'use_case': 'reversal', 'parent_tf': 'H1', 'parent_sid': 0, 'parent_cycle_id': 0, 'structure_path_id': 'H1.main >> M15.confluence', 'sub_sid': 2, 'started_by': 'reversal', 'start_trigger_idx': 2470}"
2509,STATE,STATE_CHANGED,,"{'from': 'breakout', 'to': 'range', 'structure_id': 0, 'struct_direction': 1, 'reason': 'range_confirmed', 'effective_idx': 191, 'timeframe': 'M15', 'use_case': 'reversal', 'parent_tf': 'H1', 'parent_sid': 0, 'parent_cycle_id': 0, 'structure_path_id': 'H1.main >> M15.confluence', 'sub_sid': 2, 'started_by': 'reversal', 'start_trigger_idx': 2470}"
2507,RANGE,RANGE_UPDATED,,"{'hi': 0.58078, 'lo': 0.58022, 'structure_id': 0, 'struct_direction': 1, 'timeframe': 'M15', 'use_case': 'reversal', 'parent_tf': 'H1', 'parent_sid': 0, 'parent_cycle_id': 0, 'structure_path_id': 'H1.main >> M15.confluence', 'sub_sid': 2, 'started_by': 'reversal', 'start_trigger_idx': 2470}"
2508,RANGE,RANGE_UPDATED,,"{'hi': 0.58078, 'lo': 0.58006, 'structure_id': 0, 'struct_direction': 1, 'timeframe': 'M15', 'use_case': 'reversal', 'parent_tf': 'H1', 'parent_sid': 0, 'parent_cycle_id': 0, 'structure_path_id': 'H1.main >> M15.confluence', 'sub_sid': 2, 'started_by': 'reversal', 'start_trigger_idx': 2470}"
2510,RANGE,RANGE_UPDATED,,"{'hi': 0.58098, 'lo': 0.58006, 'structure_id': 0, 'struct_direction': 1, 'timeframe': 'M15', 'use_case': 'reversal', 'parent_tf': 'H1', 'parent_sid': 0, 'parent_cycle_id': 0, 'structure_path_id': 'H1.main >> M15.confluence', 'sub_sid': 2, 'started_by': 'reversal', 'start_trigger_idx': 2470}"
2510,STRUCTURE,CTS_UPDATED,0.58098,"{'via': 'replay_raw', 'cycle_id': 0, 'structure_id': 0, 'struct_direction': 1, 'timeframe': 'M15', 'use_case': 'reversal', 'parent_tf': 'H1', 'parent_sid': 0, 'parent_cycle_id': 0, 'structure_path_id': 'H1.main >> M15.confluence', 'sub_sid': 2, 'started_by': 'reversal', 'start_trigger_idx': 2470}"
2512,STRUCTURE,CTS_UPDATED,0.58139,"{'via': 'replay_raw', 'cycle_id': 0, 'structure_id': 0, 'struct_direction': 1, 'timeframe': 'M15', 'use_case': 'reversal', 'parent_tf': 'H1', 'parent_sid': 0, 'parent_cycle_id': 0, 'structure_path_id': 'H1.main >> M15.confluence', 'sub_sid': 2, 'started_by': 'reversal', 'start_trigger_idx': 2470}"
2513,RANGE,RANGE_RESET,,"{'reason': 'range_breakout', 'pat': 'one_maru_continuous', 'structure_id': 0, 'struct_direction': 1, 'timeframe': 'M15', 'use_case': 'reversal', 'parent_tf': 'H1', 'parent_sid': 0, 'parent_cycle_id': 0, 'structure_path_id': 'H1.main >> M15.confluence', 'sub_sid': 2, 'started_by': 'reversal', 'start_trigger_idx': 2470}"
2513,STRUCTURE,CTS_UPDATED,0.58152,"{'via': 'one_maru_continuous', 'cycle_id': 0, 'structure_id': 0, 'struct_direction': 1, 'timeframe': 'M15', 'use_case': 'reversal', 'parent_tf': 'H1', 'parent_sid': 0, 'parent_cycle_id': 0, 'structure_path_id': 'H1.main >> M15.confluence', 'sub_sid': 2, 'started_by': 'reversal', 'start_trigger_idx': 2470}"
2513,STATE,STATE_CHANGED,,"{'from': 'range', 'to': 'breakout', 'structure_id': 0, 'struct_direction': 1, 'reason': 'breakout_pattern', 'pat': 'one_maru_continuous', 'effective_idx': 198, 'timeframe': 'M15', 'use_case': 'reversal', 'parent_tf': 'H1', 'parent_sid': 0, 'parent_cycle_id': 0, 'structure_path_id': 'H1.main >> M15.confluence', 'sub_sid': 2, 'started_by': 'reversal', 'start_trigger_idx': 2470}"
2514,STRUCTURE,CTS_UPDATED,0.58168,"{'via': 'replay_raw', 'cycle_id': 0, 'structure_id': 0, 'struct_direction': 1, 'timeframe': 'M15', 'use_case': 'reversal', 'parent_tf': 'H1', 'parent_sid': 0, 'parent_cycle_id': 0, 'structure_path_id': 'H1.main >> M15.confluence', 'sub_sid': 2, 'started_by': 'reversal', 'start_trigger_idx': 2470}"
2515,STRUCTURE,CTS_UPDATED,0.58169,"{'via': 'replay_raw', 'cycle_id': 0, 'structure_id': 0, 'struct_direction': 1, 'timeframe': 'M15', 'use_case': 'reversal', 'parent_tf': 'H1', 'parent_sid': 0, 'parent_cycle_id': 0, 'structure_path_id': 'H1.main >> M15.confluence', 'sub_sid': 2, 'started_by': 'reversal', 'start_trigger_idx': 2470}"
2516,RANGE,RANGE_STARTED,,"{'start_idx': 198, 'confirm_idx': 201, 'hi': 0.58169, 'lo': 0.58124, 'cts_idx': 200, 'cts_price': 0.58169, 'structure_id': 0, 'struct_direction': 1, 'timeframe': 'M15', 'use_case': 'reversal', 'parent_tf': 'H1', 'parent_sid': 0, 'parent_cycle_id': 0, 'structure_path_id': 'H1.main >> M15.confluence', 'sub_sid': 2, 'started_by': 'reversal', 'start_trigger_idx': 2470}"
2516,STATE,STATE_CHANGED,,"{'from': 'breakout', 'to': 'range', 'structure_id': 0, 'struct_direction': 1, 'reason': 'range_confirmed', 'effective_idx': 198, 'timeframe': 'M15', 'use_case': 'reversal', 'parent_tf': 'H1', 'parent_sid': 0, 'parent_cycle_id': 0, 'structure_path_id': 'H1.main >> M15.confluence', 'sub_sid': 2, 'started_by': 'reversal', 'start_trigger_idx': 2470}"
2517,RANGE,RANGE_UPDATED,,"{'hi': 0.58169, 'lo': 0.58104, 'structure_id': 0, 'struct_direction': 1, 'timeframe': 'M15', 'use_case': 'reversal', 'parent_tf': 'H1', 'parent_sid': 0, 'parent_cycle_id': 0, 'structure_path_id': 'H1.main >> M15.confluence', 'sub_sid': 2, 'started_by': 'reversal', 'start_trigger_idx': 2470}"
2530,RANGE,RANGE_UPDATED,,"{'hi': 0.58169, 'lo': 0.5808, 'structure_id': 0, 'struct_direction': 1, 'timeframe': 'M15', 'use_case': 'reversal', 'parent_tf': 'H1', 'parent_sid': 0, 'parent_cycle_id': 0, 'structure_path_id': 'H1.main >> M15.confluence', 'sub_sid': 2, 'started_by': 'reversal', 'start_trigger_idx': 2470}"
2532,RANGE,RANGE_UPDATED,,"{'hi': 0.58196, 'lo': 0.5808, 'structure_id': 0, 'struct_direction': 1, 'timeframe': 'M15', 'use_case': 'reversal', 'parent_tf': 'H1', 'parent_sid': 0, 'parent_cycle_id': 0, 'structure_path_id': 'H1.main >> M15.confluence', 'sub_sid': 2, 'started_by': 'reversal', 'start_trigger_idx': 2470}"
2532,STRUCTURE,CTS_UPDATED,0.58196,"{'via': 'replay_raw', 'cycle_id': 0, 'structure_id': 0, 'struct_direction': 1, 'timeframe': 'M15', 'use_case': 'reversal', 'parent_tf': 'H1', 'parent_sid': 0, 'parent_cycle_id': 0, 'structure_path_id': 'H1.main >> M15.confluence', 'sub_sid': 2, 'started_by': 'reversal', 'start_trigger_idx': 2470}"
2533,RANGE,RANGE_UPDATED,,"{'hi': 0.58197, 'lo': 0.5808, 'structure_id': 0, 'struct_direction': 1, 'timeframe': 'M15', 'use_case': 'reversal', 'parent_tf': 'H1', 'parent_sid': 0, 'parent_cycle_id': 0, 'structure_path_id': 'H1.main >> M15.confluence', 'sub_sid': 2, 'started_by': 'reversal', 'start_trigger_idx': 2470}"
2533,STRUCTURE,CTS_UPDATED,0.58197,"{'via': 'replay_raw', 'cycle_id': 0, 'structure_id': 0, 'struct_direction': 1, 'timeframe': 'M15', 'use_case': 'reversal', 'parent_tf': 'H1', 'parent_sid': 0, 'parent_cycle_id': 0, 'structure_path_id': 'H1.main >> M15.confluence', 'sub_sid': 2, 'started_by': 'reversal', 'start_trigger_idx': 2470}"
2534,RANGE,RANGE_UPDATED,,"{'hi': 0.58214, 'lo': 0.5808, 'structure_id': 0, 'struct_direction': 1, 'timeframe': 'M15', 'use_case': 'reversal', 'parent_tf': 'H1', 'parent_sid': 0, 'parent_cycle_id': 0, 'structure_path_id': 'H1.main >> M15.confluence', 'sub_sid': 2, 'started_by': 'reversal', 'start_trigger_idx': 2470}"
2534,STRUCTURE,CTS_UPDATED,0.58214,"{'via': 'replay_raw', 'cycle_id': 0, 'structure_id': 0, 'struct_direction': 1, 'timeframe': 'M15', 'use_case': 'reversal', 'parent_tf': 'H1', 'parent_sid': 0, 'parent_cycle_id': 0, 'structure_path_id': 'H1.main >> M15.confluence', 'sub_sid': 2, 'started_by': 'reversal', 'start_trigger_idx': 2470}"
2535,RANGE,RANGE_UPDATED,,"{'hi': 0.58227, 'lo': 0.5808, 'structure_id': 0, 'struct_direction': 1, 'timeframe': 'M15', 'use_case': 'reversal', 'parent_tf': 'H1', 'parent_sid': 0, 'parent_cycle_id': 0, 'structure_path_id': 'H1.main >> M15.confluence', 'sub_sid': 2, 'started_by': 'reversal', 'start_trigger_idx': 2470}"
2535,STRUCTURE,CTS_UPDATED,0.58227,"{'via': 'replay_raw', 'cycle_id': 0, 'structure_id': 0, 'struct_direction': 1, 'timeframe': 'M15', 'use_case': 'reversal', 'parent_tf': 'H1', 'parent_sid': 0, 'parent_cycle_id': 0, 'structure_path_id': 'H1.main >> M15.confluence', 'sub_sid': 2, 'started_by': 'reversal', 'start_trigger_idx': 2470}"
2536,STRUCTURE,CTS_UPDATED,0.58277,"{'via': 'replay_raw', 'cycle_id': 0, 'structure_id': 0, 'struct_direction': 1, 'timeframe': 'M15', 'use_case': 'reversal', 'parent_tf': 'H1', 'parent_sid': 0, 'parent_cycle_id': 0, 'structure_path_id': 'H1.main >> M15.confluence', 'sub_sid': 2, 'started_by': 'reversal', 'start_trigger_idx': 2470}"
2537,RANGE,RANGE_RESET,,"{'reason': 'range_breakout', 'pat': 'one_maru_continuous', 'structure_id': 0, 'struct_direction': 1, 'timeframe': 'M15', 'use_case': 'reversal', 'parent_tf': 'H1', 'parent_sid': 0, 'parent_cycle_id': 0, 'structure_path_id': 'H1.main >> M15.confluence', 'sub_sid': 2, 'started_by': 'reversal', 'start_trigger_idx': 2470}"
2537,STRUCTURE,CTS_UPDATED,0.58298,"{'via': 'one_maru_continuous', 'cycle_id': 0, 'structure_id': 0, 'struct_direction': 1, 'timeframe': 'M15', 'use_case': 'reversal', 'parent_tf': 'H1', 'parent_sid': 0, 'parent_cycle_id': 0, 'structure_path_id': 'H1.main >> M15.confluence', 'sub_sid': 2, 'started_by': 'reversal', 'start_trigger_idx': 2470}"
2537,STATE,STATE_CHANGED,,"{'from': 'range', 'to': 'breakout', 'structure_id': 0, 'struct_direction': 1, 'reason': 'breakout_pattern', 'pat': 'one_maru_continuous', 'effective_idx': 222, 'timeframe': 'M15', 'use_case': 'reversal', 'parent_tf': 'H1', 'parent_sid': 0, 'parent_cycle_id': 0, 'structure_path_id': 'H1.main >> M15.confluence', 'sub_sid': 2, 'started_by': 'reversal', 'start_trigger_idx': 2470}"
2538,STRUCTURE,CTS_UPDATED,0.58308,"{'via': 'replay_raw', 'cycle_id': 0, 'structure_id': 0, 'struct_direction': 1, 'timeframe': 'M15', 'use_case': 'reversal', 'parent_tf': 'H1', 'parent_sid': 0, 'parent_cycle_id': 0, 'structure_path_id': 'H1.main >> M15.confluence', 'sub_sid': 2, 'started_by': 'reversal', 'start_trigger_idx': 2470}"
2539,STRUCTURE,CTS_UPDATED,0.58328,"{'via': 'replay_raw', 'cycle_id': 0, 'structure_id': 0, 'struct_direction': 1, 'timeframe': 'M15', 'use_case': 'reversal', 'parent_tf': 'H1', 'parent_sid': 0, 'parent_cycle_id': 0, 'structure_path_id': 'H1.main >> M15.confluence', 'sub_sid': 2, 'started_by': 'reversal', 'start_trigger_idx': 2470}"
2540,STRUCTURE,CTS_UPDATED,0.58374,"{'via': 'replay_raw', 'cycle_id': 0, 'structure_id': 0, 'struct_direction': 1, 'timeframe': 'M15', 'use_case': 'reversal', 'parent_tf': 'H1', 'parent_sid': 0, 'parent_cycle_id': 0, 'structure_path_id': 'H1.main >> M15.confluence', 'sub_sid': 2, 'started_by': 'reversal', 'start_trigger_idx': 2470}"
2543,STRUCTURE,CTS_UPDATED,0.58381,"{'via': 'continuous', 'cycle_id': 0, 'structure_id': 0, 'struct_direction': 1, 'timeframe': 'M15', 'use_case': 'reversal', 'parent_tf': 'H1', 'parent_sid': 0, 'parent_cycle_id': 0, 'structure_path_id': 'H1.main >> M15.confluence', 'sub_sid': 2, 'started_by': 'reversal', 'start_trigger_idx': 2470}"
2544,STRUCTURE,CTS_UPDATED,0.58394,"{'via': 'replay_raw', 'cycle_id': 0, 'structure_id': 0, 'struct_direction': 1, 'timeframe': 'M15', 'use_case': 'reversal', 'parent_tf': 'H1', 'parent_sid': 0, 'parent_cycle_id': 0, 'structure_path_id': 'H1.main >> M15.confluence', 'sub_sid': 2, 'started_by': 'reversal', 'start_trigger_idx': 2470}"
2545,STRUCTURE,CTS_UPDATED,0.58404,"{'via': 'replay_raw', 'cycle_id': 0, 'structure_id': 0, 'struct_direction': 1, 'timeframe': 'M15', 'use_case': 'reversal', 'parent_tf': 'H1', 'parent_sid': 0, 'parent_cycle_id': 0, 'structure_path_id': 'H1.main >> M15.confluence', 'sub_sid': 2, 'started_by': 'reversal', 'start_trigger_idx': 2470}"
2547,STRUCTURE,CTS_UPDATED,0.58412,"{'via': 'replay_raw', 'cycle_id': 0, 'structure_id': 0, 'struct_direction': 1, 'timeframe': 'M15', 'use_case': 'reversal', 'parent_tf': 'H1', 'parent_sid': 0, 'parent_cycle_id': 0, 'structure_path_id': 'H1.main >> M15.confluence', 'sub_sid': 2, 'started_by': 'reversal', 'start_trigger_idx': 2470}"
2548,RANGE,RANGE_STARTED,,"{'start_idx': 231, 'confirm_idx': 233, 'hi': 0.58412, 'lo': 0.58386, 'cts_idx': 232, 'cts_price': 0.58412, 'structure_id': 0, 'struct_direction': 1, 'timeframe': 'M15', 'use_case': 'reversal', 'parent_tf': 'H1', 'parent_sid': 0, 'parent_cycle_id': 0, 'structure_path_id': 'H1.main >> M15.confluence', 'sub_sid': 2, 'started_by': 'reversal', 'start_trigger_idx': 2470}"
2548,STATE,STATE_CHANGED,,"{'from': 'breakout', 'to': 'range', 'structure_id': 0, 'struct_direction': 1, 'reason': 'range_confirmed', 'effective_idx': 231, 'timeframe': 'M15', 'use_case': 'reversal', 'parent_tf': 'H1', 'parent_sid': 0, 'parent_cycle_id': 0, 'structure_path_id': 'H1.main >> M15.confluence', 'sub_sid': 2, 'started_by': 'reversal', 'start_trigger_idx': 2470}"
2549,RANGE,RANGE_UPDATED,,"{'hi': 0.58414, 'lo': 0.58381, 'structure_id': 0, 'struct_direction': 1, 'timeframe': 'M15', 'use_case': 'reversal', 'parent_tf': 'H1', 'parent_sid': 0, 'parent_cycle_id': 0, 'structure_path_id': 'H1.main >> M15.confluence', 'sub_sid': 2, 'started_by': 'reversal', 'start_trigger_idx': 2470}"
2549,STRUCTURE,CTS_UPDATED,0.58414,"{'via': 'replay_raw', 'cycle_id': 0, 'structure_id': 0, 'struct_direction': 1, 'timeframe': 'M15', 'use_case': 'reversal', 'parent_tf': 'H1', 'parent_sid': 0, 'parent_cycle_id': 0, 'structure_path_id': 'H1.main >> M15.confluence', 'sub_sid': 2, 'started_by': 'reversal', 'start_trigger_idx': 2470}"
2550,RANGE,RANGE_UPDATED,,"{'hi': 0.58415, 'lo': 0.58381, 'structure_id': 0, 'struct_direction': 1, 'timeframe': 'M15', 'use_case': 'reversal', 'parent_tf': 'H1', 'parent_sid': 0, 'parent_cycle_id': 0, 'structure_path_id': 'H1.main >> M15.confluence', 'sub_sid': 2, 'started_by': 'reversal', 'start_trigger_idx': 2470}"
2550,STRUCTURE,CTS_UPDATED,0.58415,"{'via': 'replay_raw', 'cycle_id': 0, 'structure_id': 0, 'struct_direction': 1, 'timeframe': 'M15', 'use_case': 'reversal', 'parent_tf': 'H1', 'parent_sid': 0, 'parent_cycle_id': 0, 'structure_path_id': 'H1.main >> M15.confluence', 'sub_sid': 2, 'started_by': 'reversal', 'start_trigger_idx': 2470}"
2551,RANGE,RANGE_UPDATED,,"{'hi': 0.58415, 'lo': 0.5837, 'structure_id': 0, 'struct_direction': 1, 'timeframe': 'M15', 'use_case': 'reversal', 'parent_tf': 'H1', 'parent_sid': 0, 'parent_cycle_id': 0, 'structure_path_id': 'H1.main >> M15.confluence', 'sub_sid': 2, 'started_by': 'reversal', 'start_trigger_idx': 2470}"
2552,RANGE,RANGE_UPDATED,,"{'hi': 0.58415, 'lo': 0.58367, 'structure_id': 0, 'struct_direction': 1, 'timeframe': 'M15', 'use_case': 'reversal', 'parent_tf': 'H1', 'parent_sid': 0, 'parent_cycle_id': 0, 'structure_path_id': 'H1.main >> M15.confluence', 'sub_sid': 2, 'started_by': 'reversal', 'start_trigger_idx': 2470}"
2554,RANGE,RANGE_UPDATED,,"{'hi': 0.58422, 'lo': 0.58367, 'structure_id': 0, 'struct_direction': 1, 'timeframe': 'M15', 'use_case': 'reversal', 'parent_tf': 'H1', 'parent_sid': 0, 'parent_cycle_id': 0, 'structure_path_id': 'H1.main >> M15.confluence', 'sub_sid': 2, 'started_by': 'reversal', 'start_trigger_idx': 2470}"
2554,STRUCTURE,CTS_UPDATED,0.58422,"{'via': 'replay_raw', 'cycle_id': 0, 'structure_id': 0, 'struct_direction': 1, 'timeframe': 'M15', 'use_case': 'reversal', 'parent_tf': 'H1', 'parent_sid': 0, 'parent_cycle_id': 0, 'structure_path_id': 'H1.main >> M15.confluence', 'sub_sid': 2, 'started_by': 'reversal', 'start_trigger_idx': 2470}"
2557,RANGE,RANGE_UPDATED,,"{'hi': 0.58434, 'lo': 0.58367, 'structure_id': 0, 'struct_direction': 1, 'timeframe': 'M15', 'use_case': 'reversal', 'parent_tf': 'H1', 'parent_sid': 0, 'parent_cycle_id': 0, 'structure_path_id': 'H1.main >> M15.confluence', 'sub_sid': 2, 'started_by': 'reversal', 'start_trigger_idx': 2470}"
2557,STRUCTURE,CTS_UPDATED,0.58434,"{'via': 'replay_raw', 'cycle_id': 0, 'structure_id': 0, 'struct_direction': 1, 'timeframe': 'M15', 'use_case': 'reversal', 'parent_tf': 'H1', 'parent_sid': 0, 'parent_cycle_id': 0, 'structure_path_id': 'H1.main >> M15.confluence', 'sub_sid': 2, 'started_by': 'reversal', 'start_trigger_idx': 2470}"
2558,RANGE,RANGE_UPDATED,,"{'hi': 0.58434, 'lo': 0.58342, 'structure_id': 0, 'struct_direction': 1, 'timeframe': 'M15', 'use_case': 'reversal', 'parent_tf': 'H1', 'parent_sid': 0, 'parent_cycle_id': 0, 'structure_path_id': 'H1.main >> M15.confluence', 'sub_sid': 2, 'started_by': 'reversal', 'start_trigger_idx': 2470}"
2560,RANGE,RANGE_UPDATED,,"{'reason': 'pullback_expand', 'hi': 0.58434, 'lo': 0.58242, 'pat': 'one_maru_continuous', 'structure_id': 0, 'struct_direction': 1, 'timeframe': 'M15', 'use_case': 'reversal', 'parent_tf': 'H1', 'parent_sid': 0, 'parent_cycle_id': 0, 'structure_path_id': 'H1.main >> M15.confluence', 'sub_sid': 2, 'started_by': 'reversal', 'start_trigger_idx': 2470}"
2560,STRUCTURE,CTS_CONFIRMED,0.58434,"{'via': 'one_maru_continuous', 'cycle_id': 0, 'structure_id': 0, 'struct_direction': 1, 'confirmed_at': 2560, 'cts_anchor_idx': 2557, 'confirmation_method': 'pullback', 'timeframe': 'M15', 'use_case': 'reversal', 'parent_tf': 'H1', 'parent_sid': 0, 'parent_cycle_id': 0, 'structure_path_id': 'H1.main >> M15.confluence', 'sub_sid': 2, 'started_by': 'reversal', 'start_trigger_idx': 2470}"
2560,STATE,STATE_CHANGED,,"{'from': 'range', 'to': 'pullback', 'structure_id': 0, 'struct_direction': 1, 'reason': 'pullback_pattern', 'pat': 'one_maru_continuous', 'effective_idx': 245, 'timeframe': 'M15', 'use_case': 'reversal', 'parent_tf': 'H1', 'parent_sid': 0, 'parent_cycle_id': 0, 'structure_path_id': 'H1.main >> M15.confluence', 'sub_sid': 2, 'started_by': 'reversal', 'start_trigger_idx': 2470}"
2561,RANGE,RANGE_UPDATED,,"{'hi': 0.58434, 'lo': 0.58198, 'structure_id': 0, 'struct_direction': 1, 'timeframe': 'M15', 'use_case': 'reversal', 'parent_tf': 'H1', 'parent_sid': 0, 'parent_cycle_id': 0, 'structure_path_id': 'H1.main >> M15.confluence', 'sub_sid': 2, 'started_by': 'reversal', 'start_trigger_idx': 2470}"
2562,STATE,STATE_CHANGED,,"{'from': 'pullback', 'to': 'pullback_range', 'structure_id': 0, 'struct_direction': 1, 'reason': 'replay_no_expand_pullback_side', 'effective_idx': 247, 'timeframe': 'M15', 'use_case': 'reversal', 'parent_tf': 'H1', 'parent_sid': 0, 'parent_cycle_id': 0, 'structure_path_id': 'H1.main >> M15.confluence', 'sub_sid': 2, 'started_by': 'reversal', 'start_trigger_idx': 2470}"
2600,RANGE,RANGE_UPDATED,,"{'hi': 0.58448, 'lo': 0.58198, 'structure_id': 0, 'struct_direction': 1, 'timeframe': 'M15', 'use_case': 'reversal', 'parent_tf': 'H1', 'parent_sid': 0, 'parent_cycle_id': 0, 'structure_path_id': 'H1.main >> M15.confluence', 'sub_sid': 2, 'started_by': 'reversal', 'start_trigger_idx': 2470}"
2600,STRUCTURE,CTS_THRESHOLD_UPDATED,0.58448,"{'prev': 0.58434, 'reason': 'range_sync', 'cycle_id': 0, 'structure_id': 0, 'struct_direction': 1, 'timeframe': 'M15', 'use_case': 'reversal', 'parent_tf': 'H1', 'parent_sid': 0, 'parent_cycle_id': 0, 'structure_path_id': 'H1.main >> M15.confluence', 'sub_sid': 2, 'started_by': 'reversal', 'start_trigger_idx': 2470}"
2606,RANGE,RANGE_UPDATED,,"{'hi': 0.58465, 'lo': 0.58198, 'structure_id': 0, 'struct_direction': 1, 'timeframe': 'M15', 'use_case': 'reversal', 'parent_tf': 'H1', 'parent_sid': 0, 'parent_cycle_id': 0, 'structure_path_id': 'H1.main >> M15.confluence', 'sub_sid': 2, 'started_by': 'reversal', 'start_trigger_idx': 2470}"
2606,STRUCTURE,CTS_THRESHOLD_UPDATED,0.58465,"{'prev': 0.58448, 'reason': 'range_sync', 'cycle_id': 0, 'structure_id': 0, 'struct_direction': 1, 'timeframe': 'M15', 'use_case': 'reversal', 'parent_tf': 'H1', 'parent_sid': 0, 'parent_cycle_id': 0, 'structure_path_id': 'H1.main >> M15.confluence', 'sub_sid': 2, 'started_by': 'reversal', 'start_trigger_idx': 2470}"
2608,RANGE,RANGE_RESET,,"{'reason': 'range_breakout', 'pat': 'one_maru_continuous', 'structure_id': 0, 'struct_direction': 1, 'timeframe': 'M15', 'use_case': 'reversal', 'parent_tf': 'H1', 'parent_sid': 0, 'parent_cycle_id': 0, 'structure_path_id': 'H1.main >> M15.confluence', 'sub_sid': 2, 'started_by': 'reversal', 'start_trigger_idx': 2470}"
2608,STRUCTURE,CTS_ESTABLISHED,0.58518,"{'via': 'one_maru_continuous', 'anchor_idx': 2607, 'pattern_name': 'one_maru_continuous', 'confirmed_at': 2608, 'cycle_id': 1, 'structure_id': 0, 'struct_direction': 1, 'timeframe': 'M15', 'use_case': 'reversal', 'parent_tf': 'H1', 'parent_sid': 0, 'parent_cycle_id': 0, 'structure_path_id': 'H1.main >> M15.confluence', 'sub_sid': 2, 'started_by': 'reversal', 'start_trigger_idx': 2470}"
2561,STRUCTURE,BOS_CONFIRMED,0.58198,"{'source': 'pullback_extreme', 'confirmed_at': 2608, 'pb_start': 245, 'cycle_id': 1, 'structure_id': 0, 'struct_direction': 1, 'timeframe': 'M15', 'use_case': 'reversal', 'parent_tf': 'H1', 'parent_sid': 0, 'parent_cycle_id': 0, 'structure_path_id': 'H1.main >> M15.confluence', 'sub_sid': 2, 'started_by': 'reversal', 'start_trigger_idx': 2470}"
2608,STATE,STATE_CHANGED,,"{'from': 'pullback_range', 'to': 'breakout', 'structure_id': 0, 'struct_direction': 1, 'reason': 'breakout_pattern', 'pat': 'one_maru_continuous', 'effective_idx': 293, 'timeframe': 'M15', 'use_case': 'reversal', 'parent_tf': 'H1', 'parent_sid': 0, 'parent_cycle_id': 0, 'structure_path_id': 'H1.main >> M15.confluence', 'sub_sid': 2, 'started_by': 'reversal', 'start_trigger_idx': 2470}"
2609,STRUCTURE,CTS_UPDATED,0.58534,"{'via': 'replay_raw', 'cycle_id': 1, 'structure_id': 0, 'struct_direction': 1, 'timeframe': 'M15', 'use_case': 'reversal', 'parent_tf': 'H1', 'parent_sid': 0, 'parent_cycle_id': 0, 'structure_path_id': 'H1.main >> M15.confluence', 'sub_sid': 2, 'started_by': 'reversal', 'start_trigger_idx': 2470}"
2368,STRUCTURE,CTS_ESTABLISHED,0.57522,"{'via': 'double_maru', 'anchor_idx': 2367, 'pattern_name': 'double_maru', 'confirmed_at': 2368, 'cycle_id': 0, 'structure_id': 0, 'struct_direction': 1, 'timeframe': 'M15', 'use_case': 'first_confluence', 'parent_tf': 'H1', 'parent_sid': 0, 'parent_cycle_id': 1, 'structure_path_id': 'H1.main >> M15.confluence', 'sub_sid': 0, 'started_by': 'first_confluence', 'start_trigger_idx': 2608}"
2365,STRUCTURE,BOS_CONFIRMED,0.5736,"{'source': 'initial_prior_extreme', 'confirmed_at': 2368, 'pb_start': None, 'cycle_id': 0, 'structure_id': 0, 'struct_direction': 1, 'timeframe': 'M15', 'use_case': 'first_confluence', 'parent_tf': 'H1', 'parent_sid': 0, 'parent_cycle_id': 1, 'structure_path_id': 'H1.main >> M15.confluence', 'sub_sid': 0, 'started_by': 'first_confluence', 'start_trigger_idx': 2608}"
2368,STATE,STATE_CHANGED,,"{'from': 'none', 'to': 'breakout', 'structure_id': 0, 'struct_direction': 1, 'reason': 'breakout_pattern', 'pat': 'double_maru', 'effective_idx': 53, 'timeframe': 'M15', 'use_case': 'first_confluence', 'parent_tf': 'H1', 'parent_sid': 0, 'parent_cycle_id': 1, 'structure_path_id': 'H1.main >> M15.confluence', 'sub_sid': 0, 'started_by': 'first_confluence', 'start_trigger_idx': 2608}"
2369,STRUCTURE,CTS_UPDATED,0.57532,"{'via': 'replay_raw', 'cycle_id': 0, 'structure_id': 0, 'struct_direction': 1, 'timeframe': 'M15', 'use_case': 'first_confluence', 'parent_tf': 'H1', 'parent_sid': 0, 'parent_cycle_id': 1, 'structure_path_id': 'H1.main >> M15.confluence', 'sub_sid': 0, 'started_by': 'first_confluence', 'start_trigger_idx': 2608}"
2370,STRUCTURE,CTS_UPDATED,0.57578,"{'via': 'replay_raw', 'cycle_id': 0, 'structure_id': 0, 'struct_direction': 1, 'timeframe': 'M15', 'use_case': 'first_confluence', 'parent_tf': 'H1', 'parent_sid': 0, 'parent_cycle_id': 1, 'structure_path_id': 'H1.main >> M15.confluence', 'sub_sid': 0, 'started_by': 'first_confluence', 'start_trigger_idx': 2608}"
2371,STRUCTURE,CTS_UPDATED,0.5758,"{'via': 'replay_raw', 'cycle_id': 0, 'structure_id': 0, 'struct_direction': 1, 'timeframe': 'M15', 'use_case': 'first_confluence', 'parent_tf': 'H1', 'parent_sid': 0, 'parent_cycle_id': 1, 'structure_path_id': 'H1.main >> M15.confluence', 'sub_sid': 0, 'started_by': 'first_confluence', 'start_trigger_idx': 2608}"
2372,STRUCTURE,CTS_UPDATED,0.57601,"{'via': 'replay_raw', 'cycle_id': 0, 'structure_id': 0, 'struct_direction': 1, 'timeframe': 'M15', 'use_case': 'first_confluence', 'parent_tf': 'H1', 'parent_sid': 0, 'parent_cycle_id': 1, 'structure_path_id': 'H1.main >> M15.confluence', 'sub_sid': 0, 'started_by': 'first_confluence', 'start_trigger_idx': 2608}"
2376,RANGE,RANGE_STARTED,,"{'start_idx': 56, 'confirm_idx': 61, 'hi': 0.57601, 'lo': 0.5754, 'cts_idx': 57, 'cts_price': 0.57601, 'structure_id': 0, 'struct_direction': 1, 'timeframe': 'M15', 'use_case': 'first_confluence', 'parent_tf': 'H1', 'parent_sid': 0, 'parent_cycle_id': 1, 'structure_path_id': 'H1.main >> M15.confluence', 'sub_sid': 0, 'started_by': 'first_confluence', 'start_trigger_idx': 2608}"
2376,STATE,STATE_CHANGED,,"{'from': 'breakout', 'to': 'range', 'structure_id': 0, 'struct_direction': 1, 'reason': 'range_confirmed', 'effective_idx': 56, 'timeframe': 'M15', 'use_case': 'first_confluence', 'parent_tf': 'H1', 'parent_sid': 0, 'parent_cycle_id': 1, 'structure_path_id': 'H1.main >> M15.confluence', 'sub_sid': 0, 'started_by': 'first_confluence', 'start_trigger_idx': 2608}"
2373,RANGE,RANGE_UPDATED,,"{'hi': 0.57601, 'lo': 0.57516, 'structure_id': 0, 'struct_direction': 1, 'timeframe': 'M15', 'use_case': 'first_confluence', 'parent_tf': 'H1', 'parent_sid': 0, 'parent_cycle_id': 1, 'structure_path_id': 'H1.main >> M15.confluence', 'sub_sid': 0, 'started_by': 'first_confluence', 'start_trigger_idx': 2608}"
2375,RANGE,RANGE_UPDATED,,"{'hi': 0.57601, 'lo': 0.57483, 'structure_id': 0, 'struct_direction': 1, 'timeframe': 'M15', 'use_case': 'first_confluence', 'parent_tf': 'H1', 'parent_sid': 0, 'parent_cycle_id': 1, 'structure_path_id': 'H1.main >> M15.confluence', 'sub_sid': 0, 'started_by': 'first_confluence', 'start_trigger_idx': 2608}"
2382,RANGE,RANGE_UPDATED,,"{'hi': 0.5761, 'lo': 0.57483, 'structure_id': 0, 'struct_direction': 1, 'timeframe': 'M15', 'use_case': 'first_confluence', 'parent_tf': 'H1', 'parent_sid': 0, 'parent_cycle_id': 1, 'structure_path_id': 'H1.main >> M15.confluence', 'sub_sid': 0, 'started_by': 'first_confluence', 'start_trigger_idx': 2608}"
2382,STRUCTURE,CTS_UPDATED,0.5761,"{'via': 'replay_raw', 'cycle_id': 0, 'structure_id': 0, 'struct_direction': 1, 'timeframe': 'M15', 'use_case': 'first_confluence', 'parent_tf': 'H1', 'parent_sid': 0, 'parent_cycle_id': 1, 'structure_path_id': 'H1.main >> M15.confluence', 'sub_sid': 0, 'started_by': 'first_confluence', 'start_trigger_idx': 2608}"
2384,STRUCTURE,CTS_UPDATED,0.57647,"{'via': 'replay_raw', 'cycle_id': 0, 'structure_id': 0, 'struct_direction': 1, 'timeframe': 'M15', 'use_case': 'first_confluence', 'parent_tf': 'H1', 'parent_sid': 0, 'parent_cycle_id': 1, 'structure_path_id': 'H1.main >> M15.confluence', 'sub_sid': 0, 'started_by': 'first_confluence', 'start_trigger_idx': 2608}"
2385,RANGE,RANGE_RESET,,"{'reason': 'range_breakout', 'pat': 'one_maru_continuous', 'structure_id': 0, 'struct_direction': 1, 'timeframe': 'M15', 'use_case': 'first_confluence', 'parent_tf': 'H1', 'parent_sid': 0, 'parent_cycle_id': 1, 'structure_path_id': 'H1.main >> M15.confluence', 'sub_sid': 0, 'started_by': 'first_confluence', 'start_trigger_idx': 2608}"
2385,STRUCTURE,CTS_UPDATED,0.57657,"{'via': 'one_maru_continuous', 'cycle_id': 0, 'structure_id': 0, 'struct_direction': 1, 'timeframe': 'M15', 'use_case': 'first_confluence', 'parent_tf': 'H1', 'parent_sid': 0, 'parent_cycle_id': 1, 'structure_path_id': 'H1.main >> M15.confluence', 'sub_sid': 0, 'started_by': 'first_confluence', 'start_trigger_idx': 2608}"
2385,STATE,STATE_CHANGED,,"{'from': 'range', 'to': 'breakout', 'structure_id': 0, 'struct_direction': 1, 'reason': 'breakout_pattern', 'pat': 'one_maru_continuous', 'effective_idx': 70, 'timeframe': 'M15', 'use_case': 'first_confluence', 'parent_tf': 'H1', 'parent_sid': 0, 'parent_cycle_id': 1, 'structure_path_id': 'H1.main >> M15.confluence', 'sub_sid': 0, 'started_by': 'first_confluence', 'start_trigger_idx': 2608}"
2388,RANGE,RANGE_STARTED,,"{'start_idx': 71, 'confirm_idx': 73, 'hi': 0.57657, 'lo': 0.57615, 'cts_idx': 70, 'cts_price': 0.57657, 'structure_id': 0, 'struct_direction': 1, 'timeframe': 'M15', 'use_case': 'first_confluence', 'parent_tf': 'H1', 'parent_sid': 0, 'parent_cycle_id': 1, 'structure_path_id': 'H1.main >> M15.confluence', 'sub_sid': 0, 'started_by': 'first_confluence', 'start_trigger_idx': 2608}"
2388,STATE,STATE_CHANGED,,"{'from': 'breakout', 'to': 'range', 'structure_id': 0, 'struct_direction': 1, 'reason': 'range_confirmed', 'effective_idx': 71, 'timeframe': 'M15', 'use_case': 'first_confluence', 'parent_tf': 'H1', 'parent_sid': 0, 'parent_cycle_id': 1, 'structure_path_id': 'H1.main >> M15.confluence', 'sub_sid': 0, 'started_by': 'first_confluence', 'start_trigger_idx': 2608}"
2387,RANGE,RANGE_UPDATED,,"{'hi': 0.57657, 'lo': 0.5761, 'structure_id': 0, 'struct_direction': 1, 'timeframe': 'M15', 'use_case': 'first_confluence', 'parent_tf': 'H1', 'parent_sid': 0, 'parent_cycle_id': 1, 'structure_path_id': 'H1.main >> M15.confluence', 'sub_sid': 0, 'started_by': 'first_confluence', 'start_trigger_idx': 2608}"
2388,RANGE,RANGE_UPDATED,,"{'hi': 0.57657, 'lo': 0.57606, 'structure_id': 0, 'struct_direction': 1, 'timeframe': 'M15', 'use_case': 'first_confluence', 'parent_tf': 'H1', 'parent_sid': 0, 'parent_cycle_id': 1, 'structure_path_id': 'H1.main >> M15.confluence', 'sub_sid': 0, 'started_by': 'first_confluence', 'start_trigger_idx': 2608}"
2394,RANGE,RANGE_UPDATED,,"{'hi': 0.57657, 'lo': 0.57604, 'structure_id': 0, 'struct_direction': 1, 'timeframe': 'M15', 'use_case': 'first_confluence', 'parent_tf': 'H1', 'parent_sid': 0, 'parent_cycle_id': 1, 'structure_path_id': 'H1.main >> M15.confluence', 'sub_sid': 0, 'started_by': 'first_confluence', 'start_trigger_idx': 2608}"
2395,RANGE,RANGE_UPDATED,,"{'hi': 0.57657, 'lo': 0.57558, 'structure_id': 0, 'struct_direction': 1, 'timeframe': 'M15', 'use_case': 'first_confluence', 'parent_tf': 'H1', 'parent_sid': 0, 'parent_cycle_id': 1, 'structure_path_id': 'H1.main >> M15.confluence', 'sub_sid': 0, 'started_by': 'first_confluence', 'start_trigger_idx': 2608}"
2399,RANGE,RANGE_UPDATED,,"{'hi': 0.57657, 'lo': 0.57531, 'structure_id': 0, 'struct_direction': 1, 'timeframe': 'M15', 'use_case': 'first_confluence', 'parent_tf': 'H1', 'parent_sid': 0, 'parent_cycle_id': 1, 'structure_path_id': 'H1.main >> M15.confluence', 'sub_sid': 0, 'started_by': 'first_confluence', 'start_trigger_idx': 2608}"
2400,RANGE,RANGE_UPDATED,,"{'hi': 0.57657, 'lo': 0.57484, 'structure_id': 0, 'struct_direction': 1, 'timeframe': 'M15', 'use_case': 'first_confluence', 'parent_tf': 'H1', 'parent_sid': 0, 'parent_cycle_id': 1, 'structure_path_id': 'H1.main >> M15.confluence', 'sub_sid': 0, 'started_by': 'first_confluence', 'start_trigger_idx': 2608}"
2402,RANGE,RANGE_UPDATED,,"{'hi': 0.57657, 'lo': 0.57476, 'structure_id': 0, 'struct_direction': 1, 'timeframe': 'M15', 'use_case': 'first_confluence', 'parent_tf': 'H1', 'parent_sid': 0, 'parent_cycle_id': 1, 'structure_path_id': 'H1.main >> M15.confluence', 'sub_sid': 0, 'started_by': 'first_confluence', 'start_trigger_idx': 2608}"
2403,RANGE,RANGE_UPDATED,,"{'hi': 0.57657, 'lo': 0.57464, 'structure_id': 0, 'struct_direction': 1, 'timeframe': 'M15', 'use_case': 'first_confluence', 'parent_tf': 'H1', 'parent_sid': 0, 'parent_cycle_id': 1, 'structure_path_id': 'H1.main >> M15.confluence', 'sub_sid': 0, 'started_by': 'first_confluence', 'start_trigger_idx': 2608}"
2412,RANGE,RANGE_UPDATED,,"{'hi': 0.57696, 'lo': 0.57464, 'structure_id': 0, 'struct_direction': 1, 'timeframe': 'M15', 'use_case': 'first_confluence', 'parent_tf': 'H1', 'parent_sid': 0, 'parent_cycle_id': 1, 'structure_path_id': 'H1.main >> M15.confluence', 'sub_sid': 0, 'started_by': 'first_confluence', 'start_trigger_idx': 2608}"
2412,STRUCTURE,CTS_UPDATED,0.57696,"{'via': 'replay_raw', 'cycle_id': 0, 'structure_id': 0, 'struct_direction': 1, 'timeframe': 'M15', 'use_case': 'first_confluence', 'parent_tf': 'H1', 'parent_sid': 0, 'parent_cycle_id': 1, 'structure_path_id': 'H1.main >> M15.confluence', 'sub_sid': 0, 'started_by': 'first_confluence', 'start_trigger_idx': 2608}"
2418,RANGE,RANGE_UPDATED,,"{'hi': 0.57704, 'lo': 0.57464, 'structure_id': 0, 'struct_direction': 1, 'timeframe': 'M15', 'use_case': 'first_confluence', 'parent_tf': 'H1', 'parent_sid': 0, 'parent_cycle_id': 1, 'structure_path_id': 'H1.main >> M15.confluence', 'sub_sid': 0, 'started_by': 'first_confluence', 'start_trigger_idx': 2608}"
2418,STRUCTURE,CTS_UPDATED,0.57704,"{'via': 'replay_raw', 'cycle_id': 0, 'structure_id': 0, 'struct_direction': 1, 'timeframe': 'M15', 'use_case': 'first_confluence', 'parent_tf': 'H1', 'parent_sid': 0, 'parent_cycle_id': 1, 'structure_path_id': 'H1.main >> M15.confluence', 'sub_sid': 0, 'started_by': 'first_confluence', 'start_trigger_idx': 2608}"
2420,RANGE,RANGE_UPDATED,,"{'hi': 0.57714, 'lo': 0.57464, 'structure_id': 0, 'struct_direction': 1, 'timeframe': 'M15', 'use_case': 'first_confluence', 'parent_tf': 'H1', 'parent_sid': 0, 'parent_cycle_id': 1, 'structure_path_id': 'H1.main >> M15.confluence', 'sub_sid': 0, 'started_by': 'first_confluence', 'start_trigger_idx': 2608}"
2420,STRUCTURE,CTS_UPDATED,0.57714,"{'via': 'replay_raw', 'cycle_id': 0, 'structure_id': 0, 'struct_direction': 1, 'timeframe': 'M15', 'use_case': 'first_confluence', 'parent_tf': 'H1', 'parent_sid': 0, 'parent_cycle_id': 1, 'structure_path_id': 'H1.main >> M15.confluence', 'sub_sid': 0, 'started_by': 'first_confluence', 'start_trigger_idx': 2608}"
2421,RANGE,RANGE_UPDATED,,"{'hi': 0.57716, 'lo': 0.57464, 'structure_id': 0, 'struct_direction': 1, 'timeframe': 'M15', 'use_case': 'first_confluence', 'parent_tf': 'H1', 'parent_sid': 0, 'parent_cycle_id': 1, 'structure_path_id': 'H1.main >> M15.confluence', 'sub_sid': 0, 'started_by': 'first_confluence', 'start_trigger_idx': 2608}"
2421,STRUCTURE,CTS_UPDATED,0.57716,"{'via': 'replay_raw', 'cycle_id': 0, 'structure_id': 0, 'struct_direction': 1, 'timeframe': 'M15', 'use_case': 'first_confluence', 'parent_tf': 'H1', 'parent_sid': 0, 'parent_cycle_id': 1, 'structure_path_id': 'H1.main >> M15.confluence', 'sub_sid': 0, 'started_by': 'first_confluence', 'start_trigger_idx': 2608}"
2436,STRUCTURE,CTS_UPDATED,0.5773,"{'via': 'replay_raw', 'cycle_id': 0, 'structure_id': 0, 'struct_direction': 1, 'timeframe': 'M15', 'use_case': 'first_confluence', 'parent_tf': 'H1', 'parent_sid': 0, 'parent_cycle_id': 1, 'structure_path_id': 'H1.main >> M15.confluence', 'sub_sid': 0, 'started_by': 'first_confluence', 'start_trigger_idx': 2608}"
2437,RANGE,RANGE_RESET,,"{'reason': 'range_breakout', 'pat': 'double_maru', 'structure_id': 0, 'struct_direction': 1, 'timeframe': 'M15', 'use_case': 'first_confluence', 'parent_tf': 'H1', 'parent_sid': 0, 'parent_cycle_id': 1, 'structure_path_id': 'H1.main >> M15.confluence', 'sub_sid': 0, 'started_by': 'first_confluence', 'start_trigger_idx': 2608}"
2437,STRUCTURE,CTS_UPDATED,0.57763,"{'via': 'double_maru', 'cycle_id': 0, 'structure_id': 0, 'struct_direction': 1, 'timeframe': 'M15', 'use_case': 'first_confluence', 'parent_tf': 'H1', 'parent_sid': 0, 'parent_cycle_id': 1, 'structure_path_id': 'H1.main >> M15.confluence', 'sub_sid': 0, 'started_by': 'first_confluence', 'start_trigger_idx': 2608}"
2437,STATE,STATE_CHANGED,,"{'from': 'range', 'to': 'breakout', 'structure_id': 0, 'struct_direction': 1, 'reason': 'breakout_pattern', 'pat': 'double_maru', 'effective_idx': 122, 'timeframe': 'M15', 'use_case': 'first_confluence', 'parent_tf': 'H1', 'parent_sid': 0, 'parent_cycle_id': 1, 'structure_path_id': 'H1.main >> M15.confluence', 'sub_sid': 0, 'started_by': 'first_confluence', 'start_trigger_idx': 2608}"
2438,STRUCTURE,CTS_UPDATED,0.57804,"{'via': 'replay_raw', 'cycle_id': 0, 'structure_id': 0, 'struct_direction': 1, 'timeframe': 'M15', 'use_case': 'first_confluence', 'parent_tf': 'H1', 'parent_sid': 0, 'parent_cycle_id': 1, 'structure_path_id': 'H1.main >> M15.confluence', 'sub_sid': 0, 'started_by': 'first_confluence', 'start_trigger_idx': 2608}"
2439,STRUCTURE,CTS_UPDATED,0.57836,"{'via': 'replay_raw', 'cycle_id': 0, 'structure_id': 0, 'struct_direction': 1, 'timeframe': 'M15', 'use_case': 'first_confluence', 'parent_tf': 'H1', 'parent_sid': 0, 'parent_cycle_id': 1, 'structure_path_id': 'H1.main >> M15.confluence', 'sub_sid': 0, 'started_by': 'first_confluence', 'start_trigger_idx': 2608}"
2441,STRUCTURE,CTS_UPDATED,0.57838,"{'via': 'one_maru_opposite', 'cycle_id': 0, 'structure_id': 0, 'struct_direction': 1, 'timeframe': 'M15', 'use_case': 'first_confluence', 'parent_tf': 'H1', 'parent_sid': 0, 'parent_cycle_id': 1, 'structure_path_id': 'H1.main >> M15.confluence', 'sub_sid': 0, 'started_by': 'first_confluence', 'start_trigger_idx': 2608}"
2442,STRUCTURE,CTS_UPDATED,0.57842,"{'via': 'replay_raw', 'cycle_id': 0, 'structure_id': 0, 'struct_direction': 1, 'timeframe': 'M15', 'use_case': 'first_confluence', 'parent_tf': 'H1', 'parent_sid': 0, 'parent_cycle_id': 1, 'structure_path_id': 'H1.main >> M15.confluence', 'sub_sid': 0, 'started_by': 'first_confluence', 'start_trigger_idx': 2608}"
2443,STRUCTURE,CTS_UPDATED,0.5785,"{'via': 'replay_raw', 'cycle_id': 0, 'structure_id': 0, 'struct_direction': 1, 'timeframe': 'M15', 'use_case': 'first_confluence', 'parent_tf': 'H1', 'parent_sid': 0, 'parent_cycle_id': 1, 'structure_path_id': 'H1.main >> M15.confluence', 'sub_sid': 0, 'started_by': 'first_confluence', 'start_trigger_idx': 2608}"
2444,RANGE,RANGE_STARTED,,"{'start_idx': 127, 'confirm_idx': 129, 'hi': 0.5785, 'lo': 0.57792, 'cts_idx': 128, 'cts_price': 0.5785, 'structure_id': 0, 'struct_direction': 1, 'timeframe': 'M15', 'use_case': 'first_confluence', 'parent_tf': 'H1', 'parent_sid': 0, 'parent_cycle_id': 1, 'structure_path_id': 'H1.main >> M15.confluence', 'sub_sid': 0, 'started_by': 'first_confluence', 'start_trigger_idx': 2608}"
2444,STATE,STATE_CHANGED,,"{'from': 'breakout', 'to': 'range', 'structure_id': 0, 'struct_direction': 1, 'reason': 'range_confirmed', 'effective_idx': 127, 'timeframe': 'M15', 'use_case': 'first_confluence', 'parent_tf': 'H1', 'parent_sid': 0, 'parent_cycle_id': 1, 'structure_path_id': 'H1.main >> M15.confluence', 'sub_sid': 0, 'started_by': 'first_confluence', 'start_trigger_idx': 2608}"
2445,RANGE,RANGE_UPDATED,,"{'hi': 0.5785, 'lo': 0.5779, 'structure_id': 0, 'struct_direction': 1, 'timeframe': 'M15', 'use_case': 'first_confluence', 'parent_tf': 'H1', 'parent_sid': 0, 'parent_cycle_id': 1, 'structure_path_id': 'H1.main >> M15.confluence', 'sub_sid': 0, 'started_by': 'first_confluence', 'start_trigger_idx': 2608}"
2448,RANGE,RANGE_UPDATED,,"{'hi': 0.57863, 'lo': 0.5779, 'structure_id': 0, 'struct_direction': 1, 'timeframe': 'M15', 'use_case': 'first_confluence', 'parent_tf': 'H1', 'parent_sid': 0, 'parent_cycle_id': 1, 'structure_path_id': 'H1.main >> M15.confluence', 'sub_sid': 0, 'started_by': 'first_confluence', 'start_trigger_idx': 2608}"
2448,STRUCTURE,CTS_UPDATED,0.57863,"{'via': 'replay_raw', 'cycle_id': 0, 'structure_id': 0, 'struct_direction': 1, 'timeframe': 'M15', 'use_case': 'first_confluence', 'parent_tf': 'H1', 'parent_sid': 0, 'parent_cycle_id': 1, 'structure_path_id': 'H1.main >> M15.confluence', 'sub_sid': 0, 'started_by': 'first_confluence', 'start_trigger_idx': 2608}"
2449,RANGE,RANGE_UPDATED,,"{'hi': 0.57866, 'lo': 0.5779, 'structure_id': 0, 'struct_direction': 1, 'timeframe': 'M15', 'use_case': 'first_confluence', 'parent_tf': 'H1', 'parent_sid': 0, 'parent_cycle_id': 1, 'structure_path_id': 'H1.main >> M15.confluence', 'sub_sid': 0, 'started_by': 'first_confluence', 'start_trigger_idx': 2608}"
2449,STRUCTURE,CTS_UPDATED,0.57866,"{'via': 'replay_raw', 'cycle_id': 0, 'structure_id': 0, 'struct_direction': 1, 'timeframe': 'M15', 'use_case': 'first_confluence', 'parent_tf': 'H1', 'parent_sid': 0, 'parent_cycle_id': 1, 'structure_path_id': 'H1.main >> M15.confluence', 'sub_sid': 0, 'started_by': 'first_confluence', 'start_trigger_idx': 2608}"
2454,RANGE,RANGE_UPDATED,,"{'hi': 0.57871, 'lo': 0.5779, 'structure_id': 0, 'struct_direction': 1, 'timeframe': 'M15', 'use_case': 'first_confluence', 'parent_tf': 'H1', 'parent_sid': 0, 'parent_cycle_id': 1, 'structure_path_id': 'H1.main >> M15.confluence', 'sub_sid': 0, 'started_by': 'first_confluence', 'start_trigger_idx': 2608}"
2454,STRUCTURE,CTS_UPDATED,0.57871,"{'via': 'replay_raw', 'cycle_id': 0, 'structure_id': 0, 'struct_direction': 1, 'timeframe': 'M15', 'use_case': 'first_confluence', 'parent_tf': 'H1', 'parent_sid': 0, 'parent_cycle_id': 1, 'structure_path_id': 'H1.main >> M15.confluence', 'sub_sid': 0, 'started_by': 'first_confluence', 'start_trigger_idx': 2608}"
2455,RANGE,RANGE_UPDATED,,"{'hi': 0.57886, 'lo': 0.5779, 'structure_id': 0, 'struct_direction': 1, 'timeframe': 'M15', 'use_case': 'first_confluence', 'parent_tf': 'H1', 'parent_sid': 0, 'parent_cycle_id': 1, 'structure_path_id': 'H1.main >> M15.confluence', 'sub_sid': 0, 'started_by': 'first_confluence', 'start_trigger_idx': 2608}"
2455,STRUCTURE,CTS_UPDATED,0.57886,"{'via': 'replay_raw', 'cycle_id': 0, 'structure_id': 0, 'struct_direction': 1, 'timeframe': 'M15', 'use_case': 'first_confluence', 'parent_tf': 'H1', 'parent_sid': 0, 'parent_cycle_id': 1, 'structure_path_id': 'H1.main >> M15.confluence', 'sub_sid': 0, 'started_by': 'first_confluence', 'start_trigger_idx': 2608}"
2456,RANGE,RANGE_UPDATED,,"{'hi': 0.57897, 'lo': 0.5779, 'structure_id': 0, 'struct_direction': 1, 'timeframe': 'M15', 'use_case': 'first_confluence', 'parent_tf': 'H1', 'parent_sid': 0, 'parent_cycle_id': 1, 'structure_path_id': 'H1.main >> M15.confluence', 'sub_sid': 0, 'started_by': 'first_confluence', 'start_trigger_idx': 2608}"
2456,STRUCTURE,CTS_UPDATED,0.57897,"{'via': 'replay_raw', 'cycle_id': 0, 'structure_id': 0, 'struct_direction': 1, 'timeframe': 'M15', 'use_case': 'first_confluence', 'parent_tf': 'H1', 'parent_sid': 0, 'parent_cycle_id': 1, 'structure_path_id': 'H1.main >> M15.confluence', 'sub_sid': 0, 'started_by': 'first_confluence', 'start_trigger_idx': 2608}"
2460,RANGE,RANGE_UPDATED,,"{'hi': 0.57926, 'lo': 0.5779, 'structure_id': 0, 'struct_direction': 1, 'timeframe': 'M15', 'use_case': 'first_confluence', 'parent_tf': 'H1', 'parent_sid': 0, 'parent_cycle_id': 1, 'structure_path_id': 'H1.main >> M15.confluence', 'sub_sid': 0, 'started_by': 'first_confluence', 'start_trigger_idx': 2608}"
2460,STRUCTURE,CTS_UPDATED,0.57926,"{'via': 'replay_raw', 'cycle_id': 0, 'structure_id': 0, 'struct_direction': 1, 'timeframe': 'M15', 'use_case': 'first_confluence', 'parent_tf': 'H1', 'parent_sid': 0, 'parent_cycle_id': 1, 'structure_path_id': 'H1.main >> M15.confluence', 'sub_sid': 0, 'started_by': 'first_confluence', 'start_trigger_idx': 2608}"
2465,STRUCTURE,CTS_UPDATED,0.5795,"{'via': 'replay_raw', 'cycle_id': 0, 'structure_id': 0, 'struct_direction': 1, 'timeframe': 'M15', 'use_case': 'first_confluence', 'parent_tf': 'H1', 'parent_sid': 0, 'parent_cycle_id': 1, 'structure_path_id': 'H1.main >> M15.confluence', 'sub_sid': 0, 'started_by': 'first_confluence', 'start_trigger_idx': 2608}"
2466,STRUCTURE,CTS_UPDATED,0.57982,"{'via': 'replay_raw', 'cycle_id': 0, 'structure_id': 0, 'struct_direction': 1, 'timeframe': 'M15', 'use_case': 'first_confluence', 'parent_tf': 'H1', 'parent_sid': 0, 'parent_cycle_id': 1, 'structure_path_id': 'H1.main >> M15.confluence', 'sub_sid': 0, 'started_by': 'first_confluence', 'start_trigger_idx': 2608}"
2468,STRUCTURE,CTS_UPDATED,0.58,"{'via': 'replay_raw', 'cycle_id': 0, 'structure_id': 0, 'struct_direction': 1, 'timeframe': 'M15', 'use_case': 'first_confluence', 'parent_tf': 'H1', 'parent_sid': 0, 'parent_cycle_id': 1, 'structure_path_id': 'H1.main >> M15.confluence', 'sub_sid': 0, 'started_by': 'first_confluence', 'start_trigger_idx': 2608}"
2470,RANGE,RANGE_RESET,,"{'reason': 'range_breakout', 'pat': 'continuous', 'structure_id': 0, 'struct_direction': 1, 'timeframe': 'M15', 'use_case': 'first_confluence', 'parent_tf': 'H1', 'parent_sid': 0, 'parent_cycle_id': 1, 'structure_path_id': 'H1.main >> M15.confluence', 'sub_sid': 0, 'started_by': 'first_confluence', 'start_trigger_idx': 2608}"
2468,STRUCTURE,CTS_UPDATED,0.58,"{'via': 'continuous', 'cycle_id': 0, 'structure_id': 0, 'struct_direction': 1, 'timeframe': 'M15', 'use_case': 'first_confluence', 'parent_tf': 'H1', 'parent_sid': 0, 'parent_cycle_id': 1, 'structure_path_id': 'H1.main >> M15.confluence', 'sub_sid': 0, 'started_by': 'first_confluence', 'start_trigger_idx': 2608}"
2470,STATE,STATE_CHANGED,,"{'from': 'range', 'to': 'breakout', 'structure_id': 0, 'struct_direction': 1, 'reason': 'breakout_pattern', 'pat': 'continuous', 'effective_idx': 155, 'timeframe': 'M15', 'use_case': 'first_confluence', 'parent_tf': 'H1', 'parent_sid': 0, 'parent_cycle_id': 1, 'structure_path_id': 'H1.main >> M15.confluence', 'sub_sid': 0, 'started_by': 'first_confluence', 'start_trigger_idx': 2608}"
2473,RANGE,RANGE_STARTED,,"{'start_idx': 156, 'confirm_idx': 158, 'hi': 0.58, 'lo': 0.5794, 'cts_idx': 153, 'cts_price': 0.58, 'structure_id': 0, 'struct_direction': 1, 'timeframe': 'M15', 'use_case': 'first_confluence', 'parent_tf': 'H1', 'parent_sid': 0, 'parent_cycle_id': 1, 'structure_path_id': 'H1.main >> M15.confluence', 'sub_sid': 0, 'started_by': 'first_confluence', 'start_trigger_idx': 2608}"
2473,STATE,STATE_CHANGED,,"{'from': 'breakout', 'to': 'range', 'structure_id': 0, 'struct_direction': 1, 'reason': 'range_confirmed', 'effective_idx': 156, 'timeframe': 'M15', 'use_case': 'first_confluence', 'parent_tf': 'H1', 'parent_sid': 0, 'parent_cycle_id': 1, 'structure_path_id': 'H1.main >> M15.confluence', 'sub_sid': 0, 'started_by': 'first_confluence', 'start_trigger_idx': 2608}"
2472,RANGE,RANGE_UPDATED,,"{'hi': 0.58, 'lo': 0.57932, 'structure_id': 0, 'struct_direction': 1, 'timeframe': 'M15', 'use_case': 'first_confluence', 'parent_tf': 'H1', 'parent_sid': 0, 'parent_cycle_id': 1, 'structure_path_id': 'H1.main >> M15.confluence', 'sub_sid': 0, 'started_by': 'first_confluence', 'start_trigger_idx': 2608}"
2473,RANGE,RANGE_UPDATED,,"{'hi': 0.58, 'lo': 0.5793, 'structure_id': 0, 'struct_direction': 1, 'timeframe': 'M15', 'use_case': 'first_confluence', 'parent_tf': 'H1', 'parent_sid': 0, 'parent_cycle_id': 1, 'structure_path_id': 'H1.main >> M15.confluence', 'sub_sid': 0, 'started_by': 'first_confluence', 'start_trigger_idx': 2608}"
2478,RANGE,RANGE_UPDATED,,"{'hi': 0.58014, 'lo': 0.5793, 'structure_id': 0, 'struct_direction': 1, 'timeframe': 'M15', 'use_case': 'first_confluence', 'parent_tf': 'H1', 'parent_sid': 0, 'parent_cycle_id': 1, 'structure_path_id': 'H1.main >> M15.confluence', 'sub_sid': 0, 'started_by': 'first_confluence', 'start_trigger_idx': 2608}"
2478,STRUCTURE,CTS_UPDATED,0.58014,"{'via': 'replay_raw', 'cycle_id': 0, 'structure_id': 0, 'struct_direction': 1, 'timeframe': 'M15', 'use_case': 'first_confluence', 'parent_tf': 'H1', 'parent_sid': 0, 'parent_cycle_id': 1, 'structure_path_id': 'H1.main >> M15.confluence', 'sub_sid': 0, 'started_by': 'first_confluence', 'start_trigger_idx': 2608}"
2479,RANGE,RANGE_UPDATED,,"{'hi': 0.58016, 'lo': 0.5793, 'structure_id': 0, 'struct_direction': 1, 'timeframe': 'M15', 'use_case': 'first_confluence', 'parent_tf': 'H1', 'parent_sid': 0, 'parent_cycle_id': 1, 'structure_path_id': 'H1.main >> M15.confluence', 'sub_sid': 0, 'started_by': 'first_confluence', 'start_trigger_idx': 2608}"
2479,STRUCTURE,CTS_UPDATED,0.58016,"{'via': 'replay_raw', 'cycle_id': 0, 'structure_id': 0, 'struct_direction': 1, 'timeframe': 'M15', 'use_case': 'first_confluence', 'parent_tf': 'H1', 'parent_sid': 0, 'parent_cycle_id': 1, 'structure_path_id': 'H1.main >> M15.confluence', 'sub_sid': 0, 'started_by': 'first_confluence', 'start_trigger_idx': 2608}"
2482,RANGE,RANGE_UPDATED,,"{'hi': 0.58016, 'lo': 0.57924, 'structure_id': 0, 'struct_direction': 1, 'timeframe': 'M15', 'use_case': 'first_confluence', 'parent_tf': 'H1', 'parent_sid': 0, 'parent_cycle_id': 1, 'structure_path_id': 'H1.main >> M15.confluence', 'sub_sid': 0, 'started_by': 'first_confluence', 'start_trigger_idx': 2608}"
2484,RANGE,RANGE_UPDATED,,"{'hi': 0.58016, 'lo': 0.57922, 'structure_id': 0, 'struct_direction': 1, 'timeframe': 'M15', 'use_case': 'first_confluence', 'parent_tf': 'H1', 'parent_sid': 0, 'parent_cycle_id': 1, 'structure_path_id': 'H1.main >> M15.confluence', 'sub_sid': 0, 'started_by': 'first_confluence', 'start_trigger_idx': 2608}"
2485,RANGE,RANGE_UPDATED,,"{'hi': 0.58016, 'lo': 0.5792, 'structure_id': 0, 'struct_direction': 1, 'timeframe': 'M15', 'use_case': 'first_confluence', 'parent_tf': 'H1', 'parent_sid': 0, 'parent_cycle_id': 1, 'structure_path_id': 'H1.main >> M15.confluence', 'sub_sid': 0, 'started_by': 'first_confluence', 'start_trigger_idx': 2608}"
2496,RANGE,RANGE_UPDATED,,"{'hi': 0.58016, 'lo': 0.57894, 'structure_id': 0, 'struct_direction': 1, 'timeframe': 'M15', 'use_case': 'first_confluence', 'parent_tf': 'H1', 'parent_sid': 0, 'parent_cycle_id': 1, 'structure_path_id': 'H1.main >> M15.confluence', 'sub_sid': 0, 'started_by': 'first_confluence', 'start_trigger_idx': 2608}"
2497,RANGE,RANGE_UPDATED,,"{'hi': 0.58016, 'lo': 0.57878, 'structure_id': 0, 'struct_direction': 1, 'timeframe': 'M15', 'use_case': 'first_confluence', 'parent_tf': 'H1', 'parent_sid': 0, 'parent_cycle_id': 1, 'structure_path_id': 'H1.main >> M15.confluence', 'sub_sid': 0, 'started_by': 'first_confluence', 'start_trigger_idx': 2608}"
2504,STRUCTURE,CTS_UPDATED,0.58044,"{'via': 'replay_raw', 'cycle_id': 0, 'structure_id': 0, 'struct_direction': 1, 'timeframe': 'M15', 'use_case': 'first_confluence', 'parent_tf': 'H1', 'parent_sid': 0, 'parent_cycle_id': 1, 'structure_path_id': 'H1.main >> M15.confluence', 'sub_sid': 0, 'started_by': 'first_confluence', 'start_trigger_idx': 2608}"
2505,RANGE,RANGE_RESET,,"{'reason': 'range_breakout', 'pat': 'one_maru_continuous', 'structure_id': 0, 'struct_direction': 1, 'timeframe': 'M15', 'use_case': 'first_confluence', 'parent_tf': 'H1', 'parent_sid': 0, 'parent_cycle_id': 1, 'structure_path_id': 'H1.main >> M15.confluence', 'sub_sid': 0, 'started_by': 'first_confluence', 'start_trigger_idx': 2608}"
2505,STRUCTURE,CTS_UPDATED,0.58077,"{'via': 'one_maru_continuous', 'cycle_id': 0, 'structure_id': 0, 'struct_direction': 1, 'timeframe': 'M15', 'use_case': 'first_confluence', 'parent_tf': 'H1', 'parent_sid': 0, 'parent_cycle_id': 1, 'structure_path_id': 'H1.main >> M15.confluence', 'sub_sid': 0, 'started_by': 'first_confluence', 'start_trigger_idx': 2608}"
2505,STATE,STATE_CHANGED,,"{'from': 'range', 'to': 'breakout', 'structure_id': 0, 'struct_direction': 1, 'reason': 'breakout_pattern', 'pat': 'one_maru_continuous', 'effective_idx': 190, 'timeframe': 'M15', 'use_case': 'first_confluence', 'parent_tf': 'H1', 'parent_sid': 0, 'parent_cycle_id': 1, 'structure_path_id': 'H1.main >> M15.confluence', 'sub_sid': 0, 'started_by': 'first_confluence', 'start_trigger_idx': 2608}"
2506,STRUCTURE,CTS_UPDATED,0.58078,"{'via': 'replay_raw', 'cycle_id': 0, 'structure_id': 0, 'struct_direction': 1, 'timeframe': 'M15', 'use_case': 'first_confluence', 'parent_tf': 'H1', 'parent_sid': 0, 'parent_cycle_id': 1, 'structure_path_id': 'H1.main >> M15.confluence', 'sub_sid': 0, 'started_by': 'first_confluence', 'start_trigger_idx': 2608}"
2509,RANGE,RANGE_STARTED,,"{'start_idx': 191, 'confirm_idx': 194, 'hi': 0.58078, 'lo': 0.58034, 'cts_idx': 191, 'cts_price': 0.58078, 'structure_id': 0, 'struct_direction': 1, 'timeframe': 'M15', 'use_case': 'first_confluence', 'parent_tf': 'H1', 'parent_sid': 0, 'parent_cycle_id': 1, 'structure_path_id': 'H1.main >> M15.confluence', 'sub_sid': 0, 'started_by': 'first_confluence', 'start_trigger_idx': 2608}"
2509,STATE,STATE_CHANGED,,"{'from': 'breakout', 'to': 'range', 'structure_id': 0, 'struct_direction': 1, 'reason': 'range_confirmed', 'effective_idx': 191, 'timeframe': 'M15', 'use_case': 'first_confluence', 'parent_tf': 'H1', 'parent_sid': 0, 'parent_cycle_id': 1, 'structure_path_id': 'H1.main >> M15.confluence', 'sub_sid': 0, 'started_by': 'first_confluence', 'start_trigger_idx': 2608}"
2507,RANGE,RANGE_UPDATED,,"{'hi': 0.58078, 'lo': 0.58022, 'structure_id': 0, 'struct_direction': 1, 'timeframe': 'M15', 'use_case': 'first_confluence', 'parent_tf': 'H1', 'parent_sid': 0, 'parent_cycle_id': 1, 'structure_path_id': 'H1.main >> M15.confluence', 'sub_sid': 0, 'started_by': 'first_confluence', 'start_trigger_idx': 2608}"
2508,RANGE,RANGE_UPDATED,,"{'hi': 0.58078, 'lo': 0.58006, 'structure_id': 0, 'struct_direction': 1, 'timeframe': 'M15', 'use_case': 'first_confluence', 'parent_tf': 'H1', 'parent_sid': 0, 'parent_cycle_id': 1, 'structure_path_id': 'H1.main >> M15.confluence', 'sub_sid': 0, 'started_by': 'first_confluence', 'start_trigger_idx': 2608}"
2510,RANGE,RANGE_UPDATED,,"{'hi': 0.58098, 'lo': 0.58006, 'structure_id': 0, 'struct_direction': 1, 'timeframe': 'M15', 'use_case': 'first_confluence', 'parent_tf': 'H1', 'parent_sid': 0, 'parent_cycle_id': 1, 'structure_path_id': 'H1.main >> M15.confluence', 'sub_sid': 0, 'started_by': 'first_confluence', 'start_trigger_idx': 2608}"
2510,STRUCTURE,CTS_UPDATED,0.58098,"{'via': 'replay_raw', 'cycle_id': 0, 'structure_id': 0, 'struct_direction': 1, 'timeframe': 'M15', 'use_case': 'first_confluence', 'parent_tf': 'H1', 'parent_sid': 0, 'parent_cycle_id': 1, 'structure_path_id': 'H1.main >> M15.confluence', 'sub_sid': 0, 'started_by': 'first_confluence', 'start_trigger_idx': 2608}"
2512,STRUCTURE,CTS_UPDATED,0.58139,"{'via': 'replay_raw', 'cycle_id': 0, 'structure_id': 0, 'struct_direction': 1, 'timeframe': 'M15', 'use_case': 'first_confluence', 'parent_tf': 'H1', 'parent_sid': 0, 'parent_cycle_id': 1, 'structure_path_id': 'H1.main >> M15.confluence', 'sub_sid': 0, 'started_by': 'first_confluence', 'start_trigger_idx': 2608}"
2513,RANGE,RANGE_RESET,,"{'reason': 'range_breakout', 'pat': 'one_maru_continuous', 'structure_id': 0, 'struct_direction': 1, 'timeframe': 'M15', 'use_case': 'first_confluence', 'parent_tf': 'H1', 'parent_sid': 0, 'parent_cycle_id': 1, 'structure_path_id': 'H1.main >> M15.confluence', 'sub_sid': 0, 'started_by': 'first_confluence', 'start_trigger_idx': 2608}"
2513,STRUCTURE,CTS_UPDATED,0.58152,"{'via': 'one_maru_continuous', 'cycle_id': 0, 'structure_id': 0, 'struct_direction': 1, 'timeframe': 'M15', 'use_case': 'first_confluence', 'parent_tf': 'H1', 'parent_sid': 0, 'parent_cycle_id': 1, 'structure_path_id': 'H1.main >> M15.confluence', 'sub_sid': 0, 'started_by': 'first_confluence', 'start_trigger_idx': 2608}"
2513,STATE,STATE_CHANGED,,"{'from': 'range', 'to': 'breakout', 'structure_id': 0, 'struct_direction': 1, 'reason': 'breakout_pattern', 'pat': 'one_maru_continuous', 'effective_idx': 198, 'timeframe': 'M15', 'use_case': 'first_confluence', 'parent_tf': 'H1', 'parent_sid': 0, 'parent_cycle_id': 1, 'structure_path_id': 'H1.main >> M15.confluence', 'sub_sid': 0, 'started_by': 'first_confluence', 'start_trigger_idx': 2608}"
2514,STRUCTURE,CTS_UPDATED,0.58168,"{'via': 'replay_raw', 'cycle_id': 0, 'structure_id': 0, 'struct_direction': 1, 'timeframe': 'M15', 'use_case': 'first_confluence', 'parent_tf': 'H1', 'parent_sid': 0, 'parent_cycle_id': 1, 'structure_path_id': 'H1.main >> M15.confluence', 'sub_sid': 0, 'started_by': 'first_confluence', 'start_trigger_idx': 2608}"
2515,STRUCTURE,CTS_UPDATED,0.58169,"{'via': 'replay_raw', 'cycle_id': 0, 'structure_id': 0, 'struct_direction': 1, 'timeframe': 'M15', 'use_case': 'first_confluence', 'parent_tf': 'H1', 'parent_sid': 0, 'parent_cycle_id': 1, 'structure_path_id': 'H1.main >> M15.confluence', 'sub_sid': 0, 'started_by': 'first_confluence', 'start_trigger_idx': 2608}"
2516,RANGE,RANGE_STARTED,,"{'start_idx': 198, 'confirm_idx': 201, 'hi': 0.58169, 'lo': 0.58124, 'cts_idx': 200, 'cts_price': 0.58169, 'structure_id': 0, 'struct_direction': 1, 'timeframe': 'M15', 'use_case': 'first_confluence', 'parent_tf': 'H1', 'parent_sid': 0, 'parent_cycle_id': 1, 'structure_path_id': 'H1.main >> M15.confluence', 'sub_sid': 0, 'started_by': 'first_confluence', 'start_trigger_idx': 2608}"
2516,STATE,STATE_CHANGED,,"{'from': 'breakout', 'to': 'range', 'structure_id': 0, 'struct_direction': 1, 'reason': 'range_confirmed', 'effective_idx': 198, 'timeframe': 'M15', 'use_case': 'first_confluence', 'parent_tf': 'H1', 'parent_sid': 0, 'parent_cycle_id': 1, 'structure_path_id': 'H1.main >> M15.confluence', 'sub_sid': 0, 'started_by': 'first_confluence', 'start_trigger_idx': 2608}"
2517,RANGE,RANGE_UPDATED,,"{'hi': 0.58169, 'lo': 0.58104, 'structure_id': 0, 'struct_direction': 1, 'timeframe': 'M15', 'use_case': 'first_confluence', 'parent_tf': 'H1', 'parent_sid': 0, 'parent_cycle_id': 1, 'structure_path_id': 'H1.main >> M15.confluence', 'sub_sid': 0, 'started_by': 'first_confluence', 'start_trigger_idx': 2608}"
2530,RANGE,RANGE_UPDATED,,"{'hi': 0.58169, 'lo': 0.5808, 'structure_id': 0, 'struct_direction': 1, 'timeframe': 'M15', 'use_case': 'first_confluence', 'parent_tf': 'H1', 'parent_sid': 0, 'parent_cycle_id': 1, 'structure_path_id': 'H1.main >> M15.confluence', 'sub_sid': 0, 'started_by': 'first_confluence', 'start_trigger_idx': 2608}"
2532,RANGE,RANGE_UPDATED,,"{'hi': 0.58196, 'lo': 0.5808, 'structure_id': 0, 'struct_direction': 1, 'timeframe': 'M15', 'use_case': 'first_confluence', 'parent_tf': 'H1', 'parent_sid': 0, 'parent_cycle_id': 1, 'structure_path_id': 'H1.main >> M15.confluence', 'sub_sid': 0, 'started_by': 'first_confluence', 'start_trigger_idx': 2608}"
2532,STRUCTURE,CTS_UPDATED,0.58196,"{'via': 'replay_raw', 'cycle_id': 0, 'structure_id': 0, 'struct_direction': 1, 'timeframe': 'M15', 'use_case': 'first_confluence', 'parent_tf': 'H1', 'parent_sid': 0, 'parent_cycle_id': 1, 'structure_path_id': 'H1.main >> M15.confluence', 'sub_sid': 0, 'started_by': 'first_confluence', 'start_trigger_idx': 2608}"
2533,RANGE,RANGE_UPDATED,,"{'hi': 0.58197, 'lo': 0.5808, 'structure_id': 0, 'struct_direction': 1, 'timeframe': 'M15', 'use_case': 'first_confluence', 'parent_tf': 'H1', 'parent_sid': 0, 'parent_cycle_id': 1, 'structure_path_id': 'H1.main >> M15.confluence', 'sub_sid': 0, 'started_by': 'first_confluence', 'start_trigger_idx': 2608}"
2533,STRUCTURE,CTS_UPDATED,0.58197,"{'via': 'replay_raw', 'cycle_id': 0, 'structure_id': 0, 'struct_direction': 1, 'timeframe': 'M15', 'use_case': 'first_confluence', 'parent_tf': 'H1', 'parent_sid': 0, 'parent_cycle_id': 1, 'structure_path_id': 'H1.main >> M15.confluence', 'sub_sid': 0, 'started_by': 'first_confluence', 'start_trigger_idx': 2608}"
2534,RANGE,RANGE_UPDATED,,"{'hi': 0.58214, 'lo': 0.5808, 'structure_id': 0, 'struct_direction': 1, 'timeframe': 'M15', 'use_case': 'first_confluence', 'parent_tf': 'H1', 'parent_sid': 0, 'parent_cycle_id': 1, 'structure_path_id': 'H1.main >> M15.confluence', 'sub_sid': 0, 'started_by': 'first_confluence', 'start_trigger_idx': 2608}"
2534,STRUCTURE,CTS_UPDATED,0.58214,"{'via': 'replay_raw', 'cycle_id': 0, 'structure_id': 0, 'struct_direction': 1, 'timeframe': 'M15', 'use_case': 'first_confluence', 'parent_tf': 'H1', 'parent_sid': 0, 'parent_cycle_id': 1, 'structure_path_id': 'H1.main >> M15.confluence', 'sub_sid': 0, 'started_by': 'first_confluence', 'start_trigger_idx': 2608}"
2535,RANGE,RANGE_UPDATED,,"{'hi': 0.58227, 'lo': 0.5808, 'structure_id': 0, 'struct_direction': 1, 'timeframe': 'M15', 'use_case': 'first_confluence', 'parent_tf': 'H1', 'parent_sid': 0, 'parent_cycle_id': 1, 'structure_path_id': 'H1.main >> M15.confluence', 'sub_sid': 0, 'started_by': 'first_confluence', 'start_trigger_idx': 2608}"
2535,STRUCTURE,CTS_UPDATED,0.58227,"{'via': 'replay_raw', 'cycle_id': 0, 'structure_id': 0, 'struct_direction': 1, 'timeframe': 'M15', 'use_case': 'first_confluence', 'parent_tf': 'H1', 'parent_sid': 0, 'parent_cycle_id': 1, 'structure_path_id': 'H1.main >> M15.confluence', 'sub_sid': 0, 'started_by': 'first_confluence', 'start_trigger_idx': 2608}"
2536,STRUCTURE,CTS_UPDATED,0.58277,"{'via': 'replay_raw', 'cycle_id': 0, 'structure_id': 0, 'struct_direction': 1, 'timeframe': 'M15', 'use_case': 'first_confluence', 'parent_tf': 'H1', 'parent_sid': 0, 'parent_cycle_id': 1, 'structure_path_id': 'H1.main >> M15.confluence', 'sub_sid': 0, 'started_by': 'first_confluence', 'start_trigger_idx': 2608}"
2537,RANGE,RANGE_RESET,,"{'reason': 'range_breakout', 'pat': 'one_maru_continuous', 'structure_id': 0, 'struct_direction': 1, 'timeframe': 'M15', 'use_case': 'first_confluence', 'parent_tf': 'H1', 'parent_sid': 0, 'parent_cycle_id': 1, 'structure_path_id': 'H1.main >> M15.confluence', 'sub_sid': 0, 'started_by': 'first_confluence', 'start_trigger_idx': 2608}"
2537,STRUCTURE,CTS_UPDATED,0.58298,"{'via': 'one_maru_continuous', 'cycle_id': 0, 'structure_id': 0, 'struct_direction': 1, 'timeframe': 'M15', 'use_case': 'first_confluence', 'parent_tf': 'H1', 'parent_sid': 0, 'parent_cycle_id': 1, 'structure_path_id': 'H1.main >> M15.confluence', 'sub_sid': 0, 'started_by': 'first_confluence', 'start_trigger_idx': 2608}"
2537,STATE,STATE_CHANGED,,"{'from': 'range', 'to': 'breakout', 'structure_id': 0, 'struct_direction': 1, 'reason': 'breakout_pattern', 'pat': 'one_maru_continuous', 'effective_idx': 222, 'timeframe': 'M15', 'use_case': 'first_confluence', 'parent_tf': 'H1', 'parent_sid': 0, 'parent_cycle_id': 1, 'structure_path_id': 'H1.main >> M15.confluence', 'sub_sid': 0, 'started_by': 'first_confluence', 'start_trigger_idx': 2608}"
2538,STRUCTURE,CTS_UPDATED,0.58308,"{'via': 'replay_raw', 'cycle_id': 0, 'structure_id': 0, 'struct_direction': 1, 'timeframe': 'M15', 'use_case': 'first_confluence', 'parent_tf': 'H1', 'parent_sid': 0, 'parent_cycle_id': 1, 'structure_path_id': 'H1.main >> M15.confluence', 'sub_sid': 0, 'started_by': 'first_confluence', 'start_trigger_idx': 2608}"
2539,STRUCTURE,CTS_UPDATED,0.58328,"{'via': 'replay_raw', 'cycle_id': 0, 'structure_id': 0, 'struct_direction': 1, 'timeframe': 'M15', 'use_case': 'first_confluence', 'parent_tf': 'H1', 'parent_sid': 0, 'parent_cycle_id': 1, 'structure_path_id': 'H1.main >> M15.confluence', 'sub_sid': 0, 'started_by': 'first_confluence', 'start_trigger_idx': 2608}"
2540,STRUCTURE,CTS_UPDATED,0.58374,"{'via': 'replay_raw', 'cycle_id': 0, 'structure_id': 0, 'struct_direction': 1, 'timeframe': 'M15', 'use_case': 'first_confluence', 'parent_tf': 'H1', 'parent_sid': 0, 'parent_cycle_id': 1, 'structure_path_id': 'H1.main >> M15.confluence', 'sub_sid': 0, 'started_by': 'first_confluence', 'start_trigger_idx': 2608}"
2543,STRUCTURE,CTS_UPDATED,0.58381,"{'via': 'continuous', 'cycle_id': 0, 'structure_id': 0, 'struct_direction': 1, 'timeframe': 'M15', 'use_case': 'first_confluence', 'parent_tf': 'H1', 'parent_sid': 0, 'parent_cycle_id': 1, 'structure_path_id': 'H1.main >> M15.confluence', 'sub_sid': 0, 'started_by': 'first_confluence', 'start_trigger_idx': 2608}"
2544,STRUCTURE,CTS_UPDATED,0.58394,"{'via': 'replay_raw', 'cycle_id': 0, 'structure_id': 0, 'struct_direction': 1, 'timeframe': 'M15', 'use_case': 'first_confluence', 'parent_tf': 'H1', 'parent_sid': 0, 'parent_cycle_id': 1, 'structure_path_id': 'H1.main >> M15.confluence', 'sub_sid': 0, 'started_by': 'first_confluence', 'start_trigger_idx': 2608}"
2545,STRUCTURE,CTS_UPDATED,0.58404,"{'via': 'replay_raw', 'cycle_id': 0, 'structure_id': 0, 'struct_direction': 1, 'timeframe': 'M15', 'use_case': 'first_confluence', 'parent_tf': 'H1', 'parent_sid': 0, 'parent_cycle_id': 1, 'structure_path_id': 'H1.main >> M15.confluence', 'sub_sid': 0, 'started_by': 'first_confluence', 'start_trigger_idx': 2608}"
2547,STRUCTURE,CTS_UPDATED,0.58412,"{'via': 'replay_raw', 'cycle_id': 0, 'structure_id': 0, 'struct_direction': 1, 'timeframe': 'M15', 'use_case': 'first_confluence', 'parent_tf': 'H1', 'parent_sid': 0, 'parent_cycle_id': 1, 'structure_path_id': 'H1.main >> M15.confluence', 'sub_sid': 0, 'started_by': 'first_confluence', 'start_trigger_idx': 2608}"
2548,RANGE,RANGE_STARTED,,"{'start_idx': 231, 'confirm_idx': 233, 'hi': 0.58412, 'lo': 0.58386, 'cts_idx': 232, 'cts_price': 0.58412, 'structure_id': 0, 'struct_direction': 1, 'timeframe': 'M15', 'use_case': 'first_confluence', 'parent_tf': 'H1', 'parent_sid': 0, 'parent_cycle_id': 1, 'structure_path_id': 'H1.main >> M15.confluence', 'sub_sid': 0, 'started_by': 'first_confluence', 'start_trigger_idx': 2608}"
2548,STATE,STATE_CHANGED,,"{'from': 'breakout', 'to': 'range', 'structure_id': 0, 'struct_direction': 1, 'reason': 'range_confirmed', 'effective_idx': 231, 'timeframe': 'M15', 'use_case': 'first_confluence', 'parent_tf': 'H1', 'parent_sid': 0, 'parent_cycle_id': 1, 'structure_path_id': 'H1.main >> M15.confluence', 'sub_sid': 0, 'started_by': 'first_confluence', 'start_trigger_idx': 2608}"
2549,RANGE,RANGE_UPDATED,,"{'hi': 0.58414, 'lo': 0.58381, 'structure_id': 0, 'struct_direction': 1, 'timeframe': 'M15', 'use_case': 'first_confluence', 'parent_tf': 'H1', 'parent_sid': 0, 'parent_cycle_id': 1, 'structure_path_id': 'H1.main >> M15.confluence', 'sub_sid': 0, 'started_by': 'first_confluence', 'start_trigger_idx': 2608}"
2549,STRUCTURE,CTS_UPDATED,0.58414,"{'via': 'replay_raw', 'cycle_id': 0, 'structure_id': 0, 'struct_direction': 1, 'timeframe': 'M15', 'use_case': 'first_confluence', 'parent_tf': 'H1', 'parent_sid': 0, 'parent_cycle_id': 1, 'structure_path_id': 'H1.main >> M15.confluence', 'sub_sid': 0, 'started_by': 'first_confluence', 'start_trigger_idx': 2608}"
2550,RANGE,RANGE_UPDATED,,"{'hi': 0.58415, 'lo': 0.58381, 'structure_id': 0, 'struct_direction': 1, 'timeframe': 'M15', 'use_case': 'first_confluence', 'parent_tf': 'H1', 'parent_sid': 0, 'parent_cycle_id': 1, 'structure_path_id': 'H1.main >> M15.confluence', 'sub_sid': 0, 'started_by': 'first_confluence', 'start_trigger_idx': 2608}"
2550,STRUCTURE,CTS_UPDATED,0.58415,"{'via': 'replay_raw', 'cycle_id': 0, 'structure_id': 0, 'struct_direction': 1, 'timeframe': 'M15', 'use_case': 'first_confluence', 'parent_tf': 'H1', 'parent_sid': 0, 'parent_cycle_id': 1, 'structure_path_id': 'H1.main >> M15.confluence', 'sub_sid': 0, 'started_by': 'first_confluence', 'start_trigger_idx': 2608}"
2551,RANGE,RANGE_UPDATED,,"{'hi': 0.58415, 'lo': 0.5837, 'structure_id': 0, 'struct_direction': 1, 'timeframe': 'M15', 'use_case': 'first_confluence', 'parent_tf': 'H1', 'parent_sid': 0, 'parent_cycle_id': 1, 'structure_path_id': 'H1.main >> M15.confluence', 'sub_sid': 0, 'started_by': 'first_confluence', 'start_trigger_idx': 2608}"
2552,RANGE,RANGE_UPDATED,,"{'hi': 0.58415, 'lo': 0.58367, 'structure_id': 0, 'struct_direction': 1, 'timeframe': 'M15', 'use_case': 'first_confluence', 'parent_tf': 'H1', 'parent_sid': 0, 'parent_cycle_id': 1, 'structure_path_id': 'H1.main >> M15.confluence', 'sub_sid': 0, 'started_by': 'first_confluence', 'start_trigger_idx': 2608}"
2554,RANGE,RANGE_UPDATED,,"{'hi': 0.58422, 'lo': 0.58367, 'structure_id': 0, 'struct_direction': 1, 'timeframe': 'M15', 'use_case': 'first_confluence', 'parent_tf': 'H1', 'parent_sid': 0, 'parent_cycle_id': 1, 'structure_path_id': 'H1.main >> M15.confluence', 'sub_sid': 0, 'started_by': 'first_confluence', 'start_trigger_idx': 2608}"
2554,STRUCTURE,CTS_UPDATED,0.58422,"{'via': 'replay_raw', 'cycle_id': 0, 'structure_id': 0, 'struct_direction': 1, 'timeframe': 'M15', 'use_case': 'first_confluence', 'parent_tf': 'H1', 'parent_sid': 0, 'parent_cycle_id': 1, 'structure_path_id': 'H1.main >> M15.confluence', 'sub_sid': 0, 'started_by': 'first_confluence', 'start_trigger_idx': 2608}"
2557,RANGE,RANGE_UPDATED,,"{'hi': 0.58434, 'lo': 0.58367, 'structure_id': 0, 'struct_direction': 1, 'timeframe': 'M15', 'use_case': 'first_confluence', 'parent_tf': 'H1', 'parent_sid': 0, 'parent_cycle_id': 1, 'structure_path_id': 'H1.main >> M15.confluence', 'sub_sid': 0, 'started_by': 'first_confluence', 'start_trigger_idx': 2608}"
2557,STRUCTURE,CTS_UPDATED,0.58434,"{'via': 'replay_raw', 'cycle_id': 0, 'structure_id': 0, 'struct_direction': 1, 'timeframe': 'M15', 'use_case': 'first_confluence', 'parent_tf': 'H1', 'parent_sid': 0, 'parent_cycle_id': 1, 'structure_path_id': 'H1.main >> M15.confluence', 'sub_sid': 0, 'started_by': 'first_confluence', 'start_trigger_idx': 2608}"
2558,RANGE,RANGE_UPDATED,,"{'hi': 0.58434, 'lo': 0.58342, 'structure_id': 0, 'struct_direction': 1, 'timeframe': 'M15', 'use_case': 'first_confluence', 'parent_tf': 'H1', 'parent_sid': 0, 'parent_cycle_id': 1, 'structure_path_id': 'H1.main >> M15.confluence', 'sub_sid': 0, 'started_by': 'first_confluence', 'start_trigger_idx': 2608}"
2560,RANGE,RANGE_UPDATED,,"{'reason': 'pullback_expand', 'hi': 0.58434, 'lo': 0.58242, 'pat': 'one_maru_continuous', 'structure_id': 0, 'struct_direction': 1, 'timeframe': 'M15', 'use_case': 'first_confluence', 'parent_tf': 'H1', 'parent_sid': 0, 'parent_cycle_id': 1, 'structure_path_id': 'H1.main >> M15.confluence', 'sub_sid': 0, 'started_by': 'first_confluence', 'start_trigger_idx': 2608}"
2560,STRUCTURE,CTS_CONFIRMED,0.58434,"{'via': 'one_maru_continuous', 'cycle_id': 0, 'structure_id': 0, 'struct_direction': 1, 'confirmed_at': 2560, 'cts_anchor_idx': 2557, 'confirmation_method': 'pullback', 'timeframe': 'M15', 'use_case': 'first_confluence', 'parent_tf': 'H1', 'parent_sid': 0, 'parent_cycle_id': 1, 'structure_path_id': 'H1.main >> M15.confluence', 'sub_sid': 0, 'started_by': 'first_confluence', 'start_trigger_idx': 2608}"
2560,STATE,STATE_CHANGED,,"{'from': 'range', 'to': 'pullback', 'structure_id': 0, 'struct_direction': 1, 'reason': 'pullback_pattern', 'pat': 'one_maru_continuous', 'effective_idx': 245, 'timeframe': 'M15', 'use_case': 'first_confluence', 'parent_tf': 'H1', 'parent_sid': 0, 'parent_cycle_id': 1, 'structure_path_id': 'H1.main >> M15.confluence', 'sub_sid': 0, 'started_by': 'first_confluence', 'start_trigger_idx': 2608}"
2561,RANGE,RANGE_UPDATED,,"{'hi': 0.58434, 'lo': 0.58198, 'structure_id': 0, 'struct_direction': 1, 'timeframe': 'M15', 'use_case': 'first_confluence', 'parent_tf': 'H1', 'parent_sid': 0, 'parent_cycle_id': 1, 'structure_path_id': 'H1.main >> M15.confluence', 'sub_sid': 0, 'started_by': 'first_confluence', 'start_trigger_idx': 2608}"
2562,STATE,STATE_CHANGED,,"{'from': 'pullback', 'to': 'pullback_range', 'structure_id': 0, 'struct_direction': 1, 'reason': 'replay_no_expand_pullback_side', 'effective_idx': 247, 'timeframe': 'M15', 'use_case': 'first_confluence', 'parent_tf': 'H1', 'parent_sid': 0, 'parent_cycle_id': 1, 'structure_path_id': 'H1.main >> M15.confluence', 'sub_sid': 0, 'started_by': 'first_confluence', 'start_trigger_idx': 2608}"
2600,RANGE,RANGE_UPDATED,,"{'hi': 0.58448, 'lo': 0.58198, 'structure_id': 0, 'struct_direction': 1, 'timeframe': 'M15', 'use_case': 'first_confluence', 'parent_tf': 'H1', 'parent_sid': 0, 'parent_cycle_id': 1, 'structure_path_id': 'H1.main >> M15.confluence', 'sub_sid': 0, 'started_by': 'first_confluence', 'start_trigger_idx': 2608}"
2600,STRUCTURE,CTS_THRESHOLD_UPDATED,0.58448,"{'prev': 0.58434, 'reason': 'range_sync', 'cycle_id': 0, 'structure_id': 0, 'struct_direction': 1, 'timeframe': 'M15', 'use_case': 'first_confluence', 'parent_tf': 'H1', 'parent_sid': 0, 'parent_cycle_id': 1, 'structure_path_id': 'H1.main >> M15.confluence', 'sub_sid': 0, 'started_by': 'first_confluence', 'start_trigger_idx': 2608}"
2606,RANGE,RANGE_UPDATED,,"{'hi': 0.58465, 'lo': 0.58198, 'structure_id': 0, 'struct_direction': 1, 'timeframe': 'M15', 'use_case': 'first_confluence', 'parent_tf': 'H1', 'parent_sid': 0, 'parent_cycle_id': 1, 'structure_path_id': 'H1.main >> M15.confluence', 'sub_sid': 0, 'started_by': 'first_confluence', 'start_trigger_idx': 2608}"
2606,STRUCTURE,CTS_THRESHOLD_UPDATED,0.58465,"{'prev': 0.58448, 'reason': 'range_sync', 'cycle_id': 0, 'structure_id': 0, 'struct_direction': 1, 'timeframe': 'M15', 'use_case': 'first_confluence', 'parent_tf': 'H1', 'parent_sid': 0, 'parent_cycle_id': 1, 'structure_path_id': 'H1.main >> M15.confluence', 'sub_sid': 0, 'started_by': 'first_confluence', 'start_trigger_idx': 2608}"
2608,RANGE,RANGE_RESET,,"{'reason': 'range_breakout', 'pat': 'one_maru_continuous', 'structure_id': 0, 'struct_direction': 1, 'timeframe': 'M15', 'use_case': 'first_confluence', 'parent_tf': 'H1', 'parent_sid': 0, 'parent_cycle_id': 1, 'structure_path_id': 'H1.main >> M15.confluence', 'sub_sid': 0, 'started_by': 'first_confluence', 'start_trigger_idx': 2608}"
2608,STRUCTURE,CTS_ESTABLISHED,0.58518,"{'via': 'one_maru_continuous', 'anchor_idx': 2607, 'pattern_name': 'one_maru_continuous', 'confirmed_at': 2608, 'cycle_id': 1, 'structure_id': 0, 'struct_direction': 1, 'timeframe': 'M15', 'use_case': 'first_confluence', 'parent_tf': 'H1', 'parent_sid': 0, 'parent_cycle_id': 1, 'structure_path_id': 'H1.main >> M15.confluence', 'sub_sid': 0, 'started_by': 'first_confluence', 'start_trigger_idx': 2608}"
2561,STRUCTURE,BOS_CONFIRMED,0.58198,"{'source': 'pullback_extreme', 'confirmed_at': 2608, 'pb_start': 245, 'cycle_id': 1, 'structure_id': 0, 'struct_direction': 1, 'timeframe': 'M15', 'use_case': 'first_confluence', 'parent_tf': 'H1', 'parent_sid': 0, 'parent_cycle_id': 1, 'structure_path_id': 'H1.main >> M15.confluence', 'sub_sid': 0, 'started_by': 'first_confluence', 'start_trigger_idx': 2608}"
2608,STATE,STATE_CHANGED,,"{'from': 'pullback_range', 'to': 'breakout', 'structure_id': 0, 'struct_direction': 1, 'reason': 'breakout_pattern', 'pat': 'one_maru_continuous', 'effective_idx': 293, 'timeframe': 'M15', 'use_case': 'first_confluence', 'parent_tf': 'H1', 'parent_sid': 0, 'parent_cycle_id': 1, 'structure_path_id': 'H1.main >> M15.confluence', 'sub_sid': 0, 'started_by': 'first_confluence', 'start_trigger_idx': 2608}"
2609,STRUCTURE,CTS_UPDATED,0.58534,"{'via': 'replay_raw', 'cycle_id': 1, 'structure_id': 0, 'struct_direction': 1, 'timeframe': 'M15', 'use_case': 'first_confluence', 'parent_tf': 'H1', 'parent_sid': 0, 'parent_cycle_id': 1, 'structure_path_id': 'H1.main >> M15.confluence', 'sub_sid': 0, 'started_by': 'first_confluence', 'start_trigger_idx': 2608}"
2612,RANGE,RANGE_STARTED,,"{'reason': 'pullback_created_range', 'cts_idx': 294, 'cts_price': 0.58534, 'pullback_apply_idx': 297, 'hi': 0.58534, 'lo': 0.58429, 'pat': 'one_maru_continuous', 'structure_id': 0, 'struct_direction': 1, 'timeframe': 'M15', 'use_case': 'first_confluence', 'parent_tf': 'H1', 'parent_sid': 0, 'parent_cycle_id': 1, 'structure_path_id': 'H1.main >> M15.confluence', 'sub_sid': 0, 'started_by': 'first_confluence', 'start_trigger_idx': 2608}"
2612,STRUCTURE,CTS_CONFIRMED,0.58534,"{'via': 'one_maru_continuous', 'cycle_id': 1, 'structure_id': 0, 'struct_direction': 1, 'confirmed_at': 2612, 'cts_anchor_idx': 2609, 'confirmation_method': 'pullback', 'timeframe': 'M15', 'use_case': 'first_confluence', 'parent_tf': 'H1', 'parent_sid': 0, 'parent_cycle_id': 1, 'structure_path_id': 'H1.main >> M15.confluence', 'sub_sid': 0, 'started_by': 'first_confluence', 'start_trigger_idx': 2608}"
2612,STATE,STATE_CHANGED,,"{'from': 'breakout', 'to': 'pullback', 'structure_id': 0, 'struct_direction': 1, 'reason': 'pullback_pattern', 'pat': 'one_maru_continuous', 'effective_idx': 297, 'timeframe': 'M15', 'use_case': 'first_confluence', 'parent_tf': 'H1', 'parent_sid': 0, 'parent_cycle_id': 1, 'structure_path_id': 'H1.main >> M15.confluence', 'sub_sid': 0, 'started_by': 'first_confluence', 'start_trigger_idx': 2608}"
2613,RANGE,RANGE_UPDATED,,"{'hi': 0.58534, 'lo': 0.58421, 'structure_id': 0, 'struct_direction': 1, 'timeframe': 'M15', 'use_case': 'first_confluence', 'parent_tf': 'H1', 'parent_sid': 0, 'parent_cycle_id': 1, 'structure_path_id': 'H1.main >> M15.confluence', 'sub_sid': 0, 'started_by': 'first_confluence', 'start_trigger_idx': 2608}"
2614,RANGE,RANGE_UPDATED,,"{'hi': 0.58534, 'lo': 0.58414, 'structure_id': 0, 'struct_direction': 1, 'timeframe': 'M15', 'use_case': 'first_confluence', 'parent_tf': 'H1', 'parent_sid': 0, 'parent_cycle_id': 1, 'structure_path_id': 'H1.main >> M15.confluence', 'sub_sid': 0, 'started_by': 'first_confluence', 'start_trigger_idx': 2608}"
2615,RANGE,RANGE_UPDATED,,"{'hi': 0.58534, 'lo': 0.584, 'structure_id': 0, 'struct_direction': 1, 'timeframe': 'M15', 'use_case': 'first_confluence', 'parent_tf': 'H1', 'parent_sid': 0, 'parent_cycle_id': 1, 'structure_path_id': 'H1.main >> M15.confluence', 'sub_sid': 0, 'started_by': 'first_confluence', 'start_trigger_idx': 2608}"
2616,RANGE,RANGE_UPDATED,,"{'hi': 0.58534, 'lo': 0.58392, 'structure_id': 0, 'struct_direction': 1, 'timeframe': 'M15', 'use_case': 'first_confluence', 'parent_tf': 'H1', 'parent_sid': 0, 'parent_cycle_id': 1, 'structure_path_id': 'H1.main >> M15.confluence', 'sub_sid': 0, 'started_by': 'first_confluence', 'start_trigger_idx': 2608}"
2617,STATE,STATE_CHANGED,,"{'from': 'pullback', 'to': 'pullback_range', 'structure_id': 0, 'struct_direction': 1, 'reason': 'replay_no_expand_pullback_side', 'effective_idx': 302, 'timeframe': 'M15', 'use_case': 'first_confluence', 'parent_tf': 'H1', 'parent_sid': 0, 'parent_cycle_id': 1, 'structure_path_id': 'H1.main >> M15.confluence', 'sub_sid': 0, 'started_by': 'first_confluence', 'start_trigger_idx': 2608}"
2633,RANGE,RANGE_UPDATED,,"{'hi': 0.58534, 'lo': 0.58385, 'structure_id': 0, 'struct_direction': 1, 'timeframe': 'M15', 'use_case': 'first_confluence', 'parent_tf': 'H1', 'parent_sid': 0, 'parent_cycle_id': 1, 'structure_path_id': 'H1.main >> M15.confluence', 'sub_sid': 0, 'started_by': 'first_confluence', 'start_trigger_idx': 2608}"
2633,STATE,STATE_CHANGED,,"{'from': 'pullback_range', 'to': 'pullback', 'structure_id': 0, 'struct_direction': 1, 'reason': 'replay_expand_pullback_side', 'effective_idx': 318, 'timeframe': 'M15', 'use_case': 'first_confluence', 'parent_tf': 'H1', 'parent_sid': 0, 'parent_cycle_id': 1, 'structure_path_id': 'H1.main >> M15.confluence', 'sub_sid': 0, 'started_by': 'first_confluence', 'start_trigger_idx': 2608}"
2634,STATE,STATE_CHANGED,,"{'from': 'pullback', 'to': 'pullback_range', 'structure_id': 0, 'struct_direction': 1, 'reason': 'replay_no_expand_pullback_side', 'effective_idx': 319, 'timeframe': 'M15', 'use_case': 'first_confluence', 'parent_tf': 'H1', 'parent_sid': 0, 'parent_cycle_id': 1, 'structure_path_id': 'H1.main >> M15.confluence', 'sub_sid': 0, 'started_by': 'first_confluence', 'start_trigger_idx': 2608}"
2650,RANGE,RANGE_UPDATED,,"{'hi': 0.58534, 'lo': 0.58383, 'structure_id': 0, 'struct_direction': 1, 'timeframe': 'M15', 'use_case': 'first_confluence', 'parent_tf': 'H1', 'parent_sid': 0, 'parent_cycle_id': 1, 'structure_path_id': 'H1.main >> M15.confluence', 'sub_sid': 0, 'started_by': 'first_confluence', 'start_trigger_idx': 2608}"
2650,STATE,STATE_CHANGED,,"{'from': 'pullback_range', 'to': 'pullback', 'structure_id': 0, 'struct_direction': 1, 'reason': 'replay_expand_pullback_side', 'effective_idx': 335, 'timeframe': 'M15', 'use_case': 'first_confluence', 'parent_tf': 'H1', 'parent_sid': 0, 'parent_cycle_id': 1, 'structure_path_id': 'H1.main >> M15.confluence', 'sub_sid': 0, 'started_by': 'first_confluence', 'start_trigger_idx': 2608}"
2651,RANGE,RANGE_UPDATED,,"{'hi': 0.58534, 'lo': 0.58354, 'structure_id': 0, 'struct_direction': 1, 'timeframe': 'M15', 'use_case': 'first_confluence', 'parent_tf': 'H1', 'parent_sid': 0, 'parent_cycle_id': 1, 'structure_path_id': 'H1.main >> M15.confluence', 'sub_sid': 0, 'started_by': 'first_confluence', 'start_trigger_idx': 2608}"
2652,STATE,STATE_CHANGED,,"{'from': 'pullback', 'to': 'pullback_range', 'structure_id': 0, 'struct_direction': 1, 'reason': 'replay_no_expand_pullback_side', 'effective_idx': 337, 'timeframe': 'M15', 'use_case': 'first_confluence', 'parent_tf': 'H1', 'parent_sid': 0, 'parent_cycle_id': 1, 'structure_path_id': 'H1.main >> M15.confluence', 'sub_sid': 0, 'started_by': 'first_confluence', 'start_trigger_idx': 2608}"
2653,RANGE,RANGE_UPDATED,,"{'hi': 0.58534, 'lo': 0.58352, 'structure_id': 0, 'struct_direction': 1, 'timeframe': 'M15', 'use_case': 'first_confluence', 'parent_tf': 'H1', 'parent_sid': 0, 'parent_cycle_id': 1, 'structure_path_id': 'H1.main >> M15.confluence', 'sub_sid': 0, 'started_by': 'first_confluence', 'start_trigger_idx': 2608}"
2653,STATE,STATE_CHANGED,,"{'from': 'pullback_range', 'to': 'pullback', 'structure_id': 0, 'struct_direction': 1, 'reason': 'replay_expand_pullback_side', 'effective_idx': 338, 'timeframe': 'M15', 'use_case': 'first_confluence', 'parent_tf': 'H1', 'parent_sid': 0, 'parent_cycle_id': 1, 'structure_path_id': 'H1.main >> M15.confluence', 'sub_sid': 0, 'started_by': 'first_confluence', 'start_trigger_idx': 2608}"
2654,RANGE,RANGE_UPDATED,,"{'hi': 0.58534, 'lo': 0.58337, 'structure_id': 0, 'struct_direction': 1, 'timeframe': 'M15', 'use_case': 'first_confluence', 'parent_tf': 'H1', 'parent_sid': 0, 'parent_cycle_id': 1, 'structure_path_id': 'H1.main >> M15.confluence', 'sub_sid': 0, 'started_by': 'first_confluence', 'start_trigger_idx': 2608}"
2655,STATE,STATE_CHANGED,,"{'from': 'pullback', 'to': 'pullback_range', 'structure_id': 0, 'struct_direction': 1, 'reason': 'replay_no_expand_pullback_side', 'effective_idx': 340, 'timeframe': 'M15', 'use_case': 'first_confluence', 'parent_tf': 'H1', 'parent_sid': 0, 'parent_cycle_id': 1, 'structure_path_id': 'H1.main >> M15.confluence', 'sub_sid': 0, 'started_by': 'first_confluence', 'start_trigger_idx': 2608}"
2658,RANGE,RANGE_UPDATED,,"{'hi': 0.58534, 'lo': 0.58334, 'structure_id': 0, 'struct_direction': 1, 'timeframe': 'M15', 'use_case': 'first_confluence', 'parent_tf': 'H1', 'parent_sid': 0, 'parent_cycle_id': 1, 'structure_path_id': 'H1.main >> M15.confluence', 'sub_sid': 0, 'started_by': 'first_confluence', 'start_trigger_idx': 2608}"
2658,STATE,STATE_CHANGED,,"{'from': 'pullback_range', 'to': 'pullback', 'structure_id': 0, 'struct_direction': 1, 'reason': 'replay_expand_pullback_side', 'effective_idx': 343, 'timeframe': 'M15', 'use_case': 'first_confluence', 'parent_tf': 'H1', 'parent_sid': 0, 'parent_cycle_id': 1, 'structure_path_id': 'H1.main >> M15.confluence', 'sub_sid': 0, 'started_by': 'first_confluence', 'start_trigger_idx': 2608}"
2659,STATE,STATE_CHANGED,,"{'from': 'pullback', 'to': 'pullback_range', 'structure_id': 0, 'struct_direction': 1, 'reason': 'replay_no_expand_pullback_side', 'effective_idx': 344, 'timeframe': 'M15', 'use_case': 'first_confluence', 'parent_tf': 'H1', 'parent_sid': 0, 'parent_cycle_id': 1, 'structure_path_id': 'H1.main >> M15.confluence', 'sub_sid': 0, 'started_by': 'first_confluence', 'start_trigger_idx': 2608}"
2663,RANGE,RANGE_UPDATED,,"{'hi': 0.58534, 'lo': 0.58329, 'structure_id': 0, 'struct_direction': 1, 'timeframe': 'M15', 'use_case': 'first_confluence', 'parent_tf': 'H1', 'parent_sid': 0, 'parent_cycle_id': 1, 'structure_path_id': 'H1.main >> M15.confluence', 'sub_sid': 0, 'started_by': 'first_confluence', 'start_trigger_idx': 2608}"
2663,STATE,STATE_CHANGED,,"{'from': 'pullback_range', 'to': 'pullback', 'structure_id': 0, 'struct_direction': 1, 'reason': 'replay_expand_pullback_side', 'effective_idx': 348, 'timeframe': 'M15', 'use_case': 'first_confluence', 'parent_tf': 'H1', 'parent_sid': 0, 'parent_cycle_id': 1, 'structure_path_id': 'H1.main >> M15.confluence', 'sub_sid': 0, 'started_by': 'first_confluence', 'start_trigger_idx': 2608}"
2664,STATE,STATE_CHANGED,,"{'from': 'pullback', 'to': 'pullback_range', 'structure_id': 0, 'struct_direction': 1, 'reason': 'replay_no_expand_pullback_side', 'effective_idx': 349, 'timeframe': 'M15', 'use_case': 'first_confluence', 'parent_tf': 'H1', 'parent_sid': 0, 'parent_cycle_id': 1, 'structure_path_id': 'H1.main >> M15.confluence', 'sub_sid': 0, 'started_by': 'first_confluence', 'start_trigger_idx': 2608}"
2667,RANGE,RANGE_UPDATED,,"{'hi': 0.58534, 'lo': 0.58324, 'structure_id': 0, 'struct_direction': 1, 'timeframe': 'M15', 'use_case': 'first_confluence', 'parent_tf': 'H1', 'parent_sid': 0, 'parent_cycle_id': 1, 'structure_path_id': 'H1.main >> M15.confluence', 'sub_sid': 0, 'started_by': 'first_confluence', 'start_trigger_idx': 2608}"
2667,STATE,STATE_CHANGED,,"{'from': 'pullback_range', 'to': 'pullback', 'structure_id': 0, 'struct_direction': 1, 'reason': 'replay_expand_pullback_side', 'effective_idx': 352, 'timeframe': 'M15', 'use_case': 'first_confluence', 'parent_tf': 'H1', 'parent_sid': 0, 'parent_cycle_id': 1, 'structure_path_id': 'H1.main >> M15.confluence', 'sub_sid': 0, 'started_by': 'first_confluence', 'start_trigger_idx': 2608}"
2668,STATE,STATE_CHANGED,,"{'from': 'pullback', 'to': 'pullback_range', 'structure_id': 0, 'struct_direction': 1, 'reason': 'replay_no_expand_pullback_side', 'effective_idx': 353, 'timeframe': 'M15', 'use_case': 'first_confluence', 'parent_tf': 'H1', 'parent_sid': 0, 'parent_cycle_id': 1, 'structure_path_id': 'H1.main >> M15.confluence', 'sub_sid': 0, 'started_by': 'first_confluence', 'start_trigger_idx': 2608}"
2672,RANGE,RANGE_UPDATED,,"{'hi': 0.58534, 'lo': 0.58307, 'structure_id': 0, 'struct_direction': 1, 'timeframe': 'M15', 'use_case': 'first_confluence', 'parent_tf': 'H1', 'parent_sid': 0, 'parent_cycle_id': 1, 'structure_path_id': 'H1.main >> M15.confluence', 'sub_sid': 0, 'started_by': 'first_confluence', 'start_trigger_idx': 2608}"
2672,STATE,STATE_CHANGED,,"{'from': 'pullback_range', 'to': 'pullback', 'structure_id': 0, 'struct_direction': 1, 'reason': 'replay_expand_pullback_side', 'effective_idx': 357, 'timeframe': 'M15', 'use_case': 'first_confluence', 'parent_tf': 'H1', 'parent_sid': 0, 'parent_cycle_id': 1, 'structure_path_id': 'H1.main >> M15.confluence', 'sub_sid': 0, 'started_by': 'first_confluence', 'start_trigger_idx': 2608}"
2673,STATE,STATE_CHANGED,,"{'from': 'pullback', 'to': 'pullback_range', 'structure_id': 0, 'struct_direction': 1, 'reason': 'replay_no_expand_pullback_side', 'effective_idx': 358, 'timeframe': 'M15', 'use_case': 'first_confluence', 'parent_tf': 'H1', 'parent_sid': 0, 'parent_cycle_id': 1, 'structure_path_id': 'H1.main >> M15.confluence', 'sub_sid': 0, 'started_by': 'first_confluence', 'start_trigger_idx': 2608}"
2716,RANGE,RANGE_UPDATED,,"{'hi': 0.58534, 'lo': 0.58298, 'structure_id': 0, 'struct_direction': 1, 'timeframe': 'M15', 'use_case': 'first_confluence', 'parent_tf': 'H1', 'parent_sid': 0, 'parent_cycle_id': 1, 'structure_path_id': 'H1.main >> M15.confluence', 'sub_sid': 0, 'started_by': 'first_confluence', 'start_trigger_idx': 2608}"
2716,STATE,STATE_CHANGED,,"{'from': 'pullback_range', 'to': 'pullback', 'structure_id': 0, 'struct_direction': 1, 'reason': 'replay_expand_pullback_side', 'effective_idx': 401, 'timeframe': 'M15', 'use_case': 'first_confluence', 'parent_tf': 'H1', 'parent_sid': 0, 'parent_cycle_id': 1, 'structure_path_id': 'H1.main >> M15.confluence', 'sub_sid': 0, 'started_by': 'first_confluence', 'start_trigger_idx': 2608}"
2717,RANGE,RANGE_UPDATED,,"{'hi': 0.58534, 'lo': 0.58294, 'structure_id': 0, 'struct_direction': 1, 'timeframe': 'M15', 'use_case': 'first_confluence', 'parent_tf': 'H1', 'parent_sid': 0, 'parent_cycle_id': 1, 'structure_path_id': 'H1.main >> M15.confluence', 'sub_sid': 0, 'started_by': 'first_confluence', 'start_trigger_idx': 2608}"
2718,STATE,STATE_CHANGED,,"{'from': 'pullback', 'to': 'pullback_range', 'structure_id': 0, 'struct_direction': 1, 'reason': 'replay_no_expand_pullback_side', 'effective_idx': 403, 'timeframe': 'M15', 'use_case': 'first_confluence', 'parent_tf': 'H1', 'parent_sid': 0, 'parent_cycle_id': 1, 'structure_path_id': 'H1.main >> M15.confluence', 'sub_sid': 0, 'started_by': 'first_confluence', 'start_trigger_idx': 2608}"
2722,RANGE,RANGE_UPDATED,,"{'hi': 0.58534, 'lo': 0.58288, 'structure_id': 0, 'struct_direction': 1, 'timeframe': 'M15', 'use_case': 'first_confluence', 'parent_tf': 'H1', 'parent_sid': 0, 'parent_cycle_id': 1, 'structure_path_id': 'H1.main >> M15.confluence', 'sub_sid': 0, 'started_by': 'first_confluence', 'start_trigger_idx': 2608}"
2722,STATE,STATE_CHANGED,,"{'from': 'pullback_range', 'to': 'pullback', 'structure_id': 0, 'struct_direction': 1, 'reason': 'replay_expand_pullback_side', 'effective_idx': 407, 'timeframe': 'M15', 'use_case': 'first_confluence', 'parent_tf': 'H1', 'parent_sid': 0, 'parent_cycle_id': 1, 'structure_path_id': 'H1.main >> M15.confluence', 'sub_sid': 0, 'started_by': 'first_confluence', 'start_trigger_idx': 2608}"
2723,RANGE,RANGE_UPDATED,,"{'hi': 0.58534, 'lo': 0.58276, 'structure_id': 0, 'struct_direction': 1, 'timeframe': 'M15', 'use_case': 'first_confluence', 'parent_tf': 'H1', 'parent_sid': 0, 'parent_cycle_id': 1, 'structure_path_id': 'H1.main >> M15.confluence', 'sub_sid': 0, 'started_by': 'first_confluence', 'start_trigger_idx': 2608}"
2724,RANGE,RANGE_UPDATED,,"{'hi': 0.58534, 'lo': 0.58255, 'structure_id': 0, 'struct_direction': 1, 'timeframe': 'M15', 'use_case': 'first_confluence', 'parent_tf': 'H1', 'parent_sid': 0, 'parent_cycle_id': 1, 'structure_path_id': 'H1.main >> M15.confluence', 'sub_sid': 0, 'started_by': 'first_confluence', 'start_trigger_idx': 2608}"
2725,RANGE,RANGE_UPDATED,,"{'hi': 0.58534, 'lo': 0.58242, 'structure_id': 0, 'struct_direction': 1, 'timeframe': 'M15', 'use_case': 'first_confluence', 'parent_tf': 'H1', 'parent_sid': 0, 'parent_cycle_id': 1, 'structure_path_id': 'H1.main >> M15.confluence', 'sub_sid': 0, 'started_by': 'first_confluence', 'start_trigger_idx': 2608}"
2726,RANGE,RANGE_UPDATED,,"{'hi': 0.58534, 'lo': 0.58223, 'structure_id': 0, 'struct_direction': 1, 'timeframe': 'M15', 'use_case': 'first_confluence', 'parent_tf': 'H1', 'parent_sid': 0, 'parent_cycle_id': 1, 'structure_path_id': 'H1.main >> M15.confluence', 'sub_sid': 0, 'started_by': 'first_confluence', 'start_trigger_idx': 2608}"
2727,RANGE,RANGE_UPDATED,,"{'hi': 0.58534, 'lo': 0.5822, 'structure_id': 0, 'struct_direction': 1, 'timeframe': 'M15', 'use_case': 'first_confluence', 'parent_tf': 'H1', 'parent_sid': 0, 'parent_cycle_id': 1, 'structure_path_id': 'H1.main >> M15.confluence', 'sub_sid': 0, 'started_by': 'first_confluence', 'start_trigger_idx': 2608}"
2728,RANGE,RANGE_UPDATED,,"{'hi': 0.58534, 'lo': 0.58216, 'structure_id': 0, 'struct_direction': 1, 'timeframe': 'M15', 'use_case': 'first_confluence', 'parent_tf': 'H1', 'parent_sid': 0, 'parent_cycle_id': 1, 'structure_path_id': 'H1.main >> M15.confluence', 'sub_sid': 0, 'started_by': 'first_confluence', 'start_trigger_idx': 2608}"
2729,STATE,STATE_CHANGED,,"{'from': 'pullback', 'to': 'pullback_range', 'structure_id': 0, 'struct_direction': 1, 'reason': 'replay_no_expand_pullback_side', 'effective_idx': 414, 'timeframe': 'M15', 'use_case': 'first_confluence', 'parent_tf': 'H1', 'parent_sid': 0, 'parent_cycle_id': 1, 'structure_path_id': 'H1.main >> M15.confluence', 'sub_sid': 0, 'started_by': 'first_confluence', 'start_trigger_idx': 2608}"
2730,RANGE,RANGE_UPDATED,,"{'hi': 0.58534, 'lo': 0.58211, 'structure_id': 0, 'struct_direction': 1, 'timeframe': 'M15', 'use_case': 'first_confluence', 'parent_tf': 'H1', 'parent_sid': 0, 'parent_cycle_id': 1, 'structure_path_id': 'H1.main >> M15.confluence', 'sub_sid': 0, 'started_by': 'first_confluence', 'start_trigger_idx': 2608}"
2730,STATE,STATE_CHANGED,,"{'from': 'pullback_range', 'to': 'pullback', 'structure_id': 0, 'struct_direction': 1, 'reason': 'replay_expand_pullback_side', 'effective_idx': 415, 'timeframe': 'M15', 'use_case': 'first_confluence', 'parent_tf': 'H1', 'parent_sid': 0, 'parent_cycle_id': 1, 'structure_path_id': 'H1.main >> M15.confluence', 'sub_sid': 0, 'started_by': 'first_confluence', 'start_trigger_idx': 2608}"
2731,STATE,STATE_CHANGED,,"{'from': 'pullback', 'to': 'pullback_range', 'structure_id': 0, 'struct_direction': 1, 'reason': 'replay_no_expand_pullback_side', 'effective_idx': 416, 'timeframe': 'M15', 'use_case': 'first_confluence', 'parent_tf': 'H1', 'parent_sid': 0, 'parent_cycle_id': 1, 'structure_path_id': 'H1.main >> M15.confluence', 'sub_sid': 0, 'started_by': 'first_confluence', 'start_trigger_idx': 2608}"
2732,RANGE,RANGE_UPDATED,,"{'hi': 0.58534, 'lo': 0.58207, 'structure_id': 0, 'struct_direction': 1, 'timeframe': 'M15', 'use_case': 'first_confluence', 'parent_tf': 'H1', 'parent_sid': 0, 'parent_cycle_id': 1, 'structure_path_id': 'H1.main >> M15.confluence', 'sub_sid': 0, 'started_by': 'first_confluence', 'start_trigger_idx': 2608}"
2732,STATE,STATE_CHANGED,,"{'from': 'pullback_range', 'to': 'pullback', 'structure_id': 0, 'struct_direction': 1, 'reason': 'replay_expand_pullback_side', 'effective_idx': 417, 'timeframe': 'M15', 'use_case': 'first_confluence', 'parent_tf': 'H1', 'parent_sid': 0, 'parent_cycle_id': 1, 'structure_path_id': 'H1.main >> M15.confluence', 'sub_sid': 0, 'started_by': 'first_confluence', 'start_trigger_idx': 2608}"
2733,RANGE,RANGE_UPDATED,,"{'hi': 0.58534, 'lo': 0.58193, 'structure_id': 0, 'struct_direction': 1, 'timeframe': 'M15', 'use_case': 'first_confluence', 'parent_tf': 'H1', 'parent_sid': 0, 'parent_cycle_id': 1, 'structure_path_id': 'H1.main >> M15.confluence', 'sub_sid': 0, 'started_by': 'first_confluence', 'start_trigger_idx': 2608}"
2733,STRUCTURE,BOS_THRESHOLD_UPDATED,0.58193,"{'prev': 0.58198, 'reason': 'probe_no_break', 'cycle_id': 1, 'structure_id': 0, 'struct_direction': 1, 'timeframe': 'M15', 'use_case': 'first_confluence', 'parent_tf': 'H1', 'parent_sid': 0, 'parent_cycle_id': 1, 'structure_path_id': 'H1.main >> M15.confluence', 'sub_sid': 0, 'started_by': 'first_confluence', 'start_trigger_idx': 2608}"
2734,RANGE,RANGE_UPDATED,,"{'hi': 0.58534, 'lo': 0.5819, 'structure_id': 0, 'struct_direction': 1, 'timeframe': 'M15', 'use_case': 'first_confluence', 'parent_tf': 'H1', 'parent_sid': 0, 'parent_cycle_id': 1, 'structure_path_id': 'H1.main >> M15.confluence', 'sub_sid': 0, 'started_by': 'first_confluence', 'start_trigger_idx': 2608}"
2734,STRUCTURE,BOS_THRESHOLD_UPDATED,0.5819,"{'prev': 0.58193, 'reason': 'probe_no_break', 'cycle_id': 1, 'structure_id': 0, 'struct_direction': 1, 'timeframe': 'M15', 'use_case': 'first_confluence', 'parent_tf': 'H1', 'parent_sid': 0, 'parent_cycle_id': 1, 'structure_path_id': 'H1.main >> M15.confluence', 'sub_sid': 0, 'started_by': 'first_confluence', 'start_trigger_idx': 2608}"
2735,STATE,STATE_CHANGED,,"{'from': 'pullback', 'to': 'pullback_range', 'structure_id': 0, 'struct_direction': 1, 'reason': 'replay_no_expand_pullback_side', 'effective_idx': 420, 'timeframe': 'M15', 'use_case': 'first_confluence', 'parent_tf': 'H1', 'parent_sid': 0, 'parent_cycle_id': 1, 'structure_path_id': 'H1.main >> M15.confluence', 'sub_sid': 0, 'started_by': 'first_confluence', 'start_trigger_idx': 2608}"
2736,RANGE,RANGE_UPDATED,,"{'hi': 0.58534, 'lo': 0.5818, 'structure_id': 0, 'struct_direction': 1, 'timeframe': 'M15', 'use_case': 'first_confluence', 'parent_tf': 'H1', 'parent_sid': 0, 'parent_cycle_id': 1, 'structure_path_id': 'H1.main >> M15.confluence', 'sub_sid': 0, 'started_by': 'first_confluence', 'start_trigger_idx': 2608}"
2736,STATE,STATE_CHANGED,,"{'from': 'pullback_range', 'to': 'pullback', 'structure_id': 0, 'struct_direction': 1, 'reason': 'replay_expand_pullback_side', 'effective_idx': 421, 'timeframe': 'M15', 'use_case': 'first_confluence', 'parent_tf': 'H1', 'parent_sid': 0, 'parent_cycle_id': 1, 'structure_path_id': 'H1.main >> M15.confluence', 'sub_sid': 0, 'started_by': 'first_confluence', 'start_trigger_idx': 2608}"
2736,STRUCTURE,BOS_THRESHOLD_UPDATED,0.5818,"{'prev': 0.5819, 'reason': 'probe_no_break', 'cycle_id': 1, 'structure_id': 0, 'struct_direction': 1, 'timeframe': 'M15', 'use_case': 'first_confluence', 'parent_tf': 'H1', 'parent_sid': 0, 'parent_cycle_id': 1, 'structure_path_id': 'H1.main >> M15.confluence', 'sub_sid': 0, 'started_by': 'first_confluence', 'start_trigger_idx': 2608}"
2737,STATE,STATE_CHANGED,,"{'from': 'pullback', 'to': 'pullback_range', 'structure_id': 0, 'struct_direction': 1, 'reason': 'replay_no_expand_pullback_side', 'effective_idx': 422, 'timeframe': 'M15', 'use_case': 'first_confluence', 'parent_tf': 'H1', 'parent_sid': 0, 'parent_cycle_id': 1, 'structure_path_id': 'H1.main >> M15.confluence', 'sub_sid': 0, 'started_by': 'first_confluence', 'start_trigger_idx': 2608}"
2816,RANGE,RANGE_UPDATED,,"{'hi': 0.58534, 'lo': 0.58178, 'structure_id': 0, 'struct_direction': 1, 'timeframe': 'M15', 'use_case': 'first_confluence', 'parent_tf': 'H1', 'parent_sid': 0, 'parent_cycle_id': 1, 'structure_path_id': 'H1.main >> M15.confluence', 'sub_sid': 0, 'started_by': 'first_confluence', 'start_trigger_idx': 2608}"
2816,STATE,STATE_CHANGED,,"{'from': 'pullback_range', 'to': 'pullback', 'structure_id': 0, 'struct_direction': 1, 'reason': 'replay_expand_pullback_side', 'effective_idx': 501, 'timeframe': 'M15', 'use_case': 'first_confluence', 'parent_tf': 'H1', 'parent_sid': 0, 'parent_cycle_id': 1, 'structure_path_id': 'H1.main >> M15.confluence', 'sub_sid': 0, 'started_by': 'first_confluence', 'start_trigger_idx': 2608}"
2816,STRUCTURE,REVERSAL_WATCH_START,0.5818,"{'anchor_idx': 2816, 'bos_frozen': 0.5818, 'expires_idx': 506, 'structure_id': 0, 'struct_direction': 1, 'timeframe': 'M15', 'use_case': 'first_confluence', 'parent_tf': 'H1', 'parent_sid': 0, 'parent_cycle_id': 1, 'structure_path_id': 'H1.main >> M15.confluence', 'sub_sid': 0, 'started_by': 'first_confluence', 'start_trigger_idx': 2608}"
2816,STRUCTURE,BOS_THRESHOLD_UPDATED,0.58178,"{'prev': 0.5818, 'reason': 'rv_anchor_failed', 'cycle_id': 1, 'structure_id': 0, 'struct_direction': 1, 'timeframe': 'M15', 'use_case': 'first_confluence', 'parent_tf': 'H1', 'parent_sid': 0, 'parent_cycle_id': 1, 'structure_path_id': 'H1.main >> M15.confluence', 'sub_sid': 0, 'started_by': 'first_confluence', 'start_trigger_idx': 2608}"
2817,RANGE,RANGE_UPDATED,,"{'hi': 0.58534, 'lo': 0.58166, 'structure_id': 0, 'struct_direction': 1, 'timeframe': 'M15', 'use_case': 'first_confluence', 'parent_tf': 'H1', 'parent_sid': 0, 'parent_cycle_id': 1, 'structure_path_id': 'H1.main >> M15.confluence', 'sub_sid': 0, 'started_by': 'first_confluence', 'start_trigger_idx': 2608}"
2817,STRUCTURE,BOS_THRESHOLD_UPDATED,0.58166,"{'prev': 0.58178, 'reason': 'probe_no_break', 'cycle_id': 1, 'structure_id': 0, 'struct_direction': 1, 'timeframe': 'M15', 'use_case': 'first_confluence', 'parent_tf': 'H1', 'parent_sid': 0, 'parent_cycle_id': 1, 'structure_path_id': 'H1.main >> M15.confluence', 'sub_sid': 0, 'started_by': 'first_confluence', 'start_trigger_idx': 2608}"
2818,STATE,STATE_CHANGED,,"{'from': 'pullback', 'to': 'pullback_range', 'structure_id': 0, 'struct_direction': 1, 'reason': 'replay_no_expand_pullback_side', 'effective_idx': 503, 'timeframe': 'M15', 'use_case': 'first_confluence', 'parent_tf': 'H1', 'parent_sid': 0, 'parent_cycle_id': 1, 'structure_path_id': 'H1.main >> M15.confluence', 'sub_sid': 0, 'started_by': 'first_confluence', 'start_trigger_idx': 2608}"
2820,RANGE,RANGE_UPDATED,,"{'hi': 0.58534, 'lo': 0.58156, 'structure_id': 0, 'struct_direction': 1, 'timeframe': 'M15', 'use_case': 'first_confluence', 'parent_tf': 'H1', 'parent_sid': 0, 'parent_cycle_id': 1, 'structure_path_id': 'H1.main >> M15.confluence', 'sub_sid': 0, 'started_by': 'first_confluence', 'start_trigger_idx': 2608}"
2820,STATE,STATE_CHANGED,,"{'from': 'pullback_range', 'to': 'pullback', 'structure_id': 0, 'struct_direction': 1, 'reason': 'replay_expand_pullback_side', 'effective_idx': 505, 'timeframe': 'M15', 'use_case': 'first_confluence', 'parent_tf': 'H1', 'parent_sid': 0, 'parent_cycle_id': 1, 'structure_path_id': 'H1.main >> M15.confluence', 'sub_sid': 0, 'started_by': 'first_confluence', 'start_trigger_idx': 2608}"
2820,STRUCTURE,BOS_THRESHOLD_UPDATED,0.58156,"{'prev': 0.58166, 'reason': 'probe_no_break', 'cycle_id': 1, 'structure_id': 0, 'struct_direction': 1, 'timeframe': 'M15', 'use_case': 'first_confluence', 'parent_tf': 'H1', 'parent_sid': 0, 'parent_cycle_id': 1, 'structure_path_id': 'H1.main >> M15.confluence', 'sub_sid': 0, 'started_by': 'first_confluence', 'start_trigger_idx': 2608}"
2821,STATE,STATE_CHANGED,,"{'from': 'pullback', 'to': 'pullback_range', 'structure_id': 0, 'struct_direction': 1, 'reason': 'replay_no_expand_pullback_side', 'effective_idx': 506, 'timeframe': 'M15', 'use_case': 'first_confluence', 'parent_tf': 'H1', 'parent_sid': 0, 'parent_cycle_id': 1, 'structure_path_id': 'H1.main >> M15.confluence', 'sub_sid': 0, 'started_by': 'first_confluence', 'start_trigger_idx': 2608}"
2824,STRUCTURE,REVERSAL_WATCH_START,0.58156,"{'anchor_idx': 2824, 'bos_frozen': 0.58156, 'expires_idx': 514, 'structure_id': 0, 'struct_direction': 1, 'timeframe': 'M15', 'use_case': 'first_confluence', 'parent_tf': 'H1', 'parent_sid': 0, 'parent_cycle_id': 1, 'structure_path_id': 'H1.main >> M15.confluence', 'sub_sid': 0, 'started_by': 'first_confluence', 'start_trigger_idx': 2608}"
2824,STRUCTURE,REVERSAL_CANDIDATE,0.58156,"{'anchor_idx': 2824, 'apply_idx': 2829, 'pattern': '?', 'bos_frozen': 0.58156, 'expires_idx': 514, 'structure_id': 0, 'struct_direction': 1, 'timeframe': 'M15', 'use_case': 'first_confluence', 'parent_tf': 'H1', 'parent_sid': 0, 'parent_cycle_id': 1, 'structure_path_id': 'H1.main >> M15.confluence', 'sub_sid': 0, 'started_by': 'first_confluence', 'start_trigger_idx': 2608}"
2829,STATE,STATE_CHANGED,,"{'from': 'pullback_range', 'to': 'reversal', 'structure_id': 0, 'struct_direction': 1, 'reason': 'reversal_pattern', 'pat': 'one_maru_opposite', 'bos_frozen': 0.58156, 'effective_idx': 514, 'timeframe': 'M15', 'use_case': 'first_confluence', 'parent_tf': 'H1', 'parent_sid': 0, 'parent_cycle_id': 1, 'structure_path_id': 'H1.main >> M15.confluence', 'sub_sid': 0, 'started_by': 'first_confluence', 'start_trigger_idx': 2608}"
2829,RANGE,RANGE_UPDATED,,"{'hi': 0.58534, 'lo': 0.58048, 'structure_id': 0, 'struct_direction': 1, 'timeframe': 'M15', 'use_case': 'first_confluence', 'parent_tf': 'H1', 'parent_sid': 0, 'parent_cycle_id': 1, 'structure_path_id': 'H1.main >> M15.confluence', 'sub_sid': 0, 'started_by': 'first_confluence', 'start_trigger_idx': 2608}"
2649,STRUCTURE,CTS_ESTABLISHED,0.58414,"{'via': 'continuous', 'anchor_idx': 2645, 'pattern_name': 'continuous', 'confirmed_at': 2649, 'cycle_id': 0, 'structure_id': 0, 'struct_direction': -1, 'timeframe': 'M15', 'use_case': 'reversal', 'parent_tf': 'H1', 'parent_sid': 0, 'parent_cycle_id': 1, 'structure_path_id': 'H1.main >> M15.confluence', 'sub_sid': 1, 'started_by': 'reversal', 'start_trigger_idx': 2829}"
2639,STRUCTURE,BOS_CONFIRMED,0.58478,"{'source': 'initial_prior_extreme', 'confirmed_at': 2649, 'pb_start': None, 'cycle_id': 0, 'structure_id': 0, 'struct_direction': -1, 'timeframe': 'M15', 'use_case': 'reversal', 'parent_tf': 'H1', 'parent_sid': 0, 'parent_cycle_id': 1, 'structure_path_id': 'H1.main >> M15.confluence', 'sub_sid': 1, 'started_by': 'reversal', 'start_trigger_idx': 2829}"
2649,STATE,STATE_CHANGED,,"{'from': 'none', 'to': 'breakout', 'structure_id': 0, 'struct_direction': -1, 'reason': 'breakout_pattern', 'pat': 'continuous', 'effective_idx': 60, 'timeframe': 'M15', 'use_case': 'reversal', 'parent_tf': 'H1', 'parent_sid': 0, 'parent_cycle_id': 1, 'structure_path_id': 'H1.main >> M15.confluence', 'sub_sid': 1, 'started_by': 'reversal', 'start_trigger_idx': 2829}"
2650,STRUCTURE,CTS_UPDATED,0.58383,"{'via': 'replay_raw', 'cycle_id': 0, 'structure_id': 0, 'struct_direction': -1, 'timeframe': 'M15', 'use_case': 'reversal', 'parent_tf': 'H1', 'parent_sid': 0, 'parent_cycle_id': 1, 'structure_path_id': 'H1.main >> M15.confluence', 'sub_sid': 1, 'started_by': 'reversal', 'start_trigger_idx': 2829}"
2651,STRUCTURE,CTS_UPDATED,0.58354,"{'via': 'replay_raw', 'cycle_id': 0, 'structure_id': 0, 'struct_direction': -1, 'timeframe': 'M15', 'use_case': 'reversal', 'parent_tf': 'H1', 'parent_sid': 0, 'parent_cycle_id': 1, 'structure_path_id': 'H1.main >> M15.confluence', 'sub_sid': 1, 'started_by': 'reversal', 'start_trigger_idx': 2829}"
2653,STRUCTURE,CTS_UPDATED,0.58352,"{'via': 'replay_raw', 'cycle_id': 0, 'structure_id': 0, 'struct_direction': -1, 'timeframe': 'M15', 'use_case': 'reversal', 'parent_tf': 'H1', 'parent_sid': 0, 'parent_cycle_id': 1, 'structure_path_id': 'H1.main >> M15.confluence', 'sub_sid': 1, 'started_by': 'reversal', 'start_trigger_idx': 2829}"
2654,RANGE,RANGE_STARTED,,"{'start_idx': 63, 'confirm_idx': 65, 'hi': 0.58382, 'lo': 0.58352, 'cts_idx': 64, 'cts_price': 0.58352, 'structure_id': 0, 'struct_direction': -1, 'timeframe': 'M15', 'use_case': 'reversal', 'parent_tf': 'H1', 'parent_sid': 0, 'parent_cycle_id': 1, 'structure_path_id': 'H1.main >> M15.confluence', 'sub_sid': 1, 'started_by': 'reversal', 'start_trigger_idx': 2829}"
2654,STATE,STATE_CHANGED,,"{'from': 'breakout', 'to': 'range', 'structure_id': 0, 'struct_direction': -1, 'reason': 'range_confirmed', 'effective_idx': 63, 'timeframe': 'M15', 'use_case': 'reversal', 'parent_tf': 'H1', 'parent_sid': 0, 'parent_cycle_id': 1, 'structure_path_id': 'H1.main >> M15.confluence', 'sub_sid': 1, 'started_by': 'reversal', 'start_trigger_idx': 2829}"
2653,RANGE,RANGE_UPDATED,,"{'hi': 0.58385, 'lo': 0.58352, 'structure_id': 0, 'struct_direction': -1, 'timeframe': 'M15', 'use_case': 'reversal', 'parent_tf': 'H1', 'parent_sid': 0, 'parent_cycle_id': 1, 'structure_path_id': 'H1.main >> M15.confluence', 'sub_sid': 1, 'started_by': 'reversal', 'start_trigger_idx': 2829}"
2654,RANGE,RANGE_UPDATED,,"{'hi': 0.5839, 'lo': 0.58337, 'structure_id': 0, 'struct_direction': -1, 'timeframe': 'M15', 'use_case': 'reversal', 'parent_tf': 'H1', 'parent_sid': 0, 'parent_cycle_id': 1, 'structure_path_id': 'H1.main >> M15.confluence', 'sub_sid': 1, 'started_by': 'reversal', 'start_trigger_idx': 2829}"
2654,STRUCTURE,CTS_UPDATED,0.58337,"{'via': 'replay_raw', 'cycle_id': 0, 'structure_id': 0, 'struct_direction': -1, 'timeframe': 'M15', 'use_case': 'reversal', 'parent_tf': 'H1', 'parent_sid': 0, 'parent_cycle_id': 1, 'structure_path_id': 'H1.main >> M15.confluence', 'sub_sid': 1, 'started_by': 'reversal', 'start_trigger_idx': 2829}"
2658,RANGE,RANGE_UPDATED,,"{'hi': 0.58398, 'lo': 0.58334, 'structure_id': 0, 'struct_direction': -1, 'timeframe': 'M15', 'use_case': 'reversal', 'parent_tf': 'H1', 'parent_sid': 0, 'parent_cycle_id': 1, 'structure_path_id': 'H1.main >> M15.confluence', 'sub_sid': 1, 'started_by': 'reversal', 'start_trigger_idx': 2829}"
2658,STRUCTURE,CTS_UPDATED,0.58334,"{'via': 'replay_raw', 'cycle_id': 0, 'structure_id': 0, 'struct_direction': -1, 'timeframe': 'M15', 'use_case': 'reversal', 'parent_tf': 'H1', 'parent_sid': 0, 'parent_cycle_id': 1, 'structure_path_id': 'H1.main >> M15.confluence', 'sub_sid': 1, 'started_by': 'reversal', 'start_trigger_idx': 2829}"
2660,RANGE,RANGE_UPDATED,,"{'hi': 0.58414, 'lo': 0.58334, 'structure_id': 0, 'struct_direction': -1, 'timeframe': 'M15', 'use_case': 'reversal', 'parent_tf': 'H1', 'parent_sid': 0, 'parent_cycle_id': 1, 'structure_path_id': 'H1.main >> M15.confluence', 'sub_sid': 1, 'started_by': 'reversal', 'start_trigger_idx': 2829}"
2661,RANGE,RANGE_UPDATED,,"{'hi': 0.58426, 'lo': 0.58334, 'structure_id': 0, 'struct_direction': -1, 'timeframe': 'M15', 'use_case': 'reversal', 'parent_tf': 'H1', 'parent_sid': 0, 'parent_cycle_id': 1, 'structure_path_id': 'H1.main >> M15.confluence', 'sub_sid': 1, 'started_by': 'reversal', 'start_trigger_idx': 2829}"
2663,RANGE,RANGE_UPDATED,,"{'hi': 0.58426, 'lo': 0.58329, 'structure_id': 0, 'struct_direction': -1, 'timeframe': 'M15', 'use_case': 'reversal', 'parent_tf': 'H1', 'parent_sid': 0, 'parent_cycle_id': 1, 'structure_path_id': 'H1.main >> M15.confluence', 'sub_sid': 1, 'started_by': 'reversal', 'start_trigger_idx': 2829}"
2663,STRUCTURE,CTS_UPDATED,0.58329,"{'via': 'replay_raw', 'cycle_id': 0, 'structure_id': 0, 'struct_direction': -1, 'timeframe': 'M15', 'use_case': 'reversal', 'parent_tf': 'H1', 'parent_sid': 0, 'parent_cycle_id': 1, 'structure_path_id': 'H1.main >> M15.confluence', 'sub_sid': 1, 'started_by': 'reversal', 'start_trigger_idx': 2829}"
2667,RANGE,RANGE_UPDATED,,"{'hi': 0.58426, 'lo': 0.58324, 'structure_id': 0, 'struct_direction': -1, 'timeframe': 'M15', 'use_case': 'reversal', 'parent_tf': 'H1', 'parent_sid': 0, 'parent_cycle_id': 1, 'structure_path_id': 'H1.main >> M15.confluence', 'sub_sid': 1, 'started_by': 'reversal', 'start_trigger_idx': 2829}"
2667,STRUCTURE,CTS_UPDATED,0.58324,"{'via': 'replay_raw', 'cycle_id': 0, 'structure_id': 0, 'struct_direction': -1, 'timeframe': 'M15', 'use_case': 'reversal', 'parent_tf': 'H1', 'parent_sid': 0, 'parent_cycle_id': 1, 'structure_path_id': 'H1.main >> M15.confluence', 'sub_sid': 1, 'started_by': 'reversal', 'start_trigger_idx': 2829}"
2672,RANGE,RANGE_UPDATED,,"{'hi': 0.58426, 'lo': 0.58307, 'structure_id': 0, 'struct_direction': -1, 'timeframe': 'M15', 'use_case': 'reversal', 'parent_tf': 'H1', 'parent_sid': 0, 'parent_cycle_id': 1, 'structure_path_id': 'H1.main >> M15.confluence', 'sub_sid': 1, 'started_by': 'reversal', 'start_trigger_idx': 2829}"
2672,STRUCTURE,CTS_UPDATED,0.58307,"{'via': 'replay_raw', 'cycle_id': 0, 'structure_id': 0, 'struct_direction': -1, 'timeframe': 'M15', 'use_case': 'reversal', 'parent_tf': 'H1', 'parent_sid': 0, 'parent_cycle_id': 1, 'structure_path_id': 'H1.main >> M15.confluence', 'sub_sid': 1, 'started_by': 'reversal', 'start_trigger_idx': 2829}"
2716,RANGE,RANGE_UPDATED,,"{'hi': 0.58426, 'lo': 0.58298, 'structure_id': 0, 'struct_direction': -1, 'timeframe': 'M15', 'use_case': 'reversal', 'parent_tf': 'H1', 'parent_sid': 0, 'parent_cycle_id': 1, 'structure_path_id': 'H1.main >> M15.confluence', 'sub_sid': 1, 'started_by': 'reversal', 'start_trigger_idx': 2829}"
2716,STRUCTURE,CTS_UPDATED,0.58298,"{'via': 'replay_raw', 'cycle_id': 0, 'structure_id': 0, 'struct_direction': -1, 'timeframe': 'M15', 'use_case': 'reversal', 'parent_tf': 'H1', 'parent_sid': 0, 'parent_cycle_id': 1, 'structure_path_id': 'H1.main >> M15.confluence', 'sub_sid': 1, 'started_by': 'reversal', 'start_trigger_idx': 2829}"
2717,RANGE,RANGE_UPDATED,,"{'hi': 0.58426, 'lo': 0.58294, 'structure_id': 0, 'struct_direction': -1, 'timeframe': 'M15', 'use_case': 'reversal', 'parent_tf': 'H1', 'parent_sid': 0, 'parent_cycle_id': 1, 'structure_path_id': 'H1.main >> M15.confluence', 'sub_sid': 1, 'started_by': 'reversal', 'start_trigger_idx': 2829}"
2717,STRUCTURE,CTS_UPDATED,0.58294,"{'via': 'replay_raw', 'cycle_id': 0, 'structure_id': 0, 'struct_direction': -1, 'timeframe': 'M15', 'use_case': 'reversal', 'parent_tf': 'H1', 'parent_sid': 0, 'parent_cycle_id': 1, 'structure_path_id': 'H1.main >> M15.confluence', 'sub_sid': 1, 'started_by': 'reversal', 'start_trigger_idx': 2829}"
2722,RANGE,RANGE_UPDATED,,"{'hi': 0.58426, 'lo': 0.58288, 'structure_id': 0, 'struct_direction': -1, 'timeframe': 'M15', 'use_case': 'reversal', 'parent_tf': 'H1', 'parent_sid': 0, 'parent_cycle_id': 1, 'structure_path_id': 'H1.main >> M15.confluence', 'sub_sid': 1, 'started_by': 'reversal', 'start_trigger_idx': 2829}"
2722,STRUCTURE,CTS_UPDATED,0.58288,"{'via': 'replay_raw', 'cycle_id': 0, 'structure_id': 0, 'struct_direction': -1, 'timeframe': 'M15', 'use_case': 'reversal', 'parent_tf': 'H1', 'parent_sid': 0, 'parent_cycle_id': 1, 'structure_path_id': 'H1.main >> M15.confluence', 'sub_sid': 1, 'started_by': 'reversal', 'start_trigger_idx': 2829}"
2723,RANGE,RANGE_UPDATED,,"{'hi': 0.58426, 'lo': 0.58276, 'structure_id': 0, 'struct_direction': -1, 'timeframe': 'M15', 'use_case': 'reversal', 'parent_tf': 'H1', 'parent_sid': 0, 'parent_cycle_id': 1, 'structure_path_id': 'H1.main >> M15.confluence', 'sub_sid': 1, 'started_by': 'reversal', 'start_trigger_idx': 2829}"
2723,STRUCTURE,CTS_UPDATED,0.58276,"{'via': 'replay_raw', 'cycle_id': 0, 'structure_id': 0, 'struct_direction': -1, 'timeframe': 'M15', 'use_case': 'reversal', 'parent_tf': 'H1', 'parent_sid': 0, 'parent_cycle_id': 1, 'structure_path_id': 'H1.main >> M15.confluence', 'sub_sid': 1, 'started_by': 'reversal', 'start_trigger_idx': 2829}"
2724,STRUCTURE,CTS_UPDATED,0.58255,"{'via': 'replay_raw', 'cycle_id': 0, 'structure_id': 0, 'struct_direction': -1, 'timeframe': 'M15', 'use_case': 'reversal', 'parent_tf': 'H1', 'parent_sid': 0, 'parent_cycle_id': 1, 'structure_path_id': 'H1.main >> M15.confluence', 'sub_sid': 1, 'started_by': 'reversal', 'start_trigger_idx': 2829}"
2725,STRUCTURE,CTS_UPDATED,0.58242,"{'via': 'replay_raw', 'cycle_id': 0, 'structure_id': 0, 'struct_direction': -1, 'timeframe': 'M15', 'use_case': 'reversal', 'parent_tf': 'H1', 'parent_sid': 0, 'parent_cycle_id': 1, 'structure_path_id': 'H1.main >> M15.confluence', 'sub_sid': 1, 'started_by': 'reversal', 'start_trigger_idx': 2829}"
2726,RANGE,RANGE_RESET,,"{'reason': 'range_breakout', 'pat': 'continuous', 'structure_id': 0, 'struct_direction': -1, 'timeframe': 'M15', 'use_case': 'reversal', 'parent_tf': 'H1', 'parent_sid': 0, 'parent_cycle_id': 1, 'structure_path_id': 'H1.main >> M15.confluence', 'sub_sid': 1, 'started_by': 'reversal', 'start_trigger_idx': 2829}"
2726,STRUCTURE,CTS_UPDATED,0.58223,"{'via': 'continuous', 'cycle_id': 0, 'structure_id': 0, 'struct_direction': -1, 'timeframe': 'M15', 'use_case': 'reversal', 'parent_tf': 'H1', 'parent_sid': 0, 'parent_cycle_id': 1, 'structure_path_id': 'H1.main >> M15.confluence', 'sub_sid': 1, 'started_by': 'reversal', 'start_trigger_idx': 2829}"
2726,STATE,STATE_CHANGED,,"{'from': 'range', 'to': 'breakout', 'structure_id': 0, 'struct_direction': -1, 'reason': 'breakout_pattern', 'pat': 'continuous', 'effective_idx': 137, 'timeframe': 'M15', 'use_case': 'reversal', 'parent_tf': 'H1', 'parent_sid': 0, 'parent_cycle_id': 1, 'structure_path_id': 'H1.main >> M15.confluence', 'sub_sid': 1, 'started_by': 'reversal', 'start_trigger_idx': 2829}"
2727,STRUCTURE,CTS_UPDATED,0.5822,"{'via': 'replay_raw', 'cycle_id': 0, 'structure_id': 0, 'struct_direction': -1, 'timeframe': 'M15', 'use_case': 'reversal', 'parent_tf': 'H1', 'parent_sid': 0, 'parent_cycle_id': 1, 'structure_path_id': 'H1.main >> M15.confluence', 'sub_sid': 1, 'started_by': 'reversal', 'start_trigger_idx': 2829}"
2728,STRUCTURE,CTS_UPDATED,0.58216,"{'via': 'replay_raw', 'cycle_id': 0, 'structure_id': 0, 'struct_direction': -1, 'timeframe': 'M15', 'use_case': 'reversal', 'parent_tf': 'H1', 'parent_sid': 0, 'parent_cycle_id': 1, 'structure_path_id': 'H1.main >> M15.confluence', 'sub_sid': 1, 'started_by': 'reversal', 'start_trigger_idx': 2829}"
2729,RANGE,RANGE_STARTED,,"{'start_idx': 138, 'confirm_idx': 140, 'hi': 0.5827, 'lo': 0.58216, 'cts_idx': 139, 'cts_price': 0.58216, 'structure_id': 0, 'struct_direction': -1, 'timeframe': 'M15', 'use_case': 'reversal', 'parent_tf': 'H1', 'parent_sid': 0, 'parent_cycle_id': 1, 'structure_path_id': 'H1.main >> M15.confluence', 'sub_sid': 1, 'started_by': 'reversal', 'start_trigger_idx': 2829}"
2729,STATE,STATE_CHANGED,,"{'from': 'breakout', 'to': 'range', 'structure_id': 0, 'struct_direction': -1, 'reason': 'range_confirmed', 'effective_idx': 138, 'timeframe': 'M15', 'use_case': 'reversal', 'parent_tf': 'H1', 'parent_sid': 0, 'parent_cycle_id': 1, 'structure_path_id': 'H1.main >> M15.confluence', 'sub_sid': 1, 'started_by': 'reversal', 'start_trigger_idx': 2829}"
2730,RANGE,RANGE_UPDATED,,"{'hi': 0.5827, 'lo': 0.58211, 'structure_id': 0, 'struct_direction': -1, 'timeframe': 'M15', 'use_case': 'reversal', 'parent_tf': 'H1', 'parent_sid': 0, 'parent_cycle_id': 1, 'structure_path_id': 'H1.main >> M15.confluence', 'sub_sid': 1, 'started_by': 'reversal', 'start_trigger_idx': 2829}"
2730,STRUCTURE,CTS_UPDATED,0.58211,"{'via': 'replay_raw', 'cycle_id': 0, 'structure_id': 0, 'struct_direction': -1, 'timeframe': 'M15', 'use_case': 'reversal', 'parent_tf': 'H1', 'parent_sid': 0, 'parent_cycle_id': 1, 'structure_path_id': 'H1.main >> M15.confluence', 'sub_sid': 1, 'started_by': 'reversal', 'start_trigger_idx': 2829}"
2732,RANGE,RANGE_UPDATED,,"{'hi': 0.5827, 'lo': 0.58207, 'structure_id': 0, 'struct_direction': -1, 'timeframe': 'M15', 'use_case': 'reversal', 'parent_tf': 'H1', 'parent_sid': 0, 'parent_cycle_id': 1, 'structure_path_id': 'H1.main >> M15.confluence', 'sub_sid': 1, 'started_by': 'reversal', 'start_trigger_idx': 2829}"
2732,STRUCTURE,CTS_UPDATED,0.58207,"{'via': 'replay_raw', 'cycle_id': 0, 'structure_id': 0, 'struct_direction': -1, 'timeframe': 'M15', 'use_case': 'reversal', 'parent_tf': 'H1', 'parent_sid': 0, 'parent_cycle_id': 1, 'structure_path_id': 'H1.main >> M15.confluence', 'sub_sid': 1, 'started_by': 'reversal', 'start_trigger_idx': 2829}"
2733,RANGE,RANGE_UPDATED,,"{'hi': 0.5827, 'lo': 0.58193, 'structure_id': 0, 'struct_direction': -1, 'timeframe': 'M15', 'use_case': 'reversal', 'parent_tf': 'H1', 'parent_sid': 0, 'parent_cycle_id': 1, 'structure_path_id': 'H1.main >> M15.confluence', 'sub_sid': 1, 'started_by': 'reversal', 'start_trigger_idx': 2829}"
2733,STRUCTURE,CTS_UPDATED,0.58193,"{'via': 'replay_raw', 'cycle_id': 0, 'structure_id': 0, 'struct_direction': -1, 'timeframe': 'M15', 'use_case': 'reversal', 'parent_tf': 'H1', 'parent_sid': 0, 'parent_cycle_id': 1, 'structure_path_id': 'H1.main >> M15.confluence', 'sub_sid': 1, 'started_by': 'reversal', 'start_trigger_idx': 2829}"
2734,RANGE,RANGE_UPDATED,,"{'hi': 0.5827, 'lo': 0.5819, 'structure_id': 0, 'struct_direction': -1, 'timeframe': 'M15', 'use_case': 'reversal', 'parent_tf': 'H1', 'parent_sid': 0, 'parent_cycle_id': 1, 'structure_path_id': 'H1.main >> M15.confluence', 'sub_sid': 1, 'started_by': 'reversal', 'start_trigger_idx': 2829}"
2734,STRUCTURE,CTS_UPDATED,0.5819,"{'via': 'replay_raw', 'cycle_id': 0, 'structure_id': 0, 'struct_direction': -1, 'timeframe': 'M15', 'use_case': 'reversal', 'parent_tf': 'H1', 'parent_sid': 0, 'parent_cycle_id': 1, 'structure_path_id': 'H1.main >> M15.confluence', 'sub_sid': 1, 'started_by': 'reversal', 'start_trigger_idx': 2829}"
2736,RANGE,RANGE_UPDATED,,"{'hi': 0.5827, 'lo': 0.5818, 'structure_id': 0, 'struct_direction': -1, 'timeframe': 'M15', 'use_case': 'reversal', 'parent_tf': 'H1', 'parent_sid': 0, 'parent_cycle_id': 1, 'structure_path_id': 'H1.main >> M15.confluence', 'sub_sid': 1, 'started_by': 'reversal', 'start_trigger_idx': 2829}"
2736,STRUCTURE,CTS_UPDATED,0.5818,"{'via': 'replay_raw', 'cycle_id': 0, 'structure_id': 0, 'struct_direction': -1, 'timeframe': 'M15', 'use_case': 'reversal', 'parent_tf': 'H1', 'parent_sid': 0, 'parent_cycle_id': 1, 'structure_path_id': 'H1.main >> M15.confluence', 'sub_sid': 1, 'started_by': 'reversal', 'start_trigger_idx': 2829}"
2752,RANGE,RANGE_UPDATED,,"{'reason': 'pullback_expand', 'hi': 0.58327, 'lo': 0.5818, 'pat': 'one_maru_continuous', 'structure_id': 0, 'struct_direction': -1, 'timeframe': 'M15', 'use_case': 'reversal', 'parent_tf': 'H1', 'parent_sid': 0, 'parent_cycle_id': 1, 'structure_path_id': 'H1.main >> M15.confluence', 'sub_sid': 1, 'started_by': 'reversal', 'start_trigger_idx': 2829}"
2752,STRUCTURE,CTS_CONFIRMED,0.5818,"{'via': 'one_maru_continuous', 'cycle_id': 0, 'structure_id': 0, 'struct_direction': -1, 'confirmed_at': 2752, 'cts_anchor_idx': 2736, 'confirmation_method': 'pullback', 'timeframe': 'M15', 'use_case': 'reversal', 'parent_tf': 'H1', 'parent_sid': 0, 'parent_cycle_id': 1, 'structure_path_id': 'H1.main >> M15.confluence', 'sub_sid': 1, 'started_by': 'reversal', 'start_trigger_idx': 2829}"
2752,STATE,STATE_CHANGED,,"{'from': 'range', 'to': 'pullback', 'structure_id': 0, 'struct_direction': -1, 'reason': 'pullback_pattern', 'pat': 'one_maru_continuous', 'effective_idx': 163, 'timeframe': 'M15', 'use_case': 'reversal', 'parent_tf': 'H1', 'parent_sid': 0, 'parent_cycle_id': 1, 'structure_path_id': 'H1.main >> M15.confluence', 'sub_sid': 1, 'started_by': 'reversal', 'start_trigger_idx': 2829}"
2752,RANGE,RANGE_UPDATED,,"{'hi': 0.58355, 'lo': 0.5818, 'structure_id': 0, 'struct_direction': -1, 'timeframe': 'M15', 'use_case': 'reversal', 'parent_tf': 'H1', 'parent_sid': 0, 'parent_cycle_id': 1, 'structure_path_id': 'H1.main >> M15.confluence', 'sub_sid': 1, 'started_by': 'reversal', 'start_trigger_idx': 2829}"
2753,RANGE,RANGE_UPDATED,,"{'hi': 0.58366, 'lo': 0.5818, 'structure_id': 0, 'struct_direction': -1, 'timeframe': 'M15', 'use_case': 'reversal', 'parent_tf': 'H1', 'parent_sid': 0, 'parent_cycle_id': 1, 'structure_path_id': 'H1.main >> M15.confluence', 'sub_sid': 1, 'started_by': 'reversal', 'start_trigger_idx': 2829}"
2754,RANGE,RANGE_UPDATED,,"{'hi': 0.5837, 'lo': 0.5818, 'structure_id': 0, 'struct_direction': -1, 'timeframe': 'M15', 'use_case': 'reversal', 'parent_tf': 'H1', 'parent_sid': 0, 'parent_cycle_id': 1, 'structure_path_id': 'H1.main >> M15.confluence', 'sub_sid': 1, 'started_by': 'reversal', 'start_trigger_idx': 2829}"
2755,STATE,STATE_CHANGED,,"{'from': 'pullback', 'to': 'pullback_range', 'structure_id': 0, 'struct_direction': -1, 'reason': 'replay_no_expand_pullback_side', 'effective_idx': 166, 'timeframe': 'M15', 'use_case': 'reversal', 'parent_tf': 'H1', 'parent_sid': 0, 'parent_cycle_id': 1, 'structure_path_id': 'H1.main >> M15.confluence', 'sub_sid': 1, 'started_by': 'reversal', 'start_trigger_idx': 2829}"
2756,RANGE,RANGE_UPDATED,,"{'hi': 0.58383, 'lo': 0.5818, 'structure_id': 0, 'struct_direction': -1, 'timeframe': 'M15', 'use_case': 'reversal', 'parent_tf': 'H1', 'parent_sid': 0, 'parent_cycle_id': 1, 'structure_path_id': 'H1.main >> M15.confluence', 'sub_sid': 1, 'started_by': 'reversal', 'start_trigger_idx': 2829}"
2756,STATE,STATE_CHANGED,,"{'from': 'pullback_range', 'to': 'pullback', 'structure_id': 0, 'struct_direction': -1, 'reason': 'replay_expand_pullback_side', 'effective_idx': 167, 'timeframe': 'M15', 'use_case': 'reversal', 'parent_tf': 'H1', 'parent_sid': 0, 'parent_cycle_id': 1, 'structure_path_id': 'H1.main >> M15.confluence', 'sub_sid': 1, 'started_by': 'reversal', 'start_trigger_idx': 2829}"
2757,RANGE,RANGE_UPDATED,,"{'hi': 0.58422, 'lo': 0.5818, 'structure_id': 0, 'struct_direction': -1, 'timeframe': 'M15', 'use_case': 'reversal', 'parent_tf': 'H1', 'parent_sid': 0, 'parent_cycle_id': 1, 'structure_path_id': 'H1.main >> M15.confluence', 'sub_sid': 1, 'started_by': 'reversal', 'start_trigger_idx': 2829}"
2758,RANGE,RANGE_UPDATED,,"{'hi': 0.58424, 'lo': 0.5818, 'structure_id': 0, 'struct_direction': -1, 'timeframe': 'M15', 'use_case': 'reversal', 'parent_tf': 'H1', 'parent_sid': 0, 'parent_cycle_id': 1, 'structure_path_id': 'H1.main >> M15.confluence', 'sub_sid': 1, 'started_by': 'reversal', 'start_trigger_idx': 2829}"
2759,STATE,STATE_CHANGED,,"{'from': 'pullback', 'to': 'pullback_range', 'structure_id': 0, 'struct_direction': -1, 'reason': 'replay_no_expand_pullback_side', 'effective_idx': 170, 'timeframe': 'M15', 'use_case': 'reversal', 'parent_tf': 'H1', 'parent_sid': 0, 'parent_cycle_id': 1, 'structure_path_id': 'H1.main >> M15.confluence', 'sub_sid': 1, 'started_by': 'reversal', 'start_trigger_idx': 2829}"
2816,RANGE,RANGE_UPDATED,,"{'hi': 0.58424, 'lo': 0.58178, 'structure_id': 0, 'struct_direction': -1, 'timeframe': 'M15', 'use_case': 'reversal', 'parent_tf': 'H1', 'parent_sid': 0, 'parent_cycle_id': 1, 'structure_path_id': 'H1.main >> M15.confluence', 'sub_sid': 1, 'started_by': 'reversal', 'start_trigger_idx': 2829}"
2816,STRUCTURE,CTS_THRESHOLD_UPDATED,0.58178,"{'prev': 0.5818, 'reason': 'range_sync', 'cycle_id': 0, 'structure_id': 0, 'struct_direction': -1, 'timeframe': 'M15', 'use_case': 'reversal', 'parent_tf': 'H1', 'parent_sid': 0, 'parent_cycle_id': 1, 'structure_path_id': 'H1.main >> M15.confluence', 'sub_sid': 1, 'started_by': 'reversal', 'start_trigger_idx': 2829}"
2817,RANGE,RANGE_UPDATED,,"{'hi': 0.58424, 'lo': 0.58166, 'structure_id': 0, 'struct_direction': -1, 'timeframe': 'M15', 'use_case': 'reversal', 'parent_tf': 'H1', 'parent_sid': 0, 'parent_cycle_id': 1, 'structure_path_id': 'H1.main >> M15.confluence', 'sub_sid': 1, 'started_by': 'reversal', 'start_trigger_idx': 2829}"
2817,STRUCTURE,CTS_THRESHOLD_UPDATED,0.58166,"{'prev': 0.58178, 'reason': 'range_sync', 'cycle_id': 0, 'structure_id': 0, 'struct_direction': -1, 'timeframe': 'M15', 'use_case': 'reversal', 'parent_tf': 'H1', 'parent_sid': 0, 'parent_cycle_id': 1, 'structure_path_id': 'H1.main >> M15.confluence', 'sub_sid': 1, 'started_by': 'reversal', 'start_trigger_idx': 2829}"
2820,RANGE,RANGE_UPDATED,,"{'hi': 0.58424, 'lo': 0.58156, 'structure_id': 0, 'struct_direction': -1, 'timeframe': 'M15', 'use_case': 'reversal', 'parent_tf': 'H1', 'parent_sid': 0, 'parent_cycle_id': 1, 'structure_path_id': 'H1.main >> M15.confluence', 'sub_sid': 1, 'started_by': 'reversal', 'start_trigger_idx': 2829}"
2820,STRUCTURE,CTS_THRESHOLD_UPDATED,0.58156,"{'prev': 0.58166, 'reason': 'range_sync', 'cycle_id': 0, 'structure_id': 0, 'struct_direction': -1, 'timeframe': 'M15', 'use_case': 'reversal', 'parent_tf': 'H1', 'parent_sid': 0, 'parent_cycle_id': 1, 'structure_path_id': 'H1.main >> M15.confluence', 'sub_sid': 1, 'started_by': 'reversal', 'start_trigger_idx': 2829}"
2829,RANGE,RANGE_RESET,,"{'reason': 'range_breakout', 'pat': 'one_maru_opposite', 'structure_id': 0, 'struct_direction': -1, 'timeframe': 'M15', 'use_case': 'reversal', 'parent_tf': 'H1', 'parent_sid': 0, 'parent_cycle_id': 1, 'structure_path_id': 'H1.main >> M15.confluence', 'sub_sid': 1, 'started_by': 'reversal', 'start_trigger_idx': 2829}"
2828,STRUCTURE,CTS_ESTABLISHED,0.5803,"{'via': 'one_maru_opposite', 'anchor_idx': 2824, 'pattern_name': 'one_maru_opposite', 'confirmed_at': 2829, 'cycle_id': 1, 'structure_id': 0, 'struct_direction': -1, 'timeframe': 'M15', 'use_case': 'reversal', 'parent_tf': 'H1', 'parent_sid': 0, 'parent_cycle_id': 1, 'structure_path_id': 'H1.main >> M15.confluence', 'sub_sid': 1, 'started_by': 'reversal', 'start_trigger_idx': 2829}"
2758,STRUCTURE,BOS_CONFIRMED,0.58424,"{'source': 'pullback_extreme', 'confirmed_at': 2829, 'pb_start': 163, 'cycle_id': 1, 'structure_id': 0, 'struct_direction': -1, 'timeframe': 'M15', 'use_case': 'reversal', 'parent_tf': 'H1', 'parent_sid': 0, 'parent_cycle_id': 1, 'structure_path_id': 'H1.main >> M15.confluence', 'sub_sid': 1, 'started_by': 'reversal', 'start_trigger_idx': 2829}"
2829,STATE,STATE_CHANGED,,"{'from': 'pullback_range', 'to': 'breakout', 'structure_id': 0, 'struct_direction': -1, 'reason': 'breakout_pattern', 'pat': 'one_maru_opposite', 'effective_idx': 240, 'timeframe': 'M15', 'use_case': 'reversal', 'parent_tf': 'H1', 'parent_sid': 0, 'parent_cycle_id': 1, 'structure_path_id': 'H1.main >> M15.confluence', 'sub_sid': 1, 'started_by': 'reversal', 'start_trigger_idx': 2829}"
2832,RANGE,RANGE_STARTED,,"{'start_idx': 241, 'confirm_idx': 243, 'hi': 0.58112, 'lo': 0.5803, 'cts_idx': 239, 'cts_price': 0.5803, 'structure_id': 0, 'struct_direction': -1, 'timeframe': 'M15', 'use_case': 'reversal', 'parent_tf': 'H1', 'parent_sid': 0, 'parent_cycle_id': 1, 'structure_path_id': 'H1.main >> M15.confluence', 'sub_sid': 1, 'started_by': 'reversal', 'start_trigger_idx': 2829}"
2832,STATE,STATE_CHANGED,,"{'from': 'breakout', 'to': 'range', 'structure_id': 0, 'struct_direction': -1, 'reason': 'range_confirmed', 'effective_idx': 241, 'timeframe': 'M15', 'use_case': 'reversal', 'parent_tf': 'H1', 'parent_sid': 0, 'parent_cycle_id': 1, 'structure_path_id': 'H1.main >> M15.confluence', 'sub_sid': 1, 'started_by': 'reversal', 'start_trigger_idx': 2829}"
2836,RANGE,RANGE_UPDATED,,"{'hi': 0.58112, 'lo': 0.57996, 'structure_id': 0, 'struct_direction': -1, 'timeframe': 'M15', 'use_case': 'reversal', 'parent_tf': 'H1', 'parent_sid': 0, 'parent_cycle_id': 1, 'structure_path_id': 'H1.main >> M15.confluence', 'sub_sid': 1, 'started_by': 'reversal', 'start_trigger_idx': 2829}"
2836,STRUCTURE,CTS_UPDATED,0.57996,"{'via': 'replay_raw', 'cycle_id': 1, 'structure_id': 0, 'struct_direction': -1, 'timeframe': 'M15', 'use_case': 'reversal', 'parent_tf': 'H1', 'parent_sid': 0, 'parent_cycle_id': 1, 'structure_path_id': 'H1.main >> M15.confluence', 'sub_sid': 1, 'started_by': 'reversal', 'start_trigger_idx': 2829}"
2837,RANGE,RANGE_UPDATED,,"{'hi': 0.58112, 'lo': 0.5799, 'structure_id': 0, 'struct_direction': -1, 'timeframe': 'M15', 'use_case': 'reversal', 'parent_tf': 'H1', 'parent_sid': 0, 'parent_cycle_id': 1, 'structure_path_id': 'H1.main >> M15.confluence', 'sub_sid': 1, 'started_by': 'reversal', 'start_trigger_idx': 2829}"
2837,STRUCTURE,CTS_UPDATED,0.5799,"{'via': 'replay_raw', 'cycle_id': 1, 'structure_id': 0, 'struct_direction': -1, 'timeframe': 'M15', 'use_case': 'reversal', 'parent_tf': 'H1', 'parent_sid': 0, 'parent_cycle_id': 1, 'structure_path_id': 'H1.main >> M15.confluence', 'sub_sid': 1, 'started_by': 'reversal', 'start_trigger_idx': 2829}"
2838,RANGE,RANGE_UPDATED,,"{'hi': 0.58112, 'lo': 0.57989, 'structure_id': 0, 'struct_direction': -1, 'timeframe': 'M15', 'use_case': 'reversal', 'parent_tf': 'H1', 'parent_sid': 0, 'parent_cycle_id': 1, 'structure_path_id': 'H1.main >> M15.confluence', 'sub_sid': 1, 'started_by': 'reversal', 'start_trigger_idx': 2829}"
2838,STRUCTURE,CTS_UPDATED,0.57989,"{'via': 'replay_raw', 'cycle_id': 1, 'structure_id': 0, 'struct_direction': -1, 'timeframe': 'M15', 'use_case': 'reversal', 'parent_tf': 'H1', 'parent_sid': 0, 'parent_cycle_id': 1, 'structure_path_id': 'H1.main >> M15.confluence', 'sub_sid': 1, 'started_by': 'reversal', 'start_trigger_idx': 2829}"
2840,STRUCTURE,CTS_UPDATED,0.57966,"{'via': 'replay_raw', 'cycle_id': 1, 'structure_id': 0, 'struct_direction': -1, 'timeframe': 'M15', 'use_case': 'reversal', 'parent_tf': 'H1', 'parent_sid': 0, 'parent_cycle_id': 1, 'structure_path_id': 'H1.main >> M15.confluence', 'sub_sid': 1, 'started_by': 'reversal', 'start_trigger_idx': 2829}"
2841,STRUCTURE,CTS_UPDATED,0.57907,"{'via': 'replay_raw', 'cycle_id': 1, 'structure_id': 0, 'struct_direction': -1, 'timeframe': 'M15', 'use_case': 'reversal', 'parent_tf': 'H1', 'parent_sid': 0, 'parent_cycle_id': 1, 'structure_path_id': 'H1.main >> M15.confluence', 'sub_sid': 1, 'started_by': 'reversal', 'start_trigger_idx': 2829}"
2842,RANGE,RANGE_RESET,,"{'reason': 'range_breakout', 'pat': 'one_maru_continuous', 'structure_id': 0, 'struct_direction': -1, 'timeframe': 'M15', 'use_case': 'reversal', 'parent_tf': 'H1', 'parent_sid': 0, 'parent_cycle_id': 1, 'structure_path_id': 'H1.main >> M15.confluence', 'sub_sid': 1, 'started_by': 'reversal', 'start_trigger_idx': 2829}"
2842,STRUCTURE,CTS_UPDATED,0.57902,"{'via': 'one_maru_continuous', 'cycle_id': 1, 'structure_id': 0, 'struct_direction': -1, 'timeframe': 'M15', 'use_case': 'reversal', 'parent_tf': 'H1', 'parent_sid': 0, 'parent_cycle_id': 1, 'structure_path_id': 'H1.main >> M15.confluence', 'sub_sid': 1, 'started_by': 'reversal', 'start_trigger_idx': 2829}"
2842,STATE,STATE_CHANGED,,"{'from': 'range', 'to': 'breakout', 'structure_id': 0, 'struct_direction': -1, 'reason': 'breakout_pattern', 'pat': 'one_maru_continuous', 'effective_idx': 253, 'timeframe': 'M15', 'use_case': 'reversal', 'parent_tf': 'H1', 'parent_sid': 0, 'parent_cycle_id': 1, 'structure_path_id': 'H1.main >> M15.confluence', 'sub_sid': 1, 'started_by': 'reversal', 'start_trigger_idx': 2829}"
2844,RANGE,RANGE_STARTED,,"{'reason': 'pullback_created_range', 'cts_idx': 253, 'cts_price': 0.57902, 'pullback_apply_idx': 255, 'hi': 0.57982, 'lo': 0.57902, 'pat': 'one_maru_continuous', 'structure_id': 0, 'struct_direction': -1, 'timeframe': 'M15', 'use_case': 'reversal', 'parent_tf': 'H1', 'parent_sid': 0, 'parent_cycle_id': 1, 'structure_path_id': 'H1.main >> M15.confluence', 'sub_sid': 1, 'started_by': 'reversal', 'start_trigger_idx': 2829}"
2844,STRUCTURE,CTS_CONFIRMED,0.57902,"{'via': 'one_maru_continuous', 'cycle_id': 1, 'structure_id': 0, 'struct_direction': -1, 'confirmed_at': 2844, 'cts_anchor_idx': 2842, 'confirmation_method': 'pullback', 'timeframe': 'M15', 'use_case': 'reversal', 'parent_tf': 'H1', 'parent_sid': 0, 'parent_cycle_id': 1, 'structure_path_id': 'H1.main >> M15.confluence', 'sub_sid': 1, 'started_by': 'reversal', 'start_trigger_idx': 2829}"
2844,STATE,STATE_CHANGED,,"{'from': 'breakout', 'to': 'pullback', 'structure_id': 0, 'struct_direction': -1, 'reason': 'pullback_pattern', 'pat': 'one_maru_continuous', 'effective_idx': 255, 'timeframe': 'M15', 'use_case': 'reversal', 'parent_tf': 'H1', 'parent_sid': 0, 'parent_cycle_id': 1, 'structure_path_id': 'H1.main >> M15.confluence', 'sub_sid': 1, 'started_by': 'reversal', 'start_trigger_idx': 2829}"
2845,STATE,STATE_CHANGED,,"{'from': 'pullback', 'to': 'pullback_range', 'structure_id': 0, 'struct_direction': -1, 'reason': 'replay_no_expand_pullback_side', 'effective_idx': 256, 'timeframe': 'M15', 'use_case': 'reversal', 'parent_tf': 'H1', 'parent_sid': 0, 'parent_cycle_id': 1, 'structure_path_id': 'H1.main >> M15.confluence', 'sub_sid': 1, 'started_by': 'reversal', 'start_trigger_idx': 2829}"
2846,RANGE,RANGE_UPDATED,,"{'hi': 0.57989, 'lo': 0.57902, 'structure_id': 0, 'struct_direction': -1, 'timeframe': 'M15', 'use_case': 'reversal', 'parent_tf': 'H1', 'parent_sid': 0, 'parent_cycle_id': 1, 'structure_path_id': 'H1.main >> M15.confluence', 'sub_sid': 1, 'started_by': 'reversal', 'start_trigger_idx': 2829}"
2846,STATE,STATE_CHANGED,,"{'from': 'pullback_range', 'to': 'pullback', 'structure_id': 0, 'struct_direction': -1, 'reason': 'replay_expand_pullback_side', 'effective_idx': 257, 'timeframe': 'M15', 'use_case': 'reversal', 'parent_tf': 'H1', 'parent_sid': 0, 'parent_cycle_id': 1, 'structure_path_id': 'H1.main >> M15.confluence', 'sub_sid': 1, 'started_by': 'reversal', 'start_trigger_idx': 2829}"
2847,RANGE,RANGE_UPDATED,,"{'hi': 0.58002, 'lo': 0.57902, 'structure_id': 0, 'struct_direction': -1, 'timeframe': 'M15', 'use_case': 'reversal', 'parent_tf': 'H1', 'parent_sid': 0, 'parent_cycle_id': 1, 'structure_path_id': 'H1.main >> M15.confluence', 'sub_sid': 1, 'started_by': 'reversal', 'start_trigger_idx': 2829}"
2848,STATE,STATE_CHANGED,,"{'from': 'pullback', 'to': 'pullback_range', 'structure_id': 0, 'struct_direction': -1, 'reason': 'replay_no_expand_pullback_side', 'effective_idx': 259, 'timeframe': 'M15', 'use_case': 'reversal', 'parent_tf': 'H1', 'parent_sid': 0, 'parent_cycle_id': 1, 'structure_path_id': 'H1.main >> M15.confluence', 'sub_sid': 1, 'started_by': 'reversal', 'start_trigger_idx': 2829}"
2849,RANGE,RANGE_UPDATED,,"{'hi': 0.58018, 'lo': 0.57902, 'structure_id': 0, 'struct_direction': -1, 'timeframe': 'M15', 'use_case': 'reversal', 'parent_tf': 'H1', 'parent_sid': 0, 'parent_cycle_id': 1, 'structure_path_id': 'H1.main >> M15.confluence', 'sub_sid': 1, 'started_by': 'reversal', 'start_trigger_idx': 2829}"
2849,STATE,STATE_CHANGED,,"{'from': 'pullback_range', 'to': 'pullback', 'structure_id': 0, 'struct_direction': -1, 'reason': 'replay_expand_pullback_side', 'effective_idx': 260, 'timeframe': 'M15', 'use_case': 'reversal', 'parent_tf': 'H1', 'parent_sid': 0, 'parent_cycle_id': 1, 'structure_path_id': 'H1.main >> M15.confluence', 'sub_sid': 1, 'started_by': 'reversal', 'start_trigger_idx': 2829}"
2850,RANGE,RANGE_UPDATED,,"{'hi': 0.58088, 'lo': 0.57902, 'structure_id': 0, 'struct_direction': -1, 'timeframe': 'M15', 'use_case': 'reversal', 'parent_tf': 'H1', 'parent_sid': 0, 'parent_cycle_id': 1, 'structure_path_id': 'H1.main >> M15.confluence', 'sub_sid': 1, 'started_by': 'reversal', 'start_trigger_idx': 2829}"
2851,STATE,STATE_CHANGED,,"{'from': 'pullback', 'to': 'pullback_range', 'structure_id': 0, 'struct_direction': -1, 'reason': 'replay_no_expand_pullback_side', 'effective_idx': 262, 'timeframe': 'M15', 'use_case': 'reversal', 'parent_tf': 'H1', 'parent_sid': 0, 'parent_cycle_id': 1, 'structure_path_id': 'H1.main >> M15.confluence', 'sub_sid': 1, 'started_by': 'reversal', 'start_trigger_idx': 2829}"
2855,RANGE,RANGE_UPDATED,,"{'hi': 0.58098, 'lo': 0.57902, 'structure_id': 0, 'struct_direction': -1, 'timeframe': 'M15', 'use_case': 'reversal', 'parent_tf': 'H1', 'parent_sid': 0, 'parent_cycle_id': 1, 'structure_path_id': 'H1.main >> M15.confluence', 'sub_sid': 1, 'started_by': 'reversal', 'start_trigger_idx': 2829}"
2855,STATE,STATE_CHANGED,,"{'from': 'pullback_range', 'to': 'pullback', 'structure_id': 0, 'struct_direction': -1, 'reason': 'replay_expand_pullback_side', 'effective_idx': 266, 'timeframe': 'M15', 'use_case': 'reversal', 'parent_tf': 'H1', 'parent_sid': 0, 'parent_cycle_id': 1, 'structure_path_id': 'H1.main >> M15.confluence', 'sub_sid': 1, 'started_by': 'reversal', 'start_trigger_idx': 2829}"
2856,RANGE,RANGE_UPDATED,,"{'hi': 0.58108, 'lo': 0.57902, 'structure_id': 0, 'struct_direction': -1, 'timeframe': 'M15', 'use_case': 'reversal', 'parent_tf': 'H1', 'parent_sid': 0, 'parent_cycle_id': 1, 'structure_path_id': 'H1.main >> M15.confluence', 'sub_sid': 1, 'started_by': 'reversal', 'start_trigger_idx': 2829}"
2857,STATE,STATE_CHANGED,,"{'from': 'pullback', 'to': 'pullback_range', 'structure_id': 0, 'struct_direction': -1, 'reason': 'replay_no_expand_pullback_side', 'effective_idx': 268, 'timeframe': 'M15', 'use_case': 'reversal', 'parent_tf': 'H1', 'parent_sid': 0, 'parent_cycle_id': 1, 'structure_path_id': 'H1.main >> M15.confluence', 'sub_sid': 1, 'started_by': 'reversal', 'start_trigger_idx': 2829}"
2896,RANGE,RANGE_UPDATED,,"{'hi': 0.58116, 'lo': 0.57902, 'structure_id': 0, 'struct_direction': -1, 'timeframe': 'M15', 'use_case': 'reversal', 'parent_tf': 'H1', 'parent_sid': 0, 'parent_cycle_id': 1, 'structure_path_id': 'H1.main >> M15.confluence', 'sub_sid': 1, 'started_by': 'reversal', 'start_trigger_idx': 2829}"
2896,STATE,STATE_CHANGED,,"{'from': 'pullback_range', 'to': 'pullback', 'structure_id': 0, 'struct_direction': -1, 'reason': 'replay_expand_pullback_side', 'effective_idx': 307, 'timeframe': 'M15', 'use_case': 'reversal', 'parent_tf': 'H1', 'parent_sid': 0, 'parent_cycle_id': 1, 'structure_path_id': 'H1.main >> M15.confluence', 'sub_sid': 1, 'started_by': 'reversal', 'start_trigger_idx': 2829}"
2897,STATE,STATE_CHANGED,,"{'from': 'pullback', 'to': 'pullback_range', 'structure_id': 0, 'struct_direction': -1, 'reason': 'replay_no_expand_pullback_side', 'effective_idx': 308, 'timeframe': 'M15', 'use_case': 'reversal', 'parent_tf': 'H1', 'parent_sid': 0, 'parent_cycle_id': 1, 'structure_path_id': 'H1.main >> M15.confluence', 'sub_sid': 1, 'started_by': 'reversal', 'start_trigger_idx': 2829}"
2904,RANGE,RANGE_UPDATED,,"{'hi': 0.58118, 'lo': 0.57902, 'structure_id': 0, 'struct_direction': -1, 'timeframe': 'M15', 'use_case': 'reversal', 'parent_tf': 'H1', 'parent_sid': 0, 'parent_cycle_id': 1, 'structure_path_id': 'H1.main >> M15.confluence', 'sub_sid': 1, 'started_by': 'reversal', 'start_trigger_idx': 2829}"
2904,STATE,STATE_CHANGED,,"{'from': 'pullback_range', 'to': 'pullback', 'structure_id': 0, 'struct_direction': -1, 'reason': 'replay_expand_pullback_side', 'effective_idx': 315, 'timeframe': 'M15', 'use_case': 'reversal', 'parent_tf': 'H1', 'parent_sid': 0, 'parent_cycle_id': 1, 'structure_path_id': 'H1.main >> M15.confluence', 'sub_sid': 1, 'started_by': 'reversal', 'start_trigger_idx': 2829}"
2905,STATE,STATE_CHANGED,,"{'from': 'pullback', 'to': 'pullback_range', 'structure_id': 0, 'struct_direction': -1, 'reason': 'replay_no_expand_pullback_side', 'effective_idx': 316, 'timeframe': 'M15', 'use_case': 'reversal', 'parent_tf': 'H1', 'parent_sid': 0, 'parent_cycle_id': 1, 'structure_path_id': 'H1.main >> M15.confluence', 'sub_sid': 1, 'started_by': 'reversal', 'start_trigger_idx': 2829}"
2906,RANGE,RANGE_UPDATED,,"{'hi': 0.58133, 'lo': 0.57902, 'structure_id': 0, 'struct_direction': -1, 'timeframe': 'M15', 'use_case': 'reversal', 'parent_tf': 'H1', 'parent_sid': 0, 'parent_cycle_id': 1, 'structure_path_id': 'H1.main >> M15.confluence', 'sub_sid': 1, 'started_by': 'reversal', 'start_trigger_idx': 2829}"
2906,STATE,STATE_CHANGED,,"{'from': 'pullback_range', 'to': 'pullback', 'structure_id': 0, 'struct_direction': -1, 'reason': 'replay_expand_pullback_side', 'effective_idx': 317, 'timeframe': 'M15', 'use_case': 'reversal', 'parent_tf': 'H1', 'parent_sid': 0, 'parent_cycle_id': 1, 'structure_path_id': 'H1.main >> M15.confluence', 'sub_sid': 1, 'started_by': 'reversal', 'start_trigger_idx': 2829}"
2907,RANGE,RANGE_UPDATED,,"{'hi': 0.5814, 'lo': 0.57902, 'structure_id': 0, 'struct_direction': -1, 'timeframe': 'M15', 'use_case': 'reversal', 'parent_tf': 'H1', 'parent_sid': 0, 'parent_cycle_id': 1, 'structure_path_id': 'H1.main >> M15.confluence', 'sub_sid': 1, 'started_by': 'reversal', 'start_trigger_idx': 2829}"
2908,RANGE,RANGE_UPDATED,,"{'hi': 0.58154, 'lo': 0.57902, 'structure_id': 0, 'struct_direction': -1, 'timeframe': 'M15', 'use_case': 'reversal', 'parent_tf': 'H1', 'parent_sid': 0, 'parent_cycle_id': 1, 'structure_path_id': 'H1.main >> M15.confluence', 'sub_sid': 1, 'started_by': 'reversal', 'start_trigger_idx': 2829}"
2909,RANGE,RANGE_UPDATED,,"{'hi': 0.58173, 'lo': 0.57902, 'structure_id': 0, 'struct_direction': -1, 'timeframe': 'M15', 'use_case': 'reversal', 'parent_tf': 'H1', 'parent_sid': 0, 'parent_cycle_id': 1, 'structure_path_id': 'H1.main >> M15.confluence', 'sub_sid': 1, 'started_by': 'reversal', 'start_trigger_idx': 2829}"
2910,RANGE,RANGE_UPDATED,,"{'hi': 0.5818, 'lo': 0.57902, 'structure_id': 0, 'struct_direction': -1, 'timeframe': 'M15', 'use_case': 'reversal', 'parent_tf': 'H1', 'parent_sid': 0, 'parent_cycle_id': 1, 'structure_path_id': 'H1.main >> M15.confluence', 'sub_sid': 1, 'started_by': 'reversal', 'start_trigger_idx': 2829}"
2911,STATE,STATE_CHANGED,,"{'from': 'pullback', 'to': 'pullback_range', 'structure_id': 0, 'struct_direction': -1, 'reason': 'replay_no_expand_pullback_side', 'effective_idx': 322, 'timeframe': 'M15', 'use_case': 'reversal', 'parent_tf': 'H1', 'parent_sid': 0, 'parent_cycle_id': 1, 'structure_path_id': 'H1.main >> M15.confluence', 'sub_sid': 1, 'started_by': 'reversal', 'start_trigger_idx': 2829}"
2913,RANGE,RANGE_UPDATED,,"{'hi': 0.58182, 'lo': 0.57902, 'structure_id': 0, 'struct_direction': -1, 'timeframe': 'M15', 'use_case': 'reversal', 'parent_tf': 'H1', 'parent_sid': 0, 'parent_cycle_id': 1, 'structure_path_id': 'H1.main >> M15.confluence', 'sub_sid': 1, 'started_by': 'reversal', 'start_trigger_idx': 2829}"
2913,STATE,STATE_CHANGED,,"{'from': 'pullback_range', 'to': 'pullback', 'structure_id': 0, 'struct_direction': -1, 'reason': 'replay_expand_pullback_side', 'effective_idx': 324, 'timeframe': 'M15', 'use_case': 'reversal', 'parent_tf': 'H1', 'parent_sid': 0, 'parent_cycle_id': 1, 'structure_path_id': 'H1.main >> M15.confluence', 'sub_sid': 1, 'started_by': 'reversal', 'start_trigger_idx': 2829}"
2914,RANGE,RANGE_UPDATED,,"{'hi': 0.58184, 'lo': 0.57902, 'structure_id': 0, 'struct_direction': -1, 'timeframe': 'M15', 'use_case': 'reversal', 'parent_tf': 'H1', 'parent_sid': 0, 'parent_cycle_id': 1, 'structure_path_id': 'H1.main >> M15.confluence', 'sub_sid': 1, 'started_by': 'reversal', 'start_trigger_idx': 2829}"
2915,RANGE,RANGE_UPDATED,,"{'hi': 0.58196, 'lo': 0.57902, 'structure_id': 0, 'struct_direction': -1, 'timeframe': 'M15', 'use_case': 'reversal', 'parent_tf': 'H1', 'parent_sid': 0, 'parent_cycle_id': 1, 'structure_path_id': 'H1.main >> M15.confluence', 'sub_sid': 1, 'started_by': 'reversal', 'start_trigger_idx': 2829}"
2916,STATE,STATE_CHANGED,,"{'from': 'pullback', 'to': 'pullback_range', 'structure_id': 0, 'struct_direction': -1, 'reason': 'replay_no_expand_pullback_side', 'effective_idx': 327, 'timeframe': 'M15', 'use_case': 'reversal', 'parent_tf': 'H1', 'parent_sid': 0, 'parent_cycle_id': 1, 'structure_path_id': 'H1.main >> M15.confluence', 'sub_sid': 1, 'started_by': 'reversal', 'start_trigger_idx': 2829}"
2967,RANGE,RANGE_UPDATED,,"{'hi': 0.58196, 'lo': 0.57899, 'structure_id': 0, 'struct_direction': -1, 'timeframe': 'M15', 'use_case': 'reversal', 'parent_tf': 'H1', 'parent_sid': 0, 'parent_cycle_id': 1, 'structure_path_id': 'H1.main >> M15.confluence', 'sub_sid': 1, 'started_by': 'reversal', 'start_trigger_idx': 2829}"
2967,STRUCTURE,CTS_THRESHOLD_UPDATED,0.57899,"{'prev': 0.57902, 'reason': 'range_sync', 'cycle_id': 1, 'structure_id': 0, 'struct_direction': -1, 'timeframe': 'M15', 'use_case': 'reversal', 'parent_tf': 'H1', 'parent_sid': 0, 'parent_cycle_id': 1, 'structure_path_id': 'H1.main >> M15.confluence', 'sub_sid': 1, 'started_by': 'reversal', 'start_trigger_idx': 2829}"
2971,RANGE,RANGE_UPDATED,,"{'hi': 0.58196, 'lo': 0.57886, 'structure_id': 0, 'struct_direction': -1, 'timeframe': 'M15', 'use_case': 'reversal', 'parent_tf': 'H1', 'parent_sid': 0, 'parent_cycle_id': 1, 'structure_path_id': 'H1.main >> M15.confluence', 'sub_sid': 1, 'started_by': 'reversal', 'start_trigger_idx': 2829}"
2971,STRUCTURE,CTS_THRESHOLD_UPDATED,0.57886,"{'prev': 0.57899, 'reason': 'range_sync', 'cycle_id': 1, 'structure_id': 0, 'struct_direction': -1, 'timeframe': 'M15', 'use_case': 'reversal', 'parent_tf': 'H1', 'parent_sid': 0, 'parent_cycle_id': 1, 'structure_path_id': 'H1.main >> M15.confluence', 'sub_sid': 1, 'started_by': 'reversal', 'start_trigger_idx': 2829}"
2986,RANGE,RANGE_UPDATED,,"{'hi': 0.58196, 'lo': 0.57874, 'structure_id': 0, 'struct_direction': -1, 'timeframe': 'M15', 'use_case': 'reversal', 'parent_tf': 'H1', 'parent_sid': 0, 'parent_cycle_id': 1, 'structure_path_id': 'H1.main >> M15.confluence', 'sub_sid': 1, 'started_by': 'reversal', 'start_trigger_idx': 2829}"
2986,STRUCTURE,CTS_THRESHOLD_UPDATED,0.57874,"{'prev': 0.57886, 'reason': 'range_sync', 'cycle_id': 1, 'structure_id': 0, 'struct_direction': -1, 'timeframe': 'M15', 'use_case': 'reversal', 'parent_tf': 'H1', 'parent_sid': 0, 'parent_cycle_id': 1, 'structure_path_id': 'H1.main >> M15.confluence', 'sub_sid': 1, 'started_by': 'reversal', 'start_trigger_idx': 2829}"
2987,RANGE,RANGE_UPDATED,,"{'hi': 0.58196, 'lo': 0.57856, 'structure_id': 0, 'struct_direction': -1, 'timeframe': 'M15', 'use_case': 'reversal', 'parent_tf': 'H1', 'parent_sid': 0, 'parent_cycle_id': 1, 'structure_path_id': 'H1.main >> M15.confluence', 'sub_sid': 1, 'started_by': 'reversal', 'start_trigger_idx': 2829}"
2987,STRUCTURE,CTS_THRESHOLD_UPDATED,0.57856,"{'prev': 0.57874, 'reason': 'range_sync', 'cycle_id': 1, 'structure_id': 0, 'struct_direction': -1, 'timeframe': 'M15', 'use_case': 'reversal', 'parent_tf': 'H1', 'parent_sid': 0, 'parent_cycle_id': 1, 'structure_path_id': 'H1.main >> M15.confluence', 'sub_sid': 1, 'started_by': 'reversal', 'start_trigger_idx': 2829}"
2988,RANGE,RANGE_UPDATED,,"{'hi': 0.58196, 'lo': 0.57844, 'structure_id': 0, 'struct_direction': -1, 'timeframe': 'M15', 'use_case': 'reversal', 'parent_tf': 'H1', 'parent_sid': 0, 'parent_cycle_id': 1, 'structure_path_id': 'H1.main >> M15.confluence', 'sub_sid': 1, 'started_by': 'reversal', 'start_trigger_idx': 2829}"
2988,STRUCTURE,CTS_THRESHOLD_UPDATED,0.57844,"{'prev': 0.57856, 'reason': 'range_sync', 'cycle_id': 1, 'structure_id': 0, 'struct_direction': -1, 'timeframe': 'M15', 'use_case': 'reversal', 'parent_tf': 'H1', 'parent_sid': 0, 'parent_cycle_id': 1, 'structure_path_id': 'H1.main >> M15.confluence', 'sub_sid': 1, 'started_by': 'reversal', 'start_trigger_idx': 2829}"
2992,RANGE,RANGE_RESET,,"{'reason': 'range_breakout', 'pat': 'one_maru_continuous', 'structure_id': 0, 'struct_direction': -1, 'timeframe': 'M15', 'use_case': 'reversal', 'parent_tf': 'H1', 'parent_sid': 0, 'parent_cycle_id': 1, 'structure_path_id': 'H1.main >> M15.confluence', 'sub_sid': 1, 'started_by': 'reversal', 'start_trigger_idx': 2829}"
2992,STRUCTURE,CTS_ESTABLISHED,0.5777,"{'via': 'one_maru_continuous', 'anchor_idx': 2991, 'pattern_name': 'one_maru_continuous', 'confirmed_at': 2992, 'cycle_id': 2, 'structure_id': 0, 'struct_direction': -1, 'timeframe': 'M15', 'use_case': 'reversal', 'parent_tf': 'H1', 'parent_sid': 0, 'parent_cycle_id': 1, 'structure_path_id': 'H1.main >> M15.confluence', 'sub_sid': 1, 'started_by': 'reversal', 'start_trigger_idx': 2829}"
2915,STRUCTURE,BOS_CONFIRMED,0.58196,"{'source': 'pullback_extreme', 'confirmed_at': 2992, 'pb_start': 255, 'cycle_id': 2, 'structure_id': 0, 'struct_direction': -1, 'timeframe': 'M15', 'use_case': 'reversal', 'parent_tf': 'H1', 'parent_sid': 0, 'parent_cycle_id': 1, 'structure_path_id': 'H1.main >> M15.confluence', 'sub_sid': 1, 'started_by': 'reversal', 'start_trigger_idx': 2829}"
2992,STATE,STATE_CHANGED,,"{'from': 'pullback_range', 'to': 'breakout', 'structure_id': 0, 'struct_direction': -1, 'reason': 'breakout_pattern', 'pat': 'one_maru_continuous', 'effective_idx': 403, 'timeframe': 'M15', 'use_case': 'reversal', 'parent_tf': 'H1', 'parent_sid': 0, 'parent_cycle_id': 1, 'structure_path_id': 'H1.main >> M15.confluence', 'sub_sid': 1, 'started_by': 'reversal', 'start_trigger_idx': 2829}"
2993,STRUCTURE,CTS_UPDATED,0.57764,"{'via': 'replay_raw', 'cycle_id': 2, 'structure_id': 0, 'struct_direction': -1, 'timeframe': 'M15', 'use_case': 'reversal', 'parent_tf': 'H1', 'parent_sid': 0, 'parent_cycle_id': 1, 'structure_path_id': 'H1.main >> M15.confluence', 'sub_sid': 1, 'started_by': 'reversal', 'start_trigger_idx': 2829}"
2996,RANGE,RANGE_STARTED,,"{'start_idx': 405, 'confirm_idx': 407, 'hi': 0.57835, 'lo': 0.57764, 'cts_idx': 404, 'cts_price': 0.57764, 'structure_id': 0, 'struct_direction': -1, 'timeframe': 'M15', 'use_case': 'reversal', 'parent_tf': 'H1', 'parent_sid': 0, 'parent_cycle_id': 1, 'structure_path_id': 'H1.main >> M15.confluence', 'sub_sid': 1, 'started_by': 'reversal', 'start_trigger_idx': 2829}"
2996,STATE,STATE_CHANGED,,"{'from': 'breakout', 'to': 'range', 'structure_id': 0, 'struct_direction': -1, 'reason': 'range_confirmed', 'effective_idx': 405, 'timeframe': 'M15', 'use_case': 'reversal', 'parent_tf': 'H1', 'parent_sid': 0, 'parent_cycle_id': 1, 'structure_path_id': 'H1.main >> M15.confluence', 'sub_sid': 1, 'started_by': 'reversal', 'start_trigger_idx': 2829}"
2996,RANGE,RANGE_UPDATED,,"{'hi': 0.57841, 'lo': 0.57764, 'structure_id': 0, 'struct_direction': -1, 'timeframe': 'M15', 'use_case': 'reversal', 'parent_tf': 'H1', 'parent_sid': 0, 'parent_cycle_id': 1, 'structure_path_id': 'H1.main >> M15.confluence', 'sub_sid': 1, 'started_by': 'reversal', 'start_trigger_idx': 2829}"
3005,RANGE,RANGE_UPDATED,,"{'hi': 0.57841, 'lo': 0.5772, 'structure_id': 0, 'struct_direction': -1, 'timeframe': 'M15', 'use_case': 'reversal', 'parent_tf': 'H1', 'parent_sid': 0, 'parent_cycle_id': 1, 'structure_path_id': 'H1.main >> M15.confluence', 'sub_sid': 1, 'started_by': 'reversal', 'start_trigger_idx': 2829}"
3005,STRUCTURE,CTS_UPDATED,0.5772,"{'via': 'replay_raw', 'cycle_id': 2, 'structure_id': 0, 'struct_direction': -1, 'timeframe': 'M15', 'use_case': 'reversal', 'parent_tf': 'H1', 'parent_sid': 0, 'parent_cycle_id': 1, 'structure_path_id': 'H1.main >> M15.confluence', 'sub_sid': 1, 'started_by': 'reversal', 'start_trigger_idx': 2829}"
3007,RANGE,RANGE_UPDATED,,"{'hi': 0.57841, 'lo': 0.57703, 'structure_id': 0, 'struct_direction': -1, 'timeframe': 'M15', 'use_case': 'reversal', 'parent_tf': 'H1', 'parent_sid': 0, 'parent_cycle_id': 1, 'structure_path_id': 'H1.main >> M15.confluence', 'sub_sid': 1, 'started_by': 'reversal', 'start_trigger_idx': 2829}"
3007,STRUCTURE,CTS_UPDATED,0.57703,"{'via': 'replay_raw', 'cycle_id': 2, 'structure_id': 0, 'struct_direction': -1, 'timeframe': 'M15', 'use_case': 'reversal', 'parent_tf': 'H1', 'parent_sid': 0, 'parent_cycle_id': 1, 'structure_path_id': 'H1.main >> M15.confluence', 'sub_sid': 1, 'started_by': 'reversal', 'start_trigger_idx': 2829}"
3008,RANGE,RANGE_UPDATED,,"{'hi': 0.57841, 'lo': 0.5768, 'structure_id': 0, 'struct_direction': -1, 'timeframe': 'M15', 'use_case': 'reversal', 'parent_tf': 'H1', 'parent_sid': 0, 'parent_cycle_id': 1, 'structure_path_id': 'H1.main >> M15.confluence', 'sub_sid': 1, 'started_by': 'reversal', 'start_trigger_idx': 2829}"
3008,STRUCTURE,CTS_UPDATED,0.5768,"{'via': 'replay_raw', 'cycle_id': 2, 'structure_id': 0, 'struct_direction': -1, 'timeframe': 'M15', 'use_case': 'reversal', 'parent_tf': 'H1', 'parent_sid': 0, 'parent_cycle_id': 1, 'structure_path_id': 'H1.main >> M15.confluence', 'sub_sid': 1, 'started_by': 'reversal', 'start_trigger_idx': 2829}"
3010,RANGE,RANGE_UPDATED,,"{'hi': 0.57841, 'lo': 0.57676, 'structure_id': 0, 'struct_direction': -1, 'timeframe': 'M15', 'use_case': 'reversal', 'parent_tf': 'H1', 'parent_sid': 0, 'parent_cycle_id': 1, 'structure_path_id': 'H1.main >> M15.confluence', 'sub_sid': 1, 'started_by': 'reversal', 'start_trigger_idx': 2829}"
3010,STRUCTURE,CTS_UPDATED,0.57676,"{'via': 'replay_raw', 'cycle_id': 2, 'structure_id': 0, 'struct_direction': -1, 'timeframe': 'M15', 'use_case': 'reversal', 'parent_tf': 'H1', 'parent_sid': 0, 'parent_cycle_id': 1, 'structure_path_id': 'H1.main >> M15.confluence', 'sub_sid': 1, 'started_by': 'reversal', 'start_trigger_idx': 2829}"
3011,RANGE,RANGE_UPDATED,,"{'hi': 0.57841, 'lo': 0.57675, 'structure_id': 0, 'struct_direction': -1, 'timeframe': 'M15', 'use_case': 'reversal', 'parent_tf': 'H1', 'parent_sid': 0, 'parent_cycle_id': 1, 'structure_path_id': 'H1.main >> M15.confluence', 'sub_sid': 1, 'started_by': 'reversal', 'start_trigger_idx': 2829}"
3011,STRUCTURE,CTS_UPDATED,0.57675,"{'via': 'replay_raw', 'cycle_id': 2, 'structure_id': 0, 'struct_direction': -1, 'timeframe': 'M15', 'use_case': 'reversal', 'parent_tf': 'H1', 'parent_sid': 0, 'parent_cycle_id': 1, 'structure_path_id': 'H1.main >> M15.confluence', 'sub_sid': 1, 'started_by': 'reversal', 'start_trigger_idx': 2829}"
3012,RANGE,RANGE_UPDATED,,"{'hi': 0.57841, 'lo': 0.57652, 'structure_id': 0, 'struct_direction': -1, 'timeframe': 'M15', 'use_case': 'reversal', 'parent_tf': 'H1', 'parent_sid': 0, 'parent_cycle_id': 1, 'structure_path_id': 'H1.main >> M15.confluence', 'sub_sid': 1, 'started_by': 'reversal', 'start_trigger_idx': 2829}"
3012,STRUCTURE,CTS_UPDATED,0.57652,"{'via': 'replay_raw', 'cycle_id': 2, 'structure_id': 0, 'struct_direction': -1, 'timeframe': 'M15', 'use_case': 'reversal', 'parent_tf': 'H1', 'parent_sid': 0, 'parent_cycle_id': 1, 'structure_path_id': 'H1.main >> M15.confluence', 'sub_sid': 1, 'started_by': 'reversal', 'start_trigger_idx': 2829}"
3013,RANGE,RANGE_UPDATED,,"{'hi': 0.57841, 'lo': 0.5764, 'structure_id': 0, 'struct_direction': -1, 'timeframe': 'M15', 'use_case': 'reversal', 'parent_tf': 'H1', 'parent_sid': 0, 'parent_cycle_id': 1, 'structure_path_id': 'H1.main >> M15.confluence', 'sub_sid': 1, 'started_by': 'reversal', 'start_trigger_idx': 2829}"
3013,STRUCTURE,CTS_UPDATED,0.5764,"{'via': 'replay_raw', 'cycle_id': 2, 'structure_id': 0, 'struct_direction': -1, 'timeframe': 'M15', 'use_case': 'reversal', 'parent_tf': 'H1', 'parent_sid': 0, 'parent_cycle_id': 1, 'structure_path_id': 'H1.main >> M15.confluence', 'sub_sid': 1, 'started_by': 'reversal', 'start_trigger_idx': 2829}"
3024,RANGE,RANGE_UPDATED,,"{'hi': 0.57841, 'lo': 0.57639, 'structure_id': 0, 'struct_direction': -1, 'timeframe': 'M15', 'use_case': 'reversal', 'parent_tf': 'H1', 'parent_sid': 0, 'parent_cycle_id': 1, 'structure_path_id': 'H1.main >> M15.confluence', 'sub_sid': 1, 'started_by': 'reversal', 'start_trigger_idx': 2829}"
3024,STRUCTURE,CTS_UPDATED,0.57639,"{'via': 'replay_raw', 'cycle_id': 2, 'structure_id': 0, 'struct_direction': -1, 'timeframe': 'M15', 'use_case': 'reversal', 'parent_tf': 'H1', 'parent_sid': 0, 'parent_cycle_id': 1, 'structure_path_id': 'H1.main >> M15.confluence', 'sub_sid': 1, 'started_by': 'reversal', 'start_trigger_idx': 2829}"
3026,RANGE,RANGE_UPDATED,,"{'hi': 0.57841, 'lo': 0.57638, 'structure_id': 0, 'struct_direction': -1, 'timeframe': 'M15', 'use_case': 'reversal', 'parent_tf': 'H1', 'parent_sid': 0, 'parent_cycle_id': 1, 'structure_path_id': 'H1.main >> M15.confluence', 'sub_sid': 1, 'started_by': 'reversal', 'start_trigger_idx': 2829}"
3026,STRUCTURE,CTS_UPDATED,0.57638,"{'via': 'replay_raw', 'cycle_id': 2, 'structure_id': 0, 'struct_direction': -1, 'timeframe': 'M15', 'use_case': 'reversal', 'parent_tf': 'H1', 'parent_sid': 0, 'parent_cycle_id': 1, 'structure_path_id': 'H1.main >> M15.confluence', 'sub_sid': 1, 'started_by': 'reversal', 'start_trigger_idx': 2829}"
3027,RANGE,RANGE_UPDATED,,"{'hi': 0.57841, 'lo': 0.57602, 'structure_id': 0, 'struct_direction': -1, 'timeframe': 'M15', 'use_case': 'reversal', 'parent_tf': 'H1', 'parent_sid': 0, 'parent_cycle_id': 1, 'structure_path_id': 'H1.main >> M15.confluence', 'sub_sid': 1, 'started_by': 'reversal', 'start_trigger_idx': 2829}"
3027,STRUCTURE,CTS_UPDATED,0.57602,"{'via': 'replay_raw', 'cycle_id': 2, 'structure_id': 0, 'struct_direction': -1, 'timeframe': 'M15', 'use_case': 'reversal', 'parent_tf': 'H1', 'parent_sid': 0, 'parent_cycle_id': 1, 'structure_path_id': 'H1.main >> M15.confluence', 'sub_sid': 1, 'started_by': 'reversal', 'start_trigger_idx': 2829}"
3042,RANGE,RANGE_UPDATED,,"{'hi': 0.57841, 'lo': 0.57587, 'structure_id': 0, 'struct_direction': -1, 'timeframe': 'M15', 'use_case': 'reversal', 'parent_tf': 'H1', 'parent_sid': 0, 'parent_cycle_id': 1, 'structure_path_id': 'H1.main >> M15.confluence', 'sub_sid': 1, 'started_by': 'reversal', 'start_trigger_idx': 2829}"
3042,STRUCTURE,CTS_UPDATED,0.57587,"{'via': 'replay_raw', 'cycle_id': 2, 'structure_id': 0, 'struct_direction': -1, 'timeframe': 'M15', 'use_case': 'reversal', 'parent_tf': 'H1', 'parent_sid': 0, 'parent_cycle_id': 1, 'structure_path_id': 'H1.main >> M15.confluence', 'sub_sid': 1, 'started_by': 'reversal', 'start_trigger_idx': 2829}"
3043,STRUCTURE,CTS_UPDATED,0.57581,"{'via': 'replay_raw', 'cycle_id': 2, 'structure_id': 0, 'struct_direction': -1, 'timeframe': 'M15', 'use_case': 'reversal', 'parent_tf': 'H1', 'parent_sid': 0, 'parent_cycle_id': 1, 'structure_path_id': 'H1.main >> M15.confluence', 'sub_sid': 1, 'started_by': 'reversal', 'start_trigger_idx': 2829}"
3044,RANGE,RANGE_RESET,,"{'reason': 'range_breakout', 'pat': 'double_maru', 'structure_id': 0, 'struct_direction': -1, 'timeframe': 'M15', 'use_case': 'reversal', 'parent_tf': 'H1', 'parent_sid': 0, 'parent_cycle_id': 1, 'structure_path_id': 'H1.main >> M15.confluence', 'sub_sid': 1, 'started_by': 'reversal', 'start_trigger_idx': 2829}"
3044,STRUCTURE,CTS_UPDATED,0.575,"{'via': 'double_maru', 'cycle_id': 2, 'structure_id': 0, 'struct_direction': -1, 'timeframe': 'M15', 'use_case': 'reversal', 'parent_tf': 'H1', 'parent_sid': 0, 'parent_cycle_id': 1, 'structure_path_id': 'H1.main >> M15.confluence', 'sub_sid': 1, 'started_by': 'reversal', 'start_trigger_idx': 2829}"
3044,STATE,STATE_CHANGED,,"{'from': 'range', 'to': 'breakout', 'structure_id': 0, 'struct_direction': -1, 'reason': 'breakout_pattern', 'pat': 'double_maru', 'effective_idx': 455, 'timeframe': 'M15', 'use_case': 'reversal', 'parent_tf': 'H1', 'parent_sid': 0, 'parent_cycle_id': 1, 'structure_path_id': 'H1.main >> M15.confluence', 'sub_sid': 1, 'started_by': 'reversal', 'start_trigger_idx': 2829}"
3045,STRUCTURE,CTS_UPDATED,0.57475,"{'via': 'replay_raw', 'cycle_id': 2, 'structure_id': 0, 'struct_direction': -1, 'timeframe': 'M15', 'use_case': 'reversal', 'parent_tf': 'H1', 'parent_sid': 0, 'parent_cycle_id': 1, 'structure_path_id': 'H1.main >> M15.confluence', 'sub_sid': 1, 'started_by': 'reversal', 'start_trigger_idx': 2829}"
3046,STRUCTURE,CTS_UPDATED,0.57451,"{'via': 'replay_raw', 'cycle_id': 2, 'structure_id': 0, 'struct_direction': -1, 'timeframe': 'M15', 'use_case': 'reversal', 'parent_tf': 'H1', 'parent_sid': 0, 'parent_cycle_id': 1, 'structure_path_id': 'H1.main >> M15.confluence', 'sub_sid': 1, 'started_by': 'reversal', 'start_trigger_idx': 2829}"
3047,STRUCTURE,CTS_UPDATED,0.574,"{'via': 'replay_raw', 'cycle_id': 2, 'structure_id': 0, 'struct_direction': -1, 'timeframe': 'M15', 'use_case': 'reversal', 'parent_tf': 'H1', 'parent_sid': 0, 'parent_cycle_id': 1, 'structure_path_id': 'H1.main >> M15.confluence', 'sub_sid': 1, 'started_by': 'reversal', 'start_trigger_idx': 2829}"
3050,RANGE,RANGE_STARTED,,"{'start_idx': 458, 'confirm_idx': 461, 'hi': 0.57524, 'lo': 0.574, 'cts_idx': 458, 'cts_price': 0.574, 'structure_id': 0, 'struct_direction': -1, 'timeframe': 'M15', 'use_case': 'reversal', 'parent_tf': 'H1', 'parent_sid': 0, 'parent_cycle_id': 1, 'structure_path_id': 'H1.main >> M15.confluence', 'sub_sid': 1, 'started_by': 'reversal', 'start_trigger_idx': 2829}"
3050,STATE,STATE_CHANGED,,"{'from': 'breakout', 'to': 'range', 'structure_id': 0, 'struct_direction': -1, 'reason': 'range_confirmed', 'effective_idx': 458, 'timeframe': 'M15', 'use_case': 'reversal', 'parent_tf': 'H1', 'parent_sid': 0, 'parent_cycle_id': 1, 'structure_path_id': 'H1.main >> M15.confluence', 'sub_sid': 1, 'started_by': 'reversal', 'start_trigger_idx': 2829}"
3048,RANGE,RANGE_UPDATED,,"{'hi': 0.57536, 'lo': 0.574, 'structure_id': 0, 'struct_direction': -1, 'timeframe': 'M15', 'use_case': 'reversal', 'parent_tf': 'H1', 'parent_sid': 0, 'parent_cycle_id': 1, 'structure_path_id': 'H1.main >> M15.confluence', 'sub_sid': 1, 'started_by': 'reversal', 'start_trigger_idx': 2829}"
3049,RANGE,RANGE_UPDATED,,"{'hi': 0.57552, 'lo': 0.574, 'structure_id': 0, 'struct_direction': -1, 'timeframe': 'M15', 'use_case': 'reversal', 'parent_tf': 'H1', 'parent_sid': 0, 'parent_cycle_id': 1, 'structure_path_id': 'H1.main >> M15.confluence', 'sub_sid': 1, 'started_by': 'reversal', 'start_trigger_idx': 2829}"
3052,RANGE,RANGE_UPDATED,,"{'hi': 0.57561, 'lo': 0.574, 'structure_id': 0, 'struct_direction': -1, 'timeframe': 'M15', 'use_case': 'reversal', 'parent_tf': 'H1', 'parent_sid': 0, 'parent_cycle_id': 1, 'structure_path_id': 'H1.main >> M15.confluence', 'sub_sid': 1, 'started_by': 'reversal', 'start_trigger_idx': 2829}"
3054,RANGE,RANGE_UPDATED,,"{'hi': 0.57564, 'lo': 0.574, 'structure_id': 0, 'struct_direction': -1, 'timeframe': 'M15', 'use_case': 'reversal', 'parent_tf': 'H1', 'parent_sid': 0, 'parent_cycle_id': 1, 'structure_path_id': 'H1.main >> M15.confluence', 'sub_sid': 1, 'started_by': 'reversal', 'start_trigger_idx': 2829}"
3055,RANGE,RANGE_UPDATED,,"{'hi': 0.57566, 'lo': 0.574, 'structure_id': 0, 'struct_direction': -1, 'timeframe': 'M15', 'use_case': 'reversal', 'parent_tf': 'H1', 'parent_sid': 0, 'parent_cycle_id': 1, 'structure_path_id': 'H1.main >> M15.confluence', 'sub_sid': 1, 'started_by': 'reversal', 'start_trigger_idx': 2829}"
3067,RANGE,RANGE_UPDATED,,"{'hi': 0.57574, 'lo': 0.574, 'structure_id': 0, 'struct_direction': -1, 'timeframe': 'M15', 'use_case': 'reversal', 'parent_tf': 'H1', 'parent_sid': 0, 'parent_cycle_id': 1, 'structure_path_id': 'H1.main >> M15.confluence', 'sub_sid': 1, 'started_by': 'reversal', 'start_trigger_idx': 2829}"
3070,RANGE,RANGE_UPDATED,,"{'hi': 0.57586, 'lo': 0.574, 'structure_id': 0, 'struct_direction': -1, 'timeframe': 'M15', 'use_case': 'reversal', 'parent_tf': 'H1', 'parent_sid': 0, 'parent_cycle_id': 1, 'structure_path_id': 'H1.main >> M15.confluence', 'sub_sid': 1, 'started_by': 'reversal', 'start_trigger_idx': 2829}"
3072,RANGE,RANGE_UPDATED,,"{'hi': 0.57612, 'lo': 0.574, 'structure_id': 0, 'struct_direction': -1, 'timeframe': 'M15', 'use_case': 'reversal', 'parent_tf': 'H1', 'parent_sid': 0, 'parent_cycle_id': 1, 'structure_path_id': 'H1.main >> M15.confluence', 'sub_sid': 1, 'started_by': 'reversal', 'start_trigger_idx': 2829}"
3073,RANGE,RANGE_UPDATED,,"{'hi': 0.5762, 'lo': 0.574, 'structure_id': 0, 'struct_direction': -1, 'timeframe': 'M15', 'use_case': 'reversal', 'parent_tf': 'H1', 'parent_sid': 0, 'parent_cycle_id': 1, 'structure_path_id': 'H1.main >> M15.confluence', 'sub_sid': 1, 'started_by': 'reversal', 'start_trigger_idx': 2829}"
3086,RANGE,RANGE_UPDATED,,"{'reason': 'pullback_expand', 'hi': 0.57664, 'lo': 0.574, 'pat': 'continuous', 'structure_id': 0, 'struct_direction': -1, 'timeframe': 'M15', 'use_case': 'reversal', 'parent_tf': 'H1', 'parent_sid': 0, 'parent_cycle_id': 1, 'structure_path_id': 'H1.main >> M15.confluence', 'sub_sid': 1, 'started_by': 'reversal', 'start_trigger_idx': 2829}"
3086,STRUCTURE,CTS_CONFIRMED,0.574,"{'via': 'continuous', 'cycle_id': 2, 'structure_id': 0, 'struct_direction': -1, 'confirmed_at': 3086, 'cts_anchor_idx': 3047, 'confirmation_method': 'pullback', 'timeframe': 'M15', 'use_case': 'reversal', 'parent_tf': 'H1', 'parent_sid': 0, 'parent_cycle_id': 1, 'structure_path_id': 'H1.main >> M15.confluence', 'sub_sid': 1, 'started_by': 'reversal', 'start_trigger_idx': 2829}"
3086,STATE,STATE_CHANGED,,"{'from': 'range', 'to': 'pullback', 'structure_id': 0, 'struct_direction': -1, 'reason': 'pullback_pattern', 'pat': 'continuous', 'effective_idx': 497, 'timeframe': 'M15', 'use_case': 'reversal', 'parent_tf': 'H1', 'parent_sid': 0, 'parent_cycle_id': 1, 'structure_path_id': 'H1.main >> M15.confluence', 'sub_sid': 1, 'started_by': 'reversal', 'start_trigger_idx': 2829}"
3086,RANGE,RANGE_UPDATED,,"{'hi': 0.57698, 'lo': 0.574, 'structure_id': 0, 'struct_direction': -1, 'timeframe': 'M15', 'use_case': 'reversal', 'parent_tf': 'H1', 'parent_sid': 0, 'parent_cycle_id': 1, 'structure_path_id': 'H1.main >> M15.confluence', 'sub_sid': 1, 'started_by': 'reversal', 'start_trigger_idx': 2829}"
3087,RANGE,RANGE_UPDATED,,"{'hi': 0.57704, 'lo': 0.574, 'structure_id': 0, 'struct_direction': -1, 'timeframe': 'M15', 'use_case': 'reversal', 'parent_tf': 'H1', 'parent_sid': 0, 'parent_cycle_id': 1, 'structure_path_id': 'H1.main >> M15.confluence', 'sub_sid': 1, 'started_by': 'reversal', 'start_trigger_idx': 2829}"
3088,RANGE,RANGE_UPDATED,,"{'hi': 0.57708, 'lo': 0.574, 'structure_id': 0, 'struct_direction': -1, 'timeframe': 'M15', 'use_case': 'reversal', 'parent_tf': 'H1', 'parent_sid': 0, 'parent_cycle_id': 1, 'structure_path_id': 'H1.main >> M15.confluence', 'sub_sid': 1, 'started_by': 'reversal', 'start_trigger_idx': 2829}"
3089,STATE,STATE_CHANGED,,"{'from': 'pullback', 'to': 'pullback_range', 'structure_id': 0, 'struct_direction': -1, 'reason': 'replay_no_expand_pullback_side', 'effective_idx': 500, 'timeframe': 'M15', 'use_case': 'reversal', 'parent_tf': 'H1', 'parent_sid': 0, 'parent_cycle_id': 1, 'structure_path_id': 'H1.main >> M15.confluence', 'sub_sid': 1, 'started_by': 'reversal', 'start_trigger_idx': 2829}"
3112,RANGE,RANGE_UPDATED,,"{'hi': 0.57714, 'lo': 0.574, 'structure_id': 0, 'struct_direction': -1, 'timeframe': 'M15', 'use_case': 'reversal', 'parent_tf': 'H1', 'parent_sid': 0, 'parent_cycle_id': 1, 'structure_path_id': 'H1.main >> M15.confluence', 'sub_sid': 1, 'started_by': 'reversal', 'start_trigger_idx': 2829}"
3112,STATE,STATE_CHANGED,,"{'from': 'pullback_range', 'to': 'pullback', 'structure_id': 0, 'struct_direction': -1, 'reason': 'replay_expand_pullback_side', 'effective_idx': 523, 'timeframe': 'M15', 'use_case': 'reversal', 'parent_tf': 'H1', 'parent_sid': 0, 'parent_cycle_id': 1, 'structure_path_id': 'H1.main >> M15.confluence', 'sub_sid': 1, 'started_by': 'reversal', 'start_trigger_idx': 2829}"
3113,STATE,STATE_CHANGED,,"{'from': 'pullback', 'to': 'pullback_range', 'structure_id': 0, 'struct_direction': -1, 'reason': 'replay_no_expand_pullback_side', 'effective_idx': 524, 'timeframe': 'M15', 'use_case': 'reversal', 'parent_tf': 'H1', 'parent_sid': 0, 'parent_cycle_id': 1, 'structure_path_id': 'H1.main >> M15.confluence', 'sub_sid': 1, 'started_by': 'reversal', 'start_trigger_idx': 2829}"
3116,RANGE,RANGE_UPDATED,,"{'hi': 0.57724, 'lo': 0.574, 'structure_id': 0, 'struct_direction': -1, 'timeframe': 'M15', 'use_case': 'reversal', 'parent_tf': 'H1', 'parent_sid': 0, 'parent_cycle_id': 1, 'structure_path_id': 'H1.main >> M15.confluence', 'sub_sid': 1, 'started_by': 'reversal', 'start_trigger_idx': 2829}"
3116,STATE,STATE_CHANGED,,"{'from': 'pullback_range', 'to': 'pullback', 'structure_id': 0, 'struct_direction': -1, 'reason': 'replay_expand_pullback_side', 'effective_idx': 527, 'timeframe': 'M15', 'use_case': 'reversal', 'parent_tf': 'H1', 'parent_sid': 0, 'parent_cycle_id': 1, 'structure_path_id': 'H1.main >> M15.confluence', 'sub_sid': 1, 'started_by': 'reversal', 'start_trigger_idx': 2829}"
3117,STATE,STATE_CHANGED,,"{'from': 'pullback', 'to': 'pullback_range', 'structure_id': 0, 'struct_direction': -1, 'reason': 'replay_no_expand_pullback_side', 'effective_idx': 528, 'timeframe': 'M15', 'use_case': 'reversal', 'parent_tf': 'H1', 'parent_sid': 0, 'parent_cycle_id': 1, 'structure_path_id': 'H1.main >> M15.confluence', 'sub_sid': 1, 'started_by': 'reversal', 'start_trigger_idx': 2829}"
3120,RANGE,RANGE_UPDATED,,"{'hi': 0.57726, 'lo': 0.574, 'structure_id': 0, 'struct_direction': -1, 'timeframe': 'M15', 'use_case': 'reversal', 'parent_tf': 'H1', 'parent_sid': 0, 'parent_cycle_id': 1, 'structure_path_id': 'H1.main >> M15.confluence', 'sub_sid': 1, 'started_by': 'reversal', 'start_trigger_idx': 2829}"
3120,STATE,STATE_CHANGED,,"{'from': 'pullback_range', 'to': 'pullback', 'structure_id': 0, 'struct_direction': -1, 'reason': 'replay_expand_pullback_side', 'effective_idx': 531, 'timeframe': 'M15', 'use_case': 'reversal', 'parent_tf': 'H1', 'parent_sid': 0, 'parent_cycle_id': 1, 'structure_path_id': 'H1.main >> M15.confluence', 'sub_sid': 1, 'started_by': 'reversal', 'start_trigger_idx': 2829}"
3121,STATE,STATE_CHANGED,,"{'from': 'pullback', 'to': 'pullback_range', 'structure_id': 0, 'struct_direction': -1, 'reason': 'replay_no_expand_pullback_side', 'effective_idx': 532, 'timeframe': 'M15', 'use_case': 'reversal', 'parent_tf': 'H1', 'parent_sid': 0, 'parent_cycle_id': 1, 'structure_path_id': 'H1.main >> M15.confluence', 'sub_sid': 1, 'started_by': 'reversal', 'start_trigger_idx': 2829}"
3123,RANGE,RANGE_UPDATED,,"{'hi': 0.5774, 'lo': 0.574, 'structure_id': 0, 'struct_direction': -1, 'timeframe': 'M15', 'use_case': 'reversal', 'parent_tf': 'H1', 'parent_sid': 0, 'parent_cycle_id': 1, 'structure_path_id': 'H1.main >> M15.confluence', 'sub_sid': 1, 'started_by': 'reversal', 'start_trigger_idx': 2829}"
3123,STATE,STATE_CHANGED,,"{'from': 'pullback_range', 'to': 'pullback', 'structure_id': 0, 'struct_direction': -1, 'reason': 'replay_expand_pullback_side', 'effective_idx': 534, 'timeframe': 'M15', 'use_case': 'reversal', 'parent_tf': 'H1', 'parent_sid': 0, 'parent_cycle_id': 1, 'structure_path_id': 'H1.main >> M15.confluence', 'sub_sid': 1, 'started_by': 'reversal', 'start_trigger_idx': 2829}"
3124,STATE,STATE_CHANGED,,"{'from': 'pullback', 'to': 'pullback_range', 'structure_id': 0, 'struct_direction': -1, 'reason': 'replay_no_expand_pullback_side', 'effective_idx': 535, 'timeframe': 'M15', 'use_case': 'reversal', 'parent_tf': 'H1', 'parent_sid': 0, 'parent_cycle_id': 1, 'structure_path_id': 'H1.main >> M15.confluence', 'sub_sid': 1, 'started_by': 'reversal', 'start_trigger_idx': 2829}"
3139,RANGE,RANGE_UPDATED,,"{'hi': 0.57742, 'lo': 0.574, 'structure_id': 0, 'struct_direction': -1, 'timeframe': 'M15', 'use_case': 'reversal', 'parent_tf': 'H1', 'parent_sid': 0, 'parent_cycle_id': 1, 'structure_path_id': 'H1.main >> M15.confluence', 'sub_sid': 1, 'started_by': 'reversal', 'start_trigger_idx': 2829}"
3139,STATE,STATE_CHANGED,,"{'from': 'pullback_range', 'to': 'pullback', 'structure_id': 0, 'struct_direction': -1, 'reason': 'replay_expand_pullback_side', 'effective_idx': 550, 'timeframe': 'M15', 'use_case': 'reversal', 'parent_tf': 'H1', 'parent_sid': 0, 'parent_cycle_id': 1, 'structure_path_id': 'H1.main >> M15.confluence', 'sub_sid': 1, 'started_by': 'reversal', 'start_trigger_idx': 2829}"
3140,RANGE,RANGE_UPDATED,,"{'hi': 0.5778, 'lo': 0.574, 'structure_id': 0, 'struct_direction': -1, 'timeframe': 'M15', 'use_case': 'reversal', 'parent_tf': 'H1', 'parent_sid': 0, 'parent_cycle_id': 1, 'structure_path_id': 'H1.main >> M15.confluence', 'sub_sid': 1, 'started_by': 'reversal', 'start_trigger_idx': 2829}"
3141,STATE,STATE_CHANGED,,"{'from': 'pullback', 'to': 'pullback_range', 'structure_id': 0, 'struct_direction': -1, 'reason': 'replay_no_expand_pullback_side', 'effective_idx': 552, 'timeframe': 'M15', 'use_case': 'reversal', 'parent_tf': 'H1', 'parent_sid': 0, 'parent_cycle_id': 1, 'structure_path_id': 'H1.main >> M15.confluence', 'sub_sid': 1, 'started_by': 'reversal', 'start_trigger_idx': 2829}"
3237,RANGE,RANGE_UPDATED,,"{'hi': 0.57826, 'lo': 0.574, 'structure_id': 0, 'struct_direction': -1, 'timeframe': 'M15', 'use_case': 'reversal', 'parent_tf': 'H1', 'parent_sid': 0, 'parent_cycle_id': 1, 'structure_path_id': 'H1.main >> M15.confluence', 'sub_sid': 1, 'started_by': 'reversal', 'start_trigger_idx': 2829}"
3237,STATE,STATE_CHANGED,,"{'from': 'pullback_range', 'to': 'pullback', 'structure_id': 0, 'struct_direction': -1, 'reason': 'replay_expand_pullback_side', 'effective_idx': 648, 'timeframe': 'M15', 'use_case': 'reversal', 'parent_tf': 'H1', 'parent_sid': 0, 'parent_cycle_id': 1, 'structure_path_id': 'H1.main >> M15.confluence', 'sub_sid': 1, 'started_by': 'reversal', 'start_trigger_idx': 2829}"
3238,RANGE,RANGE_UPDATED,,"{'hi': 0.57841, 'lo': 0.574, 'structure_id': 0, 'struct_direction': -1, 'timeframe': 'M15', 'use_case': 'reversal', 'parent_tf': 'H1', 'parent_sid': 0, 'parent_cycle_id': 1, 'structure_path_id': 'H1.main >> M15.confluence', 'sub_sid': 1, 'started_by': 'reversal', 'start_trigger_idx': 2829}"
3239,RANGE,RANGE_UPDATED,,"{'hi': 0.57847, 'lo': 0.574, 'structure_id': 0, 'struct_direction': -1, 'timeframe': 'M15', 'use_case': 'reversal', 'parent_tf': 'H1', 'parent_sid': 0, 'parent_cycle_id': 1, 'structure_path_id': 'H1.main >> M15.confluence', 'sub_sid': 1, 'started_by': 'reversal', 'start_trigger_idx': 2829}"
3240,RANGE,RANGE_UPDATED,,"{'hi': 0.57858, 'lo': 0.574, 'structure_id': 0, 'struct_direction': -1, 'timeframe': 'M15', 'use_case': 'reversal', 'parent_tf': 'H1', 'parent_sid': 0, 'parent_cycle_id': 1, 'structure_path_id': 'H1.main >> M15.confluence', 'sub_sid': 1, 'started_by': 'reversal', 'start_trigger_idx': 2829}"
3241,RANGE,RANGE_UPDATED,,"{'hi': 0.57876, 'lo': 0.574, 'structure_id': 0, 'struct_direction': -1, 'timeframe': 'M15', 'use_case': 'reversal', 'parent_tf': 'H1', 'parent_sid': 0, 'parent_cycle_id': 1, 'structure_path_id': 'H1.main >> M15.confluence', 'sub_sid': 1, 'started_by': 'reversal', 'start_trigger_idx': 2829}"
3242,RANGE,RANGE_UPDATED,,"{'hi': 0.57892, 'lo': 0.574, 'structure_id': 0, 'struct_direction': -1, 'timeframe': 'M15', 'use_case': 'reversal', 'parent_tf': 'H1', 'parent_sid': 0, 'parent_cycle_id': 1, 'structure_path_id': 'H1.main >> M15.confluence', 'sub_sid': 1, 'started_by': 'reversal', 'start_trigger_idx': 2829}"
3243,RANGE,RANGE_UPDATED,,"{'hi': 0.57911, 'lo': 0.574, 'structure_id': 0, 'struct_direction': -1, 'timeframe': 'M15', 'use_case': 'reversal', 'parent_tf': 'H1', 'parent_sid': 0, 'parent_cycle_id': 1, 'structure_path_id': 'H1.main >> M15.confluence', 'sub_sid': 1, 'started_by': 'reversal', 'start_trigger_idx': 2829}"
3244,STATE,STATE_CHANGED,,"{'from': 'pullback', 'to': 'pullback_range', 'structure_id': 0, 'struct_direction': -1, 'reason': 'replay_no_expand_pullback_side', 'effective_idx': 655, 'timeframe': 'M15', 'use_case': 'reversal', 'parent_tf': 'H1', 'parent_sid': 0, 'parent_cycle_id': 1, 'structure_path_id': 'H1.main >> M15.confluence', 'sub_sid': 1, 'started_by': 'reversal', 'start_trigger_idx': 2829}"
3256,RANGE,RANGE_UPDATED,,"{'hi': 0.57919, 'lo': 0.574, 'structure_id': 0, 'struct_direction': -1, 'timeframe': 'M15', 'use_case': 'reversal', 'parent_tf': 'H1', 'parent_sid': 0, 'parent_cycle_id': 1, 'structure_path_id': 'H1.main >> M15.confluence', 'sub_sid': 1, 'started_by': 'reversal', 'start_trigger_idx': 2829}"
3256,STATE,STATE_CHANGED,,"{'from': 'pullback_range', 'to': 'pullback', 'structure_id': 0, 'struct_direction': -1, 'reason': 'replay_expand_pullback_side', 'effective_idx': 667, 'timeframe': 'M15', 'use_case': 'reversal', 'parent_tf': 'H1', 'parent_sid': 0, 'parent_cycle_id': 1, 'structure_path_id': 'H1.main >> M15.confluence', 'sub_sid': 1, 'started_by': 'reversal', 'start_trigger_idx': 2829}"
3257,STATE,STATE_CHANGED,,"{'from': 'pullback', 'to': 'pullback_range', 'structure_id': 0, 'struct_direction': -1, 'reason': 'replay_no_expand_pullback_side', 'effective_idx': 668, 'timeframe': 'M15', 'use_case': 'reversal', 'parent_tf': 'H1', 'parent_sid': 0, 'parent_cycle_id': 1, 'structure_path_id': 'H1.main >> M15.confluence', 'sub_sid': 1, 'started_by': 'reversal', 'start_trigger_idx': 2829}"
3279,RANGE,RANGE_UPDATED,,"{'hi': 0.57968, 'lo': 0.574, 'structure_id': 0, 'struct_direction': -1, 'timeframe': 'M15', 'use_case': 'reversal', 'parent_tf': 'H1', 'parent_sid': 0, 'parent_cycle_id': 1, 'structure_path_id': 'H1.main >> M15.confluence', 'sub_sid': 1, 'started_by': 'reversal', 'start_trigger_idx': 2829}"
3279,STATE,STATE_CHANGED,,"{'from': 'pullback_range', 'to': 'pullback', 'structure_id': 0, 'struct_direction': -1, 'reason': 'replay_expand_pullback_side', 'effective_idx': 690, 'timeframe': 'M15', 'use_case': 'reversal', 'parent_tf': 'H1', 'parent_sid': 0, 'parent_cycle_id': 1, 'structure_path_id': 'H1.main >> M15.confluence', 'sub_sid': 1, 'started_by': 'reversal', 'start_trigger_idx': 2829}"
3280,RANGE,RANGE_UPDATED,,"{'hi': 0.57993, 'lo': 0.574, 'structure_id': 0, 'struct_direction': -1, 'timeframe': 'M15', 'use_case': 'reversal', 'parent_tf': 'H1', 'parent_sid': 0, 'parent_cycle_id': 1, 'structure_path_id': 'H1.main >> M15.confluence', 'sub_sid': 1, 'started_by': 'reversal', 'start_trigger_idx': 2829}"
3281,STATE,STATE_CHANGED,,"{'from': 'pullback', 'to': 'pullback_range', 'structure_id': 0, 'struct_direction': -1, 'reason': 'replay_no_expand_pullback_side', 'effective_idx': 692, 'timeframe': 'M15', 'use_case': 'reversal', 'parent_tf': 'H1', 'parent_sid': 0, 'parent_cycle_id': 1, 'structure_path_id': 'H1.main >> M15.confluence', 'sub_sid': 1, 'started_by': 'reversal', 'start_trigger_idx': 2829}"
3282,RANGE,RANGE_UPDATED,,"{'hi': 0.57995, 'lo': 0.574, 'structure_id': 0, 'struct_direction': -1, 'timeframe': 'M15', 'use_case': 'reversal', 'parent_tf': 'H1', 'parent_sid': 0, 'parent_cycle_id': 1, 'structure_path_id': 'H1.main >> M15.confluence', 'sub_sid': 1, 'started_by': 'reversal', 'start_trigger_idx': 2829}"
3282,STATE,STATE_CHANGED,,"{'from': 'pullback_range', 'to': 'pullback', 'structure_id': 0, 'struct_direction': -1, 'reason': 'replay_expand_pullback_side', 'effective_idx': 693, 'timeframe': 'M15', 'use_case': 'reversal', 'parent_tf': 'H1', 'parent_sid': 0, 'parent_cycle_id': 1, 'structure_path_id': 'H1.main >> M15.confluence', 'sub_sid': 1, 'started_by': 'reversal', 'start_trigger_idx': 2829}"
3283,RANGE,RANGE_UPDATED,,"{'hi': 0.58064, 'lo': 0.574, 'structure_id': 0, 'struct_direction': -1, 'timeframe': 'M15', 'use_case': 'reversal', 'parent_tf': 'H1', 'parent_sid': 0, 'parent_cycle_id': 1, 'structure_path_id': 'H1.main >> M15.confluence', 'sub_sid': 1, 'started_by': 'reversal', 'start_trigger_idx': 2829}"
3284,STATE,STATE_CHANGED,,"{'from': 'pullback', 'to': 'pullback_range', 'structure_id': 0, 'struct_direction': -1, 'reason': 'replay_no_expand_pullback_side', 'effective_idx': 695, 'timeframe': 'M15', 'use_case': 'reversal', 'parent_tf': 'H1', 'parent_sid': 0, 'parent_cycle_id': 1, 'structure_path_id': 'H1.main >> M15.confluence', 'sub_sid': 1, 'started_by': 'reversal', 'start_trigger_idx': 2829}"
3299,RANGE,RANGE_UPDATED,,"{'hi': 0.58078, 'lo': 0.574, 'structure_id': 0, 'struct_direction': -1, 'timeframe': 'M15', 'use_case': 'reversal', 'parent_tf': 'H1', 'parent_sid': 0, 'parent_cycle_id': 1, 'structure_path_id': 'H1.main >> M15.confluence', 'sub_sid': 1, 'started_by': 'reversal', 'start_trigger_idx': 2829}"
3299,STATE,STATE_CHANGED,,"{'from': 'pullback_range', 'to': 'pullback', 'structure_id': 0, 'struct_direction': -1, 'reason': 'replay_expand_pullback_side', 'effective_idx': 710, 'timeframe': 'M15', 'use_case': 'reversal', 'parent_tf': 'H1', 'parent_sid': 0, 'parent_cycle_id': 1, 'structure_path_id': 'H1.main >> M15.confluence', 'sub_sid': 1, 'started_by': 'reversal', 'start_trigger_idx': 2829}"
3300,RANGE,RANGE_UPDATED,,"{'hi': 0.581, 'lo': 0.574, 'structure_id': 0, 'struct_direction': -1, 'timeframe': 'M15', 'use_case': 'reversal', 'parent_tf': 'H1', 'parent_sid': 0, 'parent_cycle_id': 1, 'structure_path_id': 'H1.main >> M15.confluence', 'sub_sid': 1, 'started_by': 'reversal', 'start_trigger_idx': 2829}"
3301,STATE,STATE_CHANGED,,"{'from': 'pullback', 'to': 'pullback_range', 'structure_id': 0, 'struct_direction': -1, 'reason': 'replay_no_expand_pullback_side', 'effective_idx': 712, 'timeframe': 'M15', 'use_case': 'reversal', 'parent_tf': 'H1', 'parent_sid': 0, 'parent_cycle_id': 1, 'structure_path_id': 'H1.main >> M15.confluence', 'sub_sid': 1, 'started_by': 'reversal', 'start_trigger_idx': 2829}"
3304,RANGE,RANGE_UPDATED,,"{'hi': 0.58105, 'lo': 0.574, 'structure_id': 0, 'struct_direction': -1, 'timeframe': 'M15', 'use_case': 'reversal', 'parent_tf': 'H1', 'parent_sid': 0, 'parent_cycle_id': 1, 'structure_path_id': 'H1.main >> M15.confluence', 'sub_sid': 1, 'started_by': 'reversal', 'start_trigger_idx': 2829}"
3304,STATE,STATE_CHANGED,,"{'from': 'pullback_range', 'to': 'pullback', 'structure_id': 0, 'struct_direction': -1, 'reason': 'replay_expand_pullback_side', 'effective_idx': 715, 'timeframe': 'M15', 'use_case': 'reversal', 'parent_tf': 'H1', 'parent_sid': 0, 'parent_cycle_id': 1, 'structure_path_id': 'H1.main >> M15.confluence', 'sub_sid': 1, 'started_by': 'reversal', 'start_trigger_idx': 2829}"
3305,STATE,STATE_CHANGED,,"{'from': 'pullback', 'to': 'pullback_range', 'structure_id': 0, 'struct_direction': -1, 'reason': 'replay_no_expand_pullback_side', 'effective_idx': 716, 'timeframe': 'M15', 'use_case': 'reversal', 'parent_tf': 'H1', 'parent_sid': 0, 'parent_cycle_id': 1, 'structure_path_id': 'H1.main >> M15.confluence', 'sub_sid': 1, 'started_by': 'reversal', 'start_trigger_idx': 2829}"
3521,RANGE,RANGE_UPDATED,,"{'hi': 0.58105, 'lo': 0.57376, 'structure_id': 0, 'struct_direction': -1, 'timeframe': 'M15', 'use_case': 'reversal', 'parent_tf': 'H1', 'parent_sid': 0, 'parent_cycle_id': 1, 'structure_path_id': 'H1.main >> M15.confluence', 'sub_sid': 1, 'started_by': 'reversal', 'start_trigger_idx': 2829}"
3521,STRUCTURE,CTS_THRESHOLD_UPDATED,0.57376,"{'prev': 0.574, 'reason': 'range_sync', 'cycle_id': 2, 'structure_id': 0, 'struct_direction': -1, 'timeframe': 'M15', 'use_case': 'reversal', 'parent_tf': 'H1', 'parent_sid': 0, 'parent_cycle_id': 1, 'structure_path_id': 'H1.main >> M15.confluence', 'sub_sid': 1, 'started_by': 'reversal', 'start_trigger_idx': 2829}"
3589,RANGE,RANGE_RESET,,"{'reason': 'range_breakout', 'pat': 'one_maru_continuous', 'structure_id': 0, 'struct_direction': -1, 'timeframe': 'M15', 'use_case': 'reversal', 'parent_tf': 'H1', 'parent_sid': 0, 'parent_cycle_id': 1, 'structure_path_id': 'H1.main >> M15.confluence', 'sub_sid': 1, 'started_by': 'reversal', 'start_trigger_idx': 2829}"
3589,STRUCTURE,CTS_ESTABLISHED,0.57318,"{'via': 'one_maru_continuous', 'anchor_idx': 3588, 'pattern_name': 'one_maru_continuous', 'confirmed_at': 3589, 'cycle_id': 3, 'structure_id': 0, 'struct_direction': -1, 'timeframe': 'M15', 'use_case': 'reversal', 'parent_tf': 'H1', 'parent_sid': 0, 'parent_cycle_id': 1, 'structure_path_id': 'H1.main >> M15.confluence', 'sub_sid': 1, 'started_by': 'reversal', 'start_trigger_idx': 2829}"
3304,STRUCTURE,BOS_CONFIRMED,0.58105,"{'source': 'pullback_extreme', 'confirmed_at': 3589, 'pb_start': 497, 'cycle_id': 3, 'structure_id': 0, 'struct_direction': -1, 'timeframe': 'M15', 'use_case': 'reversal', 'parent_tf': 'H1', 'parent_sid': 0, 'parent_cycle_id': 1, 'structure_path_id': 'H1.main >> M15.confluence', 'sub_sid': 1, 'started_by': 'reversal', 'start_trigger_idx': 2829}"
3589,STATE,STATE_CHANGED,,"{'from': 'pullback_range', 'to': 'breakout', 'structure_id': 0, 'struct_direction': -1, 'reason': 'breakout_pattern', 'pat': 'one_maru_continuous', 'effective_idx': 1000, 'timeframe': 'M15', 'use_case': 'reversal', 'parent_tf': 'H1', 'parent_sid': 0, 'parent_cycle_id': 1, 'structure_path_id': 'H1.main >> M15.confluence', 'sub_sid': 1, 'started_by': 'reversal', 'start_trigger_idx': 2829}"
3590,STRUCTURE,CTS_UPDATED,0.57314,"{'via': 'replay_raw', 'cycle_id': 3, 'structure_id': 0, 'struct_direction': -1, 'timeframe': 'M15', 'use_case': 'reversal', 'parent_tf': 'H1', 'parent_sid': 0, 'parent_cycle_id': 1, 'structure_path_id': 'H1.main >> M15.confluence', 'sub_sid': 1, 'started_by': 'reversal', 'start_trigger_idx': 2829}"
3591,STRUCTURE,CTS_UPDATED,0.57305,"{'via': 'replay_raw', 'cycle_id': 3, 'structure_id': 0, 'struct_direction': -1, 'timeframe': 'M15', 'use_case': 'reversal', 'parent_tf': 'H1', 'parent_sid': 0, 'parent_cycle_id': 1, 'structure_path_id': 'H1.main >> M15.confluence', 'sub_sid': 1, 'started_by': 'reversal', 'start_trigger_idx': 2829}"
3592,STRUCTURE,CTS_UPDATED,0.57298,"{'via': 'replay_raw', 'cycle_id': 3, 'structure_id': 0, 'struct_direction': -1, 'timeframe': 'M15', 'use_case': 'reversal', 'parent_tf': 'H1', 'parent_sid': 0, 'parent_cycle_id': 1, 'structure_path_id': 'H1.main >> M15.confluence', 'sub_sid': 1, 'started_by': 'reversal', 'start_trigger_idx': 2829}"
3593,STRUCTURE,CTS_UPDATED,0.57282,"{'via': 'replay_raw', 'cycle_id': 3, 'structure_id': 0, 'struct_direction': -1, 'timeframe': 'M15', 'use_case': 'reversal', 'parent_tf': 'H1', 'parent_sid': 0, 'parent_cycle_id': 1, 'structure_path_id': 'H1.main >> M15.confluence', 'sub_sid': 1, 'started_by': 'reversal', 'start_trigger_idx': 2829}"
3594,STRUCTURE,CTS_UPDATED,0.57272,"{'via': 'replay_raw', 'cycle_id': 3, 'structure_id': 0, 'struct_direction': -1, 'timeframe': 'M15', 'use_case': 'reversal', 'parent_tf': 'H1', 'parent_sid': 0, 'parent_cycle_id': 1, 'structure_path_id': 'H1.main >> M15.confluence', 'sub_sid': 1, 'started_by': 'reversal', 'start_trigger_idx': 2829}"
3595,RANGE,RANGE_STARTED,,"{'start_idx': 1001, 'confirm_idx': 1006, 'hi': 0.57344, 'lo': 0.57272, 'cts_idx': 1005, 'cts_price': 0.57272, 'structure_id': 0, 'struct_direction': -1, 'timeframe': 'M15', 'use_case': 'reversal', 'parent_tf': 'H1', 'parent_sid': 0, 'parent_cycle_id': 1, 'structure_path_id': 'H1.main >> M15.confluence', 'sub_sid': 1, 'started_by': 'reversal', 'start_trigger_idx': 2829}"
3595,STATE,STATE_CHANGED,,"{'from': 'breakout', 'to': 'range', 'structure_id': 0, 'struct_direction': -1, 'reason': 'range_confirmed', 'effective_idx': 1001, 'timeframe': 'M15', 'use_case': 'reversal', 'parent_tf': 'H1', 'parent_sid': 0, 'parent_cycle_id': 1, 'structure_path_id': 'H1.main >> M15.confluence', 'sub_sid': 1, 'started_by': 'reversal', 'start_trigger_idx': 2829}"
3592,RANGE,RANGE_UPDATED,,"{'hi': 0.57345, 'lo': 0.57272, 'structure_id': 0, 'struct_direction': -1, 'timeframe': 'M15', 'use_case': 'reversal', 'parent_tf': 'H1', 'parent_sid': 0, 'parent_cycle_id': 1, 'structure_path_id': 'H1.main >> M15.confluence', 'sub_sid': 1, 'started_by': 'reversal', 'start_trigger_idx': 2829}"
3596,RANGE,RANGE_UPDATED,,"{'hi': 0.57347, 'lo': 0.57272, 'structure_id': 0, 'struct_direction': -1, 'timeframe': 'M15', 'use_case': 'reversal', 'parent_tf': 'H1', 'parent_sid': 0, 'parent_cycle_id': 1, 'structure_path_id': 'H1.main >> M15.confluence', 'sub_sid': 1, 'started_by': 'reversal', 'start_trigger_idx': 2829}"
3601,RANGE,RANGE_UPDATED,,"{'hi': 0.57347, 'lo': 0.57269, 'structure_id': 0, 'struct_direction': -1, 'timeframe': 'M15', 'use_case': 'reversal', 'parent_tf': 'H1', 'parent_sid': 0, 'parent_cycle_id': 1, 'structure_path_id': 'H1.main >> M15.confluence', 'sub_sid': 1, 'started_by': 'reversal', 'start_trigger_idx': 2829}"
3601,STRUCTURE,CTS_UPDATED,0.57269,"{'via': 'replay_raw', 'cycle_id': 3, 'structure_id': 0, 'struct_direction': -1, 'timeframe': 'M15', 'use_case': 'reversal', 'parent_tf': 'H1', 'parent_sid': 0, 'parent_cycle_id': 1, 'structure_path_id': 'H1.main >> M15.confluence', 'sub_sid': 1, 'started_by': 'reversal', 'start_trigger_idx': 2829}"
3602,RANGE,RANGE_UPDATED,,"{'hi': 0.57347, 'lo': 0.57264, 'structure_id': 0, 'struct_direction': -1, 'timeframe': 'M15', 'use_case': 'reversal', 'parent_tf': 'H1', 'parent_sid': 0, 'parent_cycle_id': 1, 'structure_path_id': 'H1.main >> M15.confluence', 'sub_sid': 1, 'started_by': 'reversal', 'start_trigger_idx': 2829}"
3602,STRUCTURE,CTS_UPDATED,0.57264,"{'via': 'replay_raw', 'cycle_id': 3, 'structure_id': 0, 'struct_direction': -1, 'timeframe': 'M15', 'use_case': 'reversal', 'parent_tf': 'H1', 'parent_sid': 0, 'parent_cycle_id': 1, 'structure_path_id': 'H1.main >> M15.confluence', 'sub_sid': 1, 'started_by': 'reversal', 'start_trigger_idx': 2829}"
3605,RANGE,RANGE_UPDATED,,"{'hi': 0.57347, 'lo': 0.57263, 'structure_id': 0, 'struct_direction': -1, 'timeframe': 'M15', 'use_case': 'reversal', 'parent_tf': 'H1', 'parent_sid': 0, 'parent_cycle_id': 1, 'structure_path_id': 'H1.main >> M15.confluence', 'sub_sid': 1, 'started_by': 'reversal', 'start_trigger_idx': 2829}"
3605,STRUCTURE,CTS_UPDATED,0.57263,"{'via': 'replay_raw', 'cycle_id': 3, 'structure_id': 0, 'struct_direction': -1, 'timeframe': 'M15', 'use_case': 'reversal', 'parent_tf': 'H1', 'parent_sid': 0, 'parent_cycle_id': 1, 'structure_path_id': 'H1.main >> M15.confluence', 'sub_sid': 1, 'started_by': 'reversal', 'start_trigger_idx': 2829}"
3608,RANGE,RANGE_UPDATED,,"{'hi': 0.57347, 'lo': 0.57258, 'structure_id': 0, 'struct_direction': -1, 'timeframe': 'M15', 'use_case': 'reversal', 'parent_tf': 'H1', 'parent_sid': 0, 'parent_cycle_id': 1, 'structure_path_id': 'H1.main >> M15.confluence', 'sub_sid': 1, 'started_by': 'reversal', 'start_trigger_idx': 2829}"
3608,STRUCTURE,CTS_UPDATED,0.57258,"{'via': 'replay_raw', 'cycle_id': 3, 'structure_id': 0, 'struct_direction': -1, 'timeframe': 'M15', 'use_case': 'reversal', 'parent_tf': 'H1', 'parent_sid': 0, 'parent_cycle_id': 1, 'structure_path_id': 'H1.main >> M15.confluence', 'sub_sid': 1, 'started_by': 'reversal', 'start_trigger_idx': 2829}"
3609,RANGE,RANGE_UPDATED,,"{'hi': 0.57347, 'lo': 0.57234, 'structure_id': 0, 'struct_direction': -1, 'timeframe': 'M15', 'use_case': 'reversal', 'parent_tf': 'H1', 'parent_sid': 0, 'parent_cycle_id': 1, 'structure_path_id': 'H1.main >> M15.confluence', 'sub_sid': 1, 'started_by': 'reversal', 'start_trigger_idx': 2829}"
3609,STRUCTURE,CTS_UPDATED,0.57234,"{'via': 'replay_raw', 'cycle_id': 3, 'structure_id': 0, 'struct_direction': -1, 'timeframe': 'M15', 'use_case': 'reversal', 'parent_tf': 'H1', 'parent_sid': 0, 'parent_cycle_id': 1, 'structure_path_id': 'H1.main >> M15.confluence', 'sub_sid': 1, 'started_by': 'reversal', 'start_trigger_idx': 2829}"
3610,RANGE,RANGE_UPDATED,,"{'hi': 0.57347, 'lo': 0.5723, 'structure_id': 0, 'struct_direction': -1, 'timeframe': 'M15', 'use_case': 'reversal', 'parent_tf': 'H1', 'parent_sid': 0, 'parent_cycle_id': 1, 'structure_path_id': 'H1.main >> M15.confluence', 'sub_sid': 1, 'started_by': 'reversal', 'start_trigger_idx': 2829}"
3610,STRUCTURE,CTS_UPDATED,0.5723,"{'via': 'replay_raw', 'cycle_id': 3, 'structure_id': 0, 'struct_direction': -1, 'timeframe': 'M15', 'use_case': 'reversal', 'parent_tf': 'H1', 'parent_sid': 0, 'parent_cycle_id': 1, 'structure_path_id': 'H1.main >> M15.confluence', 'sub_sid': 1, 'started_by': 'reversal', 'start_trigger_idx': 2829}"
3611,RANGE,RANGE_UPDATED,,"{'hi': 0.57347, 'lo': 0.57228, 'structure_id': 0, 'struct_direction': -1, 'timeframe': 'M15', 'use_case': 'reversal', 'parent_tf': 'H1', 'parent_sid': 0, 'parent_cycle_id': 1, 'structure_path_id': 'H1.main >> M15.confluence', 'sub_sid': 1, 'started_by': 'reversal', 'start_trigger_idx': 2829}"
3611,STRUCTURE,CTS_UPDATED,0.57228,"{'via': 'replay_raw', 'cycle_id': 3, 'structure_id': 0, 'struct_direction': -1, 'timeframe': 'M15', 'use_case': 'reversal', 'parent_tf': 'H1', 'parent_sid': 0, 'parent_cycle_id': 1, 'structure_path_id': 'H1.main >> M15.confluence', 'sub_sid': 1, 'started_by': 'reversal', 'start_trigger_idx': 2829}"
2811,STRUCTURE,CTS_ESTABLISHED,0.5825,"{'via': 'double_maru', 'anchor_idx': 2810, 'pattern_name': 'double_maru', 'confirmed_at': 2811, 'cycle_id': 0, 'structure_id': 0, 'struct_direction': -1, 'timeframe': 'M15', 'use_case': 'first_confluence', 'parent_tf': 'H1', 'parent_sid': 1, 'parent_cycle_id': 0, 'structure_path_id': 'H1.main >> M15.confluence', 'sub_sid': 0, 'started_by': 'first_confluence', 'start_trigger_idx': 2843}"
2803,STRUCTURE,BOS_CONFIRMED,0.58336,"{'source': 'initial_prior_extreme', 'confirmed_at': 2811, 'pb_start': None, 'cycle_id': 0, 'structure_id': 0, 'struct_direction': -1, 'timeframe': 'M15', 'use_case': 'first_confluence', 'parent_tf': 'H1', 'parent_sid': 1, 'parent_cycle_id': 0, 'structure_path_id': 'H1.main >> M15.confluence', 'sub_sid': 0, 'started_by': 'first_confluence', 'start_trigger_idx': 2843}"
2811,STATE,STATE_CHANGED,,"{'from': 'none', 'to': 'breakout', 'structure_id': 0, 'struct_direction': -1, 'reason': 'breakout_pattern', 'pat': 'double_maru', 'effective_idx': 58, 'timeframe': 'M15', 'use_case': 'first_confluence', 'parent_tf': 'H1', 'parent_sid': 1, 'parent_cycle_id': 0, 'structure_path_id': 'H1.main >> M15.confluence', 'sub_sid': 0, 'started_by': 'first_confluence', 'start_trigger_idx': 2843}"
2812,STRUCTURE,CTS_UPDATED,0.5821,"{'via': 'replay_raw', 'cycle_id': 0, 'structure_id': 0, 'struct_direction': -1, 'timeframe': 'M15', 'use_case': 'first_confluence', 'parent_tf': 'H1', 'parent_sid': 1, 'parent_cycle_id': 0, 'structure_path_id': 'H1.main >> M15.confluence', 'sub_sid': 0, 'started_by': 'first_confluence', 'start_trigger_idx': 2843}"
2813,STRUCTURE,CTS_UPDATED,0.58198,"{'via': 'replay_raw', 'cycle_id': 0, 'structure_id': 0, 'struct_direction': -1, 'timeframe': 'M15', 'use_case': 'first_confluence', 'parent_tf': 'H1', 'parent_sid': 1, 'parent_cycle_id': 0, 'structure_path_id': 'H1.main >> M15.confluence', 'sub_sid': 0, 'started_by': 'first_confluence', 'start_trigger_idx': 2843}"
2815,STRUCTURE,CTS_UPDATED,0.58195,"{'via': 'replay_raw', 'cycle_id': 0, 'structure_id': 0, 'struct_direction': -1, 'timeframe': 'M15', 'use_case': 'first_confluence', 'parent_tf': 'H1', 'parent_sid': 1, 'parent_cycle_id': 0, 'structure_path_id': 'H1.main >> M15.confluence', 'sub_sid': 0, 'started_by': 'first_confluence', 'start_trigger_idx': 2843}"
2816,STRUCTURE,CTS_UPDATED,0.58178,"{'via': 'continuous', 'cycle_id': 0, 'structure_id': 0, 'struct_direction': -1, 'timeframe': 'M15', 'use_case': 'first_confluence', 'parent_tf': 'H1', 'parent_sid': 1, 'parent_cycle_id': 0, 'structure_path_id': 'H1.main >> M15.confluence', 'sub_sid': 0, 'started_by': 'first_confluence', 'start_trigger_idx': 2843}"
2817,STRUCTURE,CTS_UPDATED,0.58166,"{'via': 'replay_raw', 'cycle_id': 0, 'structure_id': 0, 'struct_direction': -1, 'timeframe': 'M15', 'use_case': 'first_confluence', 'parent_tf': 'H1', 'parent_sid': 1, 'parent_cycle_id': 0, 'structure_path_id': 'H1.main >> M15.confluence', 'sub_sid': 0, 'started_by': 'first_confluence', 'start_trigger_idx': 2843}"
2819,RANGE,RANGE_STARTED,,"{'start_idx': 64, 'confirm_idx': 66, 'hi': 0.58215, 'lo': 0.58166, 'cts_idx': 64, 'cts_price': 0.58166, 'structure_id': 0, 'struct_direction': -1, 'timeframe': 'M15', 'use_case': 'first_confluence', 'parent_tf': 'H1', 'parent_sid': 1, 'parent_cycle_id': 0, 'structure_path_id': 'H1.main >> M15.confluence', 'sub_sid': 0, 'started_by': 'first_confluence', 'start_trigger_idx': 2843}"
2819,STATE,STATE_CHANGED,,"{'from': 'breakout', 'to': 'range', 'structure_id': 0, 'struct_direction': -1, 'reason': 'range_confirmed', 'effective_idx': 64, 'timeframe': 'M15', 'use_case': 'first_confluence', 'parent_tf': 'H1', 'parent_sid': 1, 'parent_cycle_id': 0, 'structure_path_id': 'H1.main >> M15.confluence', 'sub_sid': 0, 'started_by': 'first_confluence', 'start_trigger_idx': 2843}"
2820,RANGE,RANGE_UPDATED,,"{'hi': 0.58215, 'lo': 0.58156, 'structure_id': 0, 'struct_direction': -1, 'timeframe': 'M15', 'use_case': 'first_confluence', 'parent_tf': 'H1', 'parent_sid': 1, 'parent_cycle_id': 0, 'structure_path_id': 'H1.main >> M15.confluence', 'sub_sid': 0, 'started_by': 'first_confluence', 'start_trigger_idx': 2843}"
2820,STRUCTURE,CTS_UPDATED,0.58156,"{'via': 'replay_raw', 'cycle_id': 0, 'structure_id': 0, 'struct_direction': -1, 'timeframe': 'M15', 'use_case': 'first_confluence', 'parent_tf': 'H1', 'parent_sid': 1, 'parent_cycle_id': 0, 'structure_path_id': 'H1.main >> M15.confluence', 'sub_sid': 0, 'started_by': 'first_confluence', 'start_trigger_idx': 2843}"
2821,RANGE,RANGE_UPDATED,,"{'hi': 0.58233, 'lo': 0.58156, 'structure_id': 0, 'struct_direction': -1, 'timeframe': 'M15', 'use_case': 'first_confluence', 'parent_tf': 'H1', 'parent_sid': 1, 'parent_cycle_id': 0, 'structure_path_id': 'H1.main >> M15.confluence', 'sub_sid': 0, 'started_by': 'first_confluence', 'start_trigger_idx': 2843}"
2822,RANGE,RANGE_UPDATED,,"{'hi': 0.58251, 'lo': 0.58156, 'structure_id': 0, 'struct_direction': -1, 'timeframe': 'M15', 'use_case': 'first_confluence', 'parent_tf': 'H1', 'parent_sid': 1, 'parent_cycle_id': 0, 'structure_path_id': 'H1.main >> M15.confluence', 'sub_sid': 0, 'started_by': 'first_confluence', 'start_trigger_idx': 2843}"
2824,STRUCTURE,CTS_UPDATED,0.58078,"{'via': 'replay_raw', 'cycle_id': 0, 'structure_id': 0, 'struct_direction': -1, 'timeframe': 'M15', 'use_case': 'first_confluence', 'parent_tf': 'H1', 'parent_sid': 1, 'parent_cycle_id': 0, 'structure_path_id': 'H1.main >> M15.confluence', 'sub_sid': 0, 'started_by': 'first_confluence', 'start_trigger_idx': 2843}"
2828,STRUCTURE,CTS_UPDATED,0.5803,"{'via': 'replay_raw', 'cycle_id': 0, 'structure_id': 0, 'struct_direction': -1, 'timeframe': 'M15', 'use_case': 'first_confluence', 'parent_tf': 'H1', 'parent_sid': 1, 'parent_cycle_id': 0, 'structure_path_id': 'H1.main >> M15.confluence', 'sub_sid': 0, 'started_by': 'first_confluence', 'start_trigger_idx': 2843}"
2829,RANGE,RANGE_RESET,,"{'reason': 'range_breakout', 'pat': 'one_maru_opposite', 'structure_id': 0, 'struct_direction': -1, 'timeframe': 'M15', 'use_case': 'first_confluence', 'parent_tf': 'H1', 'parent_sid': 1, 'parent_cycle_id': 0, 'structure_path_id': 'H1.main >> M15.confluence', 'sub_sid': 0, 'started_by': 'first_confluence', 'start_trigger_idx': 2843}"
2828,STRUCTURE,CTS_UPDATED,0.5803,"{'via': 'one_maru_opposite', 'cycle_id': 0, 'structure_id': 0, 'struct_direction': -1, 'timeframe': 'M15', 'use_case': 'first_confluence', 'parent_tf': 'H1', 'parent_sid': 1, 'parent_cycle_id': 0, 'structure_path_id': 'H1.main >> M15.confluence', 'sub_sid': 0, 'started_by': 'first_confluence', 'start_trigger_idx': 2843}"
2829,STATE,STATE_CHANGED,,"{'from': 'range', 'to': 'breakout', 'structure_id': 0, 'struct_direction': -1, 'reason': 'breakout_pattern', 'pat': 'one_maru_opposite', 'effective_idx': 76, 'timeframe': 'M15', 'use_case': 'first_confluence', 'parent_tf': 'H1', 'parent_sid': 1, 'parent_cycle_id': 0, 'structure_path_id': 'H1.main >> M15.confluence', 'sub_sid': 0, 'started_by': 'first_confluence', 'start_trigger_idx': 2843}"
2832,RANGE,RANGE_STARTED,,"{'start_idx': 77, 'confirm_idx': 79, 'hi': 0.58112, 'lo': 0.5803, 'cts_idx': 75, 'cts_price': 0.5803, 'structure_id': 0, 'struct_direction': -1, 'timeframe': 'M15', 'use_case': 'first_confluence', 'parent_tf': 'H1', 'parent_sid': 1, 'parent_cycle_id': 0, 'structure_path_id': 'H1.main >> M15.confluence', 'sub_sid': 0, 'started_by': 'first_confluence', 'start_trigger_idx': 2843}"
2832,STATE,STATE_CHANGED,,"{'from': 'breakout', 'to': 'range', 'structure_id': 0, 'struct_direction': -1, 'reason': 'range_confirmed', 'effective_idx': 77, 'timeframe': 'M15', 'use_case': 'first_confluence', 'parent_tf': 'H1', 'parent_sid': 1, 'parent_cycle_id': 0, 'structure_path_id': 'H1.main >> M15.confluence', 'sub_sid': 0, 'started_by': 'first_confluence', 'start_trigger_idx': 2843}"
2836,RANGE,RANGE_UPDATED,,"{'hi': 0.58112, 'lo': 0.57996, 'structure_id': 0, 'struct_direction': -1, 'timeframe': 'M15', 'use_case': 'first_confluence', 'parent_tf': 'H1', 'parent_sid': 1, 'parent_cycle_id': 0, 'structure_path_id': 'H1.main >> M15.confluence', 'sub_sid': 0, 'started_by': 'first_confluence', 'start_trigger_idx': 2843}"
2836,STRUCTURE,CTS_UPDATED,0.57996,"{'via': 'replay_raw', 'cycle_id': 0, 'structure_id': 0, 'struct_direction': -1, 'timeframe': 'M15', 'use_case': 'first_confluence', 'parent_tf': 'H1', 'parent_sid': 1, 'parent_cycle_id': 0, 'structure_path_id': 'H1.main >> M15.confluence', 'sub_sid': 0, 'started_by': 'first_confluence', 'start_trigger_idx': 2843}"
2837,RANGE,RANGE_UPDATED,,"{'hi': 0.58112, 'lo': 0.5799, 'structure_id': 0, 'struct_direction': -1, 'timeframe': 'M15', 'use_case': 'first_confluence', 'parent_tf': 'H1', 'parent_sid': 1, 'parent_cycle_id': 0, 'structure_path_id': 'H1.main >> M15.confluence', 'sub_sid': 0, 'started_by': 'first_confluence', 'start_trigger_idx': 2843}"
2837,STRUCTURE,CTS_UPDATED,0.5799,"{'via': 'replay_raw', 'cycle_id': 0, 'structure_id': 0, 'struct_direction': -1, 'timeframe': 'M15', 'use_case': 'first_confluence', 'parent_tf': 'H1', 'parent_sid': 1, 'parent_cycle_id': 0, 'structure_path_id': 'H1.main >> M15.confluence', 'sub_sid': 0, 'started_by': 'first_confluence', 'start_trigger_idx': 2843}"
2838,RANGE,RANGE_UPDATED,,"{'hi': 0.58112, 'lo': 0.57989, 'structure_id': 0, 'struct_direction': -1, 'timeframe': 'M15', 'use_case': 'first_confluence', 'parent_tf': 'H1', 'parent_sid': 1, 'parent_cycle_id': 0, 'structure_path_id': 'H1.main >> M15.confluence', 'sub_sid': 0, 'started_by': 'first_confluence', 'start_trigger_idx': 2843}"
2838,STRUCTURE,CTS_UPDATED,0.57989,"{'via': 'replay_raw', 'cycle_id': 0, 'structure_id': 0, 'struct_direction': -1, 'timeframe': 'M15', 'use_case': 'first_confluence', 'parent_tf': 'H1', 'parent_sid': 1, 'parent_cycle_id': 0, 'structure_path_id': 'H1.main >> M15.confluence', 'sub_sid': 0, 'started_by': 'first_confluence', 'start_trigger_idx': 2843}"
2840,STRUCTURE,CTS_UPDATED,0.57966,"{'via': 'replay_raw', 'cycle_id': 0, 'structure_id': 0, 'struct_direction': -1, 'timeframe': 'M15', 'use_case': 'first_confluence', 'parent_tf': 'H1', 'parent_sid': 1, 'parent_cycle_id': 0, 'structure_path_id': 'H1.main >> M15.confluence', 'sub_sid': 0, 'started_by': 'first_confluence', 'start_trigger_idx': 2843}"
2841,STRUCTURE,CTS_UPDATED,0.57907,"{'via': 'replay_raw', 'cycle_id': 0, 'structure_id': 0, 'struct_direction': -1, 'timeframe': 'M15', 'use_case': 'first_confluence', 'parent_tf': 'H1', 'parent_sid': 1, 'parent_cycle_id': 0, 'structure_path_id': 'H1.main >> M15.confluence', 'sub_sid': 0, 'started_by': 'first_confluence', 'start_trigger_idx': 2843}"
2842,RANGE,RANGE_RESET,,"{'reason': 'range_breakout', 'pat': 'one_maru_continuous', 'structure_id': 0, 'struct_direction': -1, 'timeframe': 'M15', 'use_case': 'first_confluence', 'parent_tf': 'H1', 'parent_sid': 1, 'parent_cycle_id': 0, 'structure_path_id': 'H1.main >> M15.confluence', 'sub_sid': 0, 'started_by': 'first_confluence', 'start_trigger_idx': 2843}"
2842,STRUCTURE,CTS_UPDATED,0.57902,"{'via': 'one_maru_continuous', 'cycle_id': 0, 'structure_id': 0, 'struct_direction': -1, 'timeframe': 'M15', 'use_case': 'first_confluence', 'parent_tf': 'H1', 'parent_sid': 1, 'parent_cycle_id': 0, 'structure_path_id': 'H1.main >> M15.confluence', 'sub_sid': 0, 'started_by': 'first_confluence', 'start_trigger_idx': 2843}"
2842,STATE,STATE_CHANGED,,"{'from': 'range', 'to': 'breakout', 'structure_id': 0, 'struct_direction': -1, 'reason': 'breakout_pattern', 'pat': 'one_maru_continuous', 'effective_idx': 89, 'timeframe': 'M15', 'use_case': 'first_confluence', 'parent_tf': 'H1', 'parent_sid': 1, 'parent_cycle_id': 0, 'structure_path_id': 'H1.main >> M15.confluence', 'sub_sid': 0, 'started_by': 'first_confluence', 'start_trigger_idx': 2843}"
2844,RANGE,RANGE_STARTED,,"{'reason': 'pullback_created_range', 'cts_idx': 89, 'cts_price': 0.57902, 'pullback_apply_idx': 91, 'hi': 0.57982, 'lo': 0.57902, 'pat': 'one_maru_continuous', 'structure_id': 0, 'struct_direction': -1, 'timeframe': 'M15', 'use_case': 'first_confluence', 'parent_tf': 'H1', 'parent_sid': 1, 'parent_cycle_id': 0, 'structure_path_id': 'H1.main >> M15.confluence', 'sub_sid': 0, 'started_by': 'first_confluence', 'start_trigger_idx': 2843}"
2844,STRUCTURE,CTS_CONFIRMED,0.57902,"{'via': 'one_maru_continuous', 'cycle_id': 0, 'structure_id': 0, 'struct_direction': -1, 'confirmed_at': 2844, 'cts_anchor_idx': 2842, 'confirmation_method': 'pullback', 'timeframe': 'M15', 'use_case': 'first_confluence', 'parent_tf': 'H1', 'parent_sid': 1, 'parent_cycle_id': 0, 'structure_path_id': 'H1.main >> M15.confluence', 'sub_sid': 0, 'started_by': 'first_confluence', 'start_trigger_idx': 2843}"
2844,STATE,STATE_CHANGED,,"{'from': 'breakout', 'to': 'pullback', 'structure_id': 0, 'struct_direction': -1, 'reason': 'pullback_pattern', 'pat': 'one_maru_continuous', 'effective_idx': 91, 'timeframe': 'M15', 'use_case': 'first_confluence', 'parent_tf': 'H1', 'parent_sid': 1, 'parent_cycle_id': 0, 'structure_path_id': 'H1.main >> M15.confluence', 'sub_sid': 0, 'started_by': 'first_confluence', 'start_trigger_idx': 2843}"
2845,STATE,STATE_CHANGED,,"{'from': 'pullback', 'to': 'pullback_range', 'structure_id': 0, 'struct_direction': -1, 'reason': 'replay_no_expand_pullback_side', 'effective_idx': 92, 'timeframe': 'M15', 'use_case': 'first_confluence', 'parent_tf': 'H1', 'parent_sid': 1, 'parent_cycle_id': 0, 'structure_path_id': 'H1.main >> M15.confluence', 'sub_sid': 0, 'started_by': 'first_confluence', 'start_trigger_idx': 2843}"
2846,RANGE,RANGE_UPDATED,,"{'hi': 0.57989, 'lo': 0.57902, 'structure_id': 0, 'struct_direction': -1, 'timeframe': 'M15', 'use_case': 'first_confluence', 'parent_tf': 'H1', 'parent_sid': 1, 'parent_cycle_id': 0, 'structure_path_id': 'H1.main >> M15.confluence', 'sub_sid': 0, 'started_by': 'first_confluence', 'start_trigger_idx': 2843}"
2846,STATE,STATE_CHANGED,,"{'from': 'pullback_range', 'to': 'pullback', 'structure_id': 0, 'struct_direction': -1, 'reason': 'replay_expand_pullback_side', 'effective_idx': 93, 'timeframe': 'M15', 'use_case': 'first_confluence', 'parent_tf': 'H1', 'parent_sid': 1, 'parent_cycle_id': 0, 'structure_path_id': 'H1.main >> M15.confluence', 'sub_sid': 0, 'started_by': 'first_confluence', 'start_trigger_idx': 2843}"
2847,RANGE,RANGE_UPDATED,,"{'hi': 0.58002, 'lo': 0.57902, 'structure_id': 0, 'struct_direction': -1, 'timeframe': 'M15', 'use_case': 'first_confluence', 'parent_tf': 'H1', 'parent_sid': 1, 'parent_cycle_id': 0, 'structure_path_id': 'H1.main >> M15.confluence', 'sub_sid': 0, 'started_by': 'first_confluence', 'start_trigger_idx': 2843}"
2848,STATE,STATE_CHANGED,,"{'from': 'pullback', 'to': 'pullback_range', 'structure_id': 0, 'struct_direction': -1, 'reason': 'replay_no_expand_pullback_side', 'effective_idx': 95, 'timeframe': 'M15', 'use_case': 'first_confluence', 'parent_tf': 'H1', 'parent_sid': 1, 'parent_cycle_id': 0, 'structure_path_id': 'H1.main >> M15.confluence', 'sub_sid': 0, 'started_by': 'first_confluence', 'start_trigger_idx': 2843}"
2849,RANGE,RANGE_UPDATED,,"{'hi': 0.58018, 'lo': 0.57902, 'structure_id': 0, 'struct_direction': -1, 'timeframe': 'M15', 'use_case': 'first_confluence', 'parent_tf': 'H1', 'parent_sid': 1, 'parent_cycle_id': 0, 'structure_path_id': 'H1.main >> M15.confluence', 'sub_sid': 0, 'started_by': 'first_confluence', 'start_trigger_idx': 2843}"
2849,STATE,STATE_CHANGED,,"{'from': 'pullback_range', 'to': 'pullback', 'structure_id': 0, 'struct_direction': -1, 'reason': 'replay_expand_pullback_side', 'effective_idx': 96, 'timeframe': 'M15', 'use_case': 'first_confluence', 'parent_tf': 'H1', 'parent_sid': 1, 'parent_cycle_id': 0, 'structure_path_id': 'H1.main >> M15.confluence', 'sub_sid': 0, 'started_by': 'first_confluence', 'start_trigger_idx': 2843}"
2850,RANGE,RANGE_UPDATED,,"{'hi': 0.58088, 'lo': 0.57902, 'structure_id': 0, 'struct_direction': -1, 'timeframe': 'M15', 'use_case': 'first_confluence', 'parent_tf': 'H1', 'parent_sid': 1, 'parent_cycle_id': 0, 'structure_path_id': 'H1.main >> M15.confluence', 'sub_sid': 0, 'started_by': 'first_confluence', 'start_trigger_idx': 2843}"
2851,STATE,STATE_CHANGED,,"{'from': 'pullback', 'to': 'pullback_range', 'structure_id': 0, 'struct_direction': -1, 'reason': 'replay_no_expand_pullback_side', 'effective_idx': 98, 'timeframe': 'M15', 'use_case': 'first_confluence', 'parent_tf': 'H1', 'parent_sid': 1, 'parent_cycle_id': 0, 'structure_path_id': 'H1.main >> M15.confluence', 'sub_sid': 0, 'started_by': 'first_confluence', 'start_trigger_idx': 2843}"
2855,RANGE,RANGE_UPDATED,,"{'hi': 0.58098, 'lo': 0.57902, 'structure_id': 0, 'struct_direction': -1, 'timeframe': 'M15', 'use_case': 'first_confluence', 'parent_tf': 'H1', 'parent_sid': 1, 'parent_cycle_id': 0, 'structure_path_id': 'H1.main >> M15.confluence', 'sub_sid': 0, 'started_by': 'first_confluence', 'start_trigger_idx': 2843}"
2855,STATE,STATE_CHANGED,,"{'from': 'pullback_range', 'to': 'pullback', 'structure_id': 0, 'struct_direction': -1, 'reason': 'replay_expand_pullback_side', 'effective_idx': 102, 'timeframe': 'M15', 'use_case': 'first_confluence', 'parent_tf': 'H1', 'parent_sid': 1, 'parent_cycle_id': 0, 'structure_path_id': 'H1.main >> M15.confluence', 'sub_sid': 0, 'started_by': 'first_confluence', 'start_trigger_idx': 2843}"
2856,RANGE,RANGE_UPDATED,,"{'hi': 0.58108, 'lo': 0.57902, 'structure_id': 0, 'struct_direction': -1, 'timeframe': 'M15', 'use_case': 'first_confluence', 'parent_tf': 'H1', 'parent_sid': 1, 'parent_cycle_id': 0, 'structure_path_id': 'H1.main >> M15.confluence', 'sub_sid': 0, 'started_by': 'first_confluence', 'start_trigger_idx': 2843}"
2857,STATE,STATE_CHANGED,,"{'from': 'pullback', 'to': 'pullback_range', 'structure_id': 0, 'struct_direction': -1, 'reason': 'replay_no_expand_pullback_side', 'effective_idx': 104, 'timeframe': 'M15', 'use_case': 'first_confluence', 'parent_tf': 'H1', 'parent_sid': 1, 'parent_cycle_id': 0, 'structure_path_id': 'H1.main >> M15.confluence', 'sub_sid': 0, 'started_by': 'first_confluence', 'start_trigger_idx': 2843}"
2896,RANGE,RANGE_UPDATED,,"{'hi': 0.58116, 'lo': 0.57902, 'structure_id': 0, 'struct_direction': -1, 'timeframe': 'M15', 'use_case': 'first_confluence', 'parent_tf': 'H1', 'parent_sid': 1, 'parent_cycle_id': 0, 'structure_path_id': 'H1.main >> M15.confluence', 'sub_sid': 0, 'started_by': 'first_confluence', 'start_trigger_idx': 2843}"
2896,STATE,STATE_CHANGED,,"{'from': 'pullback_range', 'to': 'pullback', 'structure_id': 0, 'struct_direction': -1, 'reason': 'replay_expand_pullback_side', 'effective_idx': 143, 'timeframe': 'M15', 'use_case': 'first_confluence', 'parent_tf': 'H1', 'parent_sid': 1, 'parent_cycle_id': 0, 'structure_path_id': 'H1.main >> M15.confluence', 'sub_sid': 0, 'started_by': 'first_confluence', 'start_trigger_idx': 2843}"
2897,STATE,STATE_CHANGED,,"{'from': 'pullback', 'to': 'pullback_range', 'structure_id': 0, 'struct_direction': -1, 'reason': 'replay_no_expand_pullback_side', 'effective_idx': 144, 'timeframe': 'M15', 'use_case': 'first_confluence', 'parent_tf': 'H1', 'parent_sid': 1, 'parent_cycle_id': 0, 'structure_path_id': 'H1.main >> M15.confluence', 'sub_sid': 0, 'started_by': 'first_confluence', 'start_trigger_idx': 2843}"
2904,RANGE,RANGE_UPDATED,,"{'hi': 0.58118, 'lo': 0.57902, 'structure_id': 0, 'struct_direction': -1, 'timeframe': 'M15', 'use_case': 'first_confluence', 'parent_tf': 'H1', 'parent_sid': 1, 'parent_cycle_id': 0, 'structure_path_id': 'H1.main >> M15.confluence', 'sub_sid': 0, 'started_by': 'first_confluence', 'start_trigger_idx': 2843}"
2904,STATE,STATE_CHANGED,,"{'from': 'pullback_range', 'to': 'pullback', 'structure_id': 0, 'struct_direction': -1, 'reason': 'replay_expand_pullback_side', 'effective_idx': 151, 'timeframe': 'M15', 'use_case': 'first_confluence', 'parent_tf': 'H1', 'parent_sid': 1, 'parent_cycle_id': 0, 'structure_path_id': 'H1.main >> M15.confluence', 'sub_sid': 0, 'started_by': 'first_confluence', 'start_trigger_idx': 2843}"
2905,STATE,STATE_CHANGED,,"{'from': 'pullback', 'to': 'pullback_range', 'structure_id': 0, 'struct_direction': -1, 'reason': 'replay_no_expand_pullback_side', 'effective_idx': 152, 'timeframe': 'M15', 'use_case': 'first_confluence', 'parent_tf': 'H1', 'parent_sid': 1, 'parent_cycle_id': 0, 'structure_path_id': 'H1.main >> M15.confluence', 'sub_sid': 0, 'started_by': 'first_confluence', 'start_trigger_idx': 2843}"
2906,RANGE,RANGE_UPDATED,,"{'hi': 0.58133, 'lo': 0.57902, 'structure_id': 0, 'struct_direction': -1, 'timeframe': 'M15', 'use_case': 'first_confluence', 'parent_tf': 'H1', 'parent_sid': 1, 'parent_cycle_id': 0, 'structure_path_id': 'H1.main >> M15.confluence', 'sub_sid': 0, 'started_by': 'first_confluence', 'start_trigger_idx': 2843}"
2906,STATE,STATE_CHANGED,,"{'from': 'pullback_range', 'to': 'pullback', 'structure_id': 0, 'struct_direction': -1, 'reason': 'replay_expand_pullback_side', 'effective_idx': 153, 'timeframe': 'M15', 'use_case': 'first_confluence', 'parent_tf': 'H1', 'parent_sid': 1, 'parent_cycle_id': 0, 'structure_path_id': 'H1.main >> M15.confluence', 'sub_sid': 0, 'started_by': 'first_confluence', 'start_trigger_idx': 2843}"
2907,RANGE,RANGE_UPDATED,,"{'hi': 0.5814, 'lo': 0.57902, 'structure_id': 0, 'struct_direction': -1, 'timeframe': 'M15', 'use_case': 'first_confluence', 'parent_tf': 'H1', 'parent_sid': 1, 'parent_cycle_id': 0, 'structure_path_id': 'H1.main >> M15.confluence', 'sub_sid': 0, 'started_by': 'first_confluence', 'start_trigger_idx': 2843}"
2908,RANGE,RANGE_UPDATED,,"{'hi': 0.58154, 'lo': 0.57902, 'structure_id': 0, 'struct_direction': -1, 'timeframe': 'M15', 'use_case': 'first_confluence', 'parent_tf': 'H1', 'parent_sid': 1, 'parent_cycle_id': 0, 'structure_path_id': 'H1.main >> M15.confluence', 'sub_sid': 0, 'started_by': 'first_confluence', 'start_trigger_idx': 2843}"
2909,RANGE,RANGE_UPDATED,,"{'hi': 0.58173, 'lo': 0.57902, 'structure_id': 0, 'struct_direction': -1, 'timeframe': 'M15', 'use_case': 'first_confluence', 'parent_tf': 'H1', 'parent_sid': 1, 'parent_cycle_id': 0, 'structure_path_id': 'H1.main >> M15.confluence', 'sub_sid': 0, 'started_by': 'first_confluence', 'start_trigger_idx': 2843}"
2910,RANGE,RANGE_UPDATED,,"{'hi': 0.5818, 'lo': 0.57902, 'structure_id': 0, 'struct_direction': -1, 'timeframe': 'M15', 'use_case': 'first_confluence', 'parent_tf': 'H1', 'parent_sid': 1, 'parent_cycle_id': 0, 'structure_path_id': 'H1.main >> M15.confluence', 'sub_sid': 0, 'started_by': 'first_confluence', 'start_trigger_idx': 2843}"
2911,STATE,STATE_CHANGED,,"{'from': 'pullback', 'to': 'pullback_range', 'structure_id': 0, 'struct_direction': -1, 'reason': 'replay_no_expand_pullback_side', 'effective_idx': 158, 'timeframe': 'M15', 'use_case': 'first_confluence', 'parent_tf': 'H1', 'parent_sid': 1, 'parent_cycle_id': 0, 'structure_path_id': 'H1.main >> M15.confluence', 'sub_sid': 0, 'started_by': 'first_confluence', 'start_trigger_idx': 2843}"
2913,RANGE,RANGE_UPDATED,,"{'hi': 0.58182, 'lo': 0.57902, 'structure_id': 0, 'struct_direction': -1, 'timeframe': 'M15', 'use_case': 'first_confluence', 'parent_tf': 'H1', 'parent_sid': 1, 'parent_cycle_id': 0, 'structure_path_id': 'H1.main >> M15.confluence', 'sub_sid': 0, 'started_by': 'first_confluence', 'start_trigger_idx': 2843}"
2913,STATE,STATE_CHANGED,,"{'from': 'pullback_range', 'to': 'pullback', 'structure_id': 0, 'struct_direction': -1, 'reason': 'replay_expand_pullback_side', 'effective_idx': 160, 'timeframe': 'M15', 'use_case': 'first_confluence', 'parent_tf': 'H1', 'parent_sid': 1, 'parent_cycle_id': 0, 'structure_path_id': 'H1.main >> M15.confluence', 'sub_sid': 0, 'started_by': 'first_confluence', 'start_trigger_idx': 2843}"
2914,RANGE,RANGE_UPDATED,,"{'hi': 0.58184, 'lo': 0.57902, 'structure_id': 0, 'struct_direction': -1, 'timeframe': 'M15', 'use_case': 'first_confluence', 'parent_tf': 'H1', 'parent_sid': 1, 'parent_cycle_id': 0, 'structure_path_id': 'H1.main >> M15.confluence', 'sub_sid': 0, 'started_by': 'first_confluence', 'start_trigger_idx': 2843}"
2915,RANGE,RANGE_UPDATED,,"{'hi': 0.58196, 'lo': 0.57902, 'structure_id': 0, 'struct_direction': -1, 'timeframe': 'M15', 'use_case': 'first_confluence', 'parent_tf': 'H1', 'parent_sid': 1, 'parent_cycle_id': 0, 'structure_path_id': 'H1.main >> M15.confluence', 'sub_sid': 0, 'started_by': 'first_confluence', 'start_trigger_idx': 2843}"
2916,STATE,STATE_CHANGED,,"{'from': 'pullback', 'to': 'pullback_range', 'structure_id': 0, 'struct_direction': -1, 'reason': 'replay_no_expand_pullback_side', 'effective_idx': 163, 'timeframe': 'M15', 'use_case': 'first_confluence', 'parent_tf': 'H1', 'parent_sid': 1, 'parent_cycle_id': 0, 'structure_path_id': 'H1.main >> M15.confluence', 'sub_sid': 0, 'started_by': 'first_confluence', 'start_trigger_idx': 2843}"
2967,RANGE,RANGE_UPDATED,,"{'hi': 0.58196, 'lo': 0.57899, 'structure_id': 0, 'struct_direction': -1, 'timeframe': 'M15', 'use_case': 'first_confluence', 'parent_tf': 'H1', 'parent_sid': 1, 'parent_cycle_id': 0, 'structure_path_id': 'H1.main >> M15.confluence', 'sub_sid': 0, 'started_by': 'first_confluence', 'start_trigger_idx': 2843}"
2967,STRUCTURE,CTS_THRESHOLD_UPDATED,0.57899,"{'prev': 0.57902, 'reason': 'range_sync', 'cycle_id': 0, 'structure_id': 0, 'struct_direction': -1, 'timeframe': 'M15', 'use_case': 'first_confluence', 'parent_tf': 'H1', 'parent_sid': 1, 'parent_cycle_id': 0, 'structure_path_id': 'H1.main >> M15.confluence', 'sub_sid': 0, 'started_by': 'first_confluence', 'start_trigger_idx': 2843}"
2971,RANGE,RANGE_UPDATED,,"{'hi': 0.58196, 'lo': 0.57886, 'structure_id': 0, 'struct_direction': -1, 'timeframe': 'M15', 'use_case': 'first_confluence', 'parent_tf': 'H1', 'parent_sid': 1, 'parent_cycle_id': 0, 'structure_path_id': 'H1.main >> M15.confluence', 'sub_sid': 0, 'started_by': 'first_confluence', 'start_trigger_idx': 2843}"
2971,STRUCTURE,CTS_THRESHOLD_UPDATED,0.57886,"{'prev': 0.57899, 'reason': 'range_sync', 'cycle_id': 0, 'structure_id': 0, 'struct_direction': -1, 'timeframe': 'M15', 'use_case': 'first_confluence', 'parent_tf': 'H1', 'parent_sid': 1, 'parent_cycle_id': 0, 'structure_path_id': 'H1.main >> M15.confluence', 'sub_sid': 0, 'started_by': 'first_confluence', 'start_trigger_idx': 2843}"
2986,RANGE,RANGE_UPDATED,,"{'hi': 0.58196, 'lo': 0.57874, 'structure_id': 0, 'struct_direction': -1, 'timeframe': 'M15', 'use_case': 'first_confluence', 'parent_tf': 'H1', 'parent_sid': 1, 'parent_cycle_id': 0, 'structure_path_id': 'H1.main >> M15.confluence', 'sub_sid': 0, 'started_by': 'first_confluence', 'start_trigger_idx': 2843}"
2986,STRUCTURE,CTS_THRESHOLD_UPDATED,0.57874,"{'prev': 0.57886, 'reason': 'range_sync', 'cycle_id': 0, 'structure_id': 0, 'struct_direction': -1, 'timeframe': 'M15', 'use_case': 'first_confluence', 'parent_tf': 'H1', 'parent_sid': 1, 'parent_cycle_id': 0, 'structure_path_id': 'H1.main >> M15.confluence', 'sub_sid': 0, 'started_by': 'first_confluence', 'start_trigger_idx': 2843}"
2987,RANGE,RANGE_UPDATED,,"{'hi': 0.58196, 'lo': 0.57856, 'structure_id': 0, 'struct_direction': -1, 'timeframe': 'M15', 'use_case': 'first_confluence', 'parent_tf': 'H1', 'parent_sid': 1, 'parent_cycle_id': 0, 'structure_path_id': 'H1.main >> M15.confluence', 'sub_sid': 0, 'started_by': 'first_confluence', 'start_trigger_idx': 2843}"
2987,STRUCTURE,CTS_THRESHOLD_UPDATED,0.57856,"{'prev': 0.57874, 'reason': 'range_sync', 'cycle_id': 0, 'structure_id': 0, 'struct_direction': -1, 'timeframe': 'M15', 'use_case': 'first_confluence', 'parent_tf': 'H1', 'parent_sid': 1, 'parent_cycle_id': 0, 'structure_path_id': 'H1.main >> M15.confluence', 'sub_sid': 0, 'started_by': 'first_confluence', 'start_trigger_idx': 2843}"
2988,RANGE,RANGE_UPDATED,,"{'hi': 0.58196, 'lo': 0.57844, 'structure_id': 0, 'struct_direction': -1, 'timeframe': 'M15', 'use_case': 'first_confluence', 'parent_tf': 'H1', 'parent_sid': 1, 'parent_cycle_id': 0, 'structure_path_id': 'H1.main >> M15.confluence', 'sub_sid': 0, 'started_by': 'first_confluence', 'start_trigger_idx': 2843}"
2988,STRUCTURE,CTS_THRESHOLD_UPDATED,0.57844,"{'prev': 0.57856, 'reason': 'range_sync', 'cycle_id': 0, 'structure_id': 0, 'struct_direction': -1, 'timeframe': 'M15', 'use_case': 'first_confluence', 'parent_tf': 'H1', 'parent_sid': 1, 'parent_cycle_id': 0, 'structure_path_id': 'H1.main >> M15.confluence', 'sub_sid': 0, 'started_by': 'first_confluence', 'start_trigger_idx': 2843}"
2992,RANGE,RANGE_RESET,,"{'reason': 'range_breakout', 'pat': 'one_maru_continuous', 'structure_id': 0, 'struct_direction': -1, 'timeframe': 'M15', 'use_case': 'first_confluence', 'parent_tf': 'H1', 'parent_sid': 1, 'parent_cycle_id': 0, 'structure_path_id': 'H1.main >> M15.confluence', 'sub_sid': 0, 'started_by': 'first_confluence', 'start_trigger_idx': 2843}"
2992,STRUCTURE,CTS_ESTABLISHED,0.5777,"{'via': 'one_maru_continuous', 'anchor_idx': 2991, 'pattern_name': 'one_maru_continuous', 'confirmed_at': 2992, 'cycle_id': 1, 'structure_id': 0, 'struct_direction': -1, 'timeframe': 'M15', 'use_case': 'first_confluence', 'parent_tf': 'H1', 'parent_sid': 1, 'parent_cycle_id': 0, 'structure_path_id': 'H1.main >> M15.confluence', 'sub_sid': 0, 'started_by': 'first_confluence', 'start_trigger_idx': 2843}"
2915,STRUCTURE,BOS_CONFIRMED,0.58196,"{'source': 'pullback_extreme', 'confirmed_at': 2992, 'pb_start': 91, 'cycle_id': 1, 'structure_id': 0, 'struct_direction': -1, 'timeframe': 'M15', 'use_case': 'first_confluence', 'parent_tf': 'H1', 'parent_sid': 1, 'parent_cycle_id': 0, 'structure_path_id': 'H1.main >> M15.confluence', 'sub_sid': 0, 'started_by': 'first_confluence', 'start_trigger_idx': 2843}"
2992,STATE,STATE_CHANGED,,"{'from': 'pullback_range', 'to': 'breakout', 'structure_id': 0, 'struct_direction': -1, 'reason': 'breakout_pattern', 'pat': 'one_maru_continuous', 'effective_idx': 239, 'timeframe': 'M15', 'use_case': 'first_confluence', 'parent_tf': 'H1', 'parent_sid': 1, 'parent_cycle_id': 0, 'structure_path_id': 'H1.main >> M15.confluence', 'sub_sid': 0, 'started_by': 'first_confluence', 'start_trigger_idx': 2843}"
2993,STRUCTURE,CTS_UPDATED,0.57764,"{'via': 'replay_raw', 'cycle_id': 1, 'structure_id': 0, 'struct_direction': -1, 'timeframe': 'M15', 'use_case': 'first_confluence', 'parent_tf': 'H1', 'parent_sid': 1, 'parent_cycle_id': 0, 'structure_path_id': 'H1.main >> M15.confluence', 'sub_sid': 0, 'started_by': 'first_confluence', 'start_trigger_idx': 2843}"
2932,STRUCTURE,CTS_ESTABLISHED,0.5806,"{'via': 'one_maru_continuous', 'anchor_idx': 2931, 'pattern_name': 'one_maru_continuous', 'confirmed_at': 2932, 'cycle_id': 0, 'structure_id': 0, 'struct_direction': -1, 'timeframe': 'M15', 'use_case': 'first_confluence', 'parent_tf': 'H1', 'parent_sid': 1, 'parent_cycle_id': 1, 'structure_path_id': 'H1.main >> M15.confluence', 'sub_sid': 0, 'started_by': 'first_confluence', 'start_trigger_idx': 3047}"
2915,STRUCTURE,BOS_CONFIRMED,0.58196,"{'source': 'initial_prior_extreme', 'confirmed_at': 2932, 'pb_start': None, 'cycle_id': 0, 'structure_id': 0, 'struct_direction': -1, 'timeframe': 'M15', 'use_case': 'first_confluence', 'parent_tf': 'H1', 'parent_sid': 1, 'parent_cycle_id': 1, 'structure_path_id': 'H1.main >> M15.confluence', 'sub_sid': 0, 'started_by': 'first_confluence', 'start_trigger_idx': 3047}"
2932,STATE,STATE_CHANGED,,"{'from': 'none', 'to': 'breakout', 'structure_id': 0, 'struct_direction': -1, 'reason': 'breakout_pattern', 'pat': 'one_maru_continuous', 'effective_idx': 67, 'timeframe': 'M15', 'use_case': 'first_confluence', 'parent_tf': 'H1', 'parent_sid': 1, 'parent_cycle_id': 1, 'structure_path_id': 'H1.main >> M15.confluence', 'sub_sid': 0, 'started_by': 'first_confluence', 'start_trigger_idx': 3047}"
2933,STRUCTURE,CTS_UPDATED,0.58028,"{'via': 'replay_raw', 'cycle_id': 0, 'structure_id': 0, 'struct_direction': -1, 'timeframe': 'M15', 'use_case': 'first_confluence', 'parent_tf': 'H1', 'parent_sid': 1, 'parent_cycle_id': 1, 'structure_path_id': 'H1.main >> M15.confluence', 'sub_sid': 0, 'started_by': 'first_confluence', 'start_trigger_idx': 3047}"
2934,STRUCTURE,CTS_UPDATED,0.57992,"{'via': 'one_maru_continuous', 'cycle_id': 0, 'structure_id': 0, 'struct_direction': -1, 'timeframe': 'M15', 'use_case': 'first_confluence', 'parent_tf': 'H1', 'parent_sid': 1, 'parent_cycle_id': 1, 'structure_path_id': 'H1.main >> M15.confluence', 'sub_sid': 0, 'started_by': 'first_confluence', 'start_trigger_idx': 3047}"
2936,STRUCTURE,CTS_UPDATED,0.57968,"{'via': 'replay_raw', 'cycle_id': 0, 'structure_id': 0, 'struct_direction': -1, 'timeframe': 'M15', 'use_case': 'first_confluence', 'parent_tf': 'H1', 'parent_sid': 1, 'parent_cycle_id': 1, 'structure_path_id': 'H1.main >> M15.confluence', 'sub_sid': 0, 'started_by': 'first_confluence', 'start_trigger_idx': 3047}"
2938,RANGE,RANGE_STARTED,,"{'start_idx': 71, 'confirm_idx': 73, 'hi': 0.58007, 'lo': 0.57968, 'cts_idx': 71, 'cts_price': 0.57968, 'structure_id': 0, 'struct_direction': -1, 'timeframe': 'M15', 'use_case': 'first_confluence', 'parent_tf': 'H1', 'parent_sid': 1, 'parent_cycle_id': 1, 'structure_path_id': 'H1.main >> M15.confluence', 'sub_sid': 0, 'started_by': 'first_confluence', 'start_trigger_idx': 3047}"
2938,STATE,STATE_CHANGED,,"{'from': 'breakout', 'to': 'range', 'structure_id': 0, 'struct_direction': -1, 'reason': 'range_confirmed', 'effective_idx': 71, 'timeframe': 'M15', 'use_case': 'first_confluence', 'parent_tf': 'H1', 'parent_sid': 1, 'parent_cycle_id': 1, 'structure_path_id': 'H1.main >> M15.confluence', 'sub_sid': 0, 'started_by': 'first_confluence', 'start_trigger_idx': 3047}"
2940,RANGE,RANGE_UPDATED,,"{'hi': 0.5801, 'lo': 0.57968, 'structure_id': 0, 'struct_direction': -1, 'timeframe': 'M15', 'use_case': 'first_confluence', 'parent_tf': 'H1', 'parent_sid': 1, 'parent_cycle_id': 1, 'structure_path_id': 'H1.main >> M15.confluence', 'sub_sid': 0, 'started_by': 'first_confluence', 'start_trigger_idx': 3047}"
2941,RANGE,RANGE_UPDATED,,"{'hi': 0.5801, 'lo': 0.57958, 'structure_id': 0, 'struct_direction': -1, 'timeframe': 'M15', 'use_case': 'first_confluence', 'parent_tf': 'H1', 'parent_sid': 1, 'parent_cycle_id': 1, 'structure_path_id': 'H1.main >> M15.confluence', 'sub_sid': 0, 'started_by': 'first_confluence', 'start_trigger_idx': 3047}"
2941,STRUCTURE,CTS_UPDATED,0.57958,"{'via': 'replay_raw', 'cycle_id': 0, 'structure_id': 0, 'struct_direction': -1, 'timeframe': 'M15', 'use_case': 'first_confluence', 'parent_tf': 'H1', 'parent_sid': 1, 'parent_cycle_id': 1, 'structure_path_id': 'H1.main >> M15.confluence', 'sub_sid': 0, 'started_by': 'first_confluence', 'start_trigger_idx': 3047}"
2942,RANGE,RANGE_UPDATED,,"{'hi': 0.5801, 'lo': 0.57942, 'structure_id': 0, 'struct_direction': -1, 'timeframe': 'M15', 'use_case': 'first_confluence', 'parent_tf': 'H1', 'parent_sid': 1, 'parent_cycle_id': 1, 'structure_path_id': 'H1.main >> M15.confluence', 'sub_sid': 0, 'started_by': 'first_confluence', 'start_trigger_idx': 3047}"
2942,STRUCTURE,CTS_UPDATED,0.57942,"{'via': 'replay_raw', 'cycle_id': 0, 'structure_id': 0, 'struct_direction': -1, 'timeframe': 'M15', 'use_case': 'first_confluence', 'parent_tf': 'H1', 'parent_sid': 1, 'parent_cycle_id': 1, 'structure_path_id': 'H1.main >> M15.confluence', 'sub_sid': 0, 'started_by': 'first_confluence', 'start_trigger_idx': 3047}"
2946,RANGE,RANGE_UPDATED,,"{'hi': 0.58026, 'lo': 0.57942, 'structure_id': 0, 'struct_direction': -1, 'timeframe': 'M15', 'use_case': 'first_confluence', 'parent_tf': 'H1', 'parent_sid': 1, 'parent_cycle_id': 1, 'structure_path_id': 'H1.main >> M15.confluence', 'sub_sid': 0, 'started_by': 'first_confluence', 'start_trigger_idx': 3047}"
2947,RANGE,RANGE_UPDATED,,"{'hi': 0.58029, 'lo': 0.57942, 'structure_id': 0, 'struct_direction': -1, 'timeframe': 'M15', 'use_case': 'first_confluence', 'parent_tf': 'H1', 'parent_sid': 1, 'parent_cycle_id': 1, 'structure_path_id': 'H1.main >> M15.confluence', 'sub_sid': 0, 'started_by': 'first_confluence', 'start_trigger_idx': 3047}"
2948,RANGE,RANGE_UPDATED,,"{'hi': 0.58042, 'lo': 0.57942, 'structure_id': 0, 'struct_direction': -1, 'timeframe': 'M15', 'use_case': 'first_confluence', 'parent_tf': 'H1', 'parent_sid': 1, 'parent_cycle_id': 1, 'structure_path_id': 'H1.main >> M15.confluence', 'sub_sid': 0, 'started_by': 'first_confluence', 'start_trigger_idx': 3047}"
2949,RANGE,RANGE_UPDATED,,"{'hi': 0.58042, 'lo': 0.57927, 'structure_id': 0, 'struct_direction': -1, 'timeframe': 'M15', 'use_case': 'first_confluence', 'parent_tf': 'H1', 'parent_sid': 1, 'parent_cycle_id': 1, 'structure_path_id': 'H1.main >> M15.confluence', 'sub_sid': 0, 'started_by': 'first_confluence', 'start_trigger_idx': 3047}"
2949,STRUCTURE,CTS_UPDATED,0.57927,"{'via': 'replay_raw', 'cycle_id': 0, 'structure_id': 0, 'struct_direction': -1, 'timeframe': 'M15', 'use_case': 'first_confluence', 'parent_tf': 'H1', 'parent_sid': 1, 'parent_cycle_id': 1, 'structure_path_id': 'H1.main >> M15.confluence', 'sub_sid': 0, 'started_by': 'first_confluence', 'start_trigger_idx': 3047}"
2950,RANGE,RANGE_UPDATED,,"{'hi': 0.58042, 'lo': 0.57902, 'structure_id': 0, 'struct_direction': -1, 'timeframe': 'M15', 'use_case': 'first_confluence', 'parent_tf': 'H1', 'parent_sid': 1, 'parent_cycle_id': 1, 'structure_path_id': 'H1.main >> M15.confluence', 'sub_sid': 0, 'started_by': 'first_confluence', 'start_trigger_idx': 3047}"
2950,STRUCTURE,CTS_UPDATED,0.57902,"{'via': 'replay_raw', 'cycle_id': 0, 'structure_id': 0, 'struct_direction': -1, 'timeframe': 'M15', 'use_case': 'first_confluence', 'parent_tf': 'H1', 'parent_sid': 1, 'parent_cycle_id': 1, 'structure_path_id': 'H1.main >> M15.confluence', 'sub_sid': 0, 'started_by': 'first_confluence', 'start_trigger_idx': 3047}"
2951,RANGE,RANGE_UPDATED,,"{'hi': 0.5805, 'lo': 0.57902, 'structure_id': 0, 'struct_direction': -1, 'timeframe': 'M15', 'use_case': 'first_confluence', 'parent_tf': 'H1', 'parent_sid': 1, 'parent_cycle_id': 1, 'structure_path_id': 'H1.main >> M15.confluence', 'sub_sid': 0, 'started_by': 'first_confluence', 'start_trigger_idx': 3047}"
2952,RANGE,RANGE_UPDATED,,"{'hi': 0.58053, 'lo': 0.57902, 'structure_id': 0, 'struct_direction': -1, 'timeframe': 'M15', 'use_case': 'first_confluence', 'parent_tf': 'H1', 'parent_sid': 1, 'parent_cycle_id': 1, 'structure_path_id': 'H1.main >> M15.confluence', 'sub_sid': 0, 'started_by': 'first_confluence', 'start_trigger_idx': 3047}"
2953,RANGE,RANGE_UPDATED,,"{'hi': 0.58066, 'lo': 0.57902, 'structure_id': 0, 'struct_direction': -1, 'timeframe': 'M15', 'use_case': 'first_confluence', 'parent_tf': 'H1', 'parent_sid': 1, 'parent_cycle_id': 1, 'structure_path_id': 'H1.main >> M15.confluence', 'sub_sid': 0, 'started_by': 'first_confluence', 'start_trigger_idx': 3047}"
2967,RANGE,RANGE_UPDATED,,"{'hi': 0.58066, 'lo': 0.57899, 'structure_id': 0, 'struct_direction': -1, 'timeframe': 'M15', 'use_case': 'first_confluence', 'parent_tf': 'H1', 'parent_sid': 1, 'parent_cycle_id': 1, 'structure_path_id': 'H1.main >> M15.confluence', 'sub_sid': 0, 'started_by': 'first_confluence', 'start_trigger_idx': 3047}"
2967,STRUCTURE,CTS_UPDATED,0.57899,"{'via': 'replay_raw', 'cycle_id': 0, 'structure_id': 0, 'struct_direction': -1, 'timeframe': 'M15', 'use_case': 'first_confluence', 'parent_tf': 'H1', 'parent_sid': 1, 'parent_cycle_id': 1, 'structure_path_id': 'H1.main >> M15.confluence', 'sub_sid': 0, 'started_by': 'first_confluence', 'start_trigger_idx': 3047}"
2971,RANGE,RANGE_UPDATED,,"{'hi': 0.58066, 'lo': 0.57886, 'structure_id': 0, 'struct_direction': -1, 'timeframe': 'M15', 'use_case': 'first_confluence', 'parent_tf': 'H1', 'parent_sid': 1, 'parent_cycle_id': 1, 'structure_path_id': 'H1.main >> M15.confluence', 'sub_sid': 0, 'started_by': 'first_confluence', 'start_trigger_idx': 3047}"
2971,STRUCTURE,CTS_UPDATED,0.57886,"{'via': 'replay_raw', 'cycle_id': 0, 'structure_id': 0, 'struct_direction': -1, 'timeframe': 'M15', 'use_case': 'first_confluence', 'parent_tf': 'H1', 'parent_sid': 1, 'parent_cycle_id': 1, 'structure_path_id': 'H1.main >> M15.confluence', 'sub_sid': 0, 'started_by': 'first_confluence', 'start_trigger_idx': 3047}"
2986,RANGE,RANGE_UPDATED,,"{'hi': 0.58066, 'lo': 0.57874, 'structure_id': 0, 'struct_direction': -1, 'timeframe': 'M15', 'use_case': 'first_confluence', 'parent_tf': 'H1', 'parent_sid': 1, 'parent_cycle_id': 1, 'structure_path_id': 'H1.main >> M15.confluence', 'sub_sid': 0, 'started_by': 'first_confluence', 'start_trigger_idx': 3047}"
2986,STRUCTURE,CTS_UPDATED,0.57874,"{'via': 'replay_raw', 'cycle_id': 0, 'structure_id': 0, 'struct_direction': -1, 'timeframe': 'M15', 'use_case': 'first_confluence', 'parent_tf': 'H1', 'parent_sid': 1, 'parent_cycle_id': 1, 'structure_path_id': 'H1.main >> M15.confluence', 'sub_sid': 0, 'started_by': 'first_confluence', 'start_trigger_idx': 3047}"
2987,RANGE,RANGE_UPDATED,,"{'hi': 0.58066, 'lo': 0.57856, 'structure_id': 0, 'struct_direction': -1, 'timeframe': 'M15', 'use_case': 'first_confluence', 'parent_tf': 'H1', 'parent_sid': 1, 'parent_cycle_id': 1, 'structure_path_id': 'H1.main >> M15.confluence', 'sub_sid': 0, 'started_by': 'first_confluence', 'start_trigger_idx': 3047}"
2987,STRUCTURE,CTS_UPDATED,0.57856,"{'via': 'replay_raw', 'cycle_id': 0, 'structure_id': 0, 'struct_direction': -1, 'timeframe': 'M15', 'use_case': 'first_confluence', 'parent_tf': 'H1', 'parent_sid': 1, 'parent_cycle_id': 1, 'structure_path_id': 'H1.main >> M15.confluence', 'sub_sid': 0, 'started_by': 'first_confluence', 'start_trigger_idx': 3047}"
2988,RANGE,RANGE_UPDATED,,"{'hi': 0.58066, 'lo': 0.57844, 'structure_id': 0, 'struct_direction': -1, 'timeframe': 'M15', 'use_case': 'first_confluence', 'parent_tf': 'H1', 'parent_sid': 1, 'parent_cycle_id': 1, 'structure_path_id': 'H1.main >> M15.confluence', 'sub_sid': 0, 'started_by': 'first_confluence', 'start_trigger_idx': 3047}"
2988,STRUCTURE,CTS_UPDATED,0.57844,"{'via': 'replay_raw', 'cycle_id': 0, 'structure_id': 0, 'struct_direction': -1, 'timeframe': 'M15', 'use_case': 'first_confluence', 'parent_tf': 'H1', 'parent_sid': 1, 'parent_cycle_id': 1, 'structure_path_id': 'H1.main >> M15.confluence', 'sub_sid': 0, 'started_by': 'first_confluence', 'start_trigger_idx': 3047}"
2991,STRUCTURE,CTS_UPDATED,0.57809,"{'via': 'replay_raw', 'cycle_id': 0, 'structure_id': 0, 'struct_direction': -1, 'timeframe': 'M15', 'use_case': 'first_confluence', 'parent_tf': 'H1', 'parent_sid': 1, 'parent_cycle_id': 1, 'structure_path_id': 'H1.main >> M15.confluence', 'sub_sid': 0, 'started_by': 'first_confluence', 'start_trigger_idx': 3047}"
2992,RANGE,RANGE_RESET,,"{'reason': 'range_breakout', 'pat': 'one_maru_continuous', 'structure_id': 0, 'struct_direction': -1, 'timeframe': 'M15', 'use_case': 'first_confluence', 'parent_tf': 'H1', 'parent_sid': 1, 'parent_cycle_id': 1, 'structure_path_id': 'H1.main >> M15.confluence', 'sub_sid': 0, 'started_by': 'first_confluence', 'start_trigger_idx': 3047}"
2992,STRUCTURE,CTS_UPDATED,0.5777,"{'via': 'one_maru_continuous', 'cycle_id': 0, 'structure_id': 0, 'struct_direction': -1, 'timeframe': 'M15', 'use_case': 'first_confluence', 'parent_tf': 'H1', 'parent_sid': 1, 'parent_cycle_id': 1, 'structure_path_id': 'H1.main >> M15.confluence', 'sub_sid': 0, 'started_by': 'first_confluence', 'start_trigger_idx': 3047}"
2992,STATE,STATE_CHANGED,,"{'from': 'range', 'to': 'breakout', 'structure_id': 0, 'struct_direction': -1, 'reason': 'breakout_pattern', 'pat': 'one_maru_continuous', 'effective_idx': 127, 'timeframe': 'M15', 'use_case': 'first_confluence', 'parent_tf': 'H1', 'parent_sid': 1, 'parent_cycle_id': 1, 'structure_path_id': 'H1.main >> M15.confluence', 'sub_sid': 0, 'started_by': 'first_confluence', 'start_trigger_idx': 3047}"
2993,STRUCTURE,CTS_UPDATED,0.57764,"{'via': 'replay_raw', 'cycle_id': 0, 'structure_id': 0, 'struct_direction': -1, 'timeframe': 'M15', 'use_case': 'first_confluence', 'parent_tf': 'H1', 'parent_sid': 1, 'parent_cycle_id': 1, 'structure_path_id': 'H1.main >> M15.confluence', 'sub_sid': 0, 'started_by': 'first_confluence', 'start_trigger_idx': 3047}"
2996,RANGE,RANGE_STARTED,,"{'start_idx': 129, 'confirm_idx': 131, 'hi': 0.57835, 'lo': 0.57764, 'cts_idx': 128, 'cts_price': 0.57764, 'structure_id': 0, 'struct_direction': -1, 'timeframe': 'M15', 'use_case': 'first_confluence', 'parent_tf': 'H1', 'parent_sid': 1, 'parent_cycle_id': 1, 'structure_path_id': 'H1.main >> M15.confluence', 'sub_sid': 0, 'started_by': 'first_confluence', 'start_trigger_idx': 3047}"
2996,STATE,STATE_CHANGED,,"{'from': 'breakout', 'to': 'range', 'structure_id': 0, 'struct_direction': -1, 'reason': 'range_confirmed', 'effective_idx': 129, 'timeframe': 'M15', 'use_case': 'first_confluence', 'parent_tf': 'H1', 'parent_sid': 1, 'parent_cycle_id': 1, 'structure_path_id': 'H1.main >> M15.confluence', 'sub_sid': 0, 'started_by': 'first_confluence', 'start_trigger_idx': 3047}"
2996,RANGE,RANGE_UPDATED,,"{'hi': 0.57841, 'lo': 0.57764, 'structure_id': 0, 'struct_direction': -1, 'timeframe': 'M15', 'use_case': 'first_confluence', 'parent_tf': 'H1', 'parent_sid': 1, 'parent_cycle_id': 1, 'structure_path_id': 'H1.main >> M15.confluence', 'sub_sid': 0, 'started_by': 'first_confluence', 'start_trigger_idx': 3047}"
3005,RANGE,RANGE_UPDATED,,"{'hi': 0.57841, 'lo': 0.5772, 'structure_id': 0, 'struct_direction': -1, 'timeframe': 'M15', 'use_case': 'first_confluence', 'parent_tf': 'H1', 'parent_sid': 1, 'parent_cycle_id': 1, 'structure_path_id': 'H1.main >> M15.confluence', 'sub_sid': 0, 'started_by': 'first_confluence', 'start_trigger_idx': 3047}"
3005,STRUCTURE,CTS_UPDATED,0.5772,"{'via': 'replay_raw', 'cycle_id': 0, 'structure_id': 0, 'struct_direction': -1, 'timeframe': 'M15', 'use_case': 'first_confluence', 'parent_tf': 'H1', 'parent_sid': 1, 'parent_cycle_id': 1, 'structure_path_id': 'H1.main >> M15.confluence', 'sub_sid': 0, 'started_by': 'first_confluence', 'start_trigger_idx': 3047}"
3007,RANGE,RANGE_UPDATED,,"{'hi': 0.57841, 'lo': 0.57703, 'structure_id': 0, 'struct_direction': -1, 'timeframe': 'M15', 'use_case': 'first_confluence', 'parent_tf': 'H1', 'parent_sid': 1, 'parent_cycle_id': 1, 'structure_path_id': 'H1.main >> M15.confluence', 'sub_sid': 0, 'started_by': 'first_confluence', 'start_trigger_idx': 3047}"
3007,STRUCTURE,CTS_UPDATED,0.57703,"{'via': 'replay_raw', 'cycle_id': 0, 'structure_id': 0, 'struct_direction': -1, 'timeframe': 'M15', 'use_case': 'first_confluence', 'parent_tf': 'H1', 'parent_sid': 1, 'parent_cycle_id': 1, 'structure_path_id': 'H1.main >> M15.confluence', 'sub_sid': 0, 'started_by': 'first_confluence', 'start_trigger_idx': 3047}"
3008,RANGE,RANGE_UPDATED,,"{'hi': 0.57841, 'lo': 0.5768, 'structure_id': 0, 'struct_direction': -1, 'timeframe': 'M15', 'use_case': 'first_confluence', 'parent_tf': 'H1', 'parent_sid': 1, 'parent_cycle_id': 1, 'structure_path_id': 'H1.main >> M15.confluence', 'sub_sid': 0, 'started_by': 'first_confluence', 'start_trigger_idx': 3047}"
3008,STRUCTURE,CTS_UPDATED,0.5768,"{'via': 'replay_raw', 'cycle_id': 0, 'structure_id': 0, 'struct_direction': -1, 'timeframe': 'M15', 'use_case': 'first_confluence', 'parent_tf': 'H1', 'parent_sid': 1, 'parent_cycle_id': 1, 'structure_path_id': 'H1.main >> M15.confluence', 'sub_sid': 0, 'started_by': 'first_confluence', 'start_trigger_idx': 3047}"
3010,RANGE,RANGE_UPDATED,,"{'hi': 0.57841, 'lo': 0.57676, 'structure_id': 0, 'struct_direction': -1, 'timeframe': 'M15', 'use_case': 'first_confluence', 'parent_tf': 'H1', 'parent_sid': 1, 'parent_cycle_id': 1, 'structure_path_id': 'H1.main >> M15.confluence', 'sub_sid': 0, 'started_by': 'first_confluence', 'start_trigger_idx': 3047}"
3010,STRUCTURE,CTS_UPDATED,0.57676,"{'via': 'replay_raw', 'cycle_id': 0, 'structure_id': 0, 'struct_direction': -1, 'timeframe': 'M15', 'use_case': 'first_confluence', 'parent_tf': 'H1', 'parent_sid': 1, 'parent_cycle_id': 1, 'structure_path_id': 'H1.main >> M15.confluence', 'sub_sid': 0, 'started_by': 'first_confluence', 'start_trigger_idx': 3047}"
3011,RANGE,RANGE_UPDATED,,"{'hi': 0.57841, 'lo': 0.57675, 'structure_id': 0, 'struct_direction': -1, 'timeframe': 'M15', 'use_case': 'first_confluence', 'parent_tf': 'H1', 'parent_sid': 1, 'parent_cycle_id': 1, 'structure_path_id': 'H1.main >> M15.confluence', 'sub_sid': 0, 'started_by': 'first_confluence', 'start_trigger_idx': 3047}"
3011,STRUCTURE,CTS_UPDATED,0.57675,"{'via': 'replay_raw', 'cycle_id': 0, 'structure_id': 0, 'struct_direction': -1, 'timeframe': 'M15', 'use_case': 'first_confluence', 'parent_tf': 'H1', 'parent_sid': 1, 'parent_cycle_id': 1, 'structure_path_id': 'H1.main >> M15.confluence', 'sub_sid': 0, 'started_by': 'first_confluence', 'start_trigger_idx': 3047}"
3012,RANGE,RANGE_UPDATED,,"{'hi': 0.57841, 'lo': 0.57652, 'structure_id': 0, 'struct_direction': -1, 'timeframe': 'M15', 'use_case': 'first_confluence', 'parent_tf': 'H1', 'parent_sid': 1, 'parent_cycle_id': 1, 'structure_path_id': 'H1.main >> M15.confluence', 'sub_sid': 0, 'started_by': 'first_confluence', 'start_trigger_idx': 3047}"
3012,STRUCTURE,CTS_UPDATED,0.57652,"{'via': 'replay_raw', 'cycle_id': 0, 'structure_id': 0, 'struct_direction': -1, 'timeframe': 'M15', 'use_case': 'first_confluence', 'parent_tf': 'H1', 'parent_sid': 1, 'parent_cycle_id': 1, 'structure_path_id': 'H1.main >> M15.confluence', 'sub_sid': 0, 'started_by': 'first_confluence', 'start_trigger_idx': 3047}"
3013,RANGE,RANGE_UPDATED,,"{'hi': 0.57841, 'lo': 0.5764, 'structure_id': 0, 'struct_direction': -1, 'timeframe': 'M15', 'use_case': 'first_confluence', 'parent_tf': 'H1', 'parent_sid': 1, 'parent_cycle_id': 1, 'structure_path_id': 'H1.main >> M15.confluence', 'sub_sid': 0, 'started_by': 'first_confluence', 'start_trigger_idx': 3047}"
3013,STRUCTURE,CTS_UPDATED,0.5764,"{'via': 'replay_raw', 'cycle_id': 0, 'structure_id': 0, 'struct_direction': -1, 'timeframe': 'M15', 'use_case': 'first_confluence', 'parent_tf': 'H1', 'parent_sid': 1, 'parent_cycle_id': 1, 'structure_path_id': 'H1.main >> M15.confluence', 'sub_sid': 0, 'started_by': 'first_confluence', 'start_trigger_idx': 3047}"
3024,RANGE,RANGE_UPDATED,,"{'hi': 0.57841, 'lo': 0.57639, 'structure_id': 0, 'struct_direction': -1, 'timeframe': 'M15', 'use_case': 'first_confluence', 'parent_tf': 'H1', 'parent_sid': 1, 'parent_cycle_id': 1, 'structure_path_id': 'H1.main >> M15.confluence', 'sub_sid': 0, 'started_by': 'first_confluence', 'start_trigger_idx': 3047}"
3024,STRUCTURE,CTS_UPDATED,0.57639,"{'via': 'replay_raw', 'cycle_id': 0, 'structure_id': 0, 'struct_direction': -1, 'timeframe': 'M15', 'use_case': 'first_confluence', 'parent_tf': 'H1', 'parent_sid': 1, 'parent_cycle_id': 1, 'structure_path_id': 'H1.main >> M15.confluence', 'sub_sid': 0, 'started_by': 'first_confluence', 'start_trigger_idx': 3047}"
3026,RANGE,RANGE_UPDATED,,"{'hi': 0.57841, 'lo': 0.57638, 'structure_id': 0, 'struct_direction': -1, 'timeframe': 'M15', 'use_case': 'first_confluence', 'parent_tf': 'H1', 'parent_sid': 1, 'parent_cycle_id': 1, 'structure_path_id': 'H1.main >> M15.confluence', 'sub_sid': 0, 'started_by': 'first_confluence', 'start_trigger_idx': 3047}"
3026,STRUCTURE,CTS_UPDATED,0.57638,"{'via': 'replay_raw', 'cycle_id': 0, 'structure_id': 0, 'struct_direction': -1, 'timeframe': 'M15', 'use_case': 'first_confluence', 'parent_tf': 'H1', 'parent_sid': 1, 'parent_cycle_id': 1, 'structure_path_id': 'H1.main >> M15.confluence', 'sub_sid': 0, 'started_by': 'first_confluence', 'start_trigger_idx': 3047}"
3027,RANGE,RANGE_UPDATED,,"{'hi': 0.57841, 'lo': 0.57602, 'structure_id': 0, 'struct_direction': -1, 'timeframe': 'M15', 'use_case': 'first_confluence', 'parent_tf': 'H1', 'parent_sid': 1, 'parent_cycle_id': 1, 'structure_path_id': 'H1.main >> M15.confluence', 'sub_sid': 0, 'started_by': 'first_confluence', 'start_trigger_idx': 3047}"
3027,STRUCTURE,CTS_UPDATED,0.57602,"{'via': 'replay_raw', 'cycle_id': 0, 'structure_id': 0, 'struct_direction': -1, 'timeframe': 'M15', 'use_case': 'first_confluence', 'parent_tf': 'H1', 'parent_sid': 1, 'parent_cycle_id': 1, 'structure_path_id': 'H1.main >> M15.confluence', 'sub_sid': 0, 'started_by': 'first_confluence', 'start_trigger_idx': 3047}"
3042,RANGE,RANGE_UPDATED,,"{'hi': 0.57841, 'lo': 0.57587, 'structure_id': 0, 'struct_direction': -1, 'timeframe': 'M15', 'use_case': 'first_confluence', 'parent_tf': 'H1', 'parent_sid': 1, 'parent_cycle_id': 1, 'structure_path_id': 'H1.main >> M15.confluence', 'sub_sid': 0, 'started_by': 'first_confluence', 'start_trigger_idx': 3047}"
3042,STRUCTURE,CTS_UPDATED,0.57587,"{'via': 'replay_raw', 'cycle_id': 0, 'structure_id': 0, 'struct_direction': -1, 'timeframe': 'M15', 'use_case': 'first_confluence', 'parent_tf': 'H1', 'parent_sid': 1, 'parent_cycle_id': 1, 'structure_path_id': 'H1.main >> M15.confluence', 'sub_sid': 0, 'started_by': 'first_confluence', 'start_trigger_idx': 3047}"
3043,STRUCTURE,CTS_UPDATED,0.57581,"{'via': 'replay_raw', 'cycle_id': 0, 'structure_id': 0, 'struct_direction': -1, 'timeframe': 'M15', 'use_case': 'first_confluence', 'parent_tf': 'H1', 'parent_sid': 1, 'parent_cycle_id': 1, 'structure_path_id': 'H1.main >> M15.confluence', 'sub_sid': 0, 'started_by': 'first_confluence', 'start_trigger_idx': 3047}"
3044,RANGE,RANGE_RESET,,"{'reason': 'range_breakout', 'pat': 'double_maru', 'structure_id': 0, 'struct_direction': -1, 'timeframe': 'M15', 'use_case': 'first_confluence', 'parent_tf': 'H1', 'parent_sid': 1, 'parent_cycle_id': 1, 'structure_path_id': 'H1.main >> M15.confluence', 'sub_sid': 0, 'started_by': 'first_confluence', 'start_trigger_idx': 3047}"
3044,STRUCTURE,CTS_UPDATED,0.575,"{'via': 'double_maru', 'cycle_id': 0, 'structure_id': 0, 'struct_direction': -1, 'timeframe': 'M15', 'use_case': 'first_confluence', 'parent_tf': 'H1', 'parent_sid': 1, 'parent_cycle_id': 1, 'structure_path_id': 'H1.main >> M15.confluence', 'sub_sid': 0, 'started_by': 'first_confluence', 'start_trigger_idx': 3047}"
3044,STATE,STATE_CHANGED,,"{'from': 'range', 'to': 'breakout', 'structure_id': 0, 'struct_direction': -1, 'reason': 'breakout_pattern', 'pat': 'double_maru', 'effective_idx': 179, 'timeframe': 'M15', 'use_case': 'first_confluence', 'parent_tf': 'H1', 'parent_sid': 1, 'parent_cycle_id': 1, 'structure_path_id': 'H1.main >> M15.confluence', 'sub_sid': 0, 'started_by': 'first_confluence', 'start_trigger_idx': 3047}"
3045,STRUCTURE,CTS_UPDATED,0.57475,"{'via': 'replay_raw', 'cycle_id': 0, 'structure_id': 0, 'struct_direction': -1, 'timeframe': 'M15', 'use_case': 'first_confluence', 'parent_tf': 'H1', 'parent_sid': 1, 'parent_cycle_id': 1, 'structure_path_id': 'H1.main >> M15.confluence', 'sub_sid': 0, 'started_by': 'first_confluence', 'start_trigger_idx': 3047}"
3046,STRUCTURE,CTS_UPDATED,0.57451,"{'via': 'replay_raw', 'cycle_id': 0, 'structure_id': 0, 'struct_direction': -1, 'timeframe': 'M15', 'use_case': 'first_confluence', 'parent_tf': 'H1', 'parent_sid': 1, 'parent_cycle_id': 1, 'structure_path_id': 'H1.main >> M15.confluence', 'sub_sid': 0, 'started_by': 'first_confluence', 'start_trigger_idx': 3047}"
3047,STRUCTURE,CTS_UPDATED,0.574,"{'via': 'replay_raw', 'cycle_id': 0, 'structure_id': 0, 'struct_direction': -1, 'timeframe': 'M15', 'use_case': 'first_confluence', 'parent_tf': 'H1', 'parent_sid': 1, 'parent_cycle_id': 1, 'structure_path_id': 'H1.main >> M15.confluence', 'sub_sid': 0, 'started_by': 'first_confluence', 'start_trigger_idx': 3047}"
3050,RANGE,RANGE_STARTED,,"{'start_idx': 182, 'confirm_idx': 185, 'hi': 0.57524, 'lo': 0.574, 'cts_idx': 182, 'cts_price': 0.574, 'structure_id': 0, 'struct_direction': -1, 'timeframe': 'M15', 'use_case': 'first_confluence', 'parent_tf': 'H1', 'parent_sid': 1, 'parent_cycle_id': 1, 'structure_path_id': 'H1.main >> M15.confluence', 'sub_sid': 0, 'started_by': 'first_confluence', 'start_trigger_idx': 3047}"
3050,STATE,STATE_CHANGED,,"{'from': 'breakout', 'to': 'range', 'structure_id': 0, 'struct_direction': -1, 'reason': 'range_confirmed', 'effective_idx': 182, 'timeframe': 'M15', 'use_case': 'first_confluence', 'parent_tf': 'H1', 'parent_sid': 1, 'parent_cycle_id': 1, 'structure_path_id': 'H1.main >> M15.confluence', 'sub_sid': 0, 'started_by': 'first_confluence', 'start_trigger_idx': 3047}"
3048,RANGE,RANGE_UPDATED,,"{'hi': 0.57536, 'lo': 0.574, 'structure_id': 0, 'struct_direction': -1, 'timeframe': 'M15', 'use_case': 'first_confluence', 'parent_tf': 'H1', 'parent_sid': 1, 'parent_cycle_id': 1, 'structure_path_id': 'H1.main >> M15.confluence', 'sub_sid': 0, 'started_by': 'first_confluence', 'start_trigger_idx': 3047}"
3049,RANGE,RANGE_UPDATED,,"{'hi': 0.57552, 'lo': 0.574, 'structure_id': 0, 'struct_direction': -1, 'timeframe': 'M15', 'use_case': 'first_confluence', 'parent_tf': 'H1', 'parent_sid': 1, 'parent_cycle_id': 1, 'structure_path_id': 'H1.main >> M15.confluence', 'sub_sid': 0, 'started_by': 'first_confluence', 'start_trigger_idx': 3047}"
3052,RANGE,RANGE_UPDATED,,"{'hi': 0.57561, 'lo': 0.574, 'structure_id': 0, 'struct_direction': -1, 'timeframe': 'M15', 'use_case': 'first_confluence', 'parent_tf': 'H1', 'parent_sid': 1, 'parent_cycle_id': 1, 'structure_path_id': 'H1.main >> M15.confluence', 'sub_sid': 0, 'started_by': 'first_confluence', 'start_trigger_idx': 3047}"
3054,RANGE,RANGE_UPDATED,,"{'hi': 0.57564, 'lo': 0.574, 'structure_id': 0, 'struct_direction': -1, 'timeframe': 'M15', 'use_case': 'first_confluence', 'parent_tf': 'H1', 'parent_sid': 1, 'parent_cycle_id': 1, 'structure_path_id': 'H1.main >> M15.confluence', 'sub_sid': 0, 'started_by': 'first_confluence', 'start_trigger_idx': 3047}"
3055,RANGE,RANGE_UPDATED,,"{'hi': 0.57566, 'lo': 0.574, 'structure_id': 0, 'struct_direction': -1, 'timeframe': 'M15', 'use_case': 'first_confluence', 'parent_tf': 'H1', 'parent_sid': 1, 'parent_cycle_id': 1, 'structure_path_id': 'H1.main >> M15.confluence', 'sub_sid': 0, 'started_by': 'first_confluence', 'start_trigger_idx': 3047}"
3067,RANGE,RANGE_UPDATED,,"{'hi': 0.57574, 'lo': 0.574, 'structure_id': 0, 'struct_direction': -1, 'timeframe': 'M15', 'use_case': 'first_confluence', 'parent_tf': 'H1', 'parent_sid': 1, 'parent_cycle_id': 1, 'structure_path_id': 'H1.main >> M15.confluence', 'sub_sid': 0, 'started_by': 'first_confluence', 'start_trigger_idx': 3047}"
3070,RANGE,RANGE_UPDATED,,"{'hi': 0.57586, 'lo': 0.574, 'structure_id': 0, 'struct_direction': -1, 'timeframe': 'M15', 'use_case': 'first_confluence', 'parent_tf': 'H1', 'parent_sid': 1, 'parent_cycle_id': 1, 'structure_path_id': 'H1.main >> M15.confluence', 'sub_sid': 0, 'started_by': 'first_confluence', 'start_trigger_idx': 3047}"
3072,RANGE,RANGE_UPDATED,,"{'hi': 0.57612, 'lo': 0.574, 'structure_id': 0, 'struct_direction': -1, 'timeframe': 'M15', 'use_case': 'first_confluence', 'parent_tf': 'H1', 'parent_sid': 1, 'parent_cycle_id': 1, 'structure_path_id': 'H1.main >> M15.confluence', 'sub_sid': 0, 'started_by': 'first_confluence', 'start_trigger_idx': 3047}"
3073,RANGE,RANGE_UPDATED,,"{'hi': 0.5762, 'lo': 0.574, 'structure_id': 0, 'struct_direction': -1, 'timeframe': 'M15', 'use_case': 'first_confluence', 'parent_tf': 'H1', 'parent_sid': 1, 'parent_cycle_id': 1, 'structure_path_id': 'H1.main >> M15.confluence', 'sub_sid': 0, 'started_by': 'first_confluence', 'start_trigger_idx': 3047}"
3086,RANGE,RANGE_UPDATED,,"{'reason': 'pullback_expand', 'hi': 0.57664, 'lo': 0.574, 'pat': 'continuous', 'structure_id': 0, 'struct_direction': -1, 'timeframe': 'M15', 'use_case': 'first_confluence', 'parent_tf': 'H1', 'parent_sid': 1, 'parent_cycle_id': 1, 'structure_path_id': 'H1.main >> M15.confluence', 'sub_sid': 0, 'started_by': 'first_confluence', 'start_trigger_idx': 3047}"
3086,STRUCTURE,CTS_CONFIRMED,0.574,"{'via': 'continuous', 'cycle_id': 0, 'structure_id': 0, 'struct_direction': -1, 'confirmed_at': 3086, 'cts_anchor_idx': 3047, 'confirmation_method': 'pullback', 'timeframe': 'M15', 'use_case': 'first_confluence', 'parent_tf': 'H1', 'parent_sid': 1, 'parent_cycle_id': 1, 'structure_path_id': 'H1.main >> M15.confluence', 'sub_sid': 0, 'started_by': 'first_confluence', 'start_trigger_idx': 3047}"
3086,STATE,STATE_CHANGED,,"{'from': 'range', 'to': 'pullback', 'structure_id': 0, 'struct_direction': -1, 'reason': 'pullback_pattern', 'pat': 'continuous', 'effective_idx': 221, 'timeframe': 'M15', 'use_case': 'first_confluence', 'parent_tf': 'H1', 'parent_sid': 1, 'parent_cycle_id': 1, 'structure_path_id': 'H1.main >> M15.confluence', 'sub_sid': 0, 'started_by': 'first_confluence', 'start_trigger_idx': 3047}"
3086,RANGE,RANGE_UPDATED,,"{'hi': 0.57698, 'lo': 0.574, 'structure_id': 0, 'struct_direction': -1, 'timeframe': 'M15', 'use_case': 'first_confluence', 'parent_tf': 'H1', 'parent_sid': 1, 'parent_cycle_id': 1, 'structure_path_id': 'H1.main >> M15.confluence', 'sub_sid': 0, 'started_by': 'first_confluence', 'start_trigger_idx': 3047}"
3087,RANGE,RANGE_UPDATED,,"{'hi': 0.57704, 'lo': 0.574, 'structure_id': 0, 'struct_direction': -1, 'timeframe': 'M15', 'use_case': 'first_confluence', 'parent_tf': 'H1', 'parent_sid': 1, 'parent_cycle_id': 1, 'structure_path_id': 'H1.main >> M15.confluence', 'sub_sid': 0, 'started_by': 'first_confluence', 'start_trigger_idx': 3047}"
3088,RANGE,RANGE_UPDATED,,"{'hi': 0.57708, 'lo': 0.574, 'structure_id': 0, 'struct_direction': -1, 'timeframe': 'M15', 'use_case': 'first_confluence', 'parent_tf': 'H1', 'parent_sid': 1, 'parent_cycle_id': 1, 'structure_path_id': 'H1.main >> M15.confluence', 'sub_sid': 0, 'started_by': 'first_confluence', 'start_trigger_idx': 3047}"
3089,STATE,STATE_CHANGED,,"{'from': 'pullback', 'to': 'pullback_range', 'structure_id': 0, 'struct_direction': -1, 'reason': 'replay_no_expand_pullback_side', 'effective_idx': 224, 'timeframe': 'M15', 'use_case': 'first_confluence', 'parent_tf': 'H1', 'parent_sid': 1, 'parent_cycle_id': 1, 'structure_path_id': 'H1.main >> M15.confluence', 'sub_sid': 0, 'started_by': 'first_confluence', 'start_trigger_idx': 3047}"
3112,RANGE,RANGE_UPDATED,,"{'hi': 0.57714, 'lo': 0.574, 'structure_id': 0, 'struct_direction': -1, 'timeframe': 'M15', 'use_case': 'first_confluence', 'parent_tf': 'H1', 'parent_sid': 1, 'parent_cycle_id': 1, 'structure_path_id': 'H1.main >> M15.confluence', 'sub_sid': 0, 'started_by': 'first_confluence', 'start_trigger_idx': 3047}"
3112,STATE,STATE_CHANGED,,"{'from': 'pullback_range', 'to': 'pullback', 'structure_id': 0, 'struct_direction': -1, 'reason': 'replay_expand_pullback_side', 'effective_idx': 247, 'timeframe': 'M15', 'use_case': 'first_confluence', 'parent_tf': 'H1', 'parent_sid': 1, 'parent_cycle_id': 1, 'structure_path_id': 'H1.main >> M15.confluence', 'sub_sid': 0, 'started_by': 'first_confluence', 'start_trigger_idx': 3047}"
3113,STATE,STATE_CHANGED,,"{'from': 'pullback', 'to': 'pullback_range', 'structure_id': 0, 'struct_direction': -1, 'reason': 'replay_no_expand_pullback_side', 'effective_idx': 248, 'timeframe': 'M15', 'use_case': 'first_confluence', 'parent_tf': 'H1', 'parent_sid': 1, 'parent_cycle_id': 1, 'structure_path_id': 'H1.main >> M15.confluence', 'sub_sid': 0, 'started_by': 'first_confluence', 'start_trigger_idx': 3047}"
3116,RANGE,RANGE_UPDATED,,"{'hi': 0.57724, 'lo': 0.574, 'structure_id': 0, 'struct_direction': -1, 'timeframe': 'M15', 'use_case': 'first_confluence', 'parent_tf': 'H1', 'parent_sid': 1, 'parent_cycle_id': 1, 'structure_path_id': 'H1.main >> M15.confluence', 'sub_sid': 0, 'started_by': 'first_confluence', 'start_trigger_idx': 3047}"
3116,STATE,STATE_CHANGED,,"{'from': 'pullback_range', 'to': 'pullback', 'structure_id': 0, 'struct_direction': -1, 'reason': 'replay_expand_pullback_side', 'effective_idx': 251, 'timeframe': 'M15', 'use_case': 'first_confluence', 'parent_tf': 'H1', 'parent_sid': 1, 'parent_cycle_id': 1, 'structure_path_id': 'H1.main >> M15.confluence', 'sub_sid': 0, 'started_by': 'first_confluence', 'start_trigger_idx': 3047}"
3117,STATE,STATE_CHANGED,,"{'from': 'pullback', 'to': 'pullback_range', 'structure_id': 0, 'struct_direction': -1, 'reason': 'replay_no_expand_pullback_side', 'effective_idx': 252, 'timeframe': 'M15', 'use_case': 'first_confluence', 'parent_tf': 'H1', 'parent_sid': 1, 'parent_cycle_id': 1, 'structure_path_id': 'H1.main >> M15.confluence', 'sub_sid': 0, 'started_by': 'first_confluence', 'start_trigger_idx': 3047}"
3120,RANGE,RANGE_UPDATED,,"{'hi': 0.57726, 'lo': 0.574, 'structure_id': 0, 'struct_direction': -1, 'timeframe': 'M15', 'use_case': 'first_confluence', 'parent_tf': 'H1', 'parent_sid': 1, 'parent_cycle_id': 1, 'structure_path_id': 'H1.main >> M15.confluence', 'sub_sid': 0, 'started_by': 'first_confluence', 'start_trigger_idx': 3047}"
3120,STATE,STATE_CHANGED,,"{'from': 'pullback_range', 'to': 'pullback', 'structure_id': 0, 'struct_direction': -1, 'reason': 'replay_expand_pullback_side', 'effective_idx': 255, 'timeframe': 'M15', 'use_case': 'first_confluence', 'parent_tf': 'H1', 'parent_sid': 1, 'parent_cycle_id': 1, 'structure_path_id': 'H1.main >> M15.confluence', 'sub_sid': 0, 'started_by': 'first_confluence', 'start_trigger_idx': 3047}"
3121,STATE,STATE_CHANGED,,"{'from': 'pullback', 'to': 'pullback_range', 'structure_id': 0, 'struct_direction': -1, 'reason': 'replay_no_expand_pullback_side', 'effective_idx': 256, 'timeframe': 'M15', 'use_case': 'first_confluence', 'parent_tf': 'H1', 'parent_sid': 1, 'parent_cycle_id': 1, 'structure_path_id': 'H1.main >> M15.confluence', 'sub_sid': 0, 'started_by': 'first_confluence', 'start_trigger_idx': 3047}"
3123,RANGE,RANGE_UPDATED,,"{'hi': 0.5774, 'lo': 0.574, 'structure_id': 0, 'struct_direction': -1, 'timeframe': 'M15', 'use_case': 'first_confluence', 'parent_tf': 'H1', 'parent_sid': 1, 'parent_cycle_id': 1, 'structure_path_id': 'H1.main >> M15.confluence', 'sub_sid': 0, 'started_by': 'first_confluence', 'start_trigger_idx': 3047}"
3123,STATE,STATE_CHANGED,,"{'from': 'pullback_range', 'to': 'pullback', 'structure_id': 0, 'struct_direction': -1, 'reason': 'replay_expand_pullback_side', 'effective_idx': 258, 'timeframe': 'M15', 'use_case': 'first_confluence', 'parent_tf': 'H1', 'parent_sid': 1, 'parent_cycle_id': 1, 'structure_path_id': 'H1.main >> M15.confluence', 'sub_sid': 0, 'started_by': 'first_confluence', 'start_trigger_idx': 3047}"
3124,STATE,STATE_CHANGED,,"{'from': 'pullback', 'to': 'pullback_range', 'structure_id': 0, 'struct_direction': -1, 'reason': 'replay_no_expand_pullback_side', 'effective_idx': 259, 'timeframe': 'M15', 'use_case': 'first_confluence', 'parent_tf': 'H1', 'parent_sid': 1, 'parent_cycle_id': 1, 'structure_path_id': 'H1.main >> M15.confluence', 'sub_sid': 0, 'started_by': 'first_confluence', 'start_trigger_idx': 3047}"
3139,RANGE,RANGE_UPDATED,,"{'hi': 0.57742, 'lo': 0.574, 'structure_id': 0, 'struct_direction': -1, 'timeframe': 'M15', 'use_case': 'first_confluence', 'parent_tf': 'H1', 'parent_sid': 1, 'parent_cycle_id': 1, 'structure_path_id': 'H1.main >> M15.confluence', 'sub_sid': 0, 'started_by': 'first_confluence', 'start_trigger_idx': 3047}"
3139,STATE,STATE_CHANGED,,"{'from': 'pullback_range', 'to': 'pullback', 'structure_id': 0, 'struct_direction': -1, 'reason': 'replay_expand_pullback_side', 'effective_idx': 274, 'timeframe': 'M15', 'use_case': 'first_confluence', 'parent_tf': 'H1', 'parent_sid': 1, 'parent_cycle_id': 1, 'structure_path_id': 'H1.main >> M15.confluence', 'sub_sid': 0, 'started_by': 'first_confluence', 'start_trigger_idx': 3047}"
3140,RANGE,RANGE_UPDATED,,"{'hi': 0.5778, 'lo': 0.574, 'structure_id': 0, 'struct_direction': -1, 'timeframe': 'M15', 'use_case': 'first_confluence', 'parent_tf': 'H1', 'parent_sid': 1, 'parent_cycle_id': 1, 'structure_path_id': 'H1.main >> M15.confluence', 'sub_sid': 0, 'started_by': 'first_confluence', 'start_trigger_idx': 3047}"
3141,STATE,STATE_CHANGED,,"{'from': 'pullback', 'to': 'pullback_range', 'structure_id': 0, 'struct_direction': -1, 'reason': 'replay_no_expand_pullback_side', 'effective_idx': 276, 'timeframe': 'M15', 'use_case': 'first_confluence', 'parent_tf': 'H1', 'parent_sid': 1, 'parent_cycle_id': 1, 'structure_path_id': 'H1.main >> M15.confluence', 'sub_sid': 0, 'started_by': 'first_confluence', 'start_trigger_idx': 3047}"
3237,RANGE,RANGE_UPDATED,,"{'hi': 0.57826, 'lo': 0.574, 'structure_id': 0, 'struct_direction': -1, 'timeframe': 'M15', 'use_case': 'first_confluence', 'parent_tf': 'H1', 'parent_sid': 1, 'parent_cycle_id': 1, 'structure_path_id': 'H1.main >> M15.confluence', 'sub_sid': 0, 'started_by': 'first_confluence', 'start_trigger_idx': 3047}"
3237,STATE,STATE_CHANGED,,"{'from': 'pullback_range', 'to': 'pullback', 'structure_id': 0, 'struct_direction': -1, 'reason': 'replay_expand_pullback_side', 'effective_idx': 372, 'timeframe': 'M15', 'use_case': 'first_confluence', 'parent_tf': 'H1', 'parent_sid': 1, 'parent_cycle_id': 1, 'structure_path_id': 'H1.main >> M15.confluence', 'sub_sid': 0, 'started_by': 'first_confluence', 'start_trigger_idx': 3047}"
3238,RANGE,RANGE_UPDATED,,"{'hi': 0.57841, 'lo': 0.574, 'structure_id': 0, 'struct_direction': -1, 'timeframe': 'M15', 'use_case': 'first_confluence', 'parent_tf': 'H1', 'parent_sid': 1, 'parent_cycle_id': 1, 'structure_path_id': 'H1.main >> M15.confluence', 'sub_sid': 0, 'started_by': 'first_confluence', 'start_trigger_idx': 3047}"
3239,RANGE,RANGE_UPDATED,,"{'hi': 0.57847, 'lo': 0.574, 'structure_id': 0, 'struct_direction': -1, 'timeframe': 'M15', 'use_case': 'first_confluence', 'parent_tf': 'H1', 'parent_sid': 1, 'parent_cycle_id': 1, 'structure_path_id': 'H1.main >> M15.confluence', 'sub_sid': 0, 'started_by': 'first_confluence', 'start_trigger_idx': 3047}"
3240,RANGE,RANGE_UPDATED,,"{'hi': 0.57858, 'lo': 0.574, 'structure_id': 0, 'struct_direction': -1, 'timeframe': 'M15', 'use_case': 'first_confluence', 'parent_tf': 'H1', 'parent_sid': 1, 'parent_cycle_id': 1, 'structure_path_id': 'H1.main >> M15.confluence', 'sub_sid': 0, 'started_by': 'first_confluence', 'start_trigger_idx': 3047}"
3241,RANGE,RANGE_UPDATED,,"{'hi': 0.57876, 'lo': 0.574, 'structure_id': 0, 'struct_direction': -1, 'timeframe': 'M15', 'use_case': 'first_confluence', 'parent_tf': 'H1', 'parent_sid': 1, 'parent_cycle_id': 1, 'structure_path_id': 'H1.main >> M15.confluence', 'sub_sid': 0, 'started_by': 'first_confluence', 'start_trigger_idx': 3047}"
3242,RANGE,RANGE_UPDATED,,"{'hi': 0.57892, 'lo': 0.574, 'structure_id': 0, 'struct_direction': -1, 'timeframe': 'M15', 'use_case': 'first_confluence', 'parent_tf': 'H1', 'parent_sid': 1, 'parent_cycle_id': 1, 'structure_path_id': 'H1.main >> M15.confluence', 'sub_sid': 0, 'started_by': 'first_confluence', 'start_trigger_idx': 3047}"
3243,RANGE,RANGE_UPDATED,,"{'hi': 0.57911, 'lo': 0.574, 'structure_id': 0, 'struct_direction': -1, 'timeframe': 'M15', 'use_case': 'first_confluence', 'parent_tf': 'H1', 'parent_sid': 1, 'parent_cycle_id': 1, 'structure_path_id': 'H1.main >> M15.confluence', 'sub_sid': 0, 'started_by': 'first_confluence', 'start_trigger_idx': 3047}"
3244,STATE,STATE_CHANGED,,"{'from': 'pullback', 'to': 'pullback_range', 'structure_id': 0, 'struct_direction': -1, 'reason': 'replay_no_expand_pullback_side', 'effective_idx': 379, 'timeframe': 'M15', 'use_case': 'first_confluence', 'parent_tf': 'H1', 'parent_sid': 1, 'parent_cycle_id': 1, 'structure_path_id': 'H1.main >> M15.confluence', 'sub_sid': 0, 'started_by': 'first_confluence', 'start_trigger_idx': 3047}"
3256,RANGE,RANGE_UPDATED,,"{'hi': 0.57919, 'lo': 0.574, 'structure_id': 0, 'struct_direction': -1, 'timeframe': 'M15', 'use_case': 'first_confluence', 'parent_tf': 'H1', 'parent_sid': 1, 'parent_cycle_id': 1, 'structure_path_id': 'H1.main >> M15.confluence', 'sub_sid': 0, 'started_by': 'first_confluence', 'start_trigger_idx': 3047}"
3256,STATE,STATE_CHANGED,,"{'from': 'pullback_range', 'to': 'pullback', 'structure_id': 0, 'struct_direction': -1, 'reason': 'replay_expand_pullback_side', 'effective_idx': 391, 'timeframe': 'M15', 'use_case': 'first_confluence', 'parent_tf': 'H1', 'parent_sid': 1, 'parent_cycle_id': 1, 'structure_path_id': 'H1.main >> M15.confluence', 'sub_sid': 0, 'started_by': 'first_confluence', 'start_trigger_idx': 3047}"
3257,STATE,STATE_CHANGED,,"{'from': 'pullback', 'to': 'pullback_range', 'structure_id': 0, 'struct_direction': -1, 'reason': 'replay_no_expand_pullback_side', 'effective_idx': 392, 'timeframe': 'M15', 'use_case': 'first_confluence', 'parent_tf': 'H1', 'parent_sid': 1, 'parent_cycle_id': 1, 'structure_path_id': 'H1.main >> M15.confluence', 'sub_sid': 0, 'started_by': 'first_confluence', 'start_trigger_idx': 3047}"
3279,RANGE,RANGE_UPDATED,,"{'hi': 0.57968, 'lo': 0.574, 'structure_id': 0, 'struct_direction': -1, 'timeframe': 'M15', 'use_case': 'first_confluence', 'parent_tf': 'H1', 'parent_sid': 1, 'parent_cycle_id': 1, 'structure_path_id': 'H1.main >> M15.confluence', 'sub_sid': 0, 'started_by': 'first_confluence', 'start_trigger_idx': 3047}"
3279,STATE,STATE_CHANGED,,"{'from': 'pullback_range', 'to': 'pullback', 'structure_id': 0, 'struct_direction': -1, 'reason': 'replay_expand_pullback_side', 'effective_idx': 414, 'timeframe': 'M15', 'use_case': 'first_confluence', 'parent_tf': 'H1', 'parent_sid': 1, 'parent_cycle_id': 1, 'structure_path_id': 'H1.main >> M15.confluence', 'sub_sid': 0, 'started_by': 'first_confluence', 'start_trigger_idx': 3047}"
3280,RANGE,RANGE_UPDATED,,"{'hi': 0.57993, 'lo': 0.574, 'structure_id': 0, 'struct_direction': -1, 'timeframe': 'M15', 'use_case': 'first_confluence', 'parent_tf': 'H1', 'parent_sid': 1, 'parent_cycle_id': 1, 'structure_path_id': 'H1.main >> M15.confluence', 'sub_sid': 0, 'started_by': 'first_confluence', 'start_trigger_idx': 3047}"
3281,STATE,STATE_CHANGED,,"{'from': 'pullback', 'to': 'pullback_range', 'structure_id': 0, 'struct_direction': -1, 'reason': 'replay_no_expand_pullback_side', 'effective_idx': 416, 'timeframe': 'M15', 'use_case': 'first_confluence', 'parent_tf': 'H1', 'parent_sid': 1, 'parent_cycle_id': 1, 'structure_path_id': 'H1.main >> M15.confluence', 'sub_sid': 0, 'started_by': 'first_confluence', 'start_trigger_idx': 3047}"
3282,RANGE,RANGE_UPDATED,,"{'hi': 0.57995, 'lo': 0.574, 'structure_id': 0, 'struct_direction': -1, 'timeframe': 'M15', 'use_case': 'first_confluence', 'parent_tf': 'H1', 'parent_sid': 1, 'parent_cycle_id': 1, 'structure_path_id': 'H1.main >> M15.confluence', 'sub_sid': 0, 'started_by': 'first_confluence', 'start_trigger_idx': 3047}"
3282,STATE,STATE_CHANGED,,"{'from': 'pullback_range', 'to': 'pullback', 'structure_id': 0, 'struct_direction': -1, 'reason': 'replay_expand_pullback_side', 'effective_idx': 417, 'timeframe': 'M15', 'use_case': 'first_confluence', 'parent_tf': 'H1', 'parent_sid': 1, 'parent_cycle_id': 1, 'structure_path_id': 'H1.main >> M15.confluence', 'sub_sid': 0, 'started_by': 'first_confluence', 'start_trigger_idx': 3047}"
3283,RANGE,RANGE_UPDATED,,"{'hi': 0.58064, 'lo': 0.574, 'structure_id': 0, 'struct_direction': -1, 'timeframe': 'M15', 'use_case': 'first_confluence', 'parent_tf': 'H1', 'parent_sid': 1, 'parent_cycle_id': 1, 'structure_path_id': 'H1.main >> M15.confluence', 'sub_sid': 0, 'started_by': 'first_confluence', 'start_trigger_idx': 3047}"
3284,STATE,STATE_CHANGED,,"{'from': 'pullback', 'to': 'pullback_range', 'structure_id': 0, 'struct_direction': -1, 'reason': 'replay_no_expand_pullback_side', 'effective_idx': 419, 'timeframe': 'M15', 'use_case': 'first_confluence', 'parent_tf': 'H1', 'parent_sid': 1, 'parent_cycle_id': 1, 'structure_path_id': 'H1.main >> M15.confluence', 'sub_sid': 0, 'started_by': 'first_confluence', 'start_trigger_idx': 3047}"
3299,RANGE,RANGE_UPDATED,,"{'hi': 0.58078, 'lo': 0.574, 'structure_id': 0, 'struct_direction': -1, 'timeframe': 'M15', 'use_case': 'first_confluence', 'parent_tf': 'H1', 'parent_sid': 1, 'parent_cycle_id': 1, 'structure_path_id': 'H1.main >> M15.confluence', 'sub_sid': 0, 'started_by': 'first_confluence', 'start_trigger_idx': 3047}"
3299,STATE,STATE_CHANGED,,"{'from': 'pullback_range', 'to': 'pullback', 'structure_id': 0, 'struct_direction': -1, 'reason': 'replay_expand_pullback_side', 'effective_idx': 434, 'timeframe': 'M15', 'use_case': 'first_confluence', 'parent_tf': 'H1', 'parent_sid': 1, 'parent_cycle_id': 1, 'structure_path_id': 'H1.main >> M15.confluence', 'sub_sid': 0, 'started_by': 'first_confluence', 'start_trigger_idx': 3047}"
3300,RANGE,RANGE_UPDATED,,"{'hi': 0.581, 'lo': 0.574, 'structure_id': 0, 'struct_direction': -1, 'timeframe': 'M15', 'use_case': 'first_confluence', 'parent_tf': 'H1', 'parent_sid': 1, 'parent_cycle_id': 1, 'structure_path_id': 'H1.main >> M15.confluence', 'sub_sid': 0, 'started_by': 'first_confluence', 'start_trigger_idx': 3047}"
3301,STATE,STATE_CHANGED,,"{'from': 'pullback', 'to': 'pullback_range', 'structure_id': 0, 'struct_direction': -1, 'reason': 'replay_no_expand_pullback_side', 'effective_idx': 436, 'timeframe': 'M15', 'use_case': 'first_confluence', 'parent_tf': 'H1', 'parent_sid': 1, 'parent_cycle_id': 1, 'structure_path_id': 'H1.main >> M15.confluence', 'sub_sid': 0, 'started_by': 'first_confluence', 'start_trigger_idx': 3047}"
3304,RANGE,RANGE_UPDATED,,"{'hi': 0.58105, 'lo': 0.574, 'structure_id': 0, 'struct_direction': -1, 'timeframe': 'M15', 'use_case': 'first_confluence', 'parent_tf': 'H1', 'parent_sid': 1, 'parent_cycle_id': 1, 'structure_path_id': 'H1.main >> M15.confluence', 'sub_sid': 0, 'started_by': 'first_confluence', 'start_trigger_idx': 3047}"
3304,STATE,STATE_CHANGED,,"{'from': 'pullback_range', 'to': 'pullback', 'structure_id': 0, 'struct_direction': -1, 'reason': 'replay_expand_pullback_side', 'effective_idx': 439, 'timeframe': 'M15', 'use_case': 'first_confluence', 'parent_tf': 'H1', 'parent_sid': 1, 'parent_cycle_id': 1, 'structure_path_id': 'H1.main >> M15.confluence', 'sub_sid': 0, 'started_by': 'first_confluence', 'start_trigger_idx': 3047}"
3305,STATE,STATE_CHANGED,,"{'from': 'pullback', 'to': 'pullback_range', 'structure_id': 0, 'struct_direction': -1, 'reason': 'replay_no_expand_pullback_side', 'effective_idx': 440, 'timeframe': 'M15', 'use_case': 'first_confluence', 'parent_tf': 'H1', 'parent_sid': 1, 'parent_cycle_id': 1, 'structure_path_id': 'H1.main >> M15.confluence', 'sub_sid': 0, 'started_by': 'first_confluence', 'start_trigger_idx': 3047}"
3306,STRUCTURE,CTS_ESTABLISHED,0.57965,"{'via': 'one_maru_continuous', 'anchor_idx': 3305, 'pattern_name': 'one_maru_continuous', 'confirmed_at': 3306, 'cycle_id': 0, 'structure_id': 0, 'struct_direction': -1, 'timeframe': 'M15', 'use_case': 'subsequent_confluence', 'parent_tf': 'H1', 'parent_sid': 1, 'parent_cycle_id': 1, 'structure_path_id': 'H1.main >> M15.confluence', 'sub_sid': 1, 'started_by': 'subsequent_confluence', 'start_trigger_idx': 3487}"
3304,STRUCTURE,BOS_CONFIRMED,0.58105,"{'source': 'initial_prior_extreme', 'confirmed_at': 3306, 'pb_start': None, 'cycle_id': 0, 'structure_id': 0, 'struct_direction': -1, 'timeframe': 'M15', 'use_case': 'subsequent_confluence', 'parent_tf': 'H1', 'parent_sid': 1, 'parent_cycle_id': 1, 'structure_path_id': 'H1.main >> M15.confluence', 'sub_sid': 1, 'started_by': 'subsequent_confluence', 'start_trigger_idx': 3487}"
3306,STATE,STATE_CHANGED,,"{'from': 'none', 'to': 'breakout', 'structure_id': 0, 'struct_direction': -1, 'reason': 'breakout_pattern', 'pat': 'one_maru_continuous', 'effective_idx': 52, 'timeframe': 'M15', 'use_case': 'subsequent_confluence', 'parent_tf': 'H1', 'parent_sid': 1, 'parent_cycle_id': 1, 'structure_path_id': 'H1.main >> M15.confluence', 'sub_sid': 1, 'started_by': 'subsequent_confluence', 'start_trigger_idx': 3487}"
3307,STRUCTURE,CTS_UPDATED,0.57951,"{'via': 'replay_raw', 'cycle_id': 0, 'structure_id': 0, 'struct_direction': -1, 'timeframe': 'M15', 'use_case': 'subsequent_confluence', 'parent_tf': 'H1', 'parent_sid': 1, 'parent_cycle_id': 1, 'structure_path_id': 'H1.main >> M15.confluence', 'sub_sid': 1, 'started_by': 'subsequent_confluence', 'start_trigger_idx': 3487}"
3308,STRUCTURE,CTS_UPDATED,0.57912,"{'via': 'replay_raw', 'cycle_id': 0, 'structure_id': 0, 'struct_direction': -1, 'timeframe': 'M15', 'use_case': 'subsequent_confluence', 'parent_tf': 'H1', 'parent_sid': 1, 'parent_cycle_id': 1, 'structure_path_id': 'H1.main >> M15.confluence', 'sub_sid': 1, 'started_by': 'subsequent_confluence', 'start_trigger_idx': 3487}"
3309,STRUCTURE,CTS_UPDATED,0.57896,"{'via': 'replay_raw', 'cycle_id': 0, 'structure_id': 0, 'struct_direction': -1, 'timeframe': 'M15', 'use_case': 'subsequent_confluence', 'parent_tf': 'H1', 'parent_sid': 1, 'parent_cycle_id': 1, 'structure_path_id': 'H1.main >> M15.confluence', 'sub_sid': 1, 'started_by': 'subsequent_confluence', 'start_trigger_idx': 3487}"
3311,RANGE,RANGE_STARTED,,"{'start_idx': 55, 'confirm_idx': 57, 'hi': 0.57948, 'lo': 0.57896, 'cts_idx': 55, 'cts_price': 0.57896, 'structure_id': 0, 'struct_direction': -1, 'timeframe': 'M15', 'use_case': 'subsequent_confluence', 'parent_tf': 'H1', 'parent_sid': 1, 'parent_cycle_id': 1, 'structure_path_id': 'H1.main >> M15.confluence', 'sub_sid': 1, 'started_by': 'subsequent_confluence', 'start_trigger_idx': 3487}"
3311,STATE,STATE_CHANGED,,"{'from': 'breakout', 'to': 'range', 'structure_id': 0, 'struct_direction': -1, 'reason': 'range_confirmed', 'effective_idx': 55, 'timeframe': 'M15', 'use_case': 'subsequent_confluence', 'parent_tf': 'H1', 'parent_sid': 1, 'parent_cycle_id': 1, 'structure_path_id': 'H1.main >> M15.confluence', 'sub_sid': 1, 'started_by': 'subsequent_confluence', 'start_trigger_idx': 3487}"
3310,RANGE,RANGE_UPDATED,,"{'hi': 0.57949, 'lo': 0.57896, 'structure_id': 0, 'struct_direction': -1, 'timeframe': 'M15', 'use_case': 'subsequent_confluence', 'parent_tf': 'H1', 'parent_sid': 1, 'parent_cycle_id': 1, 'structure_path_id': 'H1.main >> M15.confluence', 'sub_sid': 1, 'started_by': 'subsequent_confluence', 'start_trigger_idx': 3487}"
3311,RANGE,RANGE_UPDATED,,"{'hi': 0.57964, 'lo': 0.57896, 'structure_id': 0, 'struct_direction': -1, 'timeframe': 'M15', 'use_case': 'subsequent_confluence', 'parent_tf': 'H1', 'parent_sid': 1, 'parent_cycle_id': 1, 'structure_path_id': 'H1.main >> M15.confluence', 'sub_sid': 1, 'started_by': 'subsequent_confluence', 'start_trigger_idx': 3487}"
3312,RANGE,RANGE_UPDATED,,"{'hi': 0.57964, 'lo': 0.57884, 'structure_id': 0, 'struct_direction': -1, 'timeframe': 'M15', 'use_case': 'subsequent_confluence', 'parent_tf': 'H1', 'parent_sid': 1, 'parent_cycle_id': 1, 'structure_path_id': 'H1.main >> M15.confluence', 'sub_sid': 1, 'started_by': 'subsequent_confluence', 'start_trigger_idx': 3487}"
3312,STRUCTURE,CTS_UPDATED,0.57884,"{'via': 'replay_raw', 'cycle_id': 0, 'structure_id': 0, 'struct_direction': -1, 'timeframe': 'M15', 'use_case': 'subsequent_confluence', 'parent_tf': 'H1', 'parent_sid': 1, 'parent_cycle_id': 1, 'structure_path_id': 'H1.main >> M15.confluence', 'sub_sid': 1, 'started_by': 'subsequent_confluence', 'start_trigger_idx': 3487}"
3316,RANGE,RANGE_UPDATED,,"{'hi': 0.57964, 'lo': 0.5786, 'structure_id': 0, 'struct_direction': -1, 'timeframe': 'M15', 'use_case': 'subsequent_confluence', 'parent_tf': 'H1', 'parent_sid': 1, 'parent_cycle_id': 1, 'structure_path_id': 'H1.main >> M15.confluence', 'sub_sid': 1, 'started_by': 'subsequent_confluence', 'start_trigger_idx': 3487}"
3316,STRUCTURE,CTS_UPDATED,0.5786,"{'via': 'replay_raw', 'cycle_id': 0, 'structure_id': 0, 'struct_direction': -1, 'timeframe': 'M15', 'use_case': 'subsequent_confluence', 'parent_tf': 'H1', 'parent_sid': 1, 'parent_cycle_id': 1, 'structure_path_id': 'H1.main >> M15.confluence', 'sub_sid': 1, 'started_by': 'subsequent_confluence', 'start_trigger_idx': 3487}"
3322,RANGE,RANGE_UPDATED,,"{'hi': 0.57964, 'lo': 0.57839, 'structure_id': 0, 'struct_direction': -1, 'timeframe': 'M15', 'use_case': 'subsequent_confluence', 'parent_tf': 'H1', 'parent_sid': 1, 'parent_cycle_id': 1, 'structure_path_id': 'H1.main >> M15.confluence', 'sub_sid': 1, 'started_by': 'subsequent_confluence', 'start_trigger_idx': 3487}"
3322,STRUCTURE,CTS_UPDATED,0.57839,"{'via': 'replay_raw', 'cycle_id': 0, 'structure_id': 0, 'struct_direction': -1, 'timeframe': 'M15', 'use_case': 'subsequent_confluence', 'parent_tf': 'H1', 'parent_sid': 1, 'parent_cycle_id': 1, 'structure_path_id': 'H1.main >> M15.confluence', 'sub_sid': 1, 'started_by': 'subsequent_confluence', 'start_trigger_idx': 3487}"
3323,RANGE,RANGE_UPDATED,,"{'hi': 0.57964, 'lo': 0.57829, 'structure_id': 0, 'struct_direction': -1, 'timeframe': 'M15', 'use_case': 'subsequent_confluence', 'parent_tf': 'H1', 'parent_sid': 1, 'parent_cycle_id': 1, 'structure_path_id': 'H1.main >> M15.confluence', 'sub_sid': 1, 'started_by': 'subsequent_confluence', 'start_trigger_idx': 3487}"
3323,STRUCTURE,CTS_UPDATED,0.57829,"{'via': 'replay_raw', 'cycle_id': 0, 'structure_id': 0, 'struct_direction': -1, 'timeframe': 'M15', 'use_case': 'subsequent_confluence', 'parent_tf': 'H1', 'parent_sid': 1, 'parent_cycle_id': 1, 'structure_path_id': 'H1.main >> M15.confluence', 'sub_sid': 1, 'started_by': 'subsequent_confluence', 'start_trigger_idx': 3487}"
3324,RANGE,RANGE_UPDATED,,"{'hi': 0.57964, 'lo': 0.57816, 'structure_id': 0, 'struct_direction': -1, 'timeframe': 'M15', 'use_case': 'subsequent_confluence', 'parent_tf': 'H1', 'parent_sid': 1, 'parent_cycle_id': 1, 'structure_path_id': 'H1.main >> M15.confluence', 'sub_sid': 1, 'started_by': 'subsequent_confluence', 'start_trigger_idx': 3487}"
3324,STRUCTURE,CTS_UPDATED,0.57816,"{'via': 'replay_raw', 'cycle_id': 0, 'structure_id': 0, 'struct_direction': -1, 'timeframe': 'M15', 'use_case': 'subsequent_confluence', 'parent_tf': 'H1', 'parent_sid': 1, 'parent_cycle_id': 1, 'structure_path_id': 'H1.main >> M15.confluence', 'sub_sid': 1, 'started_by': 'subsequent_confluence', 'start_trigger_idx': 3487}"
3328,RANGE,RANGE_UPDATED,,"{'hi': 0.57968, 'lo': 0.57816, 'structure_id': 0, 'struct_direction': -1, 'timeframe': 'M15', 'use_case': 'subsequent_confluence', 'parent_tf': 'H1', 'parent_sid': 1, 'parent_cycle_id': 1, 'structure_path_id': 'H1.main >> M15.confluence', 'sub_sid': 1, 'started_by': 'subsequent_confluence', 'start_trigger_idx': 3487}"
3331,RANGE,RANGE_UPDATED,,"{'hi': 0.57979, 'lo': 0.57816, 'structure_id': 0, 'struct_direction': -1, 'timeframe': 'M15', 'use_case': 'subsequent_confluence', 'parent_tf': 'H1', 'parent_sid': 1, 'parent_cycle_id': 1, 'structure_path_id': 'H1.main >> M15.confluence', 'sub_sid': 1, 'started_by': 'subsequent_confluence', 'start_trigger_idx': 3487}"
3333,RANGE,RANGE_UPDATED,,"{'hi': 0.57979, 'lo': 0.57785, 'structure_id': 0, 'struct_direction': -1, 'timeframe': 'M15', 'use_case': 'subsequent_confluence', 'parent_tf': 'H1', 'parent_sid': 1, 'parent_cycle_id': 1, 'structure_path_id': 'H1.main >> M15.confluence', 'sub_sid': 1, 'started_by': 'subsequent_confluence', 'start_trigger_idx': 3487}"
3333,STRUCTURE,CTS_UPDATED,0.57785,"{'via': 'replay_raw', 'cycle_id': 0, 'structure_id': 0, 'struct_direction': -1, 'timeframe': 'M15', 'use_case': 'subsequent_confluence', 'parent_tf': 'H1', 'parent_sid': 1, 'parent_cycle_id': 1, 'structure_path_id': 'H1.main >> M15.confluence', 'sub_sid': 1, 'started_by': 'subsequent_confluence', 'start_trigger_idx': 3487}"
3334,RANGE,RANGE_UPDATED,,"{'hi': 0.57979, 'lo': 0.57718, 'structure_id': 0, 'struct_direction': -1, 'timeframe': 'M15', 'use_case': 'subsequent_confluence', 'parent_tf': 'H1', 'parent_sid': 1, 'parent_cycle_id': 1, 'structure_path_id': 'H1.main >> M15.confluence', 'sub_sid': 1, 'started_by': 'subsequent_confluence', 'start_trigger_idx': 3487}"
3334,STRUCTURE,CTS_UPDATED,0.57718,"{'via': 'replay_raw', 'cycle_id': 0, 'structure_id': 0, 'struct_direction': -1, 'timeframe': 'M15', 'use_case': 'subsequent_confluence', 'parent_tf': 'H1', 'parent_sid': 1, 'parent_cycle_id': 1, 'structure_path_id': 'H1.main >> M15.confluence', 'sub_sid': 1, 'started_by': 'subsequent_confluence', 'start_trigger_idx': 3487}"
3336,RANGE,RANGE_UPDATED,,"{'hi': 0.57979, 'lo': 0.57688, 'structure_id': 0, 'struct_direction': -1, 'timeframe': 'M15', 'use_case': 'subsequent_confluence', 'parent_tf': 'H1', 'parent_sid': 1, 'parent_cycle_id': 1, 'structure_path_id': 'H1.main >> M15.confluence', 'sub_sid': 1, 'started_by': 'subsequent_confluence', 'start_trigger_idx': 3487}"
3336,STRUCTURE,CTS_UPDATED,0.57688,"{'via': 'replay_raw', 'cycle_id': 0, 'structure_id': 0, 'struct_direction': -1, 'timeframe': 'M15', 'use_case': 'subsequent_confluence', 'parent_tf': 'H1', 'parent_sid': 1, 'parent_cycle_id': 1, 'structure_path_id': 'H1.main >> M15.confluence', 'sub_sid': 1, 'started_by': 'subsequent_confluence', 'start_trigger_idx': 3487}"
3465,RANGE,RANGE_UPDATED,,"{'hi': 0.57979, 'lo': 0.57671, 'structure_id': 0, 'struct_direction': -1, 'timeframe': 'M15', 'use_case': 'subsequent_confluence', 'parent_tf': 'H1', 'parent_sid': 1, 'parent_cycle_id': 1, 'structure_path_id': 'H1.main >> M15.confluence', 'sub_sid': 1, 'started_by': 'subsequent_confluence', 'start_trigger_idx': 3487}"
3465,STRUCTURE,CTS_UPDATED,0.57671,"{'via': 'replay_raw', 'cycle_id': 0, 'structure_id': 0, 'struct_direction': -1, 'timeframe': 'M15', 'use_case': 'subsequent_confluence', 'parent_tf': 'H1', 'parent_sid': 1, 'parent_cycle_id': 1, 'structure_path_id': 'H1.main >> M15.confluence', 'sub_sid': 1, 'started_by': 'subsequent_confluence', 'start_trigger_idx': 3487}"
3467,RANGE,RANGE_UPDATED,,"{'hi': 0.57979, 'lo': 0.57668, 'structure_id': 0, 'struct_direction': -1, 'timeframe': 'M15', 'use_case': 'subsequent_confluence', 'parent_tf': 'H1', 'parent_sid': 1, 'parent_cycle_id': 1, 'structure_path_id': 'H1.main >> M15.confluence', 'sub_sid': 1, 'started_by': 'subsequent_confluence', 'start_trigger_idx': 3487}"
3467,STRUCTURE,CTS_UPDATED,0.57668,"{'via': 'replay_raw', 'cycle_id': 0, 'structure_id': 0, 'struct_direction': -1, 'timeframe': 'M15', 'use_case': 'subsequent_confluence', 'parent_tf': 'H1', 'parent_sid': 1, 'parent_cycle_id': 1, 'structure_path_id': 'H1.main >> M15.confluence', 'sub_sid': 1, 'started_by': 'subsequent_confluence', 'start_trigger_idx': 3487}"
3468,RANGE,RANGE_UPDATED,,"{'hi': 0.57979, 'lo': 0.57667, 'structure_id': 0, 'struct_direction': -1, 'timeframe': 'M15', 'use_case': 'subsequent_confluence', 'parent_tf': 'H1', 'parent_sid': 1, 'parent_cycle_id': 1, 'structure_path_id': 'H1.main >> M15.confluence', 'sub_sid': 1, 'started_by': 'subsequent_confluence', 'start_trigger_idx': 3487}"
3468,STRUCTURE,CTS_UPDATED,0.57667,"{'via': 'replay_raw', 'cycle_id': 0, 'structure_id': 0, 'struct_direction': -1, 'timeframe': 'M15', 'use_case': 'subsequent_confluence', 'parent_tf': 'H1', 'parent_sid': 1, 'parent_cycle_id': 1, 'structure_path_id': 'H1.main >> M15.confluence', 'sub_sid': 1, 'started_by': 'subsequent_confluence', 'start_trigger_idx': 3487}"
3470,RANGE,RANGE_UPDATED,,"{'hi': 0.57979, 'lo': 0.57658, 'structure_id': 0, 'struct_direction': -1, 'timeframe': 'M15', 'use_case': 'subsequent_confluence', 'parent_tf': 'H1', 'parent_sid': 1, 'parent_cycle_id': 1, 'structure_path_id': 'H1.main >> M15.confluence', 'sub_sid': 1, 'started_by': 'subsequent_confluence', 'start_trigger_idx': 3487}"
3470,STRUCTURE,CTS_UPDATED,0.57658,"{'via': 'replay_raw', 'cycle_id': 0, 'structure_id': 0, 'struct_direction': -1, 'timeframe': 'M15', 'use_case': 'subsequent_confluence', 'parent_tf': 'H1', 'parent_sid': 1, 'parent_cycle_id': 1, 'structure_path_id': 'H1.main >> M15.confluence', 'sub_sid': 1, 'started_by': 'subsequent_confluence', 'start_trigger_idx': 3487}"
3472,RANGE,RANGE_UPDATED,,"{'hi': 0.57979, 'lo': 0.57656, 'structure_id': 0, 'struct_direction': -1, 'timeframe': 'M15', 'use_case': 'subsequent_confluence', 'parent_tf': 'H1', 'parent_sid': 1, 'parent_cycle_id': 1, 'structure_path_id': 'H1.main >> M15.confluence', 'sub_sid': 1, 'started_by': 'subsequent_confluence', 'start_trigger_idx': 3487}"
3472,STRUCTURE,CTS_UPDATED,0.57656,"{'via': 'replay_raw', 'cycle_id': 0, 'structure_id': 0, 'struct_direction': -1, 'timeframe': 'M15', 'use_case': 'subsequent_confluence', 'parent_tf': 'H1', 'parent_sid': 1, 'parent_cycle_id': 1, 'structure_path_id': 'H1.main >> M15.confluence', 'sub_sid': 1, 'started_by': 'subsequent_confluence', 'start_trigger_idx': 3487}"
3473,RANGE,RANGE_UPDATED,,"{'hi': 0.57979, 'lo': 0.57619, 'structure_id': 0, 'struct_direction': -1, 'timeframe': 'M15', 'use_case': 'subsequent_confluence', 'parent_tf': 'H1', 'parent_sid': 1, 'parent_cycle_id': 1, 'structure_path_id': 'H1.main >> M15.confluence', 'sub_sid': 1, 'started_by': 'subsequent_confluence', 'start_trigger_idx': 3487}"
3473,STRUCTURE,CTS_UPDATED,0.57619,"{'via': 'replay_raw', 'cycle_id': 0, 'structure_id': 0, 'struct_direction': -1, 'timeframe': 'M15', 'use_case': 'subsequent_confluence', 'parent_tf': 'H1', 'parent_sid': 1, 'parent_cycle_id': 1, 'structure_path_id': 'H1.main >> M15.confluence', 'sub_sid': 1, 'started_by': 'subsequent_confluence', 'start_trigger_idx': 3487}"
3485,RANGE,RANGE_UPDATED,,"{'hi': 0.57979, 'lo': 0.57606, 'structure_id': 0, 'struct_direction': -1, 'timeframe': 'M15', 'use_case': 'subsequent_confluence', 'parent_tf': 'H1', 'parent_sid': 1, 'parent_cycle_id': 1, 'structure_path_id': 'H1.main >> M15.confluence', 'sub_sid': 1, 'started_by': 'subsequent_confluence', 'start_trigger_idx': 3487}"
3485,STRUCTURE,CTS_UPDATED,0.57606,"{'via': 'replay_raw', 'cycle_id': 0, 'structure_id': 0, 'struct_direction': -1, 'timeframe': 'M15', 'use_case': 'subsequent_confluence', 'parent_tf': 'H1', 'parent_sid': 1, 'parent_cycle_id': 1, 'structure_path_id': 'H1.main >> M15.confluence', 'sub_sid': 1, 'started_by': 'subsequent_confluence', 'start_trigger_idx': 3487}"
3487,RANGE,RANGE_UPDATED,,"{'hi': 0.57979, 'lo': 0.57604, 'structure_id': 0, 'struct_direction': -1, 'timeframe': 'M15', 'use_case': 'subsequent_confluence', 'parent_tf': 'H1', 'parent_sid': 1, 'parent_cycle_id': 1, 'structure_path_id': 'H1.main >> M15.confluence', 'sub_sid': 1, 'started_by': 'subsequent_confluence', 'start_trigger_idx': 3487}"
3487,STRUCTURE,CTS_UPDATED,0.57604,"{'via': 'replay_raw', 'cycle_id': 0, 'structure_id': 0, 'struct_direction': -1, 'timeframe': 'M15', 'use_case': 'subsequent_confluence', 'parent_tf': 'H1', 'parent_sid': 1, 'parent_cycle_id': 1, 'structure_path_id': 'H1.main >> M15.confluence', 'sub_sid': 1, 'started_by': 'subsequent_confluence', 'start_trigger_idx': 3487}"
3488,STRUCTURE,CTS_UPDATED,0.57566,"{'via': 'replay_raw', 'cycle_id': 0, 'structure_id': 0, 'struct_direction': -1, 'timeframe': 'M15', 'use_case': 'subsequent_confluence', 'parent_tf': 'H1', 'parent_sid': 1, 'parent_cycle_id': 1, 'structure_path_id': 'H1.main >> M15.confluence', 'sub_sid': 1, 'started_by': 'subsequent_confluence', 'start_trigger_idx': 3487}"
3489,RANGE,RANGE_RESET,,"{'reason': 'range_breakout', 'pat': 'one_maru_continuous', 'structure_id': 0, 'struct_direction': -1, 'timeframe': 'M15', 'use_case': 'subsequent_confluence', 'parent_tf': 'H1', 'parent_sid': 1, 'parent_cycle_id': 1, 'structure_path_id': 'H1.main >> M15.confluence', 'sub_sid': 1, 'started_by': 'subsequent_confluence', 'start_trigger_idx': 3487}"
3489,STRUCTURE,CTS_UPDATED,0.57513,"{'via': 'one_maru_continuous', 'cycle_id': 0, 'structure_id': 0, 'struct_direction': -1, 'timeframe': 'M15', 'use_case': 'subsequent_confluence', 'parent_tf': 'H1', 'parent_sid': 1, 'parent_cycle_id': 1, 'structure_path_id': 'H1.main >> M15.confluence', 'sub_sid': 1, 'started_by': 'subsequent_confluence', 'start_trigger_idx': 3487}"
3489,STATE,STATE_CHANGED,,"{'from': 'range', 'to': 'breakout', 'structure_id': 0, 'struct_direction': -1, 'reason': 'breakout_pattern', 'pat': 'one_maru_continuous', 'effective_idx': 235, 'timeframe': 'M15', 'use_case': 'subsequent_confluence', 'parent_tf': 'H1', 'parent_sid': 1, 'parent_cycle_id': 1, 'structure_path_id': 'H1.main >> M15.confluence', 'sub_sid': 1, 'started_by': 'subsequent_confluence', 'start_trigger_idx': 3487}"
3492,RANGE,RANGE_STARTED,,"{'start_idx': 236, 'confirm_idx': 238, 'hi': 0.57557, 'lo': 0.57513, 'cts_idx': 235, 'cts_price': 0.57513, 'structure_id': 0, 'struct_direction': -1, 'timeframe': 'M15', 'use_case': 'subsequent_confluence', 'parent_tf': 'H1', 'parent_sid': 1, 'parent_cycle_id': 1, 'structure_path_id': 'H1.main >> M15.confluence', 'sub_sid': 1, 'started_by': 'subsequent_confluence', 'start_trigger_idx': 3487}"
3492,STATE,STATE_CHANGED,,"{'from': 'breakout', 'to': 'range', 'structure_id': 0, 'struct_direction': -1, 'reason': 'range_confirmed', 'effective_idx': 236, 'timeframe': 'M15', 'use_case': 'subsequent_confluence', 'parent_tf': 'H1', 'parent_sid': 1, 'parent_cycle_id': 1, 'structure_path_id': 'H1.main >> M15.confluence', 'sub_sid': 1, 'started_by': 'subsequent_confluence', 'start_trigger_idx': 3487}"
3491,RANGE,RANGE_UPDATED,,"{'hi': 0.57585, 'lo': 0.57513, 'structure_id': 0, 'struct_direction': -1, 'timeframe': 'M15', 'use_case': 'subsequent_confluence', 'parent_tf': 'H1', 'parent_sid': 1, 'parent_cycle_id': 1, 'structure_path_id': 'H1.main >> M15.confluence', 'sub_sid': 1, 'started_by': 'subsequent_confluence', 'start_trigger_idx': 3487}"
3493,RANGE,RANGE_UPDATED,,"{'hi': 0.57589, 'lo': 0.57513, 'structure_id': 0, 'struct_direction': -1, 'timeframe': 'M15', 'use_case': 'subsequent_confluence', 'parent_tf': 'H1', 'parent_sid': 1, 'parent_cycle_id': 1, 'structure_path_id': 'H1.main >> M15.confluence', 'sub_sid': 1, 'started_by': 'subsequent_confluence', 'start_trigger_idx': 3487}"
3496,RANGE,RANGE_UPDATED,,"{'hi': 0.57589, 'lo': 0.57503, 'structure_id': 0, 'struct_direction': -1, 'timeframe': 'M15', 'use_case': 'subsequent_confluence', 'parent_tf': 'H1', 'parent_sid': 1, 'parent_cycle_id': 1, 'structure_path_id': 'H1.main >> M15.confluence', 'sub_sid': 1, 'started_by': 'subsequent_confluence', 'start_trigger_idx': 3487}"
3496,STRUCTURE,CTS_UPDATED,0.57503,"{'via': 'replay_raw', 'cycle_id': 0, 'structure_id': 0, 'struct_direction': -1, 'timeframe': 'M15', 'use_case': 'subsequent_confluence', 'parent_tf': 'H1', 'parent_sid': 1, 'parent_cycle_id': 1, 'structure_path_id': 'H1.main >> M15.confluence', 'sub_sid': 1, 'started_by': 'subsequent_confluence', 'start_trigger_idx': 3487}"
3498,RANGE,RANGE_UPDATED,,"{'hi': 0.57589, 'lo': 0.57494, 'structure_id': 0, 'struct_direction': -1, 'timeframe': 'M15', 'use_case': 'subsequent_confluence', 'parent_tf': 'H1', 'parent_sid': 1, 'parent_cycle_id': 1, 'structure_path_id': 'H1.main >> M15.confluence', 'sub_sid': 1, 'started_by': 'subsequent_confluence', 'start_trigger_idx': 3487}"
3498,STRUCTURE,CTS_UPDATED,0.57494,"{'via': 'replay_raw', 'cycle_id': 0, 'structure_id': 0, 'struct_direction': -1, 'timeframe': 'M15', 'use_case': 'subsequent_confluence', 'parent_tf': 'H1', 'parent_sid': 1, 'parent_cycle_id': 1, 'structure_path_id': 'H1.main >> M15.confluence', 'sub_sid': 1, 'started_by': 'subsequent_confluence', 'start_trigger_idx': 3487}"
3499,STRUCTURE,CTS_UPDATED,0.57458,"{'via': 'replay_raw', 'cycle_id': 0, 'structure_id': 0, 'struct_direction': -1, 'timeframe': 'M15', 'use_case': 'subsequent_confluence', 'parent_tf': 'H1', 'parent_sid': 1, 'parent_cycle_id': 1, 'structure_path_id': 'H1.main >> M15.confluence', 'sub_sid': 1, 'started_by': 'subsequent_confluence', 'start_trigger_idx': 3487}"
3501,RANGE,RANGE_RESET,,"{'reason': 'range_breakout', 'pat': 'one_maru_continuous', 'structure_id': 0, 'struct_direction': -1, 'timeframe': 'M15', 'use_case': 'subsequent_confluence', 'parent_tf': 'H1', 'parent_sid': 1, 'parent_cycle_id': 1, 'structure_path_id': 'H1.main >> M15.confluence', 'sub_sid': 1, 'started_by': 'subsequent_confluence', 'start_trigger_idx': 3487}"
3501,STRUCTURE,CTS_UPDATED,0.57442,"{'via': 'one_maru_continuous', 'cycle_id': 0, 'structure_id': 0, 'struct_direction': -1, 'timeframe': 'M15', 'use_case': 'subsequent_confluence', 'parent_tf': 'H1', 'parent_sid': 1, 'parent_cycle_id': 1, 'structure_path_id': 'H1.main >> M15.confluence', 'sub_sid': 1, 'started_by': 'subsequent_confluence', 'start_trigger_idx': 3487}"
3501,STATE,STATE_CHANGED,,"{'from': 'range', 'to': 'breakout', 'structure_id': 0, 'struct_direction': -1, 'reason': 'breakout_pattern', 'pat': 'one_maru_continuous', 'effective_idx': 247, 'timeframe': 'M15', 'use_case': 'subsequent_confluence', 'parent_tf': 'H1', 'parent_sid': 1, 'parent_cycle_id': 1, 'structure_path_id': 'H1.main >> M15.confluence', 'sub_sid': 1, 'started_by': 'subsequent_confluence', 'start_trigger_idx': 3487}"
3502,STRUCTURE,CTS_UPDATED,0.5741,"{'via': 'replay_raw', 'cycle_id': 0, 'structure_id': 0, 'struct_direction': -1, 'timeframe': 'M15', 'use_case': 'subsequent_confluence', 'parent_tf': 'H1', 'parent_sid': 1, 'parent_cycle_id': 1, 'structure_path_id': 'H1.main >> M15.confluence', 'sub_sid': 1, 'started_by': 'subsequent_confluence', 'start_trigger_idx': 3487}"
3503,STRUCTURE,CTS_UPDATED,0.57407,"{'via': 'replay_raw', 'cycle_id': 0, 'structure_id': 0, 'struct_direction': -1, 'timeframe': 'M15', 'use_case': 'subsequent_confluence', 'parent_tf': 'H1', 'parent_sid': 1, 'parent_cycle_id': 1, 'structure_path_id': 'H1.main >> M15.confluence', 'sub_sid': 1, 'started_by': 'subsequent_confluence', 'start_trigger_idx': 3487}"
3506,RANGE,RANGE_STARTED,,"{'start_idx': 250, 'confirm_idx': 252, 'hi': 0.5748, 'lo': 0.57407, 'cts_idx': 249, 'cts_price': 0.57407, 'structure_id': 0, 'struct_direction': -1, 'timeframe': 'M15', 'use_case': 'subsequent_confluence', 'parent_tf': 'H1', 'parent_sid': 1, 'parent_cycle_id': 1, 'structure_path_id': 'H1.main >> M15.confluence', 'sub_sid': 1, 'started_by': 'subsequent_confluence', 'start_trigger_idx': 3487}"
3506,STATE,STATE_CHANGED,,"{'from': 'breakout', 'to': 'range', 'structure_id': 0, 'struct_direction': -1, 'reason': 'range_confirmed', 'effective_idx': 250, 'timeframe': 'M15', 'use_case': 'subsequent_confluence', 'parent_tf': 'H1', 'parent_sid': 1, 'parent_cycle_id': 1, 'structure_path_id': 'H1.main >> M15.confluence', 'sub_sid': 1, 'started_by': 'subsequent_confluence', 'start_trigger_idx': 3487}"
3506,RANGE,RANGE_UPDATED,,"{'hi': 0.57493, 'lo': 0.57407, 'structure_id': 0, 'struct_direction': -1, 'timeframe': 'M15', 'use_case': 'subsequent_confluence', 'parent_tf': 'H1', 'parent_sid': 1, 'parent_cycle_id': 1, 'structure_path_id': 'H1.main >> M15.confluence', 'sub_sid': 1, 'started_by': 'subsequent_confluence', 'start_trigger_idx': 3487}"
3507,RANGE,RANGE_UPDATED,,"{'hi': 0.57498, 'lo': 0.57407, 'structure_id': 0, 'struct_direction': -1, 'timeframe': 'M15', 'use_case': 'subsequent_confluence', 'parent_tf': 'H1', 'parent_sid': 1, 'parent_cycle_id': 1, 'structure_path_id': 'H1.main >> M15.confluence', 'sub_sid': 1, 'started_by': 'subsequent_confluence', 'start_trigger_idx': 3487}"
3508,RANGE,RANGE_UPDATED,,"{'hi': 0.57509, 'lo': 0.57407, 'structure_id': 0, 'struct_direction': -1, 'timeframe': 'M15', 'use_case': 'subsequent_confluence', 'parent_tf': 'H1', 'parent_sid': 1, 'parent_cycle_id': 1, 'structure_path_id': 'H1.main >> M15.confluence', 'sub_sid': 1, 'started_by': 'subsequent_confluence', 'start_trigger_idx': 3487}"
3515,RANGE,RANGE_UPDATED,,"{'hi': 0.57515, 'lo': 0.57407, 'structure_id': 0, 'struct_direction': -1, 'timeframe': 'M15', 'use_case': 'subsequent_confluence', 'parent_tf': 'H1', 'parent_sid': 1, 'parent_cycle_id': 1, 'structure_path_id': 'H1.main >> M15.confluence', 'sub_sid': 1, 'started_by': 'subsequent_confluence', 'start_trigger_idx': 3487}"
3516,RANGE,RANGE_UPDATED,,"{'hi': 0.57517, 'lo': 0.57407, 'structure_id': 0, 'struct_direction': -1, 'timeframe': 'M15', 'use_case': 'subsequent_confluence', 'parent_tf': 'H1', 'parent_sid': 1, 'parent_cycle_id': 1, 'structure_path_id': 'H1.main >> M15.confluence', 'sub_sid': 1, 'started_by': 'subsequent_confluence', 'start_trigger_idx': 3487}"
3517,RANGE,RANGE_UPDATED,,"{'hi': 0.57519, 'lo': 0.57407, 'structure_id': 0, 'struct_direction': -1, 'timeframe': 'M15', 'use_case': 'subsequent_confluence', 'parent_tf': 'H1', 'parent_sid': 1, 'parent_cycle_id': 1, 'structure_path_id': 'H1.main >> M15.confluence', 'sub_sid': 1, 'started_by': 'subsequent_confluence', 'start_trigger_idx': 3487}"
3521,RANGE,RANGE_UPDATED,,"{'hi': 0.57519, 'lo': 0.57376, 'structure_id': 0, 'struct_direction': -1, 'timeframe': 'M15', 'use_case': 'subsequent_confluence', 'parent_tf': 'H1', 'parent_sid': 1, 'parent_cycle_id': 1, 'structure_path_id': 'H1.main >> M15.confluence', 'sub_sid': 1, 'started_by': 'subsequent_confluence', 'start_trigger_idx': 3487}"
3521,STRUCTURE,CTS_UPDATED,0.57376,"{'via': 'replay_raw', 'cycle_id': 0, 'structure_id': 0, 'struct_direction': -1, 'timeframe': 'M15', 'use_case': 'subsequent_confluence', 'parent_tf': 'H1', 'parent_sid': 1, 'parent_cycle_id': 1, 'structure_path_id': 'H1.main >> M15.confluence', 'sub_sid': 1, 'started_by': 'subsequent_confluence', 'start_trigger_idx': 3487}"
3525,RANGE,RANGE_UPDATED,,"{'hi': 0.57539, 'lo': 0.57376, 'structure_id': 0, 'struct_direction': -1, 'timeframe': 'M15', 'use_case': 'subsequent_confluence', 'parent_tf': 'H1', 'parent_sid': 1, 'parent_cycle_id': 1, 'structure_path_id': 'H1.main >> M15.confluence', 'sub_sid': 1, 'started_by': 'subsequent_confluence', 'start_trigger_idx': 3487}"
3527,RANGE,RANGE_UPDATED,,"{'hi': 0.5755, 'lo': 0.57376, 'structure_id': 0, 'struct_direction': -1, 'timeframe': 'M15', 'use_case': 'subsequent_confluence', 'parent_tf': 'H1', 'parent_sid': 1, 'parent_cycle_id': 1, 'structure_path_id': 'H1.main >> M15.confluence', 'sub_sid': 1, 'started_by': 'subsequent_confluence', 'start_trigger_idx': 3487}"
3588,STRUCTURE,CTS_UPDATED,0.57352,"{'via': 'replay_raw', 'cycle_id': 0, 'structure_id': 0, 'struct_direction': -1, 'timeframe': 'M15', 'use_case': 'subsequent_confluence', 'parent_tf': 'H1', 'parent_sid': 1, 'parent_cycle_id': 1, 'structure_path_id': 'H1.main >> M15.confluence', 'sub_sid': 1, 'started_by': 'subsequent_confluence', 'start_trigger_idx': 3487}"
3589,RANGE,RANGE_RESET,,"{'reason': 'range_breakout', 'pat': 'one_maru_continuous', 'structure_id': 0, 'struct_direction': -1, 'timeframe': 'M15', 'use_case': 'subsequent_confluence', 'parent_tf': 'H1', 'parent_sid': 1, 'parent_cycle_id': 1, 'structure_path_id': 'H1.main >> M15.confluence', 'sub_sid': 1, 'started_by': 'subsequent_confluence', 'start_trigger_idx': 3487}"
3589,STRUCTURE,CTS_UPDATED,0.57318,"{'via': 'one_maru_continuous', 'cycle_id': 0, 'structure_id': 0, 'struct_direction': -1, 'timeframe': 'M15', 'use_case': 'subsequent_confluence', 'parent_tf': 'H1', 'parent_sid': 1, 'parent_cycle_id': 1, 'structure_path_id': 'H1.main >> M15.confluence', 'sub_sid': 1, 'started_by': 'subsequent_confluence', 'start_trigger_idx': 3487}"
3589,STATE,STATE_CHANGED,,"{'from': 'range', 'to': 'breakout', 'structure_id': 0, 'struct_direction': -1, 'reason': 'breakout_pattern', 'pat': 'one_maru_continuous', 'effective_idx': 335, 'timeframe': 'M15', 'use_case': 'subsequent_confluence', 'parent_tf': 'H1', 'parent_sid': 1, 'parent_cycle_id': 1, 'structure_path_id': 'H1.main >> M15.confluence', 'sub_sid': 1, 'started_by': 'subsequent_confluence', 'start_trigger_idx': 3487}"
3590,STRUCTURE,CTS_UPDATED,0.57314,"{'via': 'replay_raw', 'cycle_id': 0, 'structure_id': 0, 'struct_direction': -1, 'timeframe': 'M15', 'use_case': 'subsequent_confluence', 'parent_tf': 'H1', 'parent_sid': 1, 'parent_cycle_id': 1, 'structure_path_id': 'H1.main >> M15.confluence', 'sub_sid': 1, 'started_by': 'subsequent_confluence', 'start_trigger_idx': 3487}"
3591,STRUCTURE,CTS_UPDATED,0.57305,"{'via': 'replay_raw', 'cycle_id': 0, 'structure_id': 0, 'struct_direction': -1, 'timeframe': 'M15', 'use_case': 'subsequent_confluence', 'parent_tf': 'H1', 'parent_sid': 1, 'parent_cycle_id': 1, 'structure_path_id': 'H1.main >> M15.confluence', 'sub_sid': 1, 'started_by': 'subsequent_confluence', 'start_trigger_idx': 3487}"
3592,STRUCTURE,CTS_UPDATED,0.57298,"{'via': 'replay_raw', 'cycle_id': 0, 'structure_id': 0, 'struct_direction': -1, 'timeframe': 'M15', 'use_case': 'subsequent_confluence', 'parent_tf': 'H1', 'parent_sid': 1, 'parent_cycle_id': 1, 'structure_path_id': 'H1.main >> M15.confluence', 'sub_sid': 1, 'started_by': 'subsequent_confluence', 'start_trigger_idx': 3487}"
3593,STRUCTURE,CTS_UPDATED,0.57282,"{'via': 'replay_raw', 'cycle_id': 0, 'structure_id': 0, 'struct_direction': -1, 'timeframe': 'M15', 'use_case': 'subsequent_confluence', 'parent_tf': 'H1', 'parent_sid': 1, 'parent_cycle_id': 1, 'structure_path_id': 'H1.main >> M15.confluence', 'sub_sid': 1, 'started_by': 'subsequent_confluence', 'start_trigger_idx': 3487}"
3594,STRUCTURE,CTS_UPDATED,0.57272,"{'via': 'replay_raw', 'cycle_id': 0, 'structure_id': 0, 'struct_direction': -1, 'timeframe': 'M15', 'use_case': 'subsequent_confluence', 'parent_tf': 'H1', 'parent_sid': 1, 'parent_cycle_id': 1, 'structure_path_id': 'H1.main >> M15.confluence', 'sub_sid': 1, 'started_by': 'subsequent_confluence', 'start_trigger_idx': 3487}"
3595,RANGE,RANGE_STARTED,,"{'start_idx': 336, 'confirm_idx': 341, 'hi': 0.57344, 'lo': 0.57272, 'cts_idx': 340, 'cts_price': 0.57272, 'structure_id': 0, 'struct_direction': -1, 'timeframe': 'M15', 'use_case': 'subsequent_confluence', 'parent_tf': 'H1', 'parent_sid': 1, 'parent_cycle_id': 1, 'structure_path_id': 'H1.main >> M15.confluence', 'sub_sid': 1, 'started_by': 'subsequent_confluence', 'start_trigger_idx': 3487}"
3595,STATE,STATE_CHANGED,,"{'from': 'breakout', 'to': 'range', 'structure_id': 0, 'struct_direction': -1, 'reason': 'range_confirmed', 'effective_idx': 336, 'timeframe': 'M15', 'use_case': 'subsequent_confluence', 'parent_tf': 'H1', 'parent_sid': 1, 'parent_cycle_id': 1, 'structure_path_id': 'H1.main >> M15.confluence', 'sub_sid': 1, 'started_by': 'subsequent_confluence', 'start_trigger_idx': 3487}"
3592,RANGE,RANGE_UPDATED,,"{'hi': 0.57345, 'lo': 0.57272, 'structure_id': 0, 'struct_direction': -1, 'timeframe': 'M15', 'use_case': 'subsequent_confluence', 'parent_tf': 'H1', 'parent_sid': 1, 'parent_cycle_id': 1, 'structure_path_id': 'H1.main >> M15.confluence', 'sub_sid': 1, 'started_by': 'subsequent_confluence', 'start_trigger_idx': 3487}"
3596,RANGE,RANGE_UPDATED,,"{'hi': 0.57347, 'lo': 0.57272, 'structure_id': 0, 'struct_direction': -1, 'timeframe': 'M15', 'use_case': 'subsequent_confluence', 'parent_tf': 'H1', 'parent_sid': 1, 'parent_cycle_id': 1, 'structure_path_id': 'H1.main >> M15.confluence', 'sub_sid': 1, 'started_by': 'subsequent_confluence', 'start_trigger_idx': 3487}"
3601,RANGE,RANGE_UPDATED,,"{'hi': 0.57347, 'lo': 0.57269, 'structure_id': 0, 'struct_direction': -1, 'timeframe': 'M15', 'use_case': 'subsequent_confluence', 'parent_tf': 'H1', 'parent_sid': 1, 'parent_cycle_id': 1, 'structure_path_id': 'H1.main >> M15.confluence', 'sub_sid': 1, 'started_by': 'subsequent_confluence', 'start_trigger_idx': 3487}"
3601,STRUCTURE,CTS_UPDATED,0.57269,"{'via': 'replay_raw', 'cycle_id': 0, 'structure_id': 0, 'struct_direction': -1, 'timeframe': 'M15', 'use_case': 'subsequent_confluence', 'parent_tf': 'H1', 'parent_sid': 1, 'parent_cycle_id': 1, 'structure_path_id': 'H1.main >> M15.confluence', 'sub_sid': 1, 'started_by': 'subsequent_confluence', 'start_trigger_idx': 3487}"
3602,RANGE,RANGE_UPDATED,,"{'hi': 0.57347, 'lo': 0.57264, 'structure_id': 0, 'struct_direction': -1, 'timeframe': 'M15', 'use_case': 'subsequent_confluence', 'parent_tf': 'H1', 'parent_sid': 1, 'parent_cycle_id': 1, 'structure_path_id': 'H1.main >> M15.confluence', 'sub_sid': 1, 'started_by': 'subsequent_confluence', 'start_trigger_idx': 3487}"
3602,STRUCTURE,CTS_UPDATED,0.57264,"{'via': 'replay_raw', 'cycle_id': 0, 'structure_id': 0, 'struct_direction': -1, 'timeframe': 'M15', 'use_case': 'subsequent_confluence', 'parent_tf': 'H1', 'parent_sid': 1, 'parent_cycle_id': 1, 'structure_path_id': 'H1.main >> M15.confluence', 'sub_sid': 1, 'started_by': 'subsequent_confluence', 'start_trigger_idx': 3487}"
3605,RANGE,RANGE_UPDATED,,"{'hi': 0.57347, 'lo': 0.57263, 'structure_id': 0, 'struct_direction': -1, 'timeframe': 'M15', 'use_case': 'subsequent_confluence', 'parent_tf': 'H1', 'parent_sid': 1, 'parent_cycle_id': 1, 'structure_path_id': 'H1.main >> M15.confluence', 'sub_sid': 1, 'started_by': 'subsequent_confluence', 'start_trigger_idx': 3487}"
3605,STRUCTURE,CTS_UPDATED,0.57263,"{'via': 'replay_raw', 'cycle_id': 0, 'structure_id': 0, 'struct_direction': -1, 'timeframe': 'M15', 'use_case': 'subsequent_confluence', 'parent_tf': 'H1', 'parent_sid': 1, 'parent_cycle_id': 1, 'structure_path_id': 'H1.main >> M15.confluence', 'sub_sid': 1, 'started_by': 'subsequent_confluence', 'start_trigger_idx': 3487}"
3608,RANGE,RANGE_UPDATED,,"{'hi': 0.57347, 'lo': 0.57258, 'structure_id': 0, 'struct_direction': -1, 'timeframe': 'M15', 'use_case': 'subsequent_confluence', 'parent_tf': 'H1', 'parent_sid': 1, 'parent_cycle_id': 1, 'structure_path_id': 'H1.main >> M15.confluence', 'sub_sid': 1, 'started_by': 'subsequent_confluence', 'start_trigger_idx': 3487}"
3608,STRUCTURE,CTS_UPDATED,0.57258,"{'via': 'replay_raw', 'cycle_id': 0, 'structure_id': 0, 'struct_direction': -1, 'timeframe': 'M15', 'use_case': 'subsequent_confluence', 'parent_tf': 'H1', 'parent_sid': 1, 'parent_cycle_id': 1, 'structure_path_id': 'H1.main >> M15.confluence', 'sub_sid': 1, 'started_by': 'subsequent_confluence', 'start_trigger_idx': 3487}"
3609,RANGE,RANGE_UPDATED,,"{'hi': 0.57347, 'lo': 0.57234, 'structure_id': 0, 'struct_direction': -1, 'timeframe': 'M15', 'use_case': 'subsequent_confluence', 'parent_tf': 'H1', 'parent_sid': 1, 'parent_cycle_id': 1, 'structure_path_id': 'H1.main >> M15.confluence', 'sub_sid': 1, 'started_by': 'subsequent_confluence', 'start_trigger_idx': 3487}"
3609,STRUCTURE,CTS_UPDATED,0.57234,"{'via': 'replay_raw', 'cycle_id': 0, 'structure_id': 0, 'struct_direction': -1, 'timeframe': 'M15', 'use_case': 'subsequent_confluence', 'parent_tf': 'H1', 'parent_sid': 1, 'parent_cycle_id': 1, 'structure_path_id': 'H1.main >> M15.confluence', 'sub_sid': 1, 'started_by': 'subsequent_confluence', 'start_trigger_idx': 3487}"
3610,RANGE,RANGE_UPDATED,,"{'hi': 0.57347, 'lo': 0.5723, 'structure_id': 0, 'struct_direction': -1, 'timeframe': 'M15', 'use_case': 'subsequent_confluence', 'parent_tf': 'H1', 'parent_sid': 1, 'parent_cycle_id': 1, 'structure_path_id': 'H1.main >> M15.confluence', 'sub_sid': 1, 'started_by': 'subsequent_confluence', 'start_trigger_idx': 3487}"
3610,STRUCTURE,CTS_UPDATED,0.5723,"{'via': 'replay_raw', 'cycle_id': 0, 'structure_id': 0, 'struct_direction': -1, 'timeframe': 'M15', 'use_case': 'subsequent_confluence', 'parent_tf': 'H1', 'parent_sid': 1, 'parent_cycle_id': 1, 'structure_path_id': 'H1.main >> M15.confluence', 'sub_sid': 1, 'started_by': 'subsequent_confluence', 'start_trigger_idx': 3487}"
3611,RANGE,RANGE_UPDATED,,"{'hi': 0.57347, 'lo': 0.57228, 'structure_id': 0, 'struct_direction': -1, 'timeframe': 'M15', 'use_case': 'subsequent_confluence', 'parent_tf': 'H1', 'parent_sid': 1, 'parent_cycle_id': 1, 'structure_path_id': 'H1.main >> M15.confluence', 'sub_sid': 1, 'started_by': 'subsequent_confluence', 'start_trigger_idx': 3487}"
3611,STRUCTURE,CTS_UPDATED,0.57228,"{'via': 'replay_raw', 'cycle_id': 0, 'structure_id': 0, 'struct_direction': -1, 'timeframe': 'M15', 'use_case': 'subsequent_confluence', 'parent_tf': 'H1', 'parent_sid': 1, 'parent_cycle_id': 1, 'structure_path_id': 'H1.main >> M15.confluence', 'sub_sid': 1, 'started_by': 'subsequent_confluence', 'start_trigger_idx': 3487}"
3306,STRUCTURE,CTS_ESTABLISHED,0.57965,"{'via': 'one_maru_continuous', 'anchor_idx': 3305, 'pattern_name': 'one_maru_continuous', 'confirmed_at': 3306, 'cycle_id': 0, 'structure_id': 0, 'struct_direction': -1, 'timeframe': 'M15', 'use_case': 'first_confluence', 'parent_tf': 'H1', 'parent_sid': 1, 'parent_cycle_id': 2, 'structure_path_id': 'H1.main >> M15.confluence', 'sub_sid': 0, 'started_by': 'first_confluence', 'start_trigger_idx': 3621}"
3304,STRUCTURE,BOS_CONFIRMED,0.58105,"{'source': 'initial_prior_extreme', 'confirmed_at': 3306, 'pb_start': None, 'cycle_id': 0, 'structure_id': 0, 'struct_direction': -1, 'timeframe': 'M15', 'use_case': 'first_confluence', 'parent_tf': 'H1', 'parent_sid': 1, 'parent_cycle_id': 2, 'structure_path_id': 'H1.main >> M15.confluence', 'sub_sid': 0, 'started_by': 'first_confluence', 'start_trigger_idx': 3621}"
3306,STATE,STATE_CHANGED,,"{'from': 'none', 'to': 'breakout', 'structure_id': 0, 'struct_direction': -1, 'reason': 'breakout_pattern', 'pat': 'one_maru_continuous', 'effective_idx': 52, 'timeframe': 'M15', 'use_case': 'first_confluence', 'parent_tf': 'H1', 'parent_sid': 1, 'parent_cycle_id': 2, 'structure_path_id': 'H1.main >> M15.confluence', 'sub_sid': 0, 'started_by': 'first_confluence', 'start_trigger_idx': 3621}"
3307,STRUCTURE,CTS_UPDATED,0.57951,"{'via': 'replay_raw', 'cycle_id': 0, 'structure_id': 0, 'struct_direction': -1, 'timeframe': 'M15', 'use_case': 'first_confluence', 'parent_tf': 'H1', 'parent_sid': 1, 'parent_cycle_id': 2, 'structure_path_id': 'H1.main >> M15.confluence', 'sub_sid': 0, 'started_by': 'first_confluence', 'start_trigger_idx': 3621}"
3308,STRUCTURE,CTS_UPDATED,0.57912,"{'via': 'replay_raw', 'cycle_id': 0, 'structure_id': 0, 'struct_direction': -1, 'timeframe': 'M15', 'use_case': 'first_confluence', 'parent_tf': 'H1', 'parent_sid': 1, 'parent_cycle_id': 2, 'structure_path_id': 'H1.main >> M15.confluence', 'sub_sid': 0, 'started_by': 'first_confluence', 'start_trigger_idx': 3621}"
3309,STRUCTURE,CTS_UPDATED,0.57896,"{'via': 'replay_raw', 'cycle_id': 0, 'structure_id': 0, 'struct_direction': -1, 'timeframe': 'M15', 'use_case': 'first_confluence', 'parent_tf': 'H1', 'parent_sid': 1, 'parent_cycle_id': 2, 'structure_path_id': 'H1.main >> M15.confluence', 'sub_sid': 0, 'started_by': 'first_confluence', 'start_trigger_idx': 3621}"
3311,RANGE,RANGE_STARTED,,"{'start_idx': 55, 'confirm_idx': 57, 'hi': 0.57948, 'lo': 0.57896, 'cts_idx': 55, 'cts_price': 0.57896, 'structure_id': 0, 'struct_direction': -1, 'timeframe': 'M15', 'use_case': 'first_confluence', 'parent_tf': 'H1', 'parent_sid': 1, 'parent_cycle_id': 2, 'structure_path_id': 'H1.main >> M15.confluence', 'sub_sid': 0, 'started_by': 'first_confluence', 'start_trigger_idx': 3621}"
3311,STATE,STATE_CHANGED,,"{'from': 'breakout', 'to': 'range', 'structure_id': 0, 'struct_direction': -1, 'reason': 'range_confirmed', 'effective_idx': 55, 'timeframe': 'M15', 'use_case': 'first_confluence', 'parent_tf': 'H1', 'parent_sid': 1, 'parent_cycle_id': 2, 'structure_path_id': 'H1.main >> M15.confluence', 'sub_sid': 0, 'started_by': 'first_confluence', 'start_trigger_idx': 3621}"
3310,RANGE,RANGE_UPDATED,,"{'hi': 0.57949, 'lo': 0.57896, 'structure_id': 0, 'struct_direction': -1, 'timeframe': 'M15', 'use_case': 'first_confluence', 'parent_tf': 'H1', 'parent_sid': 1, 'parent_cycle_id': 2, 'structure_path_id': 'H1.main >> M15.confluence', 'sub_sid': 0, 'started_by': 'first_confluence', 'start_trigger_idx': 3621}"
3311,RANGE,RANGE_UPDATED,,"{'hi': 0.57964, 'lo': 0.57896, 'structure_id': 0, 'struct_direction': -1, 'timeframe': 'M15', 'use_case': 'first_confluence', 'parent_tf': 'H1', 'parent_sid': 1, 'parent_cycle_id': 2, 'structure_path_id': 'H1.main >> M15.confluence', 'sub_sid': 0, 'started_by': 'first_confluence', 'start_trigger_idx': 3621}"
3312,RANGE,RANGE_UPDATED,,"{'hi': 0.57964, 'lo': 0.57884, 'structure_id': 0, 'struct_direction': -1, 'timeframe': 'M15', 'use_case': 'first_confluence', 'parent_tf': 'H1', 'parent_sid': 1, 'parent_cycle_id': 2, 'structure_path_id': 'H1.main >> M15.confluence', 'sub_sid': 0, 'started_by': 'first_confluence', 'start_trigger_idx': 3621}"
3312,STRUCTURE,CTS_UPDATED,0.57884,"{'via': 'replay_raw', 'cycle_id': 0, 'structure_id': 0, 'struct_direction': -1, 'timeframe': 'M15', 'use_case': 'first_confluence', 'parent_tf': 'H1', 'parent_sid': 1, 'parent_cycle_id': 2, 'structure_path_id': 'H1.main >> M15.confluence', 'sub_sid': 0, 'started_by': 'first_confluence', 'start_trigger_idx': 3621}"
3316,RANGE,RANGE_UPDATED,,"{'hi': 0.57964, 'lo': 0.5786, 'structure_id': 0, 'struct_direction': -1, 'timeframe': 'M15', 'use_case': 'first_confluence', 'parent_tf': 'H1', 'parent_sid': 1, 'parent_cycle_id': 2, 'structure_path_id': 'H1.main >> M15.confluence', 'sub_sid': 0, 'started_by': 'first_confluence', 'start_trigger_idx': 3621}"
3316,STRUCTURE,CTS_UPDATED,0.5786,"{'via': 'replay_raw', 'cycle_id': 0, 'structure_id': 0, 'struct_direction': -1, 'timeframe': 'M15', 'use_case': 'first_confluence', 'parent_tf': 'H1', 'parent_sid': 1, 'parent_cycle_id': 2, 'structure_path_id': 'H1.main >> M15.confluence', 'sub_sid': 0, 'started_by': 'first_confluence', 'start_trigger_idx': 3621}"
3322,RANGE,RANGE_UPDATED,,"{'hi': 0.57964, 'lo': 0.57839, 'structure_id': 0, 'struct_direction': -1, 'timeframe': 'M15', 'use_case': 'first_confluence', 'parent_tf': 'H1', 'parent_sid': 1, 'parent_cycle_id': 2, 'structure_path_id': 'H1.main >> M15.confluence', 'sub_sid': 0, 'started_by': 'first_confluence', 'start_trigger_idx': 3621}"
3322,STRUCTURE,CTS_UPDATED,0.57839,"{'via': 'replay_raw', 'cycle_id': 0, 'structure_id': 0, 'struct_direction': -1, 'timeframe': 'M15', 'use_case': 'first_confluence', 'parent_tf': 'H1', 'parent_sid': 1, 'parent_cycle_id': 2, 'structure_path_id': 'H1.main >> M15.confluence', 'sub_sid': 0, 'started_by': 'first_confluence', 'start_trigger_idx': 3621}"
3323,RANGE,RANGE_UPDATED,,"{'hi': 0.57964, 'lo': 0.57829, 'structure_id': 0, 'struct_direction': -1, 'timeframe': 'M15', 'use_case': 'first_confluence', 'parent_tf': 'H1', 'parent_sid': 1, 'parent_cycle_id': 2, 'structure_path_id': 'H1.main >> M15.confluence', 'sub_sid': 0, 'started_by': 'first_confluence', 'start_trigger_idx': 3621}"
3323,STRUCTURE,CTS_UPDATED,0.57829,"{'via': 'replay_raw', 'cycle_id': 0, 'structure_id': 0, 'struct_direction': -1, 'timeframe': 'M15', 'use_case': 'first_confluence', 'parent_tf': 'H1', 'parent_sid': 1, 'parent_cycle_id': 2, 'structure_path_id': 'H1.main >> M15.confluence', 'sub_sid': 0, 'started_by': 'first_confluence', 'start_trigger_idx': 3621}"
3324,RANGE,RANGE_UPDATED,,"{'hi': 0.57964, 'lo': 0.57816, 'structure_id': 0, 'struct_direction': -1, 'timeframe': 'M15', 'use_case': 'first_confluence', 'parent_tf': 'H1', 'parent_sid': 1, 'parent_cycle_id': 2, 'structure_path_id': 'H1.main >> M15.confluence', 'sub_sid': 0, 'started_by': 'first_confluence', 'start_trigger_idx': 3621}"
3324,STRUCTURE,CTS_UPDATED,0.57816,"{'via': 'replay_raw', 'cycle_id': 0, 'structure_id': 0, 'struct_direction': -1, 'timeframe': 'M15', 'use_case': 'first_confluence', 'parent_tf': 'H1', 'parent_sid': 1, 'parent_cycle_id': 2, 'structure_path_id': 'H1.main >> M15.confluence', 'sub_sid': 0, 'started_by': 'first_confluence', 'start_trigger_idx': 3621}"
3328,RANGE,RANGE_UPDATED,,"{'hi': 0.57968, 'lo': 0.57816, 'structure_id': 0, 'struct_direction': -1, 'timeframe': 'M15', 'use_case': 'first_confluence', 'parent_tf': 'H1', 'parent_sid': 1, 'parent_cycle_id': 2, 'structure_path_id': 'H1.main >> M15.confluence', 'sub_sid': 0, 'started_by': 'first_confluence', 'start_trigger_idx': 3621}"
3331,RANGE,RANGE_UPDATED,,"{'hi': 0.57979, 'lo': 0.57816, 'structure_id': 0, 'struct_direction': -1, 'timeframe': 'M15', 'use_case': 'first_confluence', 'parent_tf': 'H1', 'parent_sid': 1, 'parent_cycle_id': 2, 'structure_path_id': 'H1.main >> M15.confluence', 'sub_sid': 0, 'started_by': 'first_confluence', 'start_trigger_idx': 3621}"
3333,RANGE,RANGE_UPDATED,,"{'hi': 0.57979, 'lo': 0.57785, 'structure_id': 0, 'struct_direction': -1, 'timeframe': 'M15', 'use_case': 'first_confluence', 'parent_tf': 'H1', 'parent_sid': 1, 'parent_cycle_id': 2, 'structure_path_id': 'H1.main >> M15.confluence', 'sub_sid': 0, 'started_by': 'first_confluence', 'start_trigger_idx': 3621}"
3333,STRUCTURE,CTS_UPDATED,0.57785,"{'via': 'replay_raw', 'cycle_id': 0, 'structure_id': 0, 'struct_direction': -1, 'timeframe': 'M15', 'use_case': 'first_confluence', 'parent_tf': 'H1', 'parent_sid': 1, 'parent_cycle_id': 2, 'structure_path_id': 'H1.main >> M15.confluence', 'sub_sid': 0, 'started_by': 'first_confluence', 'start_trigger_idx': 3621}"
3334,RANGE,RANGE_UPDATED,,"{'hi': 0.57979, 'lo': 0.57718, 'structure_id': 0, 'struct_direction': -1, 'timeframe': 'M15', 'use_case': 'first_confluence', 'parent_tf': 'H1', 'parent_sid': 1, 'parent_cycle_id': 2, 'structure_path_id': 'H1.main >> M15.confluence', 'sub_sid': 0, 'started_by': 'first_confluence', 'start_trigger_idx': 3621}"
3334,STRUCTURE,CTS_UPDATED,0.57718,"{'via': 'replay_raw', 'cycle_id': 0, 'structure_id': 0, 'struct_direction': -1, 'timeframe': 'M15', 'use_case': 'first_confluence', 'parent_tf': 'H1', 'parent_sid': 1, 'parent_cycle_id': 2, 'structure_path_id': 'H1.main >> M15.confluence', 'sub_sid': 0, 'started_by': 'first_confluence', 'start_trigger_idx': 3621}"
3336,RANGE,RANGE_UPDATED,,"{'hi': 0.57979, 'lo': 0.57688, 'structure_id': 0, 'struct_direction': -1, 'timeframe': 'M15', 'use_case': 'first_confluence', 'parent_tf': 'H1', 'parent_sid': 1, 'parent_cycle_id': 2, 'structure_path_id': 'H1.main >> M15.confluence', 'sub_sid': 0, 'started_by': 'first_confluence', 'start_trigger_idx': 3621}"
3336,STRUCTURE,CTS_UPDATED,0.57688,"{'via': 'replay_raw', 'cycle_id': 0, 'structure_id': 0, 'struct_direction': -1, 'timeframe': 'M15', 'use_case': 'first_confluence', 'parent_tf': 'H1', 'parent_sid': 1, 'parent_cycle_id': 2, 'structure_path_id': 'H1.main >> M15.confluence', 'sub_sid': 0, 'started_by': 'first_confluence', 'start_trigger_idx': 3621}"
3465,RANGE,RANGE_UPDATED,,"{'hi': 0.57979, 'lo': 0.57671, 'structure_id': 0, 'struct_direction': -1, 'timeframe': 'M15', 'use_case': 'first_confluence', 'parent_tf': 'H1', 'parent_sid': 1, 'parent_cycle_id': 2, 'structure_path_id': 'H1.main >> M15.confluence', 'sub_sid': 0, 'started_by': 'first_confluence', 'start_trigger_idx': 3621}"
3465,STRUCTURE,CTS_UPDATED,0.57671,"{'via': 'replay_raw', 'cycle_id': 0, 'structure_id': 0, 'struct_direction': -1, 'timeframe': 'M15', 'use_case': 'first_confluence', 'parent_tf': 'H1', 'parent_sid': 1, 'parent_cycle_id': 2, 'structure_path_id': 'H1.main >> M15.confluence', 'sub_sid': 0, 'started_by': 'first_confluence', 'start_trigger_idx': 3621}"
3467,RANGE,RANGE_UPDATED,,"{'hi': 0.57979, 'lo': 0.57668, 'structure_id': 0, 'struct_direction': -1, 'timeframe': 'M15', 'use_case': 'first_confluence', 'parent_tf': 'H1', 'parent_sid': 1, 'parent_cycle_id': 2, 'structure_path_id': 'H1.main >> M15.confluence', 'sub_sid': 0, 'started_by': 'first_confluence', 'start_trigger_idx': 3621}"
3467,STRUCTURE,CTS_UPDATED,0.57668,"{'via': 'replay_raw', 'cycle_id': 0, 'structure_id': 0, 'struct_direction': -1, 'timeframe': 'M15', 'use_case': 'first_confluence', 'parent_tf': 'H1', 'parent_sid': 1, 'parent_cycle_id': 2, 'structure_path_id': 'H1.main >> M15.confluence', 'sub_sid': 0, 'started_by': 'first_confluence', 'start_trigger_idx': 3621}"
3468,RANGE,RANGE_UPDATED,,"{'hi': 0.57979, 'lo': 0.57667, 'structure_id': 0, 'struct_direction': -1, 'timeframe': 'M15', 'use_case': 'first_confluence', 'parent_tf': 'H1', 'parent_sid': 1, 'parent_cycle_id': 2, 'structure_path_id': 'H1.main >> M15.confluence', 'sub_sid': 0, 'started_by': 'first_confluence', 'start_trigger_idx': 3621}"
3468,STRUCTURE,CTS_UPDATED,0.57667,"{'via': 'replay_raw', 'cycle_id': 0, 'structure_id': 0, 'struct_direction': -1, 'timeframe': 'M15', 'use_case': 'first_confluence', 'parent_tf': 'H1', 'parent_sid': 1, 'parent_cycle_id': 2, 'structure_path_id': 'H1.main >> M15.confluence', 'sub_sid': 0, 'started_by': 'first_confluence', 'start_trigger_idx': 3621}"
3470,RANGE,RANGE_UPDATED,,"{'hi': 0.57979, 'lo': 0.57658, 'structure_id': 0, 'struct_direction': -1, 'timeframe': 'M15', 'use_case': 'first_confluence', 'parent_tf': 'H1', 'parent_sid': 1, 'parent_cycle_id': 2, 'structure_path_id': 'H1.main >> M15.confluence', 'sub_sid': 0, 'started_by': 'first_confluence', 'start_trigger_idx': 3621}"
3470,STRUCTURE,CTS_UPDATED,0.57658,"{'via': 'replay_raw', 'cycle_id': 0, 'structure_id': 0, 'struct_direction': -1, 'timeframe': 'M15', 'use_case': 'first_confluence', 'parent_tf': 'H1', 'parent_sid': 1, 'parent_cycle_id': 2, 'structure_path_id': 'H1.main >> M15.confluence', 'sub_sid': 0, 'started_by': 'first_confluence', 'start_trigger_idx': 3621}"
3472,RANGE,RANGE_UPDATED,,"{'hi': 0.57979, 'lo': 0.57656, 'structure_id': 0, 'struct_direction': -1, 'timeframe': 'M15', 'use_case': 'first_confluence', 'parent_tf': 'H1', 'parent_sid': 1, 'parent_cycle_id': 2, 'structure_path_id': 'H1.main >> M15.confluence', 'sub_sid': 0, 'started_by': 'first_confluence', 'start_trigger_idx': 3621}"
3472,STRUCTURE,CTS_UPDATED,0.57656,"{'via': 'replay_raw', 'cycle_id': 0, 'structure_id': 0, 'struct_direction': -1, 'timeframe': 'M15', 'use_case': 'first_confluence', 'parent_tf': 'H1', 'parent_sid': 1, 'parent_cycle_id': 2, 'structure_path_id': 'H1.main >> M15.confluence', 'sub_sid': 0, 'started_by': 'first_confluence', 'start_trigger_idx': 3621}"
3473,RANGE,RANGE_UPDATED,,"{'hi': 0.57979, 'lo': 0.57619, 'structure_id': 0, 'struct_direction': -1, 'timeframe': 'M15', 'use_case': 'first_confluence', 'parent_tf': 'H1', 'parent_sid': 1, 'parent_cycle_id': 2, 'structure_path_id': 'H1.main >> M15.confluence', 'sub_sid': 0, 'started_by': 'first_confluence', 'start_trigger_idx': 3621}"
3473,STRUCTURE,CTS_UPDATED,0.57619,"{'via': 'replay_raw', 'cycle_id': 0, 'structure_id': 0, 'struct_direction': -1, 'timeframe': 'M15', 'use_case': 'first_confluence', 'parent_tf': 'H1', 'parent_sid': 1, 'parent_cycle_id': 2, 'structure_path_id': 'H1.main >> M15.confluence', 'sub_sid': 0, 'started_by': 'first_confluence', 'start_trigger_idx': 3621}"
3485,RANGE,RANGE_UPDATED,,"{'hi': 0.57979, 'lo': 0.57606, 'structure_id': 0, 'struct_direction': -1, 'timeframe': 'M15', 'use_case': 'first_confluence', 'parent_tf': 'H1', 'parent_sid': 1, 'parent_cycle_id': 2, 'structure_path_id': 'H1.main >> M15.confluence', 'sub_sid': 0, 'started_by': 'first_confluence', 'start_trigger_idx': 3621}"
3485,STRUCTURE,CTS_UPDATED,0.57606,"{'via': 'replay_raw', 'cycle_id': 0, 'structure_id': 0, 'struct_direction': -1, 'timeframe': 'M15', 'use_case': 'first_confluence', 'parent_tf': 'H1', 'parent_sid': 1, 'parent_cycle_id': 2, 'structure_path_id': 'H1.main >> M15.confluence', 'sub_sid': 0, 'started_by': 'first_confluence', 'start_trigger_idx': 3621}"
3487,RANGE,RANGE_UPDATED,,"{'hi': 0.57979, 'lo': 0.57604, 'structure_id': 0, 'struct_direction': -1, 'timeframe': 'M15', 'use_case': 'first_confluence', 'parent_tf': 'H1', 'parent_sid': 1, 'parent_cycle_id': 2, 'structure_path_id': 'H1.main >> M15.confluence', 'sub_sid': 0, 'started_by': 'first_confluence', 'start_trigger_idx': 3621}"
3487,STRUCTURE,CTS_UPDATED,0.57604,"{'via': 'replay_raw', 'cycle_id': 0, 'structure_id': 0, 'struct_direction': -1, 'timeframe': 'M15', 'use_case': 'first_confluence', 'parent_tf': 'H1', 'parent_sid': 1, 'parent_cycle_id': 2, 'structure_path_id': 'H1.main >> M15.confluence', 'sub_sid': 0, 'started_by': 'first_confluence', 'start_trigger_idx': 3621}"
3488,STRUCTURE,CTS_UPDATED,0.57566,"{'via': 'replay_raw', 'cycle_id': 0, 'structure_id': 0, 'struct_direction': -1, 'timeframe': 'M15', 'use_case': 'first_confluence', 'parent_tf': 'H1', 'parent_sid': 1, 'parent_cycle_id': 2, 'structure_path_id': 'H1.main >> M15.confluence', 'sub_sid': 0, 'started_by': 'first_confluence', 'start_trigger_idx': 3621}"
3489,RANGE,RANGE_RESET,,"{'reason': 'range_breakout', 'pat': 'one_maru_continuous', 'structure_id': 0, 'struct_direction': -1, 'timeframe': 'M15', 'use_case': 'first_confluence', 'parent_tf': 'H1', 'parent_sid': 1, 'parent_cycle_id': 2, 'structure_path_id': 'H1.main >> M15.confluence', 'sub_sid': 0, 'started_by': 'first_confluence', 'start_trigger_idx': 3621}"
3489,STRUCTURE,CTS_UPDATED,0.57513,"{'via': 'one_maru_continuous', 'cycle_id': 0, 'structure_id': 0, 'struct_direction': -1, 'timeframe': 'M15', 'use_case': 'first_confluence', 'parent_tf': 'H1', 'parent_sid': 1, 'parent_cycle_id': 2, 'structure_path_id': 'H1.main >> M15.confluence', 'sub_sid': 0, 'started_by': 'first_confluence', 'start_trigger_idx': 3621}"
3489,STATE,STATE_CHANGED,,"{'from': 'range', 'to': 'breakout', 'structure_id': 0, 'struct_direction': -1, 'reason': 'breakout_pattern', 'pat': 'one_maru_continuous', 'effective_idx': 235, 'timeframe': 'M15', 'use_case': 'first_confluence', 'parent_tf': 'H1', 'parent_sid': 1, 'parent_cycle_id': 2, 'structure_path_id': 'H1.main >> M15.confluence', 'sub_sid': 0, 'started_by': 'first_confluence', 'start_trigger_idx': 3621}"
3492,RANGE,RANGE_STARTED,,"{'start_idx': 236, 'confirm_idx': 238, 'hi': 0.57557, 'lo': 0.57513, 'cts_idx': 235, 'cts_price': 0.57513, 'structure_id': 0, 'struct_direction': -1, 'timeframe': 'M15', 'use_case': 'first_confluence', 'parent_tf': 'H1', 'parent_sid': 1, 'parent_cycle_id': 2, 'structure_path_id': 'H1.main >> M15.confluence', 'sub_sid': 0, 'started_by': 'first_confluence', 'start_trigger_idx': 3621}"
3492,STATE,STATE_CHANGED,,"{'from': 'breakout', 'to': 'range', 'structure_id': 0, 'struct_direction': -1, 'reason': 'range_confirmed', 'effective_idx': 236, 'timeframe': 'M15', 'use_case': 'first_confluence', 'parent_tf': 'H1', 'parent_sid': 1, 'parent_cycle_id': 2, 'structure_path_id': 'H1.main >> M15.confluence', 'sub_sid': 0, 'started_by': 'first_confluence', 'start_trigger_idx': 3621}"
3491,RANGE,RANGE_UPDATED,,"{'hi': 0.57585, 'lo': 0.57513, 'structure_id': 0, 'struct_direction': -1, 'timeframe': 'M15', 'use_case': 'first_confluence', 'parent_tf': 'H1', 'parent_sid': 1, 'parent_cycle_id': 2, 'structure_path_id': 'H1.main >> M15.confluence', 'sub_sid': 0, 'started_by': 'first_confluence', 'start_trigger_idx': 3621}"
3493,RANGE,RANGE_UPDATED,,"{'hi': 0.57589, 'lo': 0.57513, 'structure_id': 0, 'struct_direction': -1, 'timeframe': 'M15', 'use_case': 'first_confluence', 'parent_tf': 'H1', 'parent_sid': 1, 'parent_cycle_id': 2, 'structure_path_id': 'H1.main >> M15.confluence', 'sub_sid': 0, 'started_by': 'first_confluence', 'start_trigger_idx': 3621}"
3496,RANGE,RANGE_UPDATED,,"{'hi': 0.57589, 'lo': 0.57503, 'structure_id': 0, 'struct_direction': -1, 'timeframe': 'M15', 'use_case': 'first_confluence', 'parent_tf': 'H1', 'parent_sid': 1, 'parent_cycle_id': 2, 'structure_path_id': 'H1.main >> M15.confluence', 'sub_sid': 0, 'started_by': 'first_confluence', 'start_trigger_idx': 3621}"
3496,STRUCTURE,CTS_UPDATED,0.57503,"{'via': 'replay_raw', 'cycle_id': 0, 'structure_id': 0, 'struct_direction': -1, 'timeframe': 'M15', 'use_case': 'first_confluence', 'parent_tf': 'H1', 'parent_sid': 1, 'parent_cycle_id': 2, 'structure_path_id': 'H1.main >> M15.confluence', 'sub_sid': 0, 'started_by': 'first_confluence', 'start_trigger_idx': 3621}"
3498,RANGE,RANGE_UPDATED,,"{'hi': 0.57589, 'lo': 0.57494, 'structure_id': 0, 'struct_direction': -1, 'timeframe': 'M15', 'use_case': 'first_confluence', 'parent_tf': 'H1', 'parent_sid': 1, 'parent_cycle_id': 2, 'structure_path_id': 'H1.main >> M15.confluence', 'sub_sid': 0, 'started_by': 'first_confluence', 'start_trigger_idx': 3621}"
3498,STRUCTURE,CTS_UPDATED,0.57494,"{'via': 'replay_raw', 'cycle_id': 0, 'structure_id': 0, 'struct_direction': -1, 'timeframe': 'M15', 'use_case': 'first_confluence', 'parent_tf': 'H1', 'parent_sid': 1, 'parent_cycle_id': 2, 'structure_path_id': 'H1.main >> M15.confluence', 'sub_sid': 0, 'started_by': 'first_confluence', 'start_trigger_idx': 3621}"
3499,STRUCTURE,CTS_UPDATED,0.57458,"{'via': 'replay_raw', 'cycle_id': 0, 'structure_id': 0, 'struct_direction': -1, 'timeframe': 'M15', 'use_case': 'first_confluence', 'parent_tf': 'H1', 'parent_sid': 1, 'parent_cycle_id': 2, 'structure_path_id': 'H1.main >> M15.confluence', 'sub_sid': 0, 'started_by': 'first_confluence', 'start_trigger_idx': 3621}"
3501,RANGE,RANGE_RESET,,"{'reason': 'range_breakout', 'pat': 'one_maru_continuous', 'structure_id': 0, 'struct_direction': -1, 'timeframe': 'M15', 'use_case': 'first_confluence', 'parent_tf': 'H1', 'parent_sid': 1, 'parent_cycle_id': 2, 'structure_path_id': 'H1.main >> M15.confluence', 'sub_sid': 0, 'started_by': 'first_confluence', 'start_trigger_idx': 3621}"
3501,STRUCTURE,CTS_UPDATED,0.57442,"{'via': 'one_maru_continuous', 'cycle_id': 0, 'structure_id': 0, 'struct_direction': -1, 'timeframe': 'M15', 'use_case': 'first_confluence', 'parent_tf': 'H1', 'parent_sid': 1, 'parent_cycle_id': 2, 'structure_path_id': 'H1.main >> M15.confluence', 'sub_sid': 0, 'started_by': 'first_confluence', 'start_trigger_idx': 3621}"
3501,STATE,STATE_CHANGED,,"{'from': 'range', 'to': 'breakout', 'structure_id': 0, 'struct_direction': -1, 'reason': 'breakout_pattern', 'pat': 'one_maru_continuous', 'effective_idx': 247, 'timeframe': 'M15', 'use_case': 'first_confluence', 'parent_tf': 'H1', 'parent_sid': 1, 'parent_cycle_id': 2, 'structure_path_id': 'H1.main >> M15.confluence', 'sub_sid': 0, 'started_by': 'first_confluence', 'start_trigger_idx': 3621}"
3502,STRUCTURE,CTS_UPDATED,0.5741,"{'via': 'replay_raw', 'cycle_id': 0, 'structure_id': 0, 'struct_direction': -1, 'timeframe': 'M15', 'use_case': 'first_confluence', 'parent_tf': 'H1', 'parent_sid': 1, 'parent_cycle_id': 2, 'structure_path_id': 'H1.main >> M15.confluence', 'sub_sid': 0, 'started_by': 'first_confluence', 'start_trigger_idx': 3621}"
3503,STRUCTURE,CTS_UPDATED,0.57407,"{'via': 'replay_raw', 'cycle_id': 0, 'structure_id': 0, 'struct_direction': -1, 'timeframe': 'M15', 'use_case': 'first_confluence', 'parent_tf': 'H1', 'parent_sid': 1, 'parent_cycle_id': 2, 'structure_path_id': 'H1.main >> M15.confluence', 'sub_sid': 0, 'started_by': 'first_confluence', 'start_trigger_idx': 3621}"
3506,RANGE,RANGE_STARTED,,"{'start_idx': 250, 'confirm_idx': 252, 'hi': 0.5748, 'lo': 0.57407, 'cts_idx': 249, 'cts_price': 0.57407, 'structure_id': 0, 'struct_direction': -1, 'timeframe': 'M15', 'use_case': 'first_confluence', 'parent_tf': 'H1', 'parent_sid': 1, 'parent_cycle_id': 2, 'structure_path_id': 'H1.main >> M15.confluence', 'sub_sid': 0, 'started_by': 'first_confluence', 'start_trigger_idx': 3621}"
3506,STATE,STATE_CHANGED,,"{'from': 'breakout', 'to': 'range', 'structure_id': 0, 'struct_direction': -1, 'reason': 'range_confirmed', 'effective_idx': 250, 'timeframe': 'M15', 'use_case': 'first_confluence', 'parent_tf': 'H1', 'parent_sid': 1, 'parent_cycle_id': 2, 'structure_path_id': 'H1.main >> M15.confluence', 'sub_sid': 0, 'started_by': 'first_confluence', 'start_trigger_idx': 3621}"
3506,RANGE,RANGE_UPDATED,,"{'hi': 0.57493, 'lo': 0.57407, 'structure_id': 0, 'struct_direction': -1, 'timeframe': 'M15', 'use_case': 'first_confluence', 'parent_tf': 'H1', 'parent_sid': 1, 'parent_cycle_id': 2, 'structure_path_id': 'H1.main >> M15.confluence', 'sub_sid': 0, 'started_by': 'first_confluence', 'start_trigger_idx': 3621}"
3507,RANGE,RANGE_UPDATED,,"{'hi': 0.57498, 'lo': 0.57407, 'structure_id': 0, 'struct_direction': -1, 'timeframe': 'M15', 'use_case': 'first_confluence', 'parent_tf': 'H1', 'parent_sid': 1, 'parent_cycle_id': 2, 'structure_path_id': 'H1.main >> M15.confluence', 'sub_sid': 0, 'started_by': 'first_confluence', 'start_trigger_idx': 3621}"
3508,RANGE,RANGE_UPDATED,,"{'hi': 0.57509, 'lo': 0.57407, 'structure_id': 0, 'struct_direction': -1, 'timeframe': 'M15', 'use_case': 'first_confluence', 'parent_tf': 'H1', 'parent_sid': 1, 'parent_cycle_id': 2, 'structure_path_id': 'H1.main >> M15.confluence', 'sub_sid': 0, 'started_by': 'first_confluence', 'start_trigger_idx': 3621}"
3515,RANGE,RANGE_UPDATED,,"{'hi': 0.57515, 'lo': 0.57407, 'structure_id': 0, 'struct_direction': -1, 'timeframe': 'M15', 'use_case': 'first_confluence', 'parent_tf': 'H1', 'parent_sid': 1, 'parent_cycle_id': 2, 'structure_path_id': 'H1.main >> M15.confluence', 'sub_sid': 0, 'started_by': 'first_confluence', 'start_trigger_idx': 3621}"
3516,RANGE,RANGE_UPDATED,,"{'hi': 0.57517, 'lo': 0.57407, 'structure_id': 0, 'struct_direction': -1, 'timeframe': 'M15', 'use_case': 'first_confluence', 'parent_tf': 'H1', 'parent_sid': 1, 'parent_cycle_id': 2, 'structure_path_id': 'H1.main >> M15.confluence', 'sub_sid': 0, 'started_by': 'first_confluence', 'start_trigger_idx': 3621}"
3517,RANGE,RANGE_UPDATED,,"{'hi': 0.57519, 'lo': 0.57407, 'structure_id': 0, 'struct_direction': -1, 'timeframe': 'M15', 'use_case': 'first_confluence', 'parent_tf': 'H1', 'parent_sid': 1, 'parent_cycle_id': 2, 'structure_path_id': 'H1.main >> M15.confluence', 'sub_sid': 0, 'started_by': 'first_confluence', 'start_trigger_idx': 3621}"
3521,RANGE,RANGE_UPDATED,,"{'hi': 0.57519, 'lo': 0.57376, 'structure_id': 0, 'struct_direction': -1, 'timeframe': 'M15', 'use_case': 'first_confluence', 'parent_tf': 'H1', 'parent_sid': 1, 'parent_cycle_id': 2, 'structure_path_id': 'H1.main >> M15.confluence', 'sub_sid': 0, 'started_by': 'first_confluence', 'start_trigger_idx': 3621}"
3521,STRUCTURE,CTS_UPDATED,0.57376,"{'via': 'replay_raw', 'cycle_id': 0, 'structure_id': 0, 'struct_direction': -1, 'timeframe': 'M15', 'use_case': 'first_confluence', 'parent_tf': 'H1', 'parent_sid': 1, 'parent_cycle_id': 2, 'structure_path_id': 'H1.main >> M15.confluence', 'sub_sid': 0, 'started_by': 'first_confluence', 'start_trigger_idx': 3621}"
3525,RANGE,RANGE_UPDATED,,"{'hi': 0.57539, 'lo': 0.57376, 'structure_id': 0, 'struct_direction': -1, 'timeframe': 'M15', 'use_case': 'first_confluence', 'parent_tf': 'H1', 'parent_sid': 1, 'parent_cycle_id': 2, 'structure_path_id': 'H1.main >> M15.confluence', 'sub_sid': 0, 'started_by': 'first_confluence', 'start_trigger_idx': 3621}"
3527,RANGE,RANGE_UPDATED,,"{'hi': 0.5755, 'lo': 0.57376, 'structure_id': 0, 'struct_direction': -1, 'timeframe': 'M15', 'use_case': 'first_confluence', 'parent_tf': 'H1', 'parent_sid': 1, 'parent_cycle_id': 2, 'structure_path_id': 'H1.main >> M15.confluence', 'sub_sid': 0, 'started_by': 'first_confluence', 'start_trigger_idx': 3621}"
3588,STRUCTURE,CTS_UPDATED,0.57352,"{'via': 'replay_raw', 'cycle_id': 0, 'structure_id': 0, 'struct_direction': -1, 'timeframe': 'M15', 'use_case': 'first_confluence', 'parent_tf': 'H1', 'parent_sid': 1, 'parent_cycle_id': 2, 'structure_path_id': 'H1.main >> M15.confluence', 'sub_sid': 0, 'started_by': 'first_confluence', 'start_trigger_idx': 3621}"
3589,RANGE,RANGE_RESET,,"{'reason': 'range_breakout', 'pat': 'one_maru_continuous', 'structure_id': 0, 'struct_direction': -1, 'timeframe': 'M15', 'use_case': 'first_confluence', 'parent_tf': 'H1', 'parent_sid': 1, 'parent_cycle_id': 2, 'structure_path_id': 'H1.main >> M15.confluence', 'sub_sid': 0, 'started_by': 'first_confluence', 'start_trigger_idx': 3621}"
3589,STRUCTURE,CTS_UPDATED,0.57318,"{'via': 'one_maru_continuous', 'cycle_id': 0, 'structure_id': 0, 'struct_direction': -1, 'timeframe': 'M15', 'use_case': 'first_confluence', 'parent_tf': 'H1', 'parent_sid': 1, 'parent_cycle_id': 2, 'structure_path_id': 'H1.main >> M15.confluence', 'sub_sid': 0, 'started_by': 'first_confluence', 'start_trigger_idx': 3621}"
3589,STATE,STATE_CHANGED,,"{'from': 'range', 'to': 'breakout', 'structure_id': 0, 'struct_direction': -1, 'reason': 'breakout_pattern', 'pat': 'one_maru_continuous', 'effective_idx': 335, 'timeframe': 'M15', 'use_case': 'first_confluence', 'parent_tf': 'H1', 'parent_sid': 1, 'parent_cycle_id': 2, 'structure_path_id': 'H1.main >> M15.confluence', 'sub_sid': 0, 'started_by': 'first_confluence', 'start_trigger_idx': 3621}"
3590,STRUCTURE,CTS_UPDATED,0.57314,"{'via': 'replay_raw', 'cycle_id': 0, 'structure_id': 0, 'struct_direction': -1, 'timeframe': 'M15', 'use_case': 'first_confluence', 'parent_tf': 'H1', 'parent_sid': 1, 'parent_cycle_id': 2, 'structure_path_id': 'H1.main >> M15.confluence', 'sub_sid': 0, 'started_by': 'first_confluence', 'start_trigger_idx': 3621}"
3591,STRUCTURE,CTS_UPDATED,0.57305,"{'via': 'replay_raw', 'cycle_id': 0, 'structure_id': 0, 'struct_direction': -1, 'timeframe': 'M15', 'use_case': 'first_confluence', 'parent_tf': 'H1', 'parent_sid': 1, 'parent_cycle_id': 2, 'structure_path_id': 'H1.main >> M15.confluence', 'sub_sid': 0, 'started_by': 'first_confluence', 'start_trigger_idx': 3621}"
3592,STRUCTURE,CTS_UPDATED,0.57298,"{'via': 'replay_raw', 'cycle_id': 0, 'structure_id': 0, 'struct_direction': -1, 'timeframe': 'M15', 'use_case': 'first_confluence', 'parent_tf': 'H1', 'parent_sid': 1, 'parent_cycle_id': 2, 'structure_path_id': 'H1.main >> M15.confluence', 'sub_sid': 0, 'started_by': 'first_confluence', 'start_trigger_idx': 3621}"
3593,STRUCTURE,CTS_UPDATED,0.57282,"{'via': 'replay_raw', 'cycle_id': 0, 'structure_id': 0, 'struct_direction': -1, 'timeframe': 'M15', 'use_case': 'first_confluence', 'parent_tf': 'H1', 'parent_sid': 1, 'parent_cycle_id': 2, 'structure_path_id': 'H1.main >> M15.confluence', 'sub_sid': 0, 'started_by': 'first_confluence', 'start_trigger_idx': 3621}"
3594,STRUCTURE,CTS_UPDATED,0.57272,"{'via': 'replay_raw', 'cycle_id': 0, 'structure_id': 0, 'struct_direction': -1, 'timeframe': 'M15', 'use_case': 'first_confluence', 'parent_tf': 'H1', 'parent_sid': 1, 'parent_cycle_id': 2, 'structure_path_id': 'H1.main >> M15.confluence', 'sub_sid': 0, 'started_by': 'first_confluence', 'start_trigger_idx': 3621}"
3595,RANGE,RANGE_STARTED,,"{'start_idx': 336, 'confirm_idx': 341, 'hi': 0.57344, 'lo': 0.57272, 'cts_idx': 340, 'cts_price': 0.57272, 'structure_id': 0, 'struct_direction': -1, 'timeframe': 'M15', 'use_case': 'first_confluence', 'parent_tf': 'H1', 'parent_sid': 1, 'parent_cycle_id': 2, 'structure_path_id': 'H1.main >> M15.confluence', 'sub_sid': 0, 'started_by': 'first_confluence', 'start_trigger_idx': 3621}"
3595,STATE,STATE_CHANGED,,"{'from': 'breakout', 'to': 'range', 'structure_id': 0, 'struct_direction': -1, 'reason': 'range_confirmed', 'effective_idx': 336, 'timeframe': 'M15', 'use_case': 'first_confluence', 'parent_tf': 'H1', 'parent_sid': 1, 'parent_cycle_id': 2, 'structure_path_id': 'H1.main >> M15.confluence', 'sub_sid': 0, 'started_by': 'first_confluence', 'start_trigger_idx': 3621}"
3592,RANGE,RANGE_UPDATED,,"{'hi': 0.57345, 'lo': 0.57272, 'structure_id': 0, 'struct_direction': -1, 'timeframe': 'M15', 'use_case': 'first_confluence', 'parent_tf': 'H1', 'parent_sid': 1, 'parent_cycle_id': 2, 'structure_path_id': 'H1.main >> M15.confluence', 'sub_sid': 0, 'started_by': 'first_confluence', 'start_trigger_idx': 3621}"
3596,RANGE,RANGE_UPDATED,,"{'hi': 0.57347, 'lo': 0.57272, 'structure_id': 0, 'struct_direction': -1, 'timeframe': 'M15', 'use_case': 'first_confluence', 'parent_tf': 'H1', 'parent_sid': 1, 'parent_cycle_id': 2, 'structure_path_id': 'H1.main >> M15.confluence', 'sub_sid': 0, 'started_by': 'first_confluence', 'start_trigger_idx': 3621}"
3601,RANGE,RANGE_UPDATED,,"{'hi': 0.57347, 'lo': 0.57269, 'structure_id': 0, 'struct_direction': -1, 'timeframe': 'M15', 'use_case': 'first_confluence', 'parent_tf': 'H1', 'parent_sid': 1, 'parent_cycle_id': 2, 'structure_path_id': 'H1.main >> M15.confluence', 'sub_sid': 0, 'started_by': 'first_confluence', 'start_trigger_idx': 3621}"
3601,STRUCTURE,CTS_UPDATED,0.57269,"{'via': 'replay_raw', 'cycle_id': 0, 'structure_id': 0, 'struct_direction': -1, 'timeframe': 'M15', 'use_case': 'first_confluence', 'parent_tf': 'H1', 'parent_sid': 1, 'parent_cycle_id': 2, 'structure_path_id': 'H1.main >> M15.confluence', 'sub_sid': 0, 'started_by': 'first_confluence', 'start_trigger_idx': 3621}"
3602,RANGE,RANGE_UPDATED,,"{'hi': 0.57347, 'lo': 0.57264, 'structure_id': 0, 'struct_direction': -1, 'timeframe': 'M15', 'use_case': 'first_confluence', 'parent_tf': 'H1', 'parent_sid': 1, 'parent_cycle_id': 2, 'structure_path_id': 'H1.main >> M15.confluence', 'sub_sid': 0, 'started_by': 'first_confluence', 'start_trigger_idx': 3621}"
3602,STRUCTURE,CTS_UPDATED,0.57264,"{'via': 'replay_raw', 'cycle_id': 0, 'structure_id': 0, 'struct_direction': -1, 'timeframe': 'M15', 'use_case': 'first_confluence', 'parent_tf': 'H1', 'parent_sid': 1, 'parent_cycle_id': 2, 'structure_path_id': 'H1.main >> M15.confluence', 'sub_sid': 0, 'started_by': 'first_confluence', 'start_trigger_idx': 3621}"
3605,RANGE,RANGE_UPDATED,,"{'hi': 0.57347, 'lo': 0.57263, 'structure_id': 0, 'struct_direction': -1, 'timeframe': 'M15', 'use_case': 'first_confluence', 'parent_tf': 'H1', 'parent_sid': 1, 'parent_cycle_id': 2, 'structure_path_id': 'H1.main >> M15.confluence', 'sub_sid': 0, 'started_by': 'first_confluence', 'start_trigger_idx': 3621}"
3605,STRUCTURE,CTS_UPDATED,0.57263,"{'via': 'replay_raw', 'cycle_id': 0, 'structure_id': 0, 'struct_direction': -1, 'timeframe': 'M15', 'use_case': 'first_confluence', 'parent_tf': 'H1', 'parent_sid': 1, 'parent_cycle_id': 2, 'structure_path_id': 'H1.main >> M15.confluence', 'sub_sid': 0, 'started_by': 'first_confluence', 'start_trigger_idx': 3621}"
3608,RANGE,RANGE_UPDATED,,"{'hi': 0.57347, 'lo': 0.57258, 'structure_id': 0, 'struct_direction': -1, 'timeframe': 'M15', 'use_case': 'first_confluence', 'parent_tf': 'H1', 'parent_sid': 1, 'parent_cycle_id': 2, 'structure_path_id': 'H1.main >> M15.confluence', 'sub_sid': 0, 'started_by': 'first_confluence', 'start_trigger_idx': 3621}"
3608,STRUCTURE,CTS_UPDATED,0.57258,"{'via': 'replay_raw', 'cycle_id': 0, 'structure_id': 0, 'struct_direction': -1, 'timeframe': 'M15', 'use_case': 'first_confluence', 'parent_tf': 'H1', 'parent_sid': 1, 'parent_cycle_id': 2, 'structure_path_id': 'H1.main >> M15.confluence', 'sub_sid': 0, 'started_by': 'first_confluence', 'start_trigger_idx': 3621}"
3609,RANGE,RANGE_UPDATED,,"{'hi': 0.57347, 'lo': 0.57234, 'structure_id': 0, 'struct_direction': -1, 'timeframe': 'M15', 'use_case': 'first_confluence', 'parent_tf': 'H1', 'parent_sid': 1, 'parent_cycle_id': 2, 'structure_path_id': 'H1.main >> M15.confluence', 'sub_sid': 0, 'started_by': 'first_confluence', 'start_trigger_idx': 3621}"
3609,STRUCTURE,CTS_UPDATED,0.57234,"{'via': 'replay_raw', 'cycle_id': 0, 'structure_id': 0, 'struct_direction': -1, 'timeframe': 'M15', 'use_case': 'first_confluence', 'parent_tf': 'H1', 'parent_sid': 1, 'parent_cycle_id': 2, 'structure_path_id': 'H1.main >> M15.confluence', 'sub_sid': 0, 'started_by': 'first_confluence', 'start_trigger_idx': 3621}"
3610,RANGE,RANGE_UPDATED,,"{'hi': 0.57347, 'lo': 0.5723, 'structure_id': 0, 'struct_direction': -1, 'timeframe': 'M15', 'use_case': 'first_confluence', 'parent_tf': 'H1', 'parent_sid': 1, 'parent_cycle_id': 2, 'structure_path_id': 'H1.main >> M15.confluence', 'sub_sid': 0, 'started_by': 'first_confluence', 'start_trigger_idx': 3621}"
3610,STRUCTURE,CTS_UPDATED,0.5723,"{'via': 'replay_raw', 'cycle_id': 0, 'structure_id': 0, 'struct_direction': -1, 'timeframe': 'M15', 'use_case': 'first_confluence', 'parent_tf': 'H1', 'parent_sid': 1, 'parent_cycle_id': 2, 'structure_path_id': 'H1.main >> M15.confluence', 'sub_sid': 0, 'started_by': 'first_confluence', 'start_trigger_idx': 3621}"
3611,RANGE,RANGE_UPDATED,,"{'hi': 0.57347, 'lo': 0.57228, 'structure_id': 0, 'struct_direction': -1, 'timeframe': 'M15', 'use_case': 'first_confluence', 'parent_tf': 'H1', 'parent_sid': 1, 'parent_cycle_id': 2, 'structure_path_id': 'H1.main >> M15.confluence', 'sub_sid': 0, 'started_by': 'first_confluence', 'start_trigger_idx': 3621}"
3611,STRUCTURE,CTS_UPDATED,0.57228,"{'via': 'replay_raw', 'cycle_id': 0, 'structure_id': 0, 'struct_direction': -1, 'timeframe': 'M15', 'use_case': 'first_confluence', 'parent_tf': 'H1', 'parent_sid': 1, 'parent_cycle_id': 2, 'structure_path_id': 'H1.main >> M15.confluence', 'sub_sid': 0, 'started_by': 'first_confluence', 'start_trigger_idx': 3621}"
3614,RANGE,RANGE_UPDATED,,"{'hi': 0.57435, 'lo': 0.57159, 'structure_id': 0, 'struct_direction': -1, 'timeframe': 'M15', 'use_case': 'first_confluence', 'parent_tf': 'H1', 'parent_sid': 1, 'parent_cycle_id': 2, 'structure_path_id': 'H1.main >> M15.confluence', 'sub_sid': 0, 'started_by': 'first_confluence', 'start_trigger_idx': 3621}"
3614,STRUCTURE,CTS_UPDATED,0.57159,"{'via': 'replay_raw', 'cycle_id': 0, 'structure_id': 0, 'struct_direction': -1, 'timeframe': 'M15', 'use_case': 'first_confluence', 'parent_tf': 'H1', 'parent_sid': 1, 'parent_cycle_id': 2, 'structure_path_id': 'H1.main >> M15.confluence', 'sub_sid': 0, 'started_by': 'first_confluence', 'start_trigger_idx': 3621}"
3615,RANGE,RANGE_UPDATED,,"{'hi': 0.57457, 'lo': 0.57159, 'structure_id': 0, 'struct_direction': -1, 'timeframe': 'M15', 'use_case': 'first_confluence', 'parent_tf': 'H1', 'parent_sid': 1, 'parent_cycle_id': 2, 'structure_path_id': 'H1.main >> M15.confluence', 'sub_sid': 0, 'started_by': 'first_confluence', 'start_trigger_idx': 3621}"
3620,RANGE,RANGE_UPDATED,,"{'hi': 0.57457, 'lo': 0.57124, 'structure_id': 0, 'struct_direction': -1, 'timeframe': 'M15', 'use_case': 'first_confluence', 'parent_tf': 'H1', 'parent_sid': 1, 'parent_cycle_id': 2, 'structure_path_id': 'H1.main >> M15.confluence', 'sub_sid': 0, 'started_by': 'first_confluence', 'start_trigger_idx': 3621}"
3620,STRUCTURE,CTS_UPDATED,0.57124,"{'via': 'replay_raw', 'cycle_id': 0, 'structure_id': 0, 'struct_direction': -1, 'timeframe': 'M15', 'use_case': 'first_confluence', 'parent_tf': 'H1', 'parent_sid': 1, 'parent_cycle_id': 2, 'structure_path_id': 'H1.main >> M15.confluence', 'sub_sid': 0, 'started_by': 'first_confluence', 'start_trigger_idx': 3621}"
3621,RANGE,RANGE_UPDATED,,"{'hi': 0.57457, 'lo': 0.57112, 'structure_id': 0, 'struct_direction': -1, 'timeframe': 'M15', 'use_case': 'first_confluence', 'parent_tf': 'H1', 'parent_sid': 1, 'parent_cycle_id': 2, 'structure_path_id': 'H1.main >> M15.confluence', 'sub_sid': 0, 'started_by': 'first_confluence', 'start_trigger_idx': 3621}"
3621,STRUCTURE,CTS_UPDATED,0.57112,"{'via': 'replay_raw', 'cycle_id': 0, 'structure_id': 0, 'struct_direction': -1, 'timeframe': 'M15', 'use_case': 'first_confluence', 'parent_tf': 'H1', 'parent_sid': 1, 'parent_cycle_id': 2, 'structure_path_id': 'H1.main >> M15.confluence', 'sub_sid': 0, 'started_by': 'first_confluence', 'start_trigger_idx': 3621}"
3659,RANGE,RANGE_UPDATED,,"{'hi': 0.5747, 'lo': 0.57112, 'structure_id': 0, 'struct_direction': -1, 'timeframe': 'M15', 'use_case': 'first_confluence', 'parent_tf': 'H1', 'parent_sid': 1, 'parent_cycle_id': 2, 'structure_path_id': 'H1.main >> M15.confluence', 'sub_sid': 0, 'started_by': 'first_confluence', 'start_trigger_idx': 3621}"
3660,RANGE,RANGE_UPDATED,,"{'hi': 0.57492, 'lo': 0.57112, 'structure_id': 0, 'struct_direction': -1, 'timeframe': 'M15', 'use_case': 'first_confluence', 'parent_tf': 'H1', 'parent_sid': 1, 'parent_cycle_id': 2, 'structure_path_id': 'H1.main >> M15.confluence', 'sub_sid': 0, 'started_by': 'first_confluence', 'start_trigger_idx': 3621}"
3661,RANGE,RANGE_UPDATED,,"{'hi': 0.575, 'lo': 0.57112, 'structure_id': 0, 'struct_direction': -1, 'timeframe': 'M15', 'use_case': 'first_confluence', 'parent_tf': 'H1', 'parent_sid': 1, 'parent_cycle_id': 2, 'structure_path_id': 'H1.main >> M15.confluence', 'sub_sid': 0, 'started_by': 'first_confluence', 'start_trigger_idx': 3621}"
3681,RANGE,RANGE_UPDATED,,"{'hi': 0.57504, 'lo': 0.57112, 'structure_id': 0, 'struct_direction': -1, 'timeframe': 'M15', 'use_case': 'first_confluence', 'parent_tf': 'H1', 'parent_sid': 1, 'parent_cycle_id': 2, 'structure_path_id': 'H1.main >> M15.confluence', 'sub_sid': 0, 'started_by': 'first_confluence', 'start_trigger_idx': 3621}"
3682,RANGE,RANGE_UPDATED,,"{'hi': 0.57508, 'lo': 0.57112, 'structure_id': 0, 'struct_direction': -1, 'timeframe': 'M15', 'use_case': 'first_confluence', 'parent_tf': 'H1', 'parent_sid': 1, 'parent_cycle_id': 2, 'structure_path_id': 'H1.main >> M15.confluence', 'sub_sid': 0, 'started_by': 'first_confluence', 'start_trigger_idx': 3621}"
3684,RANGE,RANGE_UPDATED,,"{'hi': 0.57552, 'lo': 0.57112, 'structure_id': 0, 'struct_direction': -1, 'timeframe': 'M15', 'use_case': 'first_confluence', 'parent_tf': 'H1', 'parent_sid': 1, 'parent_cycle_id': 2, 'structure_path_id': 'H1.main >> M15.confluence', 'sub_sid': 0, 'started_by': 'first_confluence', 'start_trigger_idx': 3621}"
3685,RANGE,RANGE_UPDATED,,"{'hi': 0.57556, 'lo': 0.57112, 'structure_id': 0, 'struct_direction': -1, 'timeframe': 'M15', 'use_case': 'first_confluence', 'parent_tf': 'H1', 'parent_sid': 1, 'parent_cycle_id': 2, 'structure_path_id': 'H1.main >> M15.confluence', 'sub_sid': 0, 'started_by': 'first_confluence', 'start_trigger_idx': 3621}"
3688,RANGE,RANGE_UPDATED,,"{'hi': 0.57592, 'lo': 0.57112, 'structure_id': 0, 'struct_direction': -1, 'timeframe': 'M15', 'use_case': 'first_confluence', 'parent_tf': 'H1', 'parent_sid': 1, 'parent_cycle_id': 2, 'structure_path_id': 'H1.main >> M15.confluence', 'sub_sid': 0, 'started_by': 'first_confluence', 'start_trigger_idx': 3621}"
3693,RANGE,RANGE_UPDATED,,"{'hi': 0.57602, 'lo': 0.57112, 'structure_id': 0, 'struct_direction': -1, 'timeframe': 'M15', 'use_case': 'first_confluence', 'parent_tf': 'H1', 'parent_sid': 1, 'parent_cycle_id': 2, 'structure_path_id': 'H1.main >> M15.confluence', 'sub_sid': 0, 'started_by': 'first_confluence', 'start_trigger_idx': 3621}"
3700,RANGE,RANGE_UPDATED,,"{'hi': 0.57618, 'lo': 0.57112, 'structure_id': 0, 'struct_direction': -1, 'timeframe': 'M15', 'use_case': 'first_confluence', 'parent_tf': 'H1', 'parent_sid': 1, 'parent_cycle_id': 2, 'structure_path_id': 'H1.main >> M15.confluence', 'sub_sid': 0, 'started_by': 'first_confluence', 'start_trigger_idx': 3621}"
3701,RANGE,RANGE_UPDATED,,"{'hi': 0.57622, 'lo': 0.57112, 'structure_id': 0, 'struct_direction': -1, 'timeframe': 'M15', 'use_case': 'first_confluence', 'parent_tf': 'H1', 'parent_sid': 1, 'parent_cycle_id': 2, 'structure_path_id': 'H1.main >> M15.confluence', 'sub_sid': 0, 'started_by': 'first_confluence', 'start_trigger_idx': 3621}"
3706,RANGE,RANGE_UPDATED,,"{'hi': 0.57638, 'lo': 0.57112, 'structure_id': 0, 'struct_direction': -1, 'timeframe': 'M15', 'use_case': 'first_confluence', 'parent_tf': 'H1', 'parent_sid': 1, 'parent_cycle_id': 2, 'structure_path_id': 'H1.main >> M15.confluence', 'sub_sid': 0, 'started_by': 'first_confluence', 'start_trigger_idx': 3621}"
3707,RANGE,RANGE_UPDATED,,"{'hi': 0.57644, 'lo': 0.57112, 'structure_id': 0, 'struct_direction': -1, 'timeframe': 'M15', 'use_case': 'first_confluence', 'parent_tf': 'H1', 'parent_sid': 1, 'parent_cycle_id': 2, 'structure_path_id': 'H1.main >> M15.confluence', 'sub_sid': 0, 'started_by': 'first_confluence', 'start_trigger_idx': 3621}"
3708,RANGE,RANGE_UPDATED,,"{'hi': 0.57689, 'lo': 0.57112, 'structure_id': 0, 'struct_direction': -1, 'timeframe': 'M15', 'use_case': 'first_confluence', 'parent_tf': 'H1', 'parent_sid': 1, 'parent_cycle_id': 2, 'structure_path_id': 'H1.main >> M15.confluence', 'sub_sid': 0, 'started_by': 'first_confluence', 'start_trigger_idx': 3621}"
3709,RANGE,RANGE_UPDATED,,"{'hi': 0.5769, 'lo': 0.57112, 'structure_id': 0, 'struct_direction': -1, 'timeframe': 'M15', 'use_case': 'first_confluence', 'parent_tf': 'H1', 'parent_sid': 1, 'parent_cycle_id': 2, 'structure_path_id': 'H1.main >> M15.confluence', 'sub_sid': 0, 'started_by': 'first_confluence', 'start_trigger_idx': 3621}"
3741,RANGE,RANGE_UPDATED,,"{'reason': 'pullback_expand', 'hi': 0.57748, 'lo': 0.57112, 'pat': 'one_maru_continuous', 'structure_id': 0, 'struct_direction': -1, 'timeframe': 'M15', 'use_case': 'first_confluence', 'parent_tf': 'H1', 'parent_sid': 1, 'parent_cycle_id': 2, 'structure_path_id': 'H1.main >> M15.confluence', 'sub_sid': 0, 'started_by': 'first_confluence', 'start_trigger_idx': 3621}"
3741,STRUCTURE,CTS_CONFIRMED,0.57112,"{'via': 'one_maru_continuous', 'cycle_id': 0, 'structure_id': 0, 'struct_direction': -1, 'confirmed_at': 3741, 'cts_anchor_idx': 3621, 'confirmation_method': 'pullback', 'timeframe': 'M15', 'use_case': 'first_confluence', 'parent_tf': 'H1', 'parent_sid': 1, 'parent_cycle_id': 2, 'structure_path_id': 'H1.main >> M15.confluence', 'sub_sid': 0, 'started_by': 'first_confluence', 'start_trigger_idx': 3621}"
3741,STATE,STATE_CHANGED,,"{'from': 'range', 'to': 'pullback', 'structure_id': 0, 'struct_direction': -1, 'reason': 'pullback_pattern', 'pat': 'one_maru_continuous', 'effective_idx': 487, 'timeframe': 'M15', 'use_case': 'first_confluence', 'parent_tf': 'H1', 'parent_sid': 1, 'parent_cycle_id': 2, 'structure_path_id': 'H1.main >> M15.confluence', 'sub_sid': 0, 'started_by': 'first_confluence', 'start_trigger_idx': 3621}"
3742,RANGE,RANGE_UPDATED,,"{'hi': 0.5775, 'lo': 0.57112, 'structure_id': 0, 'struct_direction': -1, 'timeframe': 'M15', 'use_case': 'first_confluence', 'parent_tf': 'H1', 'parent_sid': 1, 'parent_cycle_id': 2, 'structure_path_id': 'H1.main >> M15.confluence', 'sub_sid': 0, 'started_by': 'first_confluence', 'start_trigger_idx': 3621}"
3743,STATE,STATE_CHANGED,,"{'from': 'pullback', 'to': 'pullback_range', 'structure_id': 0, 'struct_direction': -1, 'reason': 'replay_no_expand_pullback_side', 'effective_idx': 489, 'timeframe': 'M15', 'use_case': 'first_confluence', 'parent_tf': 'H1', 'parent_sid': 1, 'parent_cycle_id': 2, 'structure_path_id': 'H1.main >> M15.confluence', 'sub_sid': 0, 'started_by': 'first_confluence', 'start_trigger_idx': 3621}"
3755,RANGE,RANGE_UPDATED,,"{'hi': 0.57758, 'lo': 0.57112, 'structure_id': 0, 'struct_direction': -1, 'timeframe': 'M15', 'use_case': 'first_confluence', 'parent_tf': 'H1', 'parent_sid': 1, 'parent_cycle_id': 2, 'structure_path_id': 'H1.main >> M15.confluence', 'sub_sid': 0, 'started_by': 'first_confluence', 'start_trigger_idx': 3621}"
3755,STATE,STATE_CHANGED,,"{'from': 'pullback_range', 'to': 'pullback', 'structure_id': 0, 'struct_direction': -1, 'reason': 'replay_expand_pullback_side', 'effective_idx': 501, 'timeframe': 'M15', 'use_case': 'first_confluence', 'parent_tf': 'H1', 'parent_sid': 1, 'parent_cycle_id': 2, 'structure_path_id': 'H1.main >> M15.confluence', 'sub_sid': 0, 'started_by': 'first_confluence', 'start_trigger_idx': 3621}"
3756,RANGE,RANGE_UPDATED,,"{'hi': 0.57782, 'lo': 0.57112, 'structure_id': 0, 'struct_direction': -1, 'timeframe': 'M15', 'use_case': 'first_confluence', 'parent_tf': 'H1', 'parent_sid': 1, 'parent_cycle_id': 2, 'structure_path_id': 'H1.main >> M15.confluence', 'sub_sid': 0, 'started_by': 'first_confluence', 'start_trigger_idx': 3621}"
3757,RANGE,RANGE_UPDATED,,"{'hi': 0.5779, 'lo': 0.57112, 'structure_id': 0, 'struct_direction': -1, 'timeframe': 'M15', 'use_case': 'first_confluence', 'parent_tf': 'H1', 'parent_sid': 1, 'parent_cycle_id': 2, 'structure_path_id': 'H1.main >> M15.confluence', 'sub_sid': 0, 'started_by': 'first_confluence', 'start_trigger_idx': 3621}"
3758,RANGE,RANGE_UPDATED,,"{'hi': 0.57792, 'lo': 0.57112, 'structure_id': 0, 'struct_direction': -1, 'timeframe': 'M15', 'use_case': 'first_confluence', 'parent_tf': 'H1', 'parent_sid': 1, 'parent_cycle_id': 2, 'structure_path_id': 'H1.main >> M15.confluence', 'sub_sid': 0, 'started_by': 'first_confluence', 'start_trigger_idx': 3621}"
3759,RANGE,RANGE_UPDATED,,"{'hi': 0.57794, 'lo': 0.57112, 'structure_id': 0, 'struct_direction': -1, 'timeframe': 'M15', 'use_case': 'first_confluence', 'parent_tf': 'H1', 'parent_sid': 1, 'parent_cycle_id': 2, 'structure_path_id': 'H1.main >> M15.confluence', 'sub_sid': 0, 'started_by': 'first_confluence', 'start_trigger_idx': 3621}"
3760,RANGE,RANGE_UPDATED,,"{'hi': 0.57806, 'lo': 0.57112, 'structure_id': 0, 'struct_direction': -1, 'timeframe': 'M15', 'use_case': 'first_confluence', 'parent_tf': 'H1', 'parent_sid': 1, 'parent_cycle_id': 2, 'structure_path_id': 'H1.main >> M15.confluence', 'sub_sid': 0, 'started_by': 'first_confluence', 'start_trigger_idx': 3621}"
3761,STATE,STATE_CHANGED,,"{'from': 'pullback', 'to': 'pullback_range', 'structure_id': 0, 'struct_direction': -1, 'reason': 'replay_no_expand_pullback_side', 'effective_idx': 507, 'timeframe': 'M15', 'use_case': 'first_confluence', 'parent_tf': 'H1', 'parent_sid': 1, 'parent_cycle_id': 2, 'structure_path_id': 'H1.main >> M15.confluence', 'sub_sid': 0, 'started_by': 'first_confluence', 'start_trigger_idx': 3621}"
3806,RANGE,RANGE_UPDATED,,"{'hi': 0.57827, 'lo': 0.57112, 'structure_id': 0, 'struct_direction': -1, 'timeframe': 'M15', 'use_case': 'first_confluence', 'parent_tf': 'H1', 'parent_sid': 1, 'parent_cycle_id': 2, 'structure_path_id': 'H1.main >> M15.confluence', 'sub_sid': 0, 'started_by': 'first_confluence', 'start_trigger_idx': 3621}"
3806,STATE,STATE_CHANGED,,"{'from': 'pullback_range', 'to': 'pullback', 'structure_id': 0, 'struct_direction': -1, 'reason': 'replay_expand_pullback_side', 'effective_idx': 552, 'timeframe': 'M15', 'use_case': 'first_confluence', 'parent_tf': 'H1', 'parent_sid': 1, 'parent_cycle_id': 2, 'structure_path_id': 'H1.main >> M15.confluence', 'sub_sid': 0, 'started_by': 'first_confluence', 'start_trigger_idx': 3621}"
3807,STATE,STATE_CHANGED,,"{'from': 'pullback', 'to': 'pullback_range', 'structure_id': 0, 'struct_direction': -1, 'reason': 'replay_no_expand_pullback_side', 'effective_idx': 553, 'timeframe': 'M15', 'use_case': 'first_confluence', 'parent_tf': 'H1', 'parent_sid': 1, 'parent_cycle_id': 2, 'structure_path_id': 'H1.main >> M15.confluence', 'sub_sid': 0, 'started_by': 'first_confluence', 'start_trigger_idx': 3621}"
3786,STRUCTURE,CTS_ESTABLISHED,0.57641,"{'via': 'one_maru_continuous', 'anchor_idx': 3785, 'pattern_name': 'one_maru_continuous', 'confirmed_at': 3786, 'cycle_id': 0, 'structure_id': 0, 'struct_direction': -1, 'timeframe': 'M15', 'use_case': 'subsequent_confluence', 'parent_tf': 'H1', 'parent_sid': 1, 'parent_cycle_id': 2, 'structure_path_id': 'H1.main >> M15.confluence', 'sub_sid': 1, 'started_by': 'subsequent_confluence', 'start_trigger_idx': 3819}"
3760,STRUCTURE,BOS_CONFIRMED,0.57806,"{'source': 'initial_prior_extreme', 'confirmed_at': 3786, 'pb_start': None, 'cycle_id': 0, 'structure_id': 0, 'struct_direction': -1, 'timeframe': 'M15', 'use_case': 'subsequent_confluence', 'parent_tf': 'H1', 'parent_sid': 1, 'parent_cycle_id': 2, 'structure_path_id': 'H1.main >> M15.confluence', 'sub_sid': 1, 'started_by': 'subsequent_confluence', 'start_trigger_idx': 3819}"
3786,STATE,STATE_CHANGED,,"{'from': 'none', 'to': 'breakout', 'structure_id': 0, 'struct_direction': -1, 'reason': 'breakout_pattern', 'pat': 'one_maru_continuous', 'effective_idx': 76, 'timeframe': 'M15', 'use_case': 'subsequent_confluence', 'parent_tf': 'H1', 'parent_sid': 1, 'parent_cycle_id': 2, 'structure_path_id': 'H1.main >> M15.confluence', 'sub_sid': 1, 'started_by': 'subsequent_confluence', 'start_trigger_idx': 3819}"
3789,RANGE,RANGE_STARTED,,"{'start_idx': 76, 'confirm_idx': 79, 'hi': 0.57682, 'lo': 0.57641, 'cts_idx': 76, 'cts_price': 0.57641, 'structure_id': 0, 'struct_direction': -1, 'timeframe': 'M15', 'use_case': 'subsequent_confluence', 'parent_tf': 'H1', 'parent_sid': 1, 'parent_cycle_id': 2, 'structure_path_id': 'H1.main >> M15.confluence', 'sub_sid': 1, 'started_by': 'subsequent_confluence', 'start_trigger_idx': 3819}"
3789,STATE,STATE_CHANGED,,"{'from': 'breakout', 'to': 'range', 'structure_id': 0, 'struct_direction': -1, 'reason': 'range_confirmed', 'effective_idx': 76, 'timeframe': 'M15', 'use_case': 'subsequent_confluence', 'parent_tf': 'H1', 'parent_sid': 1, 'parent_cycle_id': 2, 'structure_path_id': 'H1.main >> M15.confluence', 'sub_sid': 1, 'started_by': 'subsequent_confluence', 'start_trigger_idx': 3819}"
3787,RANGE,RANGE_UPDATED,,"{'hi': 0.57706, 'lo': 0.57641, 'structure_id': 0, 'struct_direction': -1, 'timeframe': 'M15', 'use_case': 'subsequent_confluence', 'parent_tf': 'H1', 'parent_sid': 1, 'parent_cycle_id': 2, 'structure_path_id': 'H1.main >> M15.confluence', 'sub_sid': 1, 'started_by': 'subsequent_confluence', 'start_trigger_idx': 3819}"
3788,RANGE,RANGE_UPDATED,,"{'hi': 0.57715, 'lo': 0.57641, 'structure_id': 0, 'struct_direction': -1, 'timeframe': 'M15', 'use_case': 'subsequent_confluence', 'parent_tf': 'H1', 'parent_sid': 1, 'parent_cycle_id': 2, 'structure_path_id': 'H1.main >> M15.confluence', 'sub_sid': 1, 'started_by': 'subsequent_confluence', 'start_trigger_idx': 3819}"
3790,RANGE,RANGE_UPDATED,,"{'hi': 0.57722, 'lo': 0.57641, 'structure_id': 0, 'struct_direction': -1, 'timeframe': 'M15', 'use_case': 'subsequent_confluence', 'parent_tf': 'H1', 'parent_sid': 1, 'parent_cycle_id': 2, 'structure_path_id': 'H1.main >> M15.confluence', 'sub_sid': 1, 'started_by': 'subsequent_confluence', 'start_trigger_idx': 3819}"
3794,RANGE,RANGE_UPDATED,,"{'hi': 0.57722, 'lo': 0.57628, 'structure_id': 0, 'struct_direction': -1, 'timeframe': 'M15', 'use_case': 'subsequent_confluence', 'parent_tf': 'H1', 'parent_sid': 1, 'parent_cycle_id': 2, 'structure_path_id': 'H1.main >> M15.confluence', 'sub_sid': 1, 'started_by': 'subsequent_confluence', 'start_trigger_idx': 3819}"
3794,STRUCTURE,CTS_UPDATED,0.57628,"{'via': 'replay_raw', 'cycle_id': 0, 'structure_id': 0, 'struct_direction': -1, 'timeframe': 'M15', 'use_case': 'subsequent_confluence', 'parent_tf': 'H1', 'parent_sid': 1, 'parent_cycle_id': 2, 'structure_path_id': 'H1.main >> M15.confluence', 'sub_sid': 1, 'started_by': 'subsequent_confluence', 'start_trigger_idx': 3819}"
3795,RANGE,RANGE_UPDATED,,"{'hi': 0.57722, 'lo': 0.57623, 'structure_id': 0, 'struct_direction': -1, 'timeframe': 'M15', 'use_case': 'subsequent_confluence', 'parent_tf': 'H1', 'parent_sid': 1, 'parent_cycle_id': 2, 'structure_path_id': 'H1.main >> M15.confluence', 'sub_sid': 1, 'started_by': 'subsequent_confluence', 'start_trigger_idx': 3819}"
3795,STRUCTURE,CTS_UPDATED,0.57623,"{'via': 'replay_raw', 'cycle_id': 0, 'structure_id': 0, 'struct_direction': -1, 'timeframe': 'M15', 'use_case': 'subsequent_confluence', 'parent_tf': 'H1', 'parent_sid': 1, 'parent_cycle_id': 2, 'structure_path_id': 'H1.main >> M15.confluence', 'sub_sid': 1, 'started_by': 'subsequent_confluence', 'start_trigger_idx': 3819}"
3796,RANGE,RANGE_UPDATED,,"{'hi': 0.57722, 'lo': 0.57621, 'structure_id': 0, 'struct_direction': -1, 'timeframe': 'M15', 'use_case': 'subsequent_confluence', 'parent_tf': 'H1', 'parent_sid': 1, 'parent_cycle_id': 2, 'structure_path_id': 'H1.main >> M15.confluence', 'sub_sid': 1, 'started_by': 'subsequent_confluence', 'start_trigger_idx': 3819}"
3796,STRUCTURE,CTS_UPDATED,0.57621,"{'via': 'replay_raw', 'cycle_id': 0, 'structure_id': 0, 'struct_direction': -1, 'timeframe': 'M15', 'use_case': 'subsequent_confluence', 'parent_tf': 'H1', 'parent_sid': 1, 'parent_cycle_id': 2, 'structure_path_id': 'H1.main >> M15.confluence', 'sub_sid': 1, 'started_by': 'subsequent_confluence', 'start_trigger_idx': 3819}"
3797,RANGE,RANGE_UPDATED,,"{'hi': 0.57722, 'lo': 0.57608, 'structure_id': 0, 'struct_direction': -1, 'timeframe': 'M15', 'use_case': 'subsequent_confluence', 'parent_tf': 'H1', 'parent_sid': 1, 'parent_cycle_id': 2, 'structure_path_id': 'H1.main >> M15.confluence', 'sub_sid': 1, 'started_by': 'subsequent_confluence', 'start_trigger_idx': 3819}"
3797,STRUCTURE,CTS_UPDATED,0.57608,"{'via': 'replay_raw', 'cycle_id': 0, 'structure_id': 0, 'struct_direction': -1, 'timeframe': 'M15', 'use_case': 'subsequent_confluence', 'parent_tf': 'H1', 'parent_sid': 1, 'parent_cycle_id': 2, 'structure_path_id': 'H1.main >> M15.confluence', 'sub_sid': 1, 'started_by': 'subsequent_confluence', 'start_trigger_idx': 3819}"
3802,RANGE,RANGE_UPDATED,,"{'hi': 0.57722, 'lo': 0.57586, 'structure_id': 0, 'struct_direction': -1, 'timeframe': 'M15', 'use_case': 'subsequent_confluence', 'parent_tf': 'H1', 'parent_sid': 1, 'parent_cycle_id': 2, 'structure_path_id': 'H1.main >> M15.confluence', 'sub_sid': 1, 'started_by': 'subsequent_confluence', 'start_trigger_idx': 3819}"
3802,STRUCTURE,CTS_UPDATED,0.57586,"{'via': 'replay_raw', 'cycle_id': 0, 'structure_id': 0, 'struct_direction': -1, 'timeframe': 'M15', 'use_case': 'subsequent_confluence', 'parent_tf': 'H1', 'parent_sid': 1, 'parent_cycle_id': 2, 'structure_path_id': 'H1.main >> M15.confluence', 'sub_sid': 1, 'started_by': 'subsequent_confluence', 'start_trigger_idx': 3819}"
3803,RANGE,RANGE_UPDATED,,"{'hi': 0.57722, 'lo': 0.5758, 'structure_id': 0, 'struct_direction': -1, 'timeframe': 'M15', 'use_case': 'subsequent_confluence', 'parent_tf': 'H1', 'parent_sid': 1, 'parent_cycle_id': 2, 'structure_path_id': 'H1.main >> M15.confluence', 'sub_sid': 1, 'started_by': 'subsequent_confluence', 'start_trigger_idx': 3819}"
3803,STRUCTURE,CTS_UPDATED,0.5758,"{'via': 'replay_raw', 'cycle_id': 0, 'structure_id': 0, 'struct_direction': -1, 'timeframe': 'M15', 'use_case': 'subsequent_confluence', 'parent_tf': 'H1', 'parent_sid': 1, 'parent_cycle_id': 2, 'structure_path_id': 'H1.main >> M15.confluence', 'sub_sid': 1, 'started_by': 'subsequent_confluence', 'start_trigger_idx': 3819}"
3804,RANGE,RANGE_UPDATED,,"{'hi': 0.57722, 'lo': 0.57576, 'structure_id': 0, 'struct_direction': -1, 'timeframe': 'M15', 'use_case': 'subsequent_confluence', 'parent_tf': 'H1', 'parent_sid': 1, 'parent_cycle_id': 2, 'structure_path_id': 'H1.main >> M15.confluence', 'sub_sid': 1, 'started_by': 'subsequent_confluence', 'start_trigger_idx': 3819}"
3804,STRUCTURE,CTS_UPDATED,0.57576,"{'via': 'replay_raw', 'cycle_id': 0, 'structure_id': 0, 'struct_direction': -1, 'timeframe': 'M15', 'use_case': 'subsequent_confluence', 'parent_tf': 'H1', 'parent_sid': 1, 'parent_cycle_id': 2, 'structure_path_id': 'H1.main >> M15.confluence', 'sub_sid': 1, 'started_by': 'subsequent_confluence', 'start_trigger_idx': 3819}"
3805,RANGE,RANGE_UPDATED,,"{'hi': 0.57722, 'lo': 0.57552, 'structure_id': 0, 'struct_direction': -1, 'timeframe': 'M15', 'use_case': 'subsequent_confluence', 'parent_tf': 'H1', 'parent_sid': 1, 'parent_cycle_id': 2, 'structure_path_id': 'H1.main >> M15.confluence', 'sub_sid': 1, 'started_by': 'subsequent_confluence', 'start_trigger_idx': 3819}"
3805,STRUCTURE,CTS_UPDATED,0.57552,"{'via': 'replay_raw', 'cycle_id': 0, 'structure_id': 0, 'struct_direction': -1, 'timeframe': 'M15', 'use_case': 'subsequent_confluence', 'parent_tf': 'H1', 'parent_sid': 1, 'parent_cycle_id': 2, 'structure_path_id': 'H1.main >> M15.confluence', 'sub_sid': 1, 'started_by': 'subsequent_confluence', 'start_trigger_idx': 3819}"
3806,RANGE,RANGE_UPDATED,,"{'hi': 0.57827, 'lo': 0.57552, 'structure_id': 0, 'struct_direction': -1, 'timeframe': 'M15', 'use_case': 'subsequent_confluence', 'parent_tf': 'H1', 'parent_sid': 1, 'parent_cycle_id': 2, 'structure_path_id': 'H1.main >> M15.confluence', 'sub_sid': 1, 'started_by': 'subsequent_confluence', 'start_trigger_idx': 3819}"
3806,STRUCTURE,BOS_THRESHOLD_UPDATED,0.57827,"{'prev': 0.57806, 'reason': 'probe_no_break', 'cycle_id': 0, 'structure_id': 0, 'struct_direction': -1, 'timeframe': 'M15', 'use_case': 'subsequent_confluence', 'parent_tf': 'H1', 'parent_sid': 1, 'parent_cycle_id': 2, 'structure_path_id': 'H1.main >> M15.confluence', 'sub_sid': 1, 'started_by': 'subsequent_confluence', 'start_trigger_idx': 3819}"
3812,STRUCTURE,CTS_UPDATED,0.57484,"{'via': 'replay_raw', 'cycle_id': 0, 'structure_id': 0, 'struct_direction': -1, 'timeframe': 'M15', 'use_case': 'subsequent_confluence', 'parent_tf': 'H1', 'parent_sid': 1, 'parent_cycle_id': 2, 'structure_path_id': 'H1.main >> M15.confluence', 'sub_sid': 1, 'started_by': 'subsequent_confluence', 'start_trigger_idx': 3819}"
3813,RANGE,RANGE_RESET,,"{'reason': 'range_breakout', 'pat': 'one_maru_continuous', 'structure_id': 0, 'struct_direction': -1, 'timeframe': 'M15', 'use_case': 'subsequent_confluence', 'parent_tf': 'H1', 'parent_sid': 1, 'parent_cycle_id': 2, 'structure_path_id': 'H1.main >> M15.confluence', 'sub_sid': 1, 'started_by': 'subsequent_confluence', 'start_trigger_idx': 3819}"
3813,STRUCTURE,CTS_UPDATED,0.57422,"{'via': 'one_maru_continuous', 'cycle_id': 0, 'structure_id': 0, 'struct_direction': -1, 'timeframe': 'M15', 'use_case': 'subsequent_confluence', 'parent_tf': 'H1', 'parent_sid': 1, 'parent_cycle_id': 2, 'structure_path_id': 'H1.main >> M15.confluence', 'sub_sid': 1, 'started_by': 'subsequent_confluence', 'start_trigger_idx': 3819}"
3813,STATE,STATE_CHANGED,,"{'from': 'range', 'to': 'breakout', 'structure_id': 0, 'struct_direction': -1, 'reason': 'breakout_pattern', 'pat': 'one_maru_continuous', 'effective_idx': 103, 'timeframe': 'M15', 'use_case': 'subsequent_confluence', 'parent_tf': 'H1', 'parent_sid': 1, 'parent_cycle_id': 2, 'structure_path_id': 'H1.main >> M15.confluence', 'sub_sid': 1, 'started_by': 'subsequent_confluence', 'start_trigger_idx': 3819}"
3816,STRUCTURE,CTS_UPDATED,0.5738,"{'via': 'replay_raw', 'cycle_id': 0, 'structure_id': 0, 'struct_direction': -1, 'timeframe': 'M15', 'use_case': 'subsequent_confluence', 'parent_tf': 'H1', 'parent_sid': 1, 'parent_cycle_id': 2, 'structure_path_id': 'H1.main >> M15.confluence', 'sub_sid': 1, 'started_by': 'subsequent_confluence', 'start_trigger_idx': 3819}"
3817,STRUCTURE,CTS_UPDATED,0.57351,"{'via': 'replay_raw', 'cycle_id': 0, 'structure_id': 0, 'struct_direction': -1, 'timeframe': 'M15', 'use_case': 'subsequent_confluence', 'parent_tf': 'H1', 'parent_sid': 1, 'parent_cycle_id': 2, 'structure_path_id': 'H1.main >> M15.confluence', 'sub_sid': 1, 'started_by': 'subsequent_confluence', 'start_trigger_idx': 3819}"
3819,RANGE,RANGE_STARTED,,"{'start_idx': 104, 'confirm_idx': 109, 'hi': 0.5746, 'lo': 0.57351, 'cts_idx': 107, 'cts_price': 0.57351, 'structure_id': 0, 'struct_direction': -1, 'timeframe': 'M15', 'use_case': 'subsequent_confluence', 'parent_tf': 'H1', 'parent_sid': 1, 'parent_cycle_id': 2, 'structure_path_id': 'H1.main >> M15.confluence', 'sub_sid': 1, 'started_by': 'subsequent_confluence', 'start_trigger_idx': 3819}"
3819,STATE,STATE_CHANGED,,"{'from': 'breakout', 'to': 'range', 'structure_id': 0, 'struct_direction': -1, 'reason': 'range_confirmed', 'effective_idx': 104, 'timeframe': 'M15', 'use_case': 'subsequent_confluence', 'parent_tf': 'H1', 'parent_sid': 1, 'parent_cycle_id': 2, 'structure_path_id': 'H1.main >> M15.confluence', 'sub_sid': 1, 'started_by': 'subsequent_confluence', 'start_trigger_idx': 3819}"
3815,RANGE,RANGE_UPDATED,,"{'hi': 0.57508, 'lo': 0.57351, 'structure_id': 0, 'struct_direction': -1, 'timeframe': 'M15', 'use_case': 'subsequent_confluence', 'parent_tf': 'H1', 'parent_sid': 1, 'parent_cycle_id': 2, 'structure_path_id': 'H1.main >> M15.confluence', 'sub_sid': 1, 'started_by': 'subsequent_confluence', 'start_trigger_idx': 3819}"
3852,RANGE,RANGE_UPDATED,,"{'hi': 0.57508, 'lo': 0.57326, 'structure_id': 0, 'struct_direction': -1, 'timeframe': 'M15', 'use_case': 'subsequent_confluence', 'parent_tf': 'H1', 'parent_sid': 1, 'parent_cycle_id': 2, 'structure_path_id': 'H1.main >> M15.confluence', 'sub_sid': 1, 'started_by': 'subsequent_confluence', 'start_trigger_idx': 3819}"
3852,STRUCTURE,CTS_UPDATED,0.57326,"{'via': 'replay_raw', 'cycle_id': 0, 'structure_id': 0, 'struct_direction': -1, 'timeframe': 'M15', 'use_case': 'subsequent_confluence', 'parent_tf': 'H1', 'parent_sid': 1, 'parent_cycle_id': 2, 'structure_path_id': 'H1.main >> M15.confluence', 'sub_sid': 1, 'started_by': 'subsequent_confluence', 'start_trigger_idx': 3819}"
3853,RANGE,RANGE_UPDATED,,"{'hi': 0.57508, 'lo': 0.57316, 'structure_id': 0, 'struct_direction': -1, 'timeframe': 'M15', 'use_case': 'subsequent_confluence', 'parent_tf': 'H1', 'parent_sid': 1, 'parent_cycle_id': 2, 'structure_path_id': 'H1.main >> M15.confluence', 'sub_sid': 1, 'started_by': 'subsequent_confluence', 'start_trigger_idx': 3819}"
3853,STRUCTURE,CTS_UPDATED,0.57316,"{'via': 'replay_raw', 'cycle_id': 0, 'structure_id': 0, 'struct_direction': -1, 'timeframe': 'M15', 'use_case': 'subsequent_confluence', 'parent_tf': 'H1', 'parent_sid': 1, 'parent_cycle_id': 2, 'structure_path_id': 'H1.main >> M15.confluence', 'sub_sid': 1, 'started_by': 'subsequent_confluence', 'start_trigger_idx': 3819}"
3854,RANGE,RANGE_UPDATED,,"{'hi': 0.57508, 'lo': 0.57306, 'structure_id': 0, 'struct_direction': -1, 'timeframe': 'M15', 'use_case': 'subsequent_confluence', 'parent_tf': 'H1', 'parent_sid': 1, 'parent_cycle_id': 2, 'structure_path_id': 'H1.main >> M15.confluence', 'sub_sid': 1, 'started_by': 'subsequent_confluence', 'start_trigger_idx': 3819}"
3854,STRUCTURE,CTS_UPDATED,0.57306,"{'via': 'replay_raw', 'cycle_id': 0, 'structure_id': 0, 'struct_direction': -1, 'timeframe': 'M15', 'use_case': 'subsequent_confluence', 'parent_tf': 'H1', 'parent_sid': 1, 'parent_cycle_id': 2, 'structure_path_id': 'H1.main >> M15.confluence', 'sub_sid': 1, 'started_by': 'subsequent_confluence', 'start_trigger_idx': 3819}"
3876,RANGE,RANGE_UPDATED,,"{'hi': 0.5751, 'lo': 0.57306, 'structure_id': 0, 'struct_direction': -1, 'timeframe': 'M15', 'use_case': 'subsequent_confluence', 'parent_tf': 'H1', 'parent_sid': 1, 'parent_cycle_id': 2, 'structure_path_id': 'H1.main >> M15.confluence', 'sub_sid': 1, 'started_by': 'subsequent_confluence', 'start_trigger_idx': 3819}"
3905,RANGE,RANGE_UPDATED,,"{'hi': 0.57512, 'lo': 0.57306, 'structure_id': 0, 'struct_direction': -1, 'timeframe': 'M15', 'use_case': 'subsequent_confluence', 'parent_tf': 'H1', 'parent_sid': 1, 'parent_cycle_id': 2, 'structure_path_id': 'H1.main >> M15.confluence', 'sub_sid': 1, 'started_by': 'subsequent_confluence', 'start_trigger_idx': 3819}"
3908,RANGE,RANGE_UPDATED,,"{'hi': 0.57549, 'lo': 0.57306, 'structure_id': 0, 'struct_direction': -1, 'timeframe': 'M15', 'use_case': 'subsequent_confluence', 'parent_tf': 'H1', 'parent_sid': 1, 'parent_cycle_id': 2, 'structure_path_id': 'H1.main >> M15.confluence', 'sub_sid': 1, 'started_by': 'subsequent_confluence', 'start_trigger_idx': 3819}"
3912,RANGE,RANGE_UPDATED,,"{'hi': 0.57558, 'lo': 0.57306, 'structure_id': 0, 'struct_direction': -1, 'timeframe': 'M15', 'use_case': 'subsequent_confluence', 'parent_tf': 'H1', 'parent_sid': 1, 'parent_cycle_id': 2, 'structure_path_id': 'H1.main >> M15.confluence', 'sub_sid': 1, 'started_by': 'subsequent_confluence', 'start_trigger_idx': 3819}"
3914,RANGE,RANGE_UPDATED,,"{'hi': 0.5756, 'lo': 0.57306, 'structure_id': 0, 'struct_direction': -1, 'timeframe': 'M15', 'use_case': 'subsequent_confluence', 'parent_tf': 'H1', 'parent_sid': 1, 'parent_cycle_id': 2, 'structure_path_id': 'H1.main >> M15.confluence', 'sub_sid': 1, 'started_by': 'subsequent_confluence', 'start_trigger_idx': 3819}"
3998,RANGE,RANGE_UPDATED,,"{'hi': 0.5756, 'lo': 0.57302, 'structure_id': 0, 'struct_direction': -1, 'timeframe': 'M15', 'use_case': 'subsequent_confluence', 'parent_tf': 'H1', 'parent_sid': 1, 'parent_cycle_id': 2, 'structure_path_id': 'H1.main >> M15.confluence', 'sub_sid': 1, 'started_by': 'subsequent_confluence', 'start_trigger_idx': 3819}"
3998,STRUCTURE,CTS_UPDATED,0.57302,"{'via': 'replay_raw', 'cycle_id': 0, 'structure_id': 0, 'struct_direction': -1, 'timeframe': 'M15', 'use_case': 'subsequent_confluence', 'parent_tf': 'H1', 'parent_sid': 1, 'parent_cycle_id': 2, 'structure_path_id': 'H1.main >> M15.confluence', 'sub_sid': 1, 'started_by': 'subsequent_confluence', 'start_trigger_idx': 3819}"
3999,RANGE,RANGE_UPDATED,,"{'hi': 0.5756, 'lo': 0.57274, 'structure_id': 0, 'struct_direction': -1, 'timeframe': 'M15', 'use_case': 'subsequent_confluence', 'parent_tf': 'H1', 'parent_sid': 1, 'parent_cycle_id': 2, 'structure_path_id': 'H1.main >> M15.confluence', 'sub_sid': 1, 'started_by': 'subsequent_confluence', 'start_trigger_idx': 3819}"
3999,STRUCTURE,CTS_UPDATED,0.57274,"{'via': 'replay_raw', 'cycle_id': 0, 'structure_id': 0, 'struct_direction': -1, 'timeframe': 'M15', 'use_case': 'subsequent_confluence', 'parent_tf': 'H1', 'parent_sid': 1, 'parent_cycle_id': 2, 'structure_path_id': 'H1.main >> M15.confluence', 'sub_sid': 1, 'started_by': 'subsequent_confluence', 'start_trigger_idx': 3819}"
4000,RANGE,RANGE_UPDATED,,"{'hi': 0.5756, 'lo': 0.57255, 'structure_id': 0, 'struct_direction': -1, 'timeframe': 'M15', 'use_case': 'subsequent_confluence', 'parent_tf': 'H1', 'parent_sid': 1, 'parent_cycle_id': 2, 'structure_path_id': 'H1.main >> M15.confluence', 'sub_sid': 1, 'started_by': 'subsequent_confluence', 'start_trigger_idx': 3819}"
4000,STRUCTURE,CTS_UPDATED,0.57255,"{'via': 'replay_raw', 'cycle_id': 0, 'structure_id': 0, 'struct_direction': -1, 'timeframe': 'M15', 'use_case': 'subsequent_confluence', 'parent_tf': 'H1', 'parent_sid': 1, 'parent_cycle_id': 2, 'structure_path_id': 'H1.main >> M15.confluence', 'sub_sid': 1, 'started_by': 'subsequent_confluence', 'start_trigger_idx': 3819}"
4054,RANGE,RANGE_UPDATED,,"{'hi': 0.57581, 'lo': 0.57255, 'structure_id': 0, 'struct_direction': -1, 'timeframe': 'M15', 'use_case': 'subsequent_confluence', 'parent_tf': 'H1', 'parent_sid': 1, 'parent_cycle_id': 2, 'structure_path_id': 'H1.main >> M15.confluence', 'sub_sid': 1, 'started_by': 'subsequent_confluence', 'start_trigger_idx': 3819}"
4058,RANGE,RANGE_UPDATED,,"{'hi': 0.57585, 'lo': 0.57255, 'structure_id': 0, 'struct_direction': -1, 'timeframe': 'M15', 'use_case': 'subsequent_confluence', 'parent_tf': 'H1', 'parent_sid': 1, 'parent_cycle_id': 2, 'structure_path_id': 'H1.main >> M15.confluence', 'sub_sid': 1, 'started_by': 'subsequent_confluence', 'start_trigger_idx': 3819}"
4070,RANGE,RANGE_UPDATED,,"{'hi': 0.57589, 'lo': 0.57255, 'structure_id': 0, 'struct_direction': -1, 'timeframe': 'M15', 'use_case': 'subsequent_confluence', 'parent_tf': 'H1', 'parent_sid': 1, 'parent_cycle_id': 2, 'structure_path_id': 'H1.main >> M15.confluence', 'sub_sid': 1, 'started_by': 'subsequent_confluence', 'start_trigger_idx': 3819}"
4071,RANGE,RANGE_UPDATED,,"{'hi': 0.57638, 'lo': 0.57255, 'structure_id': 0, 'struct_direction': -1, 'timeframe': 'M15', 'use_case': 'subsequent_confluence', 'parent_tf': 'H1', 'parent_sid': 1, 'parent_cycle_id': 2, 'structure_path_id': 'H1.main >> M15.confluence', 'sub_sid': 1, 'started_by': 'subsequent_confluence', 'start_trigger_idx': 3819}"
4082,RANGE,RANGE_UPDATED,,"{'hi': 0.57639, 'lo': 0.57255, 'structure_id': 0, 'struct_direction': -1, 'timeframe': 'M15', 'use_case': 'subsequent_confluence', 'parent_tf': 'H1', 'parent_sid': 1, 'parent_cycle_id': 2, 'structure_path_id': 'H1.main >> M15.confluence', 'sub_sid': 1, 'started_by': 'subsequent_confluence', 'start_trigger_idx': 3819}"
4083,RANGE,RANGE_UPDATED,,"{'hi': 0.57645, 'lo': 0.57255, 'structure_id': 0, 'struct_direction': -1, 'timeframe': 'M15', 'use_case': 'subsequent_confluence', 'parent_tf': 'H1', 'parent_sid': 1, 'parent_cycle_id': 2, 'structure_path_id': 'H1.main >> M15.confluence', 'sub_sid': 1, 'started_by': 'subsequent_confluence', 'start_trigger_idx': 3819}"
4084,RANGE,RANGE_UPDATED,,"{'hi': 0.5766, 'lo': 0.57255, 'structure_id': 0, 'struct_direction': -1, 'timeframe': 'M15', 'use_case': 'subsequent_confluence', 'parent_tf': 'H1', 'parent_sid': 1, 'parent_cycle_id': 2, 'structure_path_id': 'H1.main >> M15.confluence', 'sub_sid': 1, 'started_by': 'subsequent_confluence', 'start_trigger_idx': 3819}"
4085,RANGE,RANGE_UPDATED,,"{'hi': 0.5767, 'lo': 0.57255, 'structure_id': 0, 'struct_direction': -1, 'timeframe': 'M15', 'use_case': 'subsequent_confluence', 'parent_tf': 'H1', 'parent_sid': 1, 'parent_cycle_id': 2, 'structure_path_id': 'H1.main >> M15.confluence', 'sub_sid': 1, 'started_by': 'subsequent_confluence', 'start_trigger_idx': 3819}"
4086,RANGE,RANGE_UPDATED,,"{'hi': 0.57674, 'lo': 0.57255, 'structure_id': 0, 'struct_direction': -1, 'timeframe': 'M15', 'use_case': 'subsequent_confluence', 'parent_tf': 'H1', 'parent_sid': 1, 'parent_cycle_id': 2, 'structure_path_id': 'H1.main >> M15.confluence', 'sub_sid': 1, 'started_by': 'subsequent_confluence', 'start_trigger_idx': 3819}"
4140,RANGE,RANGE_UPDATED,,"{'hi': 0.57682, 'lo': 0.57255, 'structure_id': 0, 'struct_direction': -1, 'timeframe': 'M15', 'use_case': 'subsequent_confluence', 'parent_tf': 'H1', 'parent_sid': 1, 'parent_cycle_id': 2, 'structure_path_id': 'H1.main >> M15.confluence', 'sub_sid': 1, 'started_by': 'subsequent_confluence', 'start_trigger_idx': 3819}"
4141,RANGE,RANGE_UPDATED,,"{'hi': 0.5773, 'lo': 0.57255, 'structure_id': 0, 'struct_direction': -1, 'timeframe': 'M15', 'use_case': 'subsequent_confluence', 'parent_tf': 'H1', 'parent_sid': 1, 'parent_cycle_id': 2, 'structure_path_id': 'H1.main >> M15.confluence', 'sub_sid': 1, 'started_by': 'subsequent_confluence', 'start_trigger_idx': 3819}"
4153,RANGE,RANGE_UPDATED,,"{'hi': 0.57738, 'lo': 0.57255, 'structure_id': 0, 'struct_direction': -1, 'timeframe': 'M15', 'use_case': 'subsequent_confluence', 'parent_tf': 'H1', 'parent_sid': 1, 'parent_cycle_id': 2, 'structure_path_id': 'H1.main >> M15.confluence', 'sub_sid': 1, 'started_by': 'subsequent_confluence', 'start_trigger_idx': 3819}"
4157,RANGE,RANGE_UPDATED,,"{'reason': 'pullback_expand', 'hi': 0.57769, 'lo': 0.57255, 'pat': 'one_maru_continuous', 'structure_id': 0, 'struct_direction': -1, 'timeframe': 'M15', 'use_case': 'subsequent_confluence', 'parent_tf': 'H1', 'parent_sid': 1, 'parent_cycle_id': 2, 'structure_path_id': 'H1.main >> M15.confluence', 'sub_sid': 1, 'started_by': 'subsequent_confluence', 'start_trigger_idx': 3819}"
4157,STRUCTURE,CTS_CONFIRMED,0.57255,"{'via': 'one_maru_continuous', 'cycle_id': 0, 'structure_id': 0, 'struct_direction': -1, 'confirmed_at': 4157, 'cts_anchor_idx': 4000, 'confirmation_method': 'pullback', 'timeframe': 'M15', 'use_case': 'subsequent_confluence', 'parent_tf': 'H1', 'parent_sid': 1, 'parent_cycle_id': 2, 'structure_path_id': 'H1.main >> M15.confluence', 'sub_sid': 1, 'started_by': 'subsequent_confluence', 'start_trigger_idx': 3819}"
4157,STATE,STATE_CHANGED,,"{'from': 'range', 'to': 'pullback', 'structure_id': 0, 'struct_direction': -1, 'reason': 'pullback_pattern', 'pat': 'one_maru_continuous', 'effective_idx': 447, 'timeframe': 'M15', 'use_case': 'subsequent_confluence', 'parent_tf': 'H1', 'parent_sid': 1, 'parent_cycle_id': 2, 'structure_path_id': 'H1.main >> M15.confluence', 'sub_sid': 1, 'started_by': 'subsequent_confluence', 'start_trigger_idx': 3819}"
4157,RANGE,RANGE_UPDATED,,"{'hi': 0.57798, 'lo': 0.57255, 'structure_id': 0, 'struct_direction': -1, 'timeframe': 'M15', 'use_case': 'subsequent_confluence', 'parent_tf': 'H1', 'parent_sid': 1, 'parent_cycle_id': 2, 'structure_path_id': 'H1.main >> M15.confluence', 'sub_sid': 1, 'started_by': 'subsequent_confluence', 'start_trigger_idx': 3819}"
4158,STATE,STATE_CHANGED,,"{'from': 'pullback', 'to': 'pullback_range', 'structure_id': 0, 'struct_direction': -1, 'reason': 'replay_no_expand_pullback_side', 'effective_idx': 448, 'timeframe': 'M15', 'use_case': 'subsequent_confluence', 'parent_tf': 'H1', 'parent_sid': 1, 'parent_cycle_id': 2, 'structure_path_id': 'H1.main >> M15.confluence', 'sub_sid': 1, 'started_by': 'subsequent_confluence', 'start_trigger_idx': 3819}"
4177,RANGE,RANGE_UPDATED,,"{'hi': 0.57802, 'lo': 0.57255, 'structure_id': 0, 'struct_direction': -1, 'timeframe': 'M15', 'use_case': 'subsequent_confluence', 'parent_tf': 'H1', 'parent_sid': 1, 'parent_cycle_id': 2, 'structure_path_id': 'H1.main >> M15.confluence', 'sub_sid': 1, 'started_by': 'subsequent_confluence', 'start_trigger_idx': 3819}"
4177,STATE,STATE_CHANGED,,"{'from': 'pullback_range', 'to': 'pullback', 'structure_id': 0, 'struct_direction': -1, 'reason': 'replay_expand_pullback_side', 'effective_idx': 467, 'timeframe': 'M15', 'use_case': 'subsequent_confluence', 'parent_tf': 'H1', 'parent_sid': 1, 'parent_cycle_id': 2, 'structure_path_id': 'H1.main >> M15.confluence', 'sub_sid': 1, 'started_by': 'subsequent_confluence', 'start_trigger_idx': 3819}"
4178,RANGE,RANGE_UPDATED,,"{'hi': 0.57826, 'lo': 0.57255, 'structure_id': 0, 'struct_direction': -1, 'timeframe': 'M15', 'use_case': 'subsequent_confluence', 'parent_tf': 'H1', 'parent_sid': 1, 'parent_cycle_id': 2, 'structure_path_id': 'H1.main >> M15.confluence', 'sub_sid': 1, 'started_by': 'subsequent_confluence', 'start_trigger_idx': 3819}"
4179,RANGE,RANGE_UPDATED,,"{'hi': 0.57856, 'lo': 0.57255, 'structure_id': 0, 'struct_direction': -1, 'timeframe': 'M15', 'use_case': 'subsequent_confluence', 'parent_tf': 'H1', 'parent_sid': 1, 'parent_cycle_id': 2, 'structure_path_id': 'H1.main >> M15.confluence', 'sub_sid': 1, 'started_by': 'subsequent_confluence', 'start_trigger_idx': 3819}"
4179,STRUCTURE,BOS_THRESHOLD_UPDATED,0.57856,"{'prev': 0.57827, 'reason': 'probe_no_break', 'cycle_id': 0, 'structure_id': 0, 'struct_direction': -1, 'timeframe': 'M15', 'use_case': 'subsequent_confluence', 'parent_tf': 'H1', 'parent_sid': 1, 'parent_cycle_id': 2, 'structure_path_id': 'H1.main >> M15.confluence', 'sub_sid': 1, 'started_by': 'subsequent_confluence', 'start_trigger_idx': 3819}"
4180,STATE,STATE_CHANGED,,"{'from': 'pullback', 'to': 'pullback_range', 'structure_id': 0, 'struct_direction': -1, 'reason': 'replay_no_expand_pullback_side', 'effective_idx': 470, 'timeframe': 'M15', 'use_case': 'subsequent_confluence', 'parent_tf': 'H1', 'parent_sid': 1, 'parent_cycle_id': 2, 'structure_path_id': 'H1.main >> M15.confluence', 'sub_sid': 1, 'started_by': 'subsequent_confluence', 'start_trigger_idx': 3819}"
4184,RANGE,RANGE_UPDATED,,"{'hi': 0.57858, 'lo': 0.57255, 'structure_id': 0, 'struct_direction': -1, 'timeframe': 'M15', 'use_case': 'subsequent_confluence', 'parent_tf': 'H1', 'parent_sid': 1, 'parent_cycle_id': 2, 'structure_path_id': 'H1.main >> M15.confluence', 'sub_sid': 1, 'started_by': 'subsequent_confluence', 'start_trigger_idx': 3819}"
4184,STATE,STATE_CHANGED,,"{'from': 'pullback_range', 'to': 'pullback', 'structure_id': 0, 'struct_direction': -1, 'reason': 'replay_expand_pullback_side', 'effective_idx': 474, 'timeframe': 'M15', 'use_case': 'subsequent_confluence', 'parent_tf': 'H1', 'parent_sid': 1, 'parent_cycle_id': 2, 'structure_path_id': 'H1.main >> M15.confluence', 'sub_sid': 1, 'started_by': 'subsequent_confluence', 'start_trigger_idx': 3819}"
4184,STRUCTURE,BOS_THRESHOLD_UPDATED,0.57858,"{'prev': 0.57856, 'reason': 'probe_no_break', 'cycle_id': 0, 'structure_id': 0, 'struct_direction': -1, 'timeframe': 'M15', 'use_case': 'subsequent_confluence', 'parent_tf': 'H1', 'parent_sid': 1, 'parent_cycle_id': 2, 'structure_path_id': 'H1.main >> M15.confluence', 'sub_sid': 1, 'started_by': 'subsequent_confluence', 'start_trigger_idx': 3819}"
4185,RANGE,RANGE_UPDATED,,"{'hi': 0.57872, 'lo': 0.57255, 'structure_id': 0, 'struct_direction': -1, 'timeframe': 'M15', 'use_case': 'subsequent_confluence', 'parent_tf': 'H1', 'parent_sid': 1, 'parent_cycle_id': 2, 'structure_path_id': 'H1.main >> M15.confluence', 'sub_sid': 1, 'started_by': 'subsequent_confluence', 'start_trigger_idx': 3819}"
4185,STRUCTURE,BOS_THRESHOLD_UPDATED,0.57872,"{'prev': 0.57858, 'reason': 'probe_no_break', 'cycle_id': 0, 'structure_id': 0, 'struct_direction': -1, 'timeframe': 'M15', 'use_case': 'subsequent_confluence', 'parent_tf': 'H1', 'parent_sid': 1, 'parent_cycle_id': 2, 'structure_path_id': 'H1.main >> M15.confluence', 'sub_sid': 1, 'started_by': 'subsequent_confluence', 'start_trigger_idx': 3819}"
4186,RANGE,RANGE_UPDATED,,"{'hi': 0.57873, 'lo': 0.57255, 'structure_id': 0, 'struct_direction': -1, 'timeframe': 'M15', 'use_case': 'subsequent_confluence', 'parent_tf': 'H1', 'parent_sid': 1, 'parent_cycle_id': 2, 'structure_path_id': 'H1.main >> M15.confluence', 'sub_sid': 1, 'started_by': 'subsequent_confluence', 'start_trigger_idx': 3819}"
4186,STRUCTURE,BOS_THRESHOLD_UPDATED,0.57873,"{'prev': 0.57872, 'reason': 'probe_no_break', 'cycle_id': 0, 'structure_id': 0, 'struct_direction': -1, 'timeframe': 'M15', 'use_case': 'subsequent_confluence', 'parent_tf': 'H1', 'parent_sid': 1, 'parent_cycle_id': 2, 'structure_path_id': 'H1.main >> M15.confluence', 'sub_sid': 1, 'started_by': 'subsequent_confluence', 'start_trigger_idx': 3819}"
4187,RANGE,RANGE_UPDATED,,"{'hi': 0.57874, 'lo': 0.57255, 'structure_id': 0, 'struct_direction': -1, 'timeframe': 'M15', 'use_case': 'subsequent_confluence', 'parent_tf': 'H1', 'parent_sid': 1, 'parent_cycle_id': 2, 'structure_path_id': 'H1.main >> M15.confluence', 'sub_sid': 1, 'started_by': 'subsequent_confluence', 'start_trigger_idx': 3819}"
4187,STRUCTURE,BOS_THRESHOLD_UPDATED,0.57874,"{'prev': 0.57873, 'reason': 'probe_no_break', 'cycle_id': 0, 'structure_id': 0, 'struct_direction': -1, 'timeframe': 'M15', 'use_case': 'subsequent_confluence', 'parent_tf': 'H1', 'parent_sid': 1, 'parent_cycle_id': 2, 'structure_path_id': 'H1.main >> M15.confluence', 'sub_sid': 1, 'started_by': 'subsequent_confluence', 'start_trigger_idx': 3819}"
4188,STATE,STATE_CHANGED,,"{'from': 'pullback', 'to': 'pullback_range', 'structure_id': 0, 'struct_direction': -1, 'reason': 'replay_no_expand_pullback_side', 'effective_idx': 478, 'timeframe': 'M15', 'use_case': 'subsequent_confluence', 'parent_tf': 'H1', 'parent_sid': 1, 'parent_cycle_id': 2, 'structure_path_id': 'H1.main >> M15.confluence', 'sub_sid': 1, 'started_by': 'subsequent_confluence', 'start_trigger_idx': 3819}"
4189,RANGE,RANGE_UPDATED,,"{'hi': 0.57895, 'lo': 0.57255, 'structure_id': 0, 'struct_direction': -1, 'timeframe': 'M15', 'use_case': 'subsequent_confluence', 'parent_tf': 'H1', 'parent_sid': 1, 'parent_cycle_id': 2, 'structure_path_id': 'H1.main >> M15.confluence', 'sub_sid': 1, 'started_by': 'subsequent_confluence', 'start_trigger_idx': 3819}"
4189,STATE,STATE_CHANGED,,"{'from': 'pullback_range', 'to': 'pullback', 'structure_id': 0, 'struct_direction': -1, 'reason': 'replay_expand_pullback_side', 'effective_idx': 479, 'timeframe': 'M15', 'use_case': 'subsequent_confluence', 'parent_tf': 'H1', 'parent_sid': 1, 'parent_cycle_id': 2, 'structure_path_id': 'H1.main >> M15.confluence', 'sub_sid': 1, 'started_by': 'subsequent_confluence', 'start_trigger_idx': 3819}"
4189,STRUCTURE,BOS_THRESHOLD_UPDATED,0.57895,"{'prev': 0.57874, 'reason': 'probe_no_break', 'cycle_id': 0, 'structure_id': 0, 'struct_direction': -1, 'timeframe': 'M15', 'use_case': 'subsequent_confluence', 'parent_tf': 'H1', 'parent_sid': 1, 'parent_cycle_id': 2, 'structure_path_id': 'H1.main >> M15.confluence', 'sub_sid': 1, 'started_by': 'subsequent_confluence', 'start_trigger_idx': 3819}"
4190,STATE,STATE_CHANGED,,"{'from': 'pullback', 'to': 'pullback_range', 'structure_id': 0, 'struct_direction': -1, 'reason': 'replay_no_expand_pullback_side', 'effective_idx': 480, 'timeframe': 'M15', 'use_case': 'subsequent_confluence', 'parent_tf': 'H1', 'parent_sid': 1, 'parent_cycle_id': 2, 'structure_path_id': 'H1.main >> M15.confluence', 'sub_sid': 1, 'started_by': 'subsequent_confluence', 'start_trigger_idx': 3819}"
4195,RANGE,RANGE_UPDATED,,"{'hi': 0.57898, 'lo': 0.57255, 'structure_id': 0, 'struct_direction': -1, 'timeframe': 'M15', 'use_case': 'subsequent_confluence', 'parent_tf': 'H1', 'parent_sid': 1, 'parent_cycle_id': 2, 'structure_path_id': 'H1.main >> M15.confluence', 'sub_sid': 1, 'started_by': 'subsequent_confluence', 'start_trigger_idx': 3819}"
4195,STATE,STATE_CHANGED,,"{'from': 'pullback_range', 'to': 'pullback', 'structure_id': 0, 'struct_direction': -1, 'reason': 'replay_expand_pullback_side', 'effective_idx': 485, 'timeframe': 'M15', 'use_case': 'subsequent_confluence', 'parent_tf': 'H1', 'parent_sid': 1, 'parent_cycle_id': 2, 'structure_path_id': 'H1.main >> M15.confluence', 'sub_sid': 1, 'started_by': 'subsequent_confluence', 'start_trigger_idx': 3819}"
4195,STRUCTURE,BOS_THRESHOLD_UPDATED,0.57898,"{'prev': 0.57895, 'reason': 'probe_no_break', 'cycle_id': 0, 'structure_id': 0, 'struct_direction': -1, 'timeframe': 'M15', 'use_case': 'subsequent_confluence', 'parent_tf': 'H1', 'parent_sid': 1, 'parent_cycle_id': 2, 'structure_path_id': 'H1.main >> M15.confluence', 'sub_sid': 1, 'started_by': 'subsequent_confluence', 'start_trigger_idx': 3819}"
4196,STRUCTURE,REVERSAL_WATCH_START,0.57898,"{'anchor_idx': 4196, 'bos_frozen': 0.57898, 'expires_idx': 491, 'structure_id': 0, 'struct_direction': -1, 'timeframe': 'M15', 'use_case': 'subsequent_confluence', 'parent_tf': 'H1', 'parent_sid': 1, 'parent_cycle_id': 2, 'structure_path_id': 'H1.main >> M15.confluence', 'sub_sid': 1, 'started_by': 'subsequent_confluence', 'start_trigger_idx': 3819}"
4196,STRUCTURE,REVERSAL_CANDIDATE,0.57898,"{'anchor_idx': 4196, 'apply_idx': 4200, 'pattern': '?', 'bos_frozen': 0.57898, 'expires_idx': 491, 'structure_id': 0, 'struct_direction': -1, 'timeframe': 'M15', 'use_case': 'subsequent_confluence', 'parent_tf': 'H1', 'parent_sid': 1, 'parent_cycle_id': 2, 'structure_path_id': 'H1.main >> M15.confluence', 'sub_sid': 1, 'started_by': 'subsequent_confluence', 'start_trigger_idx': 3819}"
4200,STATE,STATE_CHANGED,,"{'from': 'pullback', 'to': 'reversal', 'structure_id': 0, 'struct_direction': -1, 'reason': 'reversal_pattern', 'pat': 'one_maru_opposite', 'bos_frozen': 0.57898, 'effective_idx': 490, 'timeframe': 'M15', 'use_case': 'subsequent_confluence', 'parent_tf': 'H1', 'parent_sid': 1, 'parent_cycle_id': 2, 'structure_path_id': 'H1.main >> M15.confluence', 'sub_sid': 1, 'started_by': 'subsequent_confluence', 'start_trigger_idx': 3819}"
4200,RANGE,RANGE_UPDATED,,"{'hi': 0.57954, 'lo': 0.57255, 'structure_id': 0, 'struct_direction': -1, 'timeframe': 'M15', 'use_case': 'subsequent_confluence', 'parent_tf': 'H1', 'parent_sid': 1, 'parent_cycle_id': 2, 'structure_path_id': 'H1.main >> M15.confluence', 'sub_sid': 1, 'started_by': 'subsequent_confluence', 'start_trigger_idx': 3819}"
4031,STRUCTURE,CTS_ESTABLISHED,0.5744,"{'via': 'one_maru_opposite', 'anchor_idx': 4030, 'pattern_name': 'one_maru_opposite', 'confirmed_at': 4031, 'cycle_id': 0, 'structure_id': 0, 'struct_direction': 1, 'timeframe': 'M15', 'use_case': 'reversal', 'parent_tf': 'H1', 'parent_sid': 1, 'parent_cycle_id': 2, 'structure_path_id': 'H1.main >> M15.confluence', 'sub_sid': 2, 'started_by': 'reversal', 'start_trigger_idx': 4200}"
4027,STRUCTURE,BOS_CONFIRMED,0.57362,"{'source': 'initial_prior_extreme', 'confirmed_at': 4031, 'pb_start': None, 'cycle_id': 0, 'structure_id': 0, 'struct_direction': 1, 'timeframe': 'M15', 'use_case': 'reversal', 'parent_tf': 'H1', 'parent_sid': 1, 'parent_cycle_id': 2, 'structure_path_id': 'H1.main >> M15.confluence', 'sub_sid': 2, 'started_by': 'reversal', 'start_trigger_idx': 4200}"
4031,STATE,STATE_CHANGED,,"{'from': 'none', 'to': 'breakout', 'structure_id': 0, 'struct_direction': 1, 'reason': 'breakout_pattern', 'pat': 'one_maru_opposite', 'effective_idx': 54, 'timeframe': 'M15', 'use_case': 'reversal', 'parent_tf': 'H1', 'parent_sid': 1, 'parent_cycle_id': 2, 'structure_path_id': 'H1.main >> M15.confluence', 'sub_sid': 2, 'started_by': 'reversal', 'start_trigger_idx': 4200}"
4034,RANGE,RANGE_STARTED,,"{'start_idx': 54, 'confirm_idx': 57, 'hi': 0.5744, 'lo': 0.57422, 'cts_idx': 54, 'cts_price': 0.5744, 'structure_id': 0, 'struct_direction': 1, 'timeframe': 'M15', 'use_case': 'reversal', 'parent_tf': 'H1', 'parent_sid': 1, 'parent_cycle_id': 2, 'structure_path_id': 'H1.main >> M15.confluence', 'sub_sid': 2, 'started_by': 'reversal', 'start_trigger_idx': 4200}"
4034,STATE,STATE_CHANGED,,"{'from': 'breakout', 'to': 'range', 'structure_id': 0, 'struct_direction': 1, 'reason': 'range_confirmed', 'effective_idx': 54, 'timeframe': 'M15', 'use_case': 'reversal', 'parent_tf': 'H1', 'parent_sid': 1, 'parent_cycle_id': 2, 'structure_path_id': 'H1.main >> M15.confluence', 'sub_sid': 2, 'started_by': 'reversal', 'start_trigger_idx': 4200}"
4032,RANGE,RANGE_UPDATED,,"{'hi': 0.5744, 'lo': 0.57414, 'structure_id': 0, 'struct_direction': 1, 'timeframe': 'M15', 'use_case': 'reversal', 'parent_tf': 'H1', 'parent_sid': 1, 'parent_cycle_id': 2, 'structure_path_id': 'H1.main >> M15.confluence', 'sub_sid': 2, 'started_by': 'reversal', 'start_trigger_idx': 4200}"
4034,RANGE,RANGE_UPDATED,,"{'hi': 0.57444, 'lo': 0.57414, 'structure_id': 0, 'struct_direction': 1, 'timeframe': 'M15', 'use_case': 'reversal', 'parent_tf': 'H1', 'parent_sid': 1, 'parent_cycle_id': 2, 'structure_path_id': 'H1.main >> M15.confluence', 'sub_sid': 2, 'started_by': 'reversal', 'start_trigger_idx': 4200}"
4034,STRUCTURE,CTS_UPDATED,0.57444,"{'via': 'replay_raw', 'cycle_id': 0, 'structure_id': 0, 'struct_direction': 1, 'timeframe': 'M15', 'use_case': 'reversal', 'parent_tf': 'H1', 'parent_sid': 1, 'parent_cycle_id': 2, 'structure_path_id': 'H1.main >> M15.confluence', 'sub_sid': 2, 'started_by': 'reversal', 'start_trigger_idx': 4200}"
4035,RANGE,RANGE_UPDATED,,"{'hi': 0.57444, 'lo': 0.57395, 'structure_id': 0, 'struct_direction': 1, 'timeframe': 'M15', 'use_case': 'reversal', 'parent_tf': 'H1', 'parent_sid': 1, 'parent_cycle_id': 2, 'structure_path_id': 'H1.main >> M15.confluence', 'sub_sid': 2, 'started_by': 'reversal', 'start_trigger_idx': 4200}"
4038,RANGE,RANGE_UPDATED,,"{'hi': 0.57445, 'lo': 0.57395, 'structure_id': 0, 'struct_direction': 1, 'timeframe': 'M15', 'use_case': 'reversal', 'parent_tf': 'H1', 'parent_sid': 1, 'parent_cycle_id': 2, 'structure_path_id': 'H1.main >> M15.confluence', 'sub_sid': 2, 'started_by': 'reversal', 'start_trigger_idx': 4200}"
4038,STRUCTURE,CTS_UPDATED,0.57445,"{'via': 'replay_raw', 'cycle_id': 0, 'structure_id': 0, 'struct_direction': 1, 'timeframe': 'M15', 'use_case': 'reversal', 'parent_tf': 'H1', 'parent_sid': 1, 'parent_cycle_id': 2, 'structure_path_id': 'H1.main >> M15.confluence', 'sub_sid': 2, 'started_by': 'reversal', 'start_trigger_idx': 4200}"
4039,RANGE,RANGE_UPDATED,,"{'hi': 0.57448, 'lo': 0.57395, 'structure_id': 0, 'struct_direction': 1, 'timeframe': 'M15', 'use_case': 'reversal', 'parent_tf': 'H1', 'parent_sid': 1, 'parent_cycle_id': 2, 'structure_path_id': 'H1.main >> M15.confluence', 'sub_sid': 2, 'started_by': 'reversal', 'start_trigger_idx': 4200}"
4039,STRUCTURE,CTS_UPDATED,0.57448,"{'via': 'replay_raw', 'cycle_id': 0, 'structure_id': 0, 'struct_direction': 1, 'timeframe': 'M15', 'use_case': 'reversal', 'parent_tf': 'H1', 'parent_sid': 1, 'parent_cycle_id': 2, 'structure_path_id': 'H1.main >> M15.confluence', 'sub_sid': 2, 'started_by': 'reversal', 'start_trigger_idx': 4200}"
4040,RANGE,RANGE_UPDATED,,"{'hi': 0.57462, 'lo': 0.57395, 'structure_id': 0, 'struct_direction': 1, 'timeframe': 'M15', 'use_case': 'reversal', 'parent_tf': 'H1', 'parent_sid': 1, 'parent_cycle_id': 2, 'structure_path_id': 'H1.main >> M15.confluence', 'sub_sid': 2, 'started_by': 'reversal', 'start_trigger_idx': 4200}"
4040,STRUCTURE,CTS_UPDATED,0.57462,"{'via': 'replay_raw', 'cycle_id': 0, 'structure_id': 0, 'struct_direction': 1, 'timeframe': 'M15', 'use_case': 'reversal', 'parent_tf': 'H1', 'parent_sid': 1, 'parent_cycle_id': 2, 'structure_path_id': 'H1.main >> M15.confluence', 'sub_sid': 2, 'started_by': 'reversal', 'start_trigger_idx': 4200}"
4041,RANGE,RANGE_UPDATED,,"{'hi': 0.57466, 'lo': 0.57395, 'structure_id': 0, 'struct_direction': 1, 'timeframe': 'M15', 'use_case': 'reversal', 'parent_tf': 'H1', 'parent_sid': 1, 'parent_cycle_id': 2, 'structure_path_id': 'H1.main >> M15.confluence', 'sub_sid': 2, 'started_by': 'reversal', 'start_trigger_idx': 4200}"
4041,STRUCTURE,CTS_UPDATED,0.57466,"{'via': 'replay_raw', 'cycle_id': 0, 'structure_id': 0, 'struct_direction': 1, 'timeframe': 'M15', 'use_case': 'reversal', 'parent_tf': 'H1', 'parent_sid': 1, 'parent_cycle_id': 2, 'structure_path_id': 'H1.main >> M15.confluence', 'sub_sid': 2, 'started_by': 'reversal', 'start_trigger_idx': 4200}"
4042,RANGE,RANGE_UPDATED,,"{'hi': 0.57476, 'lo': 0.57395, 'structure_id': 0, 'struct_direction': 1, 'timeframe': 'M15', 'use_case': 'reversal', 'parent_tf': 'H1', 'parent_sid': 1, 'parent_cycle_id': 2, 'structure_path_id': 'H1.main >> M15.confluence', 'sub_sid': 2, 'started_by': 'reversal', 'start_trigger_idx': 4200}"
4042,STRUCTURE,CTS_UPDATED,0.57476,"{'via': 'replay_raw', 'cycle_id': 0, 'structure_id': 0, 'struct_direction': 1, 'timeframe': 'M15', 'use_case': 'reversal', 'parent_tf': 'H1', 'parent_sid': 1, 'parent_cycle_id': 2, 'structure_path_id': 'H1.main >> M15.confluence', 'sub_sid': 2, 'started_by': 'reversal', 'start_trigger_idx': 4200}"
4044,RANGE,RANGE_UPDATED,,"{'hi': 0.57479, 'lo': 0.57395, 'structure_id': 0, 'struct_direction': 1, 'timeframe': 'M15', 'use_case': 'reversal', 'parent_tf': 'H1', 'parent_sid': 1, 'parent_cycle_id': 2, 'structure_path_id': 'H1.main >> M15.confluence', 'sub_sid': 2, 'started_by': 'reversal', 'start_trigger_idx': 4200}"
4044,STRUCTURE,CTS_UPDATED,0.57479,"{'via': 'replay_raw', 'cycle_id': 0, 'structure_id': 0, 'struct_direction': 1, 'timeframe': 'M15', 'use_case': 'reversal', 'parent_tf': 'H1', 'parent_sid': 1, 'parent_cycle_id': 2, 'structure_path_id': 'H1.main >> M15.confluence', 'sub_sid': 2, 'started_by': 'reversal', 'start_trigger_idx': 4200}"
4045,RANGE,RANGE_UPDATED,,"{'hi': 0.57499, 'lo': 0.57395, 'structure_id': 0, 'struct_direction': 1, 'timeframe': 'M15', 'use_case': 'reversal', 'parent_tf': 'H1', 'parent_sid': 1, 'parent_cycle_id': 2, 'structure_path_id': 'H1.main >> M15.confluence', 'sub_sid': 2, 'started_by': 'reversal', 'start_trigger_idx': 4200}"
4045,STRUCTURE,CTS_UPDATED,0.57499,"{'via': 'replay_raw', 'cycle_id': 0, 'structure_id': 0, 'struct_direction': 1, 'timeframe': 'M15', 'use_case': 'reversal', 'parent_tf': 'H1', 'parent_sid': 1, 'parent_cycle_id': 2, 'structure_path_id': 'H1.main >> M15.confluence', 'sub_sid': 2, 'started_by': 'reversal', 'start_trigger_idx': 4200}"
4046,RANGE,RANGE_UPDATED,,"{'hi': 0.57507, 'lo': 0.57395, 'structure_id': 0, 'struct_direction': 1, 'timeframe': 'M15', 'use_case': 'reversal', 'parent_tf': 'H1', 'parent_sid': 1, 'parent_cycle_id': 2, 'structure_path_id': 'H1.main >> M15.confluence', 'sub_sid': 2, 'started_by': 'reversal', 'start_trigger_idx': 4200}"
4046,STRUCTURE,CTS_UPDATED,0.57507,"{'via': 'replay_raw', 'cycle_id': 0, 'structure_id': 0, 'struct_direction': 1, 'timeframe': 'M15', 'use_case': 'reversal', 'parent_tf': 'H1', 'parent_sid': 1, 'parent_cycle_id': 2, 'structure_path_id': 'H1.main >> M15.confluence', 'sub_sid': 2, 'started_by': 'reversal', 'start_trigger_idx': 4200}"
4050,RANGE,RANGE_UPDATED,,"{'hi': 0.57522, 'lo': 0.57395, 'structure_id': 0, 'struct_direction': 1, 'timeframe': 'M15', 'use_case': 'reversal', 'parent_tf': 'H1', 'parent_sid': 1, 'parent_cycle_id': 2, 'structure_path_id': 'H1.main >> M15.confluence', 'sub_sid': 2, 'started_by': 'reversal', 'start_trigger_idx': 4200}"
4050,STRUCTURE,CTS_UPDATED,0.57522,"{'via': 'replay_raw', 'cycle_id': 0, 'structure_id': 0, 'struct_direction': 1, 'timeframe': 'M15', 'use_case': 'reversal', 'parent_tf': 'H1', 'parent_sid': 1, 'parent_cycle_id': 2, 'structure_path_id': 'H1.main >> M15.confluence', 'sub_sid': 2, 'started_by': 'reversal', 'start_trigger_idx': 4200}"
4053,STRUCTURE,CTS_UPDATED,0.57548,"{'via': 'replay_raw', 'cycle_id': 0, 'structure_id': 0, 'struct_direction': 1, 'timeframe': 'M15', 'use_case': 'reversal', 'parent_tf': 'H1', 'parent_sid': 1, 'parent_cycle_id': 2, 'structure_path_id': 'H1.main >> M15.confluence', 'sub_sid': 2, 'started_by': 'reversal', 'start_trigger_idx': 4200}"
4054,RANGE,RANGE_RESET,,"{'reason': 'range_breakout', 'pat': 'one_maru_continuous', 'structure_id': 0, 'struct_direction': 1, 'timeframe': 'M15', 'use_case': 'reversal', 'parent_tf': 'H1', 'parent_sid': 1, 'parent_cycle_id': 2, 'structure_path_id': 'H1.main >> M15.confluence', 'sub_sid': 2, 'started_by': 'reversal', 'start_trigger_idx': 4200}"
4054,STRUCTURE,CTS_UPDATED,0.57581,"{'via': 'one_maru_continuous', 'cycle_id': 0, 'structure_id': 0, 'struct_direction': 1, 'timeframe': 'M15', 'use_case': 'reversal', 'parent_tf': 'H1', 'parent_sid': 1, 'parent_cycle_id': 2, 'structure_path_id': 'H1.main >> M15.confluence', 'sub_sid': 2, 'started_by': 'reversal', 'start_trigger_idx': 4200}"
4054,STATE,STATE_CHANGED,,"{'from': 'range', 'to': 'breakout', 'structure_id': 0, 'struct_direction': 1, 'reason': 'breakout_pattern', 'pat': 'one_maru_continuous', 'effective_idx': 77, 'timeframe': 'M15', 'use_case': 'reversal', 'parent_tf': 'H1', 'parent_sid': 1, 'parent_cycle_id': 2, 'structure_path_id': 'H1.main >> M15.confluence', 'sub_sid': 2, 'started_by': 'reversal', 'start_trigger_idx': 4200}"
4057,RANGE,RANGE_STARTED,,"{'start_idx': 78, 'confirm_idx': 80, 'hi': 0.57581, 'lo': 0.57556, 'cts_idx': 77, 'cts_price': 0.57581, 'structure_id': 0, 'struct_direction': 1, 'timeframe': 'M15', 'use_case': 'reversal', 'parent_tf': 'H1', 'parent_sid': 1, 'parent_cycle_id': 2, 'structure_path_id': 'H1.main >> M15.confluence', 'sub_sid': 2, 'started_by': 'reversal', 'start_trigger_idx': 4200}"
4057,STATE,STATE_CHANGED,,"{'from': 'breakout', 'to': 'range', 'structure_id': 0, 'struct_direction': 1, 'reason': 'range_confirmed', 'effective_idx': 78, 'timeframe': 'M15', 'use_case': 'reversal', 'parent_tf': 'H1', 'parent_sid': 1, 'parent_cycle_id': 2, 'structure_path_id': 'H1.main >> M15.confluence', 'sub_sid': 2, 'started_by': 'reversal', 'start_trigger_idx': 4200}"
4058,RANGE,RANGE_UPDATED,,"{'hi': 0.57585, 'lo': 0.57556, 'structure_id': 0, 'struct_direction': 1, 'timeframe': 'M15', 'use_case': 'reversal', 'parent_tf': 'H1', 'parent_sid': 1, 'parent_cycle_id': 2, 'structure_path_id': 'H1.main >> M15.confluence', 'sub_sid': 2, 'started_by': 'reversal', 'start_trigger_idx': 4200}"
4058,STRUCTURE,CTS_UPDATED,0.57585,"{'via': 'replay_raw', 'cycle_id': 0, 'structure_id': 0, 'struct_direction': 1, 'timeframe': 'M15', 'use_case': 'reversal', 'parent_tf': 'H1', 'parent_sid': 1, 'parent_cycle_id': 2, 'structure_path_id': 'H1.main >> M15.confluence', 'sub_sid': 2, 'started_by': 'reversal', 'start_trigger_idx': 4200}"
4061,RANGE,RANGE_UPDATED,,"{'hi': 0.57585, 'lo': 0.57552, 'structure_id': 0, 'struct_direction': 1, 'timeframe': 'M15', 'use_case': 'reversal', 'parent_tf': 'H1', 'parent_sid': 1, 'parent_cycle_id': 2, 'structure_path_id': 'H1.main >> M15.confluence', 'sub_sid': 2, 'started_by': 'reversal', 'start_trigger_idx': 4200}"
4063,RANGE,RANGE_UPDATED,,"{'hi': 0.57585, 'lo': 0.57536, 'structure_id': 0, 'struct_direction': 1, 'timeframe': 'M15', 'use_case': 'reversal', 'parent_tf': 'H1', 'parent_sid': 1, 'parent_cycle_id': 2, 'structure_path_id': 'H1.main >> M15.confluence', 'sub_sid': 2, 'started_by': 'reversal', 'start_trigger_idx': 4200}"
4065,RANGE,RANGE_UPDATED,,"{'hi': 0.57585, 'lo': 0.57533, 'structure_id': 0, 'struct_direction': 1, 'timeframe': 'M15', 'use_case': 'reversal', 'parent_tf': 'H1', 'parent_sid': 1, 'parent_cycle_id': 2, 'structure_path_id': 'H1.main >> M15.confluence', 'sub_sid': 2, 'started_by': 'reversal', 'start_trigger_idx': 4200}"
4066,RANGE,RANGE_UPDATED,,"{'hi': 0.57585, 'lo': 0.57516, 'structure_id': 0, 'struct_direction': 1, 'timeframe': 'M15', 'use_case': 'reversal', 'parent_tf': 'H1', 'parent_sid': 1, 'parent_cycle_id': 2, 'structure_path_id': 'H1.main >> M15.confluence', 'sub_sid': 2, 'started_by': 'reversal', 'start_trigger_idx': 4200}"
4070,RANGE,RANGE_UPDATED,,"{'hi': 0.57589, 'lo': 0.57516, 'structure_id': 0, 'struct_direction': 1, 'timeframe': 'M15', 'use_case': 'reversal', 'parent_tf': 'H1', 'parent_sid': 1, 'parent_cycle_id': 2, 'structure_path_id': 'H1.main >> M15.confluence', 'sub_sid': 2, 'started_by': 'reversal', 'start_trigger_idx': 4200}"
4070,STRUCTURE,CTS_UPDATED,0.57589,"{'via': 'replay_raw', 'cycle_id': 0, 'structure_id': 0, 'struct_direction': 1, 'timeframe': 'M15', 'use_case': 'reversal', 'parent_tf': 'H1', 'parent_sid': 1, 'parent_cycle_id': 2, 'structure_path_id': 'H1.main >> M15.confluence', 'sub_sid': 2, 'started_by': 'reversal', 'start_trigger_idx': 4200}"
4071,RANGE,RANGE_UPDATED,,"{'hi': 0.57638, 'lo': 0.57516, 'structure_id': 0, 'struct_direction': 1, 'timeframe': 'M15', 'use_case': 'reversal', 'parent_tf': 'H1', 'parent_sid': 1, 'parent_cycle_id': 2, 'structure_path_id': 'H1.main >> M15.confluence', 'sub_sid': 2, 'started_by': 'reversal', 'start_trigger_idx': 4200}"
4071,STRUCTURE,CTS_UPDATED,0.57638,"{'via': 'replay_raw', 'cycle_id': 0, 'structure_id': 0, 'struct_direction': 1, 'timeframe': 'M15', 'use_case': 'reversal', 'parent_tf': 'H1', 'parent_sid': 1, 'parent_cycle_id': 2, 'structure_path_id': 'H1.main >> M15.confluence', 'sub_sid': 2, 'started_by': 'reversal', 'start_trigger_idx': 4200}"
4082,RANGE,RANGE_UPDATED,,"{'hi': 0.57639, 'lo': 0.57516, 'structure_id': 0, 'struct_direction': 1, 'timeframe': 'M15', 'use_case': 'reversal', 'parent_tf': 'H1', 'parent_sid': 1, 'parent_cycle_id': 2, 'structure_path_id': 'H1.main >> M15.confluence', 'sub_sid': 2, 'started_by': 'reversal', 'start_trigger_idx': 4200}"
4082,STRUCTURE,CTS_UPDATED,0.57639,"{'via': 'replay_raw', 'cycle_id': 0, 'structure_id': 0, 'struct_direction': 1, 'timeframe': 'M15', 'use_case': 'reversal', 'parent_tf': 'H1', 'parent_sid': 1, 'parent_cycle_id': 2, 'structure_path_id': 'H1.main >> M15.confluence', 'sub_sid': 2, 'started_by': 'reversal', 'start_trigger_idx': 4200}"
4083,RANGE,RANGE_UPDATED,,"{'hi': 0.57645, 'lo': 0.57516, 'structure_id': 0, 'struct_direction': 1, 'timeframe': 'M15', 'use_case': 'reversal', 'parent_tf': 'H1', 'parent_sid': 1, 'parent_cycle_id': 2, 'structure_path_id': 'H1.main >> M15.confluence', 'sub_sid': 2, 'started_by': 'reversal', 'start_trigger_idx': 4200}"
4083,STRUCTURE,CTS_UPDATED,0.57645,"{'via': 'replay_raw', 'cycle_id': 0, 'structure_id': 0, 'struct_direction': 1, 'timeframe': 'M15', 'use_case': 'reversal', 'parent_tf': 'H1', 'parent_sid': 1, 'parent_cycle_id': 2, 'structure_path_id': 'H1.main >> M15.confluence', 'sub_sid': 2, 'started_by': 'reversal', 'start_trigger_idx': 4200}"
4084,RANGE,RANGE_UPDATED,,"{'hi': 0.5766, 'lo': 0.57516, 'structure_id': 0, 'struct_direction': 1, 'timeframe': 'M15', 'use_case': 'reversal', 'parent_tf': 'H1', 'parent_sid': 1, 'parent_cycle_id': 2, 'structure_path_id': 'H1.main >> M15.confluence', 'sub_sid': 2, 'started_by': 'reversal', 'start_trigger_idx': 4200}"
4084,STRUCTURE,CTS_UPDATED,0.5766,"{'via': 'replay_raw', 'cycle_id': 0, 'structure_id': 0, 'struct_direction': 1, 'timeframe': 'M15', 'use_case': 'reversal', 'parent_tf': 'H1', 'parent_sid': 1, 'parent_cycle_id': 2, 'structure_path_id': 'H1.main >> M15.confluence', 'sub_sid': 2, 'started_by': 'reversal', 'start_trigger_idx': 4200}"
4085,RANGE,RANGE_UPDATED,,"{'hi': 0.5767, 'lo': 0.57516, 'structure_id': 0, 'struct_direction': 1, 'timeframe': 'M15', 'use_case': 'reversal', 'parent_tf': 'H1', 'parent_sid': 1, 'parent_cycle_id': 2, 'structure_path_id': 'H1.main >> M15.confluence', 'sub_sid': 2, 'started_by': 'reversal', 'start_trigger_idx': 4200}"
4085,STRUCTURE,CTS_UPDATED,0.5767,"{'via': 'replay_raw', 'cycle_id': 0, 'structure_id': 0, 'struct_direction': 1, 'timeframe': 'M15', 'use_case': 'reversal', 'parent_tf': 'H1', 'parent_sid': 1, 'parent_cycle_id': 2, 'structure_path_id': 'H1.main >> M15.confluence', 'sub_sid': 2, 'started_by': 'reversal', 'start_trigger_idx': 4200}"
4086,RANGE,RANGE_UPDATED,,"{'hi': 0.57674, 'lo': 0.57516, 'structure_id': 0, 'struct_direction': 1, 'timeframe': 'M15', 'use_case': 'reversal', 'parent_tf': 'H1', 'parent_sid': 1, 'parent_cycle_id': 2, 'structure_path_id': 'H1.main >> M15.confluence', 'sub_sid': 2, 'started_by': 'reversal', 'start_trigger_idx': 4200}"
4086,STRUCTURE,CTS_UPDATED,0.57674,"{'via': 'replay_raw', 'cycle_id': 0, 'structure_id': 0, 'struct_direction': 1, 'timeframe': 'M15', 'use_case': 'reversal', 'parent_tf': 'H1', 'parent_sid': 1, 'parent_cycle_id': 2, 'structure_path_id': 'H1.main >> M15.confluence', 'sub_sid': 2, 'started_by': 'reversal', 'start_trigger_idx': 4200}"
4098,RANGE,RANGE_UPDATED,,"{'hi': 0.57674, 'lo': 0.57514, 'structure_id': 0, 'struct_direction': 1, 'timeframe': 'M15', 'use_case': 'reversal', 'parent_tf': 'H1', 'parent_sid': 1, 'parent_cycle_id': 2, 'structure_path_id': 'H1.main >> M15.confluence', 'sub_sid': 2, 'started_by': 'reversal', 'start_trigger_idx': 4200}"
4103,RANGE,RANGE_UPDATED,,"{'reason': 'pullback_expand', 'hi': 0.57674, 'lo': 0.5742, 'pat': 'one_maru_opposite', 'structure_id': 0, 'struct_direction': 1, 'timeframe': 'M15', 'use_case': 'reversal', 'parent_tf': 'H1', 'parent_sid': 1, 'parent_cycle_id': 2, 'structure_path_id': 'H1.main >> M15.confluence', 'sub_sid': 2, 'started_by': 'reversal', 'start_trigger_idx': 4200}"
4103,STRUCTURE,CTS_CONFIRMED,0.57674,"{'via': 'one_maru_opposite', 'cycle_id': 0, 'structure_id': 0, 'struct_direction': 1, 'confirmed_at': 4103, 'cts_anchor_idx': 4086, 'confirmation_method': 'pullback', 'timeframe': 'M15', 'use_case': 'reversal', 'parent_tf': 'H1', 'parent_sid': 1, 'parent_cycle_id': 2, 'structure_path_id': 'H1.main >> M15.confluence', 'sub_sid': 2, 'started_by': 'reversal', 'start_trigger_idx': 4200}"
4103,STATE,STATE_CHANGED,,"{'from': 'range', 'to': 'pullback', 'structure_id': 0, 'struct_direction': 1, 'reason': 'pullback_pattern', 'pat': 'one_maru_opposite', 'effective_idx': 126, 'timeframe': 'M15', 'use_case': 'reversal', 'parent_tf': 'H1', 'parent_sid': 1, 'parent_cycle_id': 2, 'structure_path_id': 'H1.main >> M15.confluence', 'sub_sid': 2, 'started_by': 'reversal', 'start_trigger_idx': 4200}"
4104,STATE,STATE_CHANGED,,"{'from': 'pullback', 'to': 'pullback_range', 'structure_id': 0, 'struct_direction': 1, 'reason': 'replay_no_expand_pullback_side', 'effective_idx': 127, 'timeframe': 'M15', 'use_case': 'reversal', 'parent_tf': 'H1', 'parent_sid': 1, 'parent_cycle_id': 2, 'structure_path_id': 'H1.main >> M15.confluence', 'sub_sid': 2, 'started_by': 'reversal', 'start_trigger_idx': 4200}"
4129,RANGE,RANGE_UPDATED,,"{'hi': 0.57674, 'lo': 0.57413, 'structure_id': 0, 'struct_direction': 1, 'timeframe': 'M15', 'use_case': 'reversal', 'parent_tf': 'H1', 'parent_sid': 1, 'parent_cycle_id': 2, 'structure_path_id': 'H1.main >> M15.confluence', 'sub_sid': 2, 'started_by': 'reversal', 'start_trigger_idx': 4200}"
4129,STATE,STATE_CHANGED,,"{'from': 'pullback_range', 'to': 'pullback', 'structure_id': 0, 'struct_direction': 1, 'reason': 'replay_expand_pullback_side', 'effective_idx': 152, 'timeframe': 'M15', 'use_case': 'reversal', 'parent_tf': 'H1', 'parent_sid': 1, 'parent_cycle_id': 2, 'structure_path_id': 'H1.main >> M15.confluence', 'sub_sid': 2, 'started_by': 'reversal', 'start_trigger_idx': 4200}"
4130,STATE,STATE_CHANGED,,"{'from': 'pullback', 'to': 'pullback_range', 'structure_id': 0, 'struct_direction': 1, 'reason': 'replay_no_expand_pullback_side', 'effective_idx': 153, 'timeframe': 'M15', 'use_case': 'reversal', 'parent_tf': 'H1', 'parent_sid': 1, 'parent_cycle_id': 2, 'structure_path_id': 'H1.main >> M15.confluence', 'sub_sid': 2, 'started_by': 'reversal', 'start_trigger_idx': 4200}"
4140,RANGE,RANGE_UPDATED,,"{'hi': 0.57682, 'lo': 0.57413, 'structure_id': 0, 'struct_direction': 1, 'timeframe': 'M15', 'use_case': 'reversal', 'parent_tf': 'H1', 'parent_sid': 1, 'parent_cycle_id': 2, 'structure_path_id': 'H1.main >> M15.confluence', 'sub_sid': 2, 'started_by': 'reversal', 'start_trigger_idx': 4200}"
4140,STRUCTURE,CTS_THRESHOLD_UPDATED,0.57682,"{'prev': 0.57674, 'reason': 'range_sync', 'cycle_id': 0, 'structure_id': 0, 'struct_direction': 1, 'timeframe': 'M15', 'use_case': 'reversal', 'parent_tf': 'H1', 'parent_sid': 1, 'parent_cycle_id': 2, 'structure_path_id': 'H1.main >> M15.confluence', 'sub_sid': 2, 'started_by': 'reversal', 'start_trigger_idx': 4200}"
4141,RANGE,RANGE_UPDATED,,"{'hi': 0.5773, 'lo': 0.57413, 'structure_id': 0, 'struct_direction': 1, 'timeframe': 'M15', 'use_case': 'reversal', 'parent_tf': 'H1', 'parent_sid': 1, 'parent_cycle_id': 2, 'structure_path_id': 'H1.main >> M15.confluence', 'sub_sid': 2, 'started_by': 'reversal', 'start_trigger_idx': 4200}"
4141,STRUCTURE,CTS_THRESHOLD_UPDATED,0.5773,"{'prev': 0.57682, 'reason': 'range_sync', 'cycle_id': 0, 'structure_id': 0, 'struct_direction': 1, 'timeframe': 'M15', 'use_case': 'reversal', 'parent_tf': 'H1', 'parent_sid': 1, 'parent_cycle_id': 2, 'structure_path_id': 'H1.main >> M15.confluence', 'sub_sid': 2, 'started_by': 'reversal', 'start_trigger_idx': 4200}"
4153,RANGE,RANGE_UPDATED,,"{'hi': 0.57738, 'lo': 0.57413, 'structure_id': 0, 'struct_direction': 1, 'timeframe': 'M15', 'use_case': 'reversal', 'parent_tf': 'H1', 'parent_sid': 1, 'parent_cycle_id': 2, 'structure_path_id': 'H1.main >> M15.confluence', 'sub_sid': 2, 'started_by': 'reversal', 'start_trigger_idx': 4200}"
4153,STRUCTURE,CTS_THRESHOLD_UPDATED,0.57738,"{'prev': 0.5773, 'reason': 'range_sync', 'cycle_id': 0, 'structure_id': 0, 'struct_direction': 1, 'timeframe': 'M15', 'use_case': 'reversal', 'parent_tf': 'H1', 'parent_sid': 1, 'parent_cycle_id': 2, 'structure_path_id': 'H1.main >> M15.confluence', 'sub_sid': 2, 'started_by': 'reversal', 'start_trigger_idx': 4200}"
4157,RANGE,RANGE_RESET,,"{'reason': 'range_breakout', 'pat': 'one_maru_continuous', 'structure_id': 0, 'struct_direction': 1, 'timeframe': 'M15', 'use_case': 'reversal', 'parent_tf': 'H1', 'parent_sid': 1, 'parent_cycle_id': 2, 'structure_path_id': 'H1.main >> M15.confluence', 'sub_sid': 2, 'started_by': 'reversal', 'start_trigger_idx': 4200}"
4157,STRUCTURE,CTS_ESTABLISHED,0.57798,"{'via': 'one_maru_continuous', 'anchor_idx': 4154, 'pattern_name': 'one_maru_continuous', 'confirmed_at': 4157, 'cycle_id': 1, 'structure_id': 0, 'struct_direction': 1, 'timeframe': 'M15', 'use_case': 'reversal', 'parent_tf': 'H1', 'parent_sid': 1, 'parent_cycle_id': 2, 'structure_path_id': 'H1.main >> M15.confluence', 'sub_sid': 2, 'started_by': 'reversal', 'start_trigger_idx': 4200}"
4129,STRUCTURE,BOS_CONFIRMED,0.57413,"{'source': 'pullback_extreme', 'confirmed_at': 4157, 'pb_start': 126, 'cycle_id': 1, 'structure_id': 0, 'struct_direction': 1, 'timeframe': 'M15', 'use_case': 'reversal', 'parent_tf': 'H1', 'parent_sid': 1, 'parent_cycle_id': 2, 'structure_path_id': 'H1.main >> M15.confluence', 'sub_sid': 2, 'started_by': 'reversal', 'start_trigger_idx': 4200}"
4157,STATE,STATE_CHANGED,,"{'from': 'pullback_range', 'to': 'breakout', 'structure_id': 0, 'struct_direction': 1, 'reason': 'breakout_pattern', 'pat': 'one_maru_continuous', 'effective_idx': 180, 'timeframe': 'M15', 'use_case': 'reversal', 'parent_tf': 'H1', 'parent_sid': 1, 'parent_cycle_id': 2, 'structure_path_id': 'H1.main >> M15.confluence', 'sub_sid': 2, 'started_by': 'reversal', 'start_trigger_idx': 4200}"
4159,RANGE,RANGE_STARTED,,"{'reason': 'pullback_created_range', 'cts_idx': 180, 'cts_price': 0.57798, 'pullback_apply_idx': 182, 'hi': 0.57798, 'lo': 0.57741, 'pat': 'one_maru_continuous', 'structure_id': 0, 'struct_direction': 1, 'timeframe': 'M15', 'use_case': 'reversal', 'parent_tf': 'H1', 'parent_sid': 1, 'parent_cycle_id': 2, 'structure_path_id': 'H1.main >> M15.confluence', 'sub_sid': 2, 'started_by': 'reversal', 'start_trigger_idx': 4200}"
4159,STRUCTURE,CTS_CONFIRMED,0.57798,"{'via': 'one_maru_continuous', 'cycle_id': 1, 'structure_id': 0, 'struct_direction': 1, 'confirmed_at': 4159, 'cts_anchor_idx': 4157, 'confirmation_method': 'pullback', 'timeframe': 'M15', 'use_case': 'reversal', 'parent_tf': 'H1', 'parent_sid': 1, 'parent_cycle_id': 2, 'structure_path_id': 'H1.main >> M15.confluence', 'sub_sid': 2, 'started_by': 'reversal', 'start_trigger_idx': 4200}"
4159,STATE,STATE_CHANGED,,"{'from': 'breakout', 'to': 'pullback', 'structure_id': 0, 'struct_direction': 1, 'reason': 'pullback_pattern', 'pat': 'one_maru_continuous', 'effective_idx': 182, 'timeframe': 'M15', 'use_case': 'reversal', 'parent_tf': 'H1', 'parent_sid': 1, 'parent_cycle_id': 2, 'structure_path_id': 'H1.main >> M15.confluence', 'sub_sid': 2, 'started_by': 'reversal', 'start_trigger_idx': 4200}"
4160,RANGE,RANGE_UPDATED,,"{'hi': 0.57798, 'lo': 0.57739, 'structure_id': 0, 'struct_direction': 1, 'timeframe': 'M15', 'use_case': 'reversal', 'parent_tf': 'H1', 'parent_sid': 1, 'parent_cycle_id': 2, 'structure_path_id': 'H1.main >> M15.confluence', 'sub_sid': 2, 'started_by': 'reversal', 'start_trigger_idx': 4200}"
4161,RANGE,RANGE_UPDATED,,"{'hi': 0.57798, 'lo': 0.57734, 'structure_id': 0, 'struct_direction': 1, 'timeframe': 'M15', 'use_case': 'reversal', 'parent_tf': 'H1', 'parent_sid': 1, 'parent_cycle_id': 2, 'structure_path_id': 'H1.main >> M15.confluence', 'sub_sid': 2, 'started_by': 'reversal', 'start_trigger_idx': 4200}"
4162,RANGE,RANGE_UPDATED,,"{'hi': 0.57798, 'lo': 0.57728, 'structure_id': 0, 'struct_direction': 1, 'timeframe': 'M15', 'use_case': 'reversal', 'parent_tf': 'H1', 'parent_sid': 1, 'parent_cycle_id': 2, 'structure_path_id': 'H1.main >> M15.confluence', 'sub_sid': 2, 'started_by': 'reversal', 'start_trigger_idx': 4200}"
4163,RANGE,RANGE_UPDATED,,"{'hi': 0.57798, 'lo': 0.57724, 'structure_id': 0, 'struct_direction': 1, 'timeframe': 'M15', 'use_case': 'reversal', 'parent_tf': 'H1', 'parent_sid': 1, 'parent_cycle_id': 2, 'structure_path_id': 'H1.main >> M15.confluence', 'sub_sid': 2, 'started_by': 'reversal', 'start_trigger_idx': 4200}"
4164,STATE,STATE_CHANGED,,"{'from': 'pullback', 'to': 'pullback_range', 'structure_id': 0, 'struct_direction': 1, 'reason': 'replay_no_expand_pullback_side', 'effective_idx': 187, 'timeframe': 'M15', 'use_case': 'reversal', 'parent_tf': 'H1', 'parent_sid': 1, 'parent_cycle_id': 2, 'structure_path_id': 'H1.main >> M15.confluence', 'sub_sid': 2, 'started_by': 'reversal', 'start_trigger_idx': 4200}"
4166,RANGE,RANGE_UPDATED,,"{'hi': 0.57798, 'lo': 0.57705, 'structure_id': 0, 'struct_direction': 1, 'timeframe': 'M15', 'use_case': 'reversal', 'parent_tf': 'H1', 'parent_sid': 1, 'parent_cycle_id': 2, 'structure_path_id': 'H1.main >> M15.confluence', 'sub_sid': 2, 'started_by': 'reversal', 'start_trigger_idx': 4200}"
4166,STATE,STATE_CHANGED,,"{'from': 'pullback_range', 'to': 'pullback', 'structure_id': 0, 'struct_direction': 1, 'reason': 'replay_expand_pullback_side', 'effective_idx': 189, 'timeframe': 'M15', 'use_case': 'reversal', 'parent_tf': 'H1', 'parent_sid': 1, 'parent_cycle_id': 2, 'structure_path_id': 'H1.main >> M15.confluence', 'sub_sid': 2, 'started_by': 'reversal', 'start_trigger_idx': 4200}"
4167,RANGE,RANGE_UPDATED,,"{'hi': 0.57798, 'lo': 0.57695, 'structure_id': 0, 'struct_direction': 1, 'timeframe': 'M15', 'use_case': 'reversal', 'parent_tf': 'H1', 'parent_sid': 1, 'parent_cycle_id': 2, 'structure_path_id': 'H1.main >> M15.confluence', 'sub_sid': 2, 'started_by': 'reversal', 'start_trigger_idx': 4200}"
4168,RANGE,RANGE_UPDATED,,"{'hi': 0.57798, 'lo': 0.57691, 'structure_id': 0, 'struct_direction': 1, 'timeframe': 'M15', 'use_case': 'reversal', 'parent_tf': 'H1', 'parent_sid': 1, 'parent_cycle_id': 2, 'structure_path_id': 'H1.main >> M15.confluence', 'sub_sid': 2, 'started_by': 'reversal', 'start_trigger_idx': 4200}"
4169,STATE,STATE_CHANGED,,"{'from': 'pullback', 'to': 'pullback_range', 'structure_id': 0, 'struct_direction': 1, 'reason': 'replay_no_expand_pullback_side', 'effective_idx': 192, 'timeframe': 'M15', 'use_case': 'reversal', 'parent_tf': 'H1', 'parent_sid': 1, 'parent_cycle_id': 2, 'structure_path_id': 'H1.main >> M15.confluence', 'sub_sid': 2, 'started_by': 'reversal', 'start_trigger_idx': 4200}"
4177,RANGE,RANGE_UPDATED,,"{'hi': 0.57802, 'lo': 0.57691, 'structure_id': 0, 'struct_direction': 1, 'timeframe': 'M15', 'use_case': 'reversal', 'parent_tf': 'H1', 'parent_sid': 1, 'parent_cycle_id': 2, 'structure_path_id': 'H1.main >> M15.confluence', 'sub_sid': 2, 'started_by': 'reversal', 'start_trigger_idx': 4200}"
4177,STRUCTURE,CTS_THRESHOLD_UPDATED,0.57802,"{'prev': 0.57798, 'reason': 'range_sync', 'cycle_id': 1, 'structure_id': 0, 'struct_direction': 1, 'timeframe': 'M15', 'use_case': 'reversal', 'parent_tf': 'H1', 'parent_sid': 1, 'parent_cycle_id': 2, 'structure_path_id': 'H1.main >> M15.confluence', 'sub_sid': 2, 'started_by': 'reversal', 'start_trigger_idx': 4200}"
4179,RANGE,RANGE_RESET,,"{'reason': 'range_breakout', 'pat': 'one_maru_continuous', 'structure_id': 0, 'struct_direction': 1, 'timeframe': 'M15', 'use_case': 'reversal', 'parent_tf': 'H1', 'parent_sid': 1, 'parent_cycle_id': 2, 'structure_path_id': 'H1.main >> M15.confluence', 'sub_sid': 2, 'started_by': 'reversal', 'start_trigger_idx': 4200}"
4179,STRUCTURE,CTS_ESTABLISHED,0.57856,"{'via': 'one_maru_continuous', 'anchor_idx': 4178, 'pattern_name': 'one_maru_continuous', 'confirmed_at': 4179, 'cycle_id': 2, 'structure_id': 0, 'struct_direction': 1, 'timeframe': 'M15', 'use_case': 'reversal', 'parent_tf': 'H1', 'parent_sid': 1, 'parent_cycle_id': 2, 'structure_path_id': 'H1.main >> M15.confluence', 'sub_sid': 2, 'started_by': 'reversal', 'start_trigger_idx': 4200}"
4168,STRUCTURE,BOS_CONFIRMED,0.57691,"{'source': 'pullback_extreme', 'confirmed_at': 4179, 'pb_start': 182, 'cycle_id': 2, 'structure_id': 0, 'struct_direction': 1, 'timeframe': 'M15', 'use_case': 'reversal', 'parent_tf': 'H1', 'parent_sid': 1, 'parent_cycle_id': 2, 'structure_path_id': 'H1.main >> M15.confluence', 'sub_sid': 2, 'started_by': 'reversal', 'start_trigger_idx': 4200}"
4179,STATE,STATE_CHANGED,,"{'from': 'pullback_range', 'to': 'breakout', 'structure_id': 0, 'struct_direction': 1, 'reason': 'breakout_pattern', 'pat': 'one_maru_continuous', 'effective_idx': 202, 'timeframe': 'M15', 'use_case': 'reversal', 'parent_tf': 'H1', 'parent_sid': 1, 'parent_cycle_id': 2, 'structure_path_id': 'H1.main >> M15.confluence', 'sub_sid': 2, 'started_by': 'reversal', 'start_trigger_idx': 4200}"
4181,RANGE,RANGE_STARTED,,"{'start_idx': 202, 'confirm_idx': 204, 'hi': 0.57856, 'lo': 0.57814, 'cts_idx': 202, 'cts_price': 0.57856, 'structure_id': 0, 'struct_direction': 1, 'timeframe': 'M15', 'use_case': 'reversal', 'parent_tf': 'H1', 'parent_sid': 1, 'parent_cycle_id': 2, 'structure_path_id': 'H1.main >> M15.confluence', 'sub_sid': 2, 'started_by': 'reversal', 'start_trigger_idx': 4200}"
4181,STATE,STATE_CHANGED,,"{'from': 'breakout', 'to': 'range', 'structure_id': 0, 'struct_direction': 1, 'reason': 'range_confirmed', 'effective_idx': 202, 'timeframe': 'M15', 'use_case': 'reversal', 'parent_tf': 'H1', 'parent_sid': 1, 'parent_cycle_id': 2, 'structure_path_id': 'H1.main >> M15.confluence', 'sub_sid': 2, 'started_by': 'reversal', 'start_trigger_idx': 4200}"
4180,RANGE,RANGE_UPDATED,,"{'hi': 0.57856, 'lo': 0.57812, 'structure_id': 0, 'struct_direction': 1, 'timeframe': 'M15', 'use_case': 'reversal', 'parent_tf': 'H1', 'parent_sid': 1, 'parent_cycle_id': 2, 'structure_path_id': 'H1.main >> M15.confluence', 'sub_sid': 2, 'started_by': 'reversal', 'start_trigger_idx': 4200}"
4181,RANGE,RANGE_UPDATED,,"{'hi': 0.57856, 'lo': 0.57804, 'structure_id': 0, 'struct_direction': 1, 'timeframe': 'M15', 'use_case': 'reversal', 'parent_tf': 'H1', 'parent_sid': 1, 'parent_cycle_id': 2, 'structure_path_id': 'H1.main >> M15.confluence', 'sub_sid': 2, 'started_by': 'reversal', 'start_trigger_idx': 4200}"
4182,RANGE,RANGE_UPDATED,,"{'hi': 0.57856, 'lo': 0.57798, 'structure_id': 0, 'struct_direction': 1, 'timeframe': 'M15', 'use_case': 'reversal', 'parent_tf': 'H1', 'parent_sid': 1, 'parent_cycle_id': 2, 'structure_path_id': 'H1.main >> M15.confluence', 'sub_sid': 2, 'started_by': 'reversal', 'start_trigger_idx': 4200}"
4184,RANGE,RANGE_UPDATED,,"{'hi': 0.57858, 'lo': 0.57798, 'structure_id': 0, 'struct_direction': 1, 'timeframe': 'M15', 'use_case': 'reversal', 'parent_tf': 'H1', 'parent_sid': 1, 'parent_cycle_id': 2, 'structure_path_id': 'H1.main >> M15.confluence', 'sub_sid': 2, 'started_by': 'reversal', 'start_trigger_idx': 4200}"
4184,STRUCTURE,CTS_UPDATED,0.57858,"{'via': 'replay_raw', 'cycle_id': 2, 'structure_id': 0, 'struct_direction': 1, 'timeframe': 'M15', 'use_case': 'reversal', 'parent_tf': 'H1', 'parent_sid': 1, 'parent_cycle_id': 2, 'structure_path_id': 'H1.main >> M15.confluence', 'sub_sid': 2, 'started_by': 'reversal', 'start_trigger_idx': 4200}"
4185,RANGE,RANGE_UPDATED,,"{'hi': 0.57872, 'lo': 0.57798, 'structure_id': 0, 'struct_direction': 1, 'timeframe': 'M15', 'use_case': 'reversal', 'parent_tf': 'H1', 'parent_sid': 1, 'parent_cycle_id': 2, 'structure_path_id': 'H1.main >> M15.confluence', 'sub_sid': 2, 'started_by': 'reversal', 'start_trigger_idx': 4200}"
4185,STRUCTURE,CTS_UPDATED,0.57872,"{'via': 'replay_raw', 'cycle_id': 2, 'structure_id': 0, 'struct_direction': 1, 'timeframe': 'M15', 'use_case': 'reversal', 'parent_tf': 'H1', 'parent_sid': 1, 'parent_cycle_id': 2, 'structure_path_id': 'H1.main >> M15.confluence', 'sub_sid': 2, 'started_by': 'reversal', 'start_trigger_idx': 4200}"
4186,RANGE,RANGE_UPDATED,,"{'hi': 0.57873, 'lo': 0.57798, 'structure_id': 0, 'struct_direction': 1, 'timeframe': 'M15', 'use_case': 'reversal', 'parent_tf': 'H1', 'parent_sid': 1, 'parent_cycle_id': 2, 'structure_path_id': 'H1.main >> M15.confluence', 'sub_sid': 2, 'started_by': 'reversal', 'start_trigger_idx': 4200}"
4186,STRUCTURE,CTS_UPDATED,0.57873,"{'via': 'replay_raw', 'cycle_id': 2, 'structure_id': 0, 'struct_direction': 1, 'timeframe': 'M15', 'use_case': 'reversal', 'parent_tf': 'H1', 'parent_sid': 1, 'parent_cycle_id': 2, 'structure_path_id': 'H1.main >> M15.confluence', 'sub_sid': 2, 'started_by': 'reversal', 'start_trigger_idx': 4200}"
4187,RANGE,RANGE_UPDATED,,"{'hi': 0.57874, 'lo': 0.57798, 'structure_id': 0, 'struct_direction': 1, 'timeframe': 'M15', 'use_case': 'reversal', 'parent_tf': 'H1', 'parent_sid': 1, 'parent_cycle_id': 2, 'structure_path_id': 'H1.main >> M15.confluence', 'sub_sid': 2, 'started_by': 'reversal', 'start_trigger_idx': 4200}"
4187,STRUCTURE,CTS_UPDATED,0.57874,"{'via': 'replay_raw', 'cycle_id': 2, 'structure_id': 0, 'struct_direction': 1, 'timeframe': 'M15', 'use_case': 'reversal', 'parent_tf': 'H1', 'parent_sid': 1, 'parent_cycle_id': 2, 'structure_path_id': 'H1.main >> M15.confluence', 'sub_sid': 2, 'started_by': 'reversal', 'start_trigger_idx': 4200}"
4189,RANGE,RANGE_UPDATED,,"{'hi': 0.57895, 'lo': 0.57798, 'structure_id': 0, 'struct_direction': 1, 'timeframe': 'M15', 'use_case': 'reversal', 'parent_tf': 'H1', 'parent_sid': 1, 'parent_cycle_id': 2, 'structure_path_id': 'H1.main >> M15.confluence', 'sub_sid': 2, 'started_by': 'reversal', 'start_trigger_idx': 4200}"
4189,STRUCTURE,CTS_UPDATED,0.57895,"{'via': 'replay_raw', 'cycle_id': 2, 'structure_id': 0, 'struct_direction': 1, 'timeframe': 'M15', 'use_case': 'reversal', 'parent_tf': 'H1', 'parent_sid': 1, 'parent_cycle_id': 2, 'structure_path_id': 'H1.main >> M15.confluence', 'sub_sid': 2, 'started_by': 'reversal', 'start_trigger_idx': 4200}"
4193,RANGE,RANGE_UPDATED,,"{'hi': 0.57895, 'lo': 0.57792, 'structure_id': 0, 'struct_direction': 1, 'timeframe': 'M15', 'use_case': 'reversal', 'parent_tf': 'H1', 'parent_sid': 1, 'parent_cycle_id': 2, 'structure_path_id': 'H1.main >> M15.confluence', 'sub_sid': 2, 'started_by': 'reversal', 'start_trigger_idx': 4200}"
4195,RANGE,RANGE_UPDATED,,"{'hi': 0.57898, 'lo': 0.57792, 'structure_id': 0, 'struct_direction': 1, 'timeframe': 'M15', 'use_case': 'reversal', 'parent_tf': 'H1', 'parent_sid': 1, 'parent_cycle_id': 2, 'structure_path_id': 'H1.main >> M15.confluence', 'sub_sid': 2, 'started_by': 'reversal', 'start_trigger_idx': 4200}"
4195,STRUCTURE,CTS_UPDATED,0.57898,"{'via': 'replay_raw', 'cycle_id': 2, 'structure_id': 0, 'struct_direction': 1, 'timeframe': 'M15', 'use_case': 'reversal', 'parent_tf': 'H1', 'parent_sid': 1, 'parent_cycle_id': 2, 'structure_path_id': 'H1.main >> M15.confluence', 'sub_sid': 2, 'started_by': 'reversal', 'start_trigger_idx': 4200}"
4196,STRUCTURE,CTS_UPDATED,0.5794,"{'via': 'replay_raw', 'cycle_id': 2, 'structure_id': 0, 'struct_direction': 1, 'timeframe': 'M15', 'use_case': 'reversal', 'parent_tf': 'H1', 'parent_sid': 1, 'parent_cycle_id': 2, 'structure_path_id': 'H1.main >> M15.confluence', 'sub_sid': 2, 'started_by': 'reversal', 'start_trigger_idx': 4200}"
4200,RANGE,RANGE_RESET,,"{'reason': 'range_breakout', 'pat': 'one_maru_opposite', 'structure_id': 0, 'struct_direction': 1, 'timeframe': 'M15', 'use_case': 'reversal', 'parent_tf': 'H1', 'parent_sid': 1, 'parent_cycle_id': 2, 'structure_path_id': 'H1.main >> M15.confluence', 'sub_sid': 2, 'started_by': 'reversal', 'start_trigger_idx': 4200}"
4200,STRUCTURE,CTS_UPDATED,0.57954,"{'via': 'one_maru_opposite', 'cycle_id': 2, 'structure_id': 0, 'struct_direction': 1, 'timeframe': 'M15', 'use_case': 'reversal', 'parent_tf': 'H1', 'parent_sid': 1, 'parent_cycle_id': 2, 'structure_path_id': 'H1.main >> M15.confluence', 'sub_sid': 2, 'started_by': 'reversal', 'start_trigger_idx': 4200}"
4200,STATE,STATE_CHANGED,,"{'from': 'range', 'to': 'breakout', 'structure_id': 0, 'struct_direction': 1, 'reason': 'breakout_pattern', 'pat': 'one_maru_opposite', 'effective_idx': 223, 'timeframe': 'M15', 'use_case': 'reversal', 'parent_tf': 'H1', 'parent_sid': 1, 'parent_cycle_id': 2, 'structure_path_id': 'H1.main >> M15.confluence', 'sub_sid': 2, 'started_by': 'reversal', 'start_trigger_idx': 4200}"
4203,RANGE,RANGE_STARTED,,"{'start_idx': 224, 'confirm_idx': 226, 'hi': 0.57954, 'lo': 0.5792, 'cts_idx': 223, 'cts_price': 0.57954, 'structure_id': 0, 'struct_direction': 1, 'timeframe': 'M15', 'use_case': 'reversal', 'parent_tf': 'H1', 'parent_sid': 1, 'parent_cycle_id': 2, 'structure_path_id': 'H1.main >> M15.confluence', 'sub_sid': 2, 'started_by': 'reversal', 'start_trigger_idx': 4200}"
4203,STATE,STATE_CHANGED,,"{'from': 'breakout', 'to': 'range', 'structure_id': 0, 'struct_direction': 1, 'reason': 'range_confirmed', 'effective_idx': 224, 'timeframe': 'M15', 'use_case': 'reversal', 'parent_tf': 'H1', 'parent_sid': 1, 'parent_cycle_id': 2, 'structure_path_id': 'H1.main >> M15.confluence', 'sub_sid': 2, 'started_by': 'reversal', 'start_trigger_idx': 4200}"
4202,RANGE,RANGE_UPDATED,,"{'hi': 0.57954, 'lo': 0.57917, 'structure_id': 0, 'struct_direction': 1, 'timeframe': 'M15', 'use_case': 'reversal', 'parent_tf': 'H1', 'parent_sid': 1, 'parent_cycle_id': 2, 'structure_path_id': 'H1.main >> M15.confluence', 'sub_sid': 2, 'started_by': 'reversal', 'start_trigger_idx': 4200}"
4206,RANGE,RANGE_UPDATED,,"{'hi': 0.57967, 'lo': 0.57917, 'structure_id': 0, 'struct_direction': 1, 'timeframe': 'M15', 'use_case': 'reversal', 'parent_tf': 'H1', 'parent_sid': 1, 'parent_cycle_id': 2, 'structure_path_id': 'H1.main >> M15.confluence', 'sub_sid': 2, 'started_by': 'reversal', 'start_trigger_idx': 4200}"
4206,STRUCTURE,CTS_UPDATED,0.57967,"{'via': 'replay_raw', 'cycle_id': 2, 'structure_id': 0, 'struct_direction': 1, 'timeframe': 'M15', 'use_case': 'reversal', 'parent_tf': 'H1', 'parent_sid': 1, 'parent_cycle_id': 2, 'structure_path_id': 'H1.main >> M15.confluence', 'sub_sid': 2, 'started_by': 'reversal', 'start_trigger_idx': 4200}"
4207,RANGE,RANGE_UPDATED,,"{'hi': 0.5797, 'lo': 0.57917, 'structure_id': 0, 'struct_direction': 1, 'timeframe': 'M15', 'use_case': 'reversal', 'parent_tf': 'H1', 'parent_sid': 1, 'parent_cycle_id': 2, 'structure_path_id': 'H1.main >> M15.confluence', 'sub_sid': 2, 'started_by': 'reversal', 'start_trigger_idx': 4200}"
4207,STRUCTURE,CTS_UPDATED,0.5797,"{'via': 'replay_raw', 'cycle_id': 2, 'structure_id': 0, 'struct_direction': 1, 'timeframe': 'M15', 'use_case': 'reversal', 'parent_tf': 'H1', 'parent_sid': 1, 'parent_cycle_id': 2, 'structure_path_id': 'H1.main >> M15.confluence', 'sub_sid': 2, 'started_by': 'reversal', 'start_trigger_idx': 4200}"
4214,RANGE,RANGE_UPDATED,,"{'hi': 0.5797, 'lo': 0.57914, 'structure_id': 0, 'struct_direction': 1, 'timeframe': 'M15', 'use_case': 'reversal', 'parent_tf': 'H1', 'parent_sid': 1, 'parent_cycle_id': 2, 'structure_path_id': 'H1.main >> M15.confluence', 'sub_sid': 2, 'started_by': 'reversal', 'start_trigger_idx': 4200}"
4215,RANGE,RANGE_UPDATED,,"{'hi': 0.5797, 'lo': 0.57912, 'structure_id': 0, 'struct_direction': 1, 'timeframe': 'M15', 'use_case': 'reversal', 'parent_tf': 'H1', 'parent_sid': 1, 'parent_cycle_id': 2, 'structure_path_id': 'H1.main >> M15.confluence', 'sub_sid': 2, 'started_by': 'reversal', 'start_trigger_idx': 4200}"
4216,RANGE,RANGE_UPDATED,,"{'hi': 0.5797, 'lo': 0.57892, 'structure_id': 0, 'struct_direction': 1, 'timeframe': 'M15', 'use_case': 'reversal', 'parent_tf': 'H1', 'parent_sid': 1, 'parent_cycle_id': 2, 'structure_path_id': 'H1.main >> M15.confluence', 'sub_sid': 2, 'started_by': 'reversal', 'start_trigger_idx': 4200}"
4222,RANGE,RANGE_UPDATED,,"{'hi': 0.58034, 'lo': 0.57892, 'structure_id': 0, 'struct_direction': 1, 'timeframe': 'M15', 'use_case': 'reversal', 'parent_tf': 'H1', 'parent_sid': 1, 'parent_cycle_id': 2, 'structure_path_id': 'H1.main >> M15.confluence', 'sub_sid': 2, 'started_by': 'reversal', 'start_trigger_idx': 4200}"
4222,STRUCTURE,CTS_UPDATED,0.58034,"{'via': 'replay_raw', 'cycle_id': 2, 'structure_id': 0, 'struct_direction': 1, 'timeframe': 'M15', 'use_case': 'reversal', 'parent_tf': 'H1', 'parent_sid': 1, 'parent_cycle_id': 2, 'structure_path_id': 'H1.main >> M15.confluence', 'sub_sid': 2, 'started_by': 'reversal', 'start_trigger_idx': 4200}"
