idx,category,type,price,meta
2649,STRUCTURE,CTS_ESTABLISHED,0.58414,"{'via': 'continuous', 'anchor_idx': 2645, 'pattern_name': 'continuous', 'confirmed_at': 2649, 'cycle_id': 0, 'structure_id': 0, 'struct_direction': -1, 'timeframe': 'M15', 'use_case': 'first_counter', 'parent_tf': 'H1', 'parent_sid': 0, 'parent_cycle_id': 2, 'structure_path_id': 'H1.main >> M15.counter', 'sub_sid': 0, 'started_by': 'first_counter', 'start_trigger_idx': 2639}"
2639,STRUCTURE,BOS_CONFIRMED,0.58478,"{'source': 'initial_prior_extreme', 'confirmed_at': 2649, 'pb_start': None, 'cycle_id': 0, 'structure_id': 0, 'struct_direction': -1, 'timeframe': 'M15', 'use_case': 'first_counter', 'parent_tf': 'H1', 'parent_sid': 0, 'parent_cycle_id': 2, 'structure_path_id': 'H1.main >> M15.counter', 'sub_sid': 0, 'started_by': 'first_counter', 'start_trigger_idx': 2639}"
2649,STATE,STATE_CHANGED,,"{'from': 'none', 'to': 'breakout', 'structure_id': 0, 'struct_direction': -1, 'reason': 'breakout_pattern', 'pat': 'continuous', 'effective_idx': 60, 'timeframe': 'M15', 'use_case': 'first_counter', 'parent_tf': 'H1', 'parent_sid': 0, 'parent_cycle_id': 2, 'structure_path_id': 'H1.main >> M15.counter', 'sub_sid': 0, 'started_by': 'first_counter', 'start_trigger_idx': 2639}"
2650,STRUCTURE,CTS_UPDATED,0.58383,"{'via': 'replay_raw', 'cycle_id': 0, 'structure_id': 0, 'struct_direction': -1, 'timeframe': 'M15', 'use_case': 'first_counter', 'parent_tf': 'H1', 'parent_sid': 0, 'parent_cycle_id': 2, 'structure_path_id': 'H1.main >> M15.counter', 'sub_sid': 0, 'started_by': 'first_counter', 'start_trigger_idx': 2639}"
2651,STRUCTURE,CTS_UPDATED,0.58354,"{'via': 'replay_raw', 'cycle_id': 0, 'structure_id': 0, 'struct_direction': -1, 'timeframe': 'M15', 'use_case': 'first_counter', 'parent_tf': 'H1', 'parent_sid': 0, 'parent_cycle_id': 2, 'structure_path_id': 'H1.main >> M15.counter', 'sub_sid': 0, 'started_by': 'first_counter', 'start_trigger_idx': 2639}"
2653,STRUCTURE,CTS_UPDATED,0.58352,"{'via': 'replay_raw', 'cycle_id': 0, 'structure_id': 0, 'struct_direction': -1, 'timeframe': 'M15', 'use_case': 'first_counter', 'parent_tf': 'H1', 'parent_sid': 0, 'parent_cycle_id': 2, 'structure_path_id': 'H1.main >> M15.counter', 'sub_sid': 0, 'started_by': 'first_counter', 'start_trigger_idx': 2639}"
2654,RANGE,RANGE_STARTED,,"{'start_idx': 63, 'confirm_idx': 65, 'hi': 0.58382, 'lo': 0.58352, 'cts_idx': 64, 'cts_price': 0.58352, 'structure_id': 0, 'struct_direction': -1, 'timeframe': 'M15', 'use_case': 'first_counter', 'parent_tf': 'H1', 'parent_sid': 0, 'parent_cycle_id': 2, 'structure_path_id': 'H1.main >> M15.counter', 'sub_sid': 0, 'started_by': 'first_counter', 'start_trigger_idx': 2639}"
2654,STATE,STATE_CHANGED,,"{'from': 'breakout', 'to': 'range', 'structure_id': 0, 'struct_direction': -1, 'reason': 'range_confirmed', 'effective_idx': 63, 'timeframe': 'M15', 'use_case': 'first_counter', 'parent_tf': 'H1', 'parent_sid': 0, 'parent_cycle_id': 2, 'structure_path_id': 'H1.main >> M15.counter', 'sub_sid': 0, 'started_by': 'first_counter', 'start_trigger_idx': 2639}"
2653,RANGE,RANGE_UPDATED,,"{'hi': 0.58385, 'lo': 0.58352, 'structure_id': 0, 'struct_direction': -1, 'timeframe': 'M15', 'use_case': 'first_counter', 'parent_tf': 'H1', 'parent_sid': 0, 'parent_cycle_id': 2, 'structure_path_id': 'H1.main >> M15.counter', 'sub_sid': 0, 'started_by': 'first_counter', 'start_trigger_idx': 2639}"
2654,RANGE,RANGE_UPDATED,,"{'hi': 0.5839, 'lo': 0.58337, 'structure_id': 0, 'struct_direction': -1, 'timeframe': 'M15', 'use_case': 'first_counter', 'parent_tf': 'H1', 'parent_sid': 0, 'parent_cycle_id': 2, 'structure_path_id': 'H1.main >> M15.counter', 'sub_sid': 0, 'started_by': 'first_counter', 'start_trigger_idx': 2639}"
2654,STRUCTURE,CTS_UPDATED,0.58337,"{'via': 'replay_raw', 'cycle_id': 0, 'structure_id': 0, 'struct_direction': -1, 'timeframe': 'M15', 'use_case': 'first_counter', 'parent_tf': 'H1', 'parent_sid': 0, 'parent_cycle_id': 2, 'structure_path_id': 'H1.main >> M15.counter', 'sub_sid': 0, 'started_by': 'first_counter', 'start_trigger_idx': 2639}"
2658,RANGE,RANGE_UPDATED,,"{'hi': 0.58398, 'lo': 0.58334, 'structure_id': 0, 'struct_direction': -1, 'timeframe': 'M15', 'use_case': 'first_counter', 'parent_tf': 'H1', 'parent_sid': 0, 'parent_cycle_id': 2, 'structure_path_id': 'H1.main >> M15.counter', 'sub_sid': 0, 'started_by': 'first_counter', 'start_trigger_idx': 2639}"
2658,STRUCTURE,CTS_UPDATED,0.58334,"{'via': 'replay_raw', 'cycle_id': 0, 'structure_id': 0, 'struct_direction': -1, 'timeframe': 'M15', 'use_case': 'first_counter', 'parent_tf': 'H1', 'parent_sid': 0, 'parent_cycle_id': 2, 'structure_path_id': 'H1.main >> M15.counter', 'sub_sid': 0, 'started_by': 'first_counter', 'start_trigger_idx': 2639}"
2660,RANGE,RANGE_UPDATED,,"{'hi': 0.58414, 'lo': 0.58334, 'structure_id': 0, 'struct_direction': -1, 'timeframe': 'M15', 'use_case': 'first_counter', 'parent_tf': 'H1', 'parent_sid': 0, 'parent_cycle_id': 2, 'structure_path_id': 'H1.main >> M15.counter', 'sub_sid': 0, 'started_by': 'first_counter', 'start_trigger_idx': 2639}"
2661,RANGE,RANGE_UPDATED,,"{'hi': 0.58426, 'lo': 0.58334, 'structure_id': 0, 'struct_direction': -1, 'timeframe': 'M15', 'use_case': 'first_counter', 'parent_tf': 'H1', 'parent_sid': 0, 'parent_cycle_id': 2, 'structure_path_id': 'H1.main >> M15.counter', 'sub_sid': 0, 'started_by': 'first_counter', 'start_trigger_idx': 2639}"
2663,RANGE,RANGE_UPDATED,,"{'hi': 0.58426, 'lo': 0.58329, 'structure_id': 0, 'struct_direction': -1, 'timeframe': 'M15', 'use_case': 'first_counter', 'parent_tf': 'H1', 'parent_sid': 0, 'parent_cycle_id': 2, 'structure_path_id': 'H1.main >> M15.counter', 'sub_sid': 0, 'started_by': 'first_counter', 'start_trigger_idx': 2639}"
2663,STRUCTURE,CTS_UPDATED,0.58329,"{'via': 'replay_raw', 'cycle_id': 0, 'structure_id': 0, 'struct_direction': -1, 'timeframe': 'M15', 'use_case': 'first_counter', 'parent_tf': 'H1', 'parent_sid': 0, 'parent_cycle_id': 2, 'structure_path_id': 'H1.main >> M15.counter', 'sub_sid': 0, 'started_by': 'first_counter', 'start_trigger_idx': 2639}"
2667,RANGE,RANGE_UPDATED,,"{'hi': 0.58426, 'lo': 0.58324, 'structure_id': 0, 'struct_direction': -1, 'timeframe': 'M15', 'use_case': 'first_counter', 'parent_tf': 'H1', 'parent_sid': 0, 'parent_cycle_id': 2, 'structure_path_id': 'H1.main >> M15.counter', 'sub_sid': 0, 'started_by': 'first_counter', 'start_trigger_idx': 2639}"
2667,STRUCTURE,CTS_UPDATED,0.58324,"{'via': 'replay_raw', 'cycle_id': 0, 'structure_id': 0, 'struct_direction': -1, 'timeframe': 'M15', 'use_case': 'first_counter', 'parent_tf': 'H1', 'parent_sid': 0, 'parent_cycle_id': 2, 'structure_path_id': 'H1.main >> M15.counter', 'sub_sid': 0, 'started_by': 'first_counter', 'start_trigger_idx': 2639}"
2672,RANGE,RANGE_UPDATED,,"{'hi': 0.58426, 'lo': 0.58307, 'structure_id': 0, 'struct_direction': -1, 'timeframe': 'M15', 'use_case': 'first_counter', 'parent_tf': 'H1', 'parent_sid': 0, 'parent_cycle_id': 2, 'structure_path_id': 'H1.main >> M15.counter', 'sub_sid': 0, 'started_by': 'first_counter', 'start_trigger_idx': 2639}"
2672,STRUCTURE,CTS_UPDATED,0.58307,"{'via': 'replay_raw', 'cycle_id': 0, 'structure_id': 0, 'struct_direction': -1, 'timeframe': 'M15', 'use_case': 'first_counter', 'parent_tf': 'H1', 'parent_sid': 0, 'parent_cycle_id': 2, 'structure_path_id': 'H1.main >> M15.counter', 'sub_sid': 0, 'started_by': 'first_counter', 'start_trigger_idx': 2639}"
2716,RANGE,RANGE_UPDATED,,"{'hi': 0.58426, 'lo': 0.58298, 'structure_id': 0, 'struct_direction': -1, 'timeframe': 'M15', 'use_case': 'first_counter', 'parent_tf': 'H1', 'parent_sid': 0, 'parent_cycle_id': 2, 'structure_path_id': 'H1.main >> M15.counter', 'sub_sid': 0, 'started_by': 'first_counter', 'start_trigger_idx': 2639}"
2716,STRUCTURE,CTS_UPDATED,0.58298,"{'via': 'replay_raw', 'cycle_id': 0, 'structure_id': 0, 'struct_direction': -1, 'timeframe': 'M15', 'use_case': 'first_counter', 'parent_tf': 'H1', 'parent_sid': 0, 'parent_cycle_id': 2, 'structure_path_id': 'H1.main >> M15.counter', 'sub_sid': 0, 'started_by': 'first_counter', 'start_trigger_idx': 2639}"
2717,RANGE,RANGE_UPDATED,,"{'hi': 0.58426, 'lo': 0.58294, 'structure_id': 0, 'struct_direction': -1, 'timeframe': 'M15', 'use_case': 'first_counter', 'parent_tf': 'H1', 'parent_sid': 0, 'parent_cycle_id': 2, 'structure_path_id': 'H1.main >> M15.counter', 'sub_sid': 0, 'started_by': 'first_counter', 'start_trigger_idx': 2639}"
2717,STRUCTURE,CTS_UPDATED,0.58294,"{'via': 'replay_raw', 'cycle_id': 0, 'structure_id': 0, 'struct_direction': -1, 'timeframe': 'M15', 'use_case': 'first_counter', 'parent_tf': 'H1', 'parent_sid': 0, 'parent_cycle_id': 2, 'structure_path_id': 'H1.main >> M15.counter', 'sub_sid': 0, 'started_by': 'first_counter', 'start_trigger_idx': 2639}"
2722,RANGE,RANGE_UPDATED,,"{'hi': 0.58426, 'lo': 0.58288, 'structure_id': 0, 'struct_direction': -1, 'timeframe': 'M15', 'use_case': 'first_counter', 'parent_tf': 'H1', 'parent_sid': 0, 'parent_cycle_id': 2, 'structure_path_id': 'H1.main >> M15.counter', 'sub_sid': 0, 'started_by': 'first_counter', 'start_trigger_idx': 2639}"
2722,STRUCTURE,CTS_UPDATED,0.58288,"{'via': 'replay_raw', 'cycle_id': 0, 'structure_id': 0, 'struct_direction': -1, 'timeframe': 'M15', 'use_case': 'first_counter', 'parent_tf': 'H1', 'parent_sid': 0, 'parent_cycle_id': 2, 'structure_path_id': 'H1.main >> M15.counter', 'sub_sid': 0, 'started_by': 'first_counter', 'start_trigger_idx': 2639}"
2723,RANGE,RANGE_UPDATED,,"{'hi': 0.58426, 'lo': 0.58276, 'structure_id': 0, 'struct_direction': -1, 'timeframe': 'M15', 'use_case': 'first_counter', 'parent_tf': 'H1', 'parent_sid': 0, 'parent_cycle_id': 2, 'structure_path_id': 'H1.main >> M15.counter', 'sub_sid': 0, 'started_by': 'first_counter', 'start_trigger_idx': 2639}"
2723,STRUCTURE,CTS_UPDATED,0.58276,"{'via': 'replay_raw', 'cycle_id': 0, 'structure_id': 0, 'struct_direction': -1, 'timeframe': 'M15', 'use_case': 'first_counter', 'parent_tf': 'H1', 'parent_sid': 0, 'parent_cycle_id': 2, 'structure_path_id': 'H1.main >> M15.counter', 'sub_sid': 0, 'started_by': 'first_counter', 'start_trigger_idx': 2639}"
2724,STRUCTURE,CTS_UPDATED,0.58255,"{'via': 'replay_raw', 'cycle_id': 0, 'structure_id': 0, 'struct_direction': -1, 'timeframe': 'M15', 'use_case': 'first_counter', 'parent_tf': 'H1', 'parent_sid': 0, 'parent_cycle_id': 2, 'structure_path_id': 'H1.main >> M15.counter', 'sub_sid': 0, 'started_by': 'first_counter', 'start_trigger_idx': 2639}"
2725,STRUCTURE,CTS_UPDATED,0.58242,"{'via': 'replay_raw', 'cycle_id': 0, 'structure_id': 0, 'struct_direction': -1, 'timeframe': 'M15', 'use_case': 'first_counter', 'parent_tf': 'H1', 'parent_sid': 0, 'parent_cycle_id': 2, 'structure_path_id': 'H1.main >> M15.counter', 'sub_sid': 0, 'started_by': 'first_counter', 'start_trigger_idx': 2639}"
2726,RANGE,RANGE_RESET,,"{'reason': 'range_breakout', 'pat': 'continuous', 'structure_id': 0, 'struct_direction': -1, 'timeframe': 'M15', 'use_case': 'first_counter', 'parent_tf': 'H1', 'parent_sid': 0, 'parent_cycle_id': 2, 'structure_path_id': 'H1.main >> M15.counter', 'sub_sid': 0, 'started_by': 'first_counter', 'start_trigger_idx': 2639}"
2726,STRUCTURE,CTS_UPDATED,0.58223,"{'via': 'continuous', 'cycle_id': 0, 'structure_id': 0, 'struct_direction': -1, 'timeframe': 'M15', 'use_case': 'first_counter', 'parent_tf': 'H1', 'parent_sid': 0, 'parent_cycle_id': 2, 'structure_path_id': 'H1.main >> M15.counter', 'sub_sid': 0, 'started_by': 'first_counter', 'start_trigger_idx': 2639}"
2726,STATE,STATE_CHANGED,,"{'from': 'range', 'to': 'breakout', 'structure_id': 0, 'struct_direction': -1, 'reason': 'breakout_pattern', 'pat': 'continuous', 'effective_idx': 137, 'timeframe': 'M15', 'use_case': 'first_counter', 'parent_tf': 'H1', 'parent_sid': 0, 'parent_cycle_id': 2, 'structure_path_id': 'H1.main >> M15.counter', 'sub_sid': 0, 'started_by': 'first_counter', 'start_trigger_idx': 2639}"
2727,STRUCTURE,CTS_UPDATED,0.5822,"{'via': 'replay_raw', 'cycle_id': 0, 'structure_id': 0, 'struct_direction': -1, 'timeframe': 'M15', 'use_case': 'first_counter', 'parent_tf': 'H1', 'parent_sid': 0, 'parent_cycle_id': 2, 'structure_path_id': 'H1.main >> M15.counter', 'sub_sid': 0, 'started_by': 'first_counter', 'start_trigger_idx': 2639}"
2728,STRUCTURE,CTS_UPDATED,0.58216,"{'via': 'replay_raw', 'cycle_id': 0, 'structure_id': 0, 'struct_direction': -1, 'timeframe': 'M15', 'use_case': 'first_counter', 'parent_tf': 'H1', 'parent_sid': 0, 'parent_cycle_id': 2, 'structure_path_id': 'H1.main >> M15.counter', 'sub_sid': 0, 'started_by': 'first_counter', 'start_trigger_idx': 2639}"
2729,RANGE,RANGE_STARTED,,"{'start_idx': 138, 'confirm_idx': 140, 'hi': 0.5827, 'lo': 0.58216, 'cts_idx': 139, 'cts_price': 0.58216, 'structure_id': 0, 'struct_direction': -1, 'timeframe': 'M15', 'use_case': 'first_counter', 'parent_tf': 'H1', 'parent_sid': 0, 'parent_cycle_id': 2, 'structure_path_id': 'H1.main >> M15.counter', 'sub_sid': 0, 'started_by': 'first_counter', 'start_trigger_idx': 2639}"
2729,STATE,STATE_CHANGED,,"{'from': 'breakout', 'to': 'range', 'structure_id': 0, 'struct_direction': -1, 'reason': 'range_confirmed', 'effective_idx': 138, 'timeframe': 'M15', 'use_case': 'first_counter', 'parent_tf': 'H1', 'parent_sid': 0, 'parent_cycle_id': 2, 'structure_path_id': 'H1.main >> M15.counter', 'sub_sid': 0, 'started_by': 'first_counter', 'start_trigger_idx': 2639}"
2730,RANGE,RANGE_UPDATED,,"{'hi': 0.5827, 'lo': 0.58211, 'structure_id': 0, 'struct_direction': -1, 'timeframe': 'M15', 'use_case': 'first_counter', 'parent_tf': 'H1', 'parent_sid': 0, 'parent_cycle_id': 2, 'structure_path_id': 'H1.main >> M15.counter', 'sub_sid': 0, 'started_by': 'first_counter', 'start_trigger_idx': 2639}"
2730,STRUCTURE,CTS_UPDATED,0.58211,"{'via': 'replay_raw', 'cycle_id': 0, 'structure_id': 0, 'struct_direction': -1, 'timeframe': 'M15', 'use_case': 'first_counter', 'parent_tf': 'H1', 'parent_sid': 0, 'parent_cycle_id': 2, 'structure_path_id': 'H1.main >> M15.counter', 'sub_sid': 0, 'started_by': 'first_counter', 'start_trigger_idx': 2639}"
2732,RANGE,RANGE_UPDATED,,"{'hi': 0.5827, 'lo': 0.58207, 'structure_id': 0, 'struct_direction': -1, 'timeframe': 'M15', 'use_case': 'first_counter', 'parent_tf': 'H1', 'parent_sid': 0, 'parent_cycle_id': 2, 'structure_path_id': 'H1.main >> M15.counter', 'sub_sid': 0, 'started_by': 'first_counter', 'start_trigger_idx': 2639}"
2732,STRUCTURE,CTS_UPDATED,0.58207,"{'via': 'replay_raw', 'cycle_id': 0, 'structure_id': 0, 'struct_direction': -1, 'timeframe': 'M15', 'use_case': 'first_counter', 'parent_tf': 'H1', 'parent_sid': 0, 'parent_cycle_id': 2, 'structure_path_id': 'H1.main >> M15.counter', 'sub_sid': 0, 'started_by': 'first_counter', 'start_trigger_idx': 2639}"
2733,RANGE,RANGE_UPDATED,,"{'hi': 0.5827, 'lo': 0.58193, 'structure_id': 0, 'struct_direction': -1, 'timeframe': 'M15', 'use_case': 'first_counter', 'parent_tf': 'H1', 'parent_sid': 0, 'parent_cycle_id': 2, 'structure_path_id': 'H1.main >> M15.counter', 'sub_sid': 0, 'started_by': 'first_counter', 'start_trigger_idx': 2639}"
2733,STRUCTURE,CTS_UPDATED,0.58193,"{'via': 'replay_raw', 'cycle_id': 0, 'structure_id': 0, 'struct_direction': -1, 'timeframe': 'M15', 'use_case': 'first_counter', 'parent_tf': 'H1', 'parent_sid': 0, 'parent_cycle_id': 2, 'structure_path_id': 'H1.main >> M15.counter', 'sub_sid': 0, 'started_by': 'first_counter', 'start_trigger_idx': 2639}"
2734,RANGE,RANGE_UPDATED,,"{'hi': 0.5827, 'lo': 0.5819, 'structure_id': 0, 'struct_direction': -1, 'timeframe': 'M15', 'use_case': 'first_counter', 'parent_tf': 'H1', 'parent_sid': 0, 'parent_cycle_id': 2, 'structure_path_id': 'H1.main >> M15.counter', 'sub_sid': 0, 'started_by': 'first_counter', 'start_trigger_idx': 2639}"
2734,STRUCTURE,CTS_UPDATED,0.5819,"{'via': 'replay_raw', 'cycle_id': 0, 'structure_id': 0, 'struct_direction': -1, 'timeframe': 'M15', 'use_case': 'first_counter', 'parent_tf': 'H1', 'parent_sid': 0, 'parent_cycle_id': 2, 'structure_path_id': 'H1.main >> M15.counter', 'sub_sid': 0, 'started_by': 'first_counter', 'start_trigger_idx': 2639}"
2736,RANGE,RANGE_UPDATED,,"{'hi': 0.5827, 'lo': 0.5818, 'structure_id': 0, 'struct_direction': -1, 'timeframe': 'M15', 'use_case': 'first_counter', 'parent_tf': 'H1', 'parent_sid': 0, 'parent_cycle_id': 2, 'structure_path_id': 'H1.main >> M15.counter', 'sub_sid': 0, 'started_by': 'first_counter', 'start_trigger_idx': 2639}"
2736,STRUCTURE,CTS_UPDATED,0.5818,"{'via': 'replay_raw', 'cycle_id': 0, 'structure_id': 0, 'struct_direction': -1, 'timeframe': 'M15', 'use_case': 'first_counter', 'parent_tf': 'H1', 'parent_sid': 0, 'parent_cycle_id': 2, 'structure_path_id': 'H1.main >> M15.counter', 'sub_sid': 0, 'started_by': 'first_counter', 'start_trigger_idx': 2639}"
2752,RANGE,RANGE_UPDATED,,"{'reason': 'pullback_expand', 'hi': 0.58327, 'lo': 0.5818, 'pat': 'one_maru_continuous', 'structure_id': 0, 'struct_direction': -1, 'timeframe': 'M15', 'use_case': 'first_counter', 'parent_tf': 'H1', 'parent_sid': 0, 'parent_cycle_id': 2, 'structure_path_id': 'H1.main >> M15.counter', 'sub_sid': 0, 'started_by': 'first_counter', 'start_trigger_idx': 2639}"
2752,STRUCTURE,CTS_CONFIRMED,0.5818,"{'via': 'one_maru_continuous', 'cycle_id': 0, 'structure_id': 0, 'struct_direction': -1, 'confirmed_at': 2752, 'cts_anchor_idx': 2736, 'confirmation_method': 'pullback', 'timeframe': 'M15', 'use_case': 'first_counter', 'parent_tf': 'H1', 'parent_sid': 0, 'parent_cycle_id': 2, 'structure_path_id': 'H1.main >> M15.counter', 'sub_sid': 0, 'started_by': 'first_counter', 'start_trigger_idx': 2639}"
2752,STATE,STATE_CHANGED,,"{'from': 'range', 'to': 'pullback', 'structure_id': 0, 'struct_direction': -1, 'reason': 'pullback_pattern', 'pat': 'one_maru_continuous', 'effective_idx': 163, 'timeframe': 'M15', 'use_case': 'first_counter', 'parent_tf': 'H1', 'parent_sid': 0, 'parent_cycle_id': 2, 'structure_path_id': 'H1.main >> M15.counter', 'sub_sid': 0, 'started_by': 'first_counter', 'start_trigger_idx': 2639}"
2752,RANGE,RANGE_UPDATED,,"{'hi': 0.58355, 'lo': 0.5818, 'structure_id': 0, 'struct_direction': -1, 'timeframe': 'M15', 'use_case': 'first_counter', 'parent_tf': 'H1', 'parent_sid': 0, 'parent_cycle_id': 2, 'structure_path_id': 'H1.main >> M15.counter', 'sub_sid': 0, 'started_by': 'first_counter', 'start_trigger_idx': 2639}"
2753,RANGE,RANGE_UPDATED,,"{'hi': 0.58366, 'lo': 0.5818, 'structure_id': 0, 'struct_direction': -1, 'timeframe': 'M15', 'use_case': 'first_counter', 'parent_tf': 'H1', 'parent_sid': 0, 'parent_cycle_id': 2, 'structure_path_id': 'H1.main >> M15.counter', 'sub_sid': 0, 'started_by': 'first_counter', 'start_trigger_idx': 2639}"
2754,RANGE,RANGE_UPDATED,,"{'hi': 0.5837, 'lo': 0.5818, 'structure_id': 0, 'struct_direction': -1, 'timeframe': 'M15', 'use_case': 'first_counter', 'parent_tf': 'H1', 'parent_sid': 0, 'parent_cycle_id': 2, 'structure_path_id': 'H1.main >> M15.counter', 'sub_sid': 0, 'started_by': 'first_counter', 'start_trigger_idx': 2639}"
2755,STATE,STATE_CHANGED,,"{'from': 'pullback', 'to': 'pullback_range', 'structure_id': 0, 'struct_direction': -1, 'reason': 'replay_no_expand_pullback_side', 'effective_idx': 166, 'timeframe': 'M15', 'use_case': 'first_counter', 'parent_tf': 'H1', 'parent_sid': 0, 'parent_cycle_id': 2, 'structure_path_id': 'H1.main >> M15.counter', 'sub_sid': 0, 'started_by': 'first_counter', 'start_trigger_idx': 2639}"
2756,RANGE,RANGE_UPDATED,,"{'hi': 0.58383, 'lo': 0.5818, 'structure_id': 0, 'struct_direction': -1, 'timeframe': 'M15', 'use_case': 'first_counter', 'parent_tf': 'H1', 'parent_sid': 0, 'parent_cycle_id': 2, 'structure_path_id': 'H1.main >> M15.counter', 'sub_sid': 0, 'started_by': 'first_counter', 'start_trigger_idx': 2639}"
2756,STATE,STATE_CHANGED,,"{'from': 'pullback_range', 'to': 'pullback', 'structure_id': 0, 'struct_direction': -1, 'reason': 'replay_expand_pullback_side', 'effective_idx': 167, 'timeframe': 'M15', 'use_case': 'first_counter', 'parent_tf': 'H1', 'parent_sid': 0, 'parent_cycle_id': 2, 'structure_path_id': 'H1.main >> M15.counter', 'sub_sid': 0, 'started_by': 'first_counter', 'start_trigger_idx': 2639}"
2757,RANGE,RANGE_UPDATED,,"{'hi': 0.58422, 'lo': 0.5818, 'structure_id': 0, 'struct_direction': -1, 'timeframe': 'M15', 'use_case': 'first_counter', 'parent_tf': 'H1', 'parent_sid': 0, 'parent_cycle_id': 2, 'structure_path_id': 'H1.main >> M15.counter', 'sub_sid': 0, 'started_by': 'first_counter', 'start_trigger_idx': 2639}"
2758,RANGE,RANGE_UPDATED,,"{'hi': 0.58424, 'lo': 0.5818, 'structure_id': 0, 'struct_direction': -1, 'timeframe': 'M15', 'use_case': 'first_counter', 'parent_tf': 'H1', 'parent_sid': 0, 'parent_cycle_id': 2, 'structure_path_id': 'H1.main >> M15.counter', 'sub_sid': 0, 'started_by': 'first_counter', 'start_trigger_idx': 2639}"
2759,STATE,STATE_CHANGED,,"{'from': 'pullback', 'to': 'pullback_range', 'structure_id': 0, 'struct_direction': -1, 'reason': 'replay_no_expand_pullback_side', 'effective_idx': 170, 'timeframe': 'M15', 'use_case': 'first_counter', 'parent_tf': 'H1', 'parent_sid': 0, 'parent_cycle_id': 2, 'structure_path_id': 'H1.main >> M15.counter', 'sub_sid': 0, 'started_by': 'first_counter', 'start_trigger_idx': 2639}"
2816,RANGE,RANGE_UPDATED,,"{'hi': 0.58424, 'lo': 0.58178, 'structure_id': 0, 'struct_direction': -1, 'timeframe': 'M15', 'use_case': 'first_counter', 'parent_tf': 'H1', 'parent_sid': 0, 'parent_cycle_id': 2, 'structure_path_id': 'H1.main >> M15.counter', 'sub_sid': 0, 'started_by': 'first_counter', 'start_trigger_idx': 2639}"
2816,STRUCTURE,CTS_THRESHOLD_UPDATED,0.58178,"{'prev': 0.5818, 'reason': 'range_sync', 'cycle_id': 0, 'structure_id': 0, 'struct_direction': -1, 'timeframe': 'M15', 'use_case': 'first_counter', 'parent_tf': 'H1', 'parent_sid': 0, 'parent_cycle_id': 2, 'structure_path_id': 'H1.main >> M15.counter', 'sub_sid': 0, 'started_by': 'first_counter', 'start_trigger_idx': 2639}"
2817,RANGE,RANGE_UPDATED,,"{'hi': 0.58424, 'lo': 0.58166, 'structure_id': 0, 'struct_direction': -1, 'timeframe': 'M15', 'use_case': 'first_counter', 'parent_tf': 'H1', 'parent_sid': 0, 'parent_cycle_id': 2, 'structure_path_id': 'H1.main >> M15.counter', 'sub_sid': 0, 'started_by': 'first_counter', 'start_trigger_idx': 2639}"
2817,STRUCTURE,CTS_THRESHOLD_UPDATED,0.58166,"{'prev': 0.58178, 'reason': 'range_sync', 'cycle_id': 0, 'structure_id': 0, 'struct_direction': -1, 'timeframe': 'M15', 'use_case': 'first_counter', 'parent_tf': 'H1', 'parent_sid': 0, 'parent_cycle_id': 2, 'structure_path_id': 'H1.main >> M15.counter', 'sub_sid': 0, 'started_by': 'first_counter', 'start_trigger_idx': 2639}"
2820,RANGE,RANGE_UPDATED,,"{'hi': 0.58424, 'lo': 0.58156, 'structure_id': 0, 'struct_direction': -1, 'timeframe': 'M15', 'use_case': 'first_counter', 'parent_tf': 'H1', 'parent_sid': 0, 'parent_cycle_id': 2, 'structure_path_id': 'H1.main >> M15.counter', 'sub_sid': 0, 'started_by': 'first_counter', 'start_trigger_idx': 2639}"
2820,STRUCTURE,CTS_THRESHOLD_UPDATED,0.58156,"{'prev': 0.58166, 'reason': 'range_sync', 'cycle_id': 0, 'structure_id': 0, 'struct_direction': -1, 'timeframe': 'M15', 'use_case': 'first_counter', 'parent_tf': 'H1', 'parent_sid': 0, 'parent_cycle_id': 2, 'structure_path_id': 'H1.main >> M15.counter', 'sub_sid': 0, 'started_by': 'first_counter', 'start_trigger_idx': 2639}"
2829,RANGE,RANGE_RESET,,"{'reason': 'range_breakout', 'pat': 'one_maru_opposite', 'structure_id': 0, 'struct_direction': -1, 'timeframe': 'M15', 'use_case': 'first_counter', 'parent_tf': 'H1', 'parent_sid': 0, 'parent_cycle_id': 2, 'structure_path_id': 'H1.main >> M15.counter', 'sub_sid': 0, 'started_by': 'first_counter', 'start_trigger_idx': 2639}"
2828,STRUCTURE,CTS_ESTABLISHED,0.5803,"{'via': 'one_maru_opposite', 'anchor_idx': 2824, 'pattern_name': 'one_maru_opposite', 'confirmed_at': 2829, 'cycle_id': 1, 'structure_id': 0, 'struct_direction': -1, 'timeframe': 'M15', 'use_case': 'first_counter', 'parent_tf': 'H1', 'parent_sid': 0, 'parent_cycle_id': 2, 'structure_path_id': 'H1.main >> M15.counter', 'sub_sid': 0, 'started_by': 'first_counter', 'start_trigger_idx': 2639}"
2758,STRUCTURE,BOS_CONFIRMED,0.58424,"{'source': 'pullback_extreme', 'confirmed_at': 2829, 'pb_start': 163, 'cycle_id': 1, 'structure_id': 0, 'struct_direction': -1, 'timeframe': 'M15', 'use_case': 'first_counter', 'parent_tf': 'H1', 'parent_sid': 0, 'parent_cycle_id': 2, 'structure_path_id': 'H1.main >> M15.counter', 'sub_sid': 0, 'started_by': 'first_counter', 'start_trigger_idx': 2639}"
2829,STATE,STATE_CHANGED,,"{'from': 'pullback_range', 'to': 'breakout', 'structure_id': 0, 'struct_direction': -1, 'reason': 'breakout_pattern', 'pat': 'one_maru_opposite', 'effective_idx': 240, 'timeframe': 'M15', 'use_case': 'first_counter', 'parent_tf': 'H1', 'parent_sid': 0, 'parent_cycle_id': 2, 'structure_path_id': 'H1.main >> M15.counter', 'sub_sid': 0, 'started_by': 'first_counter', 'start_trigger_idx': 2639}"
2832,RANGE,RANGE_STARTED,,"{'start_idx': 241, 'confirm_idx': 243, 'hi': 0.58112, 'lo': 0.5803, 'cts_idx': 239, 'cts_price': 0.5803, 'structure_id': 0, 'struct_direction': -1, 'timeframe': 'M15', 'use_case': 'first_counter', 'parent_tf': 'H1', 'parent_sid': 0, 'parent_cycle_id': 2, 'structure_path_id': 'H1.main >> M15.counter', 'sub_sid': 0, 'started_by': 'first_counter', 'start_trigger_idx': 2639}"
2832,STATE,STATE_CHANGED,,"{'from': 'breakout', 'to': 'range', 'structure_id': 0, 'struct_direction': -1, 'reason': 'range_confirmed', 'effective_idx': 241, 'timeframe': 'M15', 'use_case': 'first_counter', 'parent_tf': 'H1', 'parent_sid': 0, 'parent_cycle_id': 2, 'structure_path_id': 'H1.main >> M15.counter', 'sub_sid': 0, 'started_by': 'first_counter', 'start_trigger_idx': 2639}"
2836,RANGE,RANGE_UPDATED,,"{'hi': 0.58112, 'lo': 0.57996, 'structure_id': 0, 'struct_direction': -1, 'timeframe': 'M15', 'use_case': 'first_counter', 'parent_tf': 'H1', 'parent_sid': 0, 'parent_cycle_id': 2, 'structure_path_id': 'H1.main >> M15.counter', 'sub_sid': 0, 'started_by': 'first_counter', 'start_trigger_idx': 2639}"
2836,STRUCTURE,CTS_UPDATED,0.57996,"{'via': 'replay_raw', 'cycle_id': 1, 'structure_id': 0, 'struct_direction': -1, 'timeframe': 'M15', 'use_case': 'first_counter', 'parent_tf': 'H1', 'parent_sid': 0, 'parent_cycle_id': 2, 'structure_path_id': 'H1.main >> M15.counter', 'sub_sid': 0, 'started_by': 'first_counter', 'start_trigger_idx': 2639}"
2837,RANGE,RANGE_UPDATED,,"{'hi': 0.58112, 'lo': 0.5799, 'structure_id': 0, 'struct_direction': -1, 'timeframe': 'M15', 'use_case': 'first_counter', 'parent_tf': 'H1', 'parent_sid': 0, 'parent_cycle_id': 2, 'structure_path_id': 'H1.main >> M15.counter', 'sub_sid': 0, 'started_by': 'first_counter', 'start_trigger_idx': 2639}"
2837,STRUCTURE,CTS_UPDATED,0.5799,"{'via': 'replay_raw', 'cycle_id': 1, 'structure_id': 0, 'struct_direction': -1, 'timeframe': 'M15', 'use_case': 'first_counter', 'parent_tf': 'H1', 'parent_sid': 0, 'parent_cycle_id': 2, 'structure_path_id': 'H1.main >> M15.counter', 'sub_sid': 0, 'started_by': 'first_counter', 'start_trigger_idx': 2639}"
2838,RANGE,RANGE_UPDATED,,"{'hi': 0.58112, 'lo': 0.57989, 'structure_id': 0, 'struct_direction': -1, 'timeframe': 'M15', 'use_case': 'first_counter', 'parent_tf': 'H1', 'parent_sid': 0, 'parent_cycle_id': 2, 'structure_path_id': 'H1.main >> M15.counter', 'sub_sid': 0, 'started_by': 'first_counter', 'start_trigger_idx': 2639}"
2838,STRUCTURE,CTS_UPDATED,0.57989,"{'via': 'replay_raw', 'cycle_id': 1, 'structure_id': 0, 'struct_direction': -1, 'timeframe': 'M15', 'use_case': 'first_counter', 'parent_tf': 'H1', 'parent_sid': 0, 'parent_cycle_id': 2, 'structure_path_id': 'H1.main >> M15.counter', 'sub_sid': 0, 'started_by': 'first_counter', 'start_trigger_idx': 2639}"
2840,STRUCTURE,CTS_UPDATED,0.57966,"{'via': 'replay_raw', 'cycle_id': 1, 'structure_id': 0, 'struct_direction': -1, 'timeframe': 'M15', 'use_case': 'first_counter', 'parent_tf': 'H1', 'parent_sid': 0, 'parent_cycle_id': 2, 'structure_path_id': 'H1.main >> M15.counter', 'sub_sid': 0, 'started_by': 'first_counter', 'start_trigger_idx': 2639}"
2841,STRUCTURE,CTS_UPDATED,0.57907,"{'via': 'replay_raw', 'cycle_id': 1, 'structure_id': 0, 'struct_direction': -1, 'timeframe': 'M15', 'use_case': 'first_counter', 'parent_tf': 'H1', 'parent_sid': 0, 'parent_cycle_id': 2, 'structure_path_id': 'H1.main >> M15.counter', 'sub_sid': 0, 'started_by': 'first_counter', 'start_trigger_idx': 2639}"
2842,RANGE,RANGE_RESET,,"{'reason': 'range_breakout', 'pat': 'one_maru_continuous', 'structure_id': 0, 'struct_direction': -1, 'timeframe': 'M15', 'use_case': 'first_counter', 'parent_tf': 'H1', 'parent_sid': 0, 'parent_cycle_id': 2, 'structure_path_id': 'H1.main >> M15.counter', 'sub_sid': 0, 'started_by': 'first_counter', 'start_trigger_idx': 2639}"
2842,STRUCTURE,CTS_UPDATED,0.57902,"{'via': 'one_maru_continuous', 'cycle_id': 1, 'structure_id': 0, 'struct_direction': -1, 'timeframe': 'M15', 'use_case': 'first_counter', 'parent_tf': 'H1', 'parent_sid': 0, 'parent_cycle_id': 2, 'structure_path_id': 'H1.main >> M15.counter', 'sub_sid': 0, 'started_by': 'first_counter', 'start_trigger_idx': 2639}"
2842,STATE,STATE_CHANGED,,"{'from': 'range', 'to': 'breakout', 'structure_id': 0, 'struct_direction': -1, 'reason': 'breakout_pattern', 'pat': 'one_maru_continuous', 'effective_idx': 253, 'timeframe': 'M15', 'use_case': 'first_counter', 'parent_tf': 'H1', 'parent_sid': 0, 'parent_cycle_id': 2, 'structure_path_id': 'H1.main >> M15.counter', 'sub_sid': 0, 'started_by': 'first_counter', 'start_trigger_idx': 2639}"
3232,STRUCTURE,CTS_ESTABLISHED,0.57613,"{'via': 'one_maru_continuous', 'anchor_idx': 3231, 'pattern_name': 'one_maru_continuous', 'confirmed_at': 3232, 'cycle_id': 0, 'structure_id': 0, 'struct_direction': 1, 'timeframe': 'M15', 'use_case': 'first_counter', 'parent_tf': 'H1', 'parent_sid': 1, 'parent_cycle_id': 1, 'structure_path_id': 'H1.main >> M15.counter', 'sub_sid': 0, 'started_by': 'first_counter', 'start_trigger_idx': 3230}"
3230,STRUCTURE,BOS_CONFIRMED,0.57418,"{'source': 'initial_prior_extreme', 'confirmed_at': 3232, 'pb_start': None, 'cycle_id': 0, 'structure_id': 0, 'struct_direction': 1, 'timeframe': 'M15', 'use_case': 'first_counter', 'parent_tf': 'H1', 'parent_sid': 1, 'parent_cycle_id': 1, 'structure_path_id': 'H1.main >> M15.counter', 'sub_sid': 0, 'started_by': 'first_counter', 'start_trigger_idx': 3230}"
3232,STATE,STATE_CHANGED,,"{'from': 'none', 'to': 'breakout', 'structure_id': 0, 'struct_direction': 1, 'reason': 'breakout_pattern', 'pat': 'one_maru_continuous', 'effective_idx': 52, 'timeframe': 'M15', 'use_case': 'first_counter', 'parent_tf': 'H1', 'parent_sid': 1, 'parent_cycle_id': 1, 'structure_path_id': 'H1.main >> M15.counter', 'sub_sid': 0, 'started_by': 'first_counter', 'start_trigger_idx': 3230}"
3233,STRUCTURE,CTS_UPDATED,0.57646,"{'via': 'replay_raw', 'cycle_id': 0, 'structure_id': 0, 'struct_direction': 1, 'timeframe': 'M15', 'use_case': 'first_counter', 'parent_tf': 'H1', 'parent_sid': 1, 'parent_cycle_id': 1, 'structure_path_id': 'H1.main >> M15.counter', 'sub_sid': 0, 'started_by': 'first_counter', 'start_trigger_idx': 3230}"
3234,STRUCTURE,CTS_UPDATED,0.57674,"{'via': 'replay_raw', 'cycle_id': 0, 'structure_id': 0, 'struct_direction': 1, 'timeframe': 'M15', 'use_case': 'first_counter', 'parent_tf': 'H1', 'parent_sid': 1, 'parent_cycle_id': 1, 'structure_path_id': 'H1.main >> M15.counter', 'sub_sid': 0, 'started_by': 'first_counter', 'start_trigger_idx': 3230}"
3236,STRUCTURE,CTS_UPDATED,0.57762,"{'via': 'one_maru_continuous', 'cycle_id': 0, 'structure_id': 0, 'struct_direction': 1, 'timeframe': 'M15', 'use_case': 'first_counter', 'parent_tf': 'H1', 'parent_sid': 1, 'parent_cycle_id': 1, 'structure_path_id': 'H1.main >> M15.counter', 'sub_sid': 0, 'started_by': 'first_counter', 'start_trigger_idx': 3230}"
3237,STRUCTURE,CTS_UPDATED,0.57826,"{'via': 'replay_raw', 'cycle_id': 0, 'structure_id': 0, 'struct_direction': 1, 'timeframe': 'M15', 'use_case': 'first_counter', 'parent_tf': 'H1', 'parent_sid': 1, 'parent_cycle_id': 1, 'structure_path_id': 'H1.main >> M15.counter', 'sub_sid': 0, 'started_by': 'first_counter', 'start_trigger_idx': 3230}"
3238,STRUCTURE,CTS_UPDATED,0.57841,"{'via': 'replay_raw', 'cycle_id': 0, 'structure_id': 0, 'struct_direction': 1, 'timeframe': 'M15', 'use_case': 'first_counter', 'parent_tf': 'H1', 'parent_sid': 1, 'parent_cycle_id': 1, 'structure_path_id': 'H1.main >> M15.counter', 'sub_sid': 0, 'started_by': 'first_counter', 'start_trigger_idx': 3230}"
3239,STRUCTURE,CTS_UPDATED,0.57847,"{'via': 'replay_raw', 'cycle_id': 0, 'structure_id': 0, 'struct_direction': 1, 'timeframe': 'M15', 'use_case': 'first_counter', 'parent_tf': 'H1', 'parent_sid': 1, 'parent_cycle_id': 1, 'structure_path_id': 'H1.main >> M15.counter', 'sub_sid': 0, 'started_by': 'first_counter', 'start_trigger_idx': 3230}"
3240,STRUCTURE,CTS_UPDATED,0.57858,"{'via': 'replay_raw', 'cycle_id': 0, 'structure_id': 0, 'struct_direction': 1, 'timeframe': 'M15', 'use_case': 'first_counter', 'parent_tf': 'H1', 'parent_sid': 1, 'parent_cycle_id': 1, 'structure_path_id': 'H1.main >> M15.counter', 'sub_sid': 0, 'started_by': 'first_counter', 'start_trigger_idx': 3230}"
3241,STRUCTURE,CTS_UPDATED,0.57876,"{'via': 'replay_raw', 'cycle_id': 0, 'structure_id': 0, 'struct_direction': 1, 'timeframe': 'M15', 'use_case': 'first_counter', 'parent_tf': 'H1', 'parent_sid': 1, 'parent_cycle_id': 1, 'structure_path_id': 'H1.main >> M15.counter', 'sub_sid': 0, 'started_by': 'first_counter', 'start_trigger_idx': 3230}"
3242,STRUCTURE,CTS_UPDATED,0.57892,"{'via': 'replay_raw', 'cycle_id': 0, 'structure_id': 0, 'struct_direction': 1, 'timeframe': 'M15', 'use_case': 'first_counter', 'parent_tf': 'H1', 'parent_sid': 1, 'parent_cycle_id': 1, 'structure_path_id': 'H1.main >> M15.counter', 'sub_sid': 0, 'started_by': 'first_counter', 'start_trigger_idx': 3230}"
3243,STRUCTURE,CTS_UPDATED,0.57911,"{'via': 'replay_raw', 'cycle_id': 0, 'structure_id': 0, 'struct_direction': 1, 'timeframe': 'M15', 'use_case': 'first_counter', 'parent_tf': 'H1', 'parent_sid': 1, 'parent_cycle_id': 1, 'structure_path_id': 'H1.main >> M15.counter', 'sub_sid': 0, 'started_by': 'first_counter', 'start_trigger_idx': 3230}"
3244,RANGE,RANGE_STARTED,,"{'start_idx': 62, 'confirm_idx': 64, 'hi': 0.57911, 'lo': 0.5786, 'cts_idx': 63, 'cts_price': 0.57911, 'structure_id': 0, 'struct_direction': 1, 'timeframe': 'M15', 'use_case': 'first_counter', 'parent_tf': 'H1', 'parent_sid': 1, 'parent_cycle_id': 1, 'structure_path_id': 'H1.main >> M15.counter', 'sub_sid': 0, 'started_by': 'first_counter', 'start_trigger_idx': 3230}"
3244,STATE,STATE_CHANGED,,"{'from': 'breakout', 'to': 'range', 'structure_id': 0, 'struct_direction': 1, 'reason': 'range_confirmed', 'effective_idx': 62, 'timeframe': 'M15', 'use_case': 'first_counter', 'parent_tf': 'H1', 'parent_sid': 1, 'parent_cycle_id': 1, 'structure_path_id': 'H1.main >> M15.counter', 'sub_sid': 0, 'started_by': 'first_counter', 'start_trigger_idx': 3230}"
3243,RANGE,RANGE_UPDATED,,"{'hi': 0.57911, 'lo': 0.57852, 'structure_id': 0, 'struct_direction': 1, 'timeframe': 'M15', 'use_case': 'first_counter', 'parent_tf': 'H1', 'parent_sid': 1, 'parent_cycle_id': 1, 'structure_path_id': 'H1.main >> M15.counter', 'sub_sid': 0, 'started_by': 'first_counter', 'start_trigger_idx': 3230}"
3256,RANGE,RANGE_UPDATED,,"{'hi': 0.57919, 'lo': 0.57852, 'structure_id': 0, 'struct_direction': 1, 'timeframe': 'M15', 'use_case': 'first_counter', 'parent_tf': 'H1', 'parent_sid': 1, 'parent_cycle_id': 1, 'structure_path_id': 'H1.main >> M15.counter', 'sub_sid': 0, 'started_by': 'first_counter', 'start_trigger_idx': 3230}"
3256,STRUCTURE,CTS_UPDATED,0.57919,"{'via': 'replay_raw', 'cycle_id': 0, 'structure_id': 0, 'struct_direction': 1, 'timeframe': 'M15', 'use_case': 'first_counter', 'parent_tf': 'H1', 'parent_sid': 1, 'parent_cycle_id': 1, 'structure_path_id': 'H1.main >> M15.counter', 'sub_sid': 0, 'started_by': 'first_counter', 'start_trigger_idx': 3230}"
3271,RANGE,RANGE_UPDATED,,"{'hi': 0.57919, 'lo': 0.57845, 'structure_id': 0, 'struct_direction': 1, 'timeframe': 'M15', 'use_case': 'first_counter', 'parent_tf': 'H1', 'parent_sid': 1, 'parent_cycle_id': 1, 'structure_path_id': 'H1.main >> M15.counter', 'sub_sid': 0, 'started_by': 'first_counter', 'start_trigger_idx': 3230}"
3272,RANGE,RANGE_UPDATED,,"{'hi': 0.57919, 'lo': 0.57834, 'structure_id': 0, 'struct_direction': 1, 'timeframe': 'M15', 'use_case': 'first_counter', 'parent_tf': 'H1', 'parent_sid': 1, 'parent_cycle_id': 1, 'structure_path_id': 'H1.main >> M15.counter', 'sub_sid': 0, 'started_by': 'first_counter', 'start_trigger_idx': 3230}"
3274,RANGE,RANGE_UPDATED,,"{'hi': 0.57919, 'lo': 0.57828, 'structure_id': 0, 'struct_direction': 1, 'timeframe': 'M15', 'use_case': 'first_counter', 'parent_tf': 'H1', 'parent_sid': 1, 'parent_cycle_id': 1, 'structure_path_id': 'H1.main >> M15.counter', 'sub_sid': 0, 'started_by': 'first_counter', 'start_trigger_idx': 3230}"
3276,RANGE,RANGE_UPDATED,,"{'hi': 0.57919, 'lo': 0.57799, 'structure_id': 0, 'struct_direction': 1, 'timeframe': 'M15', 'use_case': 'first_counter', 'parent_tf': 'H1', 'parent_sid': 1, 'parent_cycle_id': 1, 'structure_path_id': 'H1.main >> M15.counter', 'sub_sid': 0, 'started_by': 'first_counter', 'start_trigger_idx': 3230}"
3277,RANGE,RANGE_UPDATED,,"{'hi': 0.57919, 'lo': 0.57793, 'structure_id': 0, 'struct_direction': 1, 'timeframe': 'M15', 'use_case': 'first_counter', 'parent_tf': 'H1', 'parent_sid': 1, 'parent_cycle_id': 1, 'structure_path_id': 'H1.main >> M15.counter', 'sub_sid': 0, 'started_by': 'first_counter', 'start_trigger_idx': 3230}"
3279,RANGE,RANGE_UPDATED,,"{'hi': 0.57968, 'lo': 0.57793, 'structure_id': 0, 'struct_direction': 1, 'timeframe': 'M15', 'use_case': 'first_counter', 'parent_tf': 'H1', 'parent_sid': 1, 'parent_cycle_id': 1, 'structure_path_id': 'H1.main >> M15.counter', 'sub_sid': 0, 'started_by': 'first_counter', 'start_trigger_idx': 3230}"
3279,STRUCTURE,CTS_UPDATED,0.57968,"{'via': 'replay_raw', 'cycle_id': 0, 'structure_id': 0, 'struct_direction': 1, 'timeframe': 'M15', 'use_case': 'first_counter', 'parent_tf': 'H1', 'parent_sid': 1, 'parent_cycle_id': 1, 'structure_path_id': 'H1.main >> M15.counter', 'sub_sid': 0, 'started_by': 'first_counter', 'start_trigger_idx': 3230}"
3280,RANGE,RANGE_UPDATED,,"{'hi': 0.57993, 'lo': 0.57793, 'structure_id': 0, 'struct_direction': 1, 'timeframe': 'M15', 'use_case': 'first_counter', 'parent_tf': 'H1', 'parent_sid': 1, 'parent_cycle_id': 1, 'structure_path_id': 'H1.main >> M15.counter', 'sub_sid': 0, 'started_by': 'first_counter', 'start_trigger_idx': 3230}"
3280,STRUCTURE,CTS_UPDATED,0.57993,"{'via': 'replay_raw', 'cycle_id': 0, 'structure_id': 0, 'struct_direction': 1, 'timeframe': 'M15', 'use_case': 'first_counter', 'parent_tf': 'H1', 'parent_sid': 1, 'parent_cycle_id': 1, 'structure_path_id': 'H1.main >> M15.counter', 'sub_sid': 0, 'started_by': 'first_counter', 'start_trigger_idx': 3230}"
3282,RANGE,RANGE_UPDATED,,"{'hi': 0.57995, 'lo': 0.57793, 'structure_id': 0, 'struct_direction': 1, 'timeframe': 'M15', 'use_case': 'first_counter', 'parent_tf': 'H1', 'parent_sid': 1, 'parent_cycle_id': 1, 'structure_path_id': 'H1.main >> M15.counter', 'sub_sid': 0, 'started_by': 'first_counter', 'start_trigger_idx': 3230}"
3282,STRUCTURE,CTS_UPDATED,0.57995,"{'via': 'replay_raw', 'cycle_id': 0, 'structure_id': 0, 'struct_direction': 1, 'timeframe': 'M15', 'use_case': 'first_counter', 'parent_tf': 'H1', 'parent_sid': 1, 'parent_cycle_id': 1, 'structure_path_id': 'H1.main >> M15.counter', 'sub_sid': 0, 'started_by': 'first_counter', 'start_trigger_idx': 3230}"
3283,RANGE,RANGE_UPDATED,,"{'hi': 0.58064, 'lo': 0.57793, 'structure_id': 0, 'struct_direction': 1, 'timeframe': 'M15', 'use_case': 'first_counter', 'parent_tf': 'H1', 'parent_sid': 1, 'parent_cycle_id': 1, 'structure_path_id': 'H1.main >> M15.counter', 'sub_sid': 0, 'started_by': 'first_counter', 'start_trigger_idx': 3230}"
3283,STRUCTURE,CTS_UPDATED,0.58064,"{'via': 'replay_raw', 'cycle_id': 0, 'structure_id': 0, 'struct_direction': 1, 'timeframe': 'M15', 'use_case': 'first_counter', 'parent_tf': 'H1', 'parent_sid': 1, 'parent_cycle_id': 1, 'structure_path_id': 'H1.main >> M15.counter', 'sub_sid': 0, 'started_by': 'first_counter', 'start_trigger_idx': 3230}"
3299,RANGE,RANGE_UPDATED,,"{'hi': 0.58078, 'lo': 0.57793, 'structure_id': 0, 'struct_direction': 1, 'timeframe': 'M15', 'use_case': 'first_counter', 'parent_tf': 'H1', 'parent_sid': 1, 'parent_cycle_id': 1, 'structure_path_id': 'H1.main >> M15.counter', 'sub_sid': 0, 'started_by': 'first_counter', 'start_trigger_idx': 3230}"
3299,STRUCTURE,CTS_UPDATED,0.58078,"{'via': 'replay_raw', 'cycle_id': 0, 'structure_id': 0, 'struct_direction': 1, 'timeframe': 'M15', 'use_case': 'first_counter', 'parent_tf': 'H1', 'parent_sid': 1, 'parent_cycle_id': 1, 'structure_path_id': 'H1.main >> M15.counter', 'sub_sid': 0, 'started_by': 'first_counter', 'start_trigger_idx': 3230}"
3300,RANGE,RANGE_UPDATED,,"{'hi': 0.581, 'lo': 0.57793, 'structure_id': 0, 'struct_direction': 1, 'timeframe': 'M15', 'use_case': 'first_counter', 'parent_tf': 'H1', 'parent_sid': 1, 'parent_cycle_id': 1, 'structure_path_id': 'H1.main >> M15.counter', 'sub_sid': 0, 'started_by': 'first_counter', 'start_trigger_idx': 3230}"
3300,STRUCTURE,CTS_UPDATED,0.581,"{'via': 'replay_raw', 'cycle_id': 0, 'structure_id': 0, 'struct_direction': 1, 'timeframe': 'M15', 'use_case': 'first_counter', 'parent_tf': 'H1', 'parent_sid': 1, 'parent_cycle_id': 1, 'structure_path_id': 'H1.main >> M15.counter', 'sub_sid': 0, 'started_by': 'first_counter', 'start_trigger_idx': 3230}"
3304,RANGE,RANGE_UPDATED,,"{'hi': 0.58105, 'lo': 0.57793, 'structure_id': 0, 'struct_direction': 1, 'timeframe': 'M15', 'use_case': 'first_counter', 'parent_tf': 'H1', 'parent_sid': 1, 'parent_cycle_id': 1, 'structure_path_id': 'H1.main >> M15.counter', 'sub_sid': 0, 'started_by': 'first_counter', 'start_trigger_idx': 3230}"
3304,STRUCTURE,CTS_UPDATED,0.58105,"{'via': 'replay_raw', 'cycle_id': 0, 'structure_id': 0, 'struct_direction': 1, 'timeframe': 'M15', 'use_case': 'first_counter', 'parent_tf': 'H1', 'parent_sid': 1, 'parent_cycle_id': 1, 'structure_path_id': 'H1.main >> M15.counter', 'sub_sid': 0, 'started_by': 'first_counter', 'start_trigger_idx': 3230}"
3333,RANGE,RANGE_UPDATED,,"{'hi': 0.58105, 'lo': 0.57785, 'structure_id': 0, 'struct_direction': 1, 'timeframe': 'M15', 'use_case': 'first_counter', 'parent_tf': 'H1', 'parent_sid': 1, 'parent_cycle_id': 1, 'structure_path_id': 'H1.main >> M15.counter', 'sub_sid': 0, 'started_by': 'first_counter', 'start_trigger_idx': 3230}"
3334,RANGE,RANGE_UPDATED,,"{'hi': 0.58105, 'lo': 0.57718, 'structure_id': 0, 'struct_direction': 1, 'timeframe': 'M15', 'use_case': 'first_counter', 'parent_tf': 'H1', 'parent_sid': 1, 'parent_cycle_id': 1, 'structure_path_id': 'H1.main >> M15.counter', 'sub_sid': 0, 'started_by': 'first_counter', 'start_trigger_idx': 3230}"
3336,RANGE,RANGE_UPDATED,,"{'hi': 0.58105, 'lo': 0.57688, 'structure_id': 0, 'struct_direction': 1, 'timeframe': 'M15', 'use_case': 'first_counter', 'parent_tf': 'H1', 'parent_sid': 1, 'parent_cycle_id': 1, 'structure_path_id': 'H1.main >> M15.counter', 'sub_sid': 0, 'started_by': 'first_counter', 'start_trigger_idx': 3230}"
3465,RANGE,RANGE_UPDATED,,"{'hi': 0.58105, 'lo': 0.57671, 'structure_id': 0, 'struct_direction': 1, 'timeframe': 'M15', 'use_case': 'first_counter', 'parent_tf': 'H1', 'parent_sid': 1, 'parent_cycle_id': 1, 'structure_path_id': 'H1.main >> M15.counter', 'sub_sid': 0, 'started_by': 'first_counter', 'start_trigger_idx': 3230}"
3467,RANGE,RANGE_UPDATED,,"{'hi': 0.58105, 'lo': 0.57668, 'structure_id': 0, 'struct_direction': 1, 'timeframe': 'M15', 'use_case': 'first_counter', 'parent_tf': 'H1', 'parent_sid': 1, 'parent_cycle_id': 1, 'structure_path_id': 'H1.main >> M15.counter', 'sub_sid': 0, 'started_by': 'first_counter', 'start_trigger_idx': 3230}"
3468,RANGE,RANGE_UPDATED,,"{'hi': 0.58105, 'lo': 0.57667, 'structure_id': 0, 'struct_direction': 1, 'timeframe': 'M15', 'use_case': 'first_counter', 'parent_tf': 'H1', 'parent_sid': 1, 'parent_cycle_id': 1, 'structure_path_id': 'H1.main >> M15.counter', 'sub_sid': 0, 'started_by': 'first_counter', 'start_trigger_idx': 3230}"
3470,RANGE,RANGE_UPDATED,,"{'hi': 0.58105, 'lo': 0.57658, 'structure_id': 0, 'struct_direction': 1, 'timeframe': 'M15', 'use_case': 'first_counter', 'parent_tf': 'H1', 'parent_sid': 1, 'parent_cycle_id': 1, 'structure_path_id': 'H1.main >> M15.counter', 'sub_sid': 0, 'started_by': 'first_counter', 'start_trigger_idx': 3230}"
3472,RANGE,RANGE_UPDATED,,"{'hi': 0.58105, 'lo': 0.57656, 'structure_id': 0, 'struct_direction': 1, 'timeframe': 'M15', 'use_case': 'first_counter', 'parent_tf': 'H1', 'parent_sid': 1, 'parent_cycle_id': 1, 'structure_path_id': 'H1.main >> M15.counter', 'sub_sid': 0, 'started_by': 'first_counter', 'start_trigger_idx': 3230}"
3473,RANGE,RANGE_UPDATED,,"{'hi': 0.58105, 'lo': 0.57619, 'structure_id': 0, 'struct_direction': 1, 'timeframe': 'M15', 'use_case': 'first_counter', 'parent_tf': 'H1', 'parent_sid': 1, 'parent_cycle_id': 1, 'structure_path_id': 'H1.main >> M15.counter', 'sub_sid': 0, 'started_by': 'first_counter', 'start_trigger_idx': 3230}"
3485,RANGE,RANGE_UPDATED,,"{'hi': 0.58105, 'lo': 0.57606, 'structure_id': 0, 'struct_direction': 1, 'timeframe': 'M15', 'use_case': 'first_counter', 'parent_tf': 'H1', 'parent_sid': 1, 'parent_cycle_id': 1, 'structure_path_id': 'H1.main >> M15.counter', 'sub_sid': 0, 'started_by': 'first_counter', 'start_trigger_idx': 3230}"
3487,RANGE,RANGE_UPDATED,,"{'hi': 0.58105, 'lo': 0.57604, 'structure_id': 0, 'struct_direction': 1, 'timeframe': 'M15', 'use_case': 'first_counter', 'parent_tf': 'H1', 'parent_sid': 1, 'parent_cycle_id': 1, 'structure_path_id': 'H1.main >> M15.counter', 'sub_sid': 0, 'started_by': 'first_counter', 'start_trigger_idx': 3230}"
3489,RANGE,RANGE_UPDATED,,"{'reason': 'pullback_expand', 'hi': 0.58105, 'lo': 0.57513, 'pat': 'one_maru_continuous', 'structure_id': 0, 'struct_direction': 1, 'timeframe': 'M15', 'use_case': 'first_counter', 'parent_tf': 'H1', 'parent_sid': 1, 'parent_cycle_id': 1, 'structure_path_id': 'H1.main >> M15.counter', 'sub_sid': 0, 'started_by': 'first_counter', 'start_trigger_idx': 3230}"
3489,STRUCTURE,CTS_CONFIRMED,0.58105,"{'via': 'one_maru_continuous', 'cycle_id': 0, 'structure_id': 0, 'struct_direction': 1, 'confirmed_at': 3489, 'cts_anchor_idx': 3304, 'confirmation_method': 'pullback', 'timeframe': 'M15', 'use_case': 'first_counter', 'parent_tf': 'H1', 'parent_sid': 1, 'parent_cycle_id': 1, 'structure_path_id': 'H1.main >> M15.counter', 'sub_sid': 0, 'started_by': 'first_counter', 'start_trigger_idx': 3230}"
3489,STATE,STATE_CHANGED,,"{'from': 'range', 'to': 'pullback', 'structure_id': 0, 'struct_direction': 1, 'reason': 'pullback_pattern', 'pat': 'one_maru_continuous', 'effective_idx': 309, 'timeframe': 'M15', 'use_case': 'first_counter', 'parent_tf': 'H1', 'parent_sid': 1, 'parent_cycle_id': 1, 'structure_path_id': 'H1.main >> M15.counter', 'sub_sid': 0, 'started_by': 'first_counter', 'start_trigger_idx': 3230}"
3490,STATE,STATE_CHANGED,,"{'from': 'pullback', 'to': 'pullback_range', 'structure_id': 0, 'struct_direction': 1, 'reason': 'replay_no_expand_pullback_side', 'effective_idx': 310, 'timeframe': 'M15', 'use_case': 'first_counter', 'parent_tf': 'H1', 'parent_sid': 1, 'parent_cycle_id': 1, 'structure_path_id': 'H1.main >> M15.counter', 'sub_sid': 0, 'started_by': 'first_counter', 'start_trigger_idx': 3230}"
3496,RANGE,RANGE_UPDATED,,"{'hi': 0.58105, 'lo': 0.57503, 'structure_id': 0, 'struct_direction': 1, 'timeframe': 'M15', 'use_case': 'first_counter', 'parent_tf': 'H1', 'parent_sid': 1, 'parent_cycle_id': 1, 'structure_path_id': 'H1.main >> M15.counter', 'sub_sid': 0, 'started_by': 'first_counter', 'start_trigger_idx': 3230}"
3496,STATE,STATE_CHANGED,,"{'from': 'pullback_range', 'to': 'pullback', 'structure_id': 0, 'struct_direction': 1, 'reason': 'replay_expand_pullback_side', 'effective_idx': 316, 'timeframe': 'M15', 'use_case': 'first_counter', 'parent_tf': 'H1', 'parent_sid': 1, 'parent_cycle_id': 1, 'structure_path_id': 'H1.main >> M15.counter', 'sub_sid': 0, 'started_by': 'first_counter', 'start_trigger_idx': 3230}"
3497,STATE,STATE_CHANGED,,"{'from': 'pullback', 'to': 'pullback_range', 'structure_id': 0, 'struct_direction': 1, 'reason': 'replay_no_expand_pullback_side', 'effective_idx': 317, 'timeframe': 'M15', 'use_case': 'first_counter', 'parent_tf': 'H1', 'parent_sid': 1, 'parent_cycle_id': 1, 'structure_path_id': 'H1.main >> M15.counter', 'sub_sid': 0, 'started_by': 'first_counter', 'start_trigger_idx': 3230}"
3498,RANGE,RANGE_UPDATED,,"{'hi': 0.58105, 'lo': 0.57494, 'structure_id': 0, 'struct_direction': 1, 'timeframe': 'M15', 'use_case': 'first_counter', 'parent_tf': 'H1', 'parent_sid': 1, 'parent_cycle_id': 1, 'structure_path_id': 'H1.main >> M15.counter', 'sub_sid': 0, 'started_by': 'first_counter', 'start_trigger_idx': 3230}"
3498,STATE,STATE_CHANGED,,"{'from': 'pullback_range', 'to': 'pullback', 'structure_id': 0, 'struct_direction': 1, 'reason': 'replay_expand_pullback_side', 'effective_idx': 318, 'timeframe': 'M15', 'use_case': 'first_counter', 'parent_tf': 'H1', 'parent_sid': 1, 'parent_cycle_id': 1, 'structure_path_id': 'H1.main >> M15.counter', 'sub_sid': 0, 'started_by': 'first_counter', 'start_trigger_idx': 3230}"
3499,RANGE,RANGE_UPDATED,,"{'hi': 0.58105, 'lo': 0.57458, 'structure_id': 0, 'struct_direction': 1, 'timeframe': 'M15', 'use_case': 'first_counter', 'parent_tf': 'H1', 'parent_sid': 1, 'parent_cycle_id': 1, 'structure_path_id': 'H1.main >> M15.counter', 'sub_sid': 0, 'started_by': 'first_counter', 'start_trigger_idx': 3230}"
3500,STATE,STATE_CHANGED,,"{'from': 'pullback', 'to': 'pullback_range', 'structure_id': 0, 'struct_direction': 1, 'reason': 'replay_no_expand_pullback_side', 'effective_idx': 320, 'timeframe': 'M15', 'use_case': 'first_counter', 'parent_tf': 'H1', 'parent_sid': 1, 'parent_cycle_id': 1, 'structure_path_id': 'H1.main >> M15.counter', 'sub_sid': 0, 'started_by': 'first_counter', 'start_trigger_idx': 3230}"
3501,RANGE,RANGE_UPDATED,,"{'hi': 0.58105, 'lo': 0.57442, 'structure_id': 0, 'struct_direction': 1, 'timeframe': 'M15', 'use_case': 'first_counter', 'parent_tf': 'H1', 'parent_sid': 1, 'parent_cycle_id': 1, 'structure_path_id': 'H1.main >> M15.counter', 'sub_sid': 0, 'started_by': 'first_counter', 'start_trigger_idx': 3230}"
3501,STATE,STATE_CHANGED,,"{'from': 'pullback_range', 'to': 'pullback', 'structure_id': 0, 'struct_direction': 1, 'reason': 'replay_expand_pullback_side', 'effective_idx': 321, 'timeframe': 'M15', 'use_case': 'first_counter', 'parent_tf': 'H1', 'parent_sid': 1, 'parent_cycle_id': 1, 'structure_path_id': 'H1.main >> M15.counter', 'sub_sid': 0, 'started_by': 'first_counter', 'start_trigger_idx': 3230}"
3502,RANGE,RANGE_UPDATED,,"{'hi': 0.58105, 'lo': 0.5741, 'structure_id': 0, 'struct_direction': 1, 'timeframe': 'M15', 'use_case': 'first_counter', 'parent_tf': 'H1', 'parent_sid': 1, 'parent_cycle_id': 1, 'structure_path_id': 'H1.main >> M15.counter', 'sub_sid': 0, 'started_by': 'first_counter', 'start_trigger_idx': 3230}"
3502,STRUCTURE,BOS_THRESHOLD_UPDATED,0.5741,"{'prev': 0.57418, 'reason': 'probe_no_break', 'cycle_id': 0, 'structure_id': 0, 'struct_direction': 1, 'timeframe': 'M15', 'use_case': 'first_counter', 'parent_tf': 'H1', 'parent_sid': 1, 'parent_cycle_id': 1, 'structure_path_id': 'H1.main >> M15.counter', 'sub_sid': 0, 'started_by': 'first_counter', 'start_trigger_idx': 3230}"
3503,RANGE,RANGE_UPDATED,,"{'hi': 0.58105, 'lo': 0.57407, 'structure_id': 0, 'struct_direction': 1, 'timeframe': 'M15', 'use_case': 'first_counter', 'parent_tf': 'H1', 'parent_sid': 1, 'parent_cycle_id': 1, 'structure_path_id': 'H1.main >> M15.counter', 'sub_sid': 0, 'started_by': 'first_counter', 'start_trigger_idx': 3230}"
3503,STRUCTURE,BOS_THRESHOLD_UPDATED,0.57407,"{'prev': 0.5741, 'reason': 'probe_no_break', 'cycle_id': 0, 'structure_id': 0, 'struct_direction': 1, 'timeframe': 'M15', 'use_case': 'first_counter', 'parent_tf': 'H1', 'parent_sid': 1, 'parent_cycle_id': 1, 'structure_path_id': 'H1.main >> M15.counter', 'sub_sid': 0, 'started_by': 'first_counter', 'start_trigger_idx': 3230}"
3504,STATE,STATE_CHANGED,,"{'from': 'pullback', 'to': 'pullback_range', 'structure_id': 0, 'struct_direction': 1, 'reason': 'replay_no_expand_pullback_side', 'effective_idx': 324, 'timeframe': 'M15', 'use_case': 'first_counter', 'parent_tf': 'H1', 'parent_sid': 1, 'parent_cycle_id': 1, 'structure_path_id': 'H1.main >> M15.counter', 'sub_sid': 0, 'started_by': 'first_counter', 'start_trigger_idx': 3230}"
3521,RANGE,RANGE_UPDATED,,"{'hi': 0.58105, 'lo': 0.57376, 'structure_id': 0, 'struct_direction': 1, 'timeframe': 'M15', 'use_case': 'first_counter', 'parent_tf': 'H1', 'parent_sid': 1, 'parent_cycle_id': 1, 'structure_path_id': 'H1.main >> M15.counter', 'sub_sid': 0, 'started_by': 'first_counter', 'start_trigger_idx': 3230}"
3521,STATE,STATE_CHANGED,,"{'from': 'pullback_range', 'to': 'pullback', 'structure_id': 0, 'struct_direction': 1, 'reason': 'replay_expand_pullback_side', 'effective_idx': 341, 'timeframe': 'M15', 'use_case': 'first_counter', 'parent_tf': 'H1', 'parent_sid': 1, 'parent_cycle_id': 1, 'structure_path_id': 'H1.main >> M15.counter', 'sub_sid': 0, 'started_by': 'first_counter', 'start_trigger_idx': 3230}"
3521,STRUCTURE,BOS_THRESHOLD_UPDATED,0.57376,"{'prev': 0.57407, 'reason': 'probe_no_break', 'cycle_id': 0, 'structure_id': 0, 'struct_direction': 1, 'timeframe': 'M15', 'use_case': 'first_counter', 'parent_tf': 'H1', 'parent_sid': 1, 'parent_cycle_id': 1, 'structure_path_id': 'H1.main >> M15.counter', 'sub_sid': 0, 'started_by': 'first_counter', 'start_trigger_idx': 3230}"
3522,STATE,STATE_CHANGED,,"{'from': 'pullback', 'to': 'pullback_range', 'structure_id': 0, 'struct_direction': 1, 'reason': 'replay_no_expand_pullback_side', 'effective_idx': 342, 'timeframe': 'M15', 'use_case': 'first_counter', 'parent_tf': 'H1', 'parent_sid': 1, 'parent_cycle_id': 1, 'structure_path_id': 'H1.main >> M15.counter', 'sub_sid': 0, 'started_by': 'first_counter', 'start_trigger_idx': 3230}"
3588,STRUCTURE,REVERSAL_WATCH_START,0.57376,"{'anchor_idx': 3588, 'bos_frozen': 0.57376, 'expires_idx': 413, 'structure_id': 0, 'struct_direction': 1, 'timeframe': 'M15', 'use_case': 'first_counter', 'parent_tf': 'H1', 'parent_sid': 1, 'parent_cycle_id': 1, 'structure_path_id': 'H1.main >> M15.counter', 'sub_sid': 0, 'started_by': 'first_counter', 'start_trigger_idx': 3230}"
3588,STRUCTURE,REVERSAL_CANDIDATE,0.57376,"{'anchor_idx': 3588, 'apply_idx': 3589, 'pattern': '?', 'bos_frozen': 0.57376, 'expires_idx': 413, 'structure_id': 0, 'struct_direction': 1, 'timeframe': 'M15', 'use_case': 'first_counter', 'parent_tf': 'H1', 'parent_sid': 1, 'parent_cycle_id': 1, 'structure_path_id': 'H1.main >> M15.counter', 'sub_sid': 0, 'started_by': 'first_counter', 'start_trigger_idx': 3230}"
3589,STATE,STATE_CHANGED,,"{'from': 'pullback_range', 'to': 'reversal', 'structure_id': 0, 'struct_direction': 1, 'reason': 'reversal_pattern', 'pat': 'one_maru_continuous', 'bos_frozen': 0.57376, 'effective_idx': 409, 'timeframe': 'M15', 'use_case': 'first_counter', 'parent_tf': 'H1', 'parent_sid': 1, 'parent_cycle_id': 1, 'structure_path_id': 'H1.main >> M15.counter', 'sub_sid': 0, 'started_by': 'first_counter', 'start_trigger_idx': 3230}"
3589,RANGE,RANGE_UPDATED,,"{'hi': 0.58105, 'lo': 0.57318, 'structure_id': 0, 'struct_direction': 1, 'timeframe': 'M15', 'use_case': 'first_counter', 'parent_tf': 'H1', 'parent_sid': 1, 'parent_cycle_id': 1, 'structure_path_id': 'H1.main >> M15.counter', 'sub_sid': 0, 'started_by': 'first_counter', 'start_trigger_idx': 3230}"
3306,STRUCTURE,CTS_ESTABLISHED,0.57965,"{'via': 'one_maru_continuous', 'anchor_idx': 3305, 'pattern_name': 'one_maru_continuous', 'confirmed_at': 3306, 'cycle_id': 0, 'structure_id': 0, 'struct_direction': -1, 'timeframe': 'M15', 'use_case': 'reversal', 'parent_tf': 'H1', 'parent_sid': 1, 'parent_cycle_id': 1, 'structure_path_id': 'H1.main >> M15.counter', 'sub_sid': 1, 'started_by': 'reversal', 'start_trigger_idx': 3589}"
3304,STRUCTURE,BOS_CONFIRMED,0.58105,"{'source': 'initial_prior_extreme', 'confirmed_at': 3306, 'pb_start': None, 'cycle_id': 0, 'structure_id': 0, 'struct_direction': -1, 'timeframe': 'M15', 'use_case': 'reversal', 'parent_tf': 'H1', 'parent_sid': 1, 'parent_cycle_id': 1, 'structure_path_id': 'H1.main >> M15.counter', 'sub_sid': 1, 'started_by': 'reversal', 'start_trigger_idx': 3589}"
3306,STATE,STATE_CHANGED,,"{'from': 'none', 'to': 'breakout', 'structure_id': 0, 'struct_direction': -1, 'reason': 'breakout_pattern', 'pat': 'one_maru_continuous', 'effective_idx': 52, 'timeframe': 'M15', 'use_case': 'reversal', 'parent_tf': 'H1', 'parent_sid': 1, 'parent_cycle_id': 1, 'structure_path_id': 'H1.main >> M15.counter', 'sub_sid': 1, 'started_by': 'reversal', 'start_trigger_idx': 3589}"
3307,STRUCTURE,CTS_UPDATED,0.57951,"{'via': 'replay_raw', 'cycle_id': 0, 'structure_id': 0, 'struct_direction': -1, 'timeframe': 'M15', 'use_case': 'reversal', 'parent_tf': 'H1', 'parent_sid': 1, 'parent_cycle_id': 1, 'structure_path_id': 'H1.main >> M15.counter', 'sub_sid': 1, 'started_by': 'reversal', 'start_trigger_idx': 3589}"
3308,STRUCTURE,CTS_UPDATED,0.57912,"{'via': 'replay_raw', 'cycle_id': 0, 'structure_id': 0, 'struct_direction': -1, 'timeframe': 'M15', 'use_case': 'reversal', 'parent_tf': 'H1', 'parent_sid': 1, 'parent_cycle_id': 1, 'structure_path_id': 'H1.main >> M15.counter', 'sub_sid': 1, 'started_by': 'reversal', 'start_trigger_idx': 3589}"
3309,STRUCTURE,CTS_UPDATED,0.57896,"{'via': 'replay_raw', 'cycle_id': 0, 'structure_id': 0, 'struct_direction': -1, 'timeframe': 'M15', 'use_case': 'reversal', 'parent_tf': 'H1', 'parent_sid': 1, 'parent_cycle_id': 1, 'structure_path_id': 'H1.main >> M15.counter', 'sub_sid': 1, 'started_by': 'reversal', 'start_trigger_idx': 3589}"
3311,RANGE,RANGE_STARTED,,"{'start_idx': 55, 'confirm_idx': 57, 'hi': 0.57948, 'lo': 0.57896, 'cts_idx': 55, 'cts_price': 0.57896, 'structure_id': 0, 'struct_direction': -1, 'timeframe': 'M15', 'use_case': 'reversal', 'parent_tf': 'H1', 'parent_sid': 1, 'parent_cycle_id': 1, 'structure_path_id': 'H1.main >> M15.counter', 'sub_sid': 1, 'started_by': 'reversal', 'start_trigger_idx': 3589}"
3311,STATE,STATE_CHANGED,,"{'from': 'breakout', 'to': 'range', 'structure_id': 0, 'struct_direction': -1, 'reason': 'range_confirmed', 'effective_idx': 55, 'timeframe': 'M15', 'use_case': 'reversal', 'parent_tf': 'H1', 'parent_sid': 1, 'parent_cycle_id': 1, 'structure_path_id': 'H1.main >> M15.counter', 'sub_sid': 1, 'started_by': 'reversal', 'start_trigger_idx': 3589}"
3310,RANGE,RANGE_UPDATED,,"{'hi': 0.57949, 'lo': 0.57896, 'structure_id': 0, 'struct_direction': -1, 'timeframe': 'M15', 'use_case': 'reversal', 'parent_tf': 'H1', 'parent_sid': 1, 'parent_cycle_id': 1, 'structure_path_id': 'H1.main >> M15.counter', 'sub_sid': 1, 'started_by': 'reversal', 'start_trigger_idx': 3589}"
3311,RANGE,RANGE_UPDATED,,"{'hi': 0.57964, 'lo': 0.57896, 'structure_id': 0, 'struct_direction': -1, 'timeframe': 'M15', 'use_case': 'reversal', 'parent_tf': 'H1', 'parent_sid': 1, 'parent_cycle_id': 1, 'structure_path_id': 'H1.main >> M15.counter', 'sub_sid': 1, 'started_by': 'reversal', 'start_trigger_idx': 3589}"
3312,RANGE,RANGE_UPDATED,,"{'hi': 0.57964, 'lo': 0.57884, 'structure_id': 0, 'struct_direction': -1, 'timeframe': 'M15', 'use_case': 'reversal', 'parent_tf': 'H1', 'parent_sid': 1, 'parent_cycle_id': 1, 'structure_path_id': 'H1.main >> M15.counter', 'sub_sid': 1, 'started_by': 'reversal', 'start_trigger_idx': 3589}"
3312,STRUCTURE,CTS_UPDATED,0.57884,"{'via': 'replay_raw', 'cycle_id': 0, 'structure_id': 0, 'struct_direction': -1, 'timeframe': 'M15', 'use_case': 'reversal', 'parent_tf': 'H1', 'parent_sid': 1, 'parent_cycle_id': 1, 'structure_path_id': 'H1.main >> M15.counter', 'sub_sid': 1, 'started_by': 'reversal', 'start_trigger_idx': 3589}"
3316,RANGE,RANGE_UPDATED,,"{'hi': 0.57964, 'lo': 0.5786, 'structure_id': 0, 'struct_direction': -1, 'timeframe': 'M15', 'use_case': 'reversal', 'parent_tf': 'H1', 'parent_sid': 1, 'parent_cycle_id': 1, 'structure_path_id': 'H1.main >> M15.counter', 'sub_sid': 1, 'started_by': 'reversal', 'start_trigger_idx': 3589}"
3316,STRUCTURE,CTS_UPDATED,0.5786,"{'via': 'replay_raw', 'cycle_id': 0, 'structure_id': 0, 'struct_direction': -1, 'timeframe': 'M15', 'use_case': 'reversal', 'parent_tf': 'H1', 'parent_sid': 1, 'parent_cycle_id': 1, 'structure_path_id': 'H1.main >> M15.counter', 'sub_sid': 1, 'started_by': 'reversal', 'start_trigger_idx': 3589}"
3322,RANGE,RANGE_UPDATED,,"{'hi': 0.57964, 'lo': 0.57839, 'structure_id': 0, 'struct_direction': -1, 'timeframe': 'M15', 'use_case': 'reversal', 'parent_tf': 'H1', 'parent_sid': 1, 'parent_cycle_id': 1, 'structure_path_id': 'H1.main >> M15.counter', 'sub_sid': 1, 'started_by': 'reversal', 'start_trigger_idx': 3589}"
3322,STRUCTURE,CTS_UPDATED,0.57839,"{'via': 'replay_raw', 'cycle_id': 0, 'structure_id': 0, 'struct_direction': -1, 'timeframe': 'M15', 'use_case': 'reversal', 'parent_tf': 'H1', 'parent_sid': 1, 'parent_cycle_id': 1, 'structure_path_id': 'H1.main >> M15.counter', 'sub_sid': 1, 'started_by': 'reversal', 'start_trigger_idx': 3589}"
3323,RANGE,RANGE_UPDATED,,"{'hi': 0.57964, 'lo': 0.57829, 'structure_id': 0, 'struct_direction': -1, 'timeframe': 'M15', 'use_case': 'reversal', 'parent_tf': 'H1', 'parent_sid': 1, 'parent_cycle_id': 1, 'structure_path_id': 'H1.main >> M15.counter', 'sub_sid': 1, 'started_by': 'reversal', 'start_trigger_idx': 3589}"
3323,STRUCTURE,CTS_UPDATED,0.57829,"{'via': 'replay_raw', 'cycle_id': 0, 'structure_id': 0, 'struct_direction': -1, 'timeframe': 'M15', 'use_case': 'reversal', 'parent_tf': 'H1', 'parent_sid': 1, 'parent_cycle_id': 1, 'structure_path_id': 'H1.main >> M15.counter', 'sub_sid': 1, 'started_by': 'reversal', 'start_trigger_idx': 3589}"
3324,RANGE,RANGE_UPDATED,,"{'hi': 0.57964, 'lo': 0.57816, 'structure_id': 0, 'struct_direction': -1, 'timeframe': 'M15', 'use_case': 'reversal', 'parent_tf': 'H1', 'parent_sid': 1, 'parent_cycle_id': 1, 'structure_path_id': 'H1.main >> M15.counter', 'sub_sid': 1, 'started_by': 'reversal', 'start_trigger_idx': 3589}"
3324,STRUCTURE,CTS_UPDATED,0.57816,"{'via': 'replay_raw', 'cycle_id': 0, 'structure_id': 0, 'struct_direction': -1, 'timeframe': 'M15', 'use_case': 'reversal', 'parent_tf': 'H1', 'parent_sid': 1, 'parent_cycle_id': 1, 'structure_path_id': 'H1.main >> M15.counter', 'sub_sid': 1, 'started_by': 'reversal', 'start_trigger_idx': 3589}"
3328,RANGE,RANGE_UPDATED,,"{'hi': 0.57968, 'lo': 0.57816, 'structure_id': 0, 'struct_direction': -1, 'timeframe': 'M15', 'use_case': 'reversal', 'parent_tf': 'H1', 'parent_sid': 1, 'parent_cycle_id': 1, 'structure_path_id': 'H1.main >> M15.counter', 'sub_sid': 1, 'started_by': 'reversal', 'start_trigger_idx': 3589}"
3331,RANGE,RANGE_UPDATED,,"{'hi': 0.57979, 'lo': 0.57816, 'structure_id': 0, 'struct_direction': -1, 'timeframe': 'M15', 'use_case': 'reversal', 'parent_tf': 'H1', 'parent_sid': 1, 'parent_cycle_id': 1, 'structure_path_id': 'H1.main >> M15.counter', 'sub_sid': 1, 'started_by': 'reversal', 'start_trigger_idx': 3589}"
3333,RANGE,RANGE_UPDATED,,"{'hi': 0.57979, 'lo': 0.57785, 'structure_id': 0, 'struct_direction': -1, 'timeframe': 'M15', 'use_case': 'reversal', 'parent_tf': 'H1', 'parent_sid': 1, 'parent_cycle_id': 1, 'structure_path_id': 'H1.main >> M15.counter', 'sub_sid': 1, 'started_by': 'reversal', 'start_trigger_idx': 3589}"
3333,STRUCTURE,CTS_UPDATED,0.57785,"{'via': 'replay_raw', 'cycle_id': 0, 'structure_id': 0, 'struct_direction': -1, 'timeframe': 'M15', 'use_case': 'reversal', 'parent_tf': 'H1', 'parent_sid': 1, 'parent_cycle_id': 1, 'structure_path_id': 'H1.main >> M15.counter', 'sub_sid': 1, 'started_by': 'reversal', 'start_trigger_idx': 3589}"
3334,RANGE,RANGE_UPDATED,,"{'hi': 0.57979, 'lo': 0.57718, 'structure_id': 0, 'struct_direction': -1, 'timeframe': 'M15', 'use_case': 'reversal', 'parent_tf': 'H1', 'parent_sid': 1, 'parent_cycle_id': 1, 'structure_path_id': 'H1.main >> M15.counter', 'sub_sid': 1, 'started_by': 'reversal', 'start_trigger_idx': 3589}"
3334,STRUCTURE,CTS_UPDATED,0.57718,"{'via': 'replay_raw', 'cycle_id': 0, 'structure_id': 0, 'struct_direction': -1, 'timeframe': 'M15', 'use_case': 'reversal', 'parent_tf': 'H1', 'parent_sid': 1, 'parent_cycle_id': 1, 'structure_path_id': 'H1.main >> M15.counter', 'sub_sid': 1, 'started_by': 'reversal', 'start_trigger_idx': 3589}"
3336,RANGE,RANGE_UPDATED,,"{'hi': 0.57979, 'lo': 0.57688, 'structure_id': 0, 'struct_direction': -1, 'timeframe': 'M15', 'use_case': 'reversal', 'parent_tf': 'H1', 'parent_sid': 1, 'parent_cycle_id': 1, 'structure_path_id': 'H1.main >> M15.counter', 'sub_sid': 1, 'started_by': 'reversal', 'start_trigger_idx': 3589}"
3336,STRUCTURE,CTS_UPDATED,0.57688,"{'via': 'replay_raw', 'cycle_id': 0, 'structure_id': 0, 'struct_direction': -1, 'timeframe': 'M15', 'use_case': 'reversal', 'parent_tf': 'H1', 'parent_sid': 1, 'parent_cycle_id': 1, 'structure_path_id': 'H1.main >> M15.counter', 'sub_sid': 1, 'started_by': 'reversal', 'start_trigger_idx': 3589}"
3465,RANGE,RANGE_UPDATED,,"{'hi': 0.57979, 'lo': 0.57671, 'structure_id': 0, 'struct_direction': -1, 'timeframe': 'M15', 'use_case': 'reversal', 'parent_tf': 'H1', 'parent_sid': 1, 'parent_cycle_id': 1, 'structure_path_id': 'H1.main >> M15.counter', 'sub_sid': 1, 'started_by': 'reversal', 'start_trigger_idx': 3589}"
3465,STRUCTURE,CTS_UPDATED,0.57671,"{'via': 'replay_raw', 'cycle_id': 0, 'structure_id': 0, 'struct_direction': -1, 'timeframe': 'M15', 'use_case': 'reversal', 'parent_tf': 'H1', 'parent_sid': 1, 'parent_cycle_id': 1, 'structure_path_id': 'H1.main >> M15.counter', 'sub_sid': 1, 'started_by': 'reversal', 'start_trigger_idx': 3589}"
3467,RANGE,RANGE_UPDATED,,"{'hi': 0.57979, 'lo': 0.57668, 'structure_id': 0, 'struct_direction': -1, 'timeframe': 'M15', 'use_case': 'reversal', 'parent_tf': 'H1', 'parent_sid': 1, 'parent_cycle_id': 1, 'structure_path_id': 'H1.main >> M15.counter', 'sub_sid': 1, 'started_by': 'reversal', 'start_trigger_idx': 3589}"
3467,STRUCTURE,CTS_UPDATED,0.57668,"{'via': 'replay_raw', 'cycle_id': 0, 'structure_id': 0, 'struct_direction': -1, 'timeframe': 'M15', 'use_case': 'reversal', 'parent_tf': 'H1', 'parent_sid': 1, 'parent_cycle_id': 1, 'structure_path_id': 'H1.main >> M15.counter', 'sub_sid': 1, 'started_by': 'reversal', 'start_trigger_idx': 3589}"
3468,RANGE,RANGE_UPDATED,,"{'hi': 0.57979, 'lo': 0.57667, 'structure_id': 0, 'struct_direction': -1, 'timeframe': 'M15', 'use_case': 'reversal', 'parent_tf': 'H1', 'parent_sid': 1, 'parent_cycle_id': 1, 'structure_path_id': 'H1.main >> M15.counter', 'sub_sid': 1, 'started_by': 'reversal', 'start_trigger_idx': 3589}"
3468,STRUCTURE,CTS_UPDATED,0.57667,"{'via': 'replay_raw', 'cycle_id': 0, 'structure_id': 0, 'struct_direction': -1, 'timeframe': 'M15', 'use_case': 'reversal', 'parent_tf': 'H1', 'parent_sid': 1, 'parent_cycle_id': 1, 'structure_path_id': 'H1.main >> M15.counter', 'sub_sid': 1, 'started_by': 'reversal', 'start_trigger_idx': 3589}"
3470,RANGE,RANGE_UPDATED,,"{'hi': 0.57979, 'lo': 0.57658, 'structure_id': 0, 'struct_direction': -1, 'timeframe': 'M15', 'use_case': 'reversal', 'parent_tf': 'H1', 'parent_sid': 1, 'parent_cycle_id': 1, 'structure_path_id': 'H1.main >> M15.counter', 'sub_sid': 1, 'started_by': 'reversal', 'start_trigger_idx': 3589}"
3470,STRUCTURE,CTS_UPDATED,0.57658,"{'via': 'replay_raw', 'cycle_id': 0, 'structure_id': 0, 'struct_direction': -1, 'timeframe': 'M15', 'use_case': 'reversal', 'parent_tf': 'H1', 'parent_sid': 1, 'parent_cycle_id': 1, 'structure_path_id': 'H1.main >> M15.counter', 'sub_sid': 1, 'started_by': 'reversal', 'start_trigger_idx': 3589}"
3472,RANGE,RANGE_UPDATED,,"{'hi': 0.57979, 'lo': 0.57656, 'structure_id': 0, 'struct_direction': -1, 'timeframe': 'M15', 'use_case': 'reversal', 'parent_tf': 'H1', 'parent_sid': 1, 'parent_cycle_id': 1, 'structure_path_id': 'H1.main >> M15.counter', 'sub_sid': 1, 'started_by': 'reversal', 'start_trigger_idx': 3589}"
3472,STRUCTURE,CTS_UPDATED,0.57656,"{'via': 'replay_raw', 'cycle_id': 0, 'structure_id': 0, 'struct_direction': -1, 'timeframe': 'M15', 'use_case': 'reversal', 'parent_tf': 'H1', 'parent_sid': 1, 'parent_cycle_id': 1, 'structure_path_id': 'H1.main >> M15.counter', 'sub_sid': 1, 'started_by': 'reversal', 'start_trigger_idx': 3589}"
3473,RANGE,RANGE_UPDATED,,"{'hi': 0.57979, 'lo': 0.57619, 'structure_id': 0, 'struct_direction': -1, 'timeframe': 'M15', 'use_case': 'reversal', 'parent_tf': 'H1', 'parent_sid': 1, 'parent_cycle_id': 1, 'structure_path_id': 'H1.main >> M15.counter', 'sub_sid': 1, 'started_by': 'reversal', 'start_trigger_idx': 3589}"
3473,STRUCTURE,CTS_UPDATED,0.57619,"{'via': 'replay_raw', 'cycle_id': 0, 'structure_id': 0, 'struct_direction': -1, 'timeframe': 'M15', 'use_case': 'reversal', 'parent_tf': 'H1', 'parent_sid': 1, 'parent_cycle_id': 1, 'structure_path_id': 'H1.main >> M15.counter', 'sub_sid': 1, 'started_by': 'reversal', 'start_trigger_idx': 3589}"
3485,RANGE,RANGE_UPDATED,,"{'hi': 0.57979, 'lo': 0.57606, 'structure_id': 0, 'struct_direction': -1, 'timeframe': 'M15', 'use_case': 'reversal', 'parent_tf': 'H1', 'parent_sid': 1, 'parent_cycle_id': 1, 'structure_path_id': 'H1.main >> M15.counter', 'sub_sid': 1, 'started_by': 'reversal', 'start_trigger_idx': 3589}"
3485,STRUCTURE,CTS_UPDATED,0.57606,"{'via': 'replay_raw', 'cycle_id': 0, 'structure_id': 0, 'struct_direction': -1, 'timeframe': 'M15', 'use_case': 'reversal', 'parent_tf': 'H1', 'parent_sid': 1, 'parent_cycle_id': 1, 'structure_path_id': 'H1.main >> M15.counter', 'sub_sid': 1, 'started_by': 'reversal', 'start_trigger_idx': 3589}"
3487,RANGE,RANGE_UPDATED,,"{'hi': 0.57979, 'lo': 0.57604, 'structure_id': 0, 'struct_direction': -1, 'timeframe': 'M15', 'use_case': 'reversal', 'parent_tf': 'H1', 'parent_sid': 1, 'parent_cycle_id': 1, 'structure_path_id': 'H1.main >> M15.counter', 'sub_sid': 1, 'started_by': 'reversal', 'start_trigger_idx': 3589}"
3487,STRUCTURE,CTS_UPDATED,0.57604,"{'via': 'replay_raw', 'cycle_id': 0, 'structure_id': 0, 'struct_direction': -1, 'timeframe': 'M15', 'use_case': 'reversal', 'parent_tf': 'H1', 'parent_sid': 1, 'parent_cycle_id': 1, 'structure_path_id': 'H1.main >> M15.counter', 'sub_sid': 1, 'started_by': 'reversal', 'start_trigger_idx': 3589}"
3488,STRUCTURE,CTS_UPDATED,0.57566,"{'via': 'replay_raw', 'cycle_id': 0, 'structure_id': 0, 'struct_direction': -1, 'timeframe': 'M15', 'use_case': 'reversal', 'parent_tf': 'H1', 'parent_sid': 1, 'parent_cycle_id': 1, 'structure_path_id': 'H1.main >> M15.counter', 'sub_sid': 1, 'started_by': 'reversal', 'start_trigger_idx': 3589}"
3489,RANGE,RANGE_RESET,,"{'reason': 'range_breakout', 'pat': 'one_maru_continuous', 'structure_id': 0, 'struct_direction': -1, 'timeframe': 'M15', 'use_case': 'reversal', 'parent_tf': 'H1', 'parent_sid': 1, 'parent_cycle_id': 1, 'structure_path_id': 'H1.main >> M15.counter', 'sub_sid': 1, 'started_by': 'reversal', 'start_trigger_idx': 3589}"
3489,STRUCTURE,CTS_UPDATED,0.57513,"{'via': 'one_maru_continuous', 'cycle_id': 0, 'structure_id': 0, 'struct_direction': -1, 'timeframe': 'M15', 'use_case': 'reversal', 'parent_tf': 'H1', 'parent_sid': 1, 'parent_cycle_id': 1, 'structure_path_id': 'H1.main >> M15.counter', 'sub_sid': 1, 'started_by': 'reversal', 'start_trigger_idx': 3589}"
3489,STATE,STATE_CHANGED,,"{'from': 'range', 'to': 'breakout', 'structure_id': 0, 'struct_direction': -1, 'reason': 'breakout_pattern', 'pat': 'one_maru_continuous', 'effective_idx': 235, 'timeframe': 'M15', 'use_case': 'reversal', 'parent_tf': 'H1', 'parent_sid': 1, 'parent_cycle_id': 1, 'structure_path_id': 'H1.main >> M15.counter', 'sub_sid': 1, 'started_by': 'reversal', 'start_trigger_idx': 3589}"
3492,RANGE,RANGE_STARTED,,"{'start_idx': 236, 'confirm_idx': 238, 'hi': 0.57557, 'lo': 0.57513, 'cts_idx': 235, 'cts_price': 0.57513, 'structure_id': 0, 'struct_direction': -1, 'timeframe': 'M15', 'use_case': 'reversal', 'parent_tf': 'H1', 'parent_sid': 1, 'parent_cycle_id': 1, 'structure_path_id': 'H1.main >> M15.counter', 'sub_sid': 1, 'started_by': 'reversal', 'start_trigger_idx': 3589}"
3492,STATE,STATE_CHANGED,,"{'from': 'breakout', 'to': 'range', 'structure_id': 0, 'struct_direction': -1, 'reason': 'range_confirmed', 'effective_idx': 236, 'timeframe': 'M15', 'use_case': 'reversal', 'parent_tf': 'H1', 'parent_sid': 1, 'parent_cycle_id': 1, 'structure_path_id': 'H1.main >> M15.counter', 'sub_sid': 1, 'started_by': 'reversal', 'start_trigger_idx': 3589}"
3491,RANGE,RANGE_UPDATED,,"{'hi': 0.57585, 'lo': 0.57513, 'structure_id': 0, 'struct_direction': -1, 'timeframe': 'M15', 'use_case': 'reversal', 'parent_tf': 'H1', 'parent_sid': 1, 'parent_cycle_id': 1, 'structure_path_id': 'H1.main >> M15.counter', 'sub_sid': 1, 'started_by': 'reversal', 'start_trigger_idx': 3589}"
3493,RANGE,RANGE_UPDATED,,"{'hi': 0.57589, 'lo': 0.57513, 'structure_id': 0, 'struct_direction': -1, 'timeframe': 'M15', 'use_case': 'reversal', 'parent_tf': 'H1', 'parent_sid': 1, 'parent_cycle_id': 1, 'structure_path_id': 'H1.main >> M15.counter', 'sub_sid': 1, 'started_by': 'reversal', 'start_trigger_idx': 3589}"
3496,RANGE,RANGE_UPDATED,,"{'hi': 0.57589, 'lo': 0.57503, 'structure_id': 0, 'struct_direction': -1, 'timeframe': 'M15', 'use_case': 'reversal', 'parent_tf': 'H1', 'parent_sid': 1, 'parent_cycle_id': 1, 'structure_path_id': 'H1.main >> M15.counter', 'sub_sid': 1, 'started_by': 'reversal', 'start_trigger_idx': 3589}"
3496,STRUCTURE,CTS_UPDATED,0.57503,"{'via': 'replay_raw', 'cycle_id': 0, 'structure_id': 0, 'struct_direction': -1, 'timeframe': 'M15', 'use_case': 'reversal', 'parent_tf': 'H1', 'parent_sid': 1, 'parent_cycle_id': 1, 'structure_path_id': 'H1.main >> M15.counter', 'sub_sid': 1, 'started_by': 'reversal', 'start_trigger_idx': 3589}"
3498,RANGE,RANGE_UPDATED,,"{'hi': 0.57589, 'lo': 0.57494, 'structure_id': 0, 'struct_direction': -1, 'timeframe': 'M15', 'use_case': 'reversal', 'parent_tf': 'H1', 'parent_sid': 1, 'parent_cycle_id': 1, 'structure_path_id': 'H1.main >> M15.counter', 'sub_sid': 1, 'started_by': 'reversal', 'start_trigger_idx': 3589}"
3498,STRUCTURE,CTS_UPDATED,0.57494,"{'via': 'replay_raw', 'cycle_id': 0, 'structure_id': 0, 'struct_direction': -1, 'timeframe': 'M15', 'use_case': 'reversal', 'parent_tf': 'H1', 'parent_sid': 1, 'parent_cycle_id': 1, 'structure_path_id': 'H1.main >> M15.counter', 'sub_sid': 1, 'started_by': 'reversal', 'start_trigger_idx': 3589}"
3499,STRUCTURE,CTS_UPDATED,0.57458,"{'via': 'replay_raw', 'cycle_id': 0, 'structure_id': 0, 'struct_direction': -1, 'timeframe': 'M15', 'use_case': 'reversal', 'parent_tf': 'H1', 'parent_sid': 1, 'parent_cycle_id': 1, 'structure_path_id': 'H1.main >> M15.counter', 'sub_sid': 1, 'started_by': 'reversal', 'start_trigger_idx': 3589}"
3501,RANGE,RANGE_RESET,,"{'reason': 'range_breakout', 'pat': 'one_maru_continuous', 'structure_id': 0, 'struct_direction': -1, 'timeframe': 'M15', 'use_case': 'reversal', 'parent_tf': 'H1', 'parent_sid': 1, 'parent_cycle_id': 1, 'structure_path_id': 'H1.main >> M15.counter', 'sub_sid': 1, 'started_by': 'reversal', 'start_trigger_idx': 3589}"
3501,STRUCTURE,CTS_UPDATED,0.57442,"{'via': 'one_maru_continuous', 'cycle_id': 0, 'structure_id': 0, 'struct_direction': -1, 'timeframe': 'M15', 'use_case': 'reversal', 'parent_tf': 'H1', 'parent_sid': 1, 'parent_cycle_id': 1, 'structure_path_id': 'H1.main >> M15.counter', 'sub_sid': 1, 'started_by': 'reversal', 'start_trigger_idx': 3589}"
3501,STATE,STATE_CHANGED,,"{'from': 'range', 'to': 'breakout', 'structure_id': 0, 'struct_direction': -1, 'reason': 'breakout_pattern', 'pat': 'one_maru_continuous', 'effective_idx': 247, 'timeframe': 'M15', 'use_case': 'reversal', 'parent_tf': 'H1', 'parent_sid': 1, 'parent_cycle_id': 1, 'structure_path_id': 'H1.main >> M15.counter', 'sub_sid': 1, 'started_by': 'reversal', 'start_trigger_idx': 3589}"
3502,STRUCTURE,CTS_UPDATED,0.5741,"{'via': 'replay_raw', 'cycle_id': 0, 'structure_id': 0, 'struct_direction': -1, 'timeframe': 'M15', 'use_case': 'reversal', 'parent_tf': 'H1', 'parent_sid': 1, 'parent_cycle_id': 1, 'structure_path_id': 'H1.main >> M15.counter', 'sub_sid': 1, 'started_by': 'reversal', 'start_trigger_idx': 3589}"
3503,STRUCTURE,CTS_UPDATED,0.57407,"{'via': 'replay_raw', 'cycle_id': 0, 'structure_id': 0, 'struct_direction': -1, 'timeframe': 'M15', 'use_case': 'reversal', 'parent_tf': 'H1', 'parent_sid': 1, 'parent_cycle_id': 1, 'structure_path_id': 'H1.main >> M15.counter', 'sub_sid': 1, 'started_by': 'reversal', 'start_trigger_idx': 3589}"
3506,RANGE,RANGE_STARTED,,"{'start_idx': 250, 'confirm_idx': 252, 'hi': 0.5748, 'lo': 0.57407, 'cts_idx': 249, 'cts_price': 0.57407, 'structure_id': 0, 'struct_direction': -1, 'timeframe': 'M15', 'use_case': 'reversal', 'parent_tf': 'H1', 'parent_sid': 1, 'parent_cycle_id': 1, 'structure_path_id': 'H1.main >> M15.counter', 'sub_sid': 1, 'started_by': 'reversal', 'start_trigger_idx': 3589}"
3506,STATE,STATE_CHANGED,,"{'from': 'breakout', 'to': 'range', 'structure_id': 0, 'struct_direction': -1, 'reason': 'range_confirmed', 'effective_idx': 250, 'timeframe': 'M15', 'use_case': 'reversal', 'parent_tf': 'H1', 'parent_sid': 1, 'parent_cycle_id': 1, 'structure_path_id': 'H1.main >> M15.counter', 'sub_sid': 1, 'started_by': 'reversal', 'start_trigger_idx': 3589}"
3506,RANGE,RANGE_UPDATED,,"{'hi': 0.57493, 'lo': 0.57407, 'structure_id': 0, 'struct_direction': -1, 'timeframe': 'M15', 'use_case': 'reversal', 'parent_tf': 'H1', 'parent_sid': 1, 'parent_cycle_id': 1, 'structure_path_id': 'H1.main >> M15.counter', 'sub_sid': 1, 'started_by': 'reversal', 'start_trigger_idx': 3589}"
3507,RANGE,RANGE_UPDATED,,"{'hi': 0.57498, 'lo': 0.57407, 'structure_id': 0, 'struct_direction': -1, 'timeframe': 'M15', 'use_case': 'reversal', 'parent_tf': 'H1', 'parent_sid': 1, 'parent_cycle_id': 1, 'structure_path_id': 'H1.main >> M15.counter', 'sub_sid': 1, 'started_by': 'reversal', 'start_trigger_idx': 3589}"
3508,RANGE,RANGE_UPDATED,,"{'hi': 0.57509, 'lo': 0.57407, 'structure_id': 0, 'struct_direction': -1, 'timeframe': 'M15', 'use_case': 'reversal', 'parent_tf': 'H1', 'parent_sid': 1, 'parent_cycle_id': 1, 'structure_path_id': 'H1.main >> M15.counter', 'sub_sid': 1, 'started_by': 'reversal', 'start_trigger_idx': 3589}"
3515,RANGE,RANGE_UPDATED,,"{'hi': 0.57515, 'lo': 0.57407, 'structure_id': 0, 'struct_direction': -1, 'timeframe': 'M15', 'use_case': 'reversal', 'parent_tf': 'H1', 'parent_sid': 1, 'parent_cycle_id': 1, 'structure_path_id': 'H1.main >> M15.counter', 'sub_sid': 1, 'started_by': 'reversal', 'start_trigger_idx': 3589}"
3516,RANGE,RANGE_UPDATED,,"{'hi': 0.57517, 'lo': 0.57407, 'structure_id': 0, 'struct_direction': -1, 'timeframe': 'M15', 'use_case': 'reversal', 'parent_tf': 'H1', 'parent_sid': 1, 'parent_cycle_id': 1, 'structure_path_id': 'H1.main >> M15.counter', 'sub_sid': 1, 'started_by': 'reversal', 'start_trigger_idx': 3589}"
3517,RANGE,RANGE_UPDATED,,"{'hi': 0.57519, 'lo': 0.57407, 'structure_id': 0, 'struct_direction': -1, 'timeframe': 'M15', 'use_case': 'reversal', 'parent_tf': 'H1', 'parent_sid': 1, 'parent_cycle_id': 1, 'structure_path_id': 'H1.main >> M15.counter', 'sub_sid': 1, 'started_by': 'reversal', 'start_trigger_idx': 3589}"
3521,RANGE,RANGE_UPDATED,,"{'hi': 0.57519, 'lo': 0.57376, 'structure_id': 0, 'struct_direction': -1, 'timeframe': 'M15', 'use_case': 'reversal', 'parent_tf': 'H1', 'parent_sid': 1, 'parent_cycle_id': 1, 'structure_path_id': 'H1.main >> M15.counter', 'sub_sid': 1, 'started_by': 'reversal', 'start_trigger_idx': 3589}"
3521,STRUCTURE,CTS_UPDATED,0.57376,"{'via': 'replay_raw', 'cycle_id': 0, 'structure_id': 0, 'struct_direction': -1, 'timeframe': 'M15', 'use_case': 'reversal', 'parent_tf': 'H1', 'parent_sid': 1, 'parent_cycle_id': 1, 'structure_path_id': 'H1.main >> M15.counter', 'sub_sid': 1, 'started_by': 'reversal', 'start_trigger_idx': 3589}"
3525,RANGE,RANGE_UPDATED,,"{'hi': 0.57539, 'lo': 0.57376, 'structure_id': 0, 'struct_direction': -1, 'timeframe': 'M15', 'use_case': 'reversal', 'parent_tf': 'H1', 'parent_sid': 1, 'parent_cycle_id': 1, 'structure_path_id': 'H1.main >> M15.counter', 'sub_sid': 1, 'started_by': 'reversal', 'start_trigger_idx': 3589}"
3527,RANGE,RANGE_UPDATED,,"{'hi': 0.5755, 'lo': 0.57376, 'structure_id': 0, 'struct_direction': -1, 'timeframe': 'M15', 'use_case': 'reversal', 'parent_tf': 'H1', 'parent_sid': 1, 'parent_cycle_id': 1, 'structure_path_id': 'H1.main >> M15.counter', 'sub_sid': 1, 'started_by': 'reversal', 'start_trigger_idx': 3589}"
3588,STRUCTURE,CTS_UPDATED,0.57352,"{'via': 'replay_raw', 'cycle_id': 0, 'structure_id': 0, 'struct_direction': -1, 'timeframe': 'M15', 'use_case': 'reversal', 'parent_tf': 'H1', 'parent_sid': 1, 'parent_cycle_id': 1, 'structure_path_id': 'H1.main >> M15.counter', 'sub_sid': 1, 'started_by': 'reversal', 'start_trigger_idx': 3589}"
3589,RANGE,RANGE_RESET,,"{'reason': 'range_breakout', 'pat': 'one_maru_continuous', 'structure_id': 0, 'struct_direction': -1, 'timeframe': 'M15', 'use_case': 'reversal', 'parent_tf': 'H1', 'parent_sid': 1, 'parent_cycle_id': 1, 'structure_path_id': 'H1.main >> M15.counter', 'sub_sid': 1, 'started_by': 'reversal', 'start_trigger_idx': 3589}"
3589,STRUCTURE,CTS_UPDATED,0.57318,"{'via': 'one_maru_continuous', 'cycle_id': 0, 'structure_id': 0, 'struct_direction': -1, 'timeframe': 'M15', 'use_case': 'reversal', 'parent_tf': 'H1', 'parent_sid': 1, 'parent_cycle_id': 1, 'structure_path_id': 'H1.main >> M15.counter', 'sub_sid': 1, 'started_by': 'reversal', 'start_trigger_idx': 3589}"
3589,STATE,STATE_CHANGED,,"{'from': 'range', 'to': 'breakout', 'structure_id': 0, 'struct_direction': -1, 'reason': 'breakout_pattern', 'pat': 'one_maru_continuous', 'effective_idx': 335, 'timeframe': 'M15', 'use_case': 'reversal', 'parent_tf': 'H1', 'parent_sid': 1, 'parent_cycle_id': 1, 'structure_path_id': 'H1.main >> M15.counter', 'sub_sid': 1, 'started_by': 'reversal', 'start_trigger_idx': 3589}"
3590,STRUCTURE,CTS_UPDATED,0.57314,"{'via': 'replay_raw', 'cycle_id': 0, 'structure_id': 0, 'struct_direction': -1, 'timeframe': 'M15', 'use_case': 'reversal', 'parent_tf': 'H1', 'parent_sid': 1, 'parent_cycle_id': 1, 'structure_path_id': 'H1.main >> M15.counter', 'sub_sid': 1, 'started_by': 'reversal', 'start_trigger_idx': 3589}"
3591,STRUCTURE,CTS_UPDATED,0.57305,"{'via': 'replay_raw', 'cycle_id': 0, 'structure_id': 0, 'struct_direction': -1, 'timeframe': 'M15', 'use_case': 'reversal', 'parent_tf': 'H1', 'parent_sid': 1, 'parent_cycle_id': 1, 'structure_path_id': 'H1.main >> M15.counter', 'sub_sid': 1, 'started_by': 'reversal', 'start_trigger_idx': 3589}"
3592,STRUCTURE,CTS_UPDATED,0.57298,"{'via': 'replay_raw', 'cycle_id': 0, 'structure_id': 0, 'struct_direction': -1, 'timeframe': 'M15', 'use_case': 'reversal', 'parent_tf': 'H1', 'parent_sid': 1, 'parent_cycle_id': 1, 'structure_path_id': 'H1.main >> M15.counter', 'sub_sid': 1, 'started_by': 'reversal', 'start_trigger_idx': 3589}"
3593,STRUCTURE,CTS_UPDATED,0.57282,"{'via': 'replay_raw', 'cycle_id': 0, 'structure_id': 0, 'struct_direction': -1, 'timeframe': 'M15', 'use_case': 'reversal', 'parent_tf': 'H1', 'parent_sid': 1, 'parent_cycle_id': 1, 'structure_path_id': 'H1.main >> M15.counter', 'sub_sid': 1, 'started_by': 'reversal', 'start_trigger_idx': 3589}"
3594,STRUCTURE,CTS_UPDATED,0.57272,"{'via': 'replay_raw', 'cycle_id': 0, 'structure_id': 0, 'struct_direction': -1, 'timeframe': 'M15', 'use_case': 'reversal', 'parent_tf': 'H1', 'parent_sid': 1, 'parent_cycle_id': 1, 'structure_path_id': 'H1.main >> M15.counter', 'sub_sid': 1, 'started_by': 'reversal', 'start_trigger_idx': 3589}"
3595,RANGE,RANGE_STARTED,,"{'start_idx': 336, 'confirm_idx': 341, 'hi': 0.57344, 'lo': 0.57272, 'cts_idx': 340, 'cts_price': 0.57272, 'structure_id': 0, 'struct_direction': -1, 'timeframe': 'M15', 'use_case': 'reversal', 'parent_tf': 'H1', 'parent_sid': 1, 'parent_cycle_id': 1, 'structure_path_id': 'H1.main >> M15.counter', 'sub_sid': 1, 'started_by': 'reversal', 'start_trigger_idx': 3589}"
3595,STATE,STATE_CHANGED,,"{'from': 'breakout', 'to': 'range', 'structure_id': 0, 'struct_direction': -1, 'reason': 'range_confirmed', 'effective_idx': 336, 'timeframe': 'M15', 'use_case': 'reversal', 'parent_tf': 'H1', 'parent_sid': 1, 'parent_cycle_id': 1, 'structure_path_id': 'H1.main >> M15.counter', 'sub_sid': 1, 'started_by': 'reversal', 'start_trigger_idx': 3589}"
3592,RANGE,RANGE_UPDATED,,"{'hi': 0.57345, 'lo': 0.57272, 'structure_id': 0, 'struct_direction': -1, 'timeframe': 'M15', 'use_case': 'reversal', 'parent_tf': 'H1', 'parent_sid': 1, 'parent_cycle_id': 1, 'structure_path_id': 'H1.main >> M15.counter', 'sub_sid': 1, 'started_by': 'reversal', 'start_trigger_idx': 3589}"
3596,RANGE,RANGE_UPDATED,,"{'hi': 0.57347, 'lo': 0.57272, 'structure_id': 0, 'struct_direction': -1, 'timeframe': 'M15', 'use_case': 'reversal', 'parent_tf': 'H1', 'parent_sid': 1, 'parent_cycle_id': 1, 'structure_path_id': 'H1.main >> M15.counter', 'sub_sid': 1, 'started_by': 'reversal', 'start_trigger_idx': 3589}"
3601,RANGE,RANGE_UPDATED,,"{'hi': 0.57347, 'lo': 0.57269, 'structure_id': 0, 'struct_direction': -1, 'timeframe': 'M15', 'use_case': 'reversal', 'parent_tf': 'H1', 'parent_sid': 1, 'parent_cycle_id': 1, 'structure_path_id': 'H1.main >> M15.counter', 'sub_sid': 1, 'started_by': 'reversal', 'start_trigger_idx': 3589}"
3601,STRUCTURE,CTS_UPDATED,0.57269,"{'via': 'replay_raw', 'cycle_id': 0, 'structure_id': 0, 'struct_direction': -1, 'timeframe': 'M15', 'use_case': 'reversal', 'parent_tf': 'H1', 'parent_sid': 1, 'parent_cycle_id': 1, 'structure_path_id': 'H1.main >> M15.counter', 'sub_sid': 1, 'started_by': 'reversal', 'start_trigger_idx': 3589}"
3602,RANGE,RANGE_UPDATED,,"{'hi': 0.57347, 'lo': 0.57264, 'structure_id': 0, 'struct_direction': -1, 'timeframe': 'M15', 'use_case': 'reversal', 'parent_tf': 'H1', 'parent_sid': 1, 'parent_cycle_id': 1, 'structure_path_id': 'H1.main >> M15.counter', 'sub_sid': 1, 'started_by': 'reversal', 'start_trigger_idx': 3589}"
3602,STRUCTURE,CTS_UPDATED,0.57264,"{'via': 'replay_raw', 'cycle_id': 0, 'structure_id': 0, 'struct_direction': -1, 'timeframe': 'M15', 'use_case': 'reversal', 'parent_tf': 'H1', 'parent_sid': 1, 'parent_cycle_id': 1, 'structure_path_id': 'H1.main >> M15.counter', 'sub_sid': 1, 'started_by': 'reversal', 'start_trigger_idx': 3589}"
3605,RANGE,RANGE_UPDATED,,"{'hi': 0.57347, 'lo': 0.57263, 'structure_id': 0, 'struct_direction': -1, 'timeframe': 'M15', 'use_case': 'reversal', 'parent_tf': 'H1', 'parent_sid': 1, 'parent_cycle_id': 1, 'structure_path_id': 'H1.main >> M15.counter', 'sub_sid': 1, 'started_by': 'reversal', 'start_trigger_idx': 3589}"
3605,STRUCTURE,CTS_UPDATED,0.57263,"{'via': 'replay_raw', 'cycle_id': 0, 'structure_id': 0, 'struct_direction': -1, 'timeframe': 'M15', 'use_case': 'reversal', 'parent_tf': 'H1', 'parent_sid': 1, 'parent_cycle_id': 1, 'structure_path_id': 'H1.main >> M15.counter', 'sub_sid': 1, 'started_by': 'reversal', 'start_trigger_idx': 3589}"
3608,RANGE,RANGE_UPDATED,,"{'hi': 0.57347, 'lo': 0.57258, 'structure_id': 0, 'struct_direction': -1, 'timeframe': 'M15', 'use_case': 'reversal', 'parent_tf': 'H1', 'parent_sid': 1, 'parent_cycle_id': 1, 'structure_path_id': 'H1.main >> M15.counter', 'sub_sid': 1, 'started_by': 'reversal', 'start_trigger_idx': 3589}"
3608,STRUCTURE,CTS_UPDATED,0.57258,"{'via': 'replay_raw', 'cycle_id': 0, 'structure_id': 0, 'struct_direction': -1, 'timeframe': 'M15', 'use_case': 'reversal', 'parent_tf': 'H1', 'parent_sid': 1, 'parent_cycle_id': 1, 'structure_path_id': 'H1.main >> M15.counter', 'sub_sid': 1, 'started_by': 'reversal', 'start_trigger_idx': 3589}"
3609,RANGE,RANGE_UPDATED,,"{'hi': 0.57347, 'lo': 0.57234, 'structure_id': 0, 'struct_direction': -1, 'timeframe': 'M15', 'use_case': 'reversal', 'parent_tf': 'H1', 'parent_sid': 1, 'parent_cycle_id': 1, 'structure_path_id': 'H1.main >> M15.counter', 'sub_sid': 1, 'started_by': 'reversal', 'start_trigger_idx': 3589}"
3609,STRUCTURE,CTS_UPDATED,0.57234,"{'via': 'replay_raw', 'cycle_id': 0, 'structure_id': 0, 'struct_direction': -1, 'timeframe': 'M15', 'use_case': 'reversal', 'parent_tf': 'H1', 'parent_sid': 1, 'parent_cycle_id': 1, 'structure_path_id': 'H1.main >> M15.counter', 'sub_sid': 1, 'started_by': 'reversal', 'start_trigger_idx': 3589}"
3610,RANGE,RANGE_UPDATED,,"{'hi': 0.57347, 'lo': 0.5723, 'structure_id': 0, 'struct_direction': -1, 'timeframe': 'M15', 'use_case': 'reversal', 'parent_tf': 'H1', 'parent_sid': 1, 'parent_cycle_id': 1, 'structure_path_id': 'H1.main >> M15.counter', 'sub_sid': 1, 'started_by': 'reversal', 'start_trigger_idx': 3589}"
3610,STRUCTURE,CTS_UPDATED,0.5723,"{'via': 'replay_raw', 'cycle_id': 0, 'structure_id': 0, 'struct_direction': -1, 'timeframe': 'M15', 'use_case': 'reversal', 'parent_tf': 'H1', 'parent_sid': 1, 'parent_cycle_id': 1, 'structure_path_id': 'H1.main >> M15.counter', 'sub_sid': 1, 'started_by': 'reversal', 'start_trigger_idx': 3589}"
3611,RANGE,RANGE_UPDATED,,"{'hi': 0.57347, 'lo': 0.57228, 'structure_id': 0, 'struct_direction': -1, 'timeframe': 'M15', 'use_case': 'reversal', 'parent_tf': 'H1', 'parent_sid': 1, 'parent_cycle_id': 1, 'structure_path_id': 'H1.main >> M15.counter', 'sub_sid': 1, 'started_by': 'reversal', 'start_trigger_idx': 3589}"
3611,STRUCTURE,CTS_UPDATED,0.57228,"{'via': 'replay_raw', 'cycle_id': 0, 'structure_id': 0, 'struct_direction': -1, 'timeframe': 'M15', 'use_case': 'reversal', 'parent_tf': 'H1', 'parent_sid': 1, 'parent_cycle_id': 1, 'structure_path_id': 'H1.main >> M15.counter', 'sub_sid': 1, 'started_by': 'reversal', 'start_trigger_idx': 3589}"
3649,STRUCTURE,CTS_ESTABLISHED,0.57308,"{'via': 'double_maru', 'anchor_idx': 3648, 'pattern_name': 'double_maru', 'confirmed_at': 3649, 'cycle_id': 0, 'structure_id': 0, 'struct_direction': 1, 'timeframe': 'M15', 'use_case': 'first_counter', 'parent_tf': 'H1', 'parent_sid': 1, 'parent_cycle_id': 2, 'structure_path_id': 'H1.main >> M15.counter', 'sub_sid': 0, 'started_by': 'first_counter', 'start_trigger_idx': 3621}"
3621,STRUCTURE,BOS_CONFIRMED,0.57112,"{'source': 'initial_prior_extreme', 'confirmed_at': 3649, 'pb_start': None, 'cycle_id': 0, 'structure_id': 0, 'struct_direction': 1, 'timeframe': 'M15', 'use_case': 'first_counter', 'parent_tf': 'H1', 'parent_sid': 1, 'parent_cycle_id': 2, 'structure_path_id': 'H1.main >> M15.counter', 'sub_sid': 0, 'started_by': 'first_counter', 'start_trigger_idx': 3621}"
3649,STATE,STATE_CHANGED,,"{'from': 'none', 'to': 'breakout', 'structure_id': 0, 'struct_direction': 1, 'reason': 'breakout_pattern', 'pat': 'double_maru', 'effective_idx': 78, 'timeframe': 'M15', 'use_case': 'first_counter', 'parent_tf': 'H1', 'parent_sid': 1, 'parent_cycle_id': 2, 'structure_path_id': 'H1.main >> M15.counter', 'sub_sid': 0, 'started_by': 'first_counter', 'start_trigger_idx': 3621}"
3650,STRUCTURE,CTS_UPDATED,0.57334,"{'via': 'replay_raw', 'cycle_id': 0, 'structure_id': 0, 'struct_direction': 1, 'timeframe': 'M15', 'use_case': 'first_counter', 'parent_tf': 'H1', 'parent_sid': 1, 'parent_cycle_id': 2, 'structure_path_id': 'H1.main >> M15.counter', 'sub_sid': 0, 'started_by': 'first_counter', 'start_trigger_idx': 3621}"
3651,STRUCTURE,CTS_UPDATED,0.5734,"{'via': 'replay_raw', 'cycle_id': 0, 'structure_id': 0, 'struct_direction': 1, 'timeframe': 'M15', 'use_case': 'first_counter', 'parent_tf': 'H1', 'parent_sid': 1, 'parent_cycle_id': 2, 'structure_path_id': 'H1.main >> M15.counter', 'sub_sid': 0, 'started_by': 'first_counter', 'start_trigger_idx': 3621}"
3652,STRUCTURE,CTS_UPDATED,0.57342,"{'via': 'replay_raw', 'cycle_id': 0, 'structure_id': 0, 'struct_direction': 1, 'timeframe': 'M15', 'use_case': 'first_counter', 'parent_tf': 'H1', 'parent_sid': 1, 'parent_cycle_id': 2, 'structure_path_id': 'H1.main >> M15.counter', 'sub_sid': 0, 'started_by': 'first_counter', 'start_trigger_idx': 3621}"
3655,RANGE,RANGE_STARTED,,"{'start_idx': 82, 'confirm_idx': 84, 'hi': 0.57342, 'lo': 0.57291, 'cts_idx': 81, 'cts_price': 0.57342, 'structure_id': 0, 'struct_direction': 1, 'timeframe': 'M15', 'use_case': 'first_counter', 'parent_tf': 'H1', 'parent_sid': 1, 'parent_cycle_id': 2, 'structure_path_id': 'H1.main >> M15.counter', 'sub_sid': 0, 'started_by': 'first_counter', 'start_trigger_idx': 3621}"
3655,STATE,STATE_CHANGED,,"{'from': 'breakout', 'to': 'range', 'structure_id': 0, 'struct_direction': 1, 'reason': 'range_confirmed', 'effective_idx': 82, 'timeframe': 'M15', 'use_case': 'first_counter', 'parent_tf': 'H1', 'parent_sid': 1, 'parent_cycle_id': 2, 'structure_path_id': 'H1.main >> M15.counter', 'sub_sid': 0, 'started_by': 'first_counter', 'start_trigger_idx': 3621}"
3654,RANGE,RANGE_UPDATED,,"{'hi': 0.57342, 'lo': 0.57276, 'structure_id': 0, 'struct_direction': 1, 'timeframe': 'M15', 'use_case': 'first_counter', 'parent_tf': 'H1', 'parent_sid': 1, 'parent_cycle_id': 2, 'structure_path_id': 'H1.main >> M15.counter', 'sub_sid': 0, 'started_by': 'first_counter', 'start_trigger_idx': 3621}"
3655,RANGE,RANGE_UPDATED,,"{'hi': 0.57342, 'lo': 0.57271, 'structure_id': 0, 'struct_direction': 1, 'timeframe': 'M15', 'use_case': 'first_counter', 'parent_tf': 'H1', 'parent_sid': 1, 'parent_cycle_id': 2, 'structure_path_id': 'H1.main >> M15.counter', 'sub_sid': 0, 'started_by': 'first_counter', 'start_trigger_idx': 3621}"
3656,STRUCTURE,CTS_UPDATED,0.57388,"{'via': 'replay_raw', 'cycle_id': 0, 'structure_id': 0, 'struct_direction': 1, 'timeframe': 'M15', 'use_case': 'first_counter', 'parent_tf': 'H1', 'parent_sid': 1, 'parent_cycle_id': 2, 'structure_path_id': 'H1.main >> M15.counter', 'sub_sid': 0, 'started_by': 'first_counter', 'start_trigger_idx': 3621}"
3657,RANGE,RANGE_RESET,,"{'reason': 'range_breakout', 'pat': 'one_maru_continuous', 'structure_id': 0, 'struct_direction': 1, 'timeframe': 'M15', 'use_case': 'first_counter', 'parent_tf': 'H1', 'parent_sid': 1, 'parent_cycle_id': 2, 'structure_path_id': 'H1.main >> M15.counter', 'sub_sid': 0, 'started_by': 'first_counter', 'start_trigger_idx': 3621}"
3657,STRUCTURE,CTS_UPDATED,0.57403,"{'via': 'one_maru_continuous', 'cycle_id': 0, 'structure_id': 0, 'struct_direction': 1, 'timeframe': 'M15', 'use_case': 'first_counter', 'parent_tf': 'H1', 'parent_sid': 1, 'parent_cycle_id': 2, 'structure_path_id': 'H1.main >> M15.counter', 'sub_sid': 0, 'started_by': 'first_counter', 'start_trigger_idx': 3621}"
3657,STATE,STATE_CHANGED,,"{'from': 'range', 'to': 'breakout', 'structure_id': 0, 'struct_direction': 1, 'reason': 'breakout_pattern', 'pat': 'one_maru_continuous', 'effective_idx': 86, 'timeframe': 'M15', 'use_case': 'first_counter', 'parent_tf': 'H1', 'parent_sid': 1, 'parent_cycle_id': 2, 'structure_path_id': 'H1.main >> M15.counter', 'sub_sid': 0, 'started_by': 'first_counter', 'start_trigger_idx': 3621}"
3658,STRUCTURE,CTS_UPDATED,0.57447,"{'via': 'replay_raw', 'cycle_id': 0, 'structure_id': 0, 'struct_direction': 1, 'timeframe': 'M15', 'use_case': 'first_counter', 'parent_tf': 'H1', 'parent_sid': 1, 'parent_cycle_id': 2, 'structure_path_id': 'H1.main >> M15.counter', 'sub_sid': 0, 'started_by': 'first_counter', 'start_trigger_idx': 3621}"
3659,STRUCTURE,CTS_UPDATED,0.5747,"{'via': 'replay_raw', 'cycle_id': 0, 'structure_id': 0, 'struct_direction': 1, 'timeframe': 'M15', 'use_case': 'first_counter', 'parent_tf': 'H1', 'parent_sid': 1, 'parent_cycle_id': 2, 'structure_path_id': 'H1.main >> M15.counter', 'sub_sid': 0, 'started_by': 'first_counter', 'start_trigger_idx': 3621}"
3660,STRUCTURE,CTS_UPDATED,0.57492,"{'via': 'replay_raw', 'cycle_id': 0, 'structure_id': 0, 'struct_direction': 1, 'timeframe': 'M15', 'use_case': 'first_counter', 'parent_tf': 'H1', 'parent_sid': 1, 'parent_cycle_id': 2, 'structure_path_id': 'H1.main >> M15.counter', 'sub_sid': 0, 'started_by': 'first_counter', 'start_trigger_idx': 3621}"
3661,STRUCTURE,CTS_UPDATED,0.575,"{'via': 'replay_raw', 'cycle_id': 0, 'structure_id': 0, 'struct_direction': 1, 'timeframe': 'M15', 'use_case': 'first_counter', 'parent_tf': 'H1', 'parent_sid': 1, 'parent_cycle_id': 2, 'structure_path_id': 'H1.main >> M15.counter', 'sub_sid': 0, 'started_by': 'first_counter', 'start_trigger_idx': 3621}"
3662,RANGE,RANGE_STARTED,,"{'start_idx': 89, 'confirm_idx': 91, 'hi': 0.575, 'lo': 0.57434, 'cts_idx': 90, 'cts_price': 0.575, 'structure_id': 0, 'struct_direction': 1, 'timeframe': 'M15', 'use_case': 'first_counter', 'parent_tf': 'H1', 'parent_sid': 1, 'parent_cycle_id': 2, 'structure_path_id': 'H1.main >> M15.counter', 'sub_sid': 0, 'started_by': 'first_counter', 'start_trigger_idx': 3621}"
3662,STATE,STATE_CHANGED,,"{'from': 'breakout', 'to': 'range', 'structure_id': 0, 'struct_direction': 1, 'reason': 'range_confirmed', 'effective_idx': 89, 'timeframe': 'M15', 'use_case': 'first_counter', 'parent_tf': 'H1', 'parent_sid': 1, 'parent_cycle_id': 2, 'structure_path_id': 'H1.main >> M15.counter', 'sub_sid': 0, 'started_by': 'first_counter', 'start_trigger_idx': 3621}"
3663,RANGE,RANGE_UPDATED,,"{'hi': 0.575, 'lo': 0.57424, 'structure_id': 0, 'struct_direction': 1, 'timeframe': 'M15', 'use_case': 'first_counter', 'parent_tf': 'H1', 'parent_sid': 1, 'parent_cycle_id': 2, 'structure_path_id': 'H1.main >> M15.counter', 'sub_sid': 0, 'started_by': 'first_counter', 'start_trigger_idx': 3621}"
3672,RANGE,RANGE_UPDATED,,"{'hi': 0.575, 'lo': 0.57422, 'structure_id': 0, 'struct_direction': 1, 'timeframe': 'M15', 'use_case': 'first_counter', 'parent_tf': 'H1', 'parent_sid': 1, 'parent_cycle_id': 2, 'structure_path_id': 'H1.main >> M15.counter', 'sub_sid': 0, 'started_by': 'first_counter', 'start_trigger_idx': 3621}"
3673,RANGE,RANGE_UPDATED,,"{'hi': 0.575, 'lo': 0.57418, 'structure_id': 0, 'struct_direction': 1, 'timeframe': 'M15', 'use_case': 'first_counter', 'parent_tf': 'H1', 'parent_sid': 1, 'parent_cycle_id': 2, 'structure_path_id': 'H1.main >> M15.counter', 'sub_sid': 0, 'started_by': 'first_counter', 'start_trigger_idx': 3621}"
3674,RANGE,RANGE_UPDATED,,"{'hi': 0.575, 'lo': 0.57402, 'structure_id': 0, 'struct_direction': 1, 'timeframe': 'M15', 'use_case': 'first_counter', 'parent_tf': 'H1', 'parent_sid': 1, 'parent_cycle_id': 2, 'structure_path_id': 'H1.main >> M15.counter', 'sub_sid': 0, 'started_by': 'first_counter', 'start_trigger_idx': 3621}"
3681,RANGE,RANGE_UPDATED,,"{'hi': 0.57504, 'lo': 0.57402, 'structure_id': 0, 'struct_direction': 1, 'timeframe': 'M15', 'use_case': 'first_counter', 'parent_tf': 'H1', 'parent_sid': 1, 'parent_cycle_id': 2, 'structure_path_id': 'H1.main >> M15.counter', 'sub_sid': 0, 'started_by': 'first_counter', 'start_trigger_idx': 3621}"
3681,STRUCTURE,CTS_UPDATED,0.57504,"{'via': 'replay_raw', 'cycle_id': 0, 'structure_id': 0, 'struct_direction': 1, 'timeframe': 'M15', 'use_case': 'first_counter', 'parent_tf': 'H1', 'parent_sid': 1, 'parent_cycle_id': 2, 'structure_path_id': 'H1.main >> M15.counter', 'sub_sid': 0, 'started_by': 'first_counter', 'start_trigger_idx': 3621}"
3682,RANGE,RANGE_UPDATED,,"{'hi': 0.57508, 'lo': 0.57402, 'structure_id': 0, 'struct_direction': 1, 'timeframe': 'M15', 'use_case': 'first_counter', 'parent_tf': 'H1', 'parent_sid': 1, 'parent_cycle_id': 2, 'structure_path_id': 'H1.main >> M15.counter', 'sub_sid': 0, 'started_by': 'first_counter', 'start_trigger_idx': 3621}"
3682,STRUCTURE,CTS_UPDATED,0.57508,"{'via': 'replay_raw', 'cycle_id': 0, 'structure_id': 0, 'struct_direction': 1, 'timeframe': 'M15', 'use_case': 'first_counter', 'parent_tf': 'H1', 'parent_sid': 1, 'parent_cycle_id': 2, 'structure_path_id': 'H1.main >> M15.counter', 'sub_sid': 0, 'started_by': 'first_counter', 'start_trigger_idx': 3621}"
3684,RANGE,RANGE_UPDATED,,"{'hi': 0.57552, 'lo': 0.57402, 'structure_id': 0, 'struct_direction': 1, 'timeframe': 'M15', 'use_case': 'first_counter', 'parent_tf': 'H1', 'parent_sid': 1, 'parent_cycle_id': 2, 'structure_path_id': 'H1.main >> M15.counter', 'sub_sid': 0, 'started_by': 'first_counter', 'start_trigger_idx': 3621}"
3684,STRUCTURE,CTS_UPDATED,0.57552,"{'via': 'replay_raw', 'cycle_id': 0, 'structure_id': 0, 'struct_direction': 1, 'timeframe': 'M15', 'use_case': 'first_counter', 'parent_tf': 'H1', 'parent_sid': 1, 'parent_cycle_id': 2, 'structure_path_id': 'H1.main >> M15.counter', 'sub_sid': 0, 'started_by': 'first_counter', 'start_trigger_idx': 3621}"
3685,RANGE,RANGE_UPDATED,,"{'hi': 0.57556, 'lo': 0.57402, 'structure_id': 0, 'struct_direction': 1, 'timeframe': 'M15', 'use_case': 'first_counter', 'parent_tf': 'H1', 'parent_sid': 1, 'parent_cycle_id': 2, 'structure_path_id': 'H1.main >> M15.counter', 'sub_sid': 0, 'started_by': 'first_counter', 'start_trigger_idx': 3621}"
3685,STRUCTURE,CTS_UPDATED,0.57556,"{'via': 'replay_raw', 'cycle_id': 0, 'structure_id': 0, 'struct_direction': 1, 'timeframe': 'M15', 'use_case': 'first_counter', 'parent_tf': 'H1', 'parent_sid': 1, 'parent_cycle_id': 2, 'structure_path_id': 'H1.main >> M15.counter', 'sub_sid': 0, 'started_by': 'first_counter', 'start_trigger_idx': 3621}"
3688,RANGE,RANGE_UPDATED,,"{'hi': 0.57592, 'lo': 0.57402, 'structure_id': 0, 'struct_direction': 1, 'timeframe': 'M15', 'use_case': 'first_counter', 'parent_tf': 'H1', 'parent_sid': 1, 'parent_cycle_id': 2, 'structure_path_id': 'H1.main >> M15.counter', 'sub_sid': 0, 'started_by': 'first_counter', 'start_trigger_idx': 3621}"
3688,STRUCTURE,CTS_UPDATED,0.57592,"{'via': 'replay_raw', 'cycle_id': 0, 'structure_id': 0, 'struct_direction': 1, 'timeframe': 'M15', 'use_case': 'first_counter', 'parent_tf': 'H1', 'parent_sid': 1, 'parent_cycle_id': 2, 'structure_path_id': 'H1.main >> M15.counter', 'sub_sid': 0, 'started_by': 'first_counter', 'start_trigger_idx': 3621}"
3693,RANGE,RANGE_UPDATED,,"{'hi': 0.57602, 'lo': 0.57402, 'structure_id': 0, 'struct_direction': 1, 'timeframe': 'M15', 'use_case': 'first_counter', 'parent_tf': 'H1', 'parent_sid': 1, 'parent_cycle_id': 2, 'structure_path_id': 'H1.main >> M15.counter', 'sub_sid': 0, 'started_by': 'first_counter', 'start_trigger_idx': 3621}"
3693,STRUCTURE,CTS_UPDATED,0.57602,"{'via': 'replay_raw', 'cycle_id': 0, 'structure_id': 0, 'struct_direction': 1, 'timeframe': 'M15', 'use_case': 'first_counter', 'parent_tf': 'H1', 'parent_sid': 1, 'parent_cycle_id': 2, 'structure_path_id': 'H1.main >> M15.counter', 'sub_sid': 0, 'started_by': 'first_counter', 'start_trigger_idx': 3621}"
3700,RANGE,RANGE_UPDATED,,"{'hi': 0.57618, 'lo': 0.57402, 'structure_id': 0, 'struct_direction': 1, 'timeframe': 'M15', 'use_case': 'first_counter', 'parent_tf': 'H1', 'parent_sid': 1, 'parent_cycle_id': 2, 'structure_path_id': 'H1.main >> M15.counter', 'sub_sid': 0, 'started_by': 'first_counter', 'start_trigger_idx': 3621}"
3700,STRUCTURE,CTS_UPDATED,0.57618,"{'via': 'replay_raw', 'cycle_id': 0, 'structure_id': 0, 'struct_direction': 1, 'timeframe': 'M15', 'use_case': 'first_counter', 'parent_tf': 'H1', 'parent_sid': 1, 'parent_cycle_id': 2, 'structure_path_id': 'H1.main >> M15.counter', 'sub_sid': 0, 'started_by': 'first_counter', 'start_trigger_idx': 3621}"
3701,RANGE,RANGE_UPDATED,,"{'hi': 0.57622, 'lo': 0.57402, 'structure_id': 0, 'struct_direction': 1, 'timeframe': 'M15', 'use_case': 'first_counter', 'parent_tf': 'H1', 'parent_sid': 1, 'parent_cycle_id': 2, 'structure_path_id': 'H1.main >> M15.counter', 'sub_sid': 0, 'started_by': 'first_counter', 'start_trigger_idx': 3621}"
3701,STRUCTURE,CTS_UPDATED,0.57622,"{'via': 'replay_raw', 'cycle_id': 0, 'structure_id': 0, 'struct_direction': 1, 'timeframe': 'M15', 'use_case': 'first_counter', 'parent_tf': 'H1', 'parent_sid': 1, 'parent_cycle_id': 2, 'structure_path_id': 'H1.main >> M15.counter', 'sub_sid': 0, 'started_by': 'first_counter', 'start_trigger_idx': 3621}"
3706,RANGE,RANGE_UPDATED,,"{'hi': 0.57638, 'lo': 0.57402, 'structure_id': 0, 'struct_direction': 1, 'timeframe': 'M15', 'use_case': 'first_counter', 'parent_tf': 'H1', 'parent_sid': 1, 'parent_cycle_id': 2, 'structure_path_id': 'H1.main >> M15.counter', 'sub_sid': 0, 'started_by': 'first_counter', 'start_trigger_idx': 3621}"
3706,STRUCTURE,CTS_UPDATED,0.57638,"{'via': 'replay_raw', 'cycle_id': 0, 'structure_id': 0, 'struct_direction': 1, 'timeframe': 'M15', 'use_case': 'first_counter', 'parent_tf': 'H1', 'parent_sid': 1, 'parent_cycle_id': 2, 'structure_path_id': 'H1.main >> M15.counter', 'sub_sid': 0, 'started_by': 'first_counter', 'start_trigger_idx': 3621}"
3707,RANGE,RANGE_UPDATED,,"{'hi': 0.57644, 'lo': 0.57402, 'structure_id': 0, 'struct_direction': 1, 'timeframe': 'M15', 'use_case': 'first_counter', 'parent_tf': 'H1', 'parent_sid': 1, 'parent_cycle_id': 2, 'structure_path_id': 'H1.main >> M15.counter', 'sub_sid': 0, 'started_by': 'first_counter', 'start_trigger_idx': 3621}"
3707,STRUCTURE,CTS_UPDATED,0.57644,"{'via': 'replay_raw', 'cycle_id': 0, 'structure_id': 0, 'struct_direction': 1, 'timeframe': 'M15', 'use_case': 'first_counter', 'parent_tf': 'H1', 'parent_sid': 1, 'parent_cycle_id': 2, 'structure_path_id': 'H1.main >> M15.counter', 'sub_sid': 0, 'started_by': 'first_counter', 'start_trigger_idx': 3621}"
3708,RANGE,RANGE_UPDATED,,"{'hi': 0.57689, 'lo': 0.57402, 'structure_id': 0, 'struct_direction': 1, 'timeframe': 'M15', 'use_case': 'first_counter', 'parent_tf': 'H1', 'parent_sid': 1, 'parent_cycle_id': 2, 'structure_path_id': 'H1.main >> M15.counter', 'sub_sid': 0, 'started_by': 'first_counter', 'start_trigger_idx': 3621}"
3708,STRUCTURE,CTS_UPDATED,0.57689,"{'via': 'replay_raw', 'cycle_id': 0, 'structure_id': 0, 'struct_direction': 1, 'timeframe': 'M15', 'use_case': 'first_counter', 'parent_tf': 'H1', 'parent_sid': 1, 'parent_cycle_id': 2, 'structure_path_id': 'H1.main >> M15.counter', 'sub_sid': 0, 'started_by': 'first_counter', 'start_trigger_idx': 3621}"
3709,RANGE,RANGE_UPDATED,,"{'hi': 0.5769, 'lo': 0.57402, 'structure_id': 0, 'struct_direction': 1, 'timeframe': 'M15', 'use_case': 'first_counter', 'parent_tf': 'H1', 'parent_sid': 1, 'parent_cycle_id': 2, 'structure_path_id': 'H1.main >> M15.counter', 'sub_sid': 0, 'started_by': 'first_counter', 'start_trigger_idx': 3621}"
3709,STRUCTURE,CTS_UPDATED,0.5769,"{'via': 'replay_raw', 'cycle_id': 0, 'structure_id': 0, 'struct_direction': 1, 'timeframe': 'M15', 'use_case': 'first_counter', 'parent_tf': 'H1', 'parent_sid': 1, 'parent_cycle_id': 2, 'structure_path_id': 'H1.main >> M15.counter', 'sub_sid': 0, 'started_by': 'first_counter', 'start_trigger_idx': 3621}"
3740,STRUCTURE,CTS_UPDATED,0.57726,"{'via': 'replay_raw', 'cycle_id': 0, 'structure_id': 0, 'struct_direction': 1, 'timeframe': 'M15', 'use_case': 'first_counter', 'parent_tf': 'H1', 'parent_sid': 1, 'parent_cycle_id': 2, 'structure_path_id': 'H1.main >> M15.counter', 'sub_sid': 0, 'started_by': 'first_counter', 'start_trigger_idx': 3621}"
3741,RANGE,RANGE_RESET,,"{'reason': 'range_breakout', 'pat': 'one_maru_continuous', 'structure_id': 0, 'struct_direction': 1, 'timeframe': 'M15', 'use_case': 'first_counter', 'parent_tf': 'H1', 'parent_sid': 1, 'parent_cycle_id': 2, 'structure_path_id': 'H1.main >> M15.counter', 'sub_sid': 0, 'started_by': 'first_counter', 'start_trigger_idx': 3621}"
3741,STRUCTURE,CTS_UPDATED,0.57748,"{'via': 'one_maru_continuous', 'cycle_id': 0, 'structure_id': 0, 'struct_direction': 1, 'timeframe': 'M15', 'use_case': 'first_counter', 'parent_tf': 'H1', 'parent_sid': 1, 'parent_cycle_id': 2, 'structure_path_id': 'H1.main >> M15.counter', 'sub_sid': 0, 'started_by': 'first_counter', 'start_trigger_idx': 3621}"
3741,STATE,STATE_CHANGED,,"{'from': 'range', 'to': 'breakout', 'structure_id': 0, 'struct_direction': 1, 'reason': 'breakout_pattern', 'pat': 'one_maru_continuous', 'effective_idx': 170, 'timeframe': 'M15', 'use_case': 'first_counter', 'parent_tf': 'H1', 'parent_sid': 1, 'parent_cycle_id': 2, 'structure_path_id': 'H1.main >> M15.counter', 'sub_sid': 0, 'started_by': 'first_counter', 'start_trigger_idx': 3621}"
3742,STRUCTURE,CTS_UPDATED,0.5775,"{'via': 'replay_raw', 'cycle_id': 0, 'structure_id': 0, 'struct_direction': 1, 'timeframe': 'M15', 'use_case': 'first_counter', 'parent_tf': 'H1', 'parent_sid': 1, 'parent_cycle_id': 2, 'structure_path_id': 'H1.main >> M15.counter', 'sub_sid': 0, 'started_by': 'first_counter', 'start_trigger_idx': 3621}"
3745,RANGE,RANGE_STARTED,,"{'start_idx': 172, 'confirm_idx': 174, 'hi': 0.5775, 'lo': 0.57702, 'cts_idx': 171, 'cts_price': 0.5775, 'structure_id': 0, 'struct_direction': 1, 'timeframe': 'M15', 'use_case': 'first_counter', 'parent_tf': 'H1', 'parent_sid': 1, 'parent_cycle_id': 2, 'structure_path_id': 'H1.main >> M15.counter', 'sub_sid': 0, 'started_by': 'first_counter', 'start_trigger_idx': 3621}"
3745,STATE,STATE_CHANGED,,"{'from': 'breakout', 'to': 'range', 'structure_id': 0, 'struct_direction': 1, 'reason': 'range_confirmed', 'effective_idx': 172, 'timeframe': 'M15', 'use_case': 'first_counter', 'parent_tf': 'H1', 'parent_sid': 1, 'parent_cycle_id': 2, 'structure_path_id': 'H1.main >> M15.counter', 'sub_sid': 0, 'started_by': 'first_counter', 'start_trigger_idx': 3621}"
3755,STRUCTURE,CTS_UPDATED,0.57758,"{'via': 'replay_raw', 'cycle_id': 0, 'structure_id': 0, 'struct_direction': 1, 'timeframe': 'M15', 'use_case': 'first_counter', 'parent_tf': 'H1', 'parent_sid': 1, 'parent_cycle_id': 2, 'structure_path_id': 'H1.main >> M15.counter', 'sub_sid': 0, 'started_by': 'first_counter', 'start_trigger_idx': 3621}"
3756,STRUCTURE,CTS_UPDATED,0.57782,"{'via': 'replay_raw', 'cycle_id': 0, 'structure_id': 0, 'struct_direction': 1, 'timeframe': 'M15', 'use_case': 'first_counter', 'parent_tf': 'H1', 'parent_sid': 1, 'parent_cycle_id': 2, 'structure_path_id': 'H1.main >> M15.counter', 'sub_sid': 0, 'started_by': 'first_counter', 'start_trigger_idx': 3621}"
3757,STRUCTURE,CTS_UPDATED,0.5779,"{'via': 'replay_raw', 'cycle_id': 0, 'structure_id': 0, 'struct_direction': 1, 'timeframe': 'M15', 'use_case': 'first_counter', 'parent_tf': 'H1', 'parent_sid': 1, 'parent_cycle_id': 2, 'structure_path_id': 'H1.main >> M15.counter', 'sub_sid': 0, 'started_by': 'first_counter', 'start_trigger_idx': 3621}"
3758,STRUCTURE,CTS_UPDATED,0.57792,"{'via': 'replay_raw', 'cycle_id': 0, 'structure_id': 0, 'struct_direction': 1, 'timeframe': 'M15', 'use_case': 'first_counter', 'parent_tf': 'H1', 'parent_sid': 1, 'parent_cycle_id': 2, 'structure_path_id': 'H1.main >> M15.counter', 'sub_sid': 0, 'started_by': 'first_counter', 'start_trigger_idx': 3621}"
3759,STRUCTURE,CTS_UPDATED,0.57794,"{'via': 'replay_raw', 'cycle_id': 0, 'structure_id': 0, 'struct_direction': 1, 'timeframe': 'M15', 'use_case': 'first_counter', 'parent_tf': 'H1', 'parent_sid': 1, 'parent_cycle_id': 2, 'structure_path_id': 'H1.main >> M15.counter', 'sub_sid': 0, 'started_by': 'first_counter', 'start_trigger_idx': 3621}"
3760,RANGE,RANGE_RESET,,"{'reason': 'range_breakout', 'pat': 'one_maru_continuous', 'structure_id': 0, 'struct_direction': 1, 'timeframe': 'M15', 'use_case': 'first_counter', 'parent_tf': 'H1', 'parent_sid': 1, 'parent_cycle_id': 2, 'structure_path_id': 'H1.main >> M15.counter', 'sub_sid': 0, 'started_by': 'first_counter', 'start_trigger_idx': 3621}"
3760,STRUCTURE,CTS_UPDATED,0.57806,"{'via': 'one_maru_continuous', 'cycle_id': 0, 'structure_id': 0, 'struct_direction': 1, 'timeframe': 'M15', 'use_case': 'first_counter', 'parent_tf': 'H1', 'parent_sid': 1, 'parent_cycle_id': 2, 'structure_path_id': 'H1.main >> M15.counter', 'sub_sid': 0, 'started_by': 'first_counter', 'start_trigger_idx': 3621}"
3760,STATE,STATE_CHANGED,,"{'from': 'range', 'to': 'breakout', 'structure_id': 0, 'struct_direction': 1, 'reason': 'breakout_pattern', 'pat': 'one_maru_continuous', 'effective_idx': 189, 'timeframe': 'M15', 'use_case': 'first_counter', 'parent_tf': 'H1', 'parent_sid': 1, 'parent_cycle_id': 2, 'structure_path_id': 'H1.main >> M15.counter', 'sub_sid': 0, 'started_by': 'first_counter', 'start_trigger_idx': 3621}"
3763,RANGE,RANGE_STARTED,,"{'start_idx': 190, 'confirm_idx': 192, 'hi': 0.57806, 'lo': 0.57754, 'cts_idx': 189, 'cts_price': 0.57806, 'structure_id': 0, 'struct_direction': 1, 'timeframe': 'M15', 'use_case': 'first_counter', 'parent_tf': 'H1', 'parent_sid': 1, 'parent_cycle_id': 2, 'structure_path_id': 'H1.main >> M15.counter', 'sub_sid': 0, 'started_by': 'first_counter', 'start_trigger_idx': 3621}"
3763,STATE,STATE_CHANGED,,"{'from': 'breakout', 'to': 'range', 'structure_id': 0, 'struct_direction': 1, 'reason': 'range_confirmed', 'effective_idx': 190, 'timeframe': 'M15', 'use_case': 'first_counter', 'parent_tf': 'H1', 'parent_sid': 1, 'parent_cycle_id': 2, 'structure_path_id': 'H1.main >> M15.counter', 'sub_sid': 0, 'started_by': 'first_counter', 'start_trigger_idx': 3621}"
3762,RANGE,RANGE_UPDATED,,"{'hi': 0.57806, 'lo': 0.5775, 'structure_id': 0, 'struct_direction': 1, 'timeframe': 'M15', 'use_case': 'first_counter', 'parent_tf': 'H1', 'parent_sid': 1, 'parent_cycle_id': 2, 'structure_path_id': 'H1.main >> M15.counter', 'sub_sid': 0, 'started_by': 'first_counter', 'start_trigger_idx': 3621}"
3763,RANGE,RANGE_UPDATED,,"{'hi': 0.57806, 'lo': 0.57748, 'structure_id': 0, 'struct_direction': 1, 'timeframe': 'M15', 'use_case': 'first_counter', 'parent_tf': 'H1', 'parent_sid': 1, 'parent_cycle_id': 2, 'structure_path_id': 'H1.main >> M15.counter', 'sub_sid': 0, 'started_by': 'first_counter', 'start_trigger_idx': 3621}"
3764,RANGE,RANGE_UPDATED,,"{'hi': 0.57806, 'lo': 0.57746, 'structure_id': 0, 'struct_direction': 1, 'timeframe': 'M15', 'use_case': 'first_counter', 'parent_tf': 'H1', 'parent_sid': 1, 'parent_cycle_id': 2, 'structure_path_id': 'H1.main >> M15.counter', 'sub_sid': 0, 'started_by': 'first_counter', 'start_trigger_idx': 3621}"
3777,RANGE,RANGE_UPDATED,,"{'hi': 0.57806, 'lo': 0.57734, 'structure_id': 0, 'struct_direction': 1, 'timeframe': 'M15', 'use_case': 'first_counter', 'parent_tf': 'H1', 'parent_sid': 1, 'parent_cycle_id': 2, 'structure_path_id': 'H1.main >> M15.counter', 'sub_sid': 0, 'started_by': 'first_counter', 'start_trigger_idx': 3621}"
3778,RANGE,RANGE_UPDATED,,"{'hi': 0.57806, 'lo': 0.5771, 'structure_id': 0, 'struct_direction': 1, 'timeframe': 'M15', 'use_case': 'first_counter', 'parent_tf': 'H1', 'parent_sid': 1, 'parent_cycle_id': 2, 'structure_path_id': 'H1.main >> M15.counter', 'sub_sid': 0, 'started_by': 'first_counter', 'start_trigger_idx': 3621}"
3780,RANGE,RANGE_UPDATED,,"{'hi': 0.57806, 'lo': 0.57704, 'structure_id': 0, 'struct_direction': 1, 'timeframe': 'M15', 'use_case': 'first_counter', 'parent_tf': 'H1', 'parent_sid': 1, 'parent_cycle_id': 2, 'structure_path_id': 'H1.main >> M15.counter', 'sub_sid': 0, 'started_by': 'first_counter', 'start_trigger_idx': 3621}"
3781,RANGE,RANGE_UPDATED,,"{'hi': 0.57806, 'lo': 0.57696, 'structure_id': 0, 'struct_direction': 1, 'timeframe': 'M15', 'use_case': 'first_counter', 'parent_tf': 'H1', 'parent_sid': 1, 'parent_cycle_id': 2, 'structure_path_id': 'H1.main >> M15.counter', 'sub_sid': 0, 'started_by': 'first_counter', 'start_trigger_idx': 3621}"
3786,RANGE,RANGE_UPDATED,,"{'reason': 'pullback_expand', 'hi': 0.57806, 'lo': 0.57641, 'pat': 'one_maru_continuous', 'structure_id': 0, 'struct_direction': 1, 'timeframe': 'M15', 'use_case': 'first_counter', 'parent_tf': 'H1', 'parent_sid': 1, 'parent_cycle_id': 2, 'structure_path_id': 'H1.main >> M15.counter', 'sub_sid': 0, 'started_by': 'first_counter', 'start_trigger_idx': 3621}"
3786,STRUCTURE,CTS_CONFIRMED,0.57806,"{'via': 'one_maru_continuous', 'cycle_id': 0, 'structure_id': 0, 'struct_direction': 1, 'confirmed_at': 3786, 'cts_anchor_idx': 3760, 'confirmation_method': 'pullback', 'timeframe': 'M15', 'use_case': 'first_counter', 'parent_tf': 'H1', 'parent_sid': 1, 'parent_cycle_id': 2, 'structure_path_id': 'H1.main >> M15.counter', 'sub_sid': 0, 'started_by': 'first_counter', 'start_trigger_idx': 3621}"
3786,STATE,STATE_CHANGED,,"{'from': 'range', 'to': 'pullback', 'structure_id': 0, 'struct_direction': 1, 'reason': 'pullback_pattern', 'pat': 'one_maru_continuous', 'effective_idx': 215, 'timeframe': 'M15', 'use_case': 'first_counter', 'parent_tf': 'H1', 'parent_sid': 1, 'parent_cycle_id': 2, 'structure_path_id': 'H1.main >> M15.counter', 'sub_sid': 0, 'started_by': 'first_counter', 'start_trigger_idx': 3621}"
3787,STATE,STATE_CHANGED,,"{'from': 'pullback', 'to': 'pullback_range', 'structure_id': 0, 'struct_direction': 1, 'reason': 'replay_no_expand_pullback_side', 'effective_idx': 216, 'timeframe': 'M15', 'use_case': 'first_counter', 'parent_tf': 'H1', 'parent_sid': 1, 'parent_cycle_id': 2, 'structure_path_id': 'H1.main >> M15.counter', 'sub_sid': 0, 'started_by': 'first_counter', 'start_trigger_idx': 3621}"
3794,RANGE,RANGE_UPDATED,,"{'hi': 0.57806, 'lo': 0.57628, 'structure_id': 0, 'struct_direction': 1, 'timeframe': 'M15', 'use_case': 'first_counter', 'parent_tf': 'H1', 'parent_sid': 1, 'parent_cycle_id': 2, 'structure_path_id': 'H1.main >> M15.counter', 'sub_sid': 0, 'started_by': 'first_counter', 'start_trigger_idx': 3621}"
3794,STATE,STATE_CHANGED,,"{'from': 'pullback_range', 'to': 'pullback', 'structure_id': 0, 'struct_direction': 1, 'reason': 'replay_expand_pullback_side', 'effective_idx': 223, 'timeframe': 'M15', 'use_case': 'first_counter', 'parent_tf': 'H1', 'parent_sid': 1, 'parent_cycle_id': 2, 'structure_path_id': 'H1.main >> M15.counter', 'sub_sid': 0, 'started_by': 'first_counter', 'start_trigger_idx': 3621}"
3795,RANGE,RANGE_UPDATED,,"{'hi': 0.57806, 'lo': 0.57623, 'structure_id': 0, 'struct_direction': 1, 'timeframe': 'M15', 'use_case': 'first_counter', 'parent_tf': 'H1', 'parent_sid': 1, 'parent_cycle_id': 2, 'structure_path_id': 'H1.main >> M15.counter', 'sub_sid': 0, 'started_by': 'first_counter', 'start_trigger_idx': 3621}"
3796,RANGE,RANGE_UPDATED,,"{'hi': 0.57806, 'lo': 0.57621, 'structure_id': 0, 'struct_direction': 1, 'timeframe': 'M15', 'use_case': 'first_counter', 'parent_tf': 'H1', 'parent_sid': 1, 'parent_cycle_id': 2, 'structure_path_id': 'H1.main >> M15.counter', 'sub_sid': 0, 'started_by': 'first_counter', 'start_trigger_idx': 3621}"
3797,RANGE,RANGE_UPDATED,,"{'hi': 0.57806, 'lo': 0.57608, 'structure_id': 0, 'struct_direction': 1, 'timeframe': 'M15', 'use_case': 'first_counter', 'parent_tf': 'H1', 'parent_sid': 1, 'parent_cycle_id': 2, 'structure_path_id': 'H1.main >> M15.counter', 'sub_sid': 0, 'started_by': 'first_counter', 'start_trigger_idx': 3621}"
3798,STATE,STATE_CHANGED,,"{'from': 'pullback', 'to': 'pullback_range', 'structure_id': 0, 'struct_direction': 1, 'reason': 'replay_no_expand_pullback_side', 'effective_idx': 227, 'timeframe': 'M15', 'use_case': 'first_counter', 'parent_tf': 'H1', 'parent_sid': 1, 'parent_cycle_id': 2, 'structure_path_id': 'H1.main >> M15.counter', 'sub_sid': 0, 'started_by': 'first_counter', 'start_trigger_idx': 3621}"
3802,RANGE,RANGE_UPDATED,,"{'hi': 0.57806, 'lo': 0.57586, 'structure_id': 0, 'struct_direction': 1, 'timeframe': 'M15', 'use_case': 'first_counter', 'parent_tf': 'H1', 'parent_sid': 1, 'parent_cycle_id': 2, 'structure_path_id': 'H1.main >> M15.counter', 'sub_sid': 0, 'started_by': 'first_counter', 'start_trigger_idx': 3621}"
3802,STATE,STATE_CHANGED,,"{'from': 'pullback_range', 'to': 'pullback', 'structure_id': 0, 'struct_direction': 1, 'reason': 'replay_expand_pullback_side', 'effective_idx': 231, 'timeframe': 'M15', 'use_case': 'first_counter', 'parent_tf': 'H1', 'parent_sid': 1, 'parent_cycle_id': 2, 'structure_path_id': 'H1.main >> M15.counter', 'sub_sid': 0, 'started_by': 'first_counter', 'start_trigger_idx': 3621}"
3803,RANGE,RANGE_UPDATED,,"{'hi': 0.57806, 'lo': 0.5758, 'structure_id': 0, 'struct_direction': 1, 'timeframe': 'M15', 'use_case': 'first_counter', 'parent_tf': 'H1', 'parent_sid': 1, 'parent_cycle_id': 2, 'structure_path_id': 'H1.main >> M15.counter', 'sub_sid': 0, 'started_by': 'first_counter', 'start_trigger_idx': 3621}"
3804,RANGE,RANGE_UPDATED,,"{'hi': 0.57806, 'lo': 0.57576, 'structure_id': 0, 'struct_direction': 1, 'timeframe': 'M15', 'use_case': 'first_counter', 'parent_tf': 'H1', 'parent_sid': 1, 'parent_cycle_id': 2, 'structure_path_id': 'H1.main >> M15.counter', 'sub_sid': 0, 'started_by': 'first_counter', 'start_trigger_idx': 3621}"
3805,RANGE,RANGE_UPDATED,,"{'hi': 0.57806, 'lo': 0.57552, 'structure_id': 0, 'struct_direction': 1, 'timeframe': 'M15', 'use_case': 'first_counter', 'parent_tf': 'H1', 'parent_sid': 1, 'parent_cycle_id': 2, 'structure_path_id': 'H1.main >> M15.counter', 'sub_sid': 0, 'started_by': 'first_counter', 'start_trigger_idx': 3621}"
3806,RANGE,RANGE_UPDATED,,"{'hi': 0.57827, 'lo': 0.57552, 'structure_id': 0, 'struct_direction': 1, 'timeframe': 'M15', 'use_case': 'first_counter', 'parent_tf': 'H1', 'parent_sid': 1, 'parent_cycle_id': 2, 'structure_path_id': 'H1.main >> M15.counter', 'sub_sid': 0, 'started_by': 'first_counter', 'start_trigger_idx': 3621}"
3806,STRUCTURE,CTS_THRESHOLD_UPDATED,0.57827,"{'prev': 0.57806, 'reason': 'range_sync', 'cycle_id': 0, 'structure_id': 0, 'struct_direction': 1, 'timeframe': 'M15', 'use_case': 'first_counter', 'parent_tf': 'H1', 'parent_sid': 1, 'parent_cycle_id': 2, 'structure_path_id': 'H1.main >> M15.counter', 'sub_sid': 0, 'started_by': 'first_counter', 'start_trigger_idx': 3621}"
3806,STATE,STATE_CHANGED,,"{'from': 'pullback', 'to': 'pullback_range', 'structure_id': 0, 'struct_direction': 1, 'reason': 'replay_no_expand_pullback_side', 'effective_idx': 235, 'timeframe': 'M15', 'use_case': 'first_counter', 'parent_tf': 'H1', 'parent_sid': 1, 'parent_cycle_id': 2, 'structure_path_id': 'H1.main >> M15.counter', 'sub_sid': 0, 'started_by': 'first_counter', 'start_trigger_idx': 3621}"
3812,RANGE,RANGE_UPDATED,,"{'hi': 0.57827, 'lo': 0.57484, 'structure_id': 0, 'struct_direction': 1, 'timeframe': 'M15', 'use_case': 'first_counter', 'parent_tf': 'H1', 'parent_sid': 1, 'parent_cycle_id': 2, 'structure_path_id': 'H1.main >> M15.counter', 'sub_sid': 0, 'started_by': 'first_counter', 'start_trigger_idx': 3621}"
3812,STATE,STATE_CHANGED,,"{'from': 'pullback_range', 'to': 'pullback', 'structure_id': 0, 'struct_direction': 1, 'reason': 'replay_expand_pullback_side', 'effective_idx': 241, 'timeframe': 'M15', 'use_case': 'first_counter', 'parent_tf': 'H1', 'parent_sid': 1, 'parent_cycle_id': 2, 'structure_path_id': 'H1.main >> M15.counter', 'sub_sid': 0, 'started_by': 'first_counter', 'start_trigger_idx': 3621}"
3813,RANGE,RANGE_UPDATED,,"{'hi': 0.57827, 'lo': 0.57422, 'structure_id': 0, 'struct_direction': 1, 'timeframe': 'M15', 'use_case': 'first_counter', 'parent_tf': 'H1', 'parent_sid': 1, 'parent_cycle_id': 2, 'structure_path_id': 'H1.main >> M15.counter', 'sub_sid': 0, 'started_by': 'first_counter', 'start_trigger_idx': 3621}"
3814,STATE,STATE_CHANGED,,"{'from': 'pullback', 'to': 'pullback_range', 'structure_id': 0, 'struct_direction': 1, 'reason': 'replay_no_expand_pullback_side', 'effective_idx': 243, 'timeframe': 'M15', 'use_case': 'first_counter', 'parent_tf': 'H1', 'parent_sid': 1, 'parent_cycle_id': 2, 'structure_path_id': 'H1.main >> M15.counter', 'sub_sid': 0, 'started_by': 'first_counter', 'start_trigger_idx': 3621}"
3816,RANGE,RANGE_UPDATED,,"{'hi': 0.57827, 'lo': 0.5738, 'structure_id': 0, 'struct_direction': 1, 'timeframe': 'M15', 'use_case': 'first_counter', 'parent_tf': 'H1', 'parent_sid': 1, 'parent_cycle_id': 2, 'structure_path_id': 'H1.main >> M15.counter', 'sub_sid': 0, 'started_by': 'first_counter', 'start_trigger_idx': 3621}"
3816,STATE,STATE_CHANGED,,"{'from': 'pullback_range', 'to': 'pullback', 'structure_id': 0, 'struct_direction': 1, 'reason': 'replay_expand_pullback_side', 'effective_idx': 245, 'timeframe': 'M15', 'use_case': 'first_counter', 'parent_tf': 'H1', 'parent_sid': 1, 'parent_cycle_id': 2, 'structure_path_id': 'H1.main >> M15.counter', 'sub_sid': 0, 'started_by': 'first_counter', 'start_trigger_idx': 3621}"
3817,RANGE,RANGE_UPDATED,,"{'hi': 0.57827, 'lo': 0.57351, 'structure_id': 0, 'struct_direction': 1, 'timeframe': 'M15', 'use_case': 'first_counter', 'parent_tf': 'H1', 'parent_sid': 1, 'parent_cycle_id': 2, 'structure_path_id': 'H1.main >> M15.counter', 'sub_sid': 0, 'started_by': 'first_counter', 'start_trigger_idx': 3621}"
3818,STATE,STATE_CHANGED,,"{'from': 'pullback', 'to': 'pullback_range', 'structure_id': 0, 'struct_direction': 1, 'reason': 'replay_no_expand_pullback_side', 'effective_idx': 247, 'timeframe': 'M15', 'use_case': 'first_counter', 'parent_tf': 'H1', 'parent_sid': 1, 'parent_cycle_id': 2, 'structure_path_id': 'H1.main >> M15.counter', 'sub_sid': 0, 'started_by': 'first_counter', 'start_trigger_idx': 3621}"
3852,RANGE,RANGE_UPDATED,,"{'hi': 0.57827, 'lo': 0.57326, 'structure_id': 0, 'struct_direction': 1, 'timeframe': 'M15', 'use_case': 'first_counter', 'parent_tf': 'H1', 'parent_sid': 1, 'parent_cycle_id': 2, 'structure_path_id': 'H1.main >> M15.counter', 'sub_sid': 0, 'started_by': 'first_counter', 'start_trigger_idx': 3621}"
3852,STATE,STATE_CHANGED,,"{'from': 'pullback_range', 'to': 'pullback', 'structure_id': 0, 'struct_direction': 1, 'reason': 'replay_expand_pullback_side', 'effective_idx': 281, 'timeframe': 'M15', 'use_case': 'first_counter', 'parent_tf': 'H1', 'parent_sid': 1, 'parent_cycle_id': 2, 'structure_path_id': 'H1.main >> M15.counter', 'sub_sid': 0, 'started_by': 'first_counter', 'start_trigger_idx': 3621}"
3853,RANGE,RANGE_UPDATED,,"{'hi': 0.57827, 'lo': 0.57316, 'structure_id': 0, 'struct_direction': 1, 'timeframe': 'M15', 'use_case': 'first_counter', 'parent_tf': 'H1', 'parent_sid': 1, 'parent_cycle_id': 2, 'structure_path_id': 'H1.main >> M15.counter', 'sub_sid': 0, 'started_by': 'first_counter', 'start_trigger_idx': 3621}"
3854,RANGE,RANGE_UPDATED,,"{'hi': 0.57827, 'lo': 0.57306, 'structure_id': 0, 'struct_direction': 1, 'timeframe': 'M15', 'use_case': 'first_counter', 'parent_tf': 'H1', 'parent_sid': 1, 'parent_cycle_id': 2, 'structure_path_id': 'H1.main >> M15.counter', 'sub_sid': 0, 'started_by': 'first_counter', 'start_trigger_idx': 3621}"
3855,STATE,STATE_CHANGED,,"{'from': 'pullback', 'to': 'pullback_range', 'structure_id': 0, 'struct_direction': 1, 'reason': 'replay_no_expand_pullback_side', 'effective_idx': 284, 'timeframe': 'M15', 'use_case': 'first_counter', 'parent_tf': 'H1', 'parent_sid': 1, 'parent_cycle_id': 2, 'structure_path_id': 'H1.main >> M15.counter', 'sub_sid': 0, 'started_by': 'first_counter', 'start_trigger_idx': 3621}"
3998,RANGE,RANGE_UPDATED,,"{'hi': 0.57827, 'lo': 0.57302, 'structure_id': 0, 'struct_direction': 1, 'timeframe': 'M15', 'use_case': 'first_counter', 'parent_tf': 'H1', 'parent_sid': 1, 'parent_cycle_id': 2, 'structure_path_id': 'H1.main >> M15.counter', 'sub_sid': 0, 'started_by': 'first_counter', 'start_trigger_idx': 3621}"
3998,STATE,STATE_CHANGED,,"{'from': 'pullback_range', 'to': 'pullback', 'structure_id': 0, 'struct_direction': 1, 'reason': 'replay_expand_pullback_side', 'effective_idx': 427, 'timeframe': 'M15', 'use_case': 'first_counter', 'parent_tf': 'H1', 'parent_sid': 1, 'parent_cycle_id': 2, 'structure_path_id': 'H1.main >> M15.counter', 'sub_sid': 0, 'started_by': 'first_counter', 'start_trigger_idx': 3621}"
3999,RANGE,RANGE_UPDATED,,"{'hi': 0.57827, 'lo': 0.57274, 'structure_id': 0, 'struct_direction': 1, 'timeframe': 'M15', 'use_case': 'first_counter', 'parent_tf': 'H1', 'parent_sid': 1, 'parent_cycle_id': 2, 'structure_path_id': 'H1.main >> M15.counter', 'sub_sid': 0, 'started_by': 'first_counter', 'start_trigger_idx': 3621}"
4000,RANGE,RANGE_UPDATED,,"{'hi': 0.57827, 'lo': 0.57255, 'structure_id': 0, 'struct_direction': 1, 'timeframe': 'M15', 'use_case': 'first_counter', 'parent_tf': 'H1', 'parent_sid': 1, 'parent_cycle_id': 2, 'structure_path_id': 'H1.main >> M15.counter', 'sub_sid': 0, 'started_by': 'first_counter', 'start_trigger_idx': 3621}"
4001,STATE,STATE_CHANGED,,"{'from': 'pullback', 'to': 'pullback_range', 'structure_id': 0, 'struct_direction': 1, 'reason': 'replay_no_expand_pullback_side', 'effective_idx': 430, 'timeframe': 'M15', 'use_case': 'first_counter', 'parent_tf': 'H1', 'parent_sid': 1, 'parent_cycle_id': 2, 'structure_path_id': 'H1.main >> M15.counter', 'sub_sid': 0, 'started_by': 'first_counter', 'start_trigger_idx': 3621}"
4040,STRUCTURE,CTS_ESTABLISHED,0.57462,"{'via': 'one_maru_opposite', 'anchor_idx': 4038, 'pattern_name': 'one_maru_opposite', 'confirmed_at': 4040, 'cycle_id': 0, 'structure_id': 0, 'struct_direction': 1, 'timeframe': 'M15', 'use_case': 'subsequent_counter', 'parent_tf': 'H1', 'parent_sid': 1, 'parent_cycle_id': 2, 'structure_path_id': 'H1.main >> M15.counter', 'sub_sid': 1, 'started_by': 'subsequent_counter', 'start_trigger_idx': 4083}"
4027,STRUCTURE,BOS_CONFIRMED,0.57362,"{'source': 'initial_prior_extreme', 'confirmed_at': 4040, 'pb_start': None, 'cycle_id': 0, 'structure_id': 0, 'struct_direction': 1, 'timeframe': 'M15', 'use_case': 'subsequent_counter', 'parent_tf': 'H1', 'parent_sid': 1, 'parent_cycle_id': 2, 'structure_path_id': 'H1.main >> M15.counter', 'sub_sid': 1, 'started_by': 'subsequent_counter', 'start_trigger_idx': 4083}"
4040,STATE,STATE_CHANGED,,"{'from': 'none', 'to': 'breakout', 'structure_id': 0, 'struct_direction': 1, 'reason': 'breakout_pattern', 'pat': 'one_maru_opposite', 'effective_idx': 63, 'timeframe': 'M15', 'use_case': 'subsequent_counter', 'parent_tf': 'H1', 'parent_sid': 1, 'parent_cycle_id': 2, 'structure_path_id': 'H1.main >> M15.counter', 'sub_sid': 1, 'started_by': 'subsequent_counter', 'start_trigger_idx': 4083}"
4041,STRUCTURE,CTS_UPDATED,0.57466,"{'via': 'replay_raw', 'cycle_id': 0, 'structure_id': 0, 'struct_direction': 1, 'timeframe': 'M15', 'use_case': 'subsequent_counter', 'parent_tf': 'H1', 'parent_sid': 1, 'parent_cycle_id': 2, 'structure_path_id': 'H1.main >> M15.counter', 'sub_sid': 1, 'started_by': 'subsequent_counter', 'start_trigger_idx': 4083}"
4042,STRUCTURE,CTS_UPDATED,0.57476,"{'via': 'replay_raw', 'cycle_id': 0, 'structure_id': 0, 'struct_direction': 1, 'timeframe': 'M15', 'use_case': 'subsequent_counter', 'parent_tf': 'H1', 'parent_sid': 1, 'parent_cycle_id': 2, 'structure_path_id': 'H1.main >> M15.counter', 'sub_sid': 1, 'started_by': 'subsequent_counter', 'start_trigger_idx': 4083}"
4044,STRUCTURE,CTS_UPDATED,0.57479,"{'via': 'replay_raw', 'cycle_id': 0, 'structure_id': 0, 'struct_direction': 1, 'timeframe': 'M15', 'use_case': 'subsequent_counter', 'parent_tf': 'H1', 'parent_sid': 1, 'parent_cycle_id': 2, 'structure_path_id': 'H1.main >> M15.counter', 'sub_sid': 1, 'started_by': 'subsequent_counter', 'start_trigger_idx': 4083}"
4045,STRUCTURE,CTS_UPDATED,0.57499,"{'via': 'replay_raw', 'cycle_id': 0, 'structure_id': 0, 'struct_direction': 1, 'timeframe': 'M15', 'use_case': 'subsequent_counter', 'parent_tf': 'H1', 'parent_sid': 1, 'parent_cycle_id': 2, 'structure_path_id': 'H1.main >> M15.counter', 'sub_sid': 1, 'started_by': 'subsequent_counter', 'start_trigger_idx': 4083}"
4046,STRUCTURE,CTS_UPDATED,0.57507,"{'via': 'replay_raw', 'cycle_id': 0, 'structure_id': 0, 'struct_direction': 1, 'timeframe': 'M15', 'use_case': 'subsequent_counter', 'parent_tf': 'H1', 'parent_sid': 1, 'parent_cycle_id': 2, 'structure_path_id': 'H1.main >> M15.counter', 'sub_sid': 1, 'started_by': 'subsequent_counter', 'start_trigger_idx': 4083}"
4047,RANGE,RANGE_STARTED,,"{'start_idx': 65, 'confirm_idx': 70, 'hi': 0.57507, 'lo': 0.57452, 'cts_idx': 69, 'cts_price': 0.57507, 'structure_id': 0, 'struct_direction': 1, 'timeframe': 'M15', 'use_case': 'subsequent_counter', 'parent_tf': 'H1', 'parent_sid': 1, 'parent_cycle_id': 2, 'structure_path_id': 'H1.main >> M15.counter', 'sub_sid': 1, 'started_by': 'subsequent_counter', 'start_trigger_idx': 4083}"
4047,STATE,STATE_CHANGED,,"{'from': 'breakout', 'to': 'range', 'structure_id': 0, 'struct_direction': 1, 'reason': 'range_confirmed', 'effective_idx': 65, 'timeframe': 'M15', 'use_case': 'subsequent_counter', 'parent_tf': 'H1', 'parent_sid': 1, 'parent_cycle_id': 2, 'structure_path_id': 'H1.main >> M15.counter', 'sub_sid': 1, 'started_by': 'subsequent_counter', 'start_trigger_idx': 4083}"
4043,RANGE,RANGE_UPDATED,,"{'hi': 0.57507, 'lo': 0.57429, 'structure_id': 0, 'struct_direction': 1, 'timeframe': 'M15', 'use_case': 'subsequent_counter', 'parent_tf': 'H1', 'parent_sid': 1, 'parent_cycle_id': 2, 'structure_path_id': 'H1.main >> M15.counter', 'sub_sid': 1, 'started_by': 'subsequent_counter', 'start_trigger_idx': 4083}"
4050,RANGE,RANGE_UPDATED,,"{'hi': 0.57522, 'lo': 0.57429, 'structure_id': 0, 'struct_direction': 1, 'timeframe': 'M15', 'use_case': 'subsequent_counter', 'parent_tf': 'H1', 'parent_sid': 1, 'parent_cycle_id': 2, 'structure_path_id': 'H1.main >> M15.counter', 'sub_sid': 1, 'started_by': 'subsequent_counter', 'start_trigger_idx': 4083}"
4050,STRUCTURE,CTS_UPDATED,0.57522,"{'via': 'replay_raw', 'cycle_id': 0, 'structure_id': 0, 'struct_direction': 1, 'timeframe': 'M15', 'use_case': 'subsequent_counter', 'parent_tf': 'H1', 'parent_sid': 1, 'parent_cycle_id': 2, 'structure_path_id': 'H1.main >> M15.counter', 'sub_sid': 1, 'started_by': 'subsequent_counter', 'start_trigger_idx': 4083}"
4053,STRUCTURE,CTS_UPDATED,0.57548,"{'via': 'replay_raw', 'cycle_id': 0, 'structure_id': 0, 'struct_direction': 1, 'timeframe': 'M15', 'use_case': 'subsequent_counter', 'parent_tf': 'H1', 'parent_sid': 1, 'parent_cycle_id': 2, 'structure_path_id': 'H1.main >> M15.counter', 'sub_sid': 1, 'started_by': 'subsequent_counter', 'start_trigger_idx': 4083}"
4054,RANGE,RANGE_RESET,,"{'reason': 'range_breakout', 'pat': 'one_maru_continuous', 'structure_id': 0, 'struct_direction': 1, 'timeframe': 'M15', 'use_case': 'subsequent_counter', 'parent_tf': 'H1', 'parent_sid': 1, 'parent_cycle_id': 2, 'structure_path_id': 'H1.main >> M15.counter', 'sub_sid': 1, 'started_by': 'subsequent_counter', 'start_trigger_idx': 4083}"
4054,STRUCTURE,CTS_UPDATED,0.57581,"{'via': 'one_maru_continuous', 'cycle_id': 0, 'structure_id': 0, 'struct_direction': 1, 'timeframe': 'M15', 'use_case': 'subsequent_counter', 'parent_tf': 'H1', 'parent_sid': 1, 'parent_cycle_id': 2, 'structure_path_id': 'H1.main >> M15.counter', 'sub_sid': 1, 'started_by': 'subsequent_counter', 'start_trigger_idx': 4083}"
4054,STATE,STATE_CHANGED,,"{'from': 'range', 'to': 'breakout', 'structure_id': 0, 'struct_direction': 1, 'reason': 'breakout_pattern', 'pat': 'one_maru_continuous', 'effective_idx': 77, 'timeframe': 'M15', 'use_case': 'subsequent_counter', 'parent_tf': 'H1', 'parent_sid': 1, 'parent_cycle_id': 2, 'structure_path_id': 'H1.main >> M15.counter', 'sub_sid': 1, 'started_by': 'subsequent_counter', 'start_trigger_idx': 4083}"
4057,RANGE,RANGE_STARTED,,"{'start_idx': 78, 'confirm_idx': 80, 'hi': 0.57581, 'lo': 0.57556, 'cts_idx': 77, 'cts_price': 0.57581, 'structure_id': 0, 'struct_direction': 1, 'timeframe': 'M15', 'use_case': 'subsequent_counter', 'parent_tf': 'H1', 'parent_sid': 1, 'parent_cycle_id': 2, 'structure_path_id': 'H1.main >> M15.counter', 'sub_sid': 1, 'started_by': 'subsequent_counter', 'start_trigger_idx': 4083}"
4057,STATE,STATE_CHANGED,,"{'from': 'breakout', 'to': 'range', 'structure_id': 0, 'struct_direction': 1, 'reason': 'range_confirmed', 'effective_idx': 78, 'timeframe': 'M15', 'use_case': 'subsequent_counter', 'parent_tf': 'H1', 'parent_sid': 1, 'parent_cycle_id': 2, 'structure_path_id': 'H1.main >> M15.counter', 'sub_sid': 1, 'started_by': 'subsequent_counter', 'start_trigger_idx': 4083}"
4058,RANGE,RANGE_UPDATED,,"{'hi': 0.57585, 'lo': 0.57556, 'structure_id': 0, 'struct_direction': 1, 'timeframe': 'M15', 'use_case': 'subsequent_counter', 'parent_tf': 'H1', 'parent_sid': 1, 'parent_cycle_id': 2, 'structure_path_id': 'H1.main >> M15.counter', 'sub_sid': 1, 'started_by': 'subsequent_counter', 'start_trigger_idx': 4083}"
4058,STRUCTURE,CTS_UPDATED,0.57585,"{'via': 'replay_raw', 'cycle_id': 0, 'structure_id': 0, 'struct_direction': 1, 'timeframe': 'M15', 'use_case': 'subsequent_counter', 'parent_tf': 'H1', 'parent_sid': 1, 'parent_cycle_id': 2, 'structure_path_id': 'H1.main >> M15.counter', 'sub_sid': 1, 'started_by': 'subsequent_counter', 'start_trigger_idx': 4083}"
4061,RANGE,RANGE_UPDATED,,"{'hi': 0.57585, 'lo': 0.57552, 'structure_id': 0, 'struct_direction': 1, 'timeframe': 'M15', 'use_case': 'subsequent_counter', 'parent_tf': 'H1', 'parent_sid': 1, 'parent_cycle_id': 2, 'structure_path_id': 'H1.main >> M15.counter', 'sub_sid': 1, 'started_by': 'subsequent_counter', 'start_trigger_idx': 4083}"
4063,RANGE,RANGE_UPDATED,,"{'hi': 0.57585, 'lo': 0.57536, 'structure_id': 0, 'struct_direction': 1, 'timeframe': 'M15', 'use_case': 'subsequent_counter', 'parent_tf': 'H1', 'parent_sid': 1, 'parent_cycle_id': 2, 'structure_path_id': 'H1.main >> M15.counter', 'sub_sid': 1, 'started_by': 'subsequent_counter', 'start_trigger_idx': 4083}"
4065,RANGE,RANGE_UPDATED,,"{'hi': 0.57585, 'lo': 0.57533, 'structure_id': 0, 'struct_direction': 1, 'timeframe': 'M15', 'use_case': 'subsequent_counter', 'parent_tf': 'H1', 'parent_sid': 1, 'parent_cycle_id': 2, 'structure_path_id': 'H1.main >> M15.counter', 'sub_sid': 1, 'started_by': 'subsequent_counter', 'start_trigger_idx': 4083}"
4066,RANGE,RANGE_UPDATED,,"{'hi': 0.57585, 'lo': 0.57516, 'structure_id': 0, 'struct_direction': 1, 'timeframe': 'M15', 'use_case': 'subsequent_counter', 'parent_tf': 'H1', 'parent_sid': 1, 'parent_cycle_id': 2, 'structure_path_id': 'H1.main >> M15.counter', 'sub_sid': 1, 'started_by': 'subsequent_counter', 'start_trigger_idx': 4083}"
4070,RANGE,RANGE_UPDATED,,"{'hi': 0.57589, 'lo': 0.57516, 'structure_id': 0, 'struct_direction': 1, 'timeframe': 'M15', 'use_case': 'subsequent_counter', 'parent_tf': 'H1', 'parent_sid': 1, 'parent_cycle_id': 2, 'structure_path_id': 'H1.main >> M15.counter', 'sub_sid': 1, 'started_by': 'subsequent_counter', 'start_trigger_idx': 4083}"
4070,STRUCTURE,CTS_UPDATED,0.57589,"{'via': 'replay_raw', 'cycle_id': 0, 'structure_id': 0, 'struct_direction': 1, 'timeframe': 'M15', 'use_case': 'subsequent_counter', 'parent_tf': 'H1', 'parent_sid': 1, 'parent_cycle_id': 2, 'structure_path_id': 'H1.main >> M15.counter', 'sub_sid': 1, 'started_by': 'subsequent_counter', 'start_trigger_idx': 4083}"
4071,RANGE,RANGE_UPDATED,,"{'hi': 0.57638, 'lo': 0.57516, 'structure_id': 0, 'struct_direction': 1, 'timeframe': 'M15', 'use_case': 'subsequent_counter', 'parent_tf': 'H1', 'parent_sid': 1, 'parent_cycle_id': 2, 'structure_path_id': 'H1.main >> M15.counter', 'sub_sid': 1, 'started_by': 'subsequent_counter', 'start_trigger_idx': 4083}"
4071,STRUCTURE,CTS_UPDATED,0.57638,"{'via': 'replay_raw', 'cycle_id': 0, 'structure_id': 0, 'struct_direction': 1, 'timeframe': 'M15', 'use_case': 'subsequent_counter', 'parent_tf': 'H1', 'parent_sid': 1, 'parent_cycle_id': 2, 'structure_path_id': 'H1.main >> M15.counter', 'sub_sid': 1, 'started_by': 'subsequent_counter', 'start_trigger_idx': 4083}"
4082,RANGE,RANGE_UPDATED,,"{'hi': 0.57639, 'lo': 0.57516, 'structure_id': 0, 'struct_direction': 1, 'timeframe': 'M15', 'use_case': 'subsequent_counter', 'parent_tf': 'H1', 'parent_sid': 1, 'parent_cycle_id': 2, 'structure_path_id': 'H1.main >> M15.counter', 'sub_sid': 1, 'started_by': 'subsequent_counter', 'start_trigger_idx': 4083}"
4082,STRUCTURE,CTS_UPDATED,0.57639,"{'via': 'replay_raw', 'cycle_id': 0, 'structure_id': 0, 'struct_direction': 1, 'timeframe': 'M15', 'use_case': 'subsequent_counter', 'parent_tf': 'H1', 'parent_sid': 1, 'parent_cycle_id': 2, 'structure_path_id': 'H1.main >> M15.counter', 'sub_sid': 1, 'started_by': 'subsequent_counter', 'start_trigger_idx': 4083}"
4083,RANGE,RANGE_UPDATED,,"{'hi': 0.57645, 'lo': 0.57516, 'structure_id': 0, 'struct_direction': 1, 'timeframe': 'M15', 'use_case': 'subsequent_counter', 'parent_tf': 'H1', 'parent_sid': 1, 'parent_cycle_id': 2, 'structure_path_id': 'H1.main >> M15.counter', 'sub_sid': 1, 'started_by': 'subsequent_counter', 'start_trigger_idx': 4083}"
4083,STRUCTURE,CTS_UPDATED,0.57645,"{'via': 'replay_raw', 'cycle_id': 0, 'structure_id': 0, 'struct_direction': 1, 'timeframe': 'M15', 'use_case': 'subsequent_counter', 'parent_tf': 'H1', 'parent_sid': 1, 'parent_cycle_id': 2, 'structure_path_id': 'H1.main >> M15.counter', 'sub_sid': 1, 'started_by': 'subsequent_counter', 'start_trigger_idx': 4083}"
4084,RANGE,RANGE_UPDATED,,"{'hi': 0.5766, 'lo': 0.57516, 'structure_id': 0, 'struct_direction': 1, 'timeframe': 'M15', 'use_case': 'subsequent_counter', 'parent_tf': 'H1', 'parent_sid': 1, 'parent_cycle_id': 2, 'structure_path_id': 'H1.main >> M15.counter', 'sub_sid': 1, 'started_by': 'subsequent_counter', 'start_trigger_idx': 4083}"
4084,STRUCTURE,CTS_UPDATED,0.5766,"{'via': 'replay_raw', 'cycle_id': 0, 'structure_id': 0, 'struct_direction': 1, 'timeframe': 'M15', 'use_case': 'subsequent_counter', 'parent_tf': 'H1', 'parent_sid': 1, 'parent_cycle_id': 2, 'structure_path_id': 'H1.main >> M15.counter', 'sub_sid': 1, 'started_by': 'subsequent_counter', 'start_trigger_idx': 4083}"
4085,RANGE,RANGE_UPDATED,,"{'hi': 0.5767, 'lo': 0.57516, 'structure_id': 0, 'struct_direction': 1, 'timeframe': 'M15', 'use_case': 'subsequent_counter', 'parent_tf': 'H1', 'parent_sid': 1, 'parent_cycle_id': 2, 'structure_path_id': 'H1.main >> M15.counter', 'sub_sid': 1, 'started_by': 'subsequent_counter', 'start_trigger_idx': 4083}"
4085,STRUCTURE,CTS_UPDATED,0.5767,"{'via': 'replay_raw', 'cycle_id': 0, 'structure_id': 0, 'struct_direction': 1, 'timeframe': 'M15', 'use_case': 'subsequent_counter', 'parent_tf': 'H1', 'parent_sid': 1, 'parent_cycle_id': 2, 'structure_path_id': 'H1.main >> M15.counter', 'sub_sid': 1, 'started_by': 'subsequent_counter', 'start_trigger_idx': 4083}"
4086,RANGE,RANGE_UPDATED,,"{'hi': 0.57674, 'lo': 0.57516, 'structure_id': 0, 'struct_direction': 1, 'timeframe': 'M15', 'use_case': 'subsequent_counter', 'parent_tf': 'H1', 'parent_sid': 1, 'parent_cycle_id': 2, 'structure_path_id': 'H1.main >> M15.counter', 'sub_sid': 1, 'started_by': 'subsequent_counter', 'start_trigger_idx': 4083}"
4086,STRUCTURE,CTS_UPDATED,0.57674,"{'via': 'replay_raw', 'cycle_id': 0, 'structure_id': 0, 'struct_direction': 1, 'timeframe': 'M15', 'use_case': 'subsequent_counter', 'parent_tf': 'H1', 'parent_sid': 1, 'parent_cycle_id': 2, 'structure_path_id': 'H1.main >> M15.counter', 'sub_sid': 1, 'started_by': 'subsequent_counter', 'start_trigger_idx': 4083}"
4098,RANGE,RANGE_UPDATED,,"{'hi': 0.57674, 'lo': 0.57514, 'structure_id': 0, 'struct_direction': 1, 'timeframe': 'M15', 'use_case': 'subsequent_counter', 'parent_tf': 'H1', 'parent_sid': 1, 'parent_cycle_id': 2, 'structure_path_id': 'H1.main >> M15.counter', 'sub_sid': 1, 'started_by': 'subsequent_counter', 'start_trigger_idx': 4083}"
4103,RANGE,RANGE_UPDATED,,"{'reason': 'pullback_expand', 'hi': 0.57674, 'lo': 0.5742, 'pat': 'one_maru_opposite', 'structure_id': 0, 'struct_direction': 1, 'timeframe': 'M15', 'use_case': 'subsequent_counter', 'parent_tf': 'H1', 'parent_sid': 1, 'parent_cycle_id': 2, 'structure_path_id': 'H1.main >> M15.counter', 'sub_sid': 1, 'started_by': 'subsequent_counter', 'start_trigger_idx': 4083}"
4103,STRUCTURE,CTS_CONFIRMED,0.57674,"{'via': 'one_maru_opposite', 'cycle_id': 0, 'structure_id': 0, 'struct_direction': 1, 'confirmed_at': 4103, 'cts_anchor_idx': 4086, 'confirmation_method': 'pullback', 'timeframe': 'M15', 'use_case': 'subsequent_counter', 'parent_tf': 'H1', 'parent_sid': 1, 'parent_cycle_id': 2, 'structure_path_id': 'H1.main >> M15.counter', 'sub_sid': 1, 'started_by': 'subsequent_counter', 'start_trigger_idx': 4083}"
4103,STATE,STATE_CHANGED,,"{'from': 'range', 'to': 'pullback', 'structure_id': 0, 'struct_direction': 1, 'reason': 'pullback_pattern', 'pat': 'one_maru_opposite', 'effective_idx': 126, 'timeframe': 'M15', 'use_case': 'subsequent_counter', 'parent_tf': 'H1', 'parent_sid': 1, 'parent_cycle_id': 2, 'structure_path_id': 'H1.main >> M15.counter', 'sub_sid': 1, 'started_by': 'subsequent_counter', 'start_trigger_idx': 4083}"
4104,STATE,STATE_CHANGED,,"{'from': 'pullback', 'to': 'pullback_range', 'structure_id': 0, 'struct_direction': 1, 'reason': 'replay_no_expand_pullback_side', 'effective_idx': 127, 'timeframe': 'M15', 'use_case': 'subsequent_counter', 'parent_tf': 'H1', 'parent_sid': 1, 'parent_cycle_id': 2, 'structure_path_id': 'H1.main >> M15.counter', 'sub_sid': 1, 'started_by': 'subsequent_counter', 'start_trigger_idx': 4083}"
4129,RANGE,RANGE_UPDATED,,"{'hi': 0.57674, 'lo': 0.57413, 'structure_id': 0, 'struct_direction': 1, 'timeframe': 'M15', 'use_case': 'subsequent_counter', 'parent_tf': 'H1', 'parent_sid': 1, 'parent_cycle_id': 2, 'structure_path_id': 'H1.main >> M15.counter', 'sub_sid': 1, 'started_by': 'subsequent_counter', 'start_trigger_idx': 4083}"
4129,STATE,STATE_CHANGED,,"{'from': 'pullback_range', 'to': 'pullback', 'structure_id': 0, 'struct_direction': 1, 'reason': 'replay_expand_pullback_side', 'effective_idx': 152, 'timeframe': 'M15', 'use_case': 'subsequent_counter', 'parent_tf': 'H1', 'parent_sid': 1, 'parent_cycle_id': 2, 'structure_path_id': 'H1.main >> M15.counter', 'sub_sid': 1, 'started_by': 'subsequent_counter', 'start_trigger_idx': 4083}"
4130,STATE,STATE_CHANGED,,"{'from': 'pullback', 'to': 'pullback_range', 'structure_id': 0, 'struct_direction': 1, 'reason': 'replay_no_expand_pullback_side', 'effective_idx': 153, 'timeframe': 'M15', 'use_case': 'subsequent_counter', 'parent_tf': 'H1', 'parent_sid': 1, 'parent_cycle_id': 2, 'structure_path_id': 'H1.main >> M15.counter', 'sub_sid': 1, 'started_by': 'subsequent_counter', 'start_trigger_idx': 4083}"
4140,RANGE,RANGE_UPDATED,,"{'hi': 0.57682, 'lo': 0.57413, 'structure_id': 0, 'struct_direction': 1, 'timeframe': 'M15', 'use_case': 'subsequent_counter', 'parent_tf': 'H1', 'parent_sid': 1, 'parent_cycle_id': 2, 'structure_path_id': 'H1.main >> M15.counter', 'sub_sid': 1, 'started_by': 'subsequent_counter', 'start_trigger_idx': 4083}"
4140,STRUCTURE,CTS_THRESHOLD_UPDATED,0.57682,"{'prev': 0.57674, 'reason': 'range_sync', 'cycle_id': 0, 'structure_id': 0, 'struct_direction': 1, 'timeframe': 'M15', 'use_case': 'subsequent_counter', 'parent_tf': 'H1', 'parent_sid': 1, 'parent_cycle_id': 2, 'structure_path_id': 'H1.main >> M15.counter', 'sub_sid': 1, 'started_by': 'subsequent_counter', 'start_trigger_idx': 4083}"
4141,RANGE,RANGE_UPDATED,,"{'hi': 0.5773, 'lo': 0.57413, 'structure_id': 0, 'struct_direction': 1, 'timeframe': 'M15', 'use_case': 'subsequent_counter', 'parent_tf': 'H1', 'parent_sid': 1, 'parent_cycle_id': 2, 'structure_path_id': 'H1.main >> M15.counter', 'sub_sid': 1, 'started_by': 'subsequent_counter', 'start_trigger_idx': 4083}"
4141,STRUCTURE,CTS_THRESHOLD_UPDATED,0.5773,"{'prev': 0.57682, 'reason': 'range_sync', 'cycle_id': 0, 'structure_id': 0, 'struct_direction': 1, 'timeframe': 'M15', 'use_case': 'subsequent_counter', 'parent_tf': 'H1', 'parent_sid': 1, 'parent_cycle_id': 2, 'structure_path_id': 'H1.main >> M15.counter', 'sub_sid': 1, 'started_by': 'subsequent_counter', 'start_trigger_idx': 4083}"
4153,RANGE,RANGE_UPDATED,,"{'hi': 0.57738, 'lo': 0.57413, 'structure_id': 0, 'struct_direction': 1, 'timeframe': 'M15', 'use_case': 'subsequent_counter', 'parent_tf': 'H1', 'parent_sid': 1, 'parent_cycle_id': 2, 'structure_path_id': 'H1.main >> M15.counter', 'sub_sid': 1, 'started_by': 'subsequent_counter', 'start_trigger_idx': 4083}"
4153,STRUCTURE,CTS_THRESHOLD_UPDATED,0.57738,"{'prev': 0.5773, 'reason': 'range_sync', 'cycle_id': 0, 'structure_id': 0, 'struct_direction': 1, 'timeframe': 'M15', 'use_case': 'subsequent_counter', 'parent_tf': 'H1', 'parent_sid': 1, 'parent_cycle_id': 2, 'structure_path_id': 'H1.main >> M15.counter', 'sub_sid': 1, 'started_by': 'subsequent_counter', 'start_trigger_idx': 4083}"
4157,RANGE,RANGE_RESET,,"{'reason': 'range_breakout', 'pat': 'one_maru_continuous', 'structure_id': 0, 'struct_direction': 1, 'timeframe': 'M15', 'use_case': 'subsequent_counter', 'parent_tf': 'H1', 'parent_sid': 1, 'parent_cycle_id': 2, 'structure_path_id': 'H1.main >> M15.counter', 'sub_sid': 1, 'started_by': 'subsequent_counter', 'start_trigger_idx': 4083}"
4157,STRUCTURE,CTS_ESTABLISHED,0.57798,"{'via': 'one_maru_continuous', 'anchor_idx': 4154, 'pattern_name': 'one_maru_continuous', 'confirmed_at': 4157, 'cycle_id': 1, 'structure_id': 0, 'struct_direction': 1, 'timeframe': 'M15', 'use_case': 'subsequent_counter', 'parent_tf': 'H1', 'parent_sid': 1, 'parent_cycle_id': 2, 'structure_path_id': 'H1.main >> M15.counter', 'sub_sid': 1, 'started_by': 'subsequent_counter', 'start_trigger_idx': 4083}"
4129,STRUCTURE,BOS_CONFIRMED,0.57413,"{'source': 'pullback_extreme', 'confirmed_at': 4157, 'pb_start': 126, 'cycle_id': 1, 'structure_id': 0, 'struct_direction': 1, 'timeframe': 'M15', 'use_case': 'subsequent_counter', 'parent_tf': 'H1', 'parent_sid': 1, 'parent_cycle_id': 2, 'structure_path_id': 'H1.main >> M15.counter', 'sub_sid': 1, 'started_by': 'subsequent_counter', 'start_trigger_idx': 4083}"
4157,STATE,STATE_CHANGED,,"{'from': 'pullback_range', 'to': 'breakout', 'structure_id': 0, 'struct_direction': 1, 'reason': 'breakout_pattern', 'pat': 'one_maru_continuous', 'effective_idx': 180, 'timeframe': 'M15', 'use_case': 'subsequent_counter', 'parent_tf': 'H1', 'parent_sid': 1, 'parent_cycle_id': 2, 'structure_path_id': 'H1.main >> M15.counter', 'sub_sid': 1, 'started_by': 'subsequent_counter', 'start_trigger_idx': 4083}"
4159,RANGE,RANGE_STARTED,,"{'reason': 'pullback_created_range', 'cts_idx': 180, 'cts_price': 0.57798, 'pullback_apply_idx': 182, 'hi': 0.57798, 'lo': 0.57741, 'pat': 'one_maru_continuous', 'structure_id': 0, 'struct_direction': 1, 'timeframe': 'M15', 'use_case': 'subsequent_counter', 'parent_tf': 'H1', 'parent_sid': 1, 'parent_cycle_id': 2, 'structure_path_id': 'H1.main >> M15.counter', 'sub_sid': 1, 'started_by': 'subsequent_counter', 'start_trigger_idx': 4083}"
4159,STRUCTURE,CTS_CONFIRMED,0.57798,"{'via': 'one_maru_continuous', 'cycle_id': 1, 'structure_id': 0, 'struct_direction': 1, 'confirmed_at': 4159, 'cts_anchor_idx': 4157, 'confirmation_method': 'pullback', 'timeframe': 'M15', 'use_case': 'subsequent_counter', 'parent_tf': 'H1', 'parent_sid': 1, 'parent_cycle_id': 2, 'structure_path_id': 'H1.main >> M15.counter', 'sub_sid': 1, 'started_by': 'subsequent_counter', 'start_trigger_idx': 4083}"
4159,STATE,STATE_CHANGED,,"{'from': 'breakout', 'to': 'pullback', 'structure_id': 0, 'struct_direction': 1, 'reason': 'pullback_pattern', 'pat': 'one_maru_continuous', 'effective_idx': 182, 'timeframe': 'M15', 'use_case': 'subsequent_counter', 'parent_tf': 'H1', 'parent_sid': 1, 'parent_cycle_id': 2, 'structure_path_id': 'H1.main >> M15.counter', 'sub_sid': 1, 'started_by': 'subsequent_counter', 'start_trigger_idx': 4083}"
4160,RANGE,RANGE_UPDATED,,"{'hi': 0.57798, 'lo': 0.57739, 'structure_id': 0, 'struct_direction': 1, 'timeframe': 'M15', 'use_case': 'subsequent_counter', 'parent_tf': 'H1', 'parent_sid': 1, 'parent_cycle_id': 2, 'structure_path_id': 'H1.main >> M15.counter', 'sub_sid': 1, 'started_by': 'subsequent_counter', 'start_trigger_idx': 4083}"
4161,RANGE,RANGE_UPDATED,,"{'hi': 0.57798, 'lo': 0.57734, 'structure_id': 0, 'struct_direction': 1, 'timeframe': 'M15', 'use_case': 'subsequent_counter', 'parent_tf': 'H1', 'parent_sid': 1, 'parent_cycle_id': 2, 'structure_path_id': 'H1.main >> M15.counter', 'sub_sid': 1, 'started_by': 'subsequent_counter', 'start_trigger_idx': 4083}"
4162,RANGE,RANGE_UPDATED,,"{'hi': 0.57798, 'lo': 0.57728, 'structure_id': 0, 'struct_direction': 1, 'timeframe': 'M15', 'use_case': 'subsequent_counter', 'parent_tf': 'H1', 'parent_sid': 1, 'parent_cycle_id': 2, 'structure_path_id': 'H1.main >> M15.counter', 'sub_sid': 1, 'started_by': 'subsequent_counter', 'start_trigger_idx': 4083}"
4163,RANGE,RANGE_UPDATED,,"{'hi': 0.57798, 'lo': 0.57724, 'structure_id': 0, 'struct_direction': 1, 'timeframe': 'M15', 'use_case': 'subsequent_counter', 'parent_tf': 'H1', 'parent_sid': 1, 'parent_cycle_id': 2, 'structure_path_id': 'H1.main >> M15.counter', 'sub_sid': 1, 'started_by': 'subsequent_counter', 'start_trigger_idx': 4083}"
4164,STATE,STATE_CHANGED,,"{'from': 'pullback', 'to': 'pullback_range', 'structure_id': 0, 'struct_direction': 1, 'reason': 'replay_no_expand_pullback_side', 'effective_idx': 187, 'timeframe': 'M15', 'use_case': 'subsequent_counter', 'parent_tf': 'H1', 'parent_sid': 1, 'parent_cycle_id': 2, 'structure_path_id': 'H1.main >> M15.counter', 'sub_sid': 1, 'started_by': 'subsequent_counter', 'start_trigger_idx': 4083}"
4166,RANGE,RANGE_UPDATED,,"{'hi': 0.57798, 'lo': 0.57705, 'structure_id': 0, 'struct_direction': 1, 'timeframe': 'M15', 'use_case': 'subsequent_counter', 'parent_tf': 'H1', 'parent_sid': 1, 'parent_cycle_id': 2, 'structure_path_id': 'H1.main >> M15.counter', 'sub_sid': 1, 'started_by': 'subsequent_counter', 'start_trigger_idx': 4083}"
4166,STATE,STATE_CHANGED,,"{'from': 'pullback_range', 'to': 'pullback', 'structure_id': 0, 'struct_direction': 1, 'reason': 'replay_expand_pullback_side', 'effective_idx': 189, 'timeframe': 'M15', 'use_case': 'subsequent_counter', 'parent_tf': 'H1', 'parent_sid': 1, 'parent_cycle_id': 2, 'structure_path_id': 'H1.main >> M15.counter', 'sub_sid': 1, 'started_by': 'subsequent_counter', 'start_trigger_idx': 4083}"
4167,RANGE,RANGE_UPDATED,,"{'hi': 0.57798, 'lo': 0.57695, 'structure_id': 0, 'struct_direction': 1, 'timeframe': 'M15', 'use_case': 'subsequent_counter', 'parent_tf': 'H1', 'parent_sid': 1, 'parent_cycle_id': 2, 'structure_path_id': 'H1.main >> M15.counter', 'sub_sid': 1, 'started_by': 'subsequent_counter', 'start_trigger_idx': 4083}"
4168,RANGE,RANGE_UPDATED,,"{'hi': 0.57798, 'lo': 0.57691, 'structure_id': 0, 'struct_direction': 1, 'timeframe': 'M15', 'use_case': 'subsequent_counter', 'parent_tf': 'H1', 'parent_sid': 1, 'parent_cycle_id': 2, 'structure_path_id': 'H1.main >> M15.counter', 'sub_sid': 1, 'started_by': 'subsequent_counter', 'start_trigger_idx': 4083}"
4169,STATE,STATE_CHANGED,,"{'from': 'pullback', 'to': 'pullback_range', 'structure_id': 0, 'struct_direction': 1, 'reason': 'replay_no_expand_pullback_side', 'effective_idx': 192, 'timeframe': 'M15', 'use_case': 'subsequent_counter', 'parent_tf': 'H1', 'parent_sid': 1, 'parent_cycle_id': 2, 'structure_path_id': 'H1.main >> M15.counter', 'sub_sid': 1, 'started_by': 'subsequent_counter', 'start_trigger_idx': 4083}"
4177,RANGE,RANGE_UPDATED,,"{'hi': 0.57802, 'lo': 0.57691, 'structure_id': 0, 'struct_direction': 1, 'timeframe': 'M15', 'use_case': 'subsequent_counter', 'parent_tf': 'H1', 'parent_sid': 1, 'parent_cycle_id': 2, 'structure_path_id': 'H1.main >> M15.counter', 'sub_sid': 1, 'started_by': 'subsequent_counter', 'start_trigger_idx': 4083}"
4177,STRUCTURE,CTS_THRESHOLD_UPDATED,0.57802,"{'prev': 0.57798, 'reason': 'range_sync', 'cycle_id': 1, 'structure_id': 0, 'struct_direction': 1, 'timeframe': 'M15', 'use_case': 'subsequent_counter', 'parent_tf': 'H1', 'parent_sid': 1, 'parent_cycle_id': 2, 'structure_path_id': 'H1.main >> M15.counter', 'sub_sid': 1, 'started_by': 'subsequent_counter', 'start_trigger_idx': 4083}"
4179,RANGE,RANGE_RESET,,"{'reason': 'range_breakout', 'pat': 'one_maru_continuous', 'structure_id': 0, 'struct_direction': 1, 'timeframe': 'M15', 'use_case': 'subsequent_counter', 'parent_tf': 'H1', 'parent_sid': 1, 'parent_cycle_id': 2, 'structure_path_id': 'H1.main >> M15.counter', 'sub_sid': 1, 'started_by': 'subsequent_counter', 'start_trigger_idx': 4083}"
4179,STRUCTURE,CTS_ESTABLISHED,0.57856,"{'via': 'one_maru_continuous', 'anchor_idx': 4178, 'pattern_name': 'one_maru_continuous', 'confirmed_at': 4179, 'cycle_id': 2, 'structure_id': 0, 'struct_direction': 1, 'timeframe': 'M15', 'use_case': 'subsequent_counter', 'parent_tf': 'H1', 'parent_sid': 1, 'parent_cycle_id': 2, 'structure_path_id': 'H1.main >> M15.counter', 'sub_sid': 1, 'started_by': 'subsequent_counter', 'start_trigger_idx': 4083}"
4168,STRUCTURE,BOS_CONFIRMED,0.57691,"{'source': 'pullback_extreme', 'confirmed_at': 4179, 'pb_start': 182, 'cycle_id': 2, 'structure_id': 0, 'struct_direction': 1, 'timeframe': 'M15', 'use_case': 'subsequent_counter', 'parent_tf': 'H1', 'parent_sid': 1, 'parent_cycle_id': 2, 'structure_path_id': 'H1.main >> M15.counter', 'sub_sid': 1, 'started_by': 'subsequent_counter', 'start_trigger_idx': 4083}"
4179,STATE,STATE_CHANGED,,"{'from': 'pullback_range', 'to': 'breakout', 'structure_id': 0, 'struct_direction': 1, 'reason': 'breakout_pattern', 'pat': 'one_maru_continuous', 'effective_idx': 202, 'timeframe': 'M15', 'use_case': 'subsequent_counter', 'parent_tf': 'H1', 'parent_sid': 1, 'parent_cycle_id': 2, 'structure_path_id': 'H1.main >> M15.counter', 'sub_sid': 1, 'started_by': 'subsequent_counter', 'start_trigger_idx': 4083}"
4181,RANGE,RANGE_STARTED,,"{'start_idx': 202, 'confirm_idx': 204, 'hi': 0.57856, 'lo': 0.57814, 'cts_idx': 202, 'cts_price': 0.57856, 'structure_id': 0, 'struct_direction': 1, 'timeframe': 'M15', 'use_case': 'subsequent_counter', 'parent_tf': 'H1', 'parent_sid': 1, 'parent_cycle_id': 2, 'structure_path_id': 'H1.main >> M15.counter', 'sub_sid': 1, 'started_by': 'subsequent_counter', 'start_trigger_idx': 4083}"
4181,STATE,STATE_CHANGED,,"{'from': 'breakout', 'to': 'range', 'structure_id': 0, 'struct_direction': 1, 'reason': 'range_confirmed', 'effective_idx': 202, 'timeframe': 'M15', 'use_case': 'subsequent_counter', 'parent_tf': 'H1', 'parent_sid': 1, 'parent_cycle_id': 2, 'structure_path_id': 'H1.main >> M15.counter', 'sub_sid': 1, 'started_by': 'subsequent_counter', 'start_trigger_idx': 4083}"
4180,RANGE,RANGE_UPDATED,,"{'hi': 0.57856, 'lo': 0.57812, 'structure_id': 0, 'struct_direction': 1, 'timeframe': 'M15', 'use_case': 'subsequent_counter', 'parent_tf': 'H1', 'parent_sid': 1, 'parent_cycle_id': 2, 'structure_path_id': 'H1.main >> M15.counter', 'sub_sid': 1, 'started_by': 'subsequent_counter', 'start_trigger_idx': 4083}"
4181,RANGE,RANGE_UPDATED,,"{'hi': 0.57856, 'lo': 0.57804, 'structure_id': 0, 'struct_direction': 1, 'timeframe': 'M15', 'use_case': 'subsequent_counter', 'parent_tf': 'H1', 'parent_sid': 1, 'parent_cycle_id': 2, 'structure_path_id': 'H1.main >> M15.counter', 'sub_sid': 1, 'started_by': 'subsequent_counter', 'start_trigger_idx': 4083}"
4182,RANGE,RANGE_UPDATED,,"{'hi': 0.57856, 'lo': 0.57798, 'structure_id': 0, 'struct_direction': 1, 'timeframe': 'M15', 'use_case': 'subsequent_counter', 'parent_tf': 'H1', 'parent_sid': 1, 'parent_cycle_id': 2, 'structure_path_id': 'H1.main >> M15.counter', 'sub_sid': 1, 'started_by': 'subsequent_counter', 'start_trigger_idx': 4083}"
4184,RANGE,RANGE_UPDATED,,"{'hi': 0.57858, 'lo': 0.57798, 'structure_id': 0, 'struct_direction': 1, 'timeframe': 'M15', 'use_case': 'subsequent_counter', 'parent_tf': 'H1', 'parent_sid': 1, 'parent_cycle_id': 2, 'structure_path_id': 'H1.main >> M15.counter', 'sub_sid': 1, 'started_by': 'subsequent_counter', 'start_trigger_idx': 4083}"
4184,STRUCTURE,CTS_UPDATED,0.57858,"{'via': 'replay_raw', 'cycle_id': 2, 'structure_id': 0, 'struct_direction': 1, 'timeframe': 'M15', 'use_case': 'subsequent_counter', 'parent_tf': 'H1', 'parent_sid': 1, 'parent_cycle_id': 2, 'structure_path_id': 'H1.main >> M15.counter', 'sub_sid': 1, 'started_by': 'subsequent_counter', 'start_trigger_idx': 4083}"
4185,RANGE,RANGE_UPDATED,,"{'hi': 0.57872, 'lo': 0.57798, 'structure_id': 0, 'struct_direction': 1, 'timeframe': 'M15', 'use_case': 'subsequent_counter', 'parent_tf': 'H1', 'parent_sid': 1, 'parent_cycle_id': 2, 'structure_path_id': 'H1.main >> M15.counter', 'sub_sid': 1, 'started_by': 'subsequent_counter', 'start_trigger_idx': 4083}"
4185,STRUCTURE,CTS_UPDATED,0.57872,"{'via': 'replay_raw', 'cycle_id': 2, 'structure_id': 0, 'struct_direction': 1, 'timeframe': 'M15', 'use_case': 'subsequent_counter', 'parent_tf': 'H1', 'parent_sid': 1, 'parent_cycle_id': 2, 'structure_path_id': 'H1.main >> M15.counter', 'sub_sid': 1, 'started_by': 'subsequent_counter', 'start_trigger_idx': 4083}"
4186,RANGE,RANGE_UPDATED,,"{'hi': 0.57873, 'lo': 0.57798, 'structure_id': 0, 'struct_direction': 1, 'timeframe': 'M15', 'use_case': 'subsequent_counter', 'parent_tf': 'H1', 'parent_sid': 1, 'parent_cycle_id': 2, 'structure_path_id': 'H1.main >> M15.counter', 'sub_sid': 1, 'started_by': 'subsequent_counter', 'start_trigger_idx': 4083}"
4186,STRUCTURE,CTS_UPDATED,0.57873,"{'via': 'replay_raw', 'cycle_id': 2, 'structure_id': 0, 'struct_direction': 1, 'timeframe': 'M15', 'use_case': 'subsequent_counter', 'parent_tf': 'H1', 'parent_sid': 1, 'parent_cycle_id': 2, 'structure_path_id': 'H1.main >> M15.counter', 'sub_sid': 1, 'started_by': 'subsequent_counter', 'start_trigger_idx': 4083}"
4187,RANGE,RANGE_UPDATED,,"{'hi': 0.57874, 'lo': 0.57798, 'structure_id': 0, 'struct_direction': 1, 'timeframe': 'M15', 'use_case': 'subsequent_counter', 'parent_tf': 'H1', 'parent_sid': 1, 'parent_cycle_id': 2, 'structure_path_id': 'H1.main >> M15.counter', 'sub_sid': 1, 'started_by': 'subsequent_counter', 'start_trigger_idx': 4083}"
4187,STRUCTURE,CTS_UPDATED,0.57874,"{'via': 'replay_raw', 'cycle_id': 2, 'structure_id': 0, 'struct_direction': 1, 'timeframe': 'M15', 'use_case': 'subsequent_counter', 'parent_tf': 'H1', 'parent_sid': 1, 'parent_cycle_id': 2, 'structure_path_id': 'H1.main >> M15.counter', 'sub_sid': 1, 'started_by': 'subsequent_counter', 'start_trigger_idx': 4083}"
4189,RANGE,RANGE_UPDATED,,"{'hi': 0.57895, 'lo': 0.57798, 'structure_id': 0, 'struct_direction': 1, 'timeframe': 'M15', 'use_case': 'subsequent_counter', 'parent_tf': 'H1', 'parent_sid': 1, 'parent_cycle_id': 2, 'structure_path_id': 'H1.main >> M15.counter', 'sub_sid': 1, 'started_by': 'subsequent_counter', 'start_trigger_idx': 4083}"
4189,STRUCTURE,CTS_UPDATED,0.57895,"{'via': 'replay_raw', 'cycle_id': 2, 'structure_id': 0, 'struct_direction': 1, 'timeframe': 'M15', 'use_case': 'subsequent_counter', 'parent_tf': 'H1', 'parent_sid': 1, 'parent_cycle_id': 2, 'structure_path_id': 'H1.main >> M15.counter', 'sub_sid': 1, 'started_by': 'subsequent_counter', 'start_trigger_idx': 4083}"
4193,RANGE,RANGE_UPDATED,,"{'hi': 0.57895, 'lo': 0.57792, 'structure_id': 0, 'struct_direction': 1, 'timeframe': 'M15', 'use_case': 'subsequent_counter', 'parent_tf': 'H1', 'parent_sid': 1, 'parent_cycle_id': 2, 'structure_path_id': 'H1.main >> M15.counter', 'sub_sid': 1, 'started_by': 'subsequent_counter', 'start_trigger_idx': 4083}"
4195,RANGE,RANGE_UPDATED,,"{'hi': 0.57898, 'lo': 0.57792, 'structure_id': 0, 'struct_direction': 1, 'timeframe': 'M15', 'use_case': 'subsequent_counter', 'parent_tf': 'H1', 'parent_sid': 1, 'parent_cycle_id': 2, 'structure_path_id': 'H1.main >> M15.counter', 'sub_sid': 1, 'started_by': 'subsequent_counter', 'start_trigger_idx': 4083}"
4195,STRUCTURE,CTS_UPDATED,0.57898,"{'via': 'replay_raw', 'cycle_id': 2, 'structure_id': 0, 'struct_direction': 1, 'timeframe': 'M15', 'use_case': 'subsequent_counter', 'parent_tf': 'H1', 'parent_sid': 1, 'parent_cycle_id': 2, 'structure_path_id': 'H1.main >> M15.counter', 'sub_sid': 1, 'started_by': 'subsequent_counter', 'start_trigger_idx': 4083}"
4196,STRUCTURE,CTS_UPDATED,0.5794,"{'via': 'replay_raw', 'cycle_id': 2, 'structure_id': 0, 'struct_direction': 1, 'timeframe': 'M15', 'use_case': 'subsequent_counter', 'parent_tf': 'H1', 'parent_sid': 1, 'parent_cycle_id': 2, 'structure_path_id': 'H1.main >> M15.counter', 'sub_sid': 1, 'started_by': 'subsequent_counter', 'start_trigger_idx': 4083}"
4200,RANGE,RANGE_RESET,,"{'reason': 'range_breakout', 'pat': 'one_maru_opposite', 'structure_id': 0, 'struct_direction': 1, 'timeframe': 'M15', 'use_case': 'subsequent_counter', 'parent_tf': 'H1', 'parent_sid': 1, 'parent_cycle_id': 2, 'structure_path_id': 'H1.main >> M15.counter', 'sub_sid': 1, 'started_by': 'subsequent_counter', 'start_trigger_idx': 4083}"
4200,STRUCTURE,CTS_UPDATED,0.57954,"{'via': 'one_maru_opposite', 'cycle_id': 2, 'structure_id': 0, 'struct_direction': 1, 'timeframe': 'M15', 'use_case': 'subsequent_counter', 'parent_tf': 'H1', 'parent_sid': 1, 'parent_cycle_id': 2, 'structure_path_id': 'H1.main >> M15.counter', 'sub_sid': 1, 'started_by': 'subsequent_counter', 'start_trigger_idx': 4083}"
4200,STATE,STATE_CHANGED,,"{'from': 'range', 'to': 'breakout', 'structure_id': 0, 'struct_direction': 1, 'reason': 'breakout_pattern', 'pat': 'one_maru_opposite', 'effective_idx': 223, 'timeframe': 'M15', 'use_case': 'subsequent_counter', 'parent_tf': 'H1', 'parent_sid': 1, 'parent_cycle_id': 2, 'structure_path_id': 'H1.main >> M15.counter', 'sub_sid': 1, 'started_by': 'subsequent_counter', 'start_trigger_idx': 4083}"
4203,RANGE,RANGE_STARTED,,"{'start_idx': 224, 'confirm_idx': 226, 'hi': 0.57954, 'lo': 0.5792, 'cts_idx': 223, 'cts_price': 0.57954, 'structure_id': 0, 'struct_direction': 1, 'timeframe': 'M15', 'use_case': 'subsequent_counter', 'parent_tf': 'H1', 'parent_sid': 1, 'parent_cycle_id': 2, 'structure_path_id': 'H1.main >> M15.counter', 'sub_sid': 1, 'started_by': 'subsequent_counter', 'start_trigger_idx': 4083}"
4203,STATE,STATE_CHANGED,,"{'from': 'breakout', 'to': 'range', 'structure_id': 0, 'struct_direction': 1, 'reason': 'range_confirmed', 'effective_idx': 224, 'timeframe': 'M15', 'use_case': 'subsequent_counter', 'parent_tf': 'H1', 'parent_sid': 1, 'parent_cycle_id': 2, 'structure_path_id': 'H1.main >> M15.counter', 'sub_sid': 1, 'started_by': 'subsequent_counter', 'start_trigger_idx': 4083}"
4202,RANGE,RANGE_UPDATED,,"{'hi': 0.57954, 'lo': 0.57917, 'structure_id': 0, 'struct_direction': 1, 'timeframe': 'M15', 'use_case': 'subsequent_counter', 'parent_tf': 'H1', 'parent_sid': 1, 'parent_cycle_id': 2, 'structure_path_id': 'H1.main >> M15.counter', 'sub_sid': 1, 'started_by': 'subsequent_counter', 'start_trigger_idx': 4083}"
4206,RANGE,RANGE_UPDATED,,"{'hi': 0.57967, 'lo': 0.57917, 'structure_id': 0, 'struct_direction': 1, 'timeframe': 'M15', 'use_case': 'subsequent_counter', 'parent_tf': 'H1', 'parent_sid': 1, 'parent_cycle_id': 2, 'structure_path_id': 'H1.main >> M15.counter', 'sub_sid': 1, 'started_by': 'subsequent_counter', 'start_trigger_idx': 4083}"
4206,STRUCTURE,CTS_UPDATED,0.57967,"{'via': 'replay_raw', 'cycle_id': 2, 'structure_id': 0, 'struct_direction': 1, 'timeframe': 'M15', 'use_case': 'subsequent_counter', 'parent_tf': 'H1', 'parent_sid': 1, 'parent_cycle_id': 2, 'structure_path_id': 'H1.main >> M15.counter', 'sub_sid': 1, 'started_by': 'subsequent_counter', 'start_trigger_idx': 4083}"
4207,RANGE,RANGE_UPDATED,,"{'hi': 0.5797, 'lo': 0.57917, 'structure_id': 0, 'struct_direction': 1, 'timeframe': 'M15', 'use_case': 'subsequent_counter', 'parent_tf': 'H1', 'parent_sid': 1, 'parent_cycle_id': 2, 'structure_path_id': 'H1.main >> M15.counter', 'sub_sid': 1, 'started_by': 'subsequent_counter', 'start_trigger_idx': 4083}"
4207,STRUCTURE,CTS_UPDATED,0.5797,"{'via': 'replay_raw', 'cycle_id': 2, 'structure_id': 0, 'struct_direction': 1, 'timeframe': 'M15', 'use_case': 'subsequent_counter', 'parent_tf': 'H1', 'parent_sid': 1, 'parent_cycle_id': 2, 'structure_path_id': 'H1.main >> M15.counter', 'sub_sid': 1, 'started_by': 'subsequent_counter', 'start_trigger_idx': 4083}"
4214,RANGE,RANGE_UPDATED,,"{'hi': 0.5797, 'lo': 0.57914, 'structure_id': 0, 'struct_direction': 1, 'timeframe': 'M15', 'use_case': 'subsequent_counter', 'parent_tf': 'H1', 'parent_sid': 1, 'parent_cycle_id': 2, 'structure_path_id': 'H1.main >> M15.counter', 'sub_sid': 1, 'started_by': 'subsequent_counter', 'start_trigger_idx': 4083}"
4215,RANGE,RANGE_UPDATED,,"{'hi': 0.5797, 'lo': 0.57912, 'structure_id': 0, 'struct_direction': 1, 'timeframe': 'M15', 'use_case': 'subsequent_counter', 'parent_tf': 'H1', 'parent_sid': 1, 'parent_cycle_id': 2, 'structure_path_id': 'H1.main >> M15.counter', 'sub_sid': 1, 'started_by': 'subsequent_counter', 'start_trigger_idx': 4083}"
4216,RANGE,RANGE_UPDATED,,"{'hi': 0.5797, 'lo': 0.57892, 'structure_id': 0, 'struct_direction': 1, 'timeframe': 'M15', 'use_case': 'subsequent_counter', 'parent_tf': 'H1', 'parent_sid': 1, 'parent_cycle_id': 2, 'structure_path_id': 'H1.main >> M15.counter', 'sub_sid': 1, 'started_by': 'subsequent_counter', 'start_trigger_idx': 4083}"
4222,RANGE,RANGE_UPDATED,,"{'hi': 0.58034, 'lo': 0.57892, 'structure_id': 0, 'struct_direction': 1, 'timeframe': 'M15', 'use_case': 'subsequent_counter', 'parent_tf': 'H1', 'parent_sid': 1, 'parent_cycle_id': 2, 'structure_path_id': 'H1.main >> M15.counter', 'sub_sid': 1, 'started_by': 'subsequent_counter', 'start_trigger_idx': 4083}"
4222,STRUCTURE,CTS_UPDATED,0.58034,"{'via': 'replay_raw', 'cycle_id': 2, 'structure_id': 0, 'struct_direction': 1, 'timeframe': 'M15', 'use_case': 'subsequent_counter', 'parent_tf': 'H1', 'parent_sid': 1, 'parent_cycle_id': 2, 'structure_path_id': 'H1.main >> M15.counter', 'sub_sid': 1, 'started_by': 'subsequent_counter', 'start_trigger_idx': 4083}"
