idx,category,type,price,meta
2649,STRUCTURE,CTS_ESTABLISHED,0.58414,"{'via': 'continuous', 'pattern_anchor_idx': 2645, 'pattern_name': 'continuous', 'confirmed_at': 2649, 'cycle_id': 0, 'structure_id': 0, 'struct_direction': -1, 'cts_anchor_idx': 2649, 'structure_path_id': 'H1.main >> M15.counter', 'use_case': 'reversal', 'parent_sid': 0, 'parent_cycle_id': 1, 'timeframe': 'M15', 'parent_tf': 'H1', 'sub_id': 3, 'started_by': 'reversal'}"
2649,STRUCTURE,BOS_CONFIRMED,0.58478,"{'source': 'initial_prior_extreme', 'confirmed_at': 2649, 'pb_start': None, 'cycle_id': 0, 'structure_id': 0, 'struct_direction': -1, 'bos_anchor_idx': 2639, 'structure_path_id': 'H1.main >> M15.counter', 'use_case': 'reversal', 'parent_sid': 0, 'parent_cycle_id': 1, 'timeframe': 'M15', 'parent_tf': 'H1', 'sub_id': 3, 'started_by': 'reversal'}"
2649,STATE,STATE_CHANGED,,"{'from': 'none', 'to': 'breakout', 'structure_id': 0, 'struct_direction': -1, 'reason': 'breakout_pattern', 'pat': 'continuous', 'effective_idx': 2649, 'structure_path_id': 'H1.main >> M15.counter', 'use_case': 'reversal', 'parent_sid': 0, 'parent_cycle_id': 1, 'timeframe': 'M15', 'parent_tf': 'H1', 'sub_id': 3, 'started_by': 'reversal'}"
2650,STRUCTURE,CTS_UPDATED,0.58383,"{'via': 'replay_raw', 'cycle_id': 0, 'structure_id': 0, 'struct_direction': -1, 'structure_path_id': 'H1.main >> M15.counter', 'use_case': 'reversal', 'parent_sid': 0, 'parent_cycle_id': 1, 'timeframe': 'M15', 'parent_tf': 'H1', 'sub_id': 3, 'started_by': 'reversal'}"
2651,STRUCTURE,CTS_UPDATED,0.58354,"{'via': 'replay_raw', 'cycle_id': 0, 'structure_id': 0, 'struct_direction': -1, 'structure_path_id': 'H1.main >> M15.counter', 'use_case': 'reversal', 'parent_sid': 0, 'parent_cycle_id': 1, 'timeframe': 'M15', 'parent_tf': 'H1', 'sub_id': 3, 'started_by': 'reversal'}"
2653,STRUCTURE,CTS_UPDATED,0.58352,"{'via': 'replay_raw', 'cycle_id': 0, 'structure_id': 0, 'struct_direction': -1, 'structure_path_id': 'H1.main >> M15.counter', 'use_case': 'reversal', 'parent_sid': 0, 'parent_cycle_id': 1, 'timeframe': 'M15', 'parent_tf': 'H1', 'sub_id': 3, 'started_by': 'reversal'}"
2654,RANGE,RANGE_STARTED,,"{'start_idx': 2652, 'confirm_idx': 2654, 'hi': 0.58382, 'lo': 0.58352, 'cts_idx': 2653, 'cts_price': 0.58352, 'structure_id': 0, 'struct_direction': -1, 'structure_path_id': 'H1.main >> M15.counter', 'use_case': 'reversal', 'parent_sid': 0, 'parent_cycle_id': 1, 'timeframe': 'M15', 'parent_tf': 'H1', 'sub_id': 3, 'started_by': 'reversal'}"
2654,STATE,STATE_CHANGED,,"{'from': 'breakout', 'to': 'range', 'structure_id': 0, 'struct_direction': -1, 'reason': 'range_confirmed', 'effective_idx': 2652, 'structure_path_id': 'H1.main >> M15.counter', 'use_case': 'reversal', 'parent_sid': 0, 'parent_cycle_id': 1, 'timeframe': 'M15', 'parent_tf': 'H1', 'sub_id': 3, 'started_by': 'reversal'}"
2653,RANGE,RANGE_UPDATED,,"{'hi': 0.58385, 'lo': 0.58352, 'structure_id': 0, 'struct_direction': -1, 'structure_path_id': 'H1.main >> M15.counter', 'use_case': 'reversal', 'parent_sid': 0, 'parent_cycle_id': 1, 'timeframe': 'M15', 'parent_tf': 'H1', 'sub_id': 3, 'started_by': 'reversal'}"
2654,RANGE,RANGE_UPDATED,,"{'hi': 0.5839, 'lo': 0.58337, 'structure_id': 0, 'struct_direction': -1, 'structure_path_id': 'H1.main >> M15.counter', 'use_case': 'reversal', 'parent_sid': 0, 'parent_cycle_id': 1, 'timeframe': 'M15', 'parent_tf': 'H1', 'sub_id': 3, 'started_by': 'reversal'}"
2654,STRUCTURE,CTS_UPDATED,0.58337,"{'via': 'replay_raw', 'cycle_id': 0, 'structure_id': 0, 'struct_direction': -1, 'structure_path_id': 'H1.main >> M15.counter', 'use_case': 'reversal', 'parent_sid': 0, 'parent_cycle_id': 1, 'timeframe': 'M15', 'parent_tf': 'H1', 'sub_id': 3, 'started_by': 'reversal'}"
2658,RANGE,RANGE_UPDATED,,"{'hi': 0.58398, 'lo': 0.58334, 'structure_id': 0, 'struct_direction': -1, 'structure_path_id': 'H1.main >> M15.counter', 'use_case': 'reversal', 'parent_sid': 0, 'parent_cycle_id': 1, 'timeframe': 'M15', 'parent_tf': 'H1', 'sub_id': 3, 'started_by': 'reversal'}"
2658,STRUCTURE,CTS_UPDATED,0.58334,"{'via': 'replay_raw', 'cycle_id': 0, 'structure_id': 0, 'struct_direction': -1, 'structure_path_id': 'H1.main >> M15.counter', 'use_case': 'reversal', 'parent_sid': 0, 'parent_cycle_id': 1, 'timeframe': 'M15', 'parent_tf': 'H1', 'sub_id': 3, 'started_by': 'reversal'}"
2660,RANGE,RANGE_UPDATED,,"{'hi': 0.58414, 'lo': 0.58334, 'structure_id': 0, 'struct_direction': -1, 'structure_path_id': 'H1.main >> M15.counter', 'use_case': 'reversal', 'parent_sid': 0, 'parent_cycle_id': 1, 'timeframe': 'M15', 'parent_tf': 'H1', 'sub_id': 3, 'started_by': 'reversal'}"
2661,RANGE,RANGE_UPDATED,,"{'hi': 0.58426, 'lo': 0.58334, 'structure_id': 0, 'struct_direction': -1, 'structure_path_id': 'H1.main >> M15.counter', 'use_case': 'reversal', 'parent_sid': 0, 'parent_cycle_id': 1, 'timeframe': 'M15', 'parent_tf': 'H1', 'sub_id': 3, 'started_by': 'reversal'}"
2663,RANGE,RANGE_UPDATED,,"{'hi': 0.58426, 'lo': 0.58329, 'structure_id': 0, 'struct_direction': -1, 'structure_path_id': 'H1.main >> M15.counter', 'use_case': 'reversal', 'parent_sid': 0, 'parent_cycle_id': 1, 'timeframe': 'M15', 'parent_tf': 'H1', 'sub_id': 3, 'started_by': 'reversal'}"
2663,STRUCTURE,CTS_UPDATED,0.58329,"{'via': 'replay_raw', 'cycle_id': 0, 'structure_id': 0, 'struct_direction': -1, 'structure_path_id': 'H1.main >> M15.counter', 'use_case': 'reversal', 'parent_sid': 0, 'parent_cycle_id': 1, 'timeframe': 'M15', 'parent_tf': 'H1', 'sub_id': 3, 'started_by': 'reversal'}"
2667,RANGE,RANGE_UPDATED,,"{'hi': 0.58426, 'lo': 0.58324, 'structure_id': 0, 'struct_direction': -1, 'structure_path_id': 'H1.main >> M15.counter', 'use_case': 'reversal', 'parent_sid': 0, 'parent_cycle_id': 1, 'timeframe': 'M15', 'parent_tf': 'H1', 'sub_id': 3, 'started_by': 'reversal'}"
2667,STRUCTURE,CTS_UPDATED,0.58324,"{'via': 'replay_raw', 'cycle_id': 0, 'structure_id': 0, 'struct_direction': -1, 'structure_path_id': 'H1.main >> M15.counter', 'use_case': 'reversal', 'parent_sid': 0, 'parent_cycle_id': 1, 'timeframe': 'M15', 'parent_tf': 'H1', 'sub_id': 3, 'started_by': 'reversal'}"
2672,RANGE,RANGE_UPDATED,,"{'hi': 0.58426, 'lo': 0.58307, 'structure_id': 0, 'struct_direction': -1, 'structure_path_id': 'H1.main >> M15.counter', 'use_case': 'reversal', 'parent_sid': 0, 'parent_cycle_id': 1, 'timeframe': 'M15', 'parent_tf': 'H1', 'sub_id': 3, 'started_by': 'reversal'}"
2672,STRUCTURE,CTS_UPDATED,0.58307,"{'via': 'replay_raw', 'cycle_id': 0, 'structure_id': 0, 'struct_direction': -1, 'structure_path_id': 'H1.main >> M15.counter', 'use_case': 'reversal', 'parent_sid': 0, 'parent_cycle_id': 1, 'timeframe': 'M15', 'parent_tf': 'H1', 'sub_id': 3, 'started_by': 'reversal'}"
2716,RANGE,RANGE_UPDATED,,"{'hi': 0.58426, 'lo': 0.58298, 'structure_id': 0, 'struct_direction': -1, 'structure_path_id': 'H1.main >> M15.counter', 'use_case': 'reversal', 'parent_sid': 0, 'parent_cycle_id': 1, 'timeframe': 'M15', 'parent_tf': 'H1', 'sub_id': 3, 'started_by': 'reversal'}"
2716,STRUCTURE,CTS_UPDATED,0.58298,"{'via': 'replay_raw', 'cycle_id': 0, 'structure_id': 0, 'struct_direction': -1, 'structure_path_id': 'H1.main >> M15.counter', 'use_case': 'reversal', 'parent_sid': 0, 'parent_cycle_id': 1, 'timeframe': 'M15', 'parent_tf': 'H1', 'sub_id': 3, 'started_by': 'reversal'}"
2717,RANGE,RANGE_UPDATED,,"{'hi': 0.58426, 'lo': 0.58294, 'structure_id': 0, 'struct_direction': -1, 'structure_path_id': 'H1.main >> M15.counter', 'use_case': 'reversal', 'parent_sid': 0, 'parent_cycle_id': 1, 'timeframe': 'M15', 'parent_tf': 'H1', 'sub_id': 3, 'started_by': 'reversal'}"
2717,STRUCTURE,CTS_UPDATED,0.58294,"{'via': 'replay_raw', 'cycle_id': 0, 'structure_id': 0, 'struct_direction': -1, 'structure_path_id': 'H1.main >> M15.counter', 'use_case': 'reversal', 'parent_sid': 0, 'parent_cycle_id': 1, 'timeframe': 'M15', 'parent_tf': 'H1', 'sub_id': 3, 'started_by': 'reversal'}"
2722,RANGE,RANGE_UPDATED,,"{'hi': 0.58426, 'lo': 0.58288, 'structure_id': 0, 'struct_direction': -1, 'structure_path_id': 'H1.main >> M15.counter', 'use_case': 'reversal', 'parent_sid': 0, 'parent_cycle_id': 1, 'timeframe': 'M15', 'parent_tf': 'H1', 'sub_id': 3, 'started_by': 'reversal'}"
2722,STRUCTURE,CTS_UPDATED,0.58288,"{'via': 'replay_raw', 'cycle_id': 0, 'structure_id': 0, 'struct_direction': -1, 'structure_path_id': 'H1.main >> M15.counter', 'use_case': 'reversal', 'parent_sid': 0, 'parent_cycle_id': 1, 'timeframe': 'M15', 'parent_tf': 'H1', 'sub_id': 3, 'started_by': 'reversal'}"
2723,RANGE,RANGE_UPDATED,,"{'hi': 0.58426, 'lo': 0.58276, 'structure_id': 0, 'struct_direction': -1, 'structure_path_id': 'H1.main >> M15.counter', 'use_case': 'reversal', 'parent_sid': 0, 'parent_cycle_id': 1, 'timeframe': 'M15', 'parent_tf': 'H1', 'sub_id': 3, 'started_by': 'reversal'}"
2723,STRUCTURE,CTS_UPDATED,0.58276,"{'via': 'replay_raw', 'cycle_id': 0, 'structure_id': 0, 'struct_direction': -1, 'structure_path_id': 'H1.main >> M15.counter', 'use_case': 'reversal', 'parent_sid': 0, 'parent_cycle_id': 1, 'timeframe': 'M15', 'parent_tf': 'H1', 'sub_id': 3, 'started_by': 'reversal'}"
2724,STRUCTURE,CTS_UPDATED,0.58255,"{'via': 'replay_raw', 'cycle_id': 0, 'structure_id': 0, 'struct_direction': -1, 'structure_path_id': 'H1.main >> M15.counter', 'use_case': 'reversal', 'parent_sid': 0, 'parent_cycle_id': 1, 'timeframe': 'M15', 'parent_tf': 'H1', 'sub_id': 3, 'started_by': 'reversal'}"
2725,STRUCTURE,CTS_UPDATED,0.58242,"{'via': 'replay_raw', 'cycle_id': 0, 'structure_id': 0, 'struct_direction': -1, 'structure_path_id': 'H1.main >> M15.counter', 'use_case': 'reversal', 'parent_sid': 0, 'parent_cycle_id': 1, 'timeframe': 'M15', 'parent_tf': 'H1', 'sub_id': 3, 'started_by': 'reversal'}"
2726,RANGE,RANGE_RESET,,"{'reason': 'range_breakout', 'pat': 'continuous', 'structure_id': 0, 'struct_direction': -1, 'structure_path_id': 'H1.main >> M15.counter', 'use_case': 'reversal', 'parent_sid': 0, 'parent_cycle_id': 1, 'timeframe': 'M15', 'parent_tf': 'H1', 'sub_id': 3, 'started_by': 'reversal'}"
2726,STRUCTURE,CTS_UPDATED,0.58223,"{'via': 'continuous', 'confirmed_at': 2726, 'cts_anchor_idx': 2726, 'cycle_id': 0, 'structure_id': 0, 'struct_direction': -1, 'structure_path_id': 'H1.main >> M15.counter', 'use_case': 'reversal', 'parent_sid': 0, 'parent_cycle_id': 1, 'timeframe': 'M15', 'parent_tf': 'H1', 'sub_id': 3, 'started_by': 'reversal'}"
2726,STATE,STATE_CHANGED,,"{'from': 'range', 'to': 'breakout', 'structure_id': 0, 'struct_direction': -1, 'reason': 'breakout_pattern', 'pat': 'continuous', 'effective_idx': 2726, 'structure_path_id': 'H1.main >> M15.counter', 'use_case': 'reversal', 'parent_sid': 0, 'parent_cycle_id': 1, 'timeframe': 'M15', 'parent_tf': 'H1', 'sub_id': 3, 'started_by': 'reversal'}"
2727,STRUCTURE,CTS_UPDATED,0.5822,"{'via': 'replay_raw', 'cycle_id': 0, 'structure_id': 0, 'struct_direction': -1, 'structure_path_id': 'H1.main >> M15.counter', 'use_case': 'reversal', 'parent_sid': 0, 'parent_cycle_id': 1, 'timeframe': 'M15', 'parent_tf': 'H1', 'sub_id': 3, 'started_by': 'reversal'}"
2728,STRUCTURE,CTS_UPDATED,0.58216,"{'via': 'replay_raw', 'cycle_id': 0, 'structure_id': 0, 'struct_direction': -1, 'structure_path_id': 'H1.main >> M15.counter', 'use_case': 'reversal', 'parent_sid': 0, 'parent_cycle_id': 1, 'timeframe': 'M15', 'parent_tf': 'H1', 'sub_id': 3, 'started_by': 'reversal'}"
2729,RANGE,RANGE_STARTED,,"{'start_idx': 2727, 'confirm_idx': 2729, 'hi': 0.5827, 'lo': 0.58216, 'cts_idx': 2728, 'cts_price': 0.58216, 'structure_id': 0, 'struct_direction': -1, 'structure_path_id': 'H1.main >> M15.counter', 'use_case': 'reversal', 'parent_sid': 0, 'parent_cycle_id': 1, 'timeframe': 'M15', 'parent_tf': 'H1', 'sub_id': 3, 'started_by': 'reversal'}"
2729,STATE,STATE_CHANGED,,"{'from': 'breakout', 'to': 'range', 'structure_id': 0, 'struct_direction': -1, 'reason': 'range_confirmed', 'effective_idx': 2727, 'structure_path_id': 'H1.main >> M15.counter', 'use_case': 'reversal', 'parent_sid': 0, 'parent_cycle_id': 1, 'timeframe': 'M15', 'parent_tf': 'H1', 'sub_id': 3, 'started_by': 'reversal'}"
2730,RANGE,RANGE_UPDATED,,"{'hi': 0.5827, 'lo': 0.58211, 'structure_id': 0, 'struct_direction': -1, 'structure_path_id': 'H1.main >> M15.counter', 'use_case': 'reversal', 'parent_sid': 0, 'parent_cycle_id': 1, 'timeframe': 'M15', 'parent_tf': 'H1', 'sub_id': 3, 'started_by': 'reversal'}"
2730,STRUCTURE,CTS_UPDATED,0.58211,"{'via': 'replay_raw', 'cycle_id': 0, 'structure_id': 0, 'struct_direction': -1, 'structure_path_id': 'H1.main >> M15.counter', 'use_case': 'reversal', 'parent_sid': 0, 'parent_cycle_id': 1, 'timeframe': 'M15', 'parent_tf': 'H1', 'sub_id': 3, 'started_by': 'reversal'}"
2732,RANGE,RANGE_UPDATED,,"{'hi': 0.5827, 'lo': 0.58207, 'structure_id': 0, 'struct_direction': -1, 'structure_path_id': 'H1.main >> M15.counter', 'use_case': 'reversal', 'parent_sid': 0, 'parent_cycle_id': 1, 'timeframe': 'M15', 'parent_tf': 'H1', 'sub_id': 3, 'started_by': 'reversal'}"
2732,STRUCTURE,CTS_UPDATED,0.58207,"{'via': 'replay_raw', 'cycle_id': 0, 'structure_id': 0, 'struct_direction': -1, 'structure_path_id': 'H1.main >> M15.counter', 'use_case': 'reversal', 'parent_sid': 0, 'parent_cycle_id': 1, 'timeframe': 'M15', 'parent_tf': 'H1', 'sub_id': 3, 'started_by': 'reversal'}"
2733,RANGE,RANGE_UPDATED,,"{'hi': 0.5827, 'lo': 0.58193, 'structure_id': 0, 'struct_direction': -1, 'structure_path_id': 'H1.main >> M15.counter', 'use_case': 'reversal', 'parent_sid': 0, 'parent_cycle_id': 1, 'timeframe': 'M15', 'parent_tf': 'H1', 'sub_id': 3, 'started_by': 'reversal'}"
2733,STRUCTURE,CTS_UPDATED,0.58193,"{'via': 'replay_raw', 'cycle_id': 0, 'structure_id': 0, 'struct_direction': -1, 'structure_path_id': 'H1.main >> M15.counter', 'use_case': 'reversal', 'parent_sid': 0, 'parent_cycle_id': 1, 'timeframe': 'M15', 'parent_tf': 'H1', 'sub_id': 3, 'started_by': 'reversal'}"
2734,RANGE,RANGE_UPDATED,,"{'hi': 0.5827, 'lo': 0.5819, 'structure_id': 0, 'struct_direction': -1, 'structure_path_id': 'H1.main >> M15.counter', 'use_case': 'reversal', 'parent_sid': 0, 'parent_cycle_id': 1, 'timeframe': 'M15', 'parent_tf': 'H1', 'sub_id': 3, 'started_by': 'reversal'}"
2734,STRUCTURE,CTS_UPDATED,0.5819,"{'via': 'replay_raw', 'cycle_id': 0, 'structure_id': 0, 'struct_direction': -1, 'structure_path_id': 'H1.main >> M15.counter', 'use_case': 'reversal', 'parent_sid': 0, 'parent_cycle_id': 1, 'timeframe': 'M15', 'parent_tf': 'H1', 'sub_id': 3, 'started_by': 'reversal'}"
2736,RANGE,RANGE_UPDATED,,"{'hi': 0.5827, 'lo': 0.5818, 'structure_id': 0, 'struct_direction': -1, 'structure_path_id': 'H1.main >> M15.counter', 'use_case': 'reversal', 'parent_sid': 0, 'parent_cycle_id': 1, 'timeframe': 'M15', 'parent_tf': 'H1', 'sub_id': 3, 'started_by': 'reversal'}"
2736,STRUCTURE,CTS_UPDATED,0.5818,"{'via': 'replay_raw', 'cycle_id': 0, 'structure_id': 0, 'struct_direction': -1, 'structure_path_id': 'H1.main >> M15.counter', 'use_case': 'reversal', 'parent_sid': 0, 'parent_cycle_id': 1, 'timeframe': 'M15', 'parent_tf': 'H1', 'sub_id': 3, 'started_by': 'reversal'}"
2752,RANGE,RANGE_UPDATED,,"{'reason': 'pullback_expand', 'hi': 0.58327, 'lo': 0.5818, 'pat': 'one_maru_continuous', 'structure_id': 0, 'struct_direction': -1, 'structure_path_id': 'H1.main >> M15.counter', 'use_case': 'reversal', 'parent_sid': 0, 'parent_cycle_id': 1, 'timeframe': 'M15', 'parent_tf': 'H1', 'sub_id': 3, 'started_by': 'reversal'}"
2752,STRUCTURE,CTS_CONFIRMED,0.5818,"{'via': 'one_maru_continuous', 'cycle_id': 0, 'structure_id': 0, 'struct_direction': -1, 'confirmed_at': 2752, 'cts_anchor_idx': 2736, 'confirmation_method': 'pullback', 'structure_path_id': 'H1.main >> M15.counter', 'use_case': 'reversal', 'parent_sid': 0, 'parent_cycle_id': 1, 'timeframe': 'M15', 'parent_tf': 'H1', 'sub_id': 3, 'started_by': 'reversal'}"
2752,STATE,STATE_CHANGED,,"{'from': 'range', 'to': 'pullback', 'structure_id': 0, 'struct_direction': -1, 'reason': 'pullback_pattern', 'pat': 'one_maru_continuous', 'effective_idx': 2752, 'structure_path_id': 'H1.main >> M15.counter', 'use_case': 'reversal', 'parent_sid': 0, 'parent_cycle_id': 1, 'timeframe': 'M15', 'parent_tf': 'H1', 'sub_id': 3, 'started_by': 'reversal'}"
2752,RANGE,RANGE_UPDATED,,"{'hi': 0.58355, 'lo': 0.5818, 'structure_id': 0, 'struct_direction': -1, 'structure_path_id': 'H1.main >> M15.counter', 'use_case': 'reversal', 'parent_sid': 0, 'parent_cycle_id': 1, 'timeframe': 'M15', 'parent_tf': 'H1', 'sub_id': 3, 'started_by': 'reversal'}"
2753,RANGE,RANGE_UPDATED,,"{'hi': 0.58366, 'lo': 0.5818, 'structure_id': 0, 'struct_direction': -1, 'structure_path_id': 'H1.main >> M15.counter', 'use_case': 'reversal', 'parent_sid': 0, 'parent_cycle_id': 1, 'timeframe': 'M15', 'parent_tf': 'H1', 'sub_id': 3, 'started_by': 'reversal'}"
2754,RANGE,RANGE_UPDATED,,"{'hi': 0.5837, 'lo': 0.5818, 'structure_id': 0, 'struct_direction': -1, 'structure_path_id': 'H1.main >> M15.counter', 'use_case': 'reversal', 'parent_sid': 0, 'parent_cycle_id': 1, 'timeframe': 'M15', 'parent_tf': 'H1', 'sub_id': 3, 'started_by': 'reversal'}"
2755,STATE,STATE_CHANGED,,"{'from': 'pullback', 'to': 'pullback_range', 'structure_id': 0, 'struct_direction': -1, 'reason': 'replay_no_expand_pullback_side', 'effective_idx': 2755, 'structure_path_id': 'H1.main >> M15.counter', 'use_case': 'reversal', 'parent_sid': 0, 'parent_cycle_id': 1, 'timeframe': 'M15', 'parent_tf': 'H1', 'sub_id': 3, 'started_by': 'reversal'}"
2756,RANGE,RANGE_UPDATED,,"{'hi': 0.58383, 'lo': 0.5818, 'structure_id': 0, 'struct_direction': -1, 'structure_path_id': 'H1.main >> M15.counter', 'use_case': 'reversal', 'parent_sid': 0, 'parent_cycle_id': 1, 'timeframe': 'M15', 'parent_tf': 'H1', 'sub_id': 3, 'started_by': 'reversal'}"
2756,STATE,STATE_CHANGED,,"{'from': 'pullback_range', 'to': 'pullback', 'structure_id': 0, 'struct_direction': -1, 'reason': 'replay_expand_pullback_side', 'effective_idx': 2756, 'structure_path_id': 'H1.main >> M15.counter', 'use_case': 'reversal', 'parent_sid': 0, 'parent_cycle_id': 1, 'timeframe': 'M15', 'parent_tf': 'H1', 'sub_id': 3, 'started_by': 'reversal'}"
2757,RANGE,RANGE_UPDATED,,"{'hi': 0.58422, 'lo': 0.5818, 'structure_id': 0, 'struct_direction': -1, 'structure_path_id': 'H1.main >> M15.counter', 'use_case': 'reversal', 'parent_sid': 0, 'parent_cycle_id': 1, 'timeframe': 'M15', 'parent_tf': 'H1', 'sub_id': 3, 'started_by': 'reversal'}"
2758,RANGE,RANGE_UPDATED,,"{'hi': 0.58424, 'lo': 0.5818, 'structure_id': 0, 'struct_direction': -1, 'structure_path_id': 'H1.main >> M15.counter', 'use_case': 'reversal', 'parent_sid': 0, 'parent_cycle_id': 1, 'timeframe': 'M15', 'parent_tf': 'H1', 'sub_id': 3, 'started_by': 'reversal'}"
2759,STATE,STATE_CHANGED,,"{'from': 'pullback', 'to': 'pullback_range', 'structure_id': 0, 'struct_direction': -1, 'reason': 'replay_no_expand_pullback_side', 'effective_idx': 2759, 'structure_path_id': 'H1.main >> M15.counter', 'use_case': 'reversal', 'parent_sid': 0, 'parent_cycle_id': 1, 'timeframe': 'M15', 'parent_tf': 'H1', 'sub_id': 3, 'started_by': 'reversal'}"
2816,RANGE,RANGE_UPDATED,,"{'hi': 0.58424, 'lo': 0.58178, 'structure_id': 0, 'struct_direction': -1, 'structure_path_id': 'H1.main >> M15.counter', 'use_case': 'reversal', 'parent_sid': 0, 'parent_cycle_id': 1, 'timeframe': 'M15', 'parent_tf': 'H1', 'sub_id': 3, 'started_by': 'reversal'}"
2816,STRUCTURE,CTS_THRESHOLD_UPDATED,0.58178,"{'prev': 0.5818, 'reason': 'range_sync', 'cycle_id': 0, 'structure_id': 0, 'struct_direction': -1, 'structure_path_id': 'H1.main >> M15.counter', 'use_case': 'reversal', 'parent_sid': 0, 'parent_cycle_id': 1, 'timeframe': 'M15', 'parent_tf': 'H1', 'sub_id': 3, 'started_by': 'reversal'}"
2817,RANGE,RANGE_UPDATED,,"{'hi': 0.58424, 'lo': 0.58166, 'structure_id': 0, 'struct_direction': -1, 'structure_path_id': 'H1.main >> M15.counter', 'use_case': 'reversal', 'parent_sid': 0, 'parent_cycle_id': 1, 'timeframe': 'M15', 'parent_tf': 'H1', 'sub_id': 3, 'started_by': 'reversal'}"
2817,STRUCTURE,CTS_THRESHOLD_UPDATED,0.58166,"{'prev': 0.58178, 'reason': 'range_sync', 'cycle_id': 0, 'structure_id': 0, 'struct_direction': -1, 'structure_path_id': 'H1.main >> M15.counter', 'use_case': 'reversal', 'parent_sid': 0, 'parent_cycle_id': 1, 'timeframe': 'M15', 'parent_tf': 'H1', 'sub_id': 3, 'started_by': 'reversal'}"
2820,RANGE,RANGE_UPDATED,,"{'hi': 0.58424, 'lo': 0.58156, 'structure_id': 0, 'struct_direction': -1, 'structure_path_id': 'H1.main >> M15.counter', 'use_case': 'reversal', 'parent_sid': 0, 'parent_cycle_id': 1, 'timeframe': 'M15', 'parent_tf': 'H1', 'sub_id': 3, 'started_by': 'reversal'}"
2820,STRUCTURE,CTS_THRESHOLD_UPDATED,0.58156,"{'prev': 0.58166, 'reason': 'range_sync', 'cycle_id': 0, 'structure_id': 0, 'struct_direction': -1, 'structure_path_id': 'H1.main >> M15.counter', 'use_case': 'reversal', 'parent_sid': 0, 'parent_cycle_id': 1, 'timeframe': 'M15', 'parent_tf': 'H1', 'sub_id': 3, 'started_by': 'reversal'}"
2829,RANGE,RANGE_RESET,,"{'reason': 'range_breakout', 'pat': 'one_maru_opposite', 'structure_id': 0, 'struct_direction': -1, 'structure_path_id': 'H1.main >> M15.counter', 'use_case': 'reversal', 'parent_sid': 0, 'parent_cycle_id': 1, 'timeframe': 'M15', 'parent_tf': 'H1', 'sub_id': 3, 'started_by': 'reversal'}"
2829,STRUCTURE,CTS_ESTABLISHED,0.5803,"{'via': 'one_maru_opposite', 'pattern_anchor_idx': 2824, 'pattern_name': 'one_maru_opposite', 'confirmed_at': 2829, 'cycle_id': 1, 'structure_id': 0, 'struct_direction': -1, 'cts_anchor_idx': 2828, 'structure_path_id': 'H1.main >> M15.counter', 'use_case': 'reversal', 'parent_sid': 0, 'parent_cycle_id': 1, 'timeframe': 'M15', 'parent_tf': 'H1', 'sub_id': 3, 'started_by': 'reversal'}"
2829,STRUCTURE,BOS_CONFIRMED,0.58424,"{'source': 'pullback_extreme', 'confirmed_at': 2829, 'pb_start': 2752, 'cycle_id': 1, 'structure_id': 0, 'struct_direction': -1, 'bos_anchor_idx': 2758, 'structure_path_id': 'H1.main >> M15.counter', 'use_case': 'reversal', 'parent_sid': 0, 'parent_cycle_id': 1, 'timeframe': 'M15', 'parent_tf': 'H1', 'sub_id': 3, 'started_by': 'reversal'}"
2829,STATE,STATE_CHANGED,,"{'from': 'pullback_range', 'to': 'breakout', 'structure_id': 0, 'struct_direction': -1, 'reason': 'breakout_pattern', 'pat': 'one_maru_opposite', 'effective_idx': 2829, 'structure_path_id': 'H1.main >> M15.counter', 'use_case': 'reversal', 'parent_sid': 0, 'parent_cycle_id': 1, 'timeframe': 'M15', 'parent_tf': 'H1', 'sub_id': 3, 'started_by': 'reversal'}"
2832,RANGE,RANGE_STARTED,,"{'start_idx': 2830, 'confirm_idx': 2832, 'hi': 0.58112, 'lo': 0.5803, 'cts_idx': 2828, 'cts_price': 0.5803, 'structure_id': 0, 'struct_direction': -1, 'structure_path_id': 'H1.main >> M15.counter', 'use_case': 'reversal', 'parent_sid': 0, 'parent_cycle_id': 1, 'timeframe': 'M15', 'parent_tf': 'H1', 'sub_id': 3, 'started_by': 'reversal'}"
2832,STATE,STATE_CHANGED,,"{'from': 'breakout', 'to': 'range', 'structure_id': 0, 'struct_direction': -1, 'reason': 'range_confirmed', 'effective_idx': 2830, 'structure_path_id': 'H1.main >> M15.counter', 'use_case': 'reversal', 'parent_sid': 0, 'parent_cycle_id': 1, 'timeframe': 'M15', 'parent_tf': 'H1', 'sub_id': 3, 'started_by': 'reversal'}"
2836,RANGE,RANGE_UPDATED,,"{'hi': 0.58112, 'lo': 0.57996, 'structure_id': 0, 'struct_direction': -1, 'structure_path_id': 'H1.main >> M15.counter', 'use_case': 'reversal', 'parent_sid': 0, 'parent_cycle_id': 1, 'timeframe': 'M15', 'parent_tf': 'H1', 'sub_id': 3, 'started_by': 'reversal'}"
2836,STRUCTURE,CTS_UPDATED,0.57996,"{'via': 'replay_raw', 'cycle_id': 1, 'structure_id': 0, 'struct_direction': -1, 'structure_path_id': 'H1.main >> M15.counter', 'use_case': 'reversal', 'parent_sid': 0, 'parent_cycle_id': 1, 'timeframe': 'M15', 'parent_tf': 'H1', 'sub_id': 3, 'started_by': 'reversal'}"
2837,RANGE,RANGE_UPDATED,,"{'hi': 0.58112, 'lo': 0.5799, 'structure_id': 0, 'struct_direction': -1, 'structure_path_id': 'H1.main >> M15.counter', 'use_case': 'reversal', 'parent_sid': 0, 'parent_cycle_id': 1, 'timeframe': 'M15', 'parent_tf': 'H1', 'sub_id': 3, 'started_by': 'reversal'}"
2837,STRUCTURE,CTS_UPDATED,0.5799,"{'via': 'replay_raw', 'cycle_id': 1, 'structure_id': 0, 'struct_direction': -1, 'structure_path_id': 'H1.main >> M15.counter', 'use_case': 'reversal', 'parent_sid': 0, 'parent_cycle_id': 1, 'timeframe': 'M15', 'parent_tf': 'H1', 'sub_id': 3, 'started_by': 'reversal'}"
2838,RANGE,RANGE_UPDATED,,"{'hi': 0.58112, 'lo': 0.57989, 'structure_id': 0, 'struct_direction': -1, 'structure_path_id': 'H1.main >> M15.counter', 'use_case': 'reversal', 'parent_sid': 0, 'parent_cycle_id': 1, 'timeframe': 'M15', 'parent_tf': 'H1', 'sub_id': 3, 'started_by': 'reversal'}"
2838,STRUCTURE,CTS_UPDATED,0.57989,"{'via': 'replay_raw', 'cycle_id': 1, 'structure_id': 0, 'struct_direction': -1, 'structure_path_id': 'H1.main >> M15.counter', 'use_case': 'reversal', 'parent_sid': 0, 'parent_cycle_id': 1, 'timeframe': 'M15', 'parent_tf': 'H1', 'sub_id': 3, 'started_by': 'reversal'}"
2840,STRUCTURE,CTS_UPDATED,0.57966,"{'via': 'replay_raw', 'cycle_id': 1, 'structure_id': 0, 'struct_direction': -1, 'structure_path_id': 'H1.main >> M15.counter', 'use_case': 'reversal', 'parent_sid': 0, 'parent_cycle_id': 1, 'timeframe': 'M15', 'parent_tf': 'H1', 'sub_id': 3, 'started_by': 'reversal'}"
2841,STRUCTURE,CTS_UPDATED,0.57907,"{'via': 'replay_raw', 'cycle_id': 1, 'structure_id': 0, 'struct_direction': -1, 'structure_path_id': 'H1.main >> M15.counter', 'use_case': 'reversal', 'parent_sid': 0, 'parent_cycle_id': 1, 'timeframe': 'M15', 'parent_tf': 'H1', 'sub_id': 3, 'started_by': 'reversal'}"
2842,RANGE,RANGE_RESET,,"{'reason': 'range_breakout', 'pat': 'one_maru_continuous', 'structure_id': 0, 'struct_direction': -1, 'structure_path_id': 'H1.main >> M15.counter', 'use_case': 'reversal', 'parent_sid': 0, 'parent_cycle_id': 1, 'timeframe': 'M15', 'parent_tf': 'H1', 'sub_id': 3, 'started_by': 'reversal'}"
2842,STRUCTURE,CTS_UPDATED,0.57902,"{'via': 'one_maru_continuous', 'confirmed_at': 2842, 'cts_anchor_idx': 2842, 'cycle_id': 1, 'structure_id': 0, 'struct_direction': -1, 'structure_path_id': 'H1.main >> M15.counter', 'use_case': 'reversal', 'parent_sid': 0, 'parent_cycle_id': 1, 'timeframe': 'M15', 'parent_tf': 'H1', 'sub_id': 3, 'started_by': 'reversal'}"
2842,STATE,STATE_CHANGED,,"{'from': 'range', 'to': 'breakout', 'structure_id': 0, 'struct_direction': -1, 'reason': 'breakout_pattern', 'pat': 'one_maru_continuous', 'effective_idx': 2842, 'structure_path_id': 'H1.main >> M15.counter', 'use_case': 'reversal', 'parent_sid': 0, 'parent_cycle_id': 1, 'timeframe': 'M15', 'parent_tf': 'H1', 'sub_id': 3, 'started_by': 'reversal'}"
2844,RANGE,RANGE_STARTED,,"{'reason': 'pullback_created_range', 'cts_idx': 2842, 'cts_price': 0.57902, 'pullback_apply_idx': 2844, 'hi': 0.57982, 'lo': 0.57902, 'pat': 'one_maru_continuous', 'structure_id': 0, 'struct_direction': -1, 'structure_path_id': 'H1.main >> M15.counter', 'use_case': 'reversal', 'parent_sid': 0, 'parent_cycle_id': 1, 'timeframe': 'M15', 'parent_tf': 'H1', 'sub_id': 3, 'started_by': 'reversal'}"
2844,STRUCTURE,CTS_CONFIRMED,0.57902,"{'via': 'one_maru_continuous', 'cycle_id': 1, 'structure_id': 0, 'struct_direction': -1, 'confirmed_at': 2844, 'cts_anchor_idx': 2842, 'confirmation_method': 'pullback', 'structure_path_id': 'H1.main >> M15.counter', 'use_case': 'reversal', 'parent_sid': 0, 'parent_cycle_id': 1, 'timeframe': 'M15', 'parent_tf': 'H1', 'sub_id': 3, 'started_by': 'reversal'}"
2844,STATE,STATE_CHANGED,,"{'from': 'breakout', 'to': 'pullback', 'structure_id': 0, 'struct_direction': -1, 'reason': 'pullback_pattern', 'pat': 'one_maru_continuous', 'effective_idx': 2844, 'structure_path_id': 'H1.main >> M15.counter', 'use_case': 'reversal', 'parent_sid': 0, 'parent_cycle_id': 1, 'timeframe': 'M15', 'parent_tf': 'H1', 'sub_id': 3, 'started_by': 'reversal'}"
2845,STATE,STATE_CHANGED,,"{'from': 'pullback', 'to': 'pullback_range', 'structure_id': 0, 'struct_direction': -1, 'reason': 'replay_no_expand_pullback_side', 'effective_idx': 2845, 'structure_path_id': 'H1.main >> M15.counter', 'use_case': 'reversal', 'parent_sid': 0, 'parent_cycle_id': 1, 'timeframe': 'M15', 'parent_tf': 'H1', 'sub_id': 3, 'started_by': 'reversal'}"
2846,RANGE,RANGE_UPDATED,,"{'hi': 0.57989, 'lo': 0.57902, 'structure_id': 0, 'struct_direction': -1, 'structure_path_id': 'H1.main >> M15.counter', 'use_case': 'reversal', 'parent_sid': 0, 'parent_cycle_id': 1, 'timeframe': 'M15', 'parent_tf': 'H1', 'sub_id': 3, 'started_by': 'reversal'}"
2846,STATE,STATE_CHANGED,,"{'from': 'pullback_range', 'to': 'pullback', 'structure_id': 0, 'struct_direction': -1, 'reason': 'replay_expand_pullback_side', 'effective_idx': 2846, 'structure_path_id': 'H1.main >> M15.counter', 'use_case': 'reversal', 'parent_sid': 0, 'parent_cycle_id': 1, 'timeframe': 'M15', 'parent_tf': 'H1', 'sub_id': 3, 'started_by': 'reversal'}"
2847,RANGE,RANGE_UPDATED,,"{'hi': 0.58002, 'lo': 0.57902, 'structure_id': 0, 'struct_direction': -1, 'structure_path_id': 'H1.main >> M15.counter', 'use_case': 'reversal', 'parent_sid': 0, 'parent_cycle_id': 1, 'timeframe': 'M15', 'parent_tf': 'H1', 'sub_id': 3, 'started_by': 'reversal'}"
2848,STATE,STATE_CHANGED,,"{'from': 'pullback', 'to': 'pullback_range', 'structure_id': 0, 'struct_direction': -1, 'reason': 'replay_no_expand_pullback_side', 'effective_idx': 2848, 'structure_path_id': 'H1.main >> M15.counter', 'use_case': 'reversal', 'parent_sid': 0, 'parent_cycle_id': 1, 'timeframe': 'M15', 'parent_tf': 'H1', 'sub_id': 3, 'started_by': 'reversal'}"
2849,RANGE,RANGE_UPDATED,,"{'hi': 0.58018, 'lo': 0.57902, 'structure_id': 0, 'struct_direction': -1, 'structure_path_id': 'H1.main >> M15.counter', 'use_case': 'reversal', 'parent_sid': 0, 'parent_cycle_id': 1, 'timeframe': 'M15', 'parent_tf': 'H1', 'sub_id': 3, 'started_by': 'reversal'}"
2849,STATE,STATE_CHANGED,,"{'from': 'pullback_range', 'to': 'pullback', 'structure_id': 0, 'struct_direction': -1, 'reason': 'replay_expand_pullback_side', 'effective_idx': 2849, 'structure_path_id': 'H1.main >> M15.counter', 'use_case': 'reversal', 'parent_sid': 0, 'parent_cycle_id': 1, 'timeframe': 'M15', 'parent_tf': 'H1', 'sub_id': 3, 'started_by': 'reversal'}"
2850,RANGE,RANGE_UPDATED,,"{'hi': 0.58088, 'lo': 0.57902, 'structure_id': 0, 'struct_direction': -1, 'structure_path_id': 'H1.main >> M15.counter', 'use_case': 'reversal', 'parent_sid': 0, 'parent_cycle_id': 1, 'timeframe': 'M15', 'parent_tf': 'H1', 'sub_id': 3, 'started_by': 'reversal'}"
2851,STATE,STATE_CHANGED,,"{'from': 'pullback', 'to': 'pullback_range', 'structure_id': 0, 'struct_direction': -1, 'reason': 'replay_no_expand_pullback_side', 'effective_idx': 2851, 'structure_path_id': 'H1.main >> M15.counter', 'use_case': 'reversal', 'parent_sid': 0, 'parent_cycle_id': 1, 'timeframe': 'M15', 'parent_tf': 'H1', 'sub_id': 3, 'started_by': 'reversal'}"
2855,RANGE,RANGE_UPDATED,,"{'hi': 0.58098, 'lo': 0.57902, 'structure_id': 0, 'struct_direction': -1, 'structure_path_id': 'H1.main >> M15.counter', 'use_case': 'reversal', 'parent_sid': 0, 'parent_cycle_id': 1, 'timeframe': 'M15', 'parent_tf': 'H1', 'sub_id': 3, 'started_by': 'reversal'}"
2855,STATE,STATE_CHANGED,,"{'from': 'pullback_range', 'to': 'pullback', 'structure_id': 0, 'struct_direction': -1, 'reason': 'replay_expand_pullback_side', 'effective_idx': 2855, 'structure_path_id': 'H1.main >> M15.counter', 'use_case': 'reversal', 'parent_sid': 0, 'parent_cycle_id': 1, 'timeframe': 'M15', 'parent_tf': 'H1', 'sub_id': 3, 'started_by': 'reversal'}"
2856,RANGE,RANGE_UPDATED,,"{'hi': 0.58108, 'lo': 0.57902, 'structure_id': 0, 'struct_direction': -1, 'structure_path_id': 'H1.main >> M15.counter', 'use_case': 'reversal', 'parent_sid': 0, 'parent_cycle_id': 1, 'timeframe': 'M15', 'parent_tf': 'H1', 'sub_id': 3, 'started_by': 'reversal'}"
2857,STATE,STATE_CHANGED,,"{'from': 'pullback', 'to': 'pullback_range', 'structure_id': 0, 'struct_direction': -1, 'reason': 'replay_no_expand_pullback_side', 'effective_idx': 2857, 'structure_path_id': 'H1.main >> M15.counter', 'use_case': 'reversal', 'parent_sid': 0, 'parent_cycle_id': 1, 'timeframe': 'M15', 'parent_tf': 'H1', 'sub_id': 3, 'started_by': 'reversal'}"
2896,RANGE,RANGE_UPDATED,,"{'hi': 0.58116, 'lo': 0.57902, 'structure_id': 0, 'struct_direction': -1, 'structure_path_id': 'H1.main >> M15.counter', 'use_case': 'reversal', 'parent_sid': 0, 'parent_cycle_id': 1, 'timeframe': 'M15', 'parent_tf': 'H1', 'sub_id': 3, 'started_by': 'reversal'}"
2896,STATE,STATE_CHANGED,,"{'from': 'pullback_range', 'to': 'pullback', 'structure_id': 0, 'struct_direction': -1, 'reason': 'replay_expand_pullback_side', 'effective_idx': 2896, 'structure_path_id': 'H1.main >> M15.counter', 'use_case': 'reversal', 'parent_sid': 0, 'parent_cycle_id': 1, 'timeframe': 'M15', 'parent_tf': 'H1', 'sub_id': 3, 'started_by': 'reversal'}"
2897,STATE,STATE_CHANGED,,"{'from': 'pullback', 'to': 'pullback_range', 'structure_id': 0, 'struct_direction': -1, 'reason': 'replay_no_expand_pullback_side', 'effective_idx': 2897, 'structure_path_id': 'H1.main >> M15.counter', 'use_case': 'reversal', 'parent_sid': 0, 'parent_cycle_id': 1, 'timeframe': 'M15', 'parent_tf': 'H1', 'sub_id': 3, 'started_by': 'reversal'}"
2904,RANGE,RANGE_UPDATED,,"{'hi': 0.58118, 'lo': 0.57902, 'structure_id': 0, 'struct_direction': -1, 'structure_path_id': 'H1.main >> M15.counter', 'use_case': 'reversal', 'parent_sid': 0, 'parent_cycle_id': 1, 'timeframe': 'M15', 'parent_tf': 'H1', 'sub_id': 3, 'started_by': 'reversal'}"
2904,STATE,STATE_CHANGED,,"{'from': 'pullback_range', 'to': 'pullback', 'structure_id': 0, 'struct_direction': -1, 'reason': 'replay_expand_pullback_side', 'effective_idx': 2904, 'structure_path_id': 'H1.main >> M15.counter', 'use_case': 'reversal', 'parent_sid': 0, 'parent_cycle_id': 1, 'timeframe': 'M15', 'parent_tf': 'H1', 'sub_id': 3, 'started_by': 'reversal'}"
2905,STATE,STATE_CHANGED,,"{'from': 'pullback', 'to': 'pullback_range', 'structure_id': 0, 'struct_direction': -1, 'reason': 'replay_no_expand_pullback_side', 'effective_idx': 2905, 'structure_path_id': 'H1.main >> M15.counter', 'use_case': 'reversal', 'parent_sid': 0, 'parent_cycle_id': 1, 'timeframe': 'M15', 'parent_tf': 'H1', 'sub_id': 3, 'started_by': 'reversal'}"
2906,RANGE,RANGE_UPDATED,,"{'hi': 0.58133, 'lo': 0.57902, 'structure_id': 0, 'struct_direction': -1, 'structure_path_id': 'H1.main >> M15.counter', 'use_case': 'reversal', 'parent_sid': 0, 'parent_cycle_id': 1, 'timeframe': 'M15', 'parent_tf': 'H1', 'sub_id': 3, 'started_by': 'reversal'}"
2906,STATE,STATE_CHANGED,,"{'from': 'pullback_range', 'to': 'pullback', 'structure_id': 0, 'struct_direction': -1, 'reason': 'replay_expand_pullback_side', 'effective_idx': 2906, 'structure_path_id': 'H1.main >> M15.counter', 'use_case': 'reversal', 'parent_sid': 0, 'parent_cycle_id': 1, 'timeframe': 'M15', 'parent_tf': 'H1', 'sub_id': 3, 'started_by': 'reversal'}"
2907,RANGE,RANGE_UPDATED,,"{'hi': 0.5814, 'lo': 0.57902, 'structure_id': 0, 'struct_direction': -1, 'structure_path_id': 'H1.main >> M15.counter', 'use_case': 'reversal', 'parent_sid': 0, 'parent_cycle_id': 1, 'timeframe': 'M15', 'parent_tf': 'H1', 'sub_id': 3, 'started_by': 'reversal'}"
2908,RANGE,RANGE_UPDATED,,"{'hi': 0.58154, 'lo': 0.57902, 'structure_id': 0, 'struct_direction': -1, 'structure_path_id': 'H1.main >> M15.counter', 'use_case': 'reversal', 'parent_sid': 0, 'parent_cycle_id': 1, 'timeframe': 'M15', 'parent_tf': 'H1', 'sub_id': 3, 'started_by': 'reversal'}"
2909,RANGE,RANGE_UPDATED,,"{'hi': 0.58173, 'lo': 0.57902, 'structure_id': 0, 'struct_direction': -1, 'structure_path_id': 'H1.main >> M15.counter', 'use_case': 'reversal', 'parent_sid': 0, 'parent_cycle_id': 1, 'timeframe': 'M15', 'parent_tf': 'H1', 'sub_id': 3, 'started_by': 'reversal'}"
2910,RANGE,RANGE_UPDATED,,"{'hi': 0.5818, 'lo': 0.57902, 'structure_id': 0, 'struct_direction': -1, 'structure_path_id': 'H1.main >> M15.counter', 'use_case': 'reversal', 'parent_sid': 0, 'parent_cycle_id': 1, 'timeframe': 'M15', 'parent_tf': 'H1', 'sub_id': 3, 'started_by': 'reversal'}"
2911,STATE,STATE_CHANGED,,"{'from': 'pullback', 'to': 'pullback_range', 'structure_id': 0, 'struct_direction': -1, 'reason': 'replay_no_expand_pullback_side', 'effective_idx': 2911, 'structure_path_id': 'H1.main >> M15.counter', 'use_case': 'reversal', 'parent_sid': 0, 'parent_cycle_id': 1, 'timeframe': 'M15', 'parent_tf': 'H1', 'sub_id': 3, 'started_by': 'reversal'}"
2913,RANGE,RANGE_UPDATED,,"{'hi': 0.58182, 'lo': 0.57902, 'structure_id': 0, 'struct_direction': -1, 'structure_path_id': 'H1.main >> M15.counter', 'use_case': 'reversal', 'parent_sid': 0, 'parent_cycle_id': 1, 'timeframe': 'M15', 'parent_tf': 'H1', 'sub_id': 3, 'started_by': 'reversal'}"
2913,STATE,STATE_CHANGED,,"{'from': 'pullback_range', 'to': 'pullback', 'structure_id': 0, 'struct_direction': -1, 'reason': 'replay_expand_pullback_side', 'effective_idx': 2913, 'structure_path_id': 'H1.main >> M15.counter', 'use_case': 'reversal', 'parent_sid': 0, 'parent_cycle_id': 1, 'timeframe': 'M15', 'parent_tf': 'H1', 'sub_id': 3, 'started_by': 'reversal'}"
2914,RANGE,RANGE_UPDATED,,"{'hi': 0.58184, 'lo': 0.57902, 'structure_id': 0, 'struct_direction': -1, 'structure_path_id': 'H1.main >> M15.counter', 'use_case': 'reversal', 'parent_sid': 0, 'parent_cycle_id': 1, 'timeframe': 'M15', 'parent_tf': 'H1', 'sub_id': 3, 'started_by': 'reversal'}"
2915,RANGE,RANGE_UPDATED,,"{'hi': 0.58196, 'lo': 0.57902, 'structure_id': 0, 'struct_direction': -1, 'structure_path_id': 'H1.main >> M15.counter', 'use_case': 'reversal', 'parent_sid': 0, 'parent_cycle_id': 1, 'timeframe': 'M15', 'parent_tf': 'H1', 'sub_id': 3, 'started_by': 'reversal'}"
2916,STATE,STATE_CHANGED,,"{'from': 'pullback', 'to': 'pullback_range', 'structure_id': 0, 'struct_direction': -1, 'reason': 'replay_no_expand_pullback_side', 'effective_idx': 2916, 'structure_path_id': 'H1.main >> M15.counter', 'use_case': 'reversal', 'parent_sid': 0, 'parent_cycle_id': 1, 'timeframe': 'M15', 'parent_tf': 'H1', 'sub_id': 3, 'started_by': 'reversal'}"
2967,RANGE,RANGE_UPDATED,,"{'hi': 0.58196, 'lo': 0.57899, 'structure_id': 0, 'struct_direction': -1, 'structure_path_id': 'H1.main >> M15.counter', 'use_case': 'reversal', 'parent_sid': 0, 'parent_cycle_id': 1, 'timeframe': 'M15', 'parent_tf': 'H1', 'sub_id': 3, 'started_by': 'reversal'}"
2967,STRUCTURE,CTS_THRESHOLD_UPDATED,0.57899,"{'prev': 0.57902, 'reason': 'range_sync', 'cycle_id': 1, 'structure_id': 0, 'struct_direction': -1, 'structure_path_id': 'H1.main >> M15.counter', 'use_case': 'reversal', 'parent_sid': 0, 'parent_cycle_id': 1, 'timeframe': 'M15', 'parent_tf': 'H1', 'sub_id': 3, 'started_by': 'reversal'}"
2971,RANGE,RANGE_UPDATED,,"{'hi': 0.58196, 'lo': 0.57886, 'structure_id': 0, 'struct_direction': -1, 'structure_path_id': 'H1.main >> M15.counter', 'use_case': 'reversal', 'parent_sid': 0, 'parent_cycle_id': 1, 'timeframe': 'M15', 'parent_tf': 'H1', 'sub_id': 3, 'started_by': 'reversal'}"
2971,STRUCTURE,CTS_THRESHOLD_UPDATED,0.57886,"{'prev': 0.57899, 'reason': 'range_sync', 'cycle_id': 1, 'structure_id': 0, 'struct_direction': -1, 'structure_path_id': 'H1.main >> M15.counter', 'use_case': 'reversal', 'parent_sid': 0, 'parent_cycle_id': 1, 'timeframe': 'M15', 'parent_tf': 'H1', 'sub_id': 3, 'started_by': 'reversal'}"
2986,RANGE,RANGE_UPDATED,,"{'hi': 0.58196, 'lo': 0.57874, 'structure_id': 0, 'struct_direction': -1, 'structure_path_id': 'H1.main >> M15.counter', 'use_case': 'reversal', 'parent_sid': 0, 'parent_cycle_id': 1, 'timeframe': 'M15', 'parent_tf': 'H1', 'sub_id': 3, 'started_by': 'reversal'}"
2986,STRUCTURE,CTS_THRESHOLD_UPDATED,0.57874,"{'prev': 0.57886, 'reason': 'range_sync', 'cycle_id': 1, 'structure_id': 0, 'struct_direction': -1, 'structure_path_id': 'H1.main >> M15.counter', 'use_case': 'reversal', 'parent_sid': 0, 'parent_cycle_id': 1, 'timeframe': 'M15', 'parent_tf': 'H1', 'sub_id': 3, 'started_by': 'reversal'}"
2987,RANGE,RANGE_UPDATED,,"{'hi': 0.58196, 'lo': 0.57856, 'structure_id': 0, 'struct_direction': -1, 'structure_path_id': 'H1.main >> M15.counter', 'use_case': 'reversal', 'parent_sid': 0, 'parent_cycle_id': 1, 'timeframe': 'M15', 'parent_tf': 'H1', 'sub_id': 3, 'started_by': 'reversal'}"
2987,STRUCTURE,CTS_THRESHOLD_UPDATED,0.57856,"{'prev': 0.57874, 'reason': 'range_sync', 'cycle_id': 1, 'structure_id': 0, 'struct_direction': -1, 'structure_path_id': 'H1.main >> M15.counter', 'use_case': 'reversal', 'parent_sid': 0, 'parent_cycle_id': 1, 'timeframe': 'M15', 'parent_tf': 'H1', 'sub_id': 3, 'started_by': 'reversal'}"
2988,RANGE,RANGE_UPDATED,,"{'hi': 0.58196, 'lo': 0.57844, 'structure_id': 0, 'struct_direction': -1, 'structure_path_id': 'H1.main >> M15.counter', 'use_case': 'reversal', 'parent_sid': 0, 'parent_cycle_id': 1, 'timeframe': 'M15', 'parent_tf': 'H1', 'sub_id': 3, 'started_by': 'reversal'}"
2988,STRUCTURE,CTS_THRESHOLD_UPDATED,0.57844,"{'prev': 0.57856, 'reason': 'range_sync', 'cycle_id': 1, 'structure_id': 0, 'struct_direction': -1, 'structure_path_id': 'H1.main >> M15.counter', 'use_case': 'reversal', 'parent_sid': 0, 'parent_cycle_id': 1, 'timeframe': 'M15', 'parent_tf': 'H1', 'sub_id': 3, 'started_by': 'reversal'}"
2992,RANGE,RANGE_RESET,,"{'reason': 'range_breakout', 'pat': 'one_maru_continuous', 'structure_id': 0, 'struct_direction': -1, 'structure_path_id': 'H1.main >> M15.counter', 'use_case': 'reversal', 'parent_sid': 0, 'parent_cycle_id': 1, 'timeframe': 'M15', 'parent_tf': 'H1', 'sub_id': 3, 'started_by': 'reversal'}"
2992,STRUCTURE,CTS_ESTABLISHED,0.5777,"{'via': 'one_maru_continuous', 'pattern_anchor_idx': 2991, 'pattern_name': 'one_maru_continuous', 'confirmed_at': 2992, 'cycle_id': 2, 'structure_id': 0, 'struct_direction': -1, 'cts_anchor_idx': 2992, 'structure_path_id': 'H1.main >> M15.counter', 'use_case': 'reversal', 'parent_sid': 0, 'parent_cycle_id': 1, 'timeframe': 'M15', 'parent_tf': 'H1', 'sub_id': 3, 'started_by': 'reversal'}"
2992,STRUCTURE,BOS_CONFIRMED,0.58196,"{'source': 'pullback_extreme', 'confirmed_at': 2992, 'pb_start': 2844, 'cycle_id': 2, 'structure_id': 0, 'struct_direction': -1, 'bos_anchor_idx': 2915, 'structure_path_id': 'H1.main >> M15.counter', 'use_case': 'reversal', 'parent_sid': 0, 'parent_cycle_id': 1, 'timeframe': 'M15', 'parent_tf': 'H1', 'sub_id': 3, 'started_by': 'reversal'}"
2992,STATE,STATE_CHANGED,,"{'from': 'pullback_range', 'to': 'breakout', 'structure_id': 0, 'struct_direction': -1, 'reason': 'breakout_pattern', 'pat': 'one_maru_continuous', 'effective_idx': 2992, 'structure_path_id': 'H1.main >> M15.counter', 'use_case': 'reversal', 'parent_sid': 0, 'parent_cycle_id': 1, 'timeframe': 'M15', 'parent_tf': 'H1', 'sub_id': 3, 'started_by': 'reversal'}"
2993,STRUCTURE,CTS_UPDATED,0.57764,"{'via': 'replay_raw', 'cycle_id': 2, 'structure_id': 0, 'struct_direction': -1, 'structure_path_id': 'H1.main >> M15.counter', 'use_case': 'reversal', 'parent_sid': 0, 'parent_cycle_id': 1, 'timeframe': 'M15', 'parent_tf': 'H1', 'sub_id': 3, 'started_by': 'reversal'}"
2996,RANGE,RANGE_STARTED,,"{'start_idx': 2994, 'confirm_idx': 2996, 'hi': 0.57835, 'lo': 0.57764, 'cts_idx': 2993, 'cts_price': 0.57764, 'structure_id': 0, 'struct_direction': -1, 'structure_path_id': 'H1.main >> M15.counter', 'use_case': 'reversal', 'parent_sid': 0, 'parent_cycle_id': 1, 'timeframe': 'M15', 'parent_tf': 'H1', 'sub_id': 3, 'started_by': 'reversal'}"
2996,STATE,STATE_CHANGED,,"{'from': 'breakout', 'to': 'range', 'structure_id': 0, 'struct_direction': -1, 'reason': 'range_confirmed', 'effective_idx': 2994, 'structure_path_id': 'H1.main >> M15.counter', 'use_case': 'reversal', 'parent_sid': 0, 'parent_cycle_id': 1, 'timeframe': 'M15', 'parent_tf': 'H1', 'sub_id': 3, 'started_by': 'reversal'}"
2996,RANGE,RANGE_UPDATED,,"{'hi': 0.57841, 'lo': 0.57764, 'structure_id': 0, 'struct_direction': -1, 'structure_path_id': 'H1.main >> M15.counter', 'use_case': 'reversal', 'parent_sid': 0, 'parent_cycle_id': 1, 'timeframe': 'M15', 'parent_tf': 'H1', 'sub_id': 3, 'started_by': 'reversal'}"
3005,RANGE,RANGE_UPDATED,,"{'hi': 0.57841, 'lo': 0.5772, 'structure_id': 0, 'struct_direction': -1, 'structure_path_id': 'H1.main >> M15.counter', 'use_case': 'reversal', 'parent_sid': 0, 'parent_cycle_id': 1, 'timeframe': 'M15', 'parent_tf': 'H1', 'sub_id': 3, 'started_by': 'reversal'}"
3005,STRUCTURE,CTS_UPDATED,0.5772,"{'via': 'replay_raw', 'cycle_id': 2, 'structure_id': 0, 'struct_direction': -1, 'structure_path_id': 'H1.main >> M15.counter', 'use_case': 'reversal', 'parent_sid': 0, 'parent_cycle_id': 1, 'timeframe': 'M15', 'parent_tf': 'H1', 'sub_id': 3, 'started_by': 'reversal'}"
3007,RANGE,RANGE_UPDATED,,"{'hi': 0.57841, 'lo': 0.57703, 'structure_id': 0, 'struct_direction': -1, 'structure_path_id': 'H1.main >> M15.counter', 'use_case': 'reversal', 'parent_sid': 0, 'parent_cycle_id': 1, 'timeframe': 'M15', 'parent_tf': 'H1', 'sub_id': 3, 'started_by': 'reversal'}"
3007,STRUCTURE,CTS_UPDATED,0.57703,"{'via': 'replay_raw', 'cycle_id': 2, 'structure_id': 0, 'struct_direction': -1, 'structure_path_id': 'H1.main >> M15.counter', 'use_case': 'reversal', 'parent_sid': 0, 'parent_cycle_id': 1, 'timeframe': 'M15', 'parent_tf': 'H1', 'sub_id': 3, 'started_by': 'reversal'}"
3008,RANGE,RANGE_UPDATED,,"{'hi': 0.57841, 'lo': 0.5768, 'structure_id': 0, 'struct_direction': -1, 'structure_path_id': 'H1.main >> M15.counter', 'use_case': 'reversal', 'parent_sid': 0, 'parent_cycle_id': 1, 'timeframe': 'M15', 'parent_tf': 'H1', 'sub_id': 3, 'started_by': 'reversal'}"
3008,STRUCTURE,CTS_UPDATED,0.5768,"{'via': 'replay_raw', 'cycle_id': 2, 'structure_id': 0, 'struct_direction': -1, 'structure_path_id': 'H1.main >> M15.counter', 'use_case': 'reversal', 'parent_sid': 0, 'parent_cycle_id': 1, 'timeframe': 'M15', 'parent_tf': 'H1', 'sub_id': 3, 'started_by': 'reversal'}"
3010,RANGE,RANGE_UPDATED,,"{'hi': 0.57841, 'lo': 0.57676, 'structure_id': 0, 'struct_direction': -1, 'structure_path_id': 'H1.main >> M15.counter', 'use_case': 'reversal', 'parent_sid': 0, 'parent_cycle_id': 1, 'timeframe': 'M15', 'parent_tf': 'H1', 'sub_id': 3, 'started_by': 'reversal'}"
3010,STRUCTURE,CTS_UPDATED,0.57676,"{'via': 'replay_raw', 'cycle_id': 2, 'structure_id': 0, 'struct_direction': -1, 'structure_path_id': 'H1.main >> M15.counter', 'use_case': 'reversal', 'parent_sid': 0, 'parent_cycle_id': 1, 'timeframe': 'M15', 'parent_tf': 'H1', 'sub_id': 3, 'started_by': 'reversal'}"
3011,RANGE,RANGE_UPDATED,,"{'hi': 0.57841, 'lo': 0.57675, 'structure_id': 0, 'struct_direction': -1, 'structure_path_id': 'H1.main >> M15.counter', 'use_case': 'reversal', 'parent_sid': 0, 'parent_cycle_id': 1, 'timeframe': 'M15', 'parent_tf': 'H1', 'sub_id': 3, 'started_by': 'reversal'}"
3011,STRUCTURE,CTS_UPDATED,0.57675,"{'via': 'replay_raw', 'cycle_id': 2, 'structure_id': 0, 'struct_direction': -1, 'structure_path_id': 'H1.main >> M15.counter', 'use_case': 'reversal', 'parent_sid': 0, 'parent_cycle_id': 1, 'timeframe': 'M15', 'parent_tf': 'H1', 'sub_id': 3, 'started_by': 'reversal'}"
3012,RANGE,RANGE_UPDATED,,"{'hi': 0.57841, 'lo': 0.57652, 'structure_id': 0, 'struct_direction': -1, 'structure_path_id': 'H1.main >> M15.counter', 'use_case': 'reversal', 'parent_sid': 0, 'parent_cycle_id': 1, 'timeframe': 'M15', 'parent_tf': 'H1', 'sub_id': 3, 'started_by': 'reversal'}"
3012,STRUCTURE,CTS_UPDATED,0.57652,"{'via': 'replay_raw', 'cycle_id': 2, 'structure_id': 0, 'struct_direction': -1, 'structure_path_id': 'H1.main >> M15.counter', 'use_case': 'reversal', 'parent_sid': 0, 'parent_cycle_id': 1, 'timeframe': 'M15', 'parent_tf': 'H1', 'sub_id': 3, 'started_by': 'reversal'}"
3013,RANGE,RANGE_UPDATED,,"{'hi': 0.57841, 'lo': 0.5764, 'structure_id': 0, 'struct_direction': -1, 'structure_path_id': 'H1.main >> M15.counter', 'use_case': 'reversal', 'parent_sid': 0, 'parent_cycle_id': 1, 'timeframe': 'M15', 'parent_tf': 'H1', 'sub_id': 3, 'started_by': 'reversal'}"
3013,STRUCTURE,CTS_UPDATED,0.5764,"{'via': 'replay_raw', 'cycle_id': 2, 'structure_id': 0, 'struct_direction': -1, 'structure_path_id': 'H1.main >> M15.counter', 'use_case': 'reversal', 'parent_sid': 0, 'parent_cycle_id': 1, 'timeframe': 'M15', 'parent_tf': 'H1', 'sub_id': 3, 'started_by': 'reversal'}"
3024,RANGE,RANGE_UPDATED,,"{'hi': 0.57841, 'lo': 0.57639, 'structure_id': 0, 'struct_direction': -1, 'structure_path_id': 'H1.main >> M15.counter', 'use_case': 'reversal', 'parent_sid': 0, 'parent_cycle_id': 1, 'timeframe': 'M15', 'parent_tf': 'H1', 'sub_id': 3, 'started_by': 'reversal'}"
3024,STRUCTURE,CTS_UPDATED,0.57639,"{'via': 'replay_raw', 'cycle_id': 2, 'structure_id': 0, 'struct_direction': -1, 'structure_path_id': 'H1.main >> M15.counter', 'use_case': 'reversal', 'parent_sid': 0, 'parent_cycle_id': 1, 'timeframe': 'M15', 'parent_tf': 'H1', 'sub_id': 3, 'started_by': 'reversal'}"
3026,RANGE,RANGE_UPDATED,,"{'hi': 0.57841, 'lo': 0.57638, 'structure_id': 0, 'struct_direction': -1, 'structure_path_id': 'H1.main >> M15.counter', 'use_case': 'reversal', 'parent_sid': 0, 'parent_cycle_id': 1, 'timeframe': 'M15', 'parent_tf': 'H1', 'sub_id': 3, 'started_by': 'reversal'}"
3026,STRUCTURE,CTS_UPDATED,0.57638,"{'via': 'replay_raw', 'cycle_id': 2, 'structure_id': 0, 'struct_direction': -1, 'structure_path_id': 'H1.main >> M15.counter', 'use_case': 'reversal', 'parent_sid': 0, 'parent_cycle_id': 1, 'timeframe': 'M15', 'parent_tf': 'H1', 'sub_id': 3, 'started_by': 'reversal'}"
3027,RANGE,RANGE_UPDATED,,"{'hi': 0.57841, 'lo': 0.57602, 'structure_id': 0, 'struct_direction': -1, 'structure_path_id': 'H1.main >> M15.counter', 'use_case': 'reversal', 'parent_sid': 0, 'parent_cycle_id': 1, 'timeframe': 'M15', 'parent_tf': 'H1', 'sub_id': 3, 'started_by': 'reversal'}"
3027,STRUCTURE,CTS_UPDATED,0.57602,"{'via': 'replay_raw', 'cycle_id': 2, 'structure_id': 0, 'struct_direction': -1, 'structure_path_id': 'H1.main >> M15.counter', 'use_case': 'reversal', 'parent_sid': 0, 'parent_cycle_id': 1, 'timeframe': 'M15', 'parent_tf': 'H1', 'sub_id': 3, 'started_by': 'reversal'}"
3042,RANGE,RANGE_UPDATED,,"{'hi': 0.57841, 'lo': 0.57587, 'structure_id': 0, 'struct_direction': -1, 'structure_path_id': 'H1.main >> M15.counter', 'use_case': 'reversal', 'parent_sid': 0, 'parent_cycle_id': 1, 'timeframe': 'M15', 'parent_tf': 'H1', 'sub_id': 3, 'started_by': 'reversal'}"
3042,STRUCTURE,CTS_UPDATED,0.57587,"{'via': 'replay_raw', 'cycle_id': 2, 'structure_id': 0, 'struct_direction': -1, 'structure_path_id': 'H1.main >> M15.counter', 'use_case': 'reversal', 'parent_sid': 0, 'parent_cycle_id': 1, 'timeframe': 'M15', 'parent_tf': 'H1', 'sub_id': 3, 'started_by': 'reversal'}"
3043,STRUCTURE,CTS_UPDATED,0.57581,"{'via': 'replay_raw', 'cycle_id': 2, 'structure_id': 0, 'struct_direction': -1, 'structure_path_id': 'H1.main >> M15.counter', 'use_case': 'reversal', 'parent_sid': 0, 'parent_cycle_id': 1, 'timeframe': 'M15', 'parent_tf': 'H1', 'sub_id': 3, 'started_by': 'reversal'}"
3044,RANGE,RANGE_RESET,,"{'reason': 'range_breakout', 'pat': 'double_maru', 'structure_id': 0, 'struct_direction': -1, 'structure_path_id': 'H1.main >> M15.counter', 'use_case': 'reversal', 'parent_sid': 0, 'parent_cycle_id': 1, 'timeframe': 'M15', 'parent_tf': 'H1', 'sub_id': 3, 'started_by': 'reversal'}"
3044,STRUCTURE,CTS_UPDATED,0.575,"{'via': 'double_maru', 'confirmed_at': 3044, 'cts_anchor_idx': 3044, 'cycle_id': 2, 'structure_id': 0, 'struct_direction': -1, 'structure_path_id': 'H1.main >> M15.counter', 'use_case': 'reversal', 'parent_sid': 0, 'parent_cycle_id': 1, 'timeframe': 'M15', 'parent_tf': 'H1', 'sub_id': 3, 'started_by': 'reversal'}"
3044,STATE,STATE_CHANGED,,"{'from': 'range', 'to': 'breakout', 'structure_id': 0, 'struct_direction': -1, 'reason': 'breakout_pattern', 'pat': 'double_maru', 'effective_idx': 3044, 'structure_path_id': 'H1.main >> M15.counter', 'use_case': 'reversal', 'parent_sid': 0, 'parent_cycle_id': 1, 'timeframe': 'M15', 'parent_tf': 'H1', 'sub_id': 3, 'started_by': 'reversal'}"
3045,STRUCTURE,CTS_UPDATED,0.57475,"{'via': 'replay_raw', 'cycle_id': 2, 'structure_id': 0, 'struct_direction': -1, 'structure_path_id': 'H1.main >> M15.counter', 'use_case': 'reversal', 'parent_sid': 0, 'parent_cycle_id': 1, 'timeframe': 'M15', 'parent_tf': 'H1', 'sub_id': 3, 'started_by': 'reversal'}"
3046,STRUCTURE,CTS_UPDATED,0.57451,"{'via': 'replay_raw', 'cycle_id': 2, 'structure_id': 0, 'struct_direction': -1, 'structure_path_id': 'H1.main >> M15.counter', 'use_case': 'reversal', 'parent_sid': 0, 'parent_cycle_id': 1, 'timeframe': 'M15', 'parent_tf': 'H1', 'sub_id': 3, 'started_by': 'reversal'}"
3047,STRUCTURE,CTS_UPDATED,0.574,"{'via': 'replay_raw', 'cycle_id': 2, 'structure_id': 0, 'struct_direction': -1, 'structure_path_id': 'H1.main >> M15.counter', 'use_case': 'reversal', 'parent_sid': 0, 'parent_cycle_id': 1, 'timeframe': 'M15', 'parent_tf': 'H1', 'sub_id': 3, 'started_by': 'reversal'}"
3050,RANGE,RANGE_STARTED,,"{'start_idx': 3047, 'confirm_idx': 3050, 'hi': 0.57524, 'lo': 0.574, 'cts_idx': 3047, 'cts_price': 0.574, 'structure_id': 0, 'struct_direction': -1, 'structure_path_id': 'H1.main >> M15.counter', 'use_case': 'reversal', 'parent_sid': 0, 'parent_cycle_id': 1, 'timeframe': 'M15', 'parent_tf': 'H1', 'sub_id': 3, 'started_by': 'reversal'}"
3050,STATE,STATE_CHANGED,,"{'from': 'breakout', 'to': 'range', 'structure_id': 0, 'struct_direction': -1, 'reason': 'range_confirmed', 'effective_idx': 3047, 'structure_path_id': 'H1.main >> M15.counter', 'use_case': 'reversal', 'parent_sid': 0, 'parent_cycle_id': 1, 'timeframe': 'M15', 'parent_tf': 'H1', 'sub_id': 3, 'started_by': 'reversal'}"
3048,RANGE,RANGE_UPDATED,,"{'hi': 0.57536, 'lo': 0.574, 'structure_id': 0, 'struct_direction': -1, 'structure_path_id': 'H1.main >> M15.counter', 'use_case': 'reversal', 'parent_sid': 0, 'parent_cycle_id': 1, 'timeframe': 'M15', 'parent_tf': 'H1', 'sub_id': 3, 'started_by': 'reversal'}"
3049,RANGE,RANGE_UPDATED,,"{'hi': 0.57552, 'lo': 0.574, 'structure_id': 0, 'struct_direction': -1, 'structure_path_id': 'H1.main >> M15.counter', 'use_case': 'reversal', 'parent_sid': 0, 'parent_cycle_id': 1, 'timeframe': 'M15', 'parent_tf': 'H1', 'sub_id': 3, 'started_by': 'reversal'}"
3052,RANGE,RANGE_UPDATED,,"{'hi': 0.57561, 'lo': 0.574, 'structure_id': 0, 'struct_direction': -1, 'structure_path_id': 'H1.main >> M15.counter', 'use_case': 'reversal', 'parent_sid': 0, 'parent_cycle_id': 1, 'timeframe': 'M15', 'parent_tf': 'H1', 'sub_id': 3, 'started_by': 'reversal'}"
3054,RANGE,RANGE_UPDATED,,"{'hi': 0.57564, 'lo': 0.574, 'structure_id': 0, 'struct_direction': -1, 'structure_path_id': 'H1.main >> M15.counter', 'use_case': 'reversal', 'parent_sid': 0, 'parent_cycle_id': 1, 'timeframe': 'M15', 'parent_tf': 'H1', 'sub_id': 3, 'started_by': 'reversal'}"
3055,RANGE,RANGE_UPDATED,,"{'hi': 0.57566, 'lo': 0.574, 'structure_id': 0, 'struct_direction': -1, 'structure_path_id': 'H1.main >> M15.counter', 'use_case': 'reversal', 'parent_sid': 0, 'parent_cycle_id': 1, 'timeframe': 'M15', 'parent_tf': 'H1', 'sub_id': 3, 'started_by': 'reversal'}"
3067,RANGE,RANGE_UPDATED,,"{'hi': 0.57574, 'lo': 0.574, 'structure_id': 0, 'struct_direction': -1, 'structure_path_id': 'H1.main >> M15.counter', 'use_case': 'reversal', 'parent_sid': 0, 'parent_cycle_id': 1, 'timeframe': 'M15', 'parent_tf': 'H1', 'sub_id': 3, 'started_by': 'reversal'}"
3070,RANGE,RANGE_UPDATED,,"{'hi': 0.57586, 'lo': 0.574, 'structure_id': 0, 'struct_direction': -1, 'structure_path_id': 'H1.main >> M15.counter', 'use_case': 'reversal', 'parent_sid': 0, 'parent_cycle_id': 1, 'timeframe': 'M15', 'parent_tf': 'H1', 'sub_id': 3, 'started_by': 'reversal'}"
3072,RANGE,RANGE_UPDATED,,"{'hi': 0.57612, 'lo': 0.574, 'structure_id': 0, 'struct_direction': -1, 'structure_path_id': 'H1.main >> M15.counter', 'use_case': 'reversal', 'parent_sid': 0, 'parent_cycle_id': 1, 'timeframe': 'M15', 'parent_tf': 'H1', 'sub_id': 3, 'started_by': 'reversal'}"
3073,RANGE,RANGE_UPDATED,,"{'hi': 0.5762, 'lo': 0.574, 'structure_id': 0, 'struct_direction': -1, 'structure_path_id': 'H1.main >> M15.counter', 'use_case': 'reversal', 'parent_sid': 0, 'parent_cycle_id': 1, 'timeframe': 'M15', 'parent_tf': 'H1', 'sub_id': 3, 'started_by': 'reversal'}"
3086,RANGE,RANGE_UPDATED,,"{'reason': 'pullback_expand', 'hi': 0.57664, 'lo': 0.574, 'pat': 'continuous', 'structure_id': 0, 'struct_direction': -1, 'structure_path_id': 'H1.main >> M15.counter', 'use_case': 'reversal', 'parent_sid': 0, 'parent_cycle_id': 1, 'timeframe': 'M15', 'parent_tf': 'H1', 'sub_id': 3, 'started_by': 'reversal'}"
3086,STRUCTURE,CTS_CONFIRMED,0.574,"{'via': 'continuous', 'cycle_id': 2, 'structure_id': 0, 'struct_direction': -1, 'confirmed_at': 3086, 'cts_anchor_idx': 3047, 'confirmation_method': 'pullback', 'structure_path_id': 'H1.main >> M15.counter', 'use_case': 'reversal', 'parent_sid': 0, 'parent_cycle_id': 1, 'timeframe': 'M15', 'parent_tf': 'H1', 'sub_id': 3, 'started_by': 'reversal'}"
3086,STATE,STATE_CHANGED,,"{'from': 'range', 'to': 'pullback', 'structure_id': 0, 'struct_direction': -1, 'reason': 'pullback_pattern', 'pat': 'continuous', 'effective_idx': 3086, 'structure_path_id': 'H1.main >> M15.counter', 'use_case': 'reversal', 'parent_sid': 0, 'parent_cycle_id': 1, 'timeframe': 'M15', 'parent_tf': 'H1', 'sub_id': 3, 'started_by': 'reversal'}"
3086,RANGE,RANGE_UPDATED,,"{'hi': 0.57698, 'lo': 0.574, 'structure_id': 0, 'struct_direction': -1, 'structure_path_id': 'H1.main >> M15.counter', 'use_case': 'reversal', 'parent_sid': 0, 'parent_cycle_id': 1, 'timeframe': 'M15', 'parent_tf': 'H1', 'sub_id': 3, 'started_by': 'reversal'}"
3087,RANGE,RANGE_UPDATED,,"{'hi': 0.57704, 'lo': 0.574, 'structure_id': 0, 'struct_direction': -1, 'structure_path_id': 'H1.main >> M15.counter', 'use_case': 'reversal', 'parent_sid': 0, 'parent_cycle_id': 1, 'timeframe': 'M15', 'parent_tf': 'H1', 'sub_id': 3, 'started_by': 'reversal'}"
3088,RANGE,RANGE_UPDATED,,"{'hi': 0.57708, 'lo': 0.574, 'structure_id': 0, 'struct_direction': -1, 'structure_path_id': 'H1.main >> M15.counter', 'use_case': 'reversal', 'parent_sid': 0, 'parent_cycle_id': 1, 'timeframe': 'M15', 'parent_tf': 'H1', 'sub_id': 3, 'started_by': 'reversal'}"
3089,STATE,STATE_CHANGED,,"{'from': 'pullback', 'to': 'pullback_range', 'structure_id': 0, 'struct_direction': -1, 'reason': 'replay_no_expand_pullback_side', 'effective_idx': 3089, 'structure_path_id': 'H1.main >> M15.counter', 'use_case': 'reversal', 'parent_sid': 0, 'parent_cycle_id': 1, 'timeframe': 'M15', 'parent_tf': 'H1', 'sub_id': 3, 'started_by': 'reversal'}"
3112,RANGE,RANGE_UPDATED,,"{'hi': 0.57714, 'lo': 0.574, 'structure_id': 0, 'struct_direction': -1, 'structure_path_id': 'H1.main >> M15.counter', 'use_case': 'reversal', 'parent_sid': 0, 'parent_cycle_id': 1, 'timeframe': 'M15', 'parent_tf': 'H1', 'sub_id': 3, 'started_by': 'reversal'}"
3112,STATE,STATE_CHANGED,,"{'from': 'pullback_range', 'to': 'pullback', 'structure_id': 0, 'struct_direction': -1, 'reason': 'replay_expand_pullback_side', 'effective_idx': 3112, 'structure_path_id': 'H1.main >> M15.counter', 'use_case': 'reversal', 'parent_sid': 0, 'parent_cycle_id': 1, 'timeframe': 'M15', 'parent_tf': 'H1', 'sub_id': 3, 'started_by': 'reversal'}"
3113,STATE,STATE_CHANGED,,"{'from': 'pullback', 'to': 'pullback_range', 'structure_id': 0, 'struct_direction': -1, 'reason': 'replay_no_expand_pullback_side', 'effective_idx': 3113, 'structure_path_id': 'H1.main >> M15.counter', 'use_case': 'reversal', 'parent_sid': 0, 'parent_cycle_id': 1, 'timeframe': 'M15', 'parent_tf': 'H1', 'sub_id': 3, 'started_by': 'reversal'}"
3116,RANGE,RANGE_UPDATED,,"{'hi': 0.57724, 'lo': 0.574, 'structure_id': 0, 'struct_direction': -1, 'structure_path_id': 'H1.main >> M15.counter', 'use_case': 'reversal', 'parent_sid': 0, 'parent_cycle_id': 1, 'timeframe': 'M15', 'parent_tf': 'H1', 'sub_id': 3, 'started_by': 'reversal'}"
3116,STATE,STATE_CHANGED,,"{'from': 'pullback_range', 'to': 'pullback', 'structure_id': 0, 'struct_direction': -1, 'reason': 'replay_expand_pullback_side', 'effective_idx': 3116, 'structure_path_id': 'H1.main >> M15.counter', 'use_case': 'reversal', 'parent_sid': 0, 'parent_cycle_id': 1, 'timeframe': 'M15', 'parent_tf': 'H1', 'sub_id': 3, 'started_by': 'reversal'}"
3117,STATE,STATE_CHANGED,,"{'from': 'pullback', 'to': 'pullback_range', 'structure_id': 0, 'struct_direction': -1, 'reason': 'replay_no_expand_pullback_side', 'effective_idx': 3117, 'structure_path_id': 'H1.main >> M15.counter', 'use_case': 'reversal', 'parent_sid': 0, 'parent_cycle_id': 1, 'timeframe': 'M15', 'parent_tf': 'H1', 'sub_id': 3, 'started_by': 'reversal'}"
3120,RANGE,RANGE_UPDATED,,"{'hi': 0.57726, 'lo': 0.574, 'structure_id': 0, 'struct_direction': -1, 'structure_path_id': 'H1.main >> M15.counter', 'use_case': 'reversal', 'parent_sid': 0, 'parent_cycle_id': 1, 'timeframe': 'M15', 'parent_tf': 'H1', 'sub_id': 3, 'started_by': 'reversal'}"
3120,STATE,STATE_CHANGED,,"{'from': 'pullback_range', 'to': 'pullback', 'structure_id': 0, 'struct_direction': -1, 'reason': 'replay_expand_pullback_side', 'effective_idx': 3120, 'structure_path_id': 'H1.main >> M15.counter', 'use_case': 'reversal', 'parent_sid': 0, 'parent_cycle_id': 1, 'timeframe': 'M15', 'parent_tf': 'H1', 'sub_id': 3, 'started_by': 'reversal'}"
3121,STATE,STATE_CHANGED,,"{'from': 'pullback', 'to': 'pullback_range', 'structure_id': 0, 'struct_direction': -1, 'reason': 'replay_no_expand_pullback_side', 'effective_idx': 3121, 'structure_path_id': 'H1.main >> M15.counter', 'use_case': 'reversal', 'parent_sid': 0, 'parent_cycle_id': 1, 'timeframe': 'M15', 'parent_tf': 'H1', 'sub_id': 3, 'started_by': 'reversal'}"
3123,RANGE,RANGE_UPDATED,,"{'hi': 0.5774, 'lo': 0.574, 'structure_id': 0, 'struct_direction': -1, 'structure_path_id': 'H1.main >> M15.counter', 'use_case': 'reversal', 'parent_sid': 0, 'parent_cycle_id': 1, 'timeframe': 'M15', 'parent_tf': 'H1', 'sub_id': 3, 'started_by': 'reversal'}"
3123,STATE,STATE_CHANGED,,"{'from': 'pullback_range', 'to': 'pullback', 'structure_id': 0, 'struct_direction': -1, 'reason': 'replay_expand_pullback_side', 'effective_idx': 3123, 'structure_path_id': 'H1.main >> M15.counter', 'use_case': 'reversal', 'parent_sid': 0, 'parent_cycle_id': 1, 'timeframe': 'M15', 'parent_tf': 'H1', 'sub_id': 3, 'started_by': 'reversal'}"
3124,STATE,STATE_CHANGED,,"{'from': 'pullback', 'to': 'pullback_range', 'structure_id': 0, 'struct_direction': -1, 'reason': 'replay_no_expand_pullback_side', 'effective_idx': 3124, 'structure_path_id': 'H1.main >> M15.counter', 'use_case': 'reversal', 'parent_sid': 0, 'parent_cycle_id': 1, 'timeframe': 'M15', 'parent_tf': 'H1', 'sub_id': 3, 'started_by': 'reversal'}"
3139,RANGE,RANGE_UPDATED,,"{'hi': 0.57742, 'lo': 0.574, 'structure_id': 0, 'struct_direction': -1, 'structure_path_id': 'H1.main >> M15.counter', 'use_case': 'reversal', 'parent_sid': 0, 'parent_cycle_id': 1, 'timeframe': 'M15', 'parent_tf': 'H1', 'sub_id': 3, 'started_by': 'reversal'}"
3139,STATE,STATE_CHANGED,,"{'from': 'pullback_range', 'to': 'pullback', 'structure_id': 0, 'struct_direction': -1, 'reason': 'replay_expand_pullback_side', 'effective_idx': 3139, 'structure_path_id': 'H1.main >> M15.counter', 'use_case': 'reversal', 'parent_sid': 0, 'parent_cycle_id': 1, 'timeframe': 'M15', 'parent_tf': 'H1', 'sub_id': 3, 'started_by': 'reversal'}"
3140,RANGE,RANGE_UPDATED,,"{'hi': 0.5778, 'lo': 0.574, 'structure_id': 0, 'struct_direction': -1, 'structure_path_id': 'H1.main >> M15.counter', 'use_case': 'reversal', 'parent_sid': 0, 'parent_cycle_id': 1, 'timeframe': 'M15', 'parent_tf': 'H1', 'sub_id': 3, 'started_by': 'reversal'}"
3141,STATE,STATE_CHANGED,,"{'from': 'pullback', 'to': 'pullback_range', 'structure_id': 0, 'struct_direction': -1, 'reason': 'replay_no_expand_pullback_side', 'effective_idx': 3141, 'structure_path_id': 'H1.main >> M15.counter', 'use_case': 'reversal', 'parent_sid': 0, 'parent_cycle_id': 1, 'timeframe': 'M15', 'parent_tf': 'H1', 'sub_id': 3, 'started_by': 'reversal'}"
3237,RANGE,RANGE_UPDATED,,"{'hi': 0.57826, 'lo': 0.574, 'structure_id': 0, 'struct_direction': -1, 'structure_path_id': 'H1.main >> M15.counter', 'use_case': 'reversal', 'parent_sid': 0, 'parent_cycle_id': 1, 'timeframe': 'M15', 'parent_tf': 'H1', 'sub_id': 3, 'started_by': 'reversal'}"
3237,STATE,STATE_CHANGED,,"{'from': 'pullback_range', 'to': 'pullback', 'structure_id': 0, 'struct_direction': -1, 'reason': 'replay_expand_pullback_side', 'effective_idx': 3237, 'structure_path_id': 'H1.main >> M15.counter', 'use_case': 'reversal', 'parent_sid': 0, 'parent_cycle_id': 1, 'timeframe': 'M15', 'parent_tf': 'H1', 'sub_id': 3, 'started_by': 'reversal'}"
3238,RANGE,RANGE_UPDATED,,"{'hi': 0.57841, 'lo': 0.574, 'structure_id': 0, 'struct_direction': -1, 'structure_path_id': 'H1.main >> M15.counter', 'use_case': 'reversal', 'parent_sid': 0, 'parent_cycle_id': 1, 'timeframe': 'M15', 'parent_tf': 'H1', 'sub_id': 3, 'started_by': 'reversal'}"
3239,RANGE,RANGE_UPDATED,,"{'hi': 0.57847, 'lo': 0.574, 'structure_id': 0, 'struct_direction': -1, 'structure_path_id': 'H1.main >> M15.counter', 'use_case': 'reversal', 'parent_sid': 0, 'parent_cycle_id': 1, 'timeframe': 'M15', 'parent_tf': 'H1', 'sub_id': 3, 'started_by': 'reversal'}"
3240,RANGE,RANGE_UPDATED,,"{'hi': 0.57858, 'lo': 0.574, 'structure_id': 0, 'struct_direction': -1, 'structure_path_id': 'H1.main >> M15.counter', 'use_case': 'reversal', 'parent_sid': 0, 'parent_cycle_id': 1, 'timeframe': 'M15', 'parent_tf': 'H1', 'sub_id': 3, 'started_by': 'reversal'}"
3241,RANGE,RANGE_UPDATED,,"{'hi': 0.57876, 'lo': 0.574, 'structure_id': 0, 'struct_direction': -1, 'structure_path_id': 'H1.main >> M15.counter', 'use_case': 'reversal', 'parent_sid': 0, 'parent_cycle_id': 1, 'timeframe': 'M15', 'parent_tf': 'H1', 'sub_id': 3, 'started_by': 'reversal'}"
3242,RANGE,RANGE_UPDATED,,"{'hi': 0.57892, 'lo': 0.574, 'structure_id': 0, 'struct_direction': -1, 'structure_path_id': 'H1.main >> M15.counter', 'use_case': 'reversal', 'parent_sid': 0, 'parent_cycle_id': 1, 'timeframe': 'M15', 'parent_tf': 'H1', 'sub_id': 3, 'started_by': 'reversal'}"
3243,RANGE,RANGE_UPDATED,,"{'hi': 0.57911, 'lo': 0.574, 'structure_id': 0, 'struct_direction': -1, 'structure_path_id': 'H1.main >> M15.counter', 'use_case': 'reversal', 'parent_sid': 0, 'parent_cycle_id': 1, 'timeframe': 'M15', 'parent_tf': 'H1', 'sub_id': 3, 'started_by': 'reversal'}"
3244,STATE,STATE_CHANGED,,"{'from': 'pullback', 'to': 'pullback_range', 'structure_id': 0, 'struct_direction': -1, 'reason': 'replay_no_expand_pullback_side', 'effective_idx': 3244, 'structure_path_id': 'H1.main >> M15.counter', 'use_case': 'reversal', 'parent_sid': 0, 'parent_cycle_id': 1, 'timeframe': 'M15', 'parent_tf': 'H1', 'sub_id': 3, 'started_by': 'reversal'}"
3256,RANGE,RANGE_UPDATED,,"{'hi': 0.57919, 'lo': 0.574, 'structure_id': 0, 'struct_direction': -1, 'structure_path_id': 'H1.main >> M15.counter', 'use_case': 'reversal', 'parent_sid': 0, 'parent_cycle_id': 1, 'timeframe': 'M15', 'parent_tf': 'H1', 'sub_id': 3, 'started_by': 'reversal'}"
3256,STATE,STATE_CHANGED,,"{'from': 'pullback_range', 'to': 'pullback', 'structure_id': 0, 'struct_direction': -1, 'reason': 'replay_expand_pullback_side', 'effective_idx': 3256, 'structure_path_id': 'H1.main >> M15.counter', 'use_case': 'reversal', 'parent_sid': 0, 'parent_cycle_id': 1, 'timeframe': 'M15', 'parent_tf': 'H1', 'sub_id': 3, 'started_by': 'reversal'}"
3257,STATE,STATE_CHANGED,,"{'from': 'pullback', 'to': 'pullback_range', 'structure_id': 0, 'struct_direction': -1, 'reason': 'replay_no_expand_pullback_side', 'effective_idx': 3257, 'structure_path_id': 'H1.main >> M15.counter', 'use_case': 'reversal', 'parent_sid': 0, 'parent_cycle_id': 1, 'timeframe': 'M15', 'parent_tf': 'H1', 'sub_id': 3, 'started_by': 'reversal'}"
3279,RANGE,RANGE_UPDATED,,"{'hi': 0.57968, 'lo': 0.574, 'structure_id': 0, 'struct_direction': -1, 'structure_path_id': 'H1.main >> M15.counter', 'use_case': 'reversal', 'parent_sid': 0, 'parent_cycle_id': 1, 'timeframe': 'M15', 'parent_tf': 'H1', 'sub_id': 3, 'started_by': 'reversal'}"
3279,STATE,STATE_CHANGED,,"{'from': 'pullback_range', 'to': 'pullback', 'structure_id': 0, 'struct_direction': -1, 'reason': 'replay_expand_pullback_side', 'effective_idx': 3279, 'structure_path_id': 'H1.main >> M15.counter', 'use_case': 'reversal', 'parent_sid': 0, 'parent_cycle_id': 1, 'timeframe': 'M15', 'parent_tf': 'H1', 'sub_id': 3, 'started_by': 'reversal'}"
3280,RANGE,RANGE_UPDATED,,"{'hi': 0.57993, 'lo': 0.574, 'structure_id': 0, 'struct_direction': -1, 'structure_path_id': 'H1.main >> M15.counter', 'use_case': 'reversal', 'parent_sid': 0, 'parent_cycle_id': 1, 'timeframe': 'M15', 'parent_tf': 'H1', 'sub_id': 3, 'started_by': 'reversal'}"
3281,STATE,STATE_CHANGED,,"{'from': 'pullback', 'to': 'pullback_range', 'structure_id': 0, 'struct_direction': -1, 'reason': 'replay_no_expand_pullback_side', 'effective_idx': 3281, 'structure_path_id': 'H1.main >> M15.counter', 'use_case': 'reversal', 'parent_sid': 0, 'parent_cycle_id': 1, 'timeframe': 'M15', 'parent_tf': 'H1', 'sub_id': 3, 'started_by': 'reversal'}"
3282,RANGE,RANGE_UPDATED,,"{'hi': 0.57995, 'lo': 0.574, 'structure_id': 0, 'struct_direction': -1, 'structure_path_id': 'H1.main >> M15.counter', 'use_case': 'reversal', 'parent_sid': 0, 'parent_cycle_id': 1, 'timeframe': 'M15', 'parent_tf': 'H1', 'sub_id': 3, 'started_by': 'reversal'}"
3282,STATE,STATE_CHANGED,,"{'from': 'pullback_range', 'to': 'pullback', 'structure_id': 0, 'struct_direction': -1, 'reason': 'replay_expand_pullback_side', 'effective_idx': 3282, 'structure_path_id': 'H1.main >> M15.counter', 'use_case': 'reversal', 'parent_sid': 0, 'parent_cycle_id': 1, 'timeframe': 'M15', 'parent_tf': 'H1', 'sub_id': 3, 'started_by': 'reversal'}"
3283,RANGE,RANGE_UPDATED,,"{'hi': 0.58064, 'lo': 0.574, 'structure_id': 0, 'struct_direction': -1, 'structure_path_id': 'H1.main >> M15.counter', 'use_case': 'reversal', 'parent_sid': 0, 'parent_cycle_id': 1, 'timeframe': 'M15', 'parent_tf': 'H1', 'sub_id': 3, 'started_by': 'reversal'}"
3284,STATE,STATE_CHANGED,,"{'from': 'pullback', 'to': 'pullback_range', 'structure_id': 0, 'struct_direction': -1, 'reason': 'replay_no_expand_pullback_side', 'effective_idx': 3284, 'structure_path_id': 'H1.main >> M15.counter', 'use_case': 'reversal', 'parent_sid': 0, 'parent_cycle_id': 1, 'timeframe': 'M15', 'parent_tf': 'H1', 'sub_id': 3, 'started_by': 'reversal'}"
3299,RANGE,RANGE_UPDATED,,"{'hi': 0.58078, 'lo': 0.574, 'structure_id': 0, 'struct_direction': -1, 'structure_path_id': 'H1.main >> M15.counter', 'use_case': 'reversal', 'parent_sid': 0, 'parent_cycle_id': 1, 'timeframe': 'M15', 'parent_tf': 'H1', 'sub_id': 3, 'started_by': 'reversal'}"
3299,STATE,STATE_CHANGED,,"{'from': 'pullback_range', 'to': 'pullback', 'structure_id': 0, 'struct_direction': -1, 'reason': 'replay_expand_pullback_side', 'effective_idx': 3299, 'structure_path_id': 'H1.main >> M15.counter', 'use_case': 'reversal', 'parent_sid': 0, 'parent_cycle_id': 1, 'timeframe': 'M15', 'parent_tf': 'H1', 'sub_id': 3, 'started_by': 'reversal'}"
3300,RANGE,RANGE_UPDATED,,"{'hi': 0.581, 'lo': 0.574, 'structure_id': 0, 'struct_direction': -1, 'structure_path_id': 'H1.main >> M15.counter', 'use_case': 'reversal', 'parent_sid': 0, 'parent_cycle_id': 1, 'timeframe': 'M15', 'parent_tf': 'H1', 'sub_id': 3, 'started_by': 'reversal'}"
3301,STATE,STATE_CHANGED,,"{'from': 'pullback', 'to': 'pullback_range', 'structure_id': 0, 'struct_direction': -1, 'reason': 'replay_no_expand_pullback_side', 'effective_idx': 3301, 'structure_path_id': 'H1.main >> M15.counter', 'use_case': 'reversal', 'parent_sid': 0, 'parent_cycle_id': 1, 'timeframe': 'M15', 'parent_tf': 'H1', 'sub_id': 3, 'started_by': 'reversal'}"
3304,RANGE,RANGE_UPDATED,,"{'hi': 0.58105, 'lo': 0.574, 'structure_id': 0, 'struct_direction': -1, 'structure_path_id': 'H1.main >> M15.counter', 'use_case': 'reversal', 'parent_sid': 0, 'parent_cycle_id': 1, 'timeframe': 'M15', 'parent_tf': 'H1', 'sub_id': 3, 'started_by': 'reversal'}"
3304,STATE,STATE_CHANGED,,"{'from': 'pullback_range', 'to': 'pullback', 'structure_id': 0, 'struct_direction': -1, 'reason': 'replay_expand_pullback_side', 'effective_idx': 3304, 'structure_path_id': 'H1.main >> M15.counter', 'use_case': 'reversal', 'parent_sid': 0, 'parent_cycle_id': 1, 'timeframe': 'M15', 'parent_tf': 'H1', 'sub_id': 3, 'started_by': 'reversal'}"
3305,STATE,STATE_CHANGED,,"{'from': 'pullback', 'to': 'pullback_range', 'structure_id': 0, 'struct_direction': -1, 'reason': 'replay_no_expand_pullback_side', 'effective_idx': 3305, 'structure_path_id': 'H1.main >> M15.counter', 'use_case': 'reversal', 'parent_sid': 0, 'parent_cycle_id': 1, 'timeframe': 'M15', 'parent_tf': 'H1', 'sub_id': 3, 'started_by': 'reversal'}"
3521,RANGE,RANGE_UPDATED,,"{'hi': 0.58105, 'lo': 0.57376, 'structure_id': 0, 'struct_direction': -1, 'structure_path_id': 'H1.main >> M15.counter', 'use_case': 'reversal', 'parent_sid': 0, 'parent_cycle_id': 1, 'timeframe': 'M15', 'parent_tf': 'H1', 'sub_id': 3, 'started_by': 'reversal'}"
3521,STRUCTURE,CTS_THRESHOLD_UPDATED,0.57376,"{'prev': 0.574, 'reason': 'range_sync', 'cycle_id': 2, 'structure_id': 0, 'struct_direction': -1, 'structure_path_id': 'H1.main >> M15.counter', 'use_case': 'reversal', 'parent_sid': 0, 'parent_cycle_id': 1, 'timeframe': 'M15', 'parent_tf': 'H1', 'sub_id': 3, 'started_by': 'reversal'}"
3589,RANGE,RANGE_RESET,,"{'reason': 'range_breakout', 'pat': 'one_maru_continuous', 'structure_id': 0, 'struct_direction': -1, 'structure_path_id': 'H1.main >> M15.counter', 'use_case': 'reversal', 'parent_sid': 0, 'parent_cycle_id': 1, 'timeframe': 'M15', 'parent_tf': 'H1', 'sub_id': 3, 'started_by': 'reversal'}"
3589,STRUCTURE,CTS_ESTABLISHED,0.57318,"{'via': 'one_maru_continuous', 'pattern_anchor_idx': 3588, 'pattern_name': 'one_maru_continuous', 'confirmed_at': 3589, 'cycle_id': 3, 'structure_id': 0, 'struct_direction': -1, 'cts_anchor_idx': 3589, 'structure_path_id': 'H1.main >> M15.counter', 'use_case': 'reversal', 'parent_sid': 0, 'parent_cycle_id': 1, 'timeframe': 'M15', 'parent_tf': 'H1', 'sub_id': 3, 'started_by': 'reversal'}"
3589,STRUCTURE,BOS_CONFIRMED,0.58105,"{'source': 'pullback_extreme', 'confirmed_at': 3589, 'pb_start': 3086, 'cycle_id': 3, 'structure_id': 0, 'struct_direction': -1, 'bos_anchor_idx': 3304, 'structure_path_id': 'H1.main >> M15.counter', 'use_case': 'reversal', 'parent_sid': 0, 'parent_cycle_id': 1, 'timeframe': 'M15', 'parent_tf': 'H1', 'sub_id': 3, 'started_by': 'reversal'}"
3589,STATE,STATE_CHANGED,,"{'from': 'pullback_range', 'to': 'breakout', 'structure_id': 0, 'struct_direction': -1, 'reason': 'breakout_pattern', 'pat': 'one_maru_continuous', 'effective_idx': 3589, 'structure_path_id': 'H1.main >> M15.counter', 'use_case': 'reversal', 'parent_sid': 0, 'parent_cycle_id': 1, 'timeframe': 'M15', 'parent_tf': 'H1', 'sub_id': 3, 'started_by': 'reversal'}"
3590,STRUCTURE,CTS_UPDATED,0.57314,"{'via': 'replay_raw', 'cycle_id': 3, 'structure_id': 0, 'struct_direction': -1, 'structure_path_id': 'H1.main >> M15.counter', 'use_case': 'reversal', 'parent_sid': 0, 'parent_cycle_id': 1, 'timeframe': 'M15', 'parent_tf': 'H1', 'sub_id': 3, 'started_by': 'reversal'}"
3591,STRUCTURE,CTS_UPDATED,0.57305,"{'via': 'replay_raw', 'cycle_id': 3, 'structure_id': 0, 'struct_direction': -1, 'structure_path_id': 'H1.main >> M15.counter', 'use_case': 'reversal', 'parent_sid': 0, 'parent_cycle_id': 1, 'timeframe': 'M15', 'parent_tf': 'H1', 'sub_id': 3, 'started_by': 'reversal'}"
3592,STRUCTURE,CTS_UPDATED,0.57298,"{'via': 'replay_raw', 'cycle_id': 3, 'structure_id': 0, 'struct_direction': -1, 'structure_path_id': 'H1.main >> M15.counter', 'use_case': 'reversal', 'parent_sid': 0, 'parent_cycle_id': 1, 'timeframe': 'M15', 'parent_tf': 'H1', 'sub_id': 3, 'started_by': 'reversal'}"
3593,STRUCTURE,CTS_UPDATED,0.57282,"{'via': 'replay_raw', 'cycle_id': 3, 'structure_id': 0, 'struct_direction': -1, 'structure_path_id': 'H1.main >> M15.counter', 'use_case': 'reversal', 'parent_sid': 0, 'parent_cycle_id': 1, 'timeframe': 'M15', 'parent_tf': 'H1', 'sub_id': 3, 'started_by': 'reversal'}"
3594,STRUCTURE,CTS_UPDATED,0.57272,"{'via': 'replay_raw', 'cycle_id': 3, 'structure_id': 0, 'struct_direction': -1, 'structure_path_id': 'H1.main >> M15.counter', 'use_case': 'reversal', 'parent_sid': 0, 'parent_cycle_id': 1, 'timeframe': 'M15', 'parent_tf': 'H1', 'sub_id': 3, 'started_by': 'reversal'}"
3595,RANGE,RANGE_STARTED,,"{'start_idx': 3590, 'confirm_idx': 3595, 'hi': 0.57344, 'lo': 0.57272, 'cts_idx': 3594, 'cts_price': 0.57272, 'structure_id': 0, 'struct_direction': -1, 'structure_path_id': 'H1.main >> M15.counter', 'use_case': 'reversal', 'parent_sid': 0, 'parent_cycle_id': 1, 'timeframe': 'M15', 'parent_tf': 'H1', 'sub_id': 3, 'started_by': 'reversal'}"
3595,STATE,STATE_CHANGED,,"{'from': 'breakout', 'to': 'range', 'structure_id': 0, 'struct_direction': -1, 'reason': 'range_confirmed', 'effective_idx': 3590, 'structure_path_id': 'H1.main >> M15.counter', 'use_case': 'reversal', 'parent_sid': 0, 'parent_cycle_id': 1, 'timeframe': 'M15', 'parent_tf': 'H1', 'sub_id': 3, 'started_by': 'reversal'}"
3592,RANGE,RANGE_UPDATED,,"{'hi': 0.57345, 'lo': 0.57272, 'structure_id': 0, 'struct_direction': -1, 'structure_path_id': 'H1.main >> M15.counter', 'use_case': 'reversal', 'parent_sid': 0, 'parent_cycle_id': 1, 'timeframe': 'M15', 'parent_tf': 'H1', 'sub_id': 3, 'started_by': 'reversal'}"
3596,RANGE,RANGE_UPDATED,,"{'hi': 0.57347, 'lo': 0.57272, 'structure_id': 0, 'struct_direction': -1, 'structure_path_id': 'H1.main >> M15.counter', 'use_case': 'reversal', 'parent_sid': 0, 'parent_cycle_id': 1, 'timeframe': 'M15', 'parent_tf': 'H1', 'sub_id': 3, 'started_by': 'reversal'}"
3601,RANGE,RANGE_UPDATED,,"{'hi': 0.57347, 'lo': 0.57269, 'structure_id': 0, 'struct_direction': -1, 'structure_path_id': 'H1.main >> M15.counter', 'use_case': 'reversal', 'parent_sid': 0, 'parent_cycle_id': 1, 'timeframe': 'M15', 'parent_tf': 'H1', 'sub_id': 3, 'started_by': 'reversal'}"
3601,STRUCTURE,CTS_UPDATED,0.57269,"{'via': 'replay_raw', 'cycle_id': 3, 'structure_id': 0, 'struct_direction': -1, 'structure_path_id': 'H1.main >> M15.counter', 'use_case': 'reversal', 'parent_sid': 0, 'parent_cycle_id': 1, 'timeframe': 'M15', 'parent_tf': 'H1', 'sub_id': 3, 'started_by': 'reversal'}"
3602,RANGE,RANGE_UPDATED,,"{'hi': 0.57347, 'lo': 0.57264, 'structure_id': 0, 'struct_direction': -1, 'structure_path_id': 'H1.main >> M15.counter', 'use_case': 'reversal', 'parent_sid': 0, 'parent_cycle_id': 1, 'timeframe': 'M15', 'parent_tf': 'H1', 'sub_id': 3, 'started_by': 'reversal'}"
3602,STRUCTURE,CTS_UPDATED,0.57264,"{'via': 'replay_raw', 'cycle_id': 3, 'structure_id': 0, 'struct_direction': -1, 'structure_path_id': 'H1.main >> M15.counter', 'use_case': 'reversal', 'parent_sid': 0, 'parent_cycle_id': 1, 'timeframe': 'M15', 'parent_tf': 'H1', 'sub_id': 3, 'started_by': 'reversal'}"
3605,RANGE,RANGE_UPDATED,,"{'hi': 0.57347, 'lo': 0.57263, 'structure_id': 0, 'struct_direction': -1, 'structure_path_id': 'H1.main >> M15.counter', 'use_case': 'reversal', 'parent_sid': 0, 'parent_cycle_id': 1, 'timeframe': 'M15', 'parent_tf': 'H1', 'sub_id': 3, 'started_by': 'reversal'}"
3605,STRUCTURE,CTS_UPDATED,0.57263,"{'via': 'replay_raw', 'cycle_id': 3, 'structure_id': 0, 'struct_direction': -1, 'structure_path_id': 'H1.main >> M15.counter', 'use_case': 'reversal', 'parent_sid': 0, 'parent_cycle_id': 1, 'timeframe': 'M15', 'parent_tf': 'H1', 'sub_id': 3, 'started_by': 'reversal'}"
3608,RANGE,RANGE_UPDATED,,"{'hi': 0.57347, 'lo': 0.57258, 'structure_id': 0, 'struct_direction': -1, 'structure_path_id': 'H1.main >> M15.counter', 'use_case': 'reversal', 'parent_sid': 0, 'parent_cycle_id': 1, 'timeframe': 'M15', 'parent_tf': 'H1', 'sub_id': 3, 'started_by': 'reversal'}"
3608,STRUCTURE,CTS_UPDATED,0.57258,"{'via': 'replay_raw', 'cycle_id': 3, 'structure_id': 0, 'struct_direction': -1, 'structure_path_id': 'H1.main >> M15.counter', 'use_case': 'reversal', 'parent_sid': 0, 'parent_cycle_id': 1, 'timeframe': 'M15', 'parent_tf': 'H1', 'sub_id': 3, 'started_by': 'reversal'}"
3609,RANGE,RANGE_UPDATED,,"{'hi': 0.57347, 'lo': 0.57234, 'structure_id': 0, 'struct_direction': -1, 'structure_path_id': 'H1.main >> M15.counter', 'use_case': 'reversal', 'parent_sid': 0, 'parent_cycle_id': 1, 'timeframe': 'M15', 'parent_tf': 'H1', 'sub_id': 3, 'started_by': 'reversal'}"
3609,STRUCTURE,CTS_UPDATED,0.57234,"{'via': 'replay_raw', 'cycle_id': 3, 'structure_id': 0, 'struct_direction': -1, 'structure_path_id': 'H1.main >> M15.counter', 'use_case': 'reversal', 'parent_sid': 0, 'parent_cycle_id': 1, 'timeframe': 'M15', 'parent_tf': 'H1', 'sub_id': 3, 'started_by': 'reversal'}"
3610,RANGE,RANGE_UPDATED,,"{'hi': 0.57347, 'lo': 0.5723, 'structure_id': 0, 'struct_direction': -1, 'structure_path_id': 'H1.main >> M15.counter', 'use_case': 'reversal', 'parent_sid': 0, 'parent_cycle_id': 1, 'timeframe': 'M15', 'parent_tf': 'H1', 'sub_id': 3, 'started_by': 'reversal'}"
3610,STRUCTURE,CTS_UPDATED,0.5723,"{'via': 'replay_raw', 'cycle_id': 3, 'structure_id': 0, 'struct_direction': -1, 'structure_path_id': 'H1.main >> M15.counter', 'use_case': 'reversal', 'parent_sid': 0, 'parent_cycle_id': 1, 'timeframe': 'M15', 'parent_tf': 'H1', 'sub_id': 3, 'started_by': 'reversal'}"
3611,RANGE,RANGE_UPDATED,,"{'hi': 0.57347, 'lo': 0.57228, 'structure_id': 0, 'struct_direction': -1, 'structure_path_id': 'H1.main >> M15.counter', 'use_case': 'reversal', 'parent_sid': 0, 'parent_cycle_id': 1, 'timeframe': 'M15', 'parent_tf': 'H1', 'sub_id': 3, 'started_by': 'reversal'}"
3611,STRUCTURE,CTS_UPDATED,0.57228,"{'via': 'replay_raw', 'cycle_id': 3, 'structure_id': 0, 'struct_direction': -1, 'structure_path_id': 'H1.main >> M15.counter', 'use_case': 'reversal', 'parent_sid': 0, 'parent_cycle_id': 1, 'timeframe': 'M15', 'parent_tf': 'H1', 'sub_id': 3, 'started_by': 'reversal'}"
3656,STRUCTURE,CTS_ESTABLISHED,0.57388,"{'via': 'double_maru', 'pattern_anchor_idx': 3655, 'pattern_name': 'double_maru', 'confirmed_at': 3656, 'cycle_id': 0, 'structure_id': 0, 'struct_direction': 1, 'cts_anchor_idx': 3656, 'structure_path_id': 'H1.main >> M15.counter', 'use_case': 'first_counter', 'parent_sid': 1, 'parent_cycle_id': 2, 'timeframe': 'M15', 'parent_tf': 'H1', 'sub_id': 5, 'started_by': 'first_counter'}"
3656,STRUCTURE,BOS_CONFIRMED,0.57112,"{'source': 'initial_prior_extreme', 'confirmed_at': 3656, 'pb_start': None, 'cycle_id': 0, 'structure_id': 0, 'struct_direction': 1, 'bos_anchor_idx': 3621, 'structure_path_id': 'H1.main >> M15.counter', 'use_case': 'first_counter', 'parent_sid': 1, 'parent_cycle_id': 2, 'timeframe': 'M15', 'parent_tf': 'H1', 'sub_id': 5, 'started_by': 'first_counter'}"
3656,STATE,STATE_CHANGED,,"{'from': 'none', 'to': 'breakout', 'structure_id': 0, 'struct_direction': 1, 'reason': 'breakout_pattern', 'pat': 'double_maru', 'effective_idx': 3656, 'structure_path_id': 'H1.main >> M15.counter', 'use_case': 'first_counter', 'parent_sid': 1, 'parent_cycle_id': 2, 'timeframe': 'M15', 'parent_tf': 'H1', 'sub_id': 5, 'started_by': 'first_counter'}"
3657,STRUCTURE,CTS_UPDATED,0.57403,"{'via': 'replay_raw', 'cycle_id': 0, 'structure_id': 0, 'struct_direction': 1, 'structure_path_id': 'H1.main >> M15.counter', 'use_case': 'first_counter', 'parent_sid': 1, 'parent_cycle_id': 2, 'timeframe': 'M15', 'parent_tf': 'H1', 'sub_id': 5, 'started_by': 'first_counter'}"
3658,STRUCTURE,CTS_UPDATED,0.57447,"{'via': 'replay_raw', 'cycle_id': 0, 'structure_id': 0, 'struct_direction': 1, 'structure_path_id': 'H1.main >> M15.counter', 'use_case': 'first_counter', 'parent_sid': 1, 'parent_cycle_id': 2, 'timeframe': 'M15', 'parent_tf': 'H1', 'sub_id': 5, 'started_by': 'first_counter'}"
3659,STRUCTURE,CTS_UPDATED,0.5747,"{'via': 'replay_raw', 'cycle_id': 0, 'structure_id': 0, 'struct_direction': 1, 'structure_path_id': 'H1.main >> M15.counter', 'use_case': 'first_counter', 'parent_sid': 1, 'parent_cycle_id': 2, 'timeframe': 'M15', 'parent_tf': 'H1', 'sub_id': 5, 'started_by': 'first_counter'}"
3660,STRUCTURE,CTS_UPDATED,0.57492,"{'via': 'replay_raw', 'cycle_id': 0, 'structure_id': 0, 'struct_direction': 1, 'structure_path_id': 'H1.main >> M15.counter', 'use_case': 'first_counter', 'parent_sid': 1, 'parent_cycle_id': 2, 'timeframe': 'M15', 'parent_tf': 'H1', 'sub_id': 5, 'started_by': 'first_counter'}"
3661,STRUCTURE,CTS_UPDATED,0.575,"{'via': 'replay_raw', 'cycle_id': 0, 'structure_id': 0, 'struct_direction': 1, 'structure_path_id': 'H1.main >> M15.counter', 'use_case': 'first_counter', 'parent_sid': 1, 'parent_cycle_id': 2, 'timeframe': 'M15', 'parent_tf': 'H1', 'sub_id': 5, 'started_by': 'first_counter'}"
3662,RANGE,RANGE_STARTED,,"{'start_idx': 3660, 'confirm_idx': 3662, 'hi': 0.575, 'lo': 0.57434, 'cts_idx': 3661, 'cts_price': 0.575, 'structure_id': 0, 'struct_direction': 1, 'structure_path_id': 'H1.main >> M15.counter', 'use_case': 'first_counter', 'parent_sid': 1, 'parent_cycle_id': 2, 'timeframe': 'M15', 'parent_tf': 'H1', 'sub_id': 5, 'started_by': 'first_counter'}"
3662,STATE,STATE_CHANGED,,"{'from': 'breakout', 'to': 'range', 'structure_id': 0, 'struct_direction': 1, 'reason': 'range_confirmed', 'effective_idx': 3660, 'structure_path_id': 'H1.main >> M15.counter', 'use_case': 'first_counter', 'parent_sid': 1, 'parent_cycle_id': 2, 'timeframe': 'M15', 'parent_tf': 'H1', 'sub_id': 5, 'started_by': 'first_counter'}"
3663,RANGE,RANGE_UPDATED,,"{'hi': 0.575, 'lo': 0.57424, 'structure_id': 0, 'struct_direction': 1, 'structure_path_id': 'H1.main >> M15.counter', 'use_case': 'first_counter', 'parent_sid': 1, 'parent_cycle_id': 2, 'timeframe': 'M15', 'parent_tf': 'H1', 'sub_id': 5, 'started_by': 'first_counter'}"
3672,RANGE,RANGE_UPDATED,,"{'hi': 0.575, 'lo': 0.57422, 'structure_id': 0, 'struct_direction': 1, 'structure_path_id': 'H1.main >> M15.counter', 'use_case': 'first_counter', 'parent_sid': 1, 'parent_cycle_id': 2, 'timeframe': 'M15', 'parent_tf': 'H1', 'sub_id': 5, 'started_by': 'first_counter'}"
3673,RANGE,RANGE_UPDATED,,"{'hi': 0.575, 'lo': 0.57418, 'structure_id': 0, 'struct_direction': 1, 'structure_path_id': 'H1.main >> M15.counter', 'use_case': 'first_counter', 'parent_sid': 1, 'parent_cycle_id': 2, 'timeframe': 'M15', 'parent_tf': 'H1', 'sub_id': 5, 'started_by': 'first_counter'}"
3674,RANGE,RANGE_UPDATED,,"{'hi': 0.575, 'lo': 0.57402, 'structure_id': 0, 'struct_direction': 1, 'structure_path_id': 'H1.main >> M15.counter', 'use_case': 'first_counter', 'parent_sid': 1, 'parent_cycle_id': 2, 'timeframe': 'M15', 'parent_tf': 'H1', 'sub_id': 5, 'started_by': 'first_counter'}"
3681,RANGE,RANGE_UPDATED,,"{'hi': 0.57504, 'lo': 0.57402, 'structure_id': 0, 'struct_direction': 1, 'structure_path_id': 'H1.main >> M15.counter', 'use_case': 'first_counter', 'parent_sid': 1, 'parent_cycle_id': 2, 'timeframe': 'M15', 'parent_tf': 'H1', 'sub_id': 5, 'started_by': 'first_counter'}"
3681,STRUCTURE,CTS_UPDATED,0.57504,"{'via': 'replay_raw', 'cycle_id': 0, 'structure_id': 0, 'struct_direction': 1, 'structure_path_id': 'H1.main >> M15.counter', 'use_case': 'first_counter', 'parent_sid': 1, 'parent_cycle_id': 2, 'timeframe': 'M15', 'parent_tf': 'H1', 'sub_id': 5, 'started_by': 'first_counter'}"
3682,RANGE,RANGE_UPDATED,,"{'hi': 0.57508, 'lo': 0.57402, 'structure_id': 0, 'struct_direction': 1, 'structure_path_id': 'H1.main >> M15.counter', 'use_case': 'first_counter', 'parent_sid': 1, 'parent_cycle_id': 2, 'timeframe': 'M15', 'parent_tf': 'H1', 'sub_id': 5, 'started_by': 'first_counter'}"
3682,STRUCTURE,CTS_UPDATED,0.57508,"{'via': 'replay_raw', 'cycle_id': 0, 'structure_id': 0, 'struct_direction': 1, 'structure_path_id': 'H1.main >> M15.counter', 'use_case': 'first_counter', 'parent_sid': 1, 'parent_cycle_id': 2, 'timeframe': 'M15', 'parent_tf': 'H1', 'sub_id': 5, 'started_by': 'first_counter'}"
3684,RANGE,RANGE_UPDATED,,"{'hi': 0.57552, 'lo': 0.57402, 'structure_id': 0, 'struct_direction': 1, 'structure_path_id': 'H1.main >> M15.counter', 'use_case': 'first_counter', 'parent_sid': 1, 'parent_cycle_id': 2, 'timeframe': 'M15', 'parent_tf': 'H1', 'sub_id': 5, 'started_by': 'first_counter'}"
3684,STRUCTURE,CTS_UPDATED,0.57552,"{'via': 'replay_raw', 'cycle_id': 0, 'structure_id': 0, 'struct_direction': 1, 'structure_path_id': 'H1.main >> M15.counter', 'use_case': 'first_counter', 'parent_sid': 1, 'parent_cycle_id': 2, 'timeframe': 'M15', 'parent_tf': 'H1', 'sub_id': 5, 'started_by': 'first_counter'}"
3685,RANGE,RANGE_UPDATED,,"{'hi': 0.57556, 'lo': 0.57402, 'structure_id': 0, 'struct_direction': 1, 'structure_path_id': 'H1.main >> M15.counter', 'use_case': 'first_counter', 'parent_sid': 1, 'parent_cycle_id': 2, 'timeframe': 'M15', 'parent_tf': 'H1', 'sub_id': 5, 'started_by': 'first_counter'}"
3685,STRUCTURE,CTS_UPDATED,0.57556,"{'via': 'replay_raw', 'cycle_id': 0, 'structure_id': 0, 'struct_direction': 1, 'structure_path_id': 'H1.main >> M15.counter', 'use_case': 'first_counter', 'parent_sid': 1, 'parent_cycle_id': 2, 'timeframe': 'M15', 'parent_tf': 'H1', 'sub_id': 5, 'started_by': 'first_counter'}"
3688,RANGE,RANGE_UPDATED,,"{'hi': 0.57592, 'lo': 0.57402, 'structure_id': 0, 'struct_direction': 1, 'structure_path_id': 'H1.main >> M15.counter', 'use_case': 'first_counter', 'parent_sid': 1, 'parent_cycle_id': 2, 'timeframe': 'M15', 'parent_tf': 'H1', 'sub_id': 5, 'started_by': 'first_counter'}"
3688,STRUCTURE,CTS_UPDATED,0.57592,"{'via': 'replay_raw', 'cycle_id': 0, 'structure_id': 0, 'struct_direction': 1, 'structure_path_id': 'H1.main >> M15.counter', 'use_case': 'first_counter', 'parent_sid': 1, 'parent_cycle_id': 2, 'timeframe': 'M15', 'parent_tf': 'H1', 'sub_id': 5, 'started_by': 'first_counter'}"
3693,RANGE,RANGE_UPDATED,,"{'hi': 0.57602, 'lo': 0.57402, 'structure_id': 0, 'struct_direction': 1, 'structure_path_id': 'H1.main >> M15.counter', 'use_case': 'first_counter', 'parent_sid': 1, 'parent_cycle_id': 2, 'timeframe': 'M15', 'parent_tf': 'H1', 'sub_id': 5, 'started_by': 'first_counter'}"
3693,STRUCTURE,CTS_UPDATED,0.57602,"{'via': 'replay_raw', 'cycle_id': 0, 'structure_id': 0, 'struct_direction': 1, 'structure_path_id': 'H1.main >> M15.counter', 'use_case': 'first_counter', 'parent_sid': 1, 'parent_cycle_id': 2, 'timeframe': 'M15', 'parent_tf': 'H1', 'sub_id': 5, 'started_by': 'first_counter'}"
3700,RANGE,RANGE_UPDATED,,"{'hi': 0.57618, 'lo': 0.57402, 'structure_id': 0, 'struct_direction': 1, 'structure_path_id': 'H1.main >> M15.counter', 'use_case': 'first_counter', 'parent_sid': 1, 'parent_cycle_id': 2, 'timeframe': 'M15', 'parent_tf': 'H1', 'sub_id': 5, 'started_by': 'first_counter'}"
3700,STRUCTURE,CTS_UPDATED,0.57618,"{'via': 'replay_raw', 'cycle_id': 0, 'structure_id': 0, 'struct_direction': 1, 'structure_path_id': 'H1.main >> M15.counter', 'use_case': 'first_counter', 'parent_sid': 1, 'parent_cycle_id': 2, 'timeframe': 'M15', 'parent_tf': 'H1', 'sub_id': 5, 'started_by': 'first_counter'}"
3701,RANGE,RANGE_UPDATED,,"{'hi': 0.57622, 'lo': 0.57402, 'structure_id': 0, 'struct_direction': 1, 'structure_path_id': 'H1.main >> M15.counter', 'use_case': 'first_counter', 'parent_sid': 1, 'parent_cycle_id': 2, 'timeframe': 'M15', 'parent_tf': 'H1', 'sub_id': 5, 'started_by': 'first_counter'}"
3701,STRUCTURE,CTS_UPDATED,0.57622,"{'via': 'replay_raw', 'cycle_id': 0, 'structure_id': 0, 'struct_direction': 1, 'structure_path_id': 'H1.main >> M15.counter', 'use_case': 'first_counter', 'parent_sid': 1, 'parent_cycle_id': 2, 'timeframe': 'M15', 'parent_tf': 'H1', 'sub_id': 5, 'started_by': 'first_counter'}"
3706,RANGE,RANGE_UPDATED,,"{'hi': 0.57638, 'lo': 0.57402, 'structure_id': 0, 'struct_direction': 1, 'structure_path_id': 'H1.main >> M15.counter', 'use_case': 'first_counter', 'parent_sid': 1, 'parent_cycle_id': 2, 'timeframe': 'M15', 'parent_tf': 'H1', 'sub_id': 5, 'started_by': 'first_counter'}"
3706,STRUCTURE,CTS_UPDATED,0.57638,"{'via': 'replay_raw', 'cycle_id': 0, 'structure_id': 0, 'struct_direction': 1, 'structure_path_id': 'H1.main >> M15.counter', 'use_case': 'first_counter', 'parent_sid': 1, 'parent_cycle_id': 2, 'timeframe': 'M15', 'parent_tf': 'H1', 'sub_id': 5, 'started_by': 'first_counter'}"
3707,RANGE,RANGE_UPDATED,,"{'hi': 0.57644, 'lo': 0.57402, 'structure_id': 0, 'struct_direction': 1, 'structure_path_id': 'H1.main >> M15.counter', 'use_case': 'first_counter', 'parent_sid': 1, 'parent_cycle_id': 2, 'timeframe': 'M15', 'parent_tf': 'H1', 'sub_id': 5, 'started_by': 'first_counter'}"
3707,STRUCTURE,CTS_UPDATED,0.57644,"{'via': 'replay_raw', 'cycle_id': 0, 'structure_id': 0, 'struct_direction': 1, 'structure_path_id': 'H1.main >> M15.counter', 'use_case': 'first_counter', 'parent_sid': 1, 'parent_cycle_id': 2, 'timeframe': 'M15', 'parent_tf': 'H1', 'sub_id': 5, 'started_by': 'first_counter'}"
3708,RANGE,RANGE_UPDATED,,"{'hi': 0.57689, 'lo': 0.57402, 'structure_id': 0, 'struct_direction': 1, 'structure_path_id': 'H1.main >> M15.counter', 'use_case': 'first_counter', 'parent_sid': 1, 'parent_cycle_id': 2, 'timeframe': 'M15', 'parent_tf': 'H1', 'sub_id': 5, 'started_by': 'first_counter'}"
3708,STRUCTURE,CTS_UPDATED,0.57689,"{'via': 'replay_raw', 'cycle_id': 0, 'structure_id': 0, 'struct_direction': 1, 'structure_path_id': 'H1.main >> M15.counter', 'use_case': 'first_counter', 'parent_sid': 1, 'parent_cycle_id': 2, 'timeframe': 'M15', 'parent_tf': 'H1', 'sub_id': 5, 'started_by': 'first_counter'}"
3709,RANGE,RANGE_UPDATED,,"{'hi': 0.5769, 'lo': 0.57402, 'structure_id': 0, 'struct_direction': 1, 'structure_path_id': 'H1.main >> M15.counter', 'use_case': 'first_counter', 'parent_sid': 1, 'parent_cycle_id': 2, 'timeframe': 'M15', 'parent_tf': 'H1', 'sub_id': 5, 'started_by': 'first_counter'}"
3709,STRUCTURE,CTS_UPDATED,0.5769,"{'via': 'replay_raw', 'cycle_id': 0, 'structure_id': 0, 'struct_direction': 1, 'structure_path_id': 'H1.main >> M15.counter', 'use_case': 'first_counter', 'parent_sid': 1, 'parent_cycle_id': 2, 'timeframe': 'M15', 'parent_tf': 'H1', 'sub_id': 5, 'started_by': 'first_counter'}"
3740,STRUCTURE,CTS_UPDATED,0.57726,"{'via': 'replay_raw', 'cycle_id': 0, 'structure_id': 0, 'struct_direction': 1, 'structure_path_id': 'H1.main >> M15.counter', 'use_case': 'first_counter', 'parent_sid': 1, 'parent_cycle_id': 2, 'timeframe': 'M15', 'parent_tf': 'H1', 'sub_id': 5, 'started_by': 'first_counter'}"
3741,RANGE,RANGE_RESET,,"{'reason': 'range_breakout', 'pat': 'one_maru_continuous', 'structure_id': 0, 'struct_direction': 1, 'structure_path_id': 'H1.main >> M15.counter', 'use_case': 'first_counter', 'parent_sid': 1, 'parent_cycle_id': 2, 'timeframe': 'M15', 'parent_tf': 'H1', 'sub_id': 5, 'started_by': 'first_counter'}"
3741,STRUCTURE,CTS_UPDATED,0.57748,"{'via': 'one_maru_continuous', 'confirmed_at': 3741, 'cts_anchor_idx': 3741, 'cycle_id': 0, 'structure_id': 0, 'struct_direction': 1, 'structure_path_id': 'H1.main >> M15.counter', 'use_case': 'first_counter', 'parent_sid': 1, 'parent_cycle_id': 2, 'timeframe': 'M15', 'parent_tf': 'H1', 'sub_id': 5, 'started_by': 'first_counter'}"
3741,STATE,STATE_CHANGED,,"{'from': 'range', 'to': 'breakout', 'structure_id': 0, 'struct_direction': 1, 'reason': 'breakout_pattern', 'pat': 'one_maru_continuous', 'effective_idx': 3741, 'structure_path_id': 'H1.main >> M15.counter', 'use_case': 'first_counter', 'parent_sid': 1, 'parent_cycle_id': 2, 'timeframe': 'M15', 'parent_tf': 'H1', 'sub_id': 5, 'started_by': 'first_counter'}"
3742,STRUCTURE,CTS_UPDATED,0.5775,"{'via': 'replay_raw', 'cycle_id': 0, 'structure_id': 0, 'struct_direction': 1, 'structure_path_id': 'H1.main >> M15.counter', 'use_case': 'first_counter', 'parent_sid': 1, 'parent_cycle_id': 2, 'timeframe': 'M15', 'parent_tf': 'H1', 'sub_id': 5, 'started_by': 'first_counter'}"
3745,RANGE,RANGE_STARTED,,"{'start_idx': 3743, 'confirm_idx': 3745, 'hi': 0.5775, 'lo': 0.57702, 'cts_idx': 3742, 'cts_price': 0.5775, 'structure_id': 0, 'struct_direction': 1, 'structure_path_id': 'H1.main >> M15.counter', 'use_case': 'first_counter', 'parent_sid': 1, 'parent_cycle_id': 2, 'timeframe': 'M15', 'parent_tf': 'H1', 'sub_id': 5, 'started_by': 'first_counter'}"
3745,STATE,STATE_CHANGED,,"{'from': 'breakout', 'to': 'range', 'structure_id': 0, 'struct_direction': 1, 'reason': 'range_confirmed', 'effective_idx': 3743, 'structure_path_id': 'H1.main >> M15.counter', 'use_case': 'first_counter', 'parent_sid': 1, 'parent_cycle_id': 2, 'timeframe': 'M15', 'parent_tf': 'H1', 'sub_id': 5, 'started_by': 'first_counter'}"
3755,STRUCTURE,CTS_UPDATED,0.57758,"{'via': 'replay_raw', 'cycle_id': 0, 'structure_id': 0, 'struct_direction': 1, 'structure_path_id': 'H1.main >> M15.counter', 'use_case': 'first_counter', 'parent_sid': 1, 'parent_cycle_id': 2, 'timeframe': 'M15', 'parent_tf': 'H1', 'sub_id': 5, 'started_by': 'first_counter'}"
3756,STRUCTURE,CTS_UPDATED,0.57782,"{'via': 'replay_raw', 'cycle_id': 0, 'structure_id': 0, 'struct_direction': 1, 'structure_path_id': 'H1.main >> M15.counter', 'use_case': 'first_counter', 'parent_sid': 1, 'parent_cycle_id': 2, 'timeframe': 'M15', 'parent_tf': 'H1', 'sub_id': 5, 'started_by': 'first_counter'}"
3757,STRUCTURE,CTS_UPDATED,0.5779,"{'via': 'replay_raw', 'cycle_id': 0, 'structure_id': 0, 'struct_direction': 1, 'structure_path_id': 'H1.main >> M15.counter', 'use_case': 'first_counter', 'parent_sid': 1, 'parent_cycle_id': 2, 'timeframe': 'M15', 'parent_tf': 'H1', 'sub_id': 5, 'started_by': 'first_counter'}"
3758,STRUCTURE,CTS_UPDATED,0.57792,"{'via': 'replay_raw', 'cycle_id': 0, 'structure_id': 0, 'struct_direction': 1, 'structure_path_id': 'H1.main >> M15.counter', 'use_case': 'first_counter', 'parent_sid': 1, 'parent_cycle_id': 2, 'timeframe': 'M15', 'parent_tf': 'H1', 'sub_id': 5, 'started_by': 'first_counter'}"
3759,STRUCTURE,CTS_UPDATED,0.57794,"{'via': 'replay_raw', 'cycle_id': 0, 'structure_id': 0, 'struct_direction': 1, 'structure_path_id': 'H1.main >> M15.counter', 'use_case': 'first_counter', 'parent_sid': 1, 'parent_cycle_id': 2, 'timeframe': 'M15', 'parent_tf': 'H1', 'sub_id': 5, 'started_by': 'first_counter'}"
3760,RANGE,RANGE_RESET,,"{'reason': 'range_breakout', 'pat': 'one_maru_continuous', 'structure_id': 0, 'struct_direction': 1, 'structure_path_id': 'H1.main >> M15.counter', 'use_case': 'first_counter', 'parent_sid': 1, 'parent_cycle_id': 2, 'timeframe': 'M15', 'parent_tf': 'H1', 'sub_id': 5, 'started_by': 'first_counter'}"
3760,STRUCTURE,CTS_UPDATED,0.57806,"{'via': 'one_maru_continuous', 'confirmed_at': 3760, 'cts_anchor_idx': 3760, 'cycle_id': 0, 'structure_id': 0, 'struct_direction': 1, 'structure_path_id': 'H1.main >> M15.counter', 'use_case': 'first_counter', 'parent_sid': 1, 'parent_cycle_id': 2, 'timeframe': 'M15', 'parent_tf': 'H1', 'sub_id': 5, 'started_by': 'first_counter'}"
3760,STATE,STATE_CHANGED,,"{'from': 'range', 'to': 'breakout', 'structure_id': 0, 'struct_direction': 1, 'reason': 'breakout_pattern', 'pat': 'one_maru_continuous', 'effective_idx': 3760, 'structure_path_id': 'H1.main >> M15.counter', 'use_case': 'first_counter', 'parent_sid': 1, 'parent_cycle_id': 2, 'timeframe': 'M15', 'parent_tf': 'H1', 'sub_id': 5, 'started_by': 'first_counter'}"
3763,RANGE,RANGE_STARTED,,"{'start_idx': 3761, 'confirm_idx': 3763, 'hi': 0.57806, 'lo': 0.57754, 'cts_idx': 3760, 'cts_price': 0.57806, 'structure_id': 0, 'struct_direction': 1, 'structure_path_id': 'H1.main >> M15.counter', 'use_case': 'first_counter', 'parent_sid': 1, 'parent_cycle_id': 2, 'timeframe': 'M15', 'parent_tf': 'H1', 'sub_id': 5, 'started_by': 'first_counter'}"
3763,STATE,STATE_CHANGED,,"{'from': 'breakout', 'to': 'range', 'structure_id': 0, 'struct_direction': 1, 'reason': 'range_confirmed', 'effective_idx': 3761, 'structure_path_id': 'H1.main >> M15.counter', 'use_case': 'first_counter', 'parent_sid': 1, 'parent_cycle_id': 2, 'timeframe': 'M15', 'parent_tf': 'H1', 'sub_id': 5, 'started_by': 'first_counter'}"
3762,RANGE,RANGE_UPDATED,,"{'hi': 0.57806, 'lo': 0.5775, 'structure_id': 0, 'struct_direction': 1, 'structure_path_id': 'H1.main >> M15.counter', 'use_case': 'first_counter', 'parent_sid': 1, 'parent_cycle_id': 2, 'timeframe': 'M15', 'parent_tf': 'H1', 'sub_id': 5, 'started_by': 'first_counter'}"
3763,RANGE,RANGE_UPDATED,,"{'hi': 0.57806, 'lo': 0.57748, 'structure_id': 0, 'struct_direction': 1, 'structure_path_id': 'H1.main >> M15.counter', 'use_case': 'first_counter', 'parent_sid': 1, 'parent_cycle_id': 2, 'timeframe': 'M15', 'parent_tf': 'H1', 'sub_id': 5, 'started_by': 'first_counter'}"
3764,RANGE,RANGE_UPDATED,,"{'hi': 0.57806, 'lo': 0.57746, 'structure_id': 0, 'struct_direction': 1, 'structure_path_id': 'H1.main >> M15.counter', 'use_case': 'first_counter', 'parent_sid': 1, 'parent_cycle_id': 2, 'timeframe': 'M15', 'parent_tf': 'H1', 'sub_id': 5, 'started_by': 'first_counter'}"
3777,RANGE,RANGE_UPDATED,,"{'hi': 0.57806, 'lo': 0.57734, 'structure_id': 0, 'struct_direction': 1, 'structure_path_id': 'H1.main >> M15.counter', 'use_case': 'first_counter', 'parent_sid': 1, 'parent_cycle_id': 2, 'timeframe': 'M15', 'parent_tf': 'H1', 'sub_id': 5, 'started_by': 'first_counter'}"
3778,RANGE,RANGE_UPDATED,,"{'hi': 0.57806, 'lo': 0.5771, 'structure_id': 0, 'struct_direction': 1, 'structure_path_id': 'H1.main >> M15.counter', 'use_case': 'first_counter', 'parent_sid': 1, 'parent_cycle_id': 2, 'timeframe': 'M15', 'parent_tf': 'H1', 'sub_id': 5, 'started_by': 'first_counter'}"
3780,RANGE,RANGE_UPDATED,,"{'hi': 0.57806, 'lo': 0.57704, 'structure_id': 0, 'struct_direction': 1, 'structure_path_id': 'H1.main >> M15.counter', 'use_case': 'first_counter', 'parent_sid': 1, 'parent_cycle_id': 2, 'timeframe': 'M15', 'parent_tf': 'H1', 'sub_id': 5, 'started_by': 'first_counter'}"
3781,RANGE,RANGE_UPDATED,,"{'hi': 0.57806, 'lo': 0.57696, 'structure_id': 0, 'struct_direction': 1, 'structure_path_id': 'H1.main >> M15.counter', 'use_case': 'first_counter', 'parent_sid': 1, 'parent_cycle_id': 2, 'timeframe': 'M15', 'parent_tf': 'H1', 'sub_id': 5, 'started_by': 'first_counter'}"
3786,RANGE,RANGE_UPDATED,,"{'reason': 'pullback_expand', 'hi': 0.57806, 'lo': 0.57641, 'pat': 'one_maru_continuous', 'structure_id': 0, 'struct_direction': 1, 'structure_path_id': 'H1.main >> M15.counter', 'use_case': 'first_counter', 'parent_sid': 1, 'parent_cycle_id': 2, 'timeframe': 'M15', 'parent_tf': 'H1', 'sub_id': 5, 'started_by': 'first_counter'}"
3786,STRUCTURE,CTS_CONFIRMED,0.57806,"{'via': 'one_maru_continuous', 'cycle_id': 0, 'structure_id': 0, 'struct_direction': 1, 'confirmed_at': 3786, 'cts_anchor_idx': 3760, 'confirmation_method': 'pullback', 'structure_path_id': 'H1.main >> M15.counter', 'use_case': 'first_counter', 'parent_sid': 1, 'parent_cycle_id': 2, 'timeframe': 'M15', 'parent_tf': 'H1', 'sub_id': 5, 'started_by': 'first_counter'}"
3786,STATE,STATE_CHANGED,,"{'from': 'range', 'to': 'pullback', 'structure_id': 0, 'struct_direction': 1, 'reason': 'pullback_pattern', 'pat': 'one_maru_continuous', 'effective_idx': 3786, 'structure_path_id': 'H1.main >> M15.counter', 'use_case': 'first_counter', 'parent_sid': 1, 'parent_cycle_id': 2, 'timeframe': 'M15', 'parent_tf': 'H1', 'sub_id': 5, 'started_by': 'first_counter'}"
3787,STATE,STATE_CHANGED,,"{'from': 'pullback', 'to': 'pullback_range', 'structure_id': 0, 'struct_direction': 1, 'reason': 'replay_no_expand_pullback_side', 'effective_idx': 3787, 'structure_path_id': 'H1.main >> M15.counter', 'use_case': 'first_counter', 'parent_sid': 1, 'parent_cycle_id': 2, 'timeframe': 'M15', 'parent_tf': 'H1', 'sub_id': 5, 'started_by': 'first_counter'}"
3794,RANGE,RANGE_UPDATED,,"{'hi': 0.57806, 'lo': 0.57628, 'structure_id': 0, 'struct_direction': 1, 'structure_path_id': 'H1.main >> M15.counter', 'use_case': 'first_counter', 'parent_sid': 1, 'parent_cycle_id': 2, 'timeframe': 'M15', 'parent_tf': 'H1', 'sub_id': 5, 'started_by': 'first_counter'}"
3794,STATE,STATE_CHANGED,,"{'from': 'pullback_range', 'to': 'pullback', 'structure_id': 0, 'struct_direction': 1, 'reason': 'replay_expand_pullback_side', 'effective_idx': 3794, 'structure_path_id': 'H1.main >> M15.counter', 'use_case': 'first_counter', 'parent_sid': 1, 'parent_cycle_id': 2, 'timeframe': 'M15', 'parent_tf': 'H1', 'sub_id': 5, 'started_by': 'first_counter'}"
3795,RANGE,RANGE_UPDATED,,"{'hi': 0.57806, 'lo': 0.57623, 'structure_id': 0, 'struct_direction': 1, 'structure_path_id': 'H1.main >> M15.counter', 'use_case': 'first_counter', 'parent_sid': 1, 'parent_cycle_id': 2, 'timeframe': 'M15', 'parent_tf': 'H1', 'sub_id': 5, 'started_by': 'first_counter'}"
3796,RANGE,RANGE_UPDATED,,"{'hi': 0.57806, 'lo': 0.57621, 'structure_id': 0, 'struct_direction': 1, 'structure_path_id': 'H1.main >> M15.counter', 'use_case': 'first_counter', 'parent_sid': 1, 'parent_cycle_id': 2, 'timeframe': 'M15', 'parent_tf': 'H1', 'sub_id': 5, 'started_by': 'first_counter'}"
3797,RANGE,RANGE_UPDATED,,"{'hi': 0.57806, 'lo': 0.57608, 'structure_id': 0, 'struct_direction': 1, 'structure_path_id': 'H1.main >> M15.counter', 'use_case': 'first_counter', 'parent_sid': 1, 'parent_cycle_id': 2, 'timeframe': 'M15', 'parent_tf': 'H1', 'sub_id': 5, 'started_by': 'first_counter'}"
3798,STATE,STATE_CHANGED,,"{'from': 'pullback', 'to': 'pullback_range', 'structure_id': 0, 'struct_direction': 1, 'reason': 'replay_no_expand_pullback_side', 'effective_idx': 3798, 'structure_path_id': 'H1.main >> M15.counter', 'use_case': 'first_counter', 'parent_sid': 1, 'parent_cycle_id': 2, 'timeframe': 'M15', 'parent_tf': 'H1', 'sub_id': 5, 'started_by': 'first_counter'}"
3802,RANGE,RANGE_UPDATED,,"{'hi': 0.57806, 'lo': 0.57586, 'structure_id': 0, 'struct_direction': 1, 'structure_path_id': 'H1.main >> M15.counter', 'use_case': 'first_counter', 'parent_sid': 1, 'parent_cycle_id': 2, 'timeframe': 'M15', 'parent_tf': 'H1', 'sub_id': 5, 'started_by': 'first_counter'}"
3802,STATE,STATE_CHANGED,,"{'from': 'pullback_range', 'to': 'pullback', 'structure_id': 0, 'struct_direction': 1, 'reason': 'replay_expand_pullback_side', 'effective_idx': 3802, 'structure_path_id': 'H1.main >> M15.counter', 'use_case': 'first_counter', 'parent_sid': 1, 'parent_cycle_id': 2, 'timeframe': 'M15', 'parent_tf': 'H1', 'sub_id': 5, 'started_by': 'first_counter'}"
3803,RANGE,RANGE_UPDATED,,"{'hi': 0.57806, 'lo': 0.5758, 'structure_id': 0, 'struct_direction': 1, 'structure_path_id': 'H1.main >> M15.counter', 'use_case': 'first_counter', 'parent_sid': 1, 'parent_cycle_id': 2, 'timeframe': 'M15', 'parent_tf': 'H1', 'sub_id': 5, 'started_by': 'first_counter'}"
3804,RANGE,RANGE_UPDATED,,"{'hi': 0.57806, 'lo': 0.57576, 'structure_id': 0, 'struct_direction': 1, 'structure_path_id': 'H1.main >> M15.counter', 'use_case': 'first_counter', 'parent_sid': 1, 'parent_cycle_id': 2, 'timeframe': 'M15', 'parent_tf': 'H1', 'sub_id': 5, 'started_by': 'first_counter'}"
3805,RANGE,RANGE_UPDATED,,"{'hi': 0.57806, 'lo': 0.57552, 'structure_id': 0, 'struct_direction': 1, 'structure_path_id': 'H1.main >> M15.counter', 'use_case': 'first_counter', 'parent_sid': 1, 'parent_cycle_id': 2, 'timeframe': 'M15', 'parent_tf': 'H1', 'sub_id': 5, 'started_by': 'first_counter'}"
3806,RANGE,RANGE_UPDATED,,"{'hi': 0.57827, 'lo': 0.57552, 'structure_id': 0, 'struct_direction': 1, 'structure_path_id': 'H1.main >> M15.counter', 'use_case': 'first_counter', 'parent_sid': 1, 'parent_cycle_id': 2, 'timeframe': 'M15', 'parent_tf': 'H1', 'sub_id': 5, 'started_by': 'first_counter'}"
3806,STRUCTURE,CTS_THRESHOLD_UPDATED,0.57827,"{'prev': 0.57806, 'reason': 'range_sync', 'cycle_id': 0, 'structure_id': 0, 'struct_direction': 1, 'structure_path_id': 'H1.main >> M15.counter', 'use_case': 'first_counter', 'parent_sid': 1, 'parent_cycle_id': 2, 'timeframe': 'M15', 'parent_tf': 'H1', 'sub_id': 5, 'started_by': 'first_counter'}"
3806,STATE,STATE_CHANGED,,"{'from': 'pullback', 'to': 'pullback_range', 'structure_id': 0, 'struct_direction': 1, 'reason': 'replay_no_expand_pullback_side', 'effective_idx': 3806, 'structure_path_id': 'H1.main >> M15.counter', 'use_case': 'first_counter', 'parent_sid': 1, 'parent_cycle_id': 2, 'timeframe': 'M15', 'parent_tf': 'H1', 'sub_id': 5, 'started_by': 'first_counter'}"
3812,RANGE,RANGE_UPDATED,,"{'hi': 0.57827, 'lo': 0.57484, 'structure_id': 0, 'struct_direction': 1, 'structure_path_id': 'H1.main >> M15.counter', 'use_case': 'first_counter', 'parent_sid': 1, 'parent_cycle_id': 2, 'timeframe': 'M15', 'parent_tf': 'H1', 'sub_id': 5, 'started_by': 'first_counter'}"
3812,STATE,STATE_CHANGED,,"{'from': 'pullback_range', 'to': 'pullback', 'structure_id': 0, 'struct_direction': 1, 'reason': 'replay_expand_pullback_side', 'effective_idx': 3812, 'structure_path_id': 'H1.main >> M15.counter', 'use_case': 'first_counter', 'parent_sid': 1, 'parent_cycle_id': 2, 'timeframe': 'M15', 'parent_tf': 'H1', 'sub_id': 5, 'started_by': 'first_counter'}"
3813,RANGE,RANGE_UPDATED,,"{'hi': 0.57827, 'lo': 0.57422, 'structure_id': 0, 'struct_direction': 1, 'structure_path_id': 'H1.main >> M15.counter', 'use_case': 'first_counter', 'parent_sid': 1, 'parent_cycle_id': 2, 'timeframe': 'M15', 'parent_tf': 'H1', 'sub_id': 5, 'started_by': 'first_counter'}"
3814,STATE,STATE_CHANGED,,"{'from': 'pullback', 'to': 'pullback_range', 'structure_id': 0, 'struct_direction': 1, 'reason': 'replay_no_expand_pullback_side', 'effective_idx': 3814, 'structure_path_id': 'H1.main >> M15.counter', 'use_case': 'first_counter', 'parent_sid': 1, 'parent_cycle_id': 2, 'timeframe': 'M15', 'parent_tf': 'H1', 'sub_id': 5, 'started_by': 'first_counter'}"
3816,RANGE,RANGE_UPDATED,,"{'hi': 0.57827, 'lo': 0.5738, 'structure_id': 0, 'struct_direction': 1, 'structure_path_id': 'H1.main >> M15.counter', 'use_case': 'first_counter', 'parent_sid': 1, 'parent_cycle_id': 2, 'timeframe': 'M15', 'parent_tf': 'H1', 'sub_id': 5, 'started_by': 'first_counter'}"
3816,STATE,STATE_CHANGED,,"{'from': 'pullback_range', 'to': 'pullback', 'structure_id': 0, 'struct_direction': 1, 'reason': 'replay_expand_pullback_side', 'effective_idx': 3816, 'structure_path_id': 'H1.main >> M15.counter', 'use_case': 'first_counter', 'parent_sid': 1, 'parent_cycle_id': 2, 'timeframe': 'M15', 'parent_tf': 'H1', 'sub_id': 5, 'started_by': 'first_counter'}"
3817,RANGE,RANGE_UPDATED,,"{'hi': 0.57827, 'lo': 0.57351, 'structure_id': 0, 'struct_direction': 1, 'structure_path_id': 'H1.main >> M15.counter', 'use_case': 'first_counter', 'parent_sid': 1, 'parent_cycle_id': 2, 'timeframe': 'M15', 'parent_tf': 'H1', 'sub_id': 5, 'started_by': 'first_counter'}"
3818,STATE,STATE_CHANGED,,"{'from': 'pullback', 'to': 'pullback_range', 'structure_id': 0, 'struct_direction': 1, 'reason': 'replay_no_expand_pullback_side', 'effective_idx': 3818, 'structure_path_id': 'H1.main >> M15.counter', 'use_case': 'first_counter', 'parent_sid': 1, 'parent_cycle_id': 2, 'timeframe': 'M15', 'parent_tf': 'H1', 'sub_id': 5, 'started_by': 'first_counter'}"
3852,RANGE,RANGE_UPDATED,,"{'hi': 0.57827, 'lo': 0.57326, 'structure_id': 0, 'struct_direction': 1, 'structure_path_id': 'H1.main >> M15.counter', 'use_case': 'first_counter', 'parent_sid': 1, 'parent_cycle_id': 2, 'timeframe': 'M15', 'parent_tf': 'H1', 'sub_id': 5, 'started_by': 'first_counter'}"
3852,STATE,STATE_CHANGED,,"{'from': 'pullback_range', 'to': 'pullback', 'structure_id': 0, 'struct_direction': 1, 'reason': 'replay_expand_pullback_side', 'effective_idx': 3852, 'structure_path_id': 'H1.main >> M15.counter', 'use_case': 'first_counter', 'parent_sid': 1, 'parent_cycle_id': 2, 'timeframe': 'M15', 'parent_tf': 'H1', 'sub_id': 5, 'started_by': 'first_counter'}"
3853,RANGE,RANGE_UPDATED,,"{'hi': 0.57827, 'lo': 0.57316, 'structure_id': 0, 'struct_direction': 1, 'structure_path_id': 'H1.main >> M15.counter', 'use_case': 'first_counter', 'parent_sid': 1, 'parent_cycle_id': 2, 'timeframe': 'M15', 'parent_tf': 'H1', 'sub_id': 5, 'started_by': 'first_counter'}"
3854,RANGE,RANGE_UPDATED,,"{'hi': 0.57827, 'lo': 0.57306, 'structure_id': 0, 'struct_direction': 1, 'structure_path_id': 'H1.main >> M15.counter', 'use_case': 'first_counter', 'parent_sid': 1, 'parent_cycle_id': 2, 'timeframe': 'M15', 'parent_tf': 'H1', 'sub_id': 5, 'started_by': 'first_counter'}"
3855,STATE,STATE_CHANGED,,"{'from': 'pullback', 'to': 'pullback_range', 'structure_id': 0, 'struct_direction': 1, 'reason': 'replay_no_expand_pullback_side', 'effective_idx': 3855, 'structure_path_id': 'H1.main >> M15.counter', 'use_case': 'first_counter', 'parent_sid': 1, 'parent_cycle_id': 2, 'timeframe': 'M15', 'parent_tf': 'H1', 'sub_id': 5, 'started_by': 'first_counter'}"
3998,RANGE,RANGE_UPDATED,,"{'hi': 0.57827, 'lo': 0.57302, 'structure_id': 0, 'struct_direction': 1, 'structure_path_id': 'H1.main >> M15.counter', 'use_case': 'first_counter', 'parent_sid': 1, 'parent_cycle_id': 2, 'timeframe': 'M15', 'parent_tf': 'H1', 'sub_id': 5, 'started_by': 'first_counter'}"
3998,STATE,STATE_CHANGED,,"{'from': 'pullback_range', 'to': 'pullback', 'structure_id': 0, 'struct_direction': 1, 'reason': 'replay_expand_pullback_side', 'effective_idx': 3998, 'structure_path_id': 'H1.main >> M15.counter', 'use_case': 'first_counter', 'parent_sid': 1, 'parent_cycle_id': 2, 'timeframe': 'M15', 'parent_tf': 'H1', 'sub_id': 5, 'started_by': 'first_counter'}"
3999,RANGE,RANGE_UPDATED,,"{'hi': 0.57827, 'lo': 0.57274, 'structure_id': 0, 'struct_direction': 1, 'structure_path_id': 'H1.main >> M15.counter', 'use_case': 'first_counter', 'parent_sid': 1, 'parent_cycle_id': 2, 'timeframe': 'M15', 'parent_tf': 'H1', 'sub_id': 5, 'started_by': 'first_counter'}"
4000,RANGE,RANGE_UPDATED,,"{'hi': 0.57827, 'lo': 0.57255, 'structure_id': 0, 'struct_direction': 1, 'structure_path_id': 'H1.main >> M15.counter', 'use_case': 'first_counter', 'parent_sid': 1, 'parent_cycle_id': 2, 'timeframe': 'M15', 'parent_tf': 'H1', 'sub_id': 5, 'started_by': 'first_counter'}"
4001,STATE,STATE_CHANGED,,"{'from': 'pullback', 'to': 'pullback_range', 'structure_id': 0, 'struct_direction': 1, 'reason': 'replay_no_expand_pullback_side', 'effective_idx': 4001, 'structure_path_id': 'H1.main >> M15.counter', 'use_case': 'first_counter', 'parent_sid': 1, 'parent_cycle_id': 2, 'timeframe': 'M15', 'parent_tf': 'H1', 'sub_id': 5, 'started_by': 'first_counter'}"
4031,STRUCTURE,CTS_ESTABLISHED,0.5744,"{'via': 'one_maru_opposite', 'pattern_anchor_idx': 4030, 'pattern_name': 'one_maru_opposite', 'confirmed_at': 4031, 'cycle_id': 0, 'structure_id': 0, 'struct_direction': 1, 'cts_anchor_idx': 4031, 'structure_path_id': 'H1.main >> M15.counter', 'use_case': 'subsequent_counter', 'parent_sid': 1, 'parent_cycle_id': 2, 'timeframe': 'M15', 'parent_tf': 'H1', 'sub_id': 7, 'started_by': 'subsequent_counter'}"
4031,STRUCTURE,BOS_CONFIRMED,0.57362,"{'source': 'initial_prior_extreme', 'confirmed_at': 4031, 'pb_start': None, 'cycle_id': 0, 'structure_id': 0, 'struct_direction': 1, 'bos_anchor_idx': 4027, 'structure_path_id': 'H1.main >> M15.counter', 'use_case': 'subsequent_counter', 'parent_sid': 1, 'parent_cycle_id': 2, 'timeframe': 'M15', 'parent_tf': 'H1', 'sub_id': 7, 'started_by': 'subsequent_counter'}"
4031,STATE,STATE_CHANGED,,"{'from': 'none', 'to': 'breakout', 'structure_id': 0, 'struct_direction': 1, 'reason': 'breakout_pattern', 'pat': 'one_maru_opposite', 'effective_idx': 4031, 'structure_path_id': 'H1.main >> M15.counter', 'use_case': 'subsequent_counter', 'parent_sid': 1, 'parent_cycle_id': 2, 'timeframe': 'M15', 'parent_tf': 'H1', 'sub_id': 7, 'started_by': 'subsequent_counter'}"
4034,RANGE,RANGE_STARTED,,"{'start_idx': 4031, 'confirm_idx': 4034, 'hi': 0.5744, 'lo': 0.57422, 'cts_idx': 4031, 'cts_price': 0.5744, 'structure_id': 0, 'struct_direction': 1, 'structure_path_id': 'H1.main >> M15.counter', 'use_case': 'subsequent_counter', 'parent_sid': 1, 'parent_cycle_id': 2, 'timeframe': 'M15', 'parent_tf': 'H1', 'sub_id': 7, 'started_by': 'subsequent_counter'}"
4034,STATE,STATE_CHANGED,,"{'from': 'breakout', 'to': 'range', 'structure_id': 0, 'struct_direction': 1, 'reason': 'range_confirmed', 'effective_idx': 4031, 'structure_path_id': 'H1.main >> M15.counter', 'use_case': 'subsequent_counter', 'parent_sid': 1, 'parent_cycle_id': 2, 'timeframe': 'M15', 'parent_tf': 'H1', 'sub_id': 7, 'started_by': 'subsequent_counter'}"
4032,RANGE,RANGE_UPDATED,,"{'hi': 0.5744, 'lo': 0.57414, 'structure_id': 0, 'struct_direction': 1, 'structure_path_id': 'H1.main >> M15.counter', 'use_case': 'subsequent_counter', 'parent_sid': 1, 'parent_cycle_id': 2, 'timeframe': 'M15', 'parent_tf': 'H1', 'sub_id': 7, 'started_by': 'subsequent_counter'}"
4034,RANGE,RANGE_UPDATED,,"{'hi': 0.57444, 'lo': 0.57414, 'structure_id': 0, 'struct_direction': 1, 'structure_path_id': 'H1.main >> M15.counter', 'use_case': 'subsequent_counter', 'parent_sid': 1, 'parent_cycle_id': 2, 'timeframe': 'M15', 'parent_tf': 'H1', 'sub_id': 7, 'started_by': 'subsequent_counter'}"
4034,STRUCTURE,CTS_UPDATED,0.57444,"{'via': 'replay_raw', 'cycle_id': 0, 'structure_id': 0, 'struct_direction': 1, 'structure_path_id': 'H1.main >> M15.counter', 'use_case': 'subsequent_counter', 'parent_sid': 1, 'parent_cycle_id': 2, 'timeframe': 'M15', 'parent_tf': 'H1', 'sub_id': 7, 'started_by': 'subsequent_counter'}"
4035,RANGE,RANGE_UPDATED,,"{'hi': 0.57444, 'lo': 0.57395, 'structure_id': 0, 'struct_direction': 1, 'structure_path_id': 'H1.main >> M15.counter', 'use_case': 'subsequent_counter', 'parent_sid': 1, 'parent_cycle_id': 2, 'timeframe': 'M15', 'parent_tf': 'H1', 'sub_id': 7, 'started_by': 'subsequent_counter'}"
4038,RANGE,RANGE_UPDATED,,"{'hi': 0.57445, 'lo': 0.57395, 'structure_id': 0, 'struct_direction': 1, 'structure_path_id': 'H1.main >> M15.counter', 'use_case': 'subsequent_counter', 'parent_sid': 1, 'parent_cycle_id': 2, 'timeframe': 'M15', 'parent_tf': 'H1', 'sub_id': 7, 'started_by': 'subsequent_counter'}"
4038,STRUCTURE,CTS_UPDATED,0.57445,"{'via': 'replay_raw', 'cycle_id': 0, 'structure_id': 0, 'struct_direction': 1, 'structure_path_id': 'H1.main >> M15.counter', 'use_case': 'subsequent_counter', 'parent_sid': 1, 'parent_cycle_id': 2, 'timeframe': 'M15', 'parent_tf': 'H1', 'sub_id': 7, 'started_by': 'subsequent_counter'}"
4039,RANGE,RANGE_UPDATED,,"{'hi': 0.57448, 'lo': 0.57395, 'structure_id': 0, 'struct_direction': 1, 'structure_path_id': 'H1.main >> M15.counter', 'use_case': 'subsequent_counter', 'parent_sid': 1, 'parent_cycle_id': 2, 'timeframe': 'M15', 'parent_tf': 'H1', 'sub_id': 7, 'started_by': 'subsequent_counter'}"
4039,STRUCTURE,CTS_UPDATED,0.57448,"{'via': 'replay_raw', 'cycle_id': 0, 'structure_id': 0, 'struct_direction': 1, 'structure_path_id': 'H1.main >> M15.counter', 'use_case': 'subsequent_counter', 'parent_sid': 1, 'parent_cycle_id': 2, 'timeframe': 'M15', 'parent_tf': 'H1', 'sub_id': 7, 'started_by': 'subsequent_counter'}"
4040,RANGE,RANGE_UPDATED,,"{'hi': 0.57462, 'lo': 0.57395, 'structure_id': 0, 'struct_direction': 1, 'structure_path_id': 'H1.main >> M15.counter', 'use_case': 'subsequent_counter', 'parent_sid': 1, 'parent_cycle_id': 2, 'timeframe': 'M15', 'parent_tf': 'H1', 'sub_id': 7, 'started_by': 'subsequent_counter'}"
4040,STRUCTURE,CTS_UPDATED,0.57462,"{'via': 'replay_raw', 'cycle_id': 0, 'structure_id': 0, 'struct_direction': 1, 'structure_path_id': 'H1.main >> M15.counter', 'use_case': 'subsequent_counter', 'parent_sid': 1, 'parent_cycle_id': 2, 'timeframe': 'M15', 'parent_tf': 'H1', 'sub_id': 7, 'started_by': 'subsequent_counter'}"
4041,RANGE,RANGE_UPDATED,,"{'hi': 0.57466, 'lo': 0.57395, 'structure_id': 0, 'struct_direction': 1, 'structure_path_id': 'H1.main >> M15.counter', 'use_case': 'subsequent_counter', 'parent_sid': 1, 'parent_cycle_id': 2, 'timeframe': 'M15', 'parent_tf': 'H1', 'sub_id': 7, 'started_by': 'subsequent_counter'}"
4041,STRUCTURE,CTS_UPDATED,0.57466,"{'via': 'replay_raw', 'cycle_id': 0, 'structure_id': 0, 'struct_direction': 1, 'structure_path_id': 'H1.main >> M15.counter', 'use_case': 'subsequent_counter', 'parent_sid': 1, 'parent_cycle_id': 2, 'timeframe': 'M15', 'parent_tf': 'H1', 'sub_id': 7, 'started_by': 'subsequent_counter'}"
4042,RANGE,RANGE_UPDATED,,"{'hi': 0.57476, 'lo': 0.57395, 'structure_id': 0, 'struct_direction': 1, 'structure_path_id': 'H1.main >> M15.counter', 'use_case': 'subsequent_counter', 'parent_sid': 1, 'parent_cycle_id': 2, 'timeframe': 'M15', 'parent_tf': 'H1', 'sub_id': 7, 'started_by': 'subsequent_counter'}"
4042,STRUCTURE,CTS_UPDATED,0.57476,"{'via': 'replay_raw', 'cycle_id': 0, 'structure_id': 0, 'struct_direction': 1, 'structure_path_id': 'H1.main >> M15.counter', 'use_case': 'subsequent_counter', 'parent_sid': 1, 'parent_cycle_id': 2, 'timeframe': 'M15', 'parent_tf': 'H1', 'sub_id': 7, 'started_by': 'subsequent_counter'}"
4044,RANGE,RANGE_UPDATED,,"{'hi': 0.57479, 'lo': 0.57395, 'structure_id': 0, 'struct_direction': 1, 'structure_path_id': 'H1.main >> M15.counter', 'use_case': 'subsequent_counter', 'parent_sid': 1, 'parent_cycle_id': 2, 'timeframe': 'M15', 'parent_tf': 'H1', 'sub_id': 7, 'started_by': 'subsequent_counter'}"
4044,STRUCTURE,CTS_UPDATED,0.57479,"{'via': 'replay_raw', 'cycle_id': 0, 'structure_id': 0, 'struct_direction': 1, 'structure_path_id': 'H1.main >> M15.counter', 'use_case': 'subsequent_counter', 'parent_sid': 1, 'parent_cycle_id': 2, 'timeframe': 'M15', 'parent_tf': 'H1', 'sub_id': 7, 'started_by': 'subsequent_counter'}"
4045,RANGE,RANGE_UPDATED,,"{'hi': 0.57499, 'lo': 0.57395, 'structure_id': 0, 'struct_direction': 1, 'structure_path_id': 'H1.main >> M15.counter', 'use_case': 'subsequent_counter', 'parent_sid': 1, 'parent_cycle_id': 2, 'timeframe': 'M15', 'parent_tf': 'H1', 'sub_id': 7, 'started_by': 'subsequent_counter'}"
4045,STRUCTURE,CTS_UPDATED,0.57499,"{'via': 'replay_raw', 'cycle_id': 0, 'structure_id': 0, 'struct_direction': 1, 'structure_path_id': 'H1.main >> M15.counter', 'use_case': 'subsequent_counter', 'parent_sid': 1, 'parent_cycle_id': 2, 'timeframe': 'M15', 'parent_tf': 'H1', 'sub_id': 7, 'started_by': 'subsequent_counter'}"
4046,RANGE,RANGE_UPDATED,,"{'hi': 0.57507, 'lo': 0.57395, 'structure_id': 0, 'struct_direction': 1, 'structure_path_id': 'H1.main >> M15.counter', 'use_case': 'subsequent_counter', 'parent_sid': 1, 'parent_cycle_id': 2, 'timeframe': 'M15', 'parent_tf': 'H1', 'sub_id': 7, 'started_by': 'subsequent_counter'}"
4046,STRUCTURE,CTS_UPDATED,0.57507,"{'via': 'replay_raw', 'cycle_id': 0, 'structure_id': 0, 'struct_direction': 1, 'structure_path_id': 'H1.main >> M15.counter', 'use_case': 'subsequent_counter', 'parent_sid': 1, 'parent_cycle_id': 2, 'timeframe': 'M15', 'parent_tf': 'H1', 'sub_id': 7, 'started_by': 'subsequent_counter'}"
4050,RANGE,RANGE_UPDATED,,"{'hi': 0.57522, 'lo': 0.57395, 'structure_id': 0, 'struct_direction': 1, 'structure_path_id': 'H1.main >> M15.counter', 'use_case': 'subsequent_counter', 'parent_sid': 1, 'parent_cycle_id': 2, 'timeframe': 'M15', 'parent_tf': 'H1', 'sub_id': 7, 'started_by': 'subsequent_counter'}"
4050,STRUCTURE,CTS_UPDATED,0.57522,"{'via': 'replay_raw', 'cycle_id': 0, 'structure_id': 0, 'struct_direction': 1, 'structure_path_id': 'H1.main >> M15.counter', 'use_case': 'subsequent_counter', 'parent_sid': 1, 'parent_cycle_id': 2, 'timeframe': 'M15', 'parent_tf': 'H1', 'sub_id': 7, 'started_by': 'subsequent_counter'}"
4053,STRUCTURE,CTS_UPDATED,0.57548,"{'via': 'replay_raw', 'cycle_id': 0, 'structure_id': 0, 'struct_direction': 1, 'structure_path_id': 'H1.main >> M15.counter', 'use_case': 'subsequent_counter', 'parent_sid': 1, 'parent_cycle_id': 2, 'timeframe': 'M15', 'parent_tf': 'H1', 'sub_id': 7, 'started_by': 'subsequent_counter'}"
4054,RANGE,RANGE_RESET,,"{'reason': 'range_breakout', 'pat': 'one_maru_continuous', 'structure_id': 0, 'struct_direction': 1, 'structure_path_id': 'H1.main >> M15.counter', 'use_case': 'subsequent_counter', 'parent_sid': 1, 'parent_cycle_id': 2, 'timeframe': 'M15', 'parent_tf': 'H1', 'sub_id': 7, 'started_by': 'subsequent_counter'}"
4054,STRUCTURE,CTS_UPDATED,0.57581,"{'via': 'one_maru_continuous', 'confirmed_at': 4054, 'cts_anchor_idx': 4054, 'cycle_id': 0, 'structure_id': 0, 'struct_direction': 1, 'structure_path_id': 'H1.main >> M15.counter', 'use_case': 'subsequent_counter', 'parent_sid': 1, 'parent_cycle_id': 2, 'timeframe': 'M15', 'parent_tf': 'H1', 'sub_id': 7, 'started_by': 'subsequent_counter'}"
4054,STATE,STATE_CHANGED,,"{'from': 'range', 'to': 'breakout', 'structure_id': 0, 'struct_direction': 1, 'reason': 'breakout_pattern', 'pat': 'one_maru_continuous', 'effective_idx': 4054, 'structure_path_id': 'H1.main >> M15.counter', 'use_case': 'subsequent_counter', 'parent_sid': 1, 'parent_cycle_id': 2, 'timeframe': 'M15', 'parent_tf': 'H1', 'sub_id': 7, 'started_by': 'subsequent_counter'}"
4057,RANGE,RANGE_STARTED,,"{'start_idx': 4055, 'confirm_idx': 4057, 'hi': 0.57581, 'lo': 0.57556, 'cts_idx': 4054, 'cts_price': 0.57581, 'structure_id': 0, 'struct_direction': 1, 'structure_path_id': 'H1.main >> M15.counter', 'use_case': 'subsequent_counter', 'parent_sid': 1, 'parent_cycle_id': 2, 'timeframe': 'M15', 'parent_tf': 'H1', 'sub_id': 7, 'started_by': 'subsequent_counter'}"
4057,STATE,STATE_CHANGED,,"{'from': 'breakout', 'to': 'range', 'structure_id': 0, 'struct_direction': 1, 'reason': 'range_confirmed', 'effective_idx': 4055, 'structure_path_id': 'H1.main >> M15.counter', 'use_case': 'subsequent_counter', 'parent_sid': 1, 'parent_cycle_id': 2, 'timeframe': 'M15', 'parent_tf': 'H1', 'sub_id': 7, 'started_by': 'subsequent_counter'}"
4058,RANGE,RANGE_UPDATED,,"{'hi': 0.57585, 'lo': 0.57556, 'structure_id': 0, 'struct_direction': 1, 'structure_path_id': 'H1.main >> M15.counter', 'use_case': 'subsequent_counter', 'parent_sid': 1, 'parent_cycle_id': 2, 'timeframe': 'M15', 'parent_tf': 'H1', 'sub_id': 7, 'started_by': 'subsequent_counter'}"
4058,STRUCTURE,CTS_UPDATED,0.57585,"{'via': 'replay_raw', 'cycle_id': 0, 'structure_id': 0, 'struct_direction': 1, 'structure_path_id': 'H1.main >> M15.counter', 'use_case': 'subsequent_counter', 'parent_sid': 1, 'parent_cycle_id': 2, 'timeframe': 'M15', 'parent_tf': 'H1', 'sub_id': 7, 'started_by': 'subsequent_counter'}"
4061,RANGE,RANGE_UPDATED,,"{'hi': 0.57585, 'lo': 0.57552, 'structure_id': 0, 'struct_direction': 1, 'structure_path_id': 'H1.main >> M15.counter', 'use_case': 'subsequent_counter', 'parent_sid': 1, 'parent_cycle_id': 2, 'timeframe': 'M15', 'parent_tf': 'H1', 'sub_id': 7, 'started_by': 'subsequent_counter'}"
4063,RANGE,RANGE_UPDATED,,"{'hi': 0.57585, 'lo': 0.57536, 'structure_id': 0, 'struct_direction': 1, 'structure_path_id': 'H1.main >> M15.counter', 'use_case': 'subsequent_counter', 'parent_sid': 1, 'parent_cycle_id': 2, 'timeframe': 'M15', 'parent_tf': 'H1', 'sub_id': 7, 'started_by': 'subsequent_counter'}"
4065,RANGE,RANGE_UPDATED,,"{'hi': 0.57585, 'lo': 0.57533, 'structure_id': 0, 'struct_direction': 1, 'structure_path_id': 'H1.main >> M15.counter', 'use_case': 'subsequent_counter', 'parent_sid': 1, 'parent_cycle_id': 2, 'timeframe': 'M15', 'parent_tf': 'H1', 'sub_id': 7, 'started_by': 'subsequent_counter'}"
4066,RANGE,RANGE_UPDATED,,"{'hi': 0.57585, 'lo': 0.57516, 'structure_id': 0, 'struct_direction': 1, 'structure_path_id': 'H1.main >> M15.counter', 'use_case': 'subsequent_counter', 'parent_sid': 1, 'parent_cycle_id': 2, 'timeframe': 'M15', 'parent_tf': 'H1', 'sub_id': 7, 'started_by': 'subsequent_counter'}"
4070,RANGE,RANGE_UPDATED,,"{'hi': 0.57589, 'lo': 0.57516, 'structure_id': 0, 'struct_direction': 1, 'structure_path_id': 'H1.main >> M15.counter', 'use_case': 'subsequent_counter', 'parent_sid': 1, 'parent_cycle_id': 2, 'timeframe': 'M15', 'parent_tf': 'H1', 'sub_id': 7, 'started_by': 'subsequent_counter'}"
4070,STRUCTURE,CTS_UPDATED,0.57589,"{'via': 'replay_raw', 'cycle_id': 0, 'structure_id': 0, 'struct_direction': 1, 'structure_path_id': 'H1.main >> M15.counter', 'use_case': 'subsequent_counter', 'parent_sid': 1, 'parent_cycle_id': 2, 'timeframe': 'M15', 'parent_tf': 'H1', 'sub_id': 7, 'started_by': 'subsequent_counter'}"
4071,RANGE,RANGE_UPDATED,,"{'hi': 0.57638, 'lo': 0.57516, 'structure_id': 0, 'struct_direction': 1, 'structure_path_id': 'H1.main >> M15.counter', 'use_case': 'subsequent_counter', 'parent_sid': 1, 'parent_cycle_id': 2, 'timeframe': 'M15', 'parent_tf': 'H1', 'sub_id': 7, 'started_by': 'subsequent_counter'}"
4071,STRUCTURE,CTS_UPDATED,0.57638,"{'via': 'replay_raw', 'cycle_id': 0, 'structure_id': 0, 'struct_direction': 1, 'structure_path_id': 'H1.main >> M15.counter', 'use_case': 'subsequent_counter', 'parent_sid': 1, 'parent_cycle_id': 2, 'timeframe': 'M15', 'parent_tf': 'H1', 'sub_id': 7, 'started_by': 'subsequent_counter'}"
4082,RANGE,RANGE_UPDATED,,"{'hi': 0.57639, 'lo': 0.57516, 'structure_id': 0, 'struct_direction': 1, 'structure_path_id': 'H1.main >> M15.counter', 'use_case': 'subsequent_counter', 'parent_sid': 1, 'parent_cycle_id': 2, 'timeframe': 'M15', 'parent_tf': 'H1', 'sub_id': 7, 'started_by': 'subsequent_counter'}"
4082,STRUCTURE,CTS_UPDATED,0.57639,"{'via': 'replay_raw', 'cycle_id': 0, 'structure_id': 0, 'struct_direction': 1, 'structure_path_id': 'H1.main >> M15.counter', 'use_case': 'subsequent_counter', 'parent_sid': 1, 'parent_cycle_id': 2, 'timeframe': 'M15', 'parent_tf': 'H1', 'sub_id': 7, 'started_by': 'subsequent_counter'}"
4083,RANGE,RANGE_UPDATED,,"{'hi': 0.57645, 'lo': 0.57516, 'structure_id': 0, 'struct_direction': 1, 'structure_path_id': 'H1.main >> M15.counter', 'use_case': 'subsequent_counter', 'parent_sid': 1, 'parent_cycle_id': 2, 'timeframe': 'M15', 'parent_tf': 'H1', 'sub_id': 7, 'started_by': 'subsequent_counter'}"
4083,STRUCTURE,CTS_UPDATED,0.57645,"{'via': 'replay_raw', 'cycle_id': 0, 'structure_id': 0, 'struct_direction': 1, 'structure_path_id': 'H1.main >> M15.counter', 'use_case': 'subsequent_counter', 'parent_sid': 1, 'parent_cycle_id': 2, 'timeframe': 'M15', 'parent_tf': 'H1', 'sub_id': 7, 'started_by': 'subsequent_counter'}"
4084,RANGE,RANGE_UPDATED,,"{'hi': 0.5766, 'lo': 0.57516, 'structure_id': 0, 'struct_direction': 1, 'structure_path_id': 'H1.main >> M15.counter', 'use_case': 'subsequent_counter', 'parent_sid': 1, 'parent_cycle_id': 2, 'timeframe': 'M15', 'parent_tf': 'H1', 'sub_id': 7, 'started_by': 'subsequent_counter'}"
4084,STRUCTURE,CTS_UPDATED,0.5766,"{'via': 'replay_raw', 'cycle_id': 0, 'structure_id': 0, 'struct_direction': 1, 'structure_path_id': 'H1.main >> M15.counter', 'use_case': 'subsequent_counter', 'parent_sid': 1, 'parent_cycle_id': 2, 'timeframe': 'M15', 'parent_tf': 'H1', 'sub_id': 7, 'started_by': 'subsequent_counter'}"
4085,RANGE,RANGE_UPDATED,,"{'hi': 0.5767, 'lo': 0.57516, 'structure_id': 0, 'struct_direction': 1, 'structure_path_id': 'H1.main >> M15.counter', 'use_case': 'subsequent_counter', 'parent_sid': 1, 'parent_cycle_id': 2, 'timeframe': 'M15', 'parent_tf': 'H1', 'sub_id': 7, 'started_by': 'subsequent_counter'}"
4085,STRUCTURE,CTS_UPDATED,0.5767,"{'via': 'replay_raw', 'cycle_id': 0, 'structure_id': 0, 'struct_direction': 1, 'structure_path_id': 'H1.main >> M15.counter', 'use_case': 'subsequent_counter', 'parent_sid': 1, 'parent_cycle_id': 2, 'timeframe': 'M15', 'parent_tf': 'H1', 'sub_id': 7, 'started_by': 'subsequent_counter'}"
4086,RANGE,RANGE_UPDATED,,"{'hi': 0.57674, 'lo': 0.57516, 'structure_id': 0, 'struct_direction': 1, 'structure_path_id': 'H1.main >> M15.counter', 'use_case': 'subsequent_counter', 'parent_sid': 1, 'parent_cycle_id': 2, 'timeframe': 'M15', 'parent_tf': 'H1', 'sub_id': 7, 'started_by': 'subsequent_counter'}"
4086,STRUCTURE,CTS_UPDATED,0.57674,"{'via': 'replay_raw', 'cycle_id': 0, 'structure_id': 0, 'struct_direction': 1, 'structure_path_id': 'H1.main >> M15.counter', 'use_case': 'subsequent_counter', 'parent_sid': 1, 'parent_cycle_id': 2, 'timeframe': 'M15', 'parent_tf': 'H1', 'sub_id': 7, 'started_by': 'subsequent_counter'}"
4098,RANGE,RANGE_UPDATED,,"{'hi': 0.57674, 'lo': 0.57514, 'structure_id': 0, 'struct_direction': 1, 'structure_path_id': 'H1.main >> M15.counter', 'use_case': 'subsequent_counter', 'parent_sid': 1, 'parent_cycle_id': 2, 'timeframe': 'M15', 'parent_tf': 'H1', 'sub_id': 7, 'started_by': 'subsequent_counter'}"
4103,RANGE,RANGE_UPDATED,,"{'reason': 'pullback_expand', 'hi': 0.57674, 'lo': 0.5742, 'pat': 'one_maru_opposite', 'structure_id': 0, 'struct_direction': 1, 'structure_path_id': 'H1.main >> M15.counter', 'use_case': 'subsequent_counter', 'parent_sid': 1, 'parent_cycle_id': 2, 'timeframe': 'M15', 'parent_tf': 'H1', 'sub_id': 7, 'started_by': 'subsequent_counter'}"
4103,STRUCTURE,CTS_CONFIRMED,0.57674,"{'via': 'one_maru_opposite', 'cycle_id': 0, 'structure_id': 0, 'struct_direction': 1, 'confirmed_at': 4103, 'cts_anchor_idx': 4086, 'confirmation_method': 'pullback', 'structure_path_id': 'H1.main >> M15.counter', 'use_case': 'subsequent_counter', 'parent_sid': 1, 'parent_cycle_id': 2, 'timeframe': 'M15', 'parent_tf': 'H1', 'sub_id': 7, 'started_by': 'subsequent_counter'}"
4103,STATE,STATE_CHANGED,,"{'from': 'range', 'to': 'pullback', 'structure_id': 0, 'struct_direction': 1, 'reason': 'pullback_pattern', 'pat': 'one_maru_opposite', 'effective_idx': 4103, 'structure_path_id': 'H1.main >> M15.counter', 'use_case': 'subsequent_counter', 'parent_sid': 1, 'parent_cycle_id': 2, 'timeframe': 'M15', 'parent_tf': 'H1', 'sub_id': 7, 'started_by': 'subsequent_counter'}"
4104,STATE,STATE_CHANGED,,"{'from': 'pullback', 'to': 'pullback_range', 'structure_id': 0, 'struct_direction': 1, 'reason': 'replay_no_expand_pullback_side', 'effective_idx': 4104, 'structure_path_id': 'H1.main >> M15.counter', 'use_case': 'subsequent_counter', 'parent_sid': 1, 'parent_cycle_id': 2, 'timeframe': 'M15', 'parent_tf': 'H1', 'sub_id': 7, 'started_by': 'subsequent_counter'}"
4129,RANGE,RANGE_UPDATED,,"{'hi': 0.57674, 'lo': 0.57413, 'structure_id': 0, 'struct_direction': 1, 'structure_path_id': 'H1.main >> M15.counter', 'use_case': 'subsequent_counter', 'parent_sid': 1, 'parent_cycle_id': 2, 'timeframe': 'M15', 'parent_tf': 'H1', 'sub_id': 7, 'started_by': 'subsequent_counter'}"
4129,STATE,STATE_CHANGED,,"{'from': 'pullback_range', 'to': 'pullback', 'structure_id': 0, 'struct_direction': 1, 'reason': 'replay_expand_pullback_side', 'effective_idx': 4129, 'structure_path_id': 'H1.main >> M15.counter', 'use_case': 'subsequent_counter', 'parent_sid': 1, 'parent_cycle_id': 2, 'timeframe': 'M15', 'parent_tf': 'H1', 'sub_id': 7, 'started_by': 'subsequent_counter'}"
4130,STATE,STATE_CHANGED,,"{'from': 'pullback', 'to': 'pullback_range', 'structure_id': 0, 'struct_direction': 1, 'reason': 'replay_no_expand_pullback_side', 'effective_idx': 4130, 'structure_path_id': 'H1.main >> M15.counter', 'use_case': 'subsequent_counter', 'parent_sid': 1, 'parent_cycle_id': 2, 'timeframe': 'M15', 'parent_tf': 'H1', 'sub_id': 7, 'started_by': 'subsequent_counter'}"
4140,RANGE,RANGE_UPDATED,,"{'hi': 0.57682, 'lo': 0.57413, 'structure_id': 0, 'struct_direction': 1, 'structure_path_id': 'H1.main >> M15.counter', 'use_case': 'subsequent_counter', 'parent_sid': 1, 'parent_cycle_id': 2, 'timeframe': 'M15', 'parent_tf': 'H1', 'sub_id': 7, 'started_by': 'subsequent_counter'}"
4140,STRUCTURE,CTS_THRESHOLD_UPDATED,0.57682,"{'prev': 0.57674, 'reason': 'range_sync', 'cycle_id': 0, 'structure_id': 0, 'struct_direction': 1, 'structure_path_id': 'H1.main >> M15.counter', 'use_case': 'subsequent_counter', 'parent_sid': 1, 'parent_cycle_id': 2, 'timeframe': 'M15', 'parent_tf': 'H1', 'sub_id': 7, 'started_by': 'subsequent_counter'}"
4141,RANGE,RANGE_UPDATED,,"{'hi': 0.5773, 'lo': 0.57413, 'structure_id': 0, 'struct_direction': 1, 'structure_path_id': 'H1.main >> M15.counter', 'use_case': 'subsequent_counter', 'parent_sid': 1, 'parent_cycle_id': 2, 'timeframe': 'M15', 'parent_tf': 'H1', 'sub_id': 7, 'started_by': 'subsequent_counter'}"
4141,STRUCTURE,CTS_THRESHOLD_UPDATED,0.5773,"{'prev': 0.57682, 'reason': 'range_sync', 'cycle_id': 0, 'structure_id': 0, 'struct_direction': 1, 'structure_path_id': 'H1.main >> M15.counter', 'use_case': 'subsequent_counter', 'parent_sid': 1, 'parent_cycle_id': 2, 'timeframe': 'M15', 'parent_tf': 'H1', 'sub_id': 7, 'started_by': 'subsequent_counter'}"
4153,RANGE,RANGE_UPDATED,,"{'hi': 0.57738, 'lo': 0.57413, 'structure_id': 0, 'struct_direction': 1, 'structure_path_id': 'H1.main >> M15.counter', 'use_case': 'subsequent_counter', 'parent_sid': 1, 'parent_cycle_id': 2, 'timeframe': 'M15', 'parent_tf': 'H1', 'sub_id': 7, 'started_by': 'subsequent_counter'}"
4153,STRUCTURE,CTS_THRESHOLD_UPDATED,0.57738,"{'prev': 0.5773, 'reason': 'range_sync', 'cycle_id': 0, 'structure_id': 0, 'struct_direction': 1, 'structure_path_id': 'H1.main >> M15.counter', 'use_case': 'subsequent_counter', 'parent_sid': 1, 'parent_cycle_id': 2, 'timeframe': 'M15', 'parent_tf': 'H1', 'sub_id': 7, 'started_by': 'subsequent_counter'}"
4157,RANGE,RANGE_RESET,,"{'reason': 'range_breakout', 'pat': 'one_maru_continuous', 'structure_id': 0, 'struct_direction': 1, 'structure_path_id': 'H1.main >> M15.counter', 'use_case': 'subsequent_counter', 'parent_sid': 1, 'parent_cycle_id': 2, 'timeframe': 'M15', 'parent_tf': 'H1', 'sub_id': 7, 'started_by': 'subsequent_counter'}"
4157,STRUCTURE,CTS_ESTABLISHED,0.57798,"{'via': 'one_maru_continuous', 'pattern_anchor_idx': 4154, 'pattern_name': 'one_maru_continuous', 'confirmed_at': 4157, 'cycle_id': 1, 'structure_id': 0, 'struct_direction': 1, 'cts_anchor_idx': 4157, 'structure_path_id': 'H1.main >> M15.counter', 'use_case': 'subsequent_counter', 'parent_sid': 1, 'parent_cycle_id': 2, 'timeframe': 'M15', 'parent_tf': 'H1', 'sub_id': 7, 'started_by': 'subsequent_counter'}"
4157,STRUCTURE,BOS_CONFIRMED,0.57413,"{'source': 'pullback_extreme', 'confirmed_at': 4157, 'pb_start': 4103, 'cycle_id': 1, 'structure_id': 0, 'struct_direction': 1, 'bos_anchor_idx': 4129, 'structure_path_id': 'H1.main >> M15.counter', 'use_case': 'subsequent_counter', 'parent_sid': 1, 'parent_cycle_id': 2, 'timeframe': 'M15', 'parent_tf': 'H1', 'sub_id': 7, 'started_by': 'subsequent_counter'}"
4157,STATE,STATE_CHANGED,,"{'from': 'pullback_range', 'to': 'breakout', 'structure_id': 0, 'struct_direction': 1, 'reason': 'breakout_pattern', 'pat': 'one_maru_continuous', 'effective_idx': 4157, 'structure_path_id': 'H1.main >> M15.counter', 'use_case': 'subsequent_counter', 'parent_sid': 1, 'parent_cycle_id': 2, 'timeframe': 'M15', 'parent_tf': 'H1', 'sub_id': 7, 'started_by': 'subsequent_counter'}"
4159,RANGE,RANGE_STARTED,,"{'reason': 'pullback_created_range', 'cts_idx': 4157, 'cts_price': 0.57798, 'pullback_apply_idx': 4159, 'hi': 0.57798, 'lo': 0.57741, 'pat': 'one_maru_continuous', 'structure_id': 0, 'struct_direction': 1, 'structure_path_id': 'H1.main >> M15.counter', 'use_case': 'subsequent_counter', 'parent_sid': 1, 'parent_cycle_id': 2, 'timeframe': 'M15', 'parent_tf': 'H1', 'sub_id': 7, 'started_by': 'subsequent_counter'}"
4159,STRUCTURE,CTS_CONFIRMED,0.57798,"{'via': 'one_maru_continuous', 'cycle_id': 1, 'structure_id': 0, 'struct_direction': 1, 'confirmed_at': 4159, 'cts_anchor_idx': 4157, 'confirmation_method': 'pullback', 'structure_path_id': 'H1.main >> M15.counter', 'use_case': 'subsequent_counter', 'parent_sid': 1, 'parent_cycle_id': 2, 'timeframe': 'M15', 'parent_tf': 'H1', 'sub_id': 7, 'started_by': 'subsequent_counter'}"
4159,STATE,STATE_CHANGED,,"{'from': 'breakout', 'to': 'pullback', 'structure_id': 0, 'struct_direction': 1, 'reason': 'pullback_pattern', 'pat': 'one_maru_continuous', 'effective_idx': 4159, 'structure_path_id': 'H1.main >> M15.counter', 'use_case': 'subsequent_counter', 'parent_sid': 1, 'parent_cycle_id': 2, 'timeframe': 'M15', 'parent_tf': 'H1', 'sub_id': 7, 'started_by': 'subsequent_counter'}"
4160,RANGE,RANGE_UPDATED,,"{'hi': 0.57798, 'lo': 0.57739, 'structure_id': 0, 'struct_direction': 1, 'structure_path_id': 'H1.main >> M15.counter', 'use_case': 'subsequent_counter', 'parent_sid': 1, 'parent_cycle_id': 2, 'timeframe': 'M15', 'parent_tf': 'H1', 'sub_id': 7, 'started_by': 'subsequent_counter'}"
4161,RANGE,RANGE_UPDATED,,"{'hi': 0.57798, 'lo': 0.57734, 'structure_id': 0, 'struct_direction': 1, 'structure_path_id': 'H1.main >> M15.counter', 'use_case': 'subsequent_counter', 'parent_sid': 1, 'parent_cycle_id': 2, 'timeframe': 'M15', 'parent_tf': 'H1', 'sub_id': 7, 'started_by': 'subsequent_counter'}"
4162,RANGE,RANGE_UPDATED,,"{'hi': 0.57798, 'lo': 0.57728, 'structure_id': 0, 'struct_direction': 1, 'structure_path_id': 'H1.main >> M15.counter', 'use_case': 'subsequent_counter', 'parent_sid': 1, 'parent_cycle_id': 2, 'timeframe': 'M15', 'parent_tf': 'H1', 'sub_id': 7, 'started_by': 'subsequent_counter'}"
4163,RANGE,RANGE_UPDATED,,"{'hi': 0.57798, 'lo': 0.57724, 'structure_id': 0, 'struct_direction': 1, 'structure_path_id': 'H1.main >> M15.counter', 'use_case': 'subsequent_counter', 'parent_sid': 1, 'parent_cycle_id': 2, 'timeframe': 'M15', 'parent_tf': 'H1', 'sub_id': 7, 'started_by': 'subsequent_counter'}"
4164,STATE,STATE_CHANGED,,"{'from': 'pullback', 'to': 'pullback_range', 'structure_id': 0, 'struct_direction': 1, 'reason': 'replay_no_expand_pullback_side', 'effective_idx': 4164, 'structure_path_id': 'H1.main >> M15.counter', 'use_case': 'subsequent_counter', 'parent_sid': 1, 'parent_cycle_id': 2, 'timeframe': 'M15', 'parent_tf': 'H1', 'sub_id': 7, 'started_by': 'subsequent_counter'}"
4166,RANGE,RANGE_UPDATED,,"{'hi': 0.57798, 'lo': 0.57705, 'structure_id': 0, 'struct_direction': 1, 'structure_path_id': 'H1.main >> M15.counter', 'use_case': 'subsequent_counter', 'parent_sid': 1, 'parent_cycle_id': 2, 'timeframe': 'M15', 'parent_tf': 'H1', 'sub_id': 7, 'started_by': 'subsequent_counter'}"
4166,STATE,STATE_CHANGED,,"{'from': 'pullback_range', 'to': 'pullback', 'structure_id': 0, 'struct_direction': 1, 'reason': 'replay_expand_pullback_side', 'effective_idx': 4166, 'structure_path_id': 'H1.main >> M15.counter', 'use_case': 'subsequent_counter', 'parent_sid': 1, 'parent_cycle_id': 2, 'timeframe': 'M15', 'parent_tf': 'H1', 'sub_id': 7, 'started_by': 'subsequent_counter'}"
4167,RANGE,RANGE_UPDATED,,"{'hi': 0.57798, 'lo': 0.57695, 'structure_id': 0, 'struct_direction': 1, 'structure_path_id': 'H1.main >> M15.counter', 'use_case': 'subsequent_counter', 'parent_sid': 1, 'parent_cycle_id': 2, 'timeframe': 'M15', 'parent_tf': 'H1', 'sub_id': 7, 'started_by': 'subsequent_counter'}"
4168,RANGE,RANGE_UPDATED,,"{'hi': 0.57798, 'lo': 0.57691, 'structure_id': 0, 'struct_direction': 1, 'structure_path_id': 'H1.main >> M15.counter', 'use_case': 'subsequent_counter', 'parent_sid': 1, 'parent_cycle_id': 2, 'timeframe': 'M15', 'parent_tf': 'H1', 'sub_id': 7, 'started_by': 'subsequent_counter'}"
4169,STATE,STATE_CHANGED,,"{'from': 'pullback', 'to': 'pullback_range', 'structure_id': 0, 'struct_direction': 1, 'reason': 'replay_no_expand_pullback_side', 'effective_idx': 4169, 'structure_path_id': 'H1.main >> M15.counter', 'use_case': 'subsequent_counter', 'parent_sid': 1, 'parent_cycle_id': 2, 'timeframe': 'M15', 'parent_tf': 'H1', 'sub_id': 7, 'started_by': 'subsequent_counter'}"
4177,RANGE,RANGE_UPDATED,,"{'hi': 0.57802, 'lo': 0.57691, 'structure_id': 0, 'struct_direction': 1, 'structure_path_id': 'H1.main >> M15.counter', 'use_case': 'subsequent_counter', 'parent_sid': 1, 'parent_cycle_id': 2, 'timeframe': 'M15', 'parent_tf': 'H1', 'sub_id': 7, 'started_by': 'subsequent_counter'}"
4177,STRUCTURE,CTS_THRESHOLD_UPDATED,0.57802,"{'prev': 0.57798, 'reason': 'range_sync', 'cycle_id': 1, 'structure_id': 0, 'struct_direction': 1, 'structure_path_id': 'H1.main >> M15.counter', 'use_case': 'subsequent_counter', 'parent_sid': 1, 'parent_cycle_id': 2, 'timeframe': 'M15', 'parent_tf': 'H1', 'sub_id': 7, 'started_by': 'subsequent_counter'}"
4179,RANGE,RANGE_RESET,,"{'reason': 'range_breakout', 'pat': 'one_maru_continuous', 'structure_id': 0, 'struct_direction': 1, 'structure_path_id': 'H1.main >> M15.counter', 'use_case': 'subsequent_counter', 'parent_sid': 1, 'parent_cycle_id': 2, 'timeframe': 'M15', 'parent_tf': 'H1', 'sub_id': 7, 'started_by': 'subsequent_counter'}"
4179,STRUCTURE,CTS_ESTABLISHED,0.57856,"{'via': 'one_maru_continuous', 'pattern_anchor_idx': 4178, 'pattern_name': 'one_maru_continuous', 'confirmed_at': 4179, 'cycle_id': 2, 'structure_id': 0, 'struct_direction': 1, 'cts_anchor_idx': 4179, 'structure_path_id': 'H1.main >> M15.counter', 'use_case': 'subsequent_counter', 'parent_sid': 1, 'parent_cycle_id': 2, 'timeframe': 'M15', 'parent_tf': 'H1', 'sub_id': 7, 'started_by': 'subsequent_counter'}"
4179,STRUCTURE,BOS_CONFIRMED,0.57691,"{'source': 'pullback_extreme', 'confirmed_at': 4179, 'pb_start': 4159, 'cycle_id': 2, 'structure_id': 0, 'struct_direction': 1, 'bos_anchor_idx': 4168, 'structure_path_id': 'H1.main >> M15.counter', 'use_case': 'subsequent_counter', 'parent_sid': 1, 'parent_cycle_id': 2, 'timeframe': 'M15', 'parent_tf': 'H1', 'sub_id': 7, 'started_by': 'subsequent_counter'}"
4179,STATE,STATE_CHANGED,,"{'from': 'pullback_range', 'to': 'breakout', 'structure_id': 0, 'struct_direction': 1, 'reason': 'breakout_pattern', 'pat': 'one_maru_continuous', 'effective_idx': 4179, 'structure_path_id': 'H1.main >> M15.counter', 'use_case': 'subsequent_counter', 'parent_sid': 1, 'parent_cycle_id': 2, 'timeframe': 'M15', 'parent_tf': 'H1', 'sub_id': 7, 'started_by': 'subsequent_counter'}"
4181,RANGE,RANGE_STARTED,,"{'start_idx': 4179, 'confirm_idx': 4181, 'hi': 0.57856, 'lo': 0.57814, 'cts_idx': 4179, 'cts_price': 0.57856, 'structure_id': 0, 'struct_direction': 1, 'structure_path_id': 'H1.main >> M15.counter', 'use_case': 'subsequent_counter', 'parent_sid': 1, 'parent_cycle_id': 2, 'timeframe': 'M15', 'parent_tf': 'H1', 'sub_id': 7, 'started_by': 'subsequent_counter'}"
4181,STATE,STATE_CHANGED,,"{'from': 'breakout', 'to': 'range', 'structure_id': 0, 'struct_direction': 1, 'reason': 'range_confirmed', 'effective_idx': 4179, 'structure_path_id': 'H1.main >> M15.counter', 'use_case': 'subsequent_counter', 'parent_sid': 1, 'parent_cycle_id': 2, 'timeframe': 'M15', 'parent_tf': 'H1', 'sub_id': 7, 'started_by': 'subsequent_counter'}"
4180,RANGE,RANGE_UPDATED,,"{'hi': 0.57856, 'lo': 0.57812, 'structure_id': 0, 'struct_direction': 1, 'structure_path_id': 'H1.main >> M15.counter', 'use_case': 'subsequent_counter', 'parent_sid': 1, 'parent_cycle_id': 2, 'timeframe': 'M15', 'parent_tf': 'H1', 'sub_id': 7, 'started_by': 'subsequent_counter'}"
4181,RANGE,RANGE_UPDATED,,"{'hi': 0.57856, 'lo': 0.57804, 'structure_id': 0, 'struct_direction': 1, 'structure_path_id': 'H1.main >> M15.counter', 'use_case': 'subsequent_counter', 'parent_sid': 1, 'parent_cycle_id': 2, 'timeframe': 'M15', 'parent_tf': 'H1', 'sub_id': 7, 'started_by': 'subsequent_counter'}"
4182,RANGE,RANGE_UPDATED,,"{'hi': 0.57856, 'lo': 0.57798, 'structure_id': 0, 'struct_direction': 1, 'structure_path_id': 'H1.main >> M15.counter', 'use_case': 'subsequent_counter', 'parent_sid': 1, 'parent_cycle_id': 2, 'timeframe': 'M15', 'parent_tf': 'H1', 'sub_id': 7, 'started_by': 'subsequent_counter'}"
4184,RANGE,RANGE_UPDATED,,"{'hi': 0.57858, 'lo': 0.57798, 'structure_id': 0, 'struct_direction': 1, 'structure_path_id': 'H1.main >> M15.counter', 'use_case': 'subsequent_counter', 'parent_sid': 1, 'parent_cycle_id': 2, 'timeframe': 'M15', 'parent_tf': 'H1', 'sub_id': 7, 'started_by': 'subsequent_counter'}"
4184,STRUCTURE,CTS_UPDATED,0.57858,"{'via': 'replay_raw', 'cycle_id': 2, 'structure_id': 0, 'struct_direction': 1, 'structure_path_id': 'H1.main >> M15.counter', 'use_case': 'subsequent_counter', 'parent_sid': 1, 'parent_cycle_id': 2, 'timeframe': 'M15', 'parent_tf': 'H1', 'sub_id': 7, 'started_by': 'subsequent_counter'}"
4185,RANGE,RANGE_UPDATED,,"{'hi': 0.57872, 'lo': 0.57798, 'structure_id': 0, 'struct_direction': 1, 'structure_path_id': 'H1.main >> M15.counter', 'use_case': 'subsequent_counter', 'parent_sid': 1, 'parent_cycle_id': 2, 'timeframe': 'M15', 'parent_tf': 'H1', 'sub_id': 7, 'started_by': 'subsequent_counter'}"
4185,STRUCTURE,CTS_UPDATED,0.57872,"{'via': 'replay_raw', 'cycle_id': 2, 'structure_id': 0, 'struct_direction': 1, 'structure_path_id': 'H1.main >> M15.counter', 'use_case': 'subsequent_counter', 'parent_sid': 1, 'parent_cycle_id': 2, 'timeframe': 'M15', 'parent_tf': 'H1', 'sub_id': 7, 'started_by': 'subsequent_counter'}"
4186,RANGE,RANGE_UPDATED,,"{'hi': 0.57873, 'lo': 0.57798, 'structure_id': 0, 'struct_direction': 1, 'structure_path_id': 'H1.main >> M15.counter', 'use_case': 'subsequent_counter', 'parent_sid': 1, 'parent_cycle_id': 2, 'timeframe': 'M15', 'parent_tf': 'H1', 'sub_id': 7, 'started_by': 'subsequent_counter'}"
4186,STRUCTURE,CTS_UPDATED,0.57873,"{'via': 'replay_raw', 'cycle_id': 2, 'structure_id': 0, 'struct_direction': 1, 'structure_path_id': 'H1.main >> M15.counter', 'use_case': 'subsequent_counter', 'parent_sid': 1, 'parent_cycle_id': 2, 'timeframe': 'M15', 'parent_tf': 'H1', 'sub_id': 7, 'started_by': 'subsequent_counter'}"
4187,RANGE,RANGE_UPDATED,,"{'hi': 0.57874, 'lo': 0.57798, 'structure_id': 0, 'struct_direction': 1, 'structure_path_id': 'H1.main >> M15.counter', 'use_case': 'subsequent_counter', 'parent_sid': 1, 'parent_cycle_id': 2, 'timeframe': 'M15', 'parent_tf': 'H1', 'sub_id': 7, 'started_by': 'subsequent_counter'}"
4187,STRUCTURE,CTS_UPDATED,0.57874,"{'via': 'replay_raw', 'cycle_id': 2, 'structure_id': 0, 'struct_direction': 1, 'structure_path_id': 'H1.main >> M15.counter', 'use_case': 'subsequent_counter', 'parent_sid': 1, 'parent_cycle_id': 2, 'timeframe': 'M15', 'parent_tf': 'H1', 'sub_id': 7, 'started_by': 'subsequent_counter'}"
4189,RANGE,RANGE_UPDATED,,"{'hi': 0.57895, 'lo': 0.57798, 'structure_id': 0, 'struct_direction': 1, 'structure_path_id': 'H1.main >> M15.counter', 'use_case': 'subsequent_counter', 'parent_sid': 1, 'parent_cycle_id': 2, 'timeframe': 'M15', 'parent_tf': 'H1', 'sub_id': 7, 'started_by': 'subsequent_counter'}"
4189,STRUCTURE,CTS_UPDATED,0.57895,"{'via': 'replay_raw', 'cycle_id': 2, 'structure_id': 0, 'struct_direction': 1, 'structure_path_id': 'H1.main >> M15.counter', 'use_case': 'subsequent_counter', 'parent_sid': 1, 'parent_cycle_id': 2, 'timeframe': 'M15', 'parent_tf': 'H1', 'sub_id': 7, 'started_by': 'subsequent_counter'}"
4193,RANGE,RANGE_UPDATED,,"{'hi': 0.57895, 'lo': 0.57792, 'structure_id': 0, 'struct_direction': 1, 'structure_path_id': 'H1.main >> M15.counter', 'use_case': 'subsequent_counter', 'parent_sid': 1, 'parent_cycle_id': 2, 'timeframe': 'M15', 'parent_tf': 'H1', 'sub_id': 7, 'started_by': 'subsequent_counter'}"
4195,RANGE,RANGE_UPDATED,,"{'hi': 0.57898, 'lo': 0.57792, 'structure_id': 0, 'struct_direction': 1, 'structure_path_id': 'H1.main >> M15.counter', 'use_case': 'subsequent_counter', 'parent_sid': 1, 'parent_cycle_id': 2, 'timeframe': 'M15', 'parent_tf': 'H1', 'sub_id': 7, 'started_by': 'subsequent_counter'}"
4195,STRUCTURE,CTS_UPDATED,0.57898,"{'via': 'replay_raw', 'cycle_id': 2, 'structure_id': 0, 'struct_direction': 1, 'structure_path_id': 'H1.main >> M15.counter', 'use_case': 'subsequent_counter', 'parent_sid': 1, 'parent_cycle_id': 2, 'timeframe': 'M15', 'parent_tf': 'H1', 'sub_id': 7, 'started_by': 'subsequent_counter'}"
4196,STRUCTURE,CTS_UPDATED,0.5794,"{'via': 'replay_raw', 'cycle_id': 2, 'structure_id': 0, 'struct_direction': 1, 'structure_path_id': 'H1.main >> M15.counter', 'use_case': 'subsequent_counter', 'parent_sid': 1, 'parent_cycle_id': 2, 'timeframe': 'M15', 'parent_tf': 'H1', 'sub_id': 7, 'started_by': 'subsequent_counter'}"
4200,RANGE,RANGE_RESET,,"{'reason': 'range_breakout', 'pat': 'one_maru_opposite', 'structure_id': 0, 'struct_direction': 1, 'structure_path_id': 'H1.main >> M15.counter', 'use_case': 'subsequent_counter', 'parent_sid': 1, 'parent_cycle_id': 2, 'timeframe': 'M15', 'parent_tf': 'H1', 'sub_id': 7, 'started_by': 'subsequent_counter'}"
4200,STRUCTURE,CTS_UPDATED,0.57954,"{'via': 'one_maru_opposite', 'confirmed_at': 4200, 'cts_anchor_idx': 4200, 'cycle_id': 2, 'structure_id': 0, 'struct_direction': 1, 'structure_path_id': 'H1.main >> M15.counter', 'use_case': 'subsequent_counter', 'parent_sid': 1, 'parent_cycle_id': 2, 'timeframe': 'M15', 'parent_tf': 'H1', 'sub_id': 7, 'started_by': 'subsequent_counter'}"
4200,STATE,STATE_CHANGED,,"{'from': 'range', 'to': 'breakout', 'structure_id': 0, 'struct_direction': 1, 'reason': 'breakout_pattern', 'pat': 'one_maru_opposite', 'effective_idx': 4200, 'structure_path_id': 'H1.main >> M15.counter', 'use_case': 'subsequent_counter', 'parent_sid': 1, 'parent_cycle_id': 2, 'timeframe': 'M15', 'parent_tf': 'H1', 'sub_id': 7, 'started_by': 'subsequent_counter'}"
4203,RANGE,RANGE_STARTED,,"{'start_idx': 4201, 'confirm_idx': 4203, 'hi': 0.57954, 'lo': 0.5792, 'cts_idx': 4200, 'cts_price': 0.57954, 'structure_id': 0, 'struct_direction': 1, 'structure_path_id': 'H1.main >> M15.counter', 'use_case': 'subsequent_counter', 'parent_sid': 1, 'parent_cycle_id': 2, 'timeframe': 'M15', 'parent_tf': 'H1', 'sub_id': 7, 'started_by': 'subsequent_counter'}"
4203,STATE,STATE_CHANGED,,"{'from': 'breakout', 'to': 'range', 'structure_id': 0, 'struct_direction': 1, 'reason': 'range_confirmed', 'effective_idx': 4201, 'structure_path_id': 'H1.main >> M15.counter', 'use_case': 'subsequent_counter', 'parent_sid': 1, 'parent_cycle_id': 2, 'timeframe': 'M15', 'parent_tf': 'H1', 'sub_id': 7, 'started_by': 'subsequent_counter'}"
4202,RANGE,RANGE_UPDATED,,"{'hi': 0.57954, 'lo': 0.57917, 'structure_id': 0, 'struct_direction': 1, 'structure_path_id': 'H1.main >> M15.counter', 'use_case': 'subsequent_counter', 'parent_sid': 1, 'parent_cycle_id': 2, 'timeframe': 'M15', 'parent_tf': 'H1', 'sub_id': 7, 'started_by': 'subsequent_counter'}"
4206,RANGE,RANGE_UPDATED,,"{'hi': 0.57967, 'lo': 0.57917, 'structure_id': 0, 'struct_direction': 1, 'structure_path_id': 'H1.main >> M15.counter', 'use_case': 'subsequent_counter', 'parent_sid': 1, 'parent_cycle_id': 2, 'timeframe': 'M15', 'parent_tf': 'H1', 'sub_id': 7, 'started_by': 'subsequent_counter'}"
4206,STRUCTURE,CTS_UPDATED,0.57967,"{'via': 'replay_raw', 'cycle_id': 2, 'structure_id': 0, 'struct_direction': 1, 'structure_path_id': 'H1.main >> M15.counter', 'use_case': 'subsequent_counter', 'parent_sid': 1, 'parent_cycle_id': 2, 'timeframe': 'M15', 'parent_tf': 'H1', 'sub_id': 7, 'started_by': 'subsequent_counter'}"
4207,RANGE,RANGE_UPDATED,,"{'hi': 0.5797, 'lo': 0.57917, 'structure_id': 0, 'struct_direction': 1, 'structure_path_id': 'H1.main >> M15.counter', 'use_case': 'subsequent_counter', 'parent_sid': 1, 'parent_cycle_id': 2, 'timeframe': 'M15', 'parent_tf': 'H1', 'sub_id': 7, 'started_by': 'subsequent_counter'}"
4207,STRUCTURE,CTS_UPDATED,0.5797,"{'via': 'replay_raw', 'cycle_id': 2, 'structure_id': 0, 'struct_direction': 1, 'structure_path_id': 'H1.main >> M15.counter', 'use_case': 'subsequent_counter', 'parent_sid': 1, 'parent_cycle_id': 2, 'timeframe': 'M15', 'parent_tf': 'H1', 'sub_id': 7, 'started_by': 'subsequent_counter'}"
4214,RANGE,RANGE_UPDATED,,"{'hi': 0.5797, 'lo': 0.57914, 'structure_id': 0, 'struct_direction': 1, 'structure_path_id': 'H1.main >> M15.counter', 'use_case': 'subsequent_counter', 'parent_sid': 1, 'parent_cycle_id': 2, 'timeframe': 'M15', 'parent_tf': 'H1', 'sub_id': 7, 'started_by': 'subsequent_counter'}"
4215,RANGE,RANGE_UPDATED,,"{'hi': 0.5797, 'lo': 0.57912, 'structure_id': 0, 'struct_direction': 1, 'structure_path_id': 'H1.main >> M15.counter', 'use_case': 'subsequent_counter', 'parent_sid': 1, 'parent_cycle_id': 2, 'timeframe': 'M15', 'parent_tf': 'H1', 'sub_id': 7, 'started_by': 'subsequent_counter'}"
4216,RANGE,RANGE_UPDATED,,"{'hi': 0.5797, 'lo': 0.57892, 'structure_id': 0, 'struct_direction': 1, 'structure_path_id': 'H1.main >> M15.counter', 'use_case': 'subsequent_counter', 'parent_sid': 1, 'parent_cycle_id': 2, 'timeframe': 'M15', 'parent_tf': 'H1', 'sub_id': 7, 'started_by': 'subsequent_counter'}"
4222,RANGE,RANGE_UPDATED,,"{'hi': 0.58034, 'lo': 0.57892, 'structure_id': 0, 'struct_direction': 1, 'structure_path_id': 'H1.main >> M15.counter', 'use_case': 'subsequent_counter', 'parent_sid': 1, 'parent_cycle_id': 2, 'timeframe': 'M15', 'parent_tf': 'H1', 'sub_id': 7, 'started_by': 'subsequent_counter'}"
4222,STRUCTURE,CTS_UPDATED,0.58034,"{'via': 'replay_raw', 'cycle_id': 2, 'structure_id': 0, 'struct_direction': 1, 'structure_path_id': 'H1.main >> M15.counter', 'use_case': 'subsequent_counter', 'parent_sid': 1, 'parent_cycle_id': 2, 'timeframe': 'M15', 'parent_tf': 'H1', 'sub_id': 7, 'started_by': 'subsequent_counter'}"
