time,o,h,l,c,volume,body_len,candle_len,upper_wick,lower_wick,direction,mid_price,body_pct,candle_type,pinbar_dir,normal_dir,is_special_maru,is_big_maru_as0,is_big_normal_as0,prior_maru_max_len_as0,big_ratio_as0,is_big_maru_as1,is_big_normal_as1,prior_maru_max_len_as1,big_ratio_as1,is_big_maru_as2,is_big_normal_as2,prior_maru_max_len_as2,big_ratio_as2,vol_dir,vol_ema20,vol_spike_ratio,is_vol_spike,pat,pat_dir,pat_status,pat_start_idx,pat_end_idx,pat_confirm_idx,is_range,is_range_confirm_idx,is_range_lag,is_imbalance,imbalance_gap_size,market_state,range_active,range_hi,range_lo,range_start_idx,range_confirm_idx,breakout_th,pullback_th,range_break_frac,cts_idx,cts_price,cts_event,bos_idx,bos_price,bos_event,cts_cycle_id,cts_threshold,bos_threshold,cycle_stage,cts_phase_debug,reversal_watch_active,reversal_bos_th_frozen,pending_reversal_anchor_idx,pending_reversal_apply_idx,structure_id,struct_direction,last_breakout_pat_apply_idx
2025-11-16 22:00:00+00:00,0.56794,0.56808,0.56784,0.56801,725,7.00000000000145e-05,0.00024000000000001798,7.00000000000145e-05,9.999999999998899e-05,1,0.56796,0.2916666666667052,pinbar,0,0,False,False,False,0.0,0.0,False,False,0.0,0.0,False,False,0.0,0.0,0,725.0,1.0,False,,0,,-1,-1,-1,0,-1,-1,0,0.0,,0,-1.0,-1.0,-1,-1,,,,-1,,,-1,,,0,,,,,0,,-1,-1,-1,0,-1
2025-11-16 23:00:00+00:00,0.568,0.56814,0.56752,0.56754,957,0.00045999999999990493,0.0006199999999999539,0.000140000000000029,2.0000000000020002e-05,-1,0.5678300000000001,0.7419354838708695,maru,0,0,True,False,False,0.0,0.0,False,False,0.0,0.0,False,False,0.0,0.0,-1,747.0952380952381,1.28,True,,0,,-1,-1,-1,0,-1,-1,1,0.00024999999999997247,,0,-1.0,-1.0,-1,-1,,,,-1,,,-1,,,0,,,,,0,,-1,-1,-1,0,-1
2025-11-17 00:00:00+00:00,0.56754,0.56759,0.56648,0.56666,2371,0.0008799999999999919,0.0011100000000000554,4.999999999999449e-05,0.000180000000000069,-1,0.567035,0.792792792792746,maru,0,0,False,True,True,0.0006199999999999539,1.79,False,False,0.0,0.0,False,False,0.0,0.0,-1,901.7528344671202,2.63,True,,0,,-1,-1,-1,1,6,4,1,0.0005399999999999849,,0,-1.0,-1.0,-1,-1,,,,-1,,,-1,,,0,,,,,0,,-1,-1,-1,0,-1
2025-11-17 01:00:00+00:00,0.56665,0.56698,0.56609,0.56637,2637,0.00027999999999994696,0.0008900000000000574,0.0003300000000000525,0.000280000000000058,-1,0.566535,0.3146067415729538,pinbar,0,0,False,True,True,0.0011100000000000554,0.8,True,True,0.0006199999999999539,1.44,False,False,0.0,0.0,-1,1067.0144692797755,2.47,True,one_maru_continuous,-1,SUCCESS,2,3,-1,1,5,2,0,0.0,,0,-1.0,-1.0,-1,-1,,,,-1,,,-1,,,0,,,,,0,,-1,-1,-1,0,-1
2025-11-17 02:00:00+00:00,0.56638,0.5667,0.56613,0.56631,2242,7.00000000000145e-05,0.0005699999999999594,0.00031999999999998696,0.00017999999999995797,-1,0.566415,0.12280701754389382,pinbar,-1,0,False,False,True,0.0011100000000000554,0.51,False,True,0.0011100000000000554,0.51,True,True,0.0006199999999999539,0.92,-1,1178.9178531578923,1.9,True,,0,,-1,-1,-1,0,-1,-1,0,0.0,,0,-1.0,-1.0,-1,-1,,,,-1,,,-1,,,0,,,,,0,,-1,-1,-1,0,-1
2025-11-17 03:00:00+00:00,0.5663,0.56638,0.56579,0.56622,1660,8.000000000008001e-05,0.0005899999999999794,7.999999999996898e-05,0.00042999999999993044,-1,0.566085,0.13559322033912338,pinbar,1,0,False,False,True,0.0011100000000000554,0.53,False,True,0.0011100000000000554,0.53,False,True,0.0011100000000000554,0.53,-1,1224.7352004761883,1.36,True,,0,,-1,-1,-1,0,-1,-1,0,0.0,,0,-1.0,-1.0,-1,-1,,,,-1,,,-1,,,0,,,,,0,,-1,-1,-1,0,-1
2025-11-17 04:00:00+00:00,0.56623,0.56674,0.56622,0.56674,991,0.0005100000000000104,0.000520000000000076,0.0,1.0000000000065512e-05,1,0.56648,0.9807692307691076,maru,0,0,True,False,False,0.0011100000000000554,0.47,False,False,0.0011100000000000554,0.47,False,False,0.0011100000000000554,0.47,1,1202.4747051927418,0.82,False,,0,,-1,-1,-1,0,-1,-1,1,0.00036000000000002697,,0,-1.0,-1.0,-1,-1,,,,-1,,,-1,,,0,,,,,0,,-1,-1,-1,0,-1
2025-11-17 05:00:00+00:00,0.56674,0.56723,0.56674,0.56708,1024,0.00034000000000000696,0.0004899999999999904,0.00014999999999998348,0.0,1,0.5669850000000001,0.6938775510204359,maru,0,0,False,False,False,0.0011100000000000554,0.44,False,False,0.0011100000000000554,0.44,False,False,0.0011100000000000554,0.44,1,1185.4771142220043,0.86,False,,0,,-1,-1,-1,1,11,4,0,0.0,,0,-1.0,-1.0,-1,-1,,,,-1,,,-1,,,0,,,,,0,,-1,-1,-1,0,-1
2025-11-17 06:00:00+00:00,0.5671,0.56746,0.56672,0.5674,1665,0.00029999999999996696,0.0007399999999999629,5.999999999994898e-05,0.00038000000000004697,1,0.56709,0.40540540540538106,normal,0,1,False,True,True,0.0011100000000000554,0.67,True,True,0.0011100000000000554,0.67,True,True,0.0011100000000000554,0.67,1,1231.1459604865754,1.35,True,one_maru_continuous,1,CONFIRMED,6,7,8,1,10,2,1,0.00012999999999996348,,0,-1.0,-1.0,-1,-1,,,,-1,,,-1,,,0,,,,,0,,-1,-1,-1,0,-1
2025-11-17 07:00:00+00:00,0.56741,0.56882,0.56736,0.56874,2455,0.0013300000000000534,0.0014600000000000168,7.999999999996898e-05,4.999999999999449e-05,1,0.56809,0.9109589041096151,maru,0,0,True,True,True,0.0011100000000000554,1.32,True,True,0.0011100000000000554,1.32,True,True,0.0011100000000000554,1.32,1,1347.7034880592826,1.82,True,double_maru,1,CONFIRMED,7,8,9,0,-1,-1,0,0.0,,0,-1.0,-1.0,-1,-1,,,,-1,,,-1,,,0,,,,,0,,-1,-1,-1,0,-1
2025-11-17 08:00:00+00:00,0.56876,0.56892,0.56739,0.56743,3430,0.0013300000000000534,0.0015300000000000313,0.00015999999999993797,4.0000000000040004e-05,-1,0.568155,0.8692810457516511,maru,0,0,True,True,True,0.0014600000000000168,1.05,True,True,0.0011100000000000554,1.38,True,True,0.0011100000000000554,1.38,-1,1546.0174415774459,2.22,True,,0,,-1,-1,-1,0,-1,-1,0,0.0,,0,-1.0,-1.0,-1,-1,,,,-1,,,-1,,,0,,,,,0,,-1,-1,-1,0,-1
2025-11-17 09:00:00+00:00,0.56742,0.56754,0.56691,0.56699,2244,0.00043000000000004146,0.0006300000000000194,0.00012000000000000899,7.999999999996898e-05,-1,0.5672250000000001,0.6825396825397273,maru,0,0,False,False,False,0.0015300000000000313,0.41,False,False,0.0014600000000000168,0.43,False,True,0.0011100000000000554,0.57,-1,1612.4919709510225,1.39,True,one_maru_continuous,-1,SUCCESS,10,11,-1,0,-1,-1,1,3.999999999992898e-05,,0,-1.0,-1.0,-1,-1,,,,-1,,,-1,,,0,,,,,0,,-1,-1,-1,0,-1
2025-11-17 10:00:00+00:00,0.56698,0.56735,0.56627,0.56628,2483,0.0007000000000000339,0.0010799999999999699,0.00036999999999998145,9.99999999995449e-06,-1,0.56681,0.6481481481481977,maru,0,0,True,True,True,0.0015300000000000313,0.71,True,True,0.0015300000000000313,0.71,True,True,0.0014600000000000168,0.74,-1,1695.3974975271155,1.46,True,,0,,-1,-1,-1,1,14,2,0,0.0,,0,-1.0,-1.0,-1,-1,,,,-1,,,-1,,,0,,,,,0,,-1,-1,-1,0,-1
2025-11-17 11:00:00+00:00,0.56627,0.567,0.56602,0.56688,2377,0.0006099999999999994,0.0009799999999999809,0.00011999999999989797,0.0002500000000000835,1,0.56651,0.6224489795918483,normal,0,0,False,False,True,0.0015300000000000313,0.64,False,True,0.0015300000000000313,0.64,False,True,0.0015300000000000313,0.64,1,1760.3120215721522,1.35,True,,0,,-1,-1,-1,1,15,2,0,0.0,,0,-1.0,-1.0,-1,-1,,,,-1,,,-1,,,0,,,,,0,,-1,-1,-1,0,-1
2025-11-17 12:00:00+00:00,0.56687,0.56733,0.56672,0.56682,1945,4.999999999999449e-05,0.0006099999999999994,0.00046000000000001595,9.999999999998899e-05,-1,0.567025,0.08196721311474514,pinbar,-1,0,False,False,False,0.0015300000000000313,0.4,False,False,0.0015300000000000313,0.4,False,False,0.0015300000000000313,0.4,-1,1777.9013528509947,1.09,False,,0,,-1,-1,-1,1,17,3,0,0.0,,0,-1.0,-1.0,-1,-1,,,,-1,,,-1,,,0,,,,,0,,-1,-1,-1,0,-1
2025-11-17 13:00:00+00:00,0.56683,0.5669,0.56608,0.56638,2554,0.00044999999999995044,0.0008199999999999319,7.00000000000145e-05,0.00029999999999996696,-1,0.5664899999999999,0.5487804878048632,normal,0,1,False,False,True,0.0015300000000000313,0.54,False,True,0.0015300000000000313,0.54,False,True,0.0015300000000000313,0.54,-1,1851.8155097223284,1.38,True,,0,,-1,-1,-1,1,19,4,0,0.0,,0,-1.0,-1.0,-1,-1,,,,-1,,,-1,,,0,,,,,0,,-1,-1,-1,0,-1
2025-11-17 14:00:00+00:00,0.56636,0.56678,0.56592,0.56665,4815,0.00029000000000001247,0.0008599999999999719,0.00012999999999996348,0.00043999999999999595,1,0.5663499999999999,0.3372093023256069,pinbar,1,0,False,False,True,0.0015300000000000313,0.56,False,True,0.0015300000000000313,0.56,False,True,0.0015300000000000313,0.56,1,2134.02355641544,2.26,True,,0,,-1,-1,-1,1,20,4,0,0.0,,0,-1.0,-1.0,-1,-1,,,,-1,,,-1,,,0,,,,,0,,-1,-1,-1,0,-1
2025-11-17 15:00:00+00:00,0.56663,0.56717,0.5659,0.56716,4934,0.0005300000000000304,0.0012699999999999934,9.99999999995449e-06,0.0007300000000000084,1,0.566535,0.4173228346456955,normal,0,1,False,True,True,0.0015300000000000313,0.83,True,True,0.0015300000000000313,0.83,True,True,0.0015300000000000313,0.83,1,2400.687979613969,2.06,True,,0,,-1,-1,-1,1,19,2,0,0.0,,0,-1.0,-1.0,-1,-1,,,,-1,,,-1,,,0,,,,,0,,-1,-1,-1,0,-1
2025-11-17 16:00:00+00:00,0.56714,0.5673,0.56641,0.5673,3193,0.000160000000000049,0.0008900000000000574,0.0,0.0007300000000000084,1,0.566855,0.17977528089891986,pinbar,1,0,False,False,True,0.0015300000000000313,0.58,False,True,0.0015300000000000313,0.58,False,True,0.0015300000000000313,0.58,1,2476.1462672697817,1.29,True,,0,,-1,-1,-1,0,-1,-1,0,0.0,,0,-1.0,-1.0,-1,-1,,,,-1,,,-1,,,0,,,,,0,,-1,-1,-1,0,-1
2025-11-17 17:00:00+00:00,0.56732,0.56752,0.56682,0.56689,2181,0.00043000000000004146,0.0007000000000000339,0.00019999999999997797,7.00000000000145e-05,-1,0.56717,0.6142857142857437,normal,0,0,False,False,False,0.0015300000000000313,0.46,False,False,0.0015300000000000313,0.46,False,False,0.0015300000000000313,0.46,-1,2448.037098958374,0.89,False,,0,,-1,-1,-1,0,-1,-1,0,0.0,,0,-1.0,-1.0,-1,-1,,,,-1,,,-1,,,0,,,,,0,,-1,-1,-1,0,-1
2025-11-17 18:00:00+00:00,0.56689,0.56689,0.566,0.566,1691,0.0008900000000000574,0.0008900000000000574,0.0,0.0,-1,0.566445,1.0,maru,0,0,True,False,True,0.0015300000000000313,0.58,False,True,0.0015300000000000313,0.58,False,True,0.0015300000000000313,0.58,-1,2375.9383276290046,0.71,False,,0,,-1,-1,-1,0,-1,-1,1,0.0007599999999999829,,0,-1.0,-1.0,-1,-1,,,,-1,,,-1,,,0,,,,,0,,-1,-1,-1,0,-1
2025-11-17 19:00:00+00:00,0.56598,0.56606,0.56499,0.56508,2518,0.0009000000000000119,0.0010700000000000154,7.999999999996898e-05,9.00000000000345e-05,-1,0.565525,0.8411214953271018,maru,0,0,True,True,True,0.0015300000000000313,0.7,True,True,0.0015300000000000313,0.7,True,True,0.0015300000000000313,0.7,-1,2389.4680107119566,1.05,False,double_maru,-1,SUCCESS,20,21,-1,1,23,2,1,0.00031999999999998696,,0,-1.0,-1.0,-1,-1,,,,-1,,,-1,,,0,,,,,0,,-1,-1,-1,0,-1
2025-11-17 20:00:00+00:00,0.56506,0.56568,0.56489,0.56562,1841,0.0005600000000000049,0.0007899999999999574,5.999999999994898e-05,0.00017000000000000348,1,0.565285,0.7088607594937154,maru,0,0,True,False,True,0.0015300000000000313,0.52,False,True,0.0015300000000000313,0.52,False,True,0.0015300000000000313,0.52,1,2337.232962072723,0.79,False,,0,,-1,-1,-1,1,25,3,0,0.0,,0,-1.0,-1.0,-1,-1,,,,-1,,,-1,,,0,,,,,0,,-1,-1,-1,0,-1
2025-11-17 21:00:00+00:00,0.56561,0.5658,0.56533,0.56578,1031,0.00017000000000000348,0.00046999999999997044,2.0000000000020002e-05,0.00027999999999994696,1,0.565565,0.36170212765960463,pinbar,1,0,False,False,False,0.0010799999999999699,0.44,False,False,0.0015300000000000313,0.31,False,False,0.0015300000000000313,0.31,1,2212.8298228277017,0.47,False,,0,,-1,-1,-1,1,25,2,1,6.0000000000060005e-05,,0,-1.0,-1.0,-1,-1,,,,-1,,,-1,,,0,,,,,0,,-1,-1,-1,0,-1
2025-11-17 22:00:00+00:00,0.56596,0.566,0.56574,0.56596,947,0.0,0.00025999999999992696,3.999999999992898e-05,0.00021999999999999797,0,0.56587,0.0,pinbar,1,0,False,False,False,0.0010799999999999699,0.24,False,False,0.0010799999999999699,0.24,False,False,0.0015300000000000313,0.17,1,2092.274601606016,0.45,False,,0,,-1,-1,-1,1,27,3,0,0.0,,0,-1.0,-1.0,-1,-1,,,,-1,,,-1,,,0,,,,,0,,-1,-1,-1,0,-1
2025-11-17 23:00:00+00:00,0.56596,0.56607,0.5653,0.5654,596,0.0005600000000000049,0.0007699999999999374,0.00010999999999994348,9.999999999998899e-05,-1,0.565685,0.7272727272727928,maru,0,0,False,True,True,0.0010799999999999699,0.71,True,True,0.0010799999999999699,0.71,True,True,0.0010799999999999699,0.71,-1,1949.7722585959193,0.31,False,,0,,-1,-1,-1,1,27,2,1,0.00034000000000000696,,0,-1.0,-1.0,-1,-1,,,,-1,,,-1,,,0,,,,,0,,-1,-1,-1,0,-1
2025-11-18 00:00:00+00:00,0.5654,0.5654,0.56492,0.56507,1845,0.0003300000000000525,0.00048000000000003595,0.0,0.00014999999999998348,-1,0.56516,0.6875000000000578,maru,0,0,False,False,False,0.0010799999999999699,0.44,False,False,0.0010799999999999699,0.44,False,False,0.0010799999999999699,0.44,-1,1939.793948253451,0.95,False,one_maru_continuous,-1,SUCCESS,25,26,-1,1,28,2,0,0.0,,0,-1.0,-1.0,-1,-1,,,,-1,,,-1,,,0,,,,,0,,-1,-1,-1,0,-1
2025-11-18 01:00:00+00:00,0.56508,0.56578,0.56506,0.56576,2999,0.0006800000000000139,0.0007199999999999429,1.999999999990898e-05,2.0000000000020002e-05,1,0.56542,0.9444444444445387,maru,0,0,True,True,True,0.0010700000000000154,0.67,True,True,0.0010799999999999699,0.67,True,True,0.0010799999999999699,0.67,1,2040.6707150864554,1.47,True,,0,,-1,-1,-1,1,30,3,0,0.0,,0,-1.0,-1.0,-1,-1,,,,-1,,,-1,,,0,,,,,0,,-1,-1,-1,0,-1
2025-11-18 02:00:00+00:00,0.56574,0.56586,0.56525,0.56532,2104,0.00041999999999997595,0.0006099999999999994,0.00012000000000000899,7.00000000000145e-05,-1,0.565555,0.6885245901638957,maru,0,0,False,False,True,0.0010700000000000154,0.57,False,True,0.0010700000000000154,0.57,False,True,0.0010799999999999699,0.56,-1,2046.702075554412,1.03,False,,0,,-1,-1,-1,1,31,3,0,0.0,,0,-1.0,-1.0,-1,-1,,,,-1,,,-1,,,0,,,,,0,,-1,-1,-1,0,-1
2025-11-18 03:00:00+00:00,0.56532,0.56547,0.56486,0.56495,2595,0.0003700000000000925,0.0006099999999999994,0.00014999999999998348,8.999999999992347e-05,-1,0.565165,0.6065573770493325,normal,0,0,False,True,True,0.0007899999999999574,0.77,False,True,0.0010700000000000154,0.57,False,True,0.0010700000000000154,0.57,-1,2098.920925501611,1.24,True,,0,,-1,-1,-1,1,31,2,1,0.000180000000000069,,0,-1.0,-1.0,-1,-1,,,,-1,,,-1,,,0,,,,,0,,-1,-1,-1,0,-1
2025-11-18 04:00:00+00:00,0.56492,0.56507,0.56384,0.56506,3066,0.000140000000000029,0.0012299999999999534,9.99999999995449e-06,0.0010799999999999699,1,0.5644549999999999,0.11382113821141,pinbar,1,0,False,True,True,0.0007899999999999574,1.56,True,True,0.0007899999999999574,1.56,True,True,0.0010700000000000154,1.15,1,2191.0236945014576,1.4,True,,0,,-1,-1,-1,1,32,2,0,0.0,,0,-1.0,-1.0,-1,-1,,,,-1,,,-1,,,0,,,,,0,,-1,-1,-1,0,-1
2025-11-18 05:00:00+00:00,0.56504,0.56582,0.56465,0.56535,2075,0.00031000000000003247,0.0011700000000000044,0.00046999999999997044,0.00039000000000000146,1,0.5652349999999999,0.2649572649572917,pinbar,0,0,False,True,True,0.0007899999999999574,1.48,True,True,0.0007899999999999574,1.48,True,True,0.0007899999999999574,1.48,1,2179.9738188346523,0.95,False,,0,,-1,-1,-1,0,-1,-1,0,0.0,,0,-1.0,-1.0,-1,-1,,,,-1,,,-1,,,0,,,,,0,,-1,-1,-1,0,-1
2025-11-18 06:00:00+00:00,0.56534,0.5656,0.5649,0.56496,2528,0.00037999999999993594,0.0007000000000000339,0.000260000000000038,6.0000000000060005e-05,-1,0.56525,0.542857142857025,maru,0,0,True,True,True,0.0007899999999999574,0.89,True,True,0.0007899999999999574,0.89,True,True,0.0007899999999999574,0.89,-1,2213.1191694218282,1.14,False,,0,,-1,-1,-1,0,-1,-1,0,0.0,,0,-1.0,-1.0,-1,-1,,,,-1,,,-1,,,0,,,,,0,,-1,-1,-1,0,-1
2025-11-18 07:00:00+00:00,0.56495,0.56606,0.56488,0.56586,2733,0.0009100000000000774,0.0011799999999999589,0.00019999999999997797,6.999999999990347e-05,1,0.56547,0.7711864406780586,maru,0,0,False,True,True,0.0007699999999999374,1.53,True,True,0.0007899999999999574,1.49,True,True,0.0007899999999999574,1.49,1,2262.631629476892,1.21,True,,0,,-1,-1,-1,0,-1,-1,1,0.00019999999999997797,,0,-1.0,-1.0,-1,-1,,,,-1,,,-1,,,0,,,,,0,,-1,-1,-1,0,-1
2025-11-18 08:00:00+00:00,0.56586,0.56694,0.5658,0.56638,3256,0.0005199999999999649,0.0011400000000000299,0.0005600000000000049,6.0000000000060005e-05,1,0.56637,0.45614035087715027,normal,0,-1,False,True,True,0.0011799999999999589,0.97,True,True,0.0007699999999999374,1.48,True,True,0.0007899999999999574,1.44,1,2357.2381409552836,1.38,True,one_maru_continuous,1,SUCCESS,33,34,-1,1,36,2,1,0.00019999999999997797,,0,-1.0,-1.0,-1,-1,,,,-1,,,-1,,,0,,,,,0,,-1,-1,-1,0,-1
2025-11-18 09:00:00+00:00,0.56636,0.56677,0.56626,0.56657,2429,0.00021000000000004349,0.0005100000000000104,0.00019999999999997797,9.999999999998899e-05,1,0.566515,0.41176470588242975,normal,0,0,False,False,False,0.0011799999999999589,0.43,False,False,0.0011799999999999589,0.43,True,True,0.0007699999999999374,0.66,1,2364.072603721447,1.03,False,,0,,-1,-1,-1,1,37,2,0,0.0,,0,-1.0,-1.0,-1,-1,,,,-1,,,-1,,,0,,,,,0,,-1,-1,-1,0,-1
2025-11-18 10:00:00+00:00,0.56656,0.56658,0.56598,0.56629,2695,0.00026999999999999247,0.0005999999999999339,2.0000000000020002e-05,0.00030999999999992145,-1,0.56628,0.450000000000037,normal,0,1,False,False,True,0.0011799999999999589,0.51,False,True,0.0011799999999999589,0.51,False,True,0.0011799999999999589,0.51,-1,2395.589498605119,1.12,False,,0,,-1,-1,-1,0,-1,-1,0,0.0,,0,-1.0,-1.0,-1,-1,,,,-1,,,-1,,,0,,,,,0,,-1,-1,-1,0,-1
2025-11-18 11:00:00+00:00,0.56627,0.5669,0.56622,0.56658,2089,0.00030999999999992145,0.0006800000000000139,0.00031999999999998696,5.0000000000105516e-05,1,0.56656,0.4558823529410516,normal,0,-1,False,False,True,0.0011799999999999589,0.58,False,True,0.0011799999999999589,0.58,False,True,0.0011799999999999589,0.58,1,2366.3904987379647,0.88,False,,0,,-1,-1,-1,0,-1,-1,0,0.0,,0,-1.0,-1.0,-1,-1,,,,-1,,,-1,,,0,,,,,0,,-1,-1,-1,0,-1
2025-11-18 12:00:00+00:00,0.56658,0.56664,0.56624,0.5666,2359,2.0000000000020002e-05,0.00040000000000006697,4.0000000000040004e-05,0.00034000000000000696,1,0.56644,0.050000000000041636,pinbar,1,0,False,False,False,0.0011799999999999589,0.34,False,False,0.0011799999999999589,0.34,False,False,0.0011799999999999589,0.34,1,2365.6866417153014,1.0,False,,0,,-1,-1,-1,1,43,5,0,0.0,,0,-1.0,-1.0,-1,-1,,,,-1,,,-1,,,0,,,,,0,,-1,-1,-1,0,-1
2025-11-18 13:00:00+00:00,0.56661,0.56751,0.56636,0.56695,3320,0.00034000000000000696,0.0011499999999999844,0.0005600000000000049,0.00024999999999997247,1,0.566935,0.29565217391305354,pinbar,0,0,False,True,True,0.0011799999999999589,0.97,True,True,0.0011799999999999589,0.97,True,True,0.0011799999999999589,0.97,1,2456.5736282186062,1.35,True,,0,,-1,-1,-1,1,44,5,0,0.0,,0,-1.0,-1.0,-1,-1,,,,-1,,,-1,,,0,,,,,0,,-1,-1,-1,0,-1
2025-11-18 14:00:00+00:00,0.56696,0.56699,0.56584,0.56594,4390,0.0010200000000000209,0.0011499999999999844,2.999999999997449e-05,9.999999999998899e-05,-1,0.566415,0.8869565217391606,maru,0,0,True,True,True,0.0011799999999999589,0.97,True,True,0.0011799999999999589,0.97,True,True,0.0011799999999999589,0.97,-1,2640.7094731501675,1.66,True,,0,,-1,-1,-1,1,42,2,1,0.00027999999999994696,,0,-1.0,-1.0,-1,-1,,,,-1,,,-1,,,0,,,,,0,,-1,-1,-1,0,-1
2025-11-18 15:00:00+00:00,0.56592,0.56608,0.56524,0.56537,6406,0.0005499999999999394,0.0008400000000000629,0.000160000000000049,0.0001300000000000745,-1,0.56566,0.6547619047617836,maru,0,0,False,True,True,0.0011799999999999589,0.71,True,True,0.0011799999999999589,0.71,True,True,0.0011799999999999589,0.71,-1,2999.3085709453894,2.14,True,one_maru_continuous,-1,SUCCESS,40,41,-1,0,-1,-1,0,0.0,,0,-1.0,-1.0,-1,-1,,,,-1,,,-1,,,0,,,,,0,,-1,-1,-1,0,-1
2025-11-18 16:00:00+00:00,0.56536,0.56635,0.56472,0.56594,5584,0.0005800000000000249,0.0016300000000000203,0.00041000000000002146,0.0006399999999999739,1,0.565535,0.3558282208589066,pinbar,0,0,False,True,True,0.0011799999999999589,1.38,True,True,0.0011799999999999589,1.38,True,True,0.0011799999999999589,1.38,1,3245.469659426781,1.72,True,,0,,-1,-1,-1,1,46,4,0,0.0,,0,-1.0,-1.0,-1,-1,,,,-1,,,-1,,,0,,,,,0,,-1,-1,-1,0,-1
2025-11-18 17:00:00+00:00,0.56594,0.56638,0.56529,0.56629,4137,0.00034999999999996145,0.0010900000000000354,9.00000000000345e-05,0.0006500000000000394,1,0.565835,0.3211009174311469,pinbar,1,0,False,True,True,0.0011799999999999589,0.92,True,True,0.0011799999999999589,0.92,True,True,0.0011799999999999589,0.92,1,3330.3773109099448,1.24,True,,0,,-1,-1,-1,1,46,3,0,0.0,,0,-1.0,-1.0,-1,-1,,,,-1,,,-1,,,0,,,,,0,,-1,-1,-1,0,-1
2025-11-18 18:00:00+00:00,0.56629,0.56686,0.56629,0.56648,2178,0.00019000000000002348,0.0005700000000000705,0.00038000000000004697,0.0,1,0.566575,0.3333333333333333,pinbar,-1,0,False,False,False,0.0011799999999999589,0.48,False,False,0.0011799999999999589,0.48,False,False,0.0011799999999999589,0.48,1,3220.6270908232837,0.68,False,,0,,-1,-1,-1,0,-1,-1,0,0.0,,0,-1.0,-1.0,-1,-1,,,,-1,,,-1,,,0,,,,,0,,-1,-1,-1,0,-1
2025-11-18 19:00:00+00:00,0.56648,0.5668,0.56636,0.56654,1969,6.0000000000060005e-05,0.00043999999999999595,0.00025999999999992696,0.00012000000000000899,1,0.56658,0.136363636363774,pinbar,-1,0,False,False,False,0.0011799999999999589,0.37,False,False,0.0011799999999999589,0.37,False,False,0.0011799999999999589,0.37,1,3101.424510744876,0.63,False,,0,,-1,-1,-1,0,-1,-1,0,0.0,,0,-1.0,-1.0,-1,-1,,,,-1,,,-1,,,0,,,,,0,,-1,-1,-1,0,-1
2025-11-18 20:00:00+00:00,0.56657,0.56668,0.56611,0.56612,1377,0.00045000000000006146,0.0005699999999999594,0.00010999999999994348,9.99999999995449e-06,-1,0.566395,0.7894736842106903,maru,0,0,True,False,False,0.0011799999999999589,0.48,False,False,0.0011799999999999589,0.48,False,False,0.0011799999999999589,0.48,-1,2937.1936049596497,0.47,False,,0,,-1,-1,-1,0,-1,-1,1,0.00024999999999997247,,0,-1.0,-1.0,-1,-1,,,,-1,,,-1,,,0,,,,,0,,-1,-1,-1,0,-1
2025-11-18 21:00:00+00:00,0.56611,0.56611,0.56554,0.56578,948,0.0003300000000000525,0.0005699999999999594,0.0,0.00023999999999990695,-1,0.565825,0.5789473684211859,normal,0,1,False,False,False,0.0011799999999999589,0.48,False,False,0.0011799999999999589,0.48,False,False,0.0011799999999999589,0.48,-1,2747.7465949634925,0.35,False,,0,,-1,-1,-1,1,49,2,1,2.999999999997449e-05,,0,-1.0,-1.0,-1,-1,,,,-1,,,-1,,,0,,,,,0,,-1,-1,-1,0,-1
2025-11-18 22:00:00+00:00,0.56602,0.56608,0.56575,0.56592,653,9.999999999998899e-05,0.0003300000000000525,6.0000000000060005e-05,0.00017000000000000348,-1,0.565915,0.3030303030302215,pinbar,1,0,False,False,False,0.0011799999999999589,0.28,False,False,0.0011799999999999589,0.28,False,False,0.0011799999999999589,0.28,1,2548.2469192526837,0.26,False,,0,,-1,-1,-1,0,-1,-1,0,0.0,,0,-1.0,-1.0,-1,-1,,,,-1,,,-1,,,0,,,,,0,,-1,-1,-1,0,-1
2025-11-18 23:00:00+00:00,0.5659,0.56619,0.56578,0.56586,952,3.999999999992898e-05,0.00041000000000002146,0.00029000000000001247,8.000000000008001e-05,-1,0.565985,0.09756097560957777,pinbar,-1,0,False,False,False,0.0011799999999999589,0.35,False,False,0.0011799999999999589,0.35,False,False,0.0011799999999999589,0.35,-1,2396.2234031333805,0.4,False,,0,,-1,-1,-1,0,-1,-1,0,0.0,,0,-1.0,-1.0,-1,-1,,,,-1,,,-1,,,0,,,,,0,,-1,-1,-1,0,-1
2025-11-19 00:00:00+00:00,0.56586,0.56595,0.5645,0.56456,2198,0.0013000000000000789,0.0014499999999999513,8.999999999992347e-05,5.999999999994898e-05,-1,0.565225,0.8965517241380155,maru,0,0,True,True,True,0.0011799999999999589,1.23,True,True,0.0011799999999999589,1.23,True,True,0.0011799999999999589,1.23,-1,2377.3449837873445,0.92,False,one_maru_continuous,-1,CONFIRMED,46,47,50,0,-1,-1,1,0.0010299999999999754,,0,-1.0,-1.0,-1,-1,,,,-1,,,-1,,,0,,,,,0,,-1,-1,-1,0,-1
2025-11-19 01:00:00+00:00,0.56454,0.56475,0.56365,0.56384,2610,0.0007000000000000339,0.0010999999999999899,0.00020999999999993246,0.00019000000000002348,-1,0.5642,0.6363636363636731,normal,0,0,False,True,True,0.0014499999999999513,0.76,True,True,0.0011799999999999589,0.93,True,True,0.0011799999999999589,0.93,-1,2399.502604379026,1.09,False,continuous,-1,CONFIRMED,48,50,51,1,56,5,1,0.00024000000000001798,,0,-1.0,-1.0,-1,-1,,,,-1,,,-1,,,0,,,,,0,,-1,-1,-1,0,-1
2025-11-19 02:00:00+00:00,0.56384,0.56426,0.56351,0.56351,2439,0.0003300000000000525,0.0007500000000000284,0.00041999999999997595,0.0,-1,0.563885,0.4400000000000533,normal,0,-1,False,False,True,0.0014499999999999513,0.52,False,True,0.0014499999999999513,0.52,False,True,0.0011799999999999589,0.64,-1,2403.2642611048327,1.01,False,,0,,-1,-1,-1,1,55,3,0,0.0,,0,-1.0,-1.0,-1,-1,,,,-1,,,-1,,,0,,,,,0,,-1,-1,-1,0,-1
2025-11-19 03:00:00+00:00,0.56348,0.56382,0.5631,0.56317,2256,0.00031000000000003247,0.0007199999999999429,0.00034000000000000696,6.999999999990347e-05,-1,0.5634600000000001,0.4305555555556348,normal,0,-1,False,False,True,0.0014499999999999513,0.5,False,True,0.0014499999999999513,0.5,False,True,0.0014499999999999513,0.5,-1,2389.2390933805627,0.94,False,,0,,-1,-1,-1,1,55,2,1,0.00025999999999992696,,0,-1.0,-1.0,-1,-1,,,,-1,,,-1,,,0,,,,,0,,-1,-1,-1,0,-1
2025-11-19 04:00:00+00:00,0.56318,0.56325,0.5628,0.56308,1829,9.999999999998899e-05,0.00045000000000006146,7.00000000000145e-05,0.000280000000000058,-1,0.563025,0.2222222222221674,pinbar,1,0,False,False,False,0.0014499999999999513,0.31,False,False,0.0014499999999999513,0.31,False,False,0.0014499999999999513,0.31,-1,2335.8829892490808,0.78,False,,0,,-1,-1,-1,1,58,4,0,0.0,,0,-1.0,-1.0,-1,-1,,,,-1,,,-1,,,0,,,,,0,,-1,-1,-1,0,-1
2025-11-19 05:00:00+00:00,0.56306,0.56362,0.56291,0.56353,1652,0.00046999999999997044,0.0007099999999999884,9.00000000000345e-05,0.00014999999999998348,1,0.563265,0.6619718309858846,maru,0,0,False,False,False,0.0014499999999999513,0.49,False,False,0.0014499999999999513,0.49,False,False,0.0014499999999999513,0.49,1,2270.751275987264,0.73,False,,0,,-1,-1,-1,1,59,4,1,0.00013999999999991797,,0,-1.0,-1.0,-1,-1,,,,-1,,,-1,,,0,,,,,0,,-1,-1,-1,0,-1
2025-11-19 06:00:00+00:00,0.56351,0.56402,0.56339,0.56378,1525,0.00026999999999999247,0.0006300000000000194,0.00024000000000001798,0.00012000000000000899,1,0.5637049999999999,0.4285714285714034,normal,0,0,False,False,False,0.0014499999999999513,0.43,False,False,0.0014499999999999513,0.43,False,False,0.0014499999999999513,0.43,1,2199.727344940858,0.69,False,,0,,-1,-1,-1,0,-1,-1,0,0.0,,0,-1.0,-1.0,-1,-1,,,,-1,,,-1,,,0,,,,,0,,-1,-1,-1,0,-1
2025-11-19 07:00:00+00:00,0.56378,0.56436,0.56358,0.56385,2470,7.00000000000145e-05,0.0007800000000000029,0.0005100000000000104,0.00019999999999997797,1,0.56397,0.089743589743608,pinbar,-1,0,False,False,True,0.0014499999999999513,0.54,False,True,0.0014499999999999513,0.54,False,True,0.0014499999999999513,0.54,1,2225.4675978036335,1.11,False,,0,,-1,-1,-1,0,-1,-1,0,0.0,,0,-1.0,-1.0,-1,-1,,,,-1,,,-1,,,0,,,,,0,,-1,-1,-1,0,-1
2025-11-19 08:00:00+00:00,0.56386,0.56405,0.56289,0.5629,2917,0.0009600000000000719,0.0011600000000000499,0.00019000000000002348,9.99999999995449e-06,-1,0.56347,0.8275862068965781,maru,0,0,True,True,True,0.0014499999999999513,0.8,True,True,0.0014499999999999513,0.8,True,True,0.0014499999999999513,0.8,-1,2291.3278265842396,1.27,True,,0,,-1,-1,-1,1,61,3,1,0.00010999999999994348,,0,-1.0,-1.0,-1,-1,,,,-1,,,-1,,,0,,,,,0,,-1,-1,-1,0,-1
2025-11-19 09:00:00+00:00,0.56289,0.56347,0.56276,0.56334,2513,0.00044999999999995044,0.0007099999999999884,0.0001300000000000745,0.00012999999999996348,1,0.563115,0.633802816901349,normal,0,0,False,False,False,0.0014499999999999513,0.49,False,False,0.0014499999999999513,0.49,False,False,0.0014499999999999513,0.49,1,2312.4394621476454,1.09,False,,0,,-1,-1,-1,1,61,2,0,0.0,,0,-1.0,-1.0,-1,-1,,,,-1,,,-1,,,0,,,,,0,,-1,-1,-1,0,-1
2025-11-19 10:00:00+00:00,0.56334,0.56345,0.5624,0.56265,2432,0.0006899999999999684,0.0010499999999999954,0.0001100000000000545,0.00024999999999997247,-1,0.562925,0.6571428571428299,maru,0,0,False,True,True,0.0014499999999999513,0.72,True,True,0.0014499999999999513,0.72,True,True,0.0014499999999999513,0.72,-1,2323.826180038346,1.05,False,,0,,-1,-1,-1,1,62,2,0,0.0,,0,-1.0,-1.0,-1,-1,,,,-1,,,-1,,,0,,,,,0,,-1,-1,-1,0,-1
2025-11-19 11:00:00+00:00,0.56266,0.56322,0.56236,0.56314,2042,0.00047999999999992493,0.0008600000000000829,8.000000000008001e-05,0.000300000000000078,1,0.56279,0.5581395348835798,maru,0,0,True,False,True,0.0014499999999999513,0.59,False,True,0.0014499999999999513,0.59,False,True,0.0014499999999999513,0.59,1,2296.9855914632653,0.89,False,,0,,-1,-1,-1,1,64,3,0,0.0,,0,-1.0,-1.0,-1,-1,,,,-1,,,-1,,,0,,,,,0,,-1,-1,-1,0,-1
2025-11-19 12:00:00+00:00,0.56315,0.5634,0.5628,0.56284,1650,0.00031000000000003247,0.0006000000000000449,0.00024999999999997247,4.0000000000040004e-05,-1,0.5630999999999999,0.516666666666682,maru,0,0,True,False,False,0.0014499999999999513,0.41,False,False,0.0014499999999999513,0.41,False,False,0.0014499999999999513,0.41,-1,2235.367916085812,0.74,False,,0,,-1,-1,-1,0,-1,-1,0,0.0,,0,-1.0,-1.0,-1,-1,,,,-1,,,-1,,,0,,,,,0,,-1,-1,-1,0,-1
2025-11-19 13:00:00+00:00,0.56284,0.56308,0.56216,0.56233,2939,0.0005100000000000104,0.0009200000000000319,0.00024000000000001798,0.00017000000000000348,-1,0.56262,0.5543478260869487,normal,0,0,False,True,True,0.0011600000000000499,0.79,False,True,0.0014499999999999513,0.63,False,True,0.0014499999999999513,0.63,-1,2302.3804955062105,1.28,True,,0,,-1,-1,-1,0,-1,-1,1,0.00035999999999991594,,0,-1.0,-1.0,-1,-1,,,,-1,,,-1,,,0,,,,,0,,-1,-1,-1,0,-1
2025-11-19 14:00:00+00:00,0.56232,0.56244,0.56166,0.56242,4543,9.999999999998899e-05,0.0007800000000000029,2.0000000000020002e-05,0.0006599999999999939,1,0.56205,0.1282051282051136,pinbar,1,0,False,True,True,0.0011600000000000499,0.67,True,True,0.0011600000000000499,0.67,False,True,0.0014499999999999513,0.54,1,2515.772829267524,1.81,True,,0,,-1,-1,-1,0,-1,-1,0,0.0,,0,-1.0,-1.0,-1,-1,,,,-1,,,-1,,,0,,,,,0,,-1,-1,-1,0,-1
2025-11-19 15:00:00+00:00,0.56242,0.56244,0.5604,0.56066,3929,0.0017599999999999838,0.0020400000000000418,2.0000000000020002e-05,0.000260000000000038,-1,0.56142,0.8627450980391901,maru,0,0,False,True,True,0.0011600000000000499,1.76,True,True,0.0011600000000000499,1.76,True,True,0.0011600000000000499,1.76,-1,2650.365893146807,1.48,True,one_maru_continuous,-1,CONFIRMED,62,63,65,0,-1,-1,1,0.0009200000000000319,,0,-1.0,-1.0,-1,-1,,,,-1,,,-1,,,0,,,,,0,,-1,-1,-1,0,-1
2025-11-19 16:00:00+00:00,0.56066,0.56074,0.55966,0.56022,4847,0.00043999999999999595,0.0010799999999999699,7.999999999996898e-05,0.0005600000000000049,-1,0.5602,0.40740740740741505,normal,0,1,False,False,True,0.0020400000000000418,0.53,True,True,0.0011600000000000499,0.93,True,True,0.0011600000000000499,0.93,-1,2859.56914141854,1.7,True,one_maru_continuous,-1,SUCCESS,65,66,-1,1,68,2,1,7.999999999996898e-05,,0,-1.0,-1.0,-1,-1,,,,-1,,,-1,,,0,,,,,0,,-1,-1,-1,0,-1
2025-11-19 17:00:00+00:00,0.56021,0.56032,0.559,0.55948,3786,0.0007300000000000084,0.0013199999999999878,0.0001100000000000545,0.00047999999999992493,-1,0.55966,0.5530303030303145,normal,0,1,False,True,True,0.0020400000000000418,0.65,True,True,0.0020400000000000418,0.65,True,True,0.0011600000000000499,1.14,-1,2947.8006517596314,1.28,True,,0,,-1,-1,-1,1,69,2,0,0.0,,0,-1.0,-1.0,-1,-1,,,,-1,,,-1,,,0,,,,,0,,-1,-1,-1,0,-1
2025-11-19 18:00:00+00:00,0.55948,0.56007,0.55947,0.55982,2861,0.00034000000000000696,0.0005999999999999339,0.00024999999999997247,9.99999999995449e-06,1,0.55977,0.5666666666667407,normal,0,-1,False,False,False,0.0020400000000000418,0.29,False,False,0.0020400000000000418,0.29,False,False,0.0020400000000000418,0.29,1,2939.5339230206187,0.97,False,,0,,-1,-1,-1,1,70,2,0,0.0,,0,-1.0,-1.0,-1,-1,,,,-1,,,-1,,,0,,,,,0,,-1,-1,-1,0,-1
2025-11-19 19:00:00+00:00,0.55982,0.55991,0.55906,0.55934,2883,0.00048000000000003595,0.0008500000000000174,9.00000000000345e-05,0.00027999999999994696,-1,0.559485,0.5647058823529719,normal,0,1,False,False,False,0.0020400000000000418,0.42,False,False,0.0020400000000000418,0.42,False,False,0.0020400000000000418,0.42,-1,2934.149739875798,0.98,False,,0,,-1,-1,-1,0,-1,-1,0,0.0,,0,-1.0,-1.0,-1,-1,,,,-1,,,-1,,,0,,,,,0,,-1,-1,-1,0,-1
2025-11-19 20:00:00+00:00,0.55934,0.56008,0.5593,0.5597,1893,0.00036000000000002697,0.0007800000000000029,0.00038000000000004697,3.999999999992898e-05,1,0.55969,0.46153846153849437,normal,0,-1,False,False,False,0.0020400000000000418,0.38,False,False,0.0020400000000000418,0.38,False,False,0.0020400000000000418,0.38,1,2834.9926217923885,0.67,False,,0,,-1,-1,-1,0,-1,-1,0,0.0,,0,-1.0,-1.0,-1,-1,,,,-1,,,-1,,,0,,,,,0,,-1,-1,-1,0,-1
2025-11-19 21:00:00+00:00,0.55971,0.5606,0.55947,0.56039,1535,0.0006800000000000139,0.0011299999999999644,0.00020999999999993246,0.00024000000000001798,1,0.5600350000000001,0.6017699115044561,normal,0,0,False,False,True,0.0020400000000000418,0.55,False,True,0.0020400000000000418,0.55,False,True,0.0020400000000000418,0.55,1,2711.1838006693038,0.57,False,,0,,-1,-1,-1,1,75,4,1,8.999999999992347e-05,,0,-1.0,-1.0,-1,-1,,,,-1,,,-1,,,0,,,,,0,,-1,-1,-1,0,-1
2025-11-19 22:00:00+00:00,0.56034,0.56082,0.56017,0.56043,1253,9.00000000000345e-05,0.0006500000000000394,0.00039000000000000146,0.00017000000000000348,1,0.560495,0.13846153846158313,pinbar,-1,0,False,False,False,0.0020400000000000418,0.32,False,False,0.0020400000000000418,0.32,False,False,0.0020400000000000418,0.32,1,2572.3091529865133,0.49,False,,0,,-1,-1,-1,1,75,3,0,0.0,,0,-1.0,-1.0,-1,-1,,,,-1,,,-1,,,0,,,,,0,,-1,-1,-1,0,-1
2025-11-19 23:00:00+00:00,0.56044,0.56152,0.5603,0.56148,1109,0.0010399999999999299,0.0012199999999999989,4.0000000000040004e-05,0.000140000000000029,1,0.56091,0.852459016393386,maru,0,0,True,False,True,0.0020400000000000418,0.6,False,True,0.0020400000000000418,0.6,False,True,0.0020400000000000418,0.6,1,2432.9463765116075,0.46,False,continuous,1,SUCCESS,71,73,-1,1,75,2,0,0.0,,0,-1.0,-1.0,-1,-1,,,,-1,,,-1,,,0,,,,,0,,-1,-1,-1,0,-1
2025-11-20 00:00:00+00:00,0.56147,0.56147,0.56076,0.56112,2218,0.0003500000000000725,0.0007099999999999884,0.0,0.00035999999999991594,-1,0.561115,0.4929577464789834,normal,0,1,False,False,False,0.0020400000000000418,0.35,False,False,0.0020400000000000418,0.35,False,False,0.0020400000000000418,0.35,-1,2412.4752930343116,0.92,False,,0,,-1,-1,-1,1,78,4,0,0.0,,0,-1.0,-1.0,-1,-1,,,,-1,,,-1,,,0,,,,,0,,-1,-1,-1,0,-1
2025-11-20 01:00:00+00:00,0.56111,0.56134,0.56036,0.5604,2693,0.0007099999999999884,0.0009799999999999809,0.00022999999999995246,4.0000000000040004e-05,-1,0.56085,0.7244897959183697,maru,0,0,True,False,False,0.0020400000000000418,0.48,False,False,0.0020400000000000418,0.48,False,False,0.0020400000000000418,0.48,-1,2439.1919317929483,1.1,False,,0,,-1,-1,-1,1,77,2,1,7.00000000000145e-05,,0,-1.0,-1.0,-1,-1,,,,-1,,,-1,,,0,,,,,0,,-1,-1,-1,0,-1
2025-11-20 02:00:00+00:00,0.56039,0.56069,0.55952,0.56056,2174,0.00016999999999989246,0.0011700000000000044,0.0001300000000000745,0.0008700000000000374,1,0.5601050000000001,0.14529914529905283,pinbar,1,0,False,False,True,0.0020400000000000418,0.57,False,True,0.0020400000000000418,0.57,False,True,0.0020400000000000418,0.57,1,2413.9355573364774,0.9,False,,0,,-1,-1,-1,1,79,3,0,0.0,,0,-1.0,-1.0,-1,-1,,,,-1,,,-1,,,0,,,,,0,,-1,-1,-1,0,-1
2025-11-20 03:00:00+00:00,0.56061,0.56128,0.56034,0.56072,2003,0.00010999999999994348,0.0009400000000000519,0.0005600000000000049,0.0002700000000001035,1,0.56081,0.11702127659567808,pinbar,-1,0,False,False,False,0.0020400000000000418,0.46,False,False,0.0020400000000000418,0.46,False,False,0.0020400000000000418,0.46,1,2374.798837590146,0.84,False,,0,,-1,-1,-1,1,79,2,1,9.99999999995449e-06,,0,-1.0,-1.0,-1,-1,,,,-1,,,-1,,,0,,,,,0,,-1,-1,-1,0,-1
2025-11-20 04:00:00+00:00,0.56072,0.56122,0.5607,0.5609,1358,0.00017999999999995797,0.000520000000000076,0.000320000000000098,2.0000000000020002e-05,1,0.56096,0.34615384615371475,pinbar,-1,0,False,False,False,0.0020400000000000418,0.25,False,False,0.0020400000000000418,0.25,False,False,0.0020400000000000418,0.25,1,2277.960853057751,0.6,False,,0,,-1,-1,-1,1,80,2,0,0.0,,0,-1.0,-1.0,-1,-1,,,,-1,,,-1,,,0,,,,,0,,-1,-1,-1,0,-1
2025-11-20 05:00:00+00:00,0.5609,0.56117,0.5604,0.56041,1597,0.0004899999999999904,0.0007699999999999374,0.00026999999999999247,9.99999999995449e-06,-1,0.560785,0.6363636363636757,maru,0,0,True,False,False,0.0020400000000000418,0.38,False,False,0.0020400000000000418,0.38,False,False,0.0020400000000000418,0.38,-1,2213.1074384808226,0.72,False,,0,,-1,-1,-1,1,81,2,0,0.0,,0,-1.0,-1.0,-1,-1,,,,-1,,,-1,,,0,,,,,0,,-1,-1,-1,0,-1
2025-11-20 06:00:00+00:00,0.5604,0.56117,0.56029,0.56111,1932,0.0007099999999999884,0.0008799999999999919,5.999999999994898e-05,0.0001100000000000545,1,0.56073,0.8068181818181761,maru,0,0,True,False,False,0.0020400000000000418,0.43,False,False,0.0020400000000000418,0.43,False,False,0.0020400000000000418,0.43,1,2186.335301482649,0.88,False,,0,,-1,-1,-1,1,82,2,0,0.0,,0,-1.0,-1.0,-1,-1,,,,-1,,,-1,,,0,,,,,0,,-1,-1,-1,0,-1
2025-11-20 07:00:00+00:00,0.56108,0.56136,0.56064,0.56068,2083,0.00040000000000006697,0.0007199999999999429,0.00027999999999994696,3.999999999992898e-05,-1,0.5609999999999999,0.5555555555556926,maru,0,0,True,False,False,0.0020400000000000418,0.35,False,False,0.0020400000000000418,0.35,False,False,0.0020400000000000418,0.35,-1,2176.4938441985873,0.96,False,,0,,-1,-1,-1,1,85,4,0,0.0,,0,-1.0,-1.0,-1,-1,,,,-1,,,-1,,,0,,,,,0,,-1,-1,-1,0,-1
2025-11-20 08:00:00+00:00,0.56066,0.56122,0.56043,0.56101,2440,0.00034999999999996145,0.0007900000000000684,0.00021000000000004349,0.0002300000000000635,1,0.560825,0.4430379746834571,normal,0,0,False,True,True,0.0012199999999999989,0.65,False,False,0.0020400000000000418,0.39,False,False,0.0020400000000000418,0.39,1,2201.5896685606267,1.11,False,,0,,-1,-1,-1,0,-1,-1,0,0.0,,0,-1.0,-1.0,-1,-1,,,,-1,,,-1,,,0,,,,,0,,-1,-1,-1,0,-1
2025-11-20 09:00:00+00:00,0.56098,0.56156,0.56083,0.56156,3270,0.0005799999999999139,0.0007299999999998974,0.0,0.00014999999999998348,1,0.561195,0.7945205479451992,maru,0,0,True,False,True,0.0012199999999999989,0.6,False,True,0.0012199999999999989,0.6,False,False,0.0020400000000000418,0.36,1,2303.3430334596146,1.42,True,,0,,-1,-1,-1,1,85,2,1,0.00013999999999991797,,0,-1.0,-1.0,-1,-1,,,,-1,,,-1,,,0,,,,,0,,-1,-1,-1,0,-1
2025-11-20 10:00:00+00:00,0.56157,0.56186,0.56136,0.56174,2069,0.00017000000000000348,0.000500000000000056,0.00012000000000000899,0.00021000000000004349,1,0.5616099999999999,0.33999999999996894,pinbar,0,0,False,False,True,0.0009799999999999809,0.51,False,False,0.0012199999999999989,0.41,False,False,0.0012199999999999989,0.41,1,2281.024649320604,0.91,False,,0,,-1,-1,-1,1,89,5,0,0.0,,0,-1.0,-1.0,-1,-1,,,,-1,,,-1,,,0,,,,,0,,-1,-1,-1,0,-1
2025-11-20 11:00:00+00:00,0.56174,0.56188,0.56098,0.56126,1437,0.00048000000000003595,0.0009000000000000119,0.000140000000000029,0.00027999999999994696,-1,0.5614300000000001,0.5333333333333662,normal,0,0,False,True,True,0.0009799999999999809,0.92,True,True,0.0009799999999999809,0.92,True,True,0.0012199999999999989,0.74,-1,2200.6413493853083,0.65,False,,0,,-1,-1,-1,1,89,4,0,0.0,,0,-1.0,-1.0,-1,-1,,,,-1,,,-1,,,0,,,,,0,,-1,-1,-1,0,-1
2025-11-20 12:00:00+00:00,0.56126,0.56139,0.56092,0.56126,1978,0.0,0.00046999999999997044,0.00012999999999996348,0.00034000000000000696,0,0.561155,0.0,pinbar,1,0,False,False,False,0.0009799999999999809,0.48,False,False,0.0009799999999999809,0.48,False,False,0.0009799999999999809,0.48,0,2179.4374113486124,0.91,False,,0,,-1,-1,-1,0,-1,-1,0,0.0,,0,-1.0,-1.0,-1,-1,,,,-1,,,-1,,,0,,,,,0,,-1,-1,-1,0,-1
2025-11-20 13:00:00+00:00,0.56126,0.56328,0.56001,0.56261,8956,0.0013500000000000734,0.003269999999999995,0.0006699999999999484,0.0012499999999999734,1,0.561645,0.41284403669727077,normal,0,0,False,True,True,0.0009799999999999809,3.34,True,True,0.0009799999999999809,3.34,True,True,0.0009799999999999809,3.34,1,2824.8243245535064,3.17,True,one_maru_continuous,1,CONFIRMED,83,84,87,1,89,2,1,0.0006700000000000594,,0,-1.0,-1.0,-1,-1,,,,-1,,,-1,,,0,,,,,0,,-1,-1,-1,0,-1
2025-11-20 14:00:00+00:00,0.56262,0.56389,0.56206,0.56316,6483,0.0005399999999999849,0.0018299999999999983,0.0007300000000000084,0.0005600000000000049,1,0.562975,0.2950819672131068,pinbar,0,0,False,True,True,0.0009799999999999809,1.87,True,True,0.0009799999999999809,1.87,True,True,0.0009799999999999809,1.87,1,3173.222007929363,2.04,True,,0,,-1,-1,-1,0,-1,-1,0,0.0,,0,-1.0,-1.0,-1,-1,,,,-1,,,-1,,,0,,,,,0,,-1,-1,-1,0,-1
2025-11-20 15:00:00+00:00,0.56316,0.5632,0.56118,0.56148,5124,0.0016800000000000148,0.0020200000000000218,4.0000000000040004e-05,0.00029999999999996696,-1,0.56219,0.8316831683168301,maru,0,0,False,True,True,0.0009799999999999809,2.06,True,True,0.0009799999999999809,2.06,True,True,0.0009799999999999809,2.06,-1,3359.0103881265663,1.53,True,,0,,-1,-1,-1,0,-1,-1,1,0.00039999999999995595,,0,-1.0,-1.0,-1,-1,,,,-1,,,-1,,,0,,,,,0,,-1,-1,-1,0,-1
2025-11-20 16:00:00+00:00,0.56146,0.56166,0.5595,0.55962,6142,0.0018399999999999528,0.0021600000000000508,0.000200000000000089,0.00012000000000000899,-1,0.5605800000000001,0.85185185185181,maru,0,0,True,True,True,0.0020200000000000218,1.07,True,True,0.0009799999999999809,2.2,True,True,0.0009799999999999809,2.2,-1,3624.057017828798,1.69,True,one_maru_continuous,-1,SUCCESS,89,90,-1,1,93,3,1,0.001040000000000041,,0,-1.0,-1.0,-1,-1,,,,-1,,,-1,,,0,,,,,0,,-1,-1,-1,0,-1
2025-11-20 17:00:00+00:00,0.55961,0.56014,0.55894,0.55925,7003,0.00036000000000002697,0.0011999999999999789,0.0005299999999999194,0.00031000000000003247,-1,0.5595399999999999,0.30000000000002774,pinbar,0,0,False,False,True,0.0021600000000000508,0.56,False,True,0.0020200000000000218,0.59,True,True,0.0009799999999999809,1.22,-1,3945.861111368912,1.77,True,one_maru_continuous,-1,SUCCESS,90,91,-1,1,93,2,0,0.0,,0,-1.0,-1.0,-1,-1,,,,-1,,,-1,,,0,,,,,0,,-1,-1,-1,0,-1
2025-11-20 18:00:00+00:00,0.55925,0.5602,0.55894,0.55913,3349,0.00012000000000000899,0.0012600000000000389,0.0009500000000000064,0.00019000000000002348,-1,0.55957,0.09523809523809944,pinbar,-1,0,False,False,True,0.0021600000000000508,0.58,False,True,0.0021600000000000508,0.58,False,True,0.0020200000000000218,0.62,-1,3889.017196000444,0.86,False,,0,,-1,-1,-1,1,94,2,0,0.0,,0,-1.0,-1.0,-1,-1,,,,-1,,,-1,,,0,,,,,0,,-1,-1,-1,0,-1
2025-11-20 19:00:00+00:00,0.55913,0.55999,0.55888,0.55998,2916,0.0008500000000000174,0.0011099999999999444,9.99999999995449e-06,0.00024999999999997247,1,0.559435,0.7657657657658198,maru,0,0,True,False,True,0.0021600000000000508,0.51,False,True,0.0021600000000000508,0.51,False,True,0.0021600000000000508,0.51,1,3796.3488916194497,0.77,False,,0,,-1,-1,-1,1,96,3,0,0.0,,0,-1.0,-1.0,-1,-1,,,,-1,,,-1,,,0,,,,,0,,-1,-1,-1,0,-1
2025-11-20 20:00:00+00:00,0.56,0.56007,0.55896,0.559,2304,0.0010000000000000009,0.0011099999999999444,6.999999999990347e-05,4.0000000000040004e-05,-1,0.559515,0.9009009009009469,maru,0,0,True,False,True,0.0021600000000000508,0.51,False,True,0.0021600000000000508,0.51,False,True,0.0021600000000000508,0.51,-1,3654.2204257509306,0.63,False,,0,,-1,-1,-1,1,96,2,0,0.0,,0,-1.0,-1.0,-1,-1,,,,-1,,,-1,,,0,,,,,0,,-1,-1,-1,0,-1
2025-11-20 21:00:00+00:00,0.559,0.55902,0.55828,0.55833,1007,0.0006700000000000594,0.0007399999999999629,1.999999999990898e-05,4.999999999999449e-05,-1,0.55865,0.9054054054055312,maru,0,0,True,False,False,0.0021600000000000508,0.34,False,False,0.0021600000000000508,0.34,False,False,0.0021600000000000508,0.34,-1,3402.1041947270323,0.3,False,,0,,-1,-1,-1,0,-1,-1,0,0.0,,0,-1.0,-1.0,-1,-1,,,,-1,,,-1,,,0,,,,,0,,-1,-1,-1,0,-1
2025-11-20 22:00:00+00:00,0.559,0.55964,0.55808,0.55912,3917,0.00011999999999989797,0.0015600000000000058,0.000520000000000076,0.0009200000000000319,1,0.55886,0.07692307692301123,pinbar,1,0,False,True,True,0.0021600000000000508,0.72,True,True,0.0021600000000000508,0.72,True,True,0.0021600000000000508,0.72,1,3451.1418904673146,1.13,False,,0,,-1,-1,-1,1,98,2,0,0.0,none,0,,,-1,-1,,,1.0,-1,,,-1,,,-1,,,NONE,NONE,0,,-1,-1,0,1,-1
2025-11-20 23:00:00+00:00,0.5591,0.5597,0.55812,0.55904,1330,6.0000000000060005e-05,0.0015800000000000258,0.0005999999999999339,0.0009200000000000319,-1,0.55891,0.03797468354434116,pinbar,1,0,False,True,True,0.0021600000000000508,0.73,True,True,0.0021600000000000508,0.73,True,True,0.0021600000000000508,0.73,-1,3249.128377089475,0.41,False,,0,,-1,-1,-1,1,99,2,0,0.0,none,0,,,-1,-1,,,,-1,,,-1,,,-1,,,NONE,NONE,0,,-1,-1,0,1,-1
2025-11-21 00:00:00+00:00,0.55905,0.55949,0.55858,0.55934,2163,0.00028999999999990145,0.0009100000000000774,0.0001500000000000945,0.00047000000000008146,1,0.559035,0.31868131868118327,pinbar,1,0,False,False,False,0.0021600000000000508,0.42,False,False,0.0021600000000000508,0.42,False,False,0.0021600000000000508,0.42,1,3145.68757927143,0.69,False,,0,,-1,-1,-1,1,100,2,0,0.0,none,0,,,-1,-1,,,,-1,,,-1,,,-1,,,NONE,NONE,0,,-1,-1,0,1,-1
2025-11-21 01:00:00+00:00,0.55932,0.55975,0.55902,0.5595,2965,0.00017999999999995797,0.0007300000000000084,0.00024999999999997247,0.000300000000000078,1,0.559385,0.24657534246569301,pinbar,0,0,False,False,False,0.0021600000000000508,0.34,False,False,0.0021600000000000508,0.34,False,False,0.0021600000000000508,0.34,1,3128.4792383884364,0.95,False,,0,,-1,-1,-1,1,101,2,0,0.0,none,0,,,-1,-1,,,,-1,,,-1,,,-1,,,NONE,NONE,0,,-1,-1,0,1,-1
2025-11-21 02:00:00+00:00,0.55951,0.55976,0.55903,0.55917,1896,0.00034000000000000696,0.0007300000000000084,0.0002500000000000835,0.00013999999999991797,-1,0.5593950000000001,0.46575342465753844,normal,0,0,False,False,False,0.0021600000000000508,0.34,False,False,0.0021600000000000508,0.34,False,False,0.0021600000000000508,0.34,-1,3011.1002633038233,0.63,False,,0,,-1,-1,-1,1,102,2,0,0.0,none,0,,,-1,-1,,,,-1,,,-1,,,-1,,,NONE,NONE,0,,-1,-1,0,1,-1
2025-11-21 03:00:00+00:00,0.55916,0.55955,0.55906,0.55934,1842,0.00017999999999995797,0.0004899999999999904,0.00021000000000004349,9.999999999998899e-05,1,0.5593049999999999,0.3673469387754316,pinbar,0,0,False,False,False,0.0021600000000000508,0.23,False,False,0.0021600000000000508,0.23,False,False,0.0021600000000000508,0.23,1,2899.757381084412,0.64,False,,0,,-1,-1,-1,0,-1,-1,0,0.0,none,0,,,-1,-1,,,,-1,,,-1,,,-1,,,NONE,NONE,0,,-1,-1,0,1,-1
2025-11-21 04:00:00+00:00,0.55934,0.55954,0.55906,0.55949,2097,0.0001500000000000945,0.00048000000000003595,4.999999999999449e-05,0.00027999999999994696,1,0.5593,0.3125000000001735,pinbar,1,0,False,False,False,0.0021600000000000508,0.22,False,False,0.0021600000000000508,0.22,False,False,0.0021600000000000508,0.22,1,2823.304297171611,0.74,False,,0,,-1,-1,-1,1,107,5,0,0.0,none,0,,,-1,-1,,,,-1,,,-1,,,-1,,,NONE,NONE,0,,-1,-1,0,1,-1
2025-11-21 05:00:00+00:00,0.5595,0.56021,0.55949,0.55963,1942,0.00012999999999996348,0.0007199999999999429,0.0005800000000000249,9.99999999995449e-06,1,0.55985,0.18055555555551914,pinbar,-1,0,False,False,False,0.0021600000000000508,0.33,False,False,0.0021600000000000508,0.33,False,False,0.0021600000000000508,0.33,1,2739.3705545838384,0.71,False,,0,,-1,-1,-1,1,105,2,1,7.999999999996898e-05,none,0,,,-1,-1,,,,-1,,,-1,,,-1,,,NONE,NONE,0,,-1,-1,0,1,-1
2025-11-21 06:00:00+00:00,0.55966,0.5604,0.55962,0.56017,2221,0.0005099999999998994,0.0007800000000000029,0.0002300000000000635,4.0000000000040004e-05,1,0.56001,0.6538461538460224,maru,0,0,False,False,False,0.0021600000000000508,0.36,False,False,0.0021600000000000508,0.36,False,False,0.0021600000000000508,0.36,1,2690.0019303377585,0.83,False,,0,,-1,-1,-1,0,-1,-1,0,0.0,none,0,,,-1,-1,,,,-1,,,-1,,,-1,,,NONE,NONE,0,,-1,-1,0,1,-1
2025-11-21 07:00:00+00:00,0.56018,0.56056,0.55958,0.5597,2684,0.00048000000000003595,0.0009799999999999809,0.00037999999999993594,0.00012000000000000899,-1,0.56007,0.48979591836739317,normal,0,-1,False,False,False,0.0021600000000000508,0.45,False,False,0.0021600000000000508,0.45,False,False,0.0021600000000000508,0.45,-1,2689.4303179246385,1.0,False,,0,,-1,-1,-1,1,110,5,0,0.0,none,0,,,-1,-1,,,,-1,,,-1,,,-1,,,NONE,NONE,0,,-1,-1,0,1,-1
2025-11-21 08:00:00+00:00,0.55971,0.56074,0.55918,0.56046,4399,0.0007499999999999174,0.0015600000000000058,0.000280000000000058,0.0005300000000000304,1,0.55996,0.48076923076917605,normal,0,0,False,True,True,0.0021600000000000508,0.72,True,True,0.0021600000000000508,0.72,True,True,0.0021600000000000508,0.72,1,2852.2464781222916,1.54,True,,0,,-1,-1,-1,1,108,2,0,0.0,none,0,,,-1,-1,,,,-1,,,-1,,,-1,,,NONE,NONE,0,,-1,-1,0,1,-1
2025-11-21 09:00:00+00:00,0.56048,0.56052,0.55944,0.55946,3352,0.0010200000000000209,0.0010799999999999699,4.0000000000040004e-05,1.999999999990898e-05,-1,0.55998,0.9444444444444902,maru,0,0,True,False,True,0.0021600000000000508,0.5,False,True,0.0021600000000000508,0.5,False,True,0.0021600000000000508,0.5,-1,2899.8420516344545,1.16,False,,0,,-1,-1,-1,1,110,3,0,0.0,none,0,,,-1,-1,,,,-1,,,-1,,,-1,,,NONE,NONE,0,,-1,-1,0,1,-1
2025-11-21 10:00:00+00:00,0.55945,0.55962,0.55856,0.5595,4658,4.999999999999449e-05,0.001060000000000061,0.00012000000000000899,0.0008900000000000574,1,0.55909,0.04716981132074681,pinbar,1,0,False,True,True,0.0011099999999999444,0.95,False,False,0.0021600000000000508,0.49,False,False,0.0021600000000000508,0.49,1,3067.2856657645066,1.52,True,,0,,-1,-1,-1,1,112,4,0,0.0,none,0,,,-1,-1,,,,-1,,,-1,,,-1,,,NONE,NONE,0,,-1,-1,0,1,-1
2025-11-21 11:00:00+00:00,0.55951,0.55982,0.55893,0.559,2694,0.0005099999999998994,0.0008899999999999464,0.00031000000000003247,7.00000000000145e-05,-1,0.559375,0.57303370786509,maru,0,0,True,True,True,0.0011099999999999444,0.8,True,True,0.0011099999999999444,0.8,False,False,0.0021600000000000508,0.41,-1,3031.7346499774108,0.89,False,,0,,-1,-1,-1,1,112,3,0,0.0,none,0,,,-1,-1,,,,-1,,,-1,,,-1,,,NONE,NONE,0,,-1,-1,0,1,-1
2025-11-21 12:00:00+00:00,0.55899,0.56042,0.55828,0.56016,7103,0.0011700000000000044,0.0021400000000000308,0.000260000000000038,0.0007099999999999884,1,0.55935,0.546728971962611,normal,0,1,False,True,True,0.0011099999999999444,1.93,True,True,0.0011099999999999444,1.93,True,True,0.0011099999999999444,1.93,1,3419.474207122419,2.08,True,,0,,-1,-1,-1,1,112,2,1,0.00024000000000001798,none,0,,,-1,-1,,,,-1,,,-1,,,-1,,,NONE,NONE,0,,-1,-1,0,1,-1
2025-11-21 13:00:00+00:00,0.56016,0.56074,0.56006,0.56054,3377,0.00038000000000004697,0.0006800000000000139,0.00019999999999997797,9.999999999998899e-05,1,0.5604,0.5588235294118223,normal,0,0,False,False,True,0.0011099999999999444,0.61,False,True,0.0011099999999999444,0.61,False,True,0.0011099999999999444,0.61,1,3415.4290445393317,0.99,False,,0,,-1,-1,-1,1,116,5,0,0.0,none,0,,,-1,-1,,,,-1,,,-1,,,-1,,,NONE,NONE,0,,-1,-1,0,1,-1
2025-11-21 14:00:00+00:00,0.56054,0.56064,0.55914,0.55952,5398,0.0010200000000000209,0.0015000000000000568,9.999999999998899e-05,0.00038000000000004697,-1,0.55989,0.6799999999999882,maru,0,0,False,True,True,0.0011099999999999444,1.35,True,True,0.0011099999999999444,1.35,True,True,0.0011099999999999444,1.35,-1,3604.2453260117763,1.5,True,,0,,-1,-1,-1,0,-1,-1,1,2.0000000000020002e-05,none,0,,,-1,-1,,,,-1,,,-1,,,-1,,,NONE,NONE,0,,-1,-1,0,1,-1
2025-11-21 15:00:00+00:00,0.5595,0.56004,0.55874,0.55942,8301,7.999999999996898e-05,0.0012999999999999678,0.0005399999999999849,0.0006800000000000139,-1,0.55939,0.061538461538439206,pinbar,1,0,False,True,True,0.0015000000000000568,0.87,True,True,0.0011099999999999444,1.17,True,True,0.0011099999999999444,1.17,-1,4051.5552949630355,2.05,True,,0,,-1,-1,-1,0,-1,-1,0,0.0,none,0,,,-1,-1,,,,-1,,,-1,,,-1,,,NONE,NONE,0,,-1,-1,0,1,-1
2025-11-21 16:00:00+00:00,0.55941,0.56084,0.55886,0.56081,5238,0.0014000000000000679,0.0019799999999999818,2.999999999997449e-05,0.0005499999999999394,1,0.55985,0.7070707070707478,maru,0,0,True,True,True,0.0015000000000000568,1.32,True,True,0.0015000000000000568,1.32,True,True,0.0011099999999999444,1.78,1,4164.55002877608,1.26,True,,0,,-1,-1,-1,1,116,2,1,0.00038000000000004697,none,0,,,-1,-1,,,,-1,,,-1,,,-1,,,NONE,NONE,0,,-1,-1,0,1,-1
2025-11-21 17:00:00+00:00,0.56084,0.56126,0.56042,0.56085,3527,9.99999999995449e-06,0.0008399999999999519,0.00041000000000002146,0.00041999999999997595,1,0.56084,0.011904761904708407,pinbar,0,0,False,False,False,0.0019799999999999818,0.42,False,True,0.0015000000000000568,0.56,False,True,0.0015000000000000568,0.56,1,4103.830978416453,0.86,False,one_maru_continuous,1,SUCCESS,114,115,-1,1,117,2,0,0.0,range,1,0.56126,0.56042,115,117,0.56126,0.56042,,115,0.56126,CTS_ESTABLISHED,96,0.55808,BOS_CONFIRMED,0,,0.55808,SEEK_PULLBACK,EST_OR_UPD,0,,-1,-1,0,1,115
2025-11-21 18:00:00+00:00,0.56086,0.56119,0.56014,0.56074,3114,0.00012000000000000899,0.0010499999999999954,0.00032999999999994145,0.0006000000000000449,-1,0.560665,0.11428571428572334,pinbar,1,0,False,False,True,0.0019799999999999818,0.53,False,True,0.0019799999999999818,0.53,True,True,0.0015000000000000568,0.7,-1,4009.56136142441,0.78,False,,0,,-1,-1,-1,1,120,4,0,0.0,range,1,0.56126,0.56014,115,117,0.56126,0.56014,,115,0.56126,,96,0.55808,,0,,0.55808,SEEK_PULLBACK,EST_OR_UPD,0,,-1,-1,0,1,115
2025-11-21 19:00:00+00:00,0.56075,0.56154,0.56075,0.56124,1858,0.0004899999999999904,0.0007900000000000684,0.000300000000000078,0.0,1,0.561145,0.6202531645568962,normal,0,-1,False,False,False,0.0019799999999999818,0.4,False,False,0.0019799999999999818,0.4,False,False,0.0019799999999999818,0.4,1,3804.6507555744656,0.49,False,,0,,-1,-1,-1,1,119,2,0,0.0,range,1,0.56154,0.56014,115,117,0.56154,0.56014,,117,0.56154,CTS_UPDATED,96,0.55808,,0,,0.55808,SEEK_PULLBACK,EST_OR_UPD,0,,-1,-1,0,1,115
2025-11-21 20:00:00+00:00,0.56126,0.56139,0.56092,0.56126,1609,0.0,0.00046999999999997044,0.00012999999999996348,0.00034000000000000696,0,0.561155,0.0,pinbar,1,0,False,False,False,0.0019799999999999818,0.24,False,False,0.0019799999999999818,0.24,False,False,0.0019799999999999818,0.24,1,3595.5411598054693,0.45,False,,0,,-1,-1,-1,1,121,3,0,0.0,range,1,0.56154,0.56014,115,117,0.56154,0.56014,,117,0.56154,,96,0.55808,,0,,0.55808,SEEK_PULLBACK,EST_OR_UPD,0,,-1,-1,0,1,115
2025-11-21 21:00:00+00:00,0.56126,0.56158,0.56103,0.5613,1717,4.0000000000040004e-05,0.0005499999999999394,0.00027999999999994696,0.00022999999999995246,1,0.5613049999999999,0.07272727272735346,pinbar,-1,0,False,False,False,0.0019799999999999818,0.28,False,False,0.0019799999999999818,0.28,False,False,0.0019799999999999818,0.28,1,3416.632477919234,0.5,False,,0,,-1,-1,-1,1,121,2,0,0.0,range,1,0.56158,0.56014,115,117,0.56158,0.56014,,119,0.56158,CTS_UPDATED,96,0.55808,,0,,0.55808,SEEK_PULLBACK,EST_OR_UPD,0,,-1,-1,0,1,115
2025-11-23 22:00:00+00:00,0.56104,0.56128,0.56068,0.56084,530,0.00019999999999997797,0.0006000000000000449,0.00024000000000001798,0.000160000000000049,-1,0.56098,0.33333333333327164,pinbar,0,0,False,False,False,0.0019799999999999818,0.3,False,False,0.0019799999999999818,0.3,False,False,0.0019799999999999818,0.3,-1,3141.7150990697833,0.17,False,,0,,-1,-1,-1,1,123,3,0,0.0,range,1,0.56158,0.56014,115,117,0.56158,0.56014,,119,0.56158,,96,0.55808,,0,,0.55808,SEEK_PULLBACK,EST_OR_UPD,0,,-1,-1,0,1,115
2025-11-23 23:00:00+00:00,0.56082,0.5615,0.56082,0.56122,1051,0.00040000000000006697,0.0006800000000000139,0.00027999999999994696,0.0,1,0.56116,0.5882352941177335,normal,0,-1,False,False,False,0.0019799999999999818,0.34,False,False,0.0019799999999999818,0.34,False,False,0.0019799999999999818,0.34,1,2942.5993753488515,0.36,False,,0,,-1,-1,-1,1,124,3,0,0.0,range,1,0.56158,0.56014,115,117,0.56158,0.56014,,119,0.56158,,96,0.55808,,0,,0.55808,SEEK_PULLBACK,EST_OR_UPD,0,,-1,-1,0,1,115
2025-11-24 00:00:00+00:00,0.56122,0.56125,0.56054,0.56066,1248,0.0005600000000000049,0.0007099999999999884,2.999999999997449e-05,0.00012000000000000899,-1,0.560895,0.788732394366217,maru,0,0,False,False,False,0.0019799999999999818,0.36,False,False,0.0019799999999999818,0.36,False,False,0.0019799999999999818,0.36,-1,2781.2089586489606,0.45,False,,0,,-1,-1,-1,1,124,2,0,0.0,range,1,0.56158,0.56014,115,117,0.56158,0.56014,,119,0.56158,,96,0.55808,,0,,0.55808,SEEK_PULLBACK,EST_OR_UPD,0,,-1,-1,0,1,115
2025-11-24 01:00:00+00:00,0.56067,0.5609,0.56029,0.5607,2007,2.999999999997449e-05,0.0006099999999999994,0.00019999999999997797,0.00038000000000004697,1,0.560595,0.049180327868810686,pinbar,1,0,False,False,False,0.0019799999999999818,0.31,False,False,0.0019799999999999818,0.31,False,False,0.0019799999999999818,0.31,1,2707.4747721109648,0.74,False,,0,,-1,-1,-1,1,125,2,0,0.0,range,1,0.56158,0.56014,115,117,0.56158,0.56014,,119,0.56158,,96,0.55808,,0,,0.55808,SEEK_PULLBACK,EST_OR_UPD,0,,-1,-1,0,1,115
2025-11-24 02:00:00+00:00,0.56068,0.56144,0.56055,0.56096,2222,0.000280000000000058,0.0008900000000000574,0.00048000000000003595,0.00012999999999996348,1,0.560995,0.31460674157307855,pinbar,-1,0,False,False,False,0.0019799999999999818,0.45,False,False,0.0019799999999999818,0.45,False,False,0.0019799999999999818,0.45,1,2661.2390795289684,0.83,False,,0,,-1,-1,-1,1,126,2,0,0.0,range,1,0.56158,0.56014,115,117,0.56158,0.56014,,119,0.56158,,96,0.55808,,0,,0.55808,SEEK_PULLBACK,EST_OR_UPD,0,,-1,-1,0,1,115
2025-11-24 03:00:00+00:00,0.56098,0.56116,0.56059,0.56066,1241,0.00031999999999998696,0.0005699999999999594,0.00017999999999995797,7.00000000000145e-05,-1,0.560875,0.5614035087719469,normal,0,0,False,False,False,0.0019799999999999818,0.29,False,False,0.0019799999999999818,0.29,False,False,0.0019799999999999818,0.29,-1,2525.978214811924,0.49,False,,0,,-1,-1,-1,1,130,5,0,0.0,range,1,0.56158,0.56014,115,117,0.56158,0.56014,,119,0.56158,,96,0.55808,,0,,0.55808,SEEK_PULLBACK,EST_OR_UPD,0,,-1,-1,0,1,115
2025-11-24 04:00:00+00:00,0.56063,0.56108,0.56049,0.56056,1136,7.00000000000145e-05,0.0005899999999999794,0.00045000000000006146,6.999999999990347e-05,-1,0.5607850000000001,0.11864406779663887,pinbar,-1,0,False,False,False,0.0019799999999999818,0.3,False,False,0.0019799999999999818,0.3,False,False,0.0019799999999999818,0.3,-1,2393.5993372107882,0.47,False,,0,,-1,-1,-1,1,130,4,0,0.0,range,1,0.56158,0.56014,115,117,0.56158,0.56014,,119,0.56158,,96,0.55808,,0,,0.55808,SEEK_PULLBACK,EST_OR_UPD,0,,-1,-1,0,1,115
2025-11-24 05:00:00+00:00,0.56055,0.56096,0.56049,0.56054,1351,9.99999999995449e-06,0.00046999999999997044,0.00041000000000002146,4.999999999999449e-05,-1,0.560725,0.021276595744585357,pinbar,-1,0,False,False,False,0.0019799999999999818,0.24,False,False,0.0019799999999999818,0.24,False,False,0.0019799999999999818,0.24,-1,2294.304162238332,0.59,False,,0,,-1,-1,-1,1,130,3,0,0.0,range,1,0.56158,0.56014,115,117,0.56158,0.56014,,119,0.56158,,96,0.55808,,0,,0.55808,SEEK_PULLBACK,EST_OR_UPD,0,,-1,-1,0,1,115
2025-11-24 06:00:00+00:00,0.56053,0.56096,0.56008,0.5601,1576,0.00042999999999993044,0.0008799999999999919,0.00043000000000004146,2.0000000000020002e-05,-1,0.56052,0.4886363636362891,normal,0,-1,False,False,False,0.0019799999999999818,0.44,False,False,0.0019799999999999818,0.44,False,False,0.0019799999999999818,0.44,-1,2225.8942420251574,0.71,False,,0,,-1,-1,-1,1,130,2,0,0.0,range,1,0.56158,0.56008,115,117,0.56158,0.56008,0.09302325581380337,119,0.56158,,96,0.55808,,0,,0.55808,SEEK_PULLBACK,EST_OR_UPD,0,,-1,-1,0,1,115
2025-11-24 07:00:00+00:00,0.5601,0.56084,0.55994,0.56041,2445,0.00030999999999992145,0.0009000000000000119,0.00043000000000004146,0.000160000000000049,1,0.5603899999999999,0.3444444444443526,pinbar,0,0,False,False,False,0.0019799999999999818,0.45,False,False,0.0019799999999999818,0.45,False,False,0.0019799999999999818,0.45,1,2246.7614570703804,1.09,False,,0,,-1,-1,-1,1,131,2,0,0.0,range,1,0.56158,0.55994,115,117,0.56158,0.55994,,119,0.56158,,96,0.55808,,0,,0.55808,SEEK_PULLBACK,EST_OR_UPD,0,,-1,-1,0,1,115
2025-11-24 08:00:00+00:00,0.56042,0.56142,0.56026,0.5609,3174,0.00047999999999992493,0.0011600000000000499,0.000520000000000076,0.000160000000000049,1,0.56084,0.41379310344819337,normal,0,-1,False,False,True,0.0019799999999999818,0.59,False,True,0.0019799999999999818,0.59,False,True,0.0019799999999999818,0.59,1,2335.069889730344,1.36,True,,0,,-1,-1,-1,1,132,2,0,0.0,range,1,0.56158,0.55994,115,117,0.56158,0.55994,,119,0.56158,,96,0.55808,,0,,0.55808,SEEK_PULLBACK,EST_OR_UPD,0,,-1,-1,0,1,115
2025-11-24 09:00:00+00:00,0.5609,0.5609,0.55955,0.55994,3361,0.0009599999999999609,0.0013499999999999623,0.0,0.00039000000000000146,-1,0.560225,0.7111111111111019,maru,0,0,False,True,True,0.0019799999999999818,0.68,True,True,0.0019799999999999818,0.68,True,True,0.0019799999999999818,0.68,-1,2432.7775192798354,1.38,True,,0,,-1,-1,-1,1,135,4,0,0.0,range,1,0.56158,0.55955,115,117,0.56158,0.55955,,119,0.56158,,96,0.55808,,0,,0.55808,SEEK_PULLBACK,EST_OR_UPD,0,,-1,-1,0,1,115
2025-11-24 10:00:00+00:00,0.55992,0.56073,0.55986,0.56065,3044,0.0007300000000000084,0.0008699999999999264,7.999999999996898e-05,5.999999999994898e-05,1,0.560295,0.8390804597701956,maru,0,0,True,False,False,0.0019799999999999818,0.44,False,False,0.0019799999999999818,0.44,False,False,0.0019799999999999818,0.44,1,2490.989184110327,1.22,True,,0,,-1,-1,-1,1,136,4,0,0.0,range,1,0.56158,0.55955,115,117,0.56158,0.55955,,119,0.56158,,96,0.55808,,0,,0.55808,SEEK_PULLBACK,EST_OR_UPD,0,,-1,-1,0,1,115
2025-11-24 11:00:00+00:00,0.56068,0.56116,0.56048,0.56107,2046,0.00039000000000000146,0.0006800000000000139,9.00000000000345e-05,0.00019999999999997797,1,0.56082,0.5735294117646963,normal,0,0,False,False,False,0.0019799999999999818,0.34,False,False,0.0019799999999999818,0.34,False,False,0.0019799999999999818,0.34,1,2448.6092618141056,0.84,False,,0,,-1,-1,-1,1,135,2,0,0.0,range,1,0.56158,0.55955,115,117,0.56158,0.55955,,119,0.56158,,96,0.55808,,0,,0.55808,SEEK_PULLBACK,EST_OR_UPD,0,,-1,-1,0,1,115
2025-11-24 12:00:00+00:00,0.56107,0.56146,0.56058,0.56116,2944,9.00000000000345e-05,0.0008799999999999919,0.00029999999999996696,0.0004899999999999904,1,0.56102,0.10227272727276741,pinbar,1,0,False,False,False,0.0019799999999999818,0.44,False,False,0.0019799999999999818,0.44,False,False,0.0019799999999999818,0.44,1,2495.789332117524,1.18,False,,0,,-1,-1,-1,1,137,3,0,0.0,range,1,0.56158,0.55955,115,117,0.56158,0.55955,,119,0.56158,,96,0.55808,,0,,0.55808,SEEK_PULLBACK,EST_OR_UPD,0,,-1,-1,0,1,115
2025-11-24 13:00:00+00:00,0.56117,0.56136,0.56058,0.56082,2443,0.00034999999999996145,0.0007800000000000029,0.00019000000000002348,0.00024000000000001798,-1,0.56097,0.4487179487178976,normal,0,0,False,False,False,0.0019799999999999818,0.39,False,False,0.0019799999999999818,0.39,False,False,0.0019799999999999818,0.39,-1,2490.7617766777594,0.98,False,,0,,-1,-1,-1,1,137,2,0,0.0,range,1,0.56158,0.55955,115,117,0.56158,0.55955,,119,0.56158,,96,0.55808,,0,,0.55808,SEEK_PULLBACK,EST_OR_UPD,0,,-1,-1,0,1,115
2025-11-24 14:00:00+00:00,0.56079,0.56094,0.5598,0.5603,4328,0.0004899999999999904,0.0011400000000000299,0.00014999999999998348,0.000500000000000056,-1,0.56037,0.4298245614034891,normal,0,1,False,False,True,0.0019799999999999818,0.58,False,True,0.0019799999999999818,0.58,False,True,0.0019799999999999818,0.58,-1,2665.736845565592,1.62,True,,0,,-1,-1,-1,1,138,2,0,0.0,range,1,0.56158,0.55955,115,117,0.56158,0.55955,,119,0.56158,,96,0.55808,,0,,0.55808,SEEK_PULLBACK,EST_OR_UPD,0,,-1,-1,0,1,115
2025-11-24 15:00:00+00:00,0.56031,0.56108,0.55988,0.56096,3978,0.0006500000000000394,0.0011999999999999789,0.00012000000000000899,0.00042999999999993044,1,0.5604800000000001,0.541666666666709,normal,0,1,False,False,True,0.0019799999999999818,0.61,False,True,0.0019799999999999818,0.61,False,True,0.0019799999999999818,0.61,1,2790.7142888450594,1.43,True,,0,,-1,-1,-1,1,139,2,0,0.0,range,1,0.56158,0.55955,115,117,0.56158,0.55955,,119,0.56158,,96,0.55808,,0,,0.55808,SEEK_PULLBACK,EST_OR_UPD,0,,-1,-1,0,1,115
2025-11-24 16:00:00+00:00,0.56094,0.56126,0.5606,0.56064,2208,0.00029999999999996696,0.0006599999999999939,0.00031999999999998696,4.0000000000040004e-05,-1,0.5609299999999999,0.4545454545454087,normal,0,-1,False,False,False,0.0019799999999999818,0.33,False,False,0.0019799999999999818,0.33,False,False,0.0019799999999999818,0.33,-1,2735.2176899074348,0.81,False,,0,,-1,-1,-1,1,141,3,0,0.0,range,1,0.56158,0.55955,115,117,0.56158,0.55955,,119,0.56158,,96,0.55808,,0,,0.55808,SEEK_PULLBACK,EST_OR_UPD,0,,-1,-1,0,1,115
2025-11-24 17:00:00+00:00,0.56064,0.56105,0.5603,0.56086,2217,0.00021999999999999797,0.0007500000000000284,0.00019000000000002348,0.00034000000000000696,1,0.560675,0.2933333333333195,pinbar,0,0,False,False,False,0.0019799999999999818,0.38,False,False,0.0019799999999999818,0.38,False,False,0.0019799999999999818,0.38,1,2685.863624201965,0.83,False,,0,,-1,-1,-1,0,-1,-1,0,0.0,range,1,0.56158,0.55955,115,117,0.56158,0.55955,,119,0.56158,,96,0.55808,,0,,0.55808,SEEK_PULLBACK,EST_OR_UPD,0,,-1,-1,0,1,115
2025-11-24 18:00:00+00:00,0.56086,0.56136,0.56086,0.56129,819,0.00042999999999993044,0.0004999999999999449,7.00000000000145e-05,0.0,1,0.56111,0.8599999999999556,maru,0,0,False,False,False,0.0019799999999999818,0.25,False,False,0.0019799999999999818,0.25,False,False,0.0019799999999999818,0.25,1,2508.067088563683,0.33,False,,0,,-1,-1,-1,1,142,2,0,0.0,range,1,0.56158,0.55955,115,117,0.56158,0.55955,,119,0.56158,,96,0.55808,,0,,0.55808,SEEK_PULLBACK,EST_OR_UPD,0,,-1,-1,0,1,115
2025-11-24 19:00:00+00:00,0.5613,0.56134,0.5608,0.56106,979,0.00024000000000001798,0.0005399999999999849,3.999999999992898e-05,0.000260000000000038,-1,0.56107,0.4444444444444901,normal,0,1,False,False,False,0.0019799999999999818,0.27,False,False,0.0019799999999999818,0.27,False,False,0.0019799999999999818,0.27,-1,2362.441651557618,0.41,False,,0,,-1,-1,-1,1,143,2,0,0.0,range,1,0.56158,0.55955,115,117,0.56158,0.55955,,119,0.56158,,96,0.55808,,0,,0.55808,SEEK_PULLBACK,EST_OR_UPD,0,,-1,-1,0,1,115
2025-11-24 20:00:00+00:00,0.56107,0.56136,0.56096,0.56118,1060,0.0001100000000000545,0.00039999999999995595,0.00017999999999995797,0.00010999999999994348,1,0.56116,0.27500000000016656,pinbar,0,0,False,False,False,0.0019799999999999818,0.2,False,False,0.0019799999999999818,0.2,False,False,0.0019799999999999818,0.2,1,2238.3995895045114,0.47,False,,0,,-1,-1,-1,1,144,2,0,0.0,range,1,0.56158,0.55955,115,117,0.56158,0.55955,,119,0.56158,,96,0.55808,,0,,0.55808,SEEK_PULLBACK,EST_OR_UPD,0,,-1,-1,0,1,115
2025-11-24 21:00:00+00:00,0.56115,0.56132,0.56098,0.56111,883,4.0000000000040004e-05,0.00034000000000000696,0.00017000000000000348,0.00012999999999996348,-1,0.56115,0.11764705882364467,pinbar,0,0,False,False,False,0.0019799999999999818,0.17,False,False,0.0019799999999999818,0.17,False,False,0.0019799999999999818,0.17,-1,2109.3139143136054,0.42,False,,0,,-1,-1,-1,1,145,2,0,0.0,range,1,0.56158,0.55955,115,117,0.56158,0.55955,,119,0.56158,,96,0.55808,,0,,0.55808,SEEK_PULLBACK,EST_OR_UPD,0,,-1,-1,0,1,115
2025-11-24 22:00:00+00:00,0.56111,0.56132,0.56088,0.56112,724,9.99999999995449e-06,0.00043999999999999595,0.000200000000000089,0.00022999999999995246,1,0.5611,0.022727272727169505,pinbar,1,0,False,False,False,0.0019799999999999818,0.22,False,False,0.0019799999999999818,0.22,False,False,0.0019799999999999818,0.22,1,1977.379255807548,0.37,False,,0,,-1,-1,-1,1,146,2,0,0.0,range,1,0.56158,0.55955,115,117,0.56158,0.55955,,119,0.56158,,96,0.55808,,0,,0.55808,SEEK_PULLBACK,EST_OR_UPD,0,,-1,-1,0,1,115
2025-11-24 23:00:00+00:00,0.56112,0.56142,0.56102,0.5612,1148,8.000000000008001e-05,0.00040000000000006697,0.00021999999999999797,9.999999999998899e-05,1,0.56122,0.20000000000016654,pinbar,-1,0,False,False,False,0.0019799999999999818,0.2,False,False,0.0019799999999999818,0.2,False,False,0.0019799999999999818,0.2,1,1898.390755254448,0.6,False,,0,,-1,-1,-1,1,147,2,0,0.0,range,1,0.56158,0.55955,115,117,0.56158,0.55955,,119,0.56158,,96,0.55808,,0,,0.55808,SEEK_PULLBACK,EST_OR_UPD,0,,-1,-1,0,1,115
2025-11-25 00:00:00+00:00,0.56119,0.56119,0.5605,0.56109,1597,9.999999999998899e-05,0.0006899999999999684,0.0,0.0005899999999999794,-1,0.560845,0.14492753623187474,pinbar,1,0,False,False,False,0.0019799999999999818,0.35,False,False,0.0019799999999999818,0.35,False,False,0.0019799999999999818,0.35,-1,1869.6868738016435,0.85,False,,0,,-1,-1,-1,0,-1,-1,0,0.0,range,1,0.56158,0.55955,115,117,0.56158,0.55955,,119,0.56158,,96,0.55808,,0,,0.55808,SEEK_PULLBACK,EST_OR_UPD,0,,-1,-1,0,1,115
2025-11-25 01:00:00+00:00,0.56107,0.56218,0.56107,0.56142,2284,0.0003500000000000725,0.0011100000000000554,0.0007599999999999829,0.0,1,0.561625,0.3153153153153649,pinbar,-1,0,False,False,True,0.0019799999999999818,0.56,False,True,0.0019799999999999818,0.56,False,True,0.0019799999999999818,0.56,1,1909.1452667729154,1.2,True,,0,,-1,-1,-1,0,-1,-1,0,0.0,range,1,0.56218,0.55955,115,117,0.56218,0.55955,,147,0.56218,CTS_UPDATED,96,0.55808,,0,,0.55808,SEEK_PULLBACK,EST_OR_UPD,0,,-1,-1,0,1,115
2025-11-25 02:00:00+00:00,0.56143,0.56146,0.56094,0.5614,1712,2.999999999997449e-05,0.0005199999999999649,2.999999999997449e-05,0.00046000000000001595,-1,0.5611999999999999,0.05769230769226253,pinbar,1,0,False,False,False,0.0019799999999999818,0.26,False,False,0.0019799999999999818,0.26,False,False,0.0019799999999999818,0.26,-1,1890.3695270802568,0.91,False,,0,,-1,-1,-1,0,-1,-1,0,0.0,range,1,0.56218,0.55955,115,117,0.56218,0.55955,,147,0.56218,,96,0.55808,,0,,0.55808,SEEK_PULLBACK,EST_OR_UPD,0,,-1,-1,0,1,115
2025-11-25 03:00:00+00:00,0.5614,0.56148,0.55986,0.56034,1795,0.001060000000000061,0.0016199999999999548,7.999999999996898e-05,0.00047999999999992493,-1,0.56067,0.6543209876543769,maru,0,0,False,True,True,0.0019799999999999818,0.82,True,True,0.0019799999999999818,0.82,True,True,0.0019799999999999818,0.82,-1,1881.2867149773751,0.95,False,,0,,-1,-1,-1,1,151,2,1,0.0005699999999999594,range,1,0.56218,0.55955,115,117,0.56218,0.55955,,147,0.56218,,96,0.55808,,0,,0.55808,SEEK_PULLBACK,EST_OR_UPD,0,,-1,-1,0,1,115
2025-11-25 04:00:00+00:00,0.56036,0.56037,0.5598,0.56006,1484,0.00029999999999996696,0.0005700000000000705,1.0000000000065512e-05,0.000260000000000038,-1,0.5600849999999999,0.5263157894735612,normal,0,1,False,False,False,0.0016199999999999548,0.35,False,False,0.0019799999999999818,0.29,False,False,0.0019799999999999818,0.29,-1,1843.4498849795298,0.81,False,one_maru_continuous,-1,SUCCESS,149,150,-1,1,153,3,0,0.0,range,1,0.56218,0.55955,115,117,0.56218,0.55955,,147,0.56218,,96,0.55808,,0,,0.55808,SEEK_PULLBACK,EST_OR_UPD,0,,-1,-1,0,1,115
2025-11-25 05:00:00+00:00,0.56006,0.56084,0.55988,0.5604,1856,0.00034000000000000696,0.0009599999999999609,0.00043999999999999595,0.00017999999999995797,1,0.56036,0.35416666666668833,pinbar,0,0,False,False,True,0.0016199999999999548,0.59,False,True,0.0016199999999999548,0.59,False,False,0.0019799999999999818,0.48,1,1844.6451340290985,1.01,False,,0,,-1,-1,-1,1,155,4,0,0.0,range,1,0.56218,0.55955,115,117,0.56218,0.55955,,147,0.56218,,96,0.55808,,0,,0.55808,SEEK_PULLBACK,EST_OR_UPD,0,,-1,-1,0,1,115
2025-11-25 06:00:00+00:00,0.56039,0.56048,0.55926,0.55961,1381,0.0007800000000000029,0.0012199999999999989,8.999999999992347e-05,0.0003500000000000725,-1,0.55987,0.6393442622950849,normal,0,1,False,True,True,0.0016199999999999548,0.75,True,True,0.0016199999999999548,0.75,True,True,0.0016199999999999548,0.75,-1,1800.4884545977557,0.77,False,,0,,-1,-1,-1,1,154,2,0,0.0,range,1,0.56218,0.55926,115,117,0.56218,0.55926,,147,0.56218,,96,0.55808,,0,,0.55808,SEEK_PULLBACK,EST_OR_UPD,0,,-1,-1,0,1,115
2025-11-25 07:00:00+00:00,0.5596,0.5602,0.55958,0.55984,2061,0.00024000000000001798,0.0006200000000000649,0.00036000000000002697,2.0000000000020002e-05,1,0.55989,0.38709677419353683,pinbar,-1,0,False,False,False,0.0016199999999999548,0.38,False,False,0.0016199999999999548,0.38,False,False,0.0016199999999999548,0.38,1,1825.299077969398,1.13,False,,0,,-1,-1,-1,1,158,5,0,0.0,range,1,0.56218,0.55926,115,117,0.56218,0.55926,,147,0.56218,,96,0.55808,,0,,0.55808,SEEK_PULLBACK,EST_OR_UPD,0,,-1,-1,0,1,115
2025-11-25 08:00:00+00:00,0.55984,0.56006,0.55946,0.55964,2353,0.00019999999999997797,0.0006000000000000449,0.00021999999999999797,0.000180000000000069,-1,0.55976,0.33333333333327164,pinbar,0,0,False,False,False,0.0016199999999999548,0.37,False,False,0.0016199999999999548,0.37,False,False,0.0016199999999999548,0.37,-1,1875.556308638979,1.25,True,,0,,-1,-1,-1,1,157,3,0,0.0,range,1,0.56218,0.55926,115,117,0.56218,0.55926,,147,0.56218,,96,0.55808,,0,,0.55808,SEEK_PULLBACK,EST_OR_UPD,0,,-1,-1,0,1,115
2025-11-25 09:00:00+00:00,0.55964,0.56087,0.55964,0.56074,1938,0.0010999999999999899,0.0012299999999999534,0.00012999999999996348,0.0,1,0.560255,0.8943089430894566,maru,0,0,False,True,True,0.0016199999999999548,0.76,True,True,0.0016199999999999548,0.76,True,True,0.0016199999999999548,0.76,1,1881.503326863838,1.03,False,,0,,-1,-1,-1,1,158,3,1,0.00029000000000001247,range,1,0.56218,0.55926,115,117,0.56218,0.55926,,147,0.56218,,96,0.55808,,0,,0.55808,SEEK_PULLBACK,EST_OR_UPD,0,,-1,-1,0,1,115
2025-11-25 10:00:00+00:00,0.56072,0.561,0.56035,0.56057,2463,0.00014999999999998348,0.0006500000000000394,0.000280000000000058,0.00021999999999999797,-1,0.560675,0.23076923076919134,pinbar,0,0,False,False,False,0.0016199999999999548,0.4,False,False,0.0016199999999999548,0.4,False,False,0.0016199999999999548,0.4,-1,1936.8839624006155,1.27,True,,0,,-1,-1,-1,1,159,3,0,0.0,range,1,0.56218,0.55926,115,117,0.56218,0.55926,,147,0.56218,,96,0.55808,,0,,0.55808,SEEK_PULLBACK,EST_OR_UPD,0,,-1,-1,0,1,115
2025-11-25 11:00:00+00:00,0.56056,0.56056,0.55914,0.55948,2298,0.0010799999999999699,0.0014199999999999768,0.0,0.00034000000000000696,-1,0.55985,0.7605633802816814,maru,0,0,False,True,True,0.0016199999999999548,0.88,True,True,0.0016199999999999548,0.88,True,True,0.0016199999999999548,0.88,-1,1971.2759659815092,1.17,False,,0,,-1,-1,-1,0,-1,-1,1,0.0001100000000000545,range,1,0.56218,0.55914,115,117,0.56218,0.55914,,147,0.56218,,96,0.55808,,0,,0.55808,SEEK_PULLBACK,EST_OR_UPD,0,,-1,-1,0,1,115
2025-11-25 12:00:00+00:00,0.55946,0.56024,0.55938,0.55999,3322,0.0005300000000000304,0.0008599999999999719,0.00024999999999997247,7.999999999996898e-05,1,0.5598099999999999,0.6162790697674974,normal,0,0,False,False,True,0.0016199999999999548,0.53,False,True,0.0016199999999999548,0.53,False,True,0.0016199999999999548,0.53,1,2099.9163501737467,1.58,True,,0,,-1,-1,-1,0,-1,-1,0,0.0,range,1,0.56218,0.55914,115,117,0.56218,0.55914,,147,0.56218,,96,0.55808,,0,,0.55808,SEEK_PULLBACK,EST_OR_UPD,0,,-1,-1,0,1,115
2025-11-25 13:00:00+00:00,0.56,0.56169,0.55994,0.56072,5211,0.0007199999999999429,0.0017500000000000293,0.0009700000000000264,6.0000000000060005e-05,1,0.5608150000000001,0.4114285714285319,normal,0,-1,False,True,True,0.0016199999999999548,1.08,True,True,0.0016199999999999548,1.08,True,True,0.0016199999999999548,1.08,1,2396.2100311095805,2.17,True,,0,,-1,-1,-1,1,161,2,0,0.0,range,1,0.56218,0.55914,115,117,0.56218,0.55914,,147,0.56218,,96,0.55808,,0,,0.55808,SEEK_PULLBACK,EST_OR_UPD,0,,-1,-1,0,1,115
2025-11-25 14:00:00+00:00,0.56072,0.56098,0.55948,0.5606,5344,0.00012000000000000899,0.0015000000000000568,0.000260000000000038,0.0011200000000000099,-1,0.56023,0.08000000000000296,pinbar,1,0,False,True,True,0.0016199999999999548,0.93,True,True,0.0016199999999999548,0.93,True,True,0.0016199999999999548,0.93,-1,2676.951932908668,2.0,True,,0,,-1,-1,-1,1,162,2,0,0.0,range,1,0.56218,0.55914,115,117,0.56218,0.55914,,147,0.56218,,96,0.55808,,0,,0.55808,SEEK_PULLBACK,EST_OR_UPD,0,,-1,-1,0,1,115
2025-11-25 15:00:00+00:00,0.56064,0.56116,0.56016,0.5608,7294,0.00015999999999993797,0.0010000000000000009,0.00036000000000002697,0.00048000000000003595,1,0.5606599999999999,0.15999999999993783,pinbar,0,0,False,False,True,0.0016199999999999548,0.62,False,True,0.0016199999999999548,0.62,False,True,0.0016199999999999548,0.62,1,3116.6707964411758,2.34,True,,0,,-1,-1,-1,0,-1,-1,0,0.0,range,1,0.56218,0.55914,115,117,0.56218,0.55914,,147,0.56218,,96,0.55808,,0,,0.55808,SEEK_PULLBACK,EST_OR_UPD,0,,-1,-1,0,1,115
2025-11-25 16:00:00+00:00,0.5608,0.56147,0.5606,0.56078,2891,2.0000000000020002e-05,0.0008700000000000374,0.0006700000000000594,0.00017999999999995797,-1,0.561035,0.02298850574714844,pinbar,-1,0,False,False,True,0.0016199999999999548,0.54,False,True,0.0016199999999999548,0.54,False,True,0.0016199999999999548,0.54,-1,3095.1783396372543,0.93,False,,0,,-1,-1,-1,0,-1,-1,0,0.0,range,1,0.56218,0.55914,115,117,0.56218,0.55914,,147,0.56218,,96,0.55808,,0,,0.55808,SEEK_PULLBACK,EST_OR_UPD,0,,-1,-1,0,1,115
2025-11-25 17:00:00+00:00,0.56078,0.56287,0.56078,0.56262,4196,0.0018400000000000638,0.0020900000000000363,0.00024999999999997247,0.0,1,0.561825,0.8803827751196325,maru,0,0,False,True,True,0.0016199999999999548,1.29,True,True,0.0016199999999999548,1.29,True,True,0.0016199999999999548,1.29,1,3200.0184977670397,1.31,True,,0,,-1,-1,-1,1,165,2,1,0.0006499999999999284,range,1,0.56287,0.55914,115,117,0.56287,0.55914,0.2391304347825982,163,0.56287,CTS_UPDATED,96,0.55808,,0,,0.55808,SEEK_PULLBACK,EST_OR_UPD,0,,-1,-1,0,1,115
2025-11-25 18:00:00+00:00,0.56262,0.56262,0.56212,0.56226,1565,0.00036000000000002697,0.000500000000000056,0.0,0.000140000000000029,-1,0.56237,0.7199999999999733,maru,0,0,False,False,False,0.0020900000000000363,0.24,False,False,0.0016199999999999548,0.31,False,False,0.0016199999999999548,0.31,-1,3044.302450360655,0.51,False,one_maru_opposite,1,SUCCESS,163,164,-1,1,168,4,0,0.0,range,1,0.56287,0.55914,115,117,0.56287,0.55914,,163,0.56287,,96,0.55808,,0,,0.55808,SEEK_PULLBACK,EST_OR_UPD,0,,-1,-1,0,1,115
2025-11-25 19:00:00+00:00,0.56226,0.56264,0.56186,0.56249,2013,0.0002300000000000635,0.0007800000000000029,0.00014999999999998348,0.00039999999999995595,1,0.56225,0.29487179487187515,pinbar,1,0,False,False,False,0.0020900000000000363,0.37,False,False,0.0020900000000000363,0.37,False,False,0.0016199999999999548,0.48,1,2946.083169373926,0.68,False,,0,,-1,-1,-1,1,167,2,0,0.0,range,1,0.56287,0.55914,115,117,0.56287,0.55914,,163,0.56287,,96,0.55808,,0,,0.55808,SEEK_PULLBACK,EST_OR_UPD,0,,-1,-1,0,1,115
2025-11-25 20:00:00+00:00,0.56252,0.56263,0.56165,0.5618,1049,0.0007200000000000539,0.0009799999999999809,0.00010999999999994348,0.00014999999999998348,-1,0.56214,0.7346938775510897,maru,0,0,False,False,False,0.0020900000000000363,0.47,False,False,0.0020900000000000363,0.47,False,False,0.0020900000000000363,0.47,-1,2765.4085818145045,0.38,False,,0,,-1,-1,-1,1,168,2,0,0.0,range,1,0.56287,0.55914,115,117,0.56287,0.55914,,163,0.56287,,96,0.55808,,0,,0.55808,SEEK_PULLBACK,EST_OR_UPD,0,,-1,-1,0,1,115
2025-11-25 21:00:00+00:00,0.56178,0.56238,0.56174,0.56199,808,0.00021000000000004349,0.0006399999999999739,0.00039000000000000146,3.999999999992898e-05,1,0.56206,0.3281250000000813,pinbar,-1,0,False,False,False,0.0020900000000000363,0.31,False,False,0.0020900000000000363,0.31,False,False,0.0020900000000000363,0.31,1,2578.9887168797895,0.31,False,,0,,-1,-1,-1,0,-1,-1,0,0.0,range,1,0.56287,0.55914,115,117,0.56287,0.55914,,163,0.56287,,96,0.55808,,0,,0.55808,SEEK_PULLBACK,EST_OR_UPD,0,,-1,-1,0,1,115
2025-11-25 22:00:00+00:00,0.56176,0.56242,0.56158,0.56218,1428,0.00041999999999997595,0.0008400000000000629,0.00024000000000001798,0.000180000000000069,1,0.562,0.49999999999993394,normal,0,0,False,False,False,0.0020900000000000363,0.4,False,False,0.0020900000000000363,0.4,False,False,0.0020900000000000363,0.4,1,2469.370743843619,0.58,False,,0,,-1,-1,-1,0,-1,-1,0,0.0,range,1,0.56287,0.55914,115,117,0.56287,0.55914,,163,0.56287,,96,0.55808,,0,,0.55808,SEEK_PULLBACK,EST_OR_UPD,0,,-1,-1,0,1,115
2025-11-25 23:00:00+00:00,0.5622,0.56268,0.56214,0.56248,816,0.00027999999999994696,0.0005399999999999849,0.00019999999999997797,6.0000000000060005e-05,1,0.56241,0.5185185185184348,normal,0,-1,False,False,False,0.0020900000000000363,0.26,False,False,0.0020900000000000363,0.26,False,False,0.0020900000000000363,0.26,1,2311.9068634775604,0.35,False,,0,,-1,-1,-1,0,-1,-1,0,0.0,range,1,0.56287,0.55914,115,117,0.56287,0.55914,,163,0.56287,,96,0.55808,,0,,0.55808,SEEK_PULLBACK,EST_OR_UPD,0,,-1,-1,0,1,115
2025-11-26 00:00:00+00:00,0.56248,0.5632,0.56233,0.56276,2800,0.000280000000000058,0.0008700000000000374,0.00043999999999999595,0.00014999999999998348,1,0.562765,0.3218390804598229,pinbar,-1,0,False,False,False,0.0020900000000000363,0.42,False,False,0.0020900000000000363,0.42,False,False,0.0020900000000000363,0.42,1,2358.3919240987448,1.19,False,,0,,-1,-1,-1,0,-1,-1,0,0.0,range,1,0.5632,0.55914,115,117,0.5632,0.55914,,170,0.5632,CTS_UPDATED,96,0.55808,,0,,0.55808,SEEK_PULLBACK,EST_OR_UPD,0,,-1,-1,0,1,115
2025-11-26 01:00:00+00:00,0.56272,0.56824,0.56262,0.56684,10292,0.0041200000000000125,0.005619999999999958,0.0013999999999999568,9.999999999998899e-05,1,0.56543,0.7330960854092603,maru,0,0,False,True,True,0.0020900000000000363,2.69,True,True,0.0020900000000000363,2.69,True,True,0.0020900000000000363,2.69,1,3113.97364561315,3.31,True,,0,,-1,-1,-1,0,-1,-1,1,0.0034600000000000186,range,1,0.5632,0.55914,115,117,0.5632,0.55914,0.8834951456310596,171,0.56824,CTS_UPDATED,96,0.55808,,0,,0.55808,SEEK_PULLBACK,EST_OR_UPD,0,,-1,-1,0,1,115
2025-11-26 02:00:00+00:00,0.56685,0.5692,0.56666,0.56873,5389,0.0018799999999999928,0.0025399999999999867,0.00047000000000008146,0.00018999999999991246,1,0.56793,0.7401574803149616,maru,0,0,False,False,False,0.005619999999999958,0.45,True,True,0.0020900000000000363,1.22,True,True,0.0020900000000000363,1.22,1,3330.6428222214217,1.62,True,continuous,1,CONFIRMED,169,171,172,1,174,2,1,0.00026999999999999247,breakout,0,,,-1,-1,,,1.0,172,0.5692,CTS_UPDATED,96,0.55808,,0,,0.55808,SEEK_PULLBACK,EST_OR_UPD,0,,-1,-1,0,1,172
2025-11-26 03:00:00+00:00,0.5687,0.56966,0.56851,0.5691,3505,0.00040000000000006697,0.0011500000000000954,0.0005600000000000049,0.00019000000000002348,1,0.5690850000000001,0.3478260869565511,pinbar,0,0,False,False,False,0.005619999999999958,0.2,False,False,0.005619999999999958,0.2,False,True,0.0020900000000000363,0.55,1,3347.2482677241437,1.05,False,,0,,-1,-1,-1,1,175,2,0,0.0,range,1,0.56966,0.56851,173,175,0.56966,0.56851,,173,0.56966,,96,0.55808,,0,,0.55808,SEEK_PULLBACK,EST_OR_UPD,0,,-1,-1,0,1,172
2025-11-26 04:00:00+00:00,0.56908,0.56924,0.56847,0.56896,2984,0.00012000000000000899,0.0007699999999999374,0.00015999999999993797,0.0004899999999999904,-1,0.568855,0.15584415584418018,pinbar,1,0,False,False,False,0.005619999999999958,0.14,False,False,0.005619999999999958,0.14,False,False,0.005619999999999958,0.14,-1,3312.6531946075584,0.9,False,,0,,-1,-1,-1,0,-1,-1,0,0.0,range,1,0.56966,0.56847,173,175,0.56966,0.56847,,173,0.56966,,96,0.55808,,0,,0.55808,SEEK_PULLBACK,EST_OR_UPD,0,,-1,-1,0,1,172
2025-11-26 05:00:00+00:00,0.56898,0.56924,0.56873,0.5691,2212,0.00012000000000000899,0.0005100000000000104,0.00013999999999991797,0.0002500000000000835,1,0.568985,0.23529411764707162,pinbar,0,0,False,False,False,0.005619999999999958,0.09,False,False,0.005619999999999958,0.09,False,False,0.005619999999999958,0.09,1,3207.82908083541,0.69,False,,0,,-1,-1,-1,0,-1,-1,0,0.0,range,1,0.56966,0.56847,173,175,0.56966,0.56847,,173,0.56966,,96,0.55808,,0,,0.55808,SEEK_PULLBACK,EST_OR_UPD,0,,-1,-1,0,1,172
2025-11-26 06:00:00+00:00,0.5691,0.56945,0.56818,0.56836,2499,0.0007400000000000739,0.0012699999999999934,0.00034999999999996145,0.00017999999999995797,-1,0.5688150000000001,0.582677165354392,normal,0,0,False,False,False,0.005619999999999958,0.23,False,False,0.005619999999999958,0.23,False,False,0.005619999999999958,0.23,-1,3140.3215493272755,0.8,False,,0,,-1,-1,-1,0,-1,-1,0,0.0,range,1,0.56966,0.56818,173,175,0.56966,0.56818,0.14864864864870744,173,0.56966,,96,0.55808,,0,,0.55808,SEEK_PULLBACK,EST_OR_UPD,0,,-1,-1,0,1,172
2025-11-26 07:00:00+00:00,0.56836,0.56874,0.56732,0.5678,3313,0.0005600000000000049,0.0014199999999999768,0.00038000000000004697,0.00047999999999992493,-1,0.56803,0.3943661971831085,pinbar,0,0,False,False,False,0.005619999999999958,0.25,False,False,0.005619999999999958,0.25,False,False,0.005619999999999958,0.25,-1,3156.767116058011,1.05,False,,0,,-1,-1,-1,1,179,2,1,9.00000000000345e-05,range,1,0.56966,0.56732,173,175,0.56966,0.56732,0.6785714285715064,173,0.56966,,96,0.55808,,0,,0.55808,SEEK_PULLBACK,EST_OR_UPD,0,,-1,-1,0,1,172
2025-11-26 08:00:00+00:00,0.5678,0.56809,0.5669,0.56782,3248,2.0000000000020002e-05,0.0011900000000000244,0.00026999999999999247,0.0009000000000000119,1,0.567495,0.016806722689092096,pinbar,1,0,False,False,False,0.005619999999999958,0.21,False,False,0.005619999999999958,0.21,False,False,0.005619999999999958,0.21,1,3165.4559621477247,1.03,False,,0,,-1,-1,-1,1,180,2,0,0.0,range,1,0.56966,0.5669,173,175,0.56966,0.5669,,173,0.56966,,96,0.55808,,0,,0.55808,SEEK_PULLBACK,EST_OR_UPD,0,,-1,-1,0,1,172
2025-11-26 09:00:00+00:00,0.56783,0.56826,0.5675,0.56762,2752,0.00020999999999993246,0.0007599999999999829,0.00043000000000004146,0.00012000000000000899,-1,0.5678799999999999,0.2763157894736016,pinbar,-1,0,False,False,False,0.005619999999999958,0.14,False,False,0.005619999999999958,0.14,False,False,0.005619999999999958,0.14,-1,3126.0792038479412,0.88,False,,0,,-1,-1,-1,1,184,5,0,0.0,range,1,0.56966,0.5669,173,175,0.56966,0.5669,,173,0.56966,,96,0.55808,,0,,0.55808,SEEK_PULLBACK,EST_OR_UPD,0,,-1,-1,0,1,172
2025-11-26 10:00:00+00:00,0.56764,0.56781,0.56684,0.56691,2332,0.0007300000000000084,0.0009700000000000264,0.00017000000000000348,7.00000000000145e-05,-1,0.5673250000000001,0.7525773195876171,maru,0,0,True,False,False,0.005619999999999958,0.17,False,False,0.005619999999999958,0.17,False,False,0.005619999999999958,0.17,-1,3050.45261300528,0.76,False,,0,,-1,-1,-1,1,182,2,1,0.00019999999999997797,range,1,0.56966,0.56684,173,175,0.56966,0.56684,,173,0.56966,,96,0.55808,,0,,0.55808,SEEK_PULLBACK,EST_OR_UPD,0,,-1,-1,0,1,172
2025-11-26 11:00:00+00:00,0.5669,0.5673,0.5666,0.56705,2856,0.0001500000000000945,0.0007000000000000339,0.00024999999999997247,0.00029999999999996696,1,0.5669500000000001,0.2142857142858389,pinbar,0,0,False,False,False,0.005619999999999958,0.12,False,False,0.005619999999999958,0.12,False,False,0.005619999999999958,0.12,1,3031.9333165285866,0.94,False,,0,,-1,-1,-1,1,183,2,0,0.0,range,1,0.56966,0.5666,173,175,0.56966,0.5666,,173,0.56966,,96,0.55808,,0,,0.55808,SEEK_PULLBACK,EST_OR_UPD,0,,-1,-1,0,1,172
2025-11-26 12:00:00+00:00,0.56703,0.56725,0.56628,0.56713,3563,9.999999999998899e-05,0.0009700000000000264,0.00012000000000000899,0.0007500000000000284,1,0.566765,0.10309278350514048,pinbar,1,0,False,False,False,0.005619999999999958,0.17,False,False,0.005619999999999958,0.17,False,False,0.005619999999999958,0.17,1,3082.5110959068165,1.16,False,,0,,-1,-1,-1,0,-1,-1,0,0.0,range,1,0.56966,0.56628,173,175,0.56966,0.56628,,173,0.56966,,96,0.55808,,0,,0.55808,SEEK_PULLBACK,EST_OR_UPD,0,,-1,-1,0,1,172
2025-11-26 13:00:00+00:00,0.56716,0.56832,0.56638,0.56708,6298,7.999999999996898e-05,0.0019400000000000528,0.0011600000000000499,0.0007000000000000339,-1,0.56735,0.041237113402044744,pinbar,-1,0,False,False,False,0.005619999999999958,0.35,False,False,0.005619999999999958,0.35,False,False,0.005619999999999958,0.35,-1,3388.7481343918816,1.86,True,,0,,-1,-1,-1,0,-1,-1,0,0.0,range,1,0.56966,0.56628,173,175,0.56966,0.56628,,173,0.56966,,96,0.55808,,0,,0.55808,SEEK_PULLBACK,EST_OR_UPD,0,,-1,-1,0,1,172
2025-11-26 14:00:00+00:00,0.56708,0.56804,0.56668,0.56772,3809,0.0006399999999999739,0.0013600000000000279,0.00031999999999998696,0.00040000000000006697,1,0.56736,0.47058823529408883,normal,0,0,False,False,False,0.005619999999999958,0.24,False,False,0.005619999999999958,0.24,False,False,0.005619999999999958,0.24,1,3428.7721215926545,1.11,False,,0,,-1,-1,-1,0,-1,-1,0,0.0,range,1,0.56966,0.56628,173,175,0.56966,0.56628,,173,0.56966,,96,0.55808,,0,,0.55808,SEEK_PULLBACK,EST_OR_UPD,0,,-1,-1,0,1,172
2025-11-26 15:00:00+00:00,0.5677,0.5693,0.56746,0.56892,4547,0.0012199999999999989,0.0018400000000000638,0.00038000000000004697,0.00024000000000001798,1,0.56838,0.663043478260846,maru,0,0,False,False,False,0.005619999999999958,0.33,False,False,0.005619999999999958,0.33,False,False,0.005619999999999958,0.33,1,3535.270014774306,1.29,True,,0,,-1,-1,-1,0,-1,-1,1,0.0007800000000000029,range,1,0.56966,0.56628,173,175,0.56966,0.56628,,173,0.56966,,96,0.55808,,0,,0.55808,SEEK_PULLBACK,EST_OR_UPD,0,,-1,-1,0,1,172
2025-11-26 16:00:00+00:00,0.56893,0.5694,0.56882,0.56926,3335,0.00032999999999994145,0.0005800000000000249,0.000140000000000029,0.0001100000000000545,1,0.56911,0.5689655172412539,normal,0,0,False,False,False,0.005619999999999958,0.1,False,False,0.005619999999999958,0.1,False,False,0.005619999999999958,0.1,1,3516.1966800338964,0.95,False,,0,,-1,-1,-1,1,190,4,0,0.0,range,1,0.56966,0.56628,173,175,0.56966,0.56628,,173,0.56966,,96,0.55808,,0,,0.55808,SEEK_PULLBACK,EST_OR_UPD,0,,-1,-1,0,1,172
2025-11-26 17:00:00+00:00,0.56926,0.56935,0.56896,0.56932,1977,6.0000000000060005e-05,0.00039000000000000146,2.999999999997449e-05,0.00029999999999996696,1,0.5691550000000001,0.15384615384630712,pinbar,1,0,False,False,False,0.005619999999999958,0.07,False,False,0.005619999999999958,0.07,False,False,0.005619999999999958,0.07,1,3369.606520030668,0.59,False,,0,,-1,-1,-1,1,190,3,0,0.0,range,1,0.56966,0.56628,173,175,0.56966,0.56628,,173,0.56966,,96,0.55808,,0,,0.55808,SEEK_PULLBACK,EST_OR_UPD,0,,-1,-1,0,1,172
2025-11-26 18:00:00+00:00,0.56932,0.56966,0.56919,0.5696,1695,0.00027999999999994696,0.00047000000000008146,6.0000000000060005e-05,0.0001300000000000745,1,0.5694250000000001,0.5957446808508478,normal,0,0,False,False,False,0.005619999999999958,0.08,False,False,0.005619999999999958,0.08,False,False,0.005619999999999958,0.08,1,3210.1201847896523,0.53,False,one_maru_continuous,1,CONFIRMED,185,186,188,1,190,2,1,9.99999999995449e-06,range,1,0.56966,0.56628,173,175,0.56966,0.56628,,173,0.56966,,96,0.55808,,0,,0.55808,SEEK_PULLBACK,EST_OR_UPD,0,,-1,-1,0,1,172
2025-11-26 19:00:00+00:00,0.5696,0.56974,0.56936,0.5695,1476,9.999999999998899e-05,0.00038000000000004697,0.000140000000000029,0.000140000000000029,-1,0.56955,0.2631578947367806,pinbar,0,0,False,False,False,0.005619999999999958,0.07,False,False,0.005619999999999958,0.07,False,False,0.005619999999999958,0.07,-1,3044.965881476352,0.48,False,,0,,-1,-1,-1,0,-1,-1,0,0.0,range,1,0.56974,0.56628,173,175,0.56974,0.56628,,189,0.56974,CTS_UPDATED,96,0.55808,,0,,0.55808,SEEK_PULLBACK,EST_OR_UPD,0,,-1,-1,0,1,172
2025-11-26 20:00:00+00:00,0.5695,0.56966,0.56923,0.56935,1017,0.00014999999999998348,0.00043000000000004146,0.000160000000000049,0.00012000000000000899,-1,0.569445,0.34883720930225354,pinbar,0,0,False,False,False,0.005619999999999958,0.08,False,False,0.005619999999999958,0.08,False,False,0.005619999999999958,0.08,-1,2851.8262737166992,0.36,False,,0,,-1,-1,-1,0,-1,-1,0,0.0,range,1,0.56974,0.56628,173,175,0.56974,0.56628,,189,0.56974,,96,0.55808,,0,,0.55808,SEEK_PULLBACK,EST_OR_UPD,0,,-1,-1,0,1,172
2025-11-26 21:00:00+00:00,0.56934,0.57018,0.56934,0.5699,998,0.0005600000000000049,0.0008400000000000629,0.000280000000000058,0.0,1,0.56976,0.6666666666666227,maru,0,0,False,False,False,0.005619999999999958,0.15,False,False,0.005619999999999958,0.15,False,False,0.005619999999999958,0.15,1,2675.2713905055853,0.37,False,,0,,-1,-1,-1,0,-1,-1,0,0.0,range,1,0.57018,0.56628,173,175,0.57018,0.56628,0.2857142857141724,191,0.57018,CTS_UPDATED,96,0.55808,,0,,0.55808,SEEK_PULLBACK,EST_OR_UPD,0,,-1,-1,0,1,172
2025-11-26 22:00:00+00:00,0.5701,0.57038,0.5694,0.56988,1068,0.00021999999999999797,0.0009799999999999809,0.00027999999999994696,0.00048000000000003595,-1,0.56989,0.22448979591836965,pinbar,0,0,False,False,False,0.005619999999999958,0.17,False,False,0.005619999999999958,0.17,False,False,0.005619999999999958,0.17,-1,2522.1979247431486,0.42,False,,0,,-1,-1,-1,0,-1,-1,0,0.0,range,1,0.57038,0.56628,173,175,0.57038,0.56628,,192,0.57038,CTS_UPDATED,96,0.55808,,0,,0.55808,SEEK_PULLBACK,EST_OR_UPD,0,,-1,-1,0,1,172
2025-11-26 23:00:00+00:00,0.5699,0.57064,0.56987,0.57044,989,0.0005399999999999849,0.0007700000000000484,0.000200000000000089,2.999999999997449e-05,1,0.570255,0.7012987012986376,maru,0,0,False,False,False,0.005619999999999958,0.14,False,False,0.005619999999999958,0.14,False,False,0.005619999999999958,0.14,1,2376.1790747676105,0.42,False,,0,,-1,-1,-1,0,-1,-1,1,2.0000000000020002e-05,range,1,0.57038,0.56628,173,175,0.57038,0.56628,0.11111111111101973,193,0.57064,CTS_UPDATED,96,0.55808,,0,,0.55808,SEEK_PULLBACK,EST_OR_UPD,0,,-1,-1,0,1,172
2025-11-27 00:00:00+00:00,0.57042,0.57125,0.5704,0.57109,1866,0.0006699999999999484,0.0008500000000000174,0.000160000000000049,2.0000000000020002e-05,1,0.570825,0.7882352941175702,maru,0,0,False,False,False,0.0025399999999999867,0.33,False,False,0.005619999999999958,0.15,False,False,0.005619999999999958,0.15,1,2327.5905914564096,0.8,False,,0,,-1,-1,-1,0,-1,-1,1,0.00035999999999991594,range,1,0.57038,0.56628,173,175,0.57038,0.56628,1.0,194,0.57125,CTS_UPDATED,96,0.55808,,0,,0.55808,SEEK_PULLBACK,EST_OR_UPD,0,,-1,-1,0,1,172
2025-11-27 01:00:00+00:00,0.5711,0.57208,0.571,0.57208,2873,0.0009799999999999809,0.001080000000000081,0.0,0.00010000000000010001,1,0.5715399999999999,0.9074074074073217,maru,0,0,True,False,True,0.0018400000000000638,0.59,False,False,0.0025399999999999867,0.43,False,False,0.005619999999999958,0.19,1,2379.5343446510374,1.21,True,one_maru_continuous,1,CONFIRMED,193,194,195,1,200,5,1,0.0007099999999999884,breakout,0,,,-1,-1,,,1.0,195,0.57208,CTS_UPDATED,96,0.55808,,0,,0.55808,SEEK_PULLBACK,EST_OR_UPD,0,,-1,-1,0,1,195
2025-11-27 02:00:00+00:00,0.57208,0.5732,0.57196,0.57254,3012,0.00046000000000001595,0.0012400000000000189,0.0006599999999999939,0.00012000000000000899,1,0.5725800000000001,0.3709677419354911,pinbar,-1,0,False,True,True,0.0018400000000000638,0.67,True,True,0.0018400000000000638,0.67,False,False,0.0025399999999999867,0.49,1,2439.769168969986,1.23,True,,0,,-1,-1,-1,1,198,2,1,0.00012000000000000899,range,1,0.5732,0.57196,196,198,0.5732,0.57196,,196,0.5732,,96,0.55808,,0,,0.55808,SEEK_PULLBACK,EST_OR_UPD,0,,-1,-1,0,1,195
2025-11-27 03:00:00+00:00,0.57254,0.57279,0.5722,0.57276,2467,0.00021999999999999797,0.0005899999999999794,2.999999999997449e-05,0.00034000000000000696,1,0.572495,0.37288135593221294,pinbar,1,0,False,False,False,0.0018400000000000638,0.32,False,False,0.0018400000000000638,0.32,False,False,0.0018400000000000638,0.32,1,2442.3625814490347,1.01,False,,0,,-1,-1,-1,1,199,2,0,0.0,range,1,0.5732,0.57196,196,198,0.5732,0.57196,,196,0.5732,,96,0.55808,,0,,0.55808,SEEK_PULLBACK,EST_OR_UPD,0,,-1,-1,0,1,195
2025-11-27 04:00:00+00:00,0.57276,0.57312,0.57242,0.57267,1659,9.00000000000345e-05,0.0006999999999999229,0.00035999999999991594,0.00024999999999997247,-1,0.57277,0.128571428571492,pinbar,-1,0,False,False,False,0.0018400000000000638,0.38,False,False,0.0018400000000000638,0.38,False,False,0.0018400000000000638,0.38,-1,2367.7566213110313,0.7,False,,0,,-1,-1,-1,1,201,3,0,0.0,range,1,0.5732,0.57196,196,198,0.5732,0.57196,,196,0.5732,,96,0.55808,,0,,0.55808,SEEK_PULLBACK,EST_OR_UPD,0,,-1,-1,0,1,195
2025-11-27 05:00:00+00:00,0.57269,0.57314,0.57249,0.57249,1592,0.00019999999999997797,0.0006499999999999284,0.00044999999999995044,0.0,-1,0.5728150000000001,0.3076923076923077,pinbar,-1,0,False,False,False,0.0018400000000000638,0.35,False,False,0.0018400000000000638,0.35,False,False,0.0018400000000000638,0.35,-1,2293.8750383290285,0.69,False,,0,,-1,-1,-1,0,-1,-1,0,0.0,range,1,0.5732,0.57196,196,198,0.5732,0.57196,,196,0.5732,,96,0.55808,,0,,0.55808,SEEK_PULLBACK,EST_OR_UPD,0,,-1,-1,0,1,195
2025-11-27 06:00:00+00:00,0.57248,0.57258,0.57154,0.57195,1889,0.0005300000000000304,0.0010399999999999299,9.999999999998899e-05,0.00040999999999991044,-1,0.57206,0.5096153846154483,normal,0,1,False,False,True,0.0018400000000000638,0.57,False,True,0.0018400000000000638,0.57,False,True,0.0018400000000000638,0.57,-1,2255.315510869121,0.84,False,,0,,-1,-1,-1,1,202,2,0,0.0,range,1,0.5732,0.57154,196,198,0.5732,0.57154,0.01886792452842441,196,0.5732,,96,0.55808,,0,,0.55808,SEEK_PULLBACK,EST_OR_UPD,0,,-1,-1,0,1,195
2025-11-27 07:00:00+00:00,0.57196,0.57256,0.57164,0.57245,2444,0.0004899999999999904,0.0009199999999999209,0.00010999999999994348,0.00031999999999998696,1,0.5721,0.5326086956522094,normal,0,1,False,False,True,0.0018400000000000638,0.5,False,True,0.0018400000000000638,0.5,False,True,0.0018400000000000638,0.5,1,2273.2854622149193,1.08,False,,0,,-1,-1,-1,0,-1,-1,0,0.0,range,1,0.5732,0.57154,196,198,0.5732,0.57154,,196,0.5732,,96,0.55808,,0,,0.55808,SEEK_PULLBACK,EST_OR_UPD,0,,-1,-1,0,1,195
2025-11-27 08:00:00+00:00,0.57246,0.57253,0.57146,0.57159,2977,0.0008699999999999264,0.0010700000000000154,7.00000000000145e-05,0.0001300000000000745,-1,0.571995,0.8130841121494522,maru,0,0,False,False,True,0.0018400000000000638,0.58,False,True,0.0018400000000000638,0.58,False,True,0.0018400000000000638,0.58,-1,2340.3058943849273,1.27,True,,0,,-1,-1,-1,1,205,3,0,0.0,range,1,0.5732,0.57146,196,198,0.5732,0.57146,,196,0.5732,,96,0.55808,,0,,0.55808,SEEK_PULLBACK,EST_OR_UPD,0,,-1,-1,0,1,195
2025-11-27 09:00:00+00:00,0.57158,0.5718,0.57119,0.57152,2849,5.999999999994898e-05,0.0006099999999999994,0.00021999999999999797,0.0003300000000000525,-1,0.571495,0.09836065573762137,pinbar,1,0,False,False,True,0.001080000000000081,0.56,False,False,0.0018400000000000638,0.33,False,False,0.0018400000000000638,0.33,-1,2388.7529520625535,1.19,False,,0,,-1,-1,-1,1,205,2,0,0.0,range,1,0.5732,0.57119,196,198,0.5732,0.57119,,196,0.5732,,96,0.55808,,0,,0.55808,SEEK_PULLBACK,EST_OR_UPD,0,,-1,-1,0,1,195
2025-11-27 10:00:00+00:00,0.57155,0.57161,0.57092,0.57098,1843,0.0005699999999999594,0.0006899999999999684,5.999999999994898e-05,6.0000000000060005e-05,-1,0.5712649999999999,0.8260869565217182,maru,0,0,True,False,True,0.001080000000000081,0.64,False,True,0.001080000000000081,0.64,False,False,0.0018400000000000638,0.37,-1,2336.7764804375483,0.79,False,one_maru_continuous,-1,CONFIRMED,202,203,204,1,206,2,0,0.0,range,1,0.5732,0.57092,196,198,0.5732,0.57092,0.36842105263148667,196,0.5732,,96,0.55808,,0,,0.55808,SEEK_PULLBACK,EST_OR_UPD,0,,-1,-1,0,1,195
2025-11-27 11:00:00+00:00,0.57098,0.57163,0.57088,0.57154,2373,0.0005600000000000049,0.0007499999999999174,8.999999999992347e-05,9.999999999998899e-05,1,0.5712550000000001,0.7466666666667555,maru,0,0,False,True,True,0.001080000000000081,0.69,True,True,0.001080000000000081,0.69,True,True,0.001080000000000081,0.69,1,2340.2263394434963,1.01,False,,0,,-1,-1,-1,0,-1,-1,0,0.0,range,1,0.5732,0.57088,196,198,0.5732,0.57088,,196,0.5732,,96,0.55808,,0,,0.55808,SEEK_PULLBACK,EST_OR_UPD,0,,-1,-1,0,1,195
2025-11-27 12:00:00+00:00,0.57154,0.57177,0.57126,0.57128,1728,0.000260000000000038,0.0005100000000000104,0.00022999999999995246,2.0000000000020002e-05,-1,0.571515,0.5098039215686915,maru,0,0,True,False,False,0.001080000000000081,0.47,False,False,0.001080000000000081,0.47,False,False,0.001080000000000081,0.47,-1,2281.919069020306,0.76,False,,0,,-1,-1,-1,0,-1,-1,0,0.0,range,1,0.5732,0.57088,196,198,0.5732,0.57088,,196,0.5732,,96,0.55808,,0,,0.55808,SEEK_PULLBACK,EST_OR_UPD,0,,-1,-1,0,1,195
2025-11-27 13:00:00+00:00,0.5713,0.57203,0.5712,0.57186,2540,0.0005600000000000049,0.0008299999999999974,0.00017000000000000348,9.999999999998899e-05,1,0.571615,0.674698795180731,maru,0,0,False,True,True,0.001080000000000081,0.77,True,True,0.001080000000000081,0.77,True,True,0.001080000000000081,0.77,1,2306.4982053040862,1.1,False,one_maru_opposite,1,CONFIRMED,205,206,207,0,-1,-1,0,0.0,range,1,0.5732,0.57088,196,198,0.5732,0.57088,,196,0.5732,,96,0.55808,,0,,0.55808,SEEK_PULLBACK,EST_OR_UPD,0,,-1,-1,0,1,195
2025-11-27 14:00:00+00:00,0.57186,0.57214,0.57156,0.57199,1686,0.00012999999999996348,0.0005800000000000249,0.00014999999999998348,0.000300000000000078,1,0.57185,0.22413793103441015,pinbar,1,0,False,False,True,0.0010700000000000154,0.54,False,True,0.001080000000000081,0.54,False,True,0.001080000000000081,0.54,1,2247.4031381322684,0.75,False,,0,,-1,-1,-1,0,-1,-1,0,0.0,range,1,0.5732,0.57088,196,198,0.5732,0.57088,,196,0.5732,,96,0.55808,,0,,0.55808,SEEK_PULLBACK,EST_OR_UPD,0,,-1,-1,0,1,195
2025-11-27 15:00:00+00:00,0.57198,0.573,0.57194,0.57268,2103,0.0006999999999999229,0.0010599999999999499,0.00031999999999998696,4.0000000000040004e-05,1,0.57247,0.6603773584905246,maru,0,0,False,True,True,0.0010700000000000154,0.99,True,True,0.0010700000000000154,0.99,True,True,0.001080000000000081,0.98,1,2233.6504583101478,0.94,False,continuous,1,SUCCESS,207,209,-1,1,211,2,1,0.000160000000000049,range,1,0.5732,0.57088,196,198,0.5732,0.57088,,196,0.5732,,96,0.55808,,0,,0.55808,SEEK_PULLBACK,EST_OR_UPD,0,,-1,-1,0,1,195
2025-11-27 16:00:00+00:00,0.57268,0.57282,0.5723,0.57254,1445,0.00013999999999991797,0.0005199999999999649,0.000140000000000029,0.00024000000000001798,-1,0.57256,0.2692307692306296,pinbar,0,0,False,False,False,0.0010599999999999499,0.49,False,False,0.0010700000000000154,0.49,False,False,0.0010700000000000154,0.49,-1,2158.5408908520385,0.67,False,,0,,-1,-1,-1,0,-1,-1,0,0.0,range,1,0.5732,0.57088,196,198,0.5732,0.57088,,196,0.5732,,96,0.55808,,0,,0.55808,SEEK_PULLBACK,EST_OR_UPD,0,,-1,-1,0,1,195
2025-11-27 17:00:00+00:00,0.57254,0.57266,0.57208,0.57235,723,0.00019000000000002348,0.0005799999999999139,0.00011999999999989797,0.00026999999999999247,-1,0.57237,0.3275862068966408,pinbar,0,0,False,False,True,0.0010599999999999499,0.55,False,True,0.0010599999999999499,0.55,False,True,0.0010700000000000154,0.54,-1,2021.822710770892,0.36,False,,0,,-1,-1,-1,1,213,2,0,0.0,range,1,0.5732,0.57088,196,198,0.5732,0.57088,,196,0.5732,,96,0.55808,,0,,0.55808,SEEK_PULLBACK,EST_OR_UPD,0,,-1,-1,0,1,195
2025-11-27 18:00:00+00:00,0.57235,0.5724,0.5722,0.5722,283,0.00014999999999998348,0.00019999999999997797,4.999999999999449e-05,0.0,-1,0.5723,0.75,maru,0,0,True,False,False,0.0010599999999999499,0.19,False,False,0.0010599999999999499,0.19,False,False,0.0010599999999999499,0.19,-1,1856.220547840331,0.15,False,,0,,-1,-1,-1,1,216,4,0,0.0,range,1,0.5732,0.57088,196,198,0.5732,0.57088,,196,0.5732,,96,0.55808,,0,,0.55808,SEEK_PULLBACK,EST_OR_UPD,0,,-1,-1,0,1,195
2025-11-27 19:00:00+00:00,0.57222,0.57236,0.57214,0.57218,574,3.999999999992898e-05,0.00021999999999999797,0.000140000000000029,4.0000000000040004e-05,-1,0.5722499999999999,0.1818181818178607,pinbar,-1,0,False,False,False,0.0010599999999999499,0.21,False,False,0.0010599999999999499,0.21,False,False,0.0010599999999999499,0.21,-1,1734.104305188871,0.33,False,,0,,-1,-1,-1,0,-1,-1,0,0.0,range,1,0.5732,0.57088,196,198,0.5732,0.57088,,196,0.5732,,96,0.55808,,0,,0.55808,SEEK_PULLBACK,EST_OR_UPD,0,,-1,-1,0,1,195
2025-11-27 20:00:00+00:00,0.5722,0.57228,0.57208,0.57214,420,6.0000000000060005e-05,0.00019999999999997797,7.999999999996898e-05,5.999999999994898e-05,-1,0.57218,0.30000000000033306,pinbar,0,0,False,False,False,0.0010599999999999499,0.19,False,False,0.0010599999999999499,0.19,False,False,0.0010599999999999499,0.19,-1,1608.9515142185023,0.26,False,,0,,-1,-1,-1,0,-1,-1,0,0.0,range,1,0.5732,0.57088,196,198,0.5732,0.57088,,196,0.5732,,96,0.55808,,0,,0.55808,SEEK_PULLBACK,EST_OR_UPD,0,,-1,-1,0,1,195
2025-11-27 21:00:00+00:00,0.57214,0.57294,0.57214,0.57294,644,0.0008000000000000229,0.0008000000000000229,0.0,0.0,1,0.57254,1.0,maru,0,0,True,True,True,0.0010599999999999499,0.75,True,True,0.0010599999999999499,0.75,True,True,0.0010599999999999499,0.75,1,1517.0513700072163,0.42,False,,0,,-1,-1,-1,1,217,2,0,0.0,range,1,0.5732,0.57088,196,198,0.5732,0.57088,,196,0.5732,,96,0.55808,,0,,0.55808,SEEK_PULLBACK,EST_OR_UPD,0,,-1,-1,0,1,195
2025-11-27 22:00:00+00:00,0.57258,0.57296,0.57205,0.57238,1349,0.00019999999999997797,0.0009100000000000774,0.00038000000000004697,0.0003300000000000525,-1,0.572505,0.21978021978017687,pinbar,0,0,False,True,True,0.0010599999999999499,0.86,True,True,0.0010599999999999499,0.86,True,True,0.0010599999999999499,0.86,-1,1501.0464776255767,0.9,False,,0,,-1,-1,-1,1,218,2,0,0.0,range,1,0.5732,0.57088,196,198,0.5732,0.57088,,196,0.5732,,96,0.55808,,0,,0.55808,SEEK_PULLBACK,EST_OR_UPD,0,,-1,-1,0,1,195
2025-11-27 23:00:00+00:00,0.57234,0.57302,0.57226,0.57292,717,0.0005800000000000249,0.0007599999999999829,9.999999999998899e-05,7.999999999996898e-05,1,0.57264,0.7631578947368921,maru,0,0,False,True,True,0.0010599999999999499,0.72,True,True,0.0010599999999999499,0.72,True,True,0.0010599999999999499,0.72,1,1426.375384518379,0.5,False,,0,,-1,-1,-1,1,219,2,0,0.0,range,1,0.5732,0.57088,196,198,0.5732,0.57088,,196,0.5732,,96,0.55808,,0,,0.55808,SEEK_PULLBACK,EST_OR_UPD,0,,-1,-1,0,1,195
2025-11-28 00:00:00+00:00,0.57293,0.57316,0.57242,0.57262,2053,0.00031000000000003247,0.0007399999999999629,0.00022999999999995246,0.00019999999999997797,-1,0.57279,0.4189189189189838,normal,0,0,False,True,True,0.0010599999999999499,0.7,True,True,0.0010599999999999499,0.7,True,True,0.0010599999999999499,0.7,-1,1486.0539193261525,1.38,True,,0,,-1,-1,-1,0,-1,-1,0,0.0,range,1,0.5732,0.57088,196,198,0.5732,0.57088,,196,0.5732,,96,0.55808,,0,,0.55808,SEEK_PULLBACK,EST_OR_UPD,0,,-1,-1,0,1,195
2025-11-28 01:00:00+00:00,0.57264,0.57293,0.5723,0.5724,2317,0.00024000000000001798,0.0006300000000000194,0.00029000000000001247,9.999999999998899e-05,-1,0.5726150000000001,0.38095238095239775,pinbar,0,0,False,False,True,0.0010599999999999499,0.59,False,True,0.0010599999999999499,0.59,False,True,0.0010599999999999499,0.59,-1,1565.1916412950904,1.48,True,,0,,-1,-1,-1,0,-1,-1,0,0.0,range,1,0.5732,0.57088,196,198,0.5732,0.57088,,196,0.5732,,96,0.55808,,0,,0.55808,SEEK_PULLBACK,EST_OR_UPD,0,,-1,-1,0,1,195
2025-11-28 02:00:00+00:00,0.57239,0.57258,0.5721,0.57234,7869,4.999999999999449e-05,0.00047999999999992493,0.00019000000000002348,0.00023999999999990695,-1,0.5723400000000001,0.10416666666667149,pinbar,0,0,False,False,False,0.0010599999999999499,0.45,False,False,0.0010599999999999499,0.45,False,False,0.0010599999999999499,0.45,-1,2165.554342124129,3.63,True,,0,,-1,-1,-1,0,-1,-1,0,0.0,range,1,0.5732,0.57088,196,198,0.5732,0.57088,,196,0.5732,,96,0.55808,,0,,0.55808,SEEK_PULLBACK,EST_OR_UPD,0,,-1,-1,0,1,195
2025-11-28 03:00:00+00:00,0.57235,0.5725,0.5719,0.57208,19337,0.00026999999999999247,0.0006000000000000449,0.00014999999999998348,0.000180000000000069,-1,0.5722,0.4499999999999537,normal,0,0,False,False,True,0.0010599999999999499,0.57,False,True,0.0010599999999999499,0.57,False,True,0.0010599999999999499,0.57,-1,3800.9301190646884,5.09,True,,0,,-1,-1,-1,0,-1,-1,0,0.0,range,1,0.5732,0.57088,196,198,0.5732,0.57088,,196,0.5732,,96,0.55808,,0,,0.55808,SEEK_PULLBACK,EST_OR_UPD,0,,-1,-1,0,1,195
2025-11-28 04:00:00+00:00,0.57208,0.57228,0.57172,0.5718,13732,0.000280000000000058,0.0005600000000000049,0.00019999999999997797,7.999999999996898e-05,-1,0.5720000000000001,0.5000000000000991,normal,0,-1,False,False,True,0.0010599999999999499,0.53,False,True,0.0010599999999999499,0.53,False,True,0.0010599999999999499,0.53,-1,4746.746298201385,2.89,True,,0,,-1,-1,-1,0,-1,-1,0,0.0,range,1,0.5732,0.57088,196,198,0.5732,0.57088,,196,0.5732,,96,0.55808,,0,,0.55808,SEEK_PULLBACK,EST_OR_UPD,0,,-1,-1,0,1,195
2025-11-28 05:00:00+00:00,0.5718,0.57199,0.5716,0.57185,18547,4.999999999999449e-05,0.00039000000000000146,0.000140000000000029,0.00019999999999997797,1,0.571795,0.1282051282051136,pinbar,1,0,False,False,False,0.0010599999999999499,0.37,False,False,0.0010599999999999499,0.37,False,False,0.0010599999999999499,0.37,1,6061.056174563158,3.06,True,,0,,-1,-1,-1,0,-1,-1,0,0.0,range,1,0.5732,0.57088,196,198,0.5732,0.57088,,196,0.5732,,96,0.55808,,0,,0.55808,SEEK_PULLBACK,EST_OR_UPD,0,,-1,-1,0,1,195
2025-11-28 06:00:00+00:00,0.57186,0.5721,0.5713,0.57142,18238,0.00043999999999999595,0.0008000000000000229,0.00024000000000001798,0.00012000000000000899,-1,0.5717000000000001,0.5499999999999792,normal,0,0,False,True,True,0.0010599999999999499,0.75,True,True,0.0010599999999999499,0.75,True,True,0.0010599999999999499,0.75,-1,7220.765110319047,2.53,True,,0,,-1,-1,-1,0,-1,-1,0,0.0,range,1,0.5732,0.57088,196,198,0.5732,0.57088,,196,0.5732,,96,0.55808,,0,,0.55808,SEEK_PULLBACK,EST_OR_UPD,0,,-1,-1,0,1,195
2025-11-28 07:00:00+00:00,0.57142,0.57179,0.57103,0.57107,23444,0.0003500000000000725,0.0007599999999999829,0.00036999999999998145,3.999999999992898e-05,-1,0.57141,0.4605263157895794,normal,0,-1,False,True,True,0.0010599999999999499,0.72,True,True,0.0010599999999999499,0.72,True,True,0.0010599999999999499,0.72,-1,8765.835099812472,2.67,True,,0,,-1,-1,-1,0,-1,-1,0,0.0,range,1,0.5732,0.57088,196,198,0.5732,0.57088,,196,0.5732,,96,0.55808,,0,,0.55808,SEEK_PULLBACK,EST_OR_UPD,0,,-1,-1,0,1,195
2025-11-28 08:00:00+00:00,0.57106,0.57146,0.57087,0.5709,18562,0.000160000000000049,0.0005899999999999794,0.00039999999999995595,2.999999999997449e-05,-1,0.5711649999999999,0.2711864406780586,pinbar,-1,0,False,False,True,0.0010599999999999499,0.56,False,True,0.0010599999999999499,0.56,False,True,0.0010599999999999499,0.56,-1,9698.803185544617,1.91,True,,0,,-1,-1,-1,1,230,4,0,0.0,range,1,0.5732,0.57087,196,198,0.5732,0.57087,,196,0.5732,,96,0.55808,,0,,0.55808,SEEK_PULLBACK,EST_OR_UPD,0,,-1,-1,0,1,195
2025-11-28 09:00:00+00:00,0.57092,0.57128,0.57071,0.57092,22717,0.0,0.0005699999999999594,0.00036000000000002697,0.00020999999999993246,0,0.570995,0.0,pinbar,-1,0,False,False,True,0.0010599999999999499,0.54,False,True,0.0010599999999999499,0.54,False,True,0.0010599999999999499,0.54,1,10938.631453587986,2.08,True,,0,,-1,-1,-1,1,230,3,0,0.0,range,1,0.5732,0.57071,196,198,0.5732,0.57071,,196,0.5732,,96,0.55808,,0,,0.55808,SEEK_PULLBACK,EST_OR_UPD,0,,-1,-1,0,1,195
2025-11-28 10:00:00+00:00,0.57092,0.57109,0.5705,0.57066,18405,0.000260000000000038,0.0005899999999999794,0.00017000000000000348,0.00015999999999993797,-1,0.5707949999999999,0.4406779661017747,normal,0,0,False,False,True,0.0010599999999999499,0.56,False,True,0.0010599999999999499,0.56,False,True,0.0010599999999999499,0.56,-1,11649.714172293892,1.58,True,,0,,-1,-1,-1,1,230,2,0,0.0,range,1,0.5732,0.5705,196,198,0.5732,0.5705,0.19230769230807004,196,0.5732,,96,0.55808,,0,,0.55808,SEEK_PULLBACK,EST_OR_UPD,0,,-1,-1,0,1,195
2025-11-28 11:00:00+00:00,0.57066,0.57096,0.57038,0.57062,25854,3.999999999992898e-05,0.0005800000000000249,0.000300000000000078,0.00024000000000001798,-1,0.57067,0.0689655172412539,pinbar,-1,0,False,False,True,0.0010599999999999499,0.55,False,True,0.0010599999999999499,0.55,False,True,0.0010599999999999499,0.55,-1,13002.503298742093,1.99,True,,0,,-1,-1,-1,0,-1,-1,0,0.0,range,1,0.5732,0.57038,196,198,0.5732,0.57038,,196,0.5732,,96,0.55808,,0,,0.55808,SEEK_PULLBACK,EST_OR_UPD,0,,-1,-1,0,1,195
2025-11-28 12:00:00+00:00,0.57063,0.57116,0.57044,0.5709,21648,0.00026999999999999247,0.0007200000000000539,0.000260000000000038,0.00019000000000002348,1,0.5708,0.3749999999999615,pinbar,0,0,False,True,True,0.0010599999999999499,0.68,True,True,0.0010599999999999499,0.68,True,True,0.0010599999999999499,0.68,1,13825.883936957132,1.57,True,,0,,-1,-1,-1,0,-1,-1,0,0.0,range,1,0.5732,0.57038,196,198,0.5732,0.57038,,196,0.5732,,96,0.55808,,0,,0.55808,SEEK_PULLBACK,EST_OR_UPD,0,,-1,-1,0,1,195
2025-11-28 13:00:00+00:00,0.57092,0.57211,0.57083,0.57204,16349,0.0011200000000000099,0.0012800000000000589,7.00000000000145e-05,9.00000000000345e-05,1,0.5714699999999999,0.8749999999999675,maru,0,0,True,True,True,0.0010599999999999499,1.21,True,True,0.0010599999999999499,1.21,True,True,0.0010599999999999499,1.21,1,14066.180704865976,1.16,False,,0,,-1,-1,-1,0,-1,-1,1,0.0006000000000000449,range,1,0.5732,0.57038,196,198,0.5732,0.57038,,196,0.5732,,96,0.55808,,0,,0.55808,SEEK_PULLBACK,EST_OR_UPD,0,,-1,-1,0,1,195
2025-11-28 14:00:00+00:00,0.57204,0.57246,0.57176,0.57223,4092,0.00019000000000002348,0.0006999999999999229,0.00022999999999995246,0.00027999999999994696,1,0.57211,0.27142857142863486,pinbar,0,0,False,False,True,0.0012800000000000589,0.55,True,True,0.0010599999999999499,0.66,True,True,0.0010599999999999499,0.66,1,13116.258732973978,0.31,False,,0,,-1,-1,-1,0,-1,-1,1,2.999999999997449e-05,range,1,0.5732,0.57038,196,198,0.5732,0.57038,,196,0.5732,,96,0.55808,,0,,0.55808,SEEK_PULLBACK,EST_OR_UPD,0,,-1,-1,0,1,195
2025-11-28 15:00:00+00:00,0.57224,0.57438,0.57214,0.57402,5148,0.0017800000000000038,0.0022400000000000198,0.00036000000000002697,9.999999999998899e-05,1,0.57326,0.7946428571428519,maru,0,0,False,True,True,0.0012800000000000589,1.75,True,True,0.0012800000000000589,1.75,True,True,0.0010599999999999499,2.11,1,12357.376948881218,0.42,False,continuous,1,SUCCESS,231,233,-1,1,235,2,1,0.0007300000000000084,range,1,0.57438,0.57038,196,198,0.57438,0.57038,0.46067415730333156,233,0.57438,CTS_UPDATED,96,0.55808,,0,,0.55808,SEEK_PULLBACK,EST_OR_UPD,0,,-1,-1,0,1,195
2025-11-28 16:00:00+00:00,0.57402,0.57407,0.57319,0.57354,3636,0.00047999999999992493,0.0008799999999999919,4.999999999999449e-05,0.0003500000000000725,-1,0.57363,0.5454545454544651,normal,0,1,False,False,False,0.0022400000000000198,0.39,True,True,0.0012800000000000589,0.69,True,True,0.0012800000000000589,0.69,-1,11526.769620416339,0.32,False,,0,,-1,-1,-1,1,236,2,0,0.0,range,1,0.57438,0.57038,196,198,0.57438,0.57038,,233,0.57438,,96,0.55808,,0,,0.55808,SEEK_PULLBACK,EST_OR_UPD,0,,-1,-1,0,1,195
2025-11-28 17:00:00+00:00,0.57354,0.57392,0.57318,0.57384,2254,0.00029999999999996696,0.0007399999999999629,7.999999999996898e-05,0.00036000000000002697,1,0.57355,0.40540540540538106,normal,0,1,False,False,False,0.0022400000000000198,0.33,False,False,0.0022400000000000198,0.33,False,True,0.0012800000000000589,0.58,1,10643.648704186211,0.21,False,,0,,-1,-1,-1,1,237,2,0,0.0,range,1,0.57438,0.57038,196,198,0.57438,0.57038,,233,0.57438,,96,0.55808,,0,,0.55808,SEEK_PULLBACK,EST_OR_UPD,0,,-1,-1,0,1,195
2025-11-28 18:00:00+00:00,0.57384,0.57388,0.57339,0.57354,2695,0.00029999999999996696,0.0004899999999999904,3.999999999992898e-05,0.0001500000000000945,-1,0.5736349999999999,0.6122448979591282,normal,0,1,False,False,False,0.0022400000000000198,0.22,False,False,0.0022400000000000198,0.22,False,False,0.0022400000000000198,0.22,-1,9886.634541882762,0.27,False,,0,,-1,-1,-1,1,238,2,0,0.0,range,1,0.57438,0.57038,196,198,0.57438,0.57038,,233,0.57438,,96,0.55808,,0,,0.55808,SEEK_PULLBACK,EST_OR_UPD,0,,-1,-1,0,1,195
2025-11-28 19:00:00+00:00,0.57354,0.57372,0.57353,0.57367,1683,0.00012999999999996348,0.00019000000000002348,4.999999999999449e-05,1.0000000000065512e-05,1,0.573625,0.6842105263155127,maru,0,0,False,False,False,0.0022400000000000198,0.08,False,False,0.0022400000000000198,0.08,False,False,0.0022400000000000198,0.08,1,9105.336014084403,0.18,False,,0,,-1,-1,-1,1,241,4,0,0.0,range,1,0.57438,0.57038,196,198,0.57438,0.57038,,233,0.57438,,96,0.55808,,0,,0.55808,SEEK_PULLBACK,EST_OR_UPD,0,,-1,-1,0,1,195
2025-11-28 20:00:00+00:00,0.57368,0.57392,0.5736,0.57382,7950,0.000140000000000029,0.00031999999999998696,9.999999999998899e-05,7.999999999996898e-05,1,0.57376,0.4375000000001084,normal,0,0,False,False,False,0.0022400000000000198,0.14,False,False,0.0022400000000000198,0.14,False,False,0.0022400000000000198,0.14,1,8995.304012743032,0.88,False,,0,,-1,-1,-1,1,241,3,0,0.0,range,1,0.57438,0.57038,196,198,0.57438,0.57038,,233,0.57438,,96,0.55808,,0,,0.55808,SEEK_PULLBACK,EST_OR_UPD,0,,-1,-1,0,1,195
2025-11-28 21:00:00+00:00,0.57382,0.57392,0.57324,0.57348,14582,0.00034000000000000696,0.0006800000000000139,9.999999999998899e-05,0.00024000000000001798,-1,0.57358,0.5,normal,0,1,False,False,False,0.0022400000000000198,0.3,False,False,0.0022400000000000198,0.3,False,False,0.0022400000000000198,0.3,-1,9527.370297243695,1.53,True,,0,,-1,-1,-1,1,241,2,1,0.00029999999999996696,range,1,0.57438,0.57038,196,198,0.57438,0.57038,,233,0.57438,,96,0.55808,,0,,0.55808,SEEK_PULLBACK,EST_OR_UPD,0,,-1,-1,0,1,195
2025-11-30 22:00:00+00:00,0.57268,0.5733,0.57268,0.57276,2534,8.000000000008001e-05,0.0006200000000000649,0.0005399999999999849,0.0,1,0.57299,0.12903225806463164,pinbar,-1,0,False,False,False,0.0022400000000000198,0.28,False,False,0.0022400000000000198,0.28,False,False,0.0022400000000000198,0.28,-1,8861.335030839535,0.29,False,,0,,-1,-1,-1,1,242,2,0,0.0,range,1,0.57438,0.57038,196,198,0.57438,0.57038,,233,0.57438,,96,0.55808,,0,,0.55808,SEEK_PULLBACK,EST_OR_UPD,0,,-1,-1,0,1,195
2025-11-30 23:00:00+00:00,0.57273,0.57394,0.57273,0.5736,1443,0.0008700000000000374,0.0012100000000000444,0.00034000000000000696,0.0,1,0.5733349999999999,0.7190082644628145,maru,0,0,False,False,True,0.0022400000000000198,0.54,False,True,0.0022400000000000198,0.54,False,True,0.0022400000000000198,0.54,1,8154.826932664341,0.18,False,,0,,-1,-1,-1,1,243,2,0,0.0,range,1,0.57438,0.57038,196,198,0.57438,0.57038,,233,0.57438,,96,0.55808,,0,,0.55808,SEEK_PULLBACK,EST_OR_UPD,0,,-1,-1,0,1,195
2025-12-01 00:00:00+00:00,0.57362,0.57376,0.57301,0.57322,3315,0.00040000000000006697,0.0007500000000000284,0.000140000000000029,0.00020999999999993246,-1,0.573385,0.5333333333334024,normal,0,0,False,False,False,0.0022400000000000198,0.33,False,False,0.0022400000000000198,0.33,False,False,0.0022400000000000198,0.33,-1,7693.891034315356,0.43,False,,0,,-1,-1,-1,1,244,2,0,0.0,range,1,0.57438,0.57038,196,198,0.57438,0.57038,,233,0.57438,,96,0.55808,,0,,0.55808,SEEK_PULLBACK,EST_OR_UPD,0,,-1,-1,0,1,195
2025-12-01 01:00:00+00:00,0.57321,0.57444,0.57303,0.57385,4940,0.0006399999999999739,0.0014099999999999113,0.0005899999999999794,0.00017999999999995797,1,0.573735,0.4539007092198682,normal,0,-1,False,False,True,0.0022400000000000198,0.63,False,True,0.0022400000000000198,0.63,False,True,0.0022400000000000198,0.63,1,7431.6156977138935,0.66,False,,0,,-1,-1,-1,1,245,2,0,0.0,range,1,0.57444,0.57038,196,198,0.57444,0.57038,,243,0.57444,CTS_UPDATED,96,0.55808,,0,,0.55808,SEEK_PULLBACK,EST_OR_UPD,0,,-1,-1,0,1,195
2025-12-01 02:00:00+00:00,0.57386,0.57386,0.5729,0.57308,3297,0.0007800000000000029,0.0009600000000000719,0.0,0.000180000000000069,-1,0.57338,0.8124999999999422,maru,0,0,False,False,False,0.0022400000000000198,0.43,False,False,0.0022400000000000198,0.43,False,False,0.0022400000000000198,0.43,-1,7037.842774122094,0.47,False,,0,,-1,-1,-1,1,246,2,0,0.0,range,1,0.57444,0.57038,196,198,0.57444,0.57038,,243,0.57444,,96,0.55808,,0,,0.55808,SEEK_PULLBACK,EST_OR_UPD,0,,-1,-1,0,1,195
2025-12-01 03:00:00+00:00,0.57307,0.57362,0.57256,0.57362,1990,0.0005500000000000504,0.001060000000000061,0.0,0.0005100000000000104,1,0.57309,0.5188679245283196,maru,0,0,True,False,False,0.0022400000000000198,0.47,False,False,0.0022400000000000198,0.47,False,False,0.0022400000000000198,0.47,1,6557.0958432533225,0.3,False,,0,,-1,-1,-1,1,247,2,0,0.0,range,1,0.57444,0.57038,196,198,0.57444,0.57038,,243,0.57444,,96,0.55808,,0,,0.55808,SEEK_PULLBACK,EST_OR_UPD,0,,-1,-1,0,1,195
2025-12-01 04:00:00+00:00,0.57364,0.57374,0.57314,0.57314,1595,0.000500000000000056,0.0006000000000000449,9.999999999998899e-05,0.0,-1,0.57344,0.8333333333333641,maru,0,0,True,False,False,0.0022400000000000198,0.27,False,False,0.0022400000000000198,0.27,False,False,0.0022400000000000198,0.27,-1,6084.515286753006,0.26,False,,0,,-1,-1,-1,1,249,3,0,0.0,range,1,0.57444,0.57038,196,198,0.57444,0.57038,,243,0.57444,,96,0.55808,,0,,0.55808,SEEK_PULLBACK,EST_OR_UPD,0,,-1,-1,0,1,195
2025-12-01 05:00:00+00:00,0.57314,0.5732,0.5726,0.5729,2002,0.00024000000000001798,0.0006000000000000449,6.0000000000060005e-05,0.00029999999999996696,-1,0.5729,0.4,normal,0,1,False,False,True,0.0012100000000000444,0.5,False,False,0.0022400000000000198,0.27,False,False,0.0022400000000000198,0.27,-1,5695.704307062244,0.35,False,,0,,-1,-1,-1,0,-1,-1,1,9.999999999998899e-05,range,1,0.57444,0.57038,196,198,0.57444,0.57038,,243,0.57444,,96,0.55808,,0,,0.55808,SEEK_PULLBACK,EST_OR_UPD,0,,-1,-1,0,1,195
2025-12-01 06:00:00+00:00,0.57291,0.57304,0.57272,0.57303,1869,0.00012000000000000899,0.00031999999999998696,9.99999999995449e-06,0.00019000000000002348,1,0.5728800000000001,0.37500000000004335,pinbar,1,0,False,False,False,0.0012100000000000444,0.26,False,False,0.0012100000000000444,0.26,False,False,0.0022400000000000198,0.14,1,5331.256277818221,0.35,False,,0,,-1,-1,-1,0,-1,-1,0,0.0,range,1,0.57444,0.57038,196,198,0.57444,0.57038,,243,0.57444,,96,0.55808,,0,,0.55808,SEEK_PULLBACK,EST_OR_UPD,0,,-1,-1,0,1,195
2025-12-01 07:00:00+00:00,0.57305,0.57406,0.5726,0.57364,2464,0.0005900000000000905,0.0014600000000000168,0.00041999999999997595,0.00044999999999995044,1,0.57333,0.4041095890411532,normal,0,0,False,True,True,0.0012100000000000444,1.21,True,True,0.0012100000000000444,1.21,True,True,0.0012100000000000444,1.21,1,5058.184251359343,0.49,False,,0,,-1,-1,-1,1,251,2,1,9.999999999998899e-05,range,1,0.57444,0.57038,196,198,0.57444,0.57038,,243,0.57444,,96,0.55808,,0,,0.55808,SEEK_PULLBACK,EST_OR_UPD,0,,-1,-1,0,1,195
2025-12-01 08:00:00+00:00,0.57364,0.574,0.57314,0.57346,3728,0.000180000000000069,0.0008599999999999719,0.00035999999999991594,0.00031999999999998696,-1,0.5735699999999999,0.2093023255814824,pinbar,0,0,False,True,True,0.0012100000000000444,0.71,True,True,0.0012100000000000444,0.71,True,True,0.0012100000000000444,0.71,-1,4931.500036944168,0.76,False,,0,,-1,-1,-1,1,252,2,0,0.0,range,1,0.57444,0.57038,196,198,0.57444,0.57038,,243,0.57444,,96,0.55808,,0,,0.55808,SEEK_PULLBACK,EST_OR_UPD,0,,-1,-1,0,1,195
2025-12-01 09:00:00+00:00,0.57346,0.57398,0.57332,0.57378,3172,0.00031999999999998696,0.0006599999999999939,0.000200000000000089,0.00013999999999991797,1,0.57365,0.48484848484846954,normal,0,0,False,False,True,0.0012100000000000444,0.55,False,True,0.0012100000000000444,0.55,False,True,0.0012100000000000444,0.55,1,4763.928604854247,0.67,False,,0,,-1,-1,-1,1,253,2,0,0.0,range,1,0.57444,0.57038,196,198,0.57444,0.57038,,243,0.57444,,96,0.55808,,0,,0.55808,SEEK_PULLBACK,EST_OR_UPD,0,,-1,-1,0,1,195
2025-12-01 10:00:00+00:00,0.57378,0.57392,0.57284,0.57324,3245,0.0005399999999999849,0.0010799999999999699,0.000140000000000029,0.00039999999999995595,-1,0.57338,0.5,normal,0,1,False,True,True,0.0012100000000000444,0.89,True,True,0.0012100000000000444,0.89,True,True,0.0012100000000000444,0.89,-1,4619.268737725271,0.7,False,,0,,-1,-1,-1,0,-1,-1,0,0.0,range,1,0.57444,0.57038,196,198,0.57444,0.57038,,243,0.57444,,96,0.55808,,0,,0.55808,SEEK_PULLBACK,EST_OR_UPD,0,,-1,-1,0,1,195
2025-12-01 11:00:00+00:00,0.57322,0.57381,0.5731,0.5737,2307,0.00048000000000003595,0.0007099999999999884,0.0001100000000000545,0.00011999999999989797,1,0.573455,0.6760563380282307,maru,0,0,False,False,True,0.0012100000000000444,0.59,False,True,0.0012100000000000444,0.59,False,True,0.0012100000000000444,0.59,1,4399.052667465721,0.52,False,,0,,-1,-1,-1,1,258,5,0,0.0,range,1,0.57444,0.57038,196,198,0.57444,0.57038,,243,0.57444,,96,0.55808,,0,,0.55808,SEEK_PULLBACK,EST_OR_UPD,0,,-1,-1,0,1,195
2025-12-01 12:00:00+00:00,0.5737,0.57482,0.57332,0.57479,2943,0.0010900000000000354,0.0014999999999999458,2.999999999997449e-05,0.00037999999999993594,1,0.5740700000000001,0.7266666666667165,maru,0,0,True,True,True,0.0012100000000000444,1.24,True,True,0.0012100000000000444,1.24,True,True,0.0012100000000000444,1.24,1,4260.380984849939,0.69,False,double_maru,1,SUCCESS,253,254,-1,1,256,2,1,0.00044999999999995044,range,1,0.57482,0.57038,196,198,0.57482,0.57038,0.32110091743124874,254,0.57482,CTS_UPDATED,96,0.55808,,0,,0.55808,SEEK_PULLBACK,EST_OR_UPD,0,,-1,-1,0,1,195
2025-12-01 13:00:00+00:00,0.5748,0.5752,0.57426,0.57446,3463,0.00034000000000000696,0.0009400000000000519,0.00040000000000006697,0.00019999999999997797,-1,0.57473,0.3617021276595619,pinbar,0,0,False,False,True,0.0014999999999999458,0.63,True,True,0.0012100000000000444,0.78,True,True,0.0012100000000000444,0.78,-1,4184.439938673754,0.83,False,,0,,-1,-1,-1,0,-1,-1,0,0.0,range,1,0.5752,0.57038,196,198,0.5752,0.57038,,255,0.5752,CTS_UPDATED,96,0.55808,,0,,0.55808,SEEK_PULLBACK,EST_OR_UPD,0,,-1,-1,0,1,195
2025-12-01 14:00:00+00:00,0.57446,0.57453,0.57358,0.57409,4188,0.00036999999999998145,0.0009500000000000064,7.00000000000145e-05,0.0005100000000000104,-1,0.574055,0.38947368421050416,pinbar,1,0,False,False,True,0.0014999999999999458,0.63,False,True,0.0014999999999999458,0.63,True,True,0.0012100000000000444,0.79,-1,4184.778992133397,1.0,False,,0,,-1,-1,-1,1,259,3,0,0.0,range,1,0.5752,0.57038,196,198,0.5752,0.57038,,255,0.5752,,96,0.55808,,0,,0.55808,SEEK_PULLBACK,EST_OR_UPD,0,,-1,-1,0,1,195
2025-12-01 15:00:00+00:00,0.57408,0.57446,0.57336,0.57418,4901,9.999999999998899e-05,0.0010999999999999899,0.00027999999999994696,0.0007200000000000539,1,0.5739099999999999,0.09090909090908174,pinbar,1,0,False,True,True,0.0014999999999999458,0.73,True,True,0.0014999999999999458,0.73,True,True,0.0014999999999999458,0.73,1,4252.990516692121,1.15,False,,0,,-1,-1,-1,1,259,2,0,0.0,range,1,0.5752,0.57038,196,198,0.5752,0.57038,,255,0.5752,,96,0.55808,,0,,0.55808,SEEK_PULLBACK,EST_OR_UPD,0,,-1,-1,0,1,195
2025-12-01 16:00:00+00:00,0.57418,0.57438,0.57344,0.57352,3576,0.0006599999999999939,0.0009400000000000519,0.00019999999999997797,8.000000000008001e-05,-1,0.5739099999999999,0.7021276595744228,maru,0,0,True,False,True,0.0014999999999999458,0.63,False,True,0.0014999999999999458,0.63,False,True,0.0014999999999999458,0.63,-1,4188.515229388109,0.85,False,,0,,-1,-1,-1,0,-1,-1,0,0.0,range,1,0.5752,0.57038,196,198,0.5752,0.57038,,255,0.5752,,96,0.55808,,0,,0.55808,SEEK_PULLBACK,EST_OR_UPD,0,,-1,-1,0,1,195
2025-12-01 17:00:00+00:00,0.57352,0.57402,0.57337,0.5737,2443,0.00017999999999995797,0.0006499999999999284,0.00031999999999998696,0.00014999999999998348,1,0.5736950000000001,0.27692307692304274,pinbar,0,0,False,False,False,0.0014999999999999458,0.43,False,False,0.0014999999999999458,0.43,False,False,0.0014999999999999458,0.43,1,4022.2756837320985,0.61,False,,0,,-1,-1,-1,0,-1,-1,0,0.0,range,1,0.5752,0.57038,196,198,0.5752,0.57038,,255,0.5752,,96,0.55808,,0,,0.55808,SEEK_PULLBACK,EST_OR_UPD,0,,-1,-1,0,1,195
2025-12-01 18:00:00+00:00,0.5737,0.5738,0.57302,0.57314,1253,0.0005600000000000049,0.0007800000000000029,9.999999999998899e-05,0.00012000000000000899,-1,0.57341,0.7179487179487216,maru,0,0,False,False,True,0.0014999999999999458,0.52,False,True,0.0014999999999999458,0.52,False,True,0.0014999999999999458,0.52,-1,3758.53514242428,0.33,False,,0,,-1,-1,-1,0,-1,-1,1,0.0002300000000000635,range,1,0.5752,0.57038,196,198,0.5752,0.57038,,255,0.5752,,96,0.55808,,0,,0.55808,SEEK_PULLBACK,EST_OR_UPD,0,,-1,-1,0,1,195
2025-12-01 19:00:00+00:00,0.57313,0.57314,0.57251,0.57268,1526,0.00045000000000006146,0.0006300000000000194,9.99999999995449e-06,0.00017000000000000348,-1,0.5728249999999999,0.7142857142857898,maru,0,0,False,False,False,0.0014999999999999458,0.42,False,False,0.0014999999999999458,0.42,False,False,0.0014999999999999458,0.42,-1,3545.912747907682,0.43,False,double_maru,-1,SUCCESS,260,261,-1,1,263,2,1,0.00021999999999999797,range,1,0.5752,0.57038,196,198,0.5752,0.57038,,255,0.5752,,96,0.55808,,0,,0.55808,SEEK_PULLBACK,EST_OR_UPD,0,,-1,-1,0,1,195
2025-12-01 20:00:00+00:00,0.57266,0.5728,0.57246,0.57278,1286,0.00012000000000000899,0.00034000000000000696,2.0000000000020002e-05,0.00019999999999997797,1,0.57263,0.35294117647060747,pinbar,1,0,False,False,False,0.0014999999999999458,0.23,False,False,0.0014999999999999458,0.23,False,False,0.0014999999999999458,0.23,1,3330.6829623926646,0.39,False,,0,,-1,-1,-1,1,264,2,0,0.0,range,1,0.5752,0.57038,196,198,0.5752,0.57038,,255,0.5752,,96,0.55808,,0,,0.55808,SEEK_PULLBACK,EST_OR_UPD,0,,-1,-1,0,1,195
2025-12-01 21:00:00+00:00,0.57275,0.5729,0.5726,0.5729,696,0.00014999999999998348,0.00029999999999996696,0.0,0.00014999999999998348,1,0.57275,0.5,maru,0,0,True,False,False,0.0014999999999999458,0.2,False,False,0.0014999999999999458,0.2,False,False,0.0014999999999999458,0.2,1,3079.760775498125,0.23,False,,0,,-1,-1,-1,1,267,4,0,0.0,range,1,0.5752,0.57038,196,198,0.5752,0.57038,,255,0.5752,,96,0.55808,,0,,0.55808,SEEK_PULLBACK,EST_OR_UPD,0,,-1,-1,0,1,195
2025-12-01 22:00:00+00:00,0.57244,0.5727,0.57237,0.57261,660,0.00017000000000000348,0.00032999999999994145,9.00000000000345e-05,6.999999999990347e-05,1,0.572535,0.5151515151516171,normal,0,0,False,False,False,0.0014999999999999458,0.22,False,False,0.0014999999999999458,0.22,False,False,0.0014999999999999458,0.22,-1,2849.3073683078273,0.23,False,,0,,-1,-1,-1,1,267,3,0,0.0,range,1,0.5752,0.57038,196,198,0.5752,0.57038,,255,0.5752,,96,0.55808,,0,,0.55808,SEEK_PULLBACK,EST_OR_UPD,0,,-1,-1,0,1,195
2025-12-01 23:00:00+00:00,0.57262,0.57291,0.5725,0.57253,540,9.00000000000345e-05,0.00041000000000002146,0.00029000000000001247,2.999999999997449e-05,-1,0.572705,0.21951219512202386,pinbar,-1,0,False,False,False,0.0014999999999999458,0.27,False,False,0.0014999999999999458,0.27,False,False,0.0014999999999999458,0.27,-1,2629.3733332308916,0.21,False,,0,,-1,-1,-1,1,267,2,0,0.0,range,1,0.5752,0.57038,196,198,0.5752,0.57038,,255,0.5752,,96,0.55808,,0,,0.55808,SEEK_PULLBACK,EST_OR_UPD,0,,-1,-1,0,1,195
2025-12-02 00:00:00+00:00,0.57255,0.57274,0.5721,0.5723,1403,0.00024999999999997247,0.0006399999999999739,0.00019000000000002348,0.00019999999999997797,-1,0.57242,0.3906249999999729,pinbar,0,0,False,False,False,0.0014999999999999458,0.43,False,False,0.0014999999999999458,0.43,False,False,0.0014999999999999458,0.43,-1,2512.575872923188,0.56,False,,0,,-1,-1,-1,1,268,2,0,0.0,range,1,0.5752,0.57038,196,198,0.5752,0.57038,,255,0.5752,,96,0.55808,,0,,0.55808,SEEK_PULLBACK,EST_OR_UPD,0,,-1,-1,0,1,195
2025-12-02 01:00:00+00:00,0.5723,0.57266,0.57186,0.57265,2063,0.00034999999999996145,0.0007999999999999119,9.99999999995449e-06,0.00043999999999999595,1,0.57226,0.4375,normal,0,1,False,False,True,0.0014999999999999458,0.53,False,True,0.0014999999999999458,0.53,False,True,0.0014999999999999458,0.53,1,2469.7591231209794,0.84,False,,0,,-1,-1,-1,1,269,2,0,0.0,range,1,0.5752,0.57038,196,198,0.5752,0.57038,,255,0.5752,,96,0.55808,,0,,0.55808,SEEK_PULLBACK,EST_OR_UPD,0,,-1,-1,0,1,195
2025-12-02 02:00:00+00:00,0.57264,0.5728,0.57236,0.57266,1738,1.999999999990898e-05,0.00043999999999999595,0.000140000000000029,0.000280000000000058,1,0.57258,0.04545454545433901,pinbar,1,0,False,False,False,0.0014999999999999458,0.29,False,False,0.0014999999999999458,0.29,False,False,0.0014999999999999458,0.29,1,2400.0677780618385,0.72,False,,0,,-1,-1,-1,1,270,2,0,0.0,range,1,0.5752,0.57038,196,198,0.5752,0.57038,,255,0.5752,,96,0.55808,,0,,0.55808,SEEK_PULLBACK,EST_OR_UPD,0,,-1,-1,0,1,195
2025-12-02 03:00:00+00:00,0.57267,0.57278,0.57221,0.5726,1455,7.00000000000145e-05,0.0005699999999999594,0.00010999999999994348,0.00039000000000000146,-1,0.572495,0.12280701754389382,pinbar,1,0,False,False,False,0.0014999999999999458,0.38,False,False,0.0014999999999999458,0.38,False,False,0.0014999999999999458,0.38,-1,2310.06132300833,0.63,False,,0,,-1,-1,-1,1,272,3,0,0.0,range,1,0.5752,0.57038,196,198,0.5752,0.57038,,255,0.5752,,96,0.55808,,0,,0.55808,SEEK_PULLBACK,EST_OR_UPD,0,,-1,-1,0,1,195
2025-12-02 04:00:00+00:00,0.57261,0.57284,0.57242,0.57246,1122,0.00014999999999998348,0.00041999999999997595,0.0002300000000000635,3.999999999992898e-05,-1,0.57263,0.3571428571428383,pinbar,-1,0,False,False,False,0.0014999999999999458,0.28,False,False,0.0014999999999999458,0.28,False,False,0.0014999999999999458,0.28,-1,2196.912625578965,0.51,False,,0,,-1,-1,-1,1,272,2,0,0.0,range,1,0.5752,0.57038,196,198,0.5752,0.57038,,255,0.5752,,96,0.55808,,0,,0.55808,SEEK_PULLBACK,EST_OR_UPD,0,,-1,-1,0,1,195
2025-12-02 05:00:00+00:00,0.57246,0.57292,0.5724,0.57286,972,0.00040000000000006697,0.0005199999999999649,5.999999999994898e-05,5.999999999994898e-05,1,0.57266,0.7692307692309499,maru,0,0,False,False,False,0.0014999999999999458,0.35,False,False,0.0014999999999999458,0.35,False,False,0.0014999999999999458,0.35,1,2080.2542802857306,0.47,False,,0,,-1,-1,-1,1,274,3,0,0.0,range,1,0.5752,0.57038,196,198,0.5752,0.57038,,255,0.5752,,96,0.55808,,0,,0.55808,SEEK_PULLBACK,EST_OR_UPD,0,,-1,-1,0,1,195
2025-12-02 06:00:00+00:00,0.57285,0.57287,0.57241,0.57278,1329,7.00000000000145e-05,0.00046000000000001595,2.0000000000020002e-05,0.00036999999999998145,-1,0.57264,0.1521739130435045,pinbar,1,0,False,False,False,0.0009400000000000519,0.49,False,False,0.0014999999999999458,0.31,False,False,0.0014999999999999458,0.31,-1,2008.7062535918517,0.66,False,,0,,-1,-1,-1,1,274,2,0,0.0,range,1,0.5752,0.57038,196,198,0.5752,0.57038,,255,0.5752,,96,0.55808,,0,,0.55808,SEEK_PULLBACK,EST_OR_UPD,0,,-1,-1,0,1,195
2025-12-02 07:00:00+00:00,0.57278,0.57328,0.57269,0.57304,1762,0.000260000000000038,0.0005899999999999794,0.00024000000000001798,8.999999999992347e-05,1,0.5729850000000001,0.4406779661017747,normal,0,-1,False,False,True,0.0009400000000000519,0.63,False,True,0.0009400000000000519,0.63,False,False,0.0014999999999999458,0.39,1,1985.2104199164373,0.89,False,,0,,-1,-1,-1,0,-1,-1,0,0.0,range,1,0.5752,0.57038,196,198,0.5752,0.57038,,255,0.5752,,96,0.55808,,0,,0.55808,SEEK_PULLBACK,EST_OR_UPD,0,,-1,-1,0,1,195
2025-12-02 08:00:00+00:00,0.57304,0.5732,0.57224,0.57251,2037,0.0005300000000000304,0.0009600000000000719,0.000160000000000049,0.00026999999999999247,-1,0.57272,0.5520833333333237,normal,0,0,False,True,True,0.0009400000000000519,1.02,True,True,0.0009400000000000519,1.02,True,True,0.0009400000000000519,1.02,-1,1990.1427608767767,1.02,False,,0,,-1,-1,-1,1,278,4,1,4.0000000000040004e-05,range,1,0.5752,0.57038,196,198,0.5752,0.57038,,255,0.5752,,96,0.55808,,0,,0.55808,SEEK_PULLBACK,EST_OR_UPD,0,,-1,-1,0,1,195
2025-12-02 09:00:00+00:00,0.57249,0.57265,0.57154,0.57177,1756,0.0007200000000000539,0.0011099999999999444,0.00015999999999993797,0.00022999999999995246,-1,0.572095,0.6486486486487297,maru,0,0,False,True,True,0.0009400000000000519,1.18,True,True,0.0009400000000000519,1.18,True,True,0.0009400000000000519,1.18,-1,1967.8434503170836,0.89,False,,0,,-1,-1,-1,1,277,2,1,0.00042999999999993044,range,1,0.5752,0.57038,196,198,0.5752,0.57038,,255,0.5752,,96,0.55808,,0,,0.55808,SEEK_PULLBACK,EST_OR_UPD,0,,-1,-1,0,1,195
2025-12-02 10:00:00+00:00,0.57178,0.57181,0.57111,0.57133,2022,0.00044999999999995044,0.0007000000000000339,3.0000000000085514e-05,0.00021999999999999797,-1,0.5714600000000001,0.6428571428570409,normal,0,1,False,False,True,0.0011099999999999444,0.63,True,True,0.0009400000000000519,0.74,True,True,0.0009400000000000519,0.74,-1,1973.0012169535516,1.02,False,one_maru_continuous,-1,SUCCESS,275,276,-1,0,-1,-1,0,0.0,range,1,0.5752,0.57038,196,198,0.5752,0.57038,,255,0.5752,,96,0.55808,,0,,0.55808,SEEK_PULLBACK,EST_OR_UPD,0,,-1,-1,0,1,195
2025-12-02 11:00:00+00:00,0.57132,0.57186,0.57128,0.57157,1837,0.00024999999999997247,0.0005800000000000249,0.00029000000000001247,4.0000000000040004e-05,1,0.57157,0.43103448275855466,normal,0,-1,False,False,True,0.0011099999999999444,0.52,False,True,0.0011099999999999444,0.52,False,True,0.0009400000000000519,0.62,1,1960.0487201008325,0.94,False,,0,,-1,-1,-1,0,-1,-1,0,0.0,range,1,0.5752,0.57038,196,198,0.5752,0.57038,,255,0.5752,,96,0.55808,,0,,0.55808,SEEK_PULLBACK,EST_OR_UPD,0,,-1,-1,0,1,195
2025-12-02 12:00:00+00:00,0.57156,0.57244,0.57146,0.57236,1940,0.0008000000000000229,0.0009799999999999809,7.999999999996898e-05,9.999999999998899e-05,1,0.57195,0.8163265306122842,maru,0,0,True,True,True,0.0011099999999999444,0.88,True,True,0.0011099999999999444,0.88,True,True,0.0011099999999999444,0.88,1,1958.1393181864676,0.99,False,,0,,-1,-1,-1,0,-1,-1,1,0.00035999999999991594,range,1,0.5752,0.57038,196,198,0.5752,0.57038,,255,0.5752,,96,0.55808,,0,,0.55808,SEEK_PULLBACK,EST_OR_UPD,0,,-1,-1,0,1,195
2025-12-02 13:00:00+00:00,0.57233,0.57312,0.57222,0.57312,2091,0.0007899999999999574,0.0009000000000000119,0.0,0.0001100000000000545,1,0.57267,0.8777777777777188,maru,0,0,True,True,True,0.0011099999999999444,0.81,True,True,0.0011099999999999444,0.81,True,True,0.0011099999999999444,0.81,1,1970.792716454423,1.06,False,one_maru_continuous,1,SUCCESS,278,279,-1,1,282,3,1,0.0003700000000000925,range,1,0.5752,0.57038,196,198,0.5752,0.57038,,255,0.5752,,96,0.55808,,0,,0.55808,SEEK_PULLBACK,EST_OR_UPD,0,,-1,-1,0,1,195
2025-12-02 14:00:00+00:00,0.57312,0.57367,0.57281,0.57334,4075,0.00021999999999999797,0.0008599999999999719,0.0003300000000000525,0.00030999999999992145,1,0.57324,0.2558139534883781,pinbar,0,0,False,True,True,0.0011099999999999444,0.77,True,True,0.0011099999999999444,0.77,True,True,0.0011099999999999444,0.77,1,2171.19341012543,1.88,True,one_maru_continuous,1,SUCCESS,279,280,-1,1,283,3,0,0.0,range,1,0.5752,0.57038,196,198,0.5752,0.57038,,255,0.5752,,96,0.55808,,0,,0.55808,SEEK_PULLBACK,EST_OR_UPD,0,,-1,-1,0,1,195
2025-12-02 15:00:00+00:00,0.57335,0.57448,0.57256,0.57402,4343,0.0006699999999999484,0.0019200000000000328,0.00046000000000001595,0.0007900000000000684,1,0.57352,0.3489583333333005,pinbar,0,0,False,True,True,0.0011099999999999444,1.73,True,True,0.0011099999999999444,1.73,True,True,0.0011099999999999444,1.73,1,2378.032132970627,1.83,True,,0,,-1,-1,-1,1,283,2,0,0.0,range,1,0.5752,0.57038,196,198,0.5752,0.57038,,255,0.5752,,96,0.55808,,0,,0.55808,SEEK_PULLBACK,EST_OR_UPD,0,,-1,-1,0,1,195
2025-12-02 16:00:00+00:00,0.57403,0.57406,0.57236,0.57252,4188,0.0015100000000000113,0.0017000000000000348,2.999999999997449e-05,0.000160000000000049,-1,0.57321,0.8882352941176356,maru,0,0,True,True,True,0.0011099999999999444,1.53,True,True,0.0011099999999999444,1.53,True,True,0.0011099999999999444,1.53,-1,2550.4100250686624,1.64,True,,0,,-1,-1,-1,1,284,2,0,0.0,range,1,0.5752,0.57038,196,198,0.5752,0.57038,,255,0.5752,,96,0.55808,,0,,0.55808,SEEK_PULLBACK,EST_OR_UPD,0,,-1,-1,0,1,195
2025-12-02 17:00:00+00:00,0.5725,0.57328,0.57234,0.5729,2612,0.00039999999999995595,0.0009400000000000519,0.00038000000000004697,0.000160000000000049,1,0.57281,0.42553191489354664,normal,0,-1,False,False,True,0.0017000000000000348,0.55,True,True,0.0011099999999999444,0.85,True,True,0.0011099999999999444,0.85,1,2556.275736966885,1.02,False,,0,,-1,-1,-1,0,-1,-1,0,0.0,range,1,0.5752,0.57038,196,198,0.5752,0.57038,,255,0.5752,,96,0.55808,,0,,0.55808,SEEK_PULLBACK,EST_OR_UPD,0,,-1,-1,0,1,195
2025-12-02 18:00:00+00:00,0.5729,0.57307,0.5725,0.57279,784,0.00010999999999994348,0.0005699999999999594,0.00017000000000000348,0.00029000000000001247,-1,0.572785,0.19298245614026546,pinbar,1,0,False,False,False,0.0017000000000000348,0.34,False,False,0.0017000000000000348,0.34,False,True,0.0011099999999999444,0.51,-1,2387.487571541467,0.33,False,,0,,-1,-1,-1,0,-1,-1,0,0.0,range,1,0.5752,0.57038,196,198,0.5752,0.57038,,255,0.5752,,96,0.55808,,0,,0.55808,SEEK_PULLBACK,EST_OR_UPD,0,,-1,-1,0,1,195
2025-12-02 19:00:00+00:00,0.57278,0.57362,0.57274,0.57342,630,0.0006400000000000849,0.0008799999999999919,0.00019999999999997797,3.999999999992898e-05,1,0.57318,0.7272727272728305,maru,0,0,False,False,True,0.0017000000000000348,0.52,False,True,0.0017000000000000348,0.52,False,True,0.0017000000000000348,0.52,1,2220.107802823232,0.28,False,,0,,-1,-1,-1,1,288,3,1,0.000280000000000058,range,1,0.5752,0.57038,196,198,0.5752,0.57038,,255,0.5752,,96,0.55808,,0,,0.55808,SEEK_PULLBACK,EST_OR_UPD,0,,-1,-1,0,1,195
2025-12-02 20:00:00+00:00,0.57345,0.57376,0.57335,0.57354,903,9.00000000000345e-05,0.00041000000000002146,0.00021999999999999797,9.999999999998899e-05,1,0.573555,0.21951219512202386,pinbar,-1,0,False,False,False,0.0017000000000000348,0.24,False,False,0.0017000000000000348,0.24,False,False,0.0017000000000000348,0.24,1,2094.6689644591142,0.43,False,,0,,-1,-1,-1,1,288,2,0,0.0,range,1,0.5752,0.57038,196,198,0.5752,0.57038,,255,0.5752,,96,0.55808,,0,,0.55808,SEEK_PULLBACK,EST_OR_UPD,0,,-1,-1,0,1,195
2025-12-02 21:00:00+00:00,0.57352,0.5739,0.57337,0.57382,689,0.00029999999999996696,0.0005299999999999194,7.999999999996898e-05,0.00014999999999998348,1,0.573635,0.5660377358490803,normal,0,0,False,False,False,0.0017000000000000348,0.31,False,False,0.0017000000000000348,0.31,False,False,0.0017000000000000348,0.31,1,1960.7957297487226,0.35,False,one_maru_continuous,1,CONFIRMED,285,286,287,1,290,3,0,0.0,range,1,0.5752,0.57038,196,198,0.5752,0.57038,,255,0.5752,,96,0.55808,,0,,0.55808,SEEK_PULLBACK,EST_OR_UPD,0,,-1,-1,0,1,195
2025-12-02 22:00:00+00:00,0.57358,0.57384,0.5735,0.57361,569,2.999999999997449e-05,0.00034000000000000696,0.0002300000000000635,7.999999999996898e-05,1,0.57367,0.08823529411757022,pinbar,-1,0,False,False,False,0.0017000000000000348,0.2,False,False,0.0017000000000000348,0.2,False,False,0.0017000000000000348,0.2,-1,1828.2437554869393,0.31,False,,0,,-1,-1,-1,0,-1,-1,0,0.0,range,1,0.5752,0.57038,196,198,0.5752,0.57038,,255,0.5752,,96,0.55808,,0,,0.55808,SEEK_PULLBACK,EST_OR_UPD,0,,-1,-1,0,1,195
2025-12-02 23:00:00+00:00,0.57362,0.57412,0.5736,0.5741,630,0.00048000000000003595,0.0005199999999999649,1.999999999990898e-05,2.0000000000020002e-05,1,0.57386,0.9230769230770545,maru,0,0,True,False,False,0.0017000000000000348,0.31,False,False,0.0017000000000000348,0.31,False,False,0.0017000000000000348,0.31,1,1714.1253025834212,0.37,False,,0,,-1,-1,-1,0,-1,-1,0,0.0,range,1,0.5752,0.57038,196,198,0.5752,0.57038,,255,0.5752,,96,0.55808,,0,,0.55808,SEEK_PULLBACK,EST_OR_UPD,0,,-1,-1,0,1,195
2025-12-03 00:00:00+00:00,0.5741,0.57446,0.5735,0.5739,3348,0.000200000000000089,0.0009599999999999609,0.00035999999999991594,0.00039999999999995595,-1,0.5739799999999999,0.20833333333343454,pinbar,0,0,False,False,True,0.0017000000000000348,0.56,False,True,0.0017000000000000348,0.56,False,True,0.0017000000000000348,0.56,-1,1869.7324166230953,1.79,True,,0,,-1,-1,-1,0,-1,-1,0,0.0,range,1,0.5752,0.57038,196,198,0.5752,0.57038,,255,0.5752,,96,0.55808,,0,,0.55808,SEEK_PULLBACK,EST_OR_UPD,0,,-1,-1,0,1,195
2025-12-03 01:00:00+00:00,0.57388,0.57471,0.57374,0.57463,2846,0.0007500000000000284,0.0009700000000000264,8.000000000008001e-05,0.00013999999999991797,1,0.574225,0.773195876288668,maru,0,0,True,False,True,0.0017000000000000348,0.57,False,True,0.0017000000000000348,0.57,False,True,0.0017000000000000348,0.57,1,1962.71028170661,1.45,True,,0,,-1,-1,-1,0,-1,-1,1,0.000140000000000029,range,1,0.5752,0.57038,196,198,0.5752,0.57038,,255,0.5752,,96,0.55808,,0,,0.55808,SEEK_PULLBACK,EST_OR_UPD,0,,-1,-1,0,1,195
2025-12-03 02:00:00+00:00,0.57462,0.57525,0.5746,0.57508,2225,0.00046000000000001595,0.0006500000000000394,0.00017000000000000348,2.0000000000020002e-05,1,0.574925,0.7076923076922893,maru,0,0,False,False,False,0.0017000000000000348,0.38,False,False,0.0017000000000000348,0.38,False,False,0.0017000000000000348,0.38,1,1987.690254877409,1.12,False,,0,,-1,-1,-1,1,296,4,1,0.00013999999999991797,range,1,0.57525,0.57038,196,198,0.57525,0.57038,,292,0.57525,CTS_UPDATED,96,0.55808,,0,,0.55808,SEEK_PULLBACK,EST_OR_UPD,0,,-1,-1,0,1,195
2025-12-03 03:00:00+00:00,0.57508,0.57525,0.57485,0.57487,1986,0.00021000000000004349,0.00040000000000006697,0.00017000000000000348,2.0000000000020002e-05,-1,0.5750500000000001,0.5250000000000208,maru,0,0,True,False,False,0.0017000000000000348,0.24,False,False,0.0017000000000000348,0.24,False,False,0.0017000000000000348,0.24,-1,1987.5292782224176,1.0,False,,0,,-1,-1,-1,1,296,3,0,0.0,range,1,0.57525,0.57038,196,198,0.57525,0.57038,,292,0.57525,,96,0.55808,,0,,0.55808,SEEK_PULLBACK,EST_OR_UPD,0,,-1,-1,0,1,195
2025-12-03 04:00:00+00:00,0.57488,0.57532,0.5748,0.57528,1435,0.00040000000000006697,0.000520000000000076,4.0000000000040004e-05,7.999999999996898e-05,1,0.57506,0.7692307692307857,maru,0,0,True,False,True,0.0009700000000000264,0.54,False,False,0.0017000000000000348,0.31,False,False,0.0017000000000000348,0.31,1,1934.907442201235,0.74,False,one_maru_continuous,1,CONFIRMED,291,292,294,1,296,2,0,0.0,range,1,0.57532,0.57038,196,198,0.57532,0.57038,0.07499999999992367,294,0.57532,CTS_UPDATED,96,0.55808,,0,,0.55808,SEEK_PULLBACK,EST_OR_UPD,0,,-1,-1,0,1,195
2025-12-03 05:00:00+00:00,0.57529,0.57557,0.57518,0.57542,1539,0.0001300000000000745,0.00039000000000000146,0.00014999999999998348,0.00010999999999994348,1,0.575375,0.3333333333335231,pinbar,0,0,False,False,False,0.0009700000000000264,0.4,False,False,0.0009700000000000264,0.4,False,False,0.0017000000000000348,0.23,1,1897.2019715154029,0.81,False,,0,,-1,-1,-1,0,-1,-1,0,0.0,range,1,0.57557,0.57038,196,198,0.57557,0.57038,0.7692307692302437,295,0.57557,CTS_UPDATED,96,0.55808,,0,,0.55808,SEEK_PULLBACK,EST_OR_UPD,0,,-1,-1,0,1,195
2025-12-03 06:00:00+00:00,0.57544,0.57544,0.57486,0.57512,1758,0.00031999999999998696,0.0005799999999999139,0.0,0.00025999999999992696,-1,0.57515,0.5517241379310939,normal,0,1,False,False,True,0.0009700000000000264,0.6,False,True,0.0009700000000000264,0.6,False,True,0.0009700000000000264,0.6,-1,1883.9446408948882,0.93,False,,0,,-1,-1,-1,1,301,5,0,0.0,range,1,0.57557,0.57038,196,198,0.57557,0.57038,,295,0.57557,,96,0.55808,,0,,0.55808,SEEK_PULLBACK,EST_OR_UPD,0,,-1,-1,0,1,195
2025-12-03 07:00:00+00:00,0.57512,0.57552,0.57437,0.57447,2135,0.0006499999999999284,0.0011499999999999844,0.00040000000000006697,9.999999999998899e-05,-1,0.574945,0.5652173913042933,maru,0,0,True,True,True,0.0009700000000000264,1.19,True,True,0.0009700000000000264,1.19,True,True,0.0009700000000000264,1.19,-1,1907.854675095375,1.12,False,,0,,-1,-1,-1,1,300,3,1,0.000180000000000069,range,1,0.57557,0.57038,196,198,0.57557,0.57038,,295,0.57557,,96,0.55808,,0,,0.55808,SEEK_PULLBACK,EST_OR_UPD,0,,-1,-1,0,1,195
2025-12-03 08:00:00+00:00,0.5745,0.57468,0.574,0.57439,2568,0.0001100000000000545,0.0006800000000000139,0.00017999999999995797,0.00039000000000000146,-1,0.57434,0.16176470588242978,pinbar,1,0,False,False,True,0.0011499999999999844,0.59,True,True,0.0009700000000000264,0.7,True,True,0.0009700000000000264,0.7,-1,1970.7256584196248,1.3,True,one_maru_continuous,-1,SUCCESS,297,298,-1,1,302,4,0,0.0,range,1,0.57557,0.57038,196,198,0.57557,0.57038,,295,0.57557,,96,0.55808,,0,,0.55808,SEEK_PULLBACK,EST_OR_UPD,0,,-1,-1,0,1,195
2025-12-03 09:00:00+00:00,0.5744,0.57458,0.57395,0.57419,2929,0.00021000000000004349,0.0006300000000000194,0.00017999999999995797,0.00024000000000001798,-1,0.574265,0.3333333333333921,pinbar,0,0,False,False,True,0.0011499999999999844,0.55,False,True,0.0011499999999999844,0.55,True,True,0.0009700000000000264,0.65,-1,2061.9898814272797,1.42,True,,0,,-1,-1,-1,1,302,3,0,0.0,range,1,0.57557,0.57038,196,198,0.57557,0.57038,,295,0.57557,,96,0.55808,,0,,0.55808,SEEK_PULLBACK,EST_OR_UPD,0,,-1,-1,0,1,195
2025-12-03 10:00:00+00:00,0.5742,0.575,0.57418,0.57485,2387,0.0006499999999999284,0.0008199999999999319,0.00014999999999998348,2.0000000000020002e-05,1,0.5745899999999999,0.7926829268292468,maru,0,0,False,True,True,0.0011499999999999844,0.71,True,True,0.0011499999999999844,0.71,True,True,0.0011499999999999844,0.71,1,2092.943226053253,1.14,False,,0,,-1,-1,-1,1,302,2,1,9.999999999998899e-05,range,1,0.57557,0.57038,196,198,0.57557,0.57038,,295,0.57557,,96,0.55808,,0,,0.55808,SEEK_PULLBACK,EST_OR_UPD,0,,-1,-1,0,1,195
2025-12-03 11:00:00+00:00,0.57485,0.57519,0.57468,0.57505,2254,0.00019999999999997797,0.0005100000000000104,0.000140000000000029,0.00017000000000000348,1,0.574935,0.3921568627450468,pinbar,0,0,False,False,False,0.0011499999999999844,0.44,False,False,0.0011499999999999844,0.44,False,False,0.0011499999999999844,0.44,1,2108.2819664291337,1.07,False,one_maru_continuous,1,SUCCESS,300,301,-1,1,303,2,0,0.0,range,1,0.57557,0.57038,196,198,0.57557,0.57038,,295,0.57557,,96,0.55808,,0,,0.55808,SEEK_PULLBACK,EST_OR_UPD,0,,-1,-1,0,1,195
2025-12-03 12:00:00+00:00,0.57504,0.57517,0.57457,0.57458,1715,0.00046000000000001595,0.0005999999999999339,0.00012999999999996348,9.99999999995449e-06,-1,0.57487,0.7666666666667777,maru,0,0,True,False,True,0.0011499999999999844,0.52,False,True,0.0011499999999999844,0.52,False,True,0.0011499999999999844,0.52,-1,2070.8265410549307,0.83,False,,0,,-1,-1,-1,1,304,2,0,0.0,range,1,0.57557,0.57038,196,198,0.57557,0.57038,,295,0.57557,,96,0.55808,,0,,0.55808,SEEK_PULLBACK,EST_OR_UPD,0,,-1,-1,0,1,195
2025-12-03 13:00:00+00:00,0.57456,0.57572,0.57434,0.57472,3846,0.000160000000000049,0.0013800000000000479,0.0010000000000000009,0.00021999999999999797,1,0.5750299999999999,0.11594202898553872,pinbar,-1,0,False,True,True,0.0011499999999999844,1.2,True,True,0.0011499999999999844,1.2,True,True,0.0011499999999999844,1.2,1,2239.89068000208,1.72,True,,0,,-1,-1,-1,0,-1,-1,0,0.0,range,1,0.57572,0.57038,196,198,0.57572,0.57038,,303,0.57572,CTS_UPDATED,96,0.55808,,0,,0.55808,SEEK_PULLBACK,EST_OR_UPD,0,,-1,-1,0,1,195
2025-12-03 14:00:00+00:00,0.57471,0.57512,0.57346,0.57474,5523,2.999999999997449e-05,0.0016599999999999948,0.00037999999999993594,0.0012500000000000844,1,0.57429,0.018072289156611195,pinbar,1,0,False,True,True,0.0011499999999999844,1.44,True,True,0.0011499999999999844,1.44,True,True,0.0011499999999999844,1.44,1,2552.56775809712,2.16,True,,0,,-1,-1,-1,0,-1,-1,0,0.0,range,1,0.57572,0.57038,196,198,0.57572,0.57038,,303,0.57572,,96,0.55808,,0,,0.55808,SEEK_PULLBACK,EST_OR_UPD,0,,-1,-1,0,1,195
2025-12-03 15:00:00+00:00,0.57458,0.5766,0.57432,0.57627,5622,0.0016899999999999693,0.0022799999999999487,0.0003300000000000525,0.00025999999999992696,1,0.5754600000000001,0.7412280701754418,maru,0,0,False,True,True,0.0011499999999999844,1.98,True,True,0.0011499999999999844,1.98,True,True,0.0011499999999999844,1.98,1,2844.894638278347,1.98,True,,0,,-1,-1,-1,0,-1,-1,1,0.0010999999999999899,range,1,0.57572,0.57038,196,198,0.57572,0.57038,0.3254437869822186,305,0.5766,CTS_UPDATED,96,0.55808,,0,,0.55808,SEEK_PULLBACK,EST_OR_UPD,0,,-1,-1,0,1,195
2025-12-03 16:00:00+00:00,0.57626,0.57714,0.57622,0.57675,3365,0.0004899999999999904,0.0009200000000000319,0.00039000000000000146,4.0000000000040004e-05,1,0.57668,0.5326086956521451,normal,0,-1,False,False,False,0.0022799999999999487,0.4,True,True,0.0011499999999999844,0.8,True,True,0.0011499999999999844,0.8,1,2894.4284822518375,1.16,False,continuous,1,CONFIRMED,303,305,306,0,-1,-1,1,5.999999999994898e-05,breakout,0,,,-1,-1,,,1.0,306,0.57714,CTS_UPDATED,96,0.55808,,0,,0.55808,SEEK_PULLBACK,EST_OR_UPD,0,,-1,-1,0,1,306
2025-12-03 17:00:00+00:00,0.57676,0.5773,0.57666,0.57718,2098,0.00041999999999997595,0.0006400000000000849,0.00012000000000000899,0.00010000000000010001,1,0.57698,0.6562499999998753,maru,0,0,False,False,False,0.0022799999999999487,0.28,False,False,0.0022799999999999487,0.28,False,True,0.0011499999999999844,0.56,1,2818.5781506088056,0.74,False,,0,,-1,-1,-1,1,312,5,0,0.0,breakout,0,,,-1,-1,,,,307,0.5773,CTS_UPDATED,96,0.55808,,0,,0.55808,SEEK_PULLBACK,EST_OR_UPD,0,,-1,-1,0,1,306
2025-12-03 18:00:00+00:00,0.57718,0.57754,0.57713,0.57728,932,9.999999999998899e-05,0.00041000000000002146,0.000260000000000038,4.999999999999449e-05,1,0.577335,0.2439024390243506,pinbar,-1,0,False,False,False,0.0022799999999999487,0.18,False,False,0.0022799999999999487,0.18,False,False,0.0022799999999999487,0.18,1,2638.9040410270145,0.35,False,,0,,-1,-1,-1,1,310,2,0,0.0,breakout,0,,,-1,-1,,,,308,0.57754,CTS_UPDATED,96,0.55808,,0,,0.55808,SEEK_PULLBACK,EST_OR_UPD,0,,-1,-1,0,1,306
2025-12-03 19:00:00+00:00,0.57726,0.57766,0.57726,0.57766,1074,0.00039999999999995595,0.00039999999999995595,0.0,0.0,1,0.57746,1.0,maru,0,0,True,False,False,0.0022799999999999487,0.18,False,False,0.0022799999999999487,0.18,False,False,0.0022799999999999487,0.18,1,2489.8655609292036,0.43,False,one_maru_continuous,1,CONFIRMED,307,308,309,1,311,2,0,0.0,breakout,0,,,-1,-1,,,,309,0.57766,CTS_UPDATED,96,0.55808,,0,,0.55808,SEEK_PULLBACK,EST_OR_UPD,0,,-1,-1,0,1,309
2025-12-03 20:00:00+00:00,0.57766,0.57766,0.57732,0.57742,656,0.00023999999999990695,0.00033999999999989594,0.0,9.999999999998899e-05,-1,0.5774900000000001,0.7058823529411189,maru,0,0,False,False,False,0.0022799999999999487,0.15,False,False,0.0022799999999999487,0.15,False,False,0.0022799999999999487,0.15,-1,2315.211697983565,0.28,False,,0,,-1,-1,-1,1,313,3,0,0.0,range,1,0.57774,0.57732,310,313,0.57774,0.57732,,311,0.57774,,96,0.55808,,0,,0.55808,SEEK_PULLBACK,EST_OR_UPD,0,,-1,-1,0,1,309
2025-12-03 21:00:00+00:00,0.57742,0.57774,0.5774,0.57742,666,0.0,0.00034000000000000696,0.00031999999999998696,2.0000000000020002e-05,0,0.57757,0.0,pinbar,-1,0,False,False,False,0.0022799999999999487,0.15,False,False,0.0022799999999999487,0.15,False,False,0.0022799999999999487,0.15,0,2158.143917223226,0.31,False,,0,,-1,-1,-1,1,314,3,0,0.0,range,1,0.57774,0.57732,310,313,0.57774,0.57732,,311,0.57774,,96,0.55808,,0,,0.55808,SEEK_PULLBACK,EST_OR_UPD,0,,-1,-1,0,1,309
2025-12-03 22:00:00+00:00,0.57714,0.57733,0.57714,0.57725,727,0.0001100000000000545,0.00019000000000002348,7.999999999996898e-05,0.0,1,0.5772349999999999,0.5789473684212679,normal,0,-1,False,False,False,0.0022799999999999487,0.08,False,False,0.0022799999999999487,0.08,False,False,0.0022799999999999487,0.08,-1,2021.8444965352994,0.36,False,,0,,-1,-1,-1,0,-1,-1,0,0.0,range,1,0.57774,0.57714,310,313,0.57774,0.57714,1.0,311,0.57774,,96,0.55808,,0,,0.55808,SEEK_PULLBACK,EST_OR_UPD,0,,-1,-1,0,1,309
2025-12-03 23:00:00+00:00,0.57724,0.57742,0.57716,0.57732,732,8.000000000008001e-05,0.000260000000000038,9.999999999998899e-05,7.999999999996898e-05,1,0.5772900000000001,0.30769230769257044,pinbar,0,0,False,False,False,0.0022799999999999487,0.11,False,False,0.0022799999999999487,0.11,False,False,0.0022799999999999487,0.11,1,1899.0021635319376,0.39,False,,0,,-1,-1,-1,0,-1,-1,0,0.0,range,1,0.57774,0.57714,310,313,0.57774,0.57714,,311,0.57774,,96,0.55808,,0,,0.55808,SEEK_PULLBACK,EST_OR_UPD,0,,-1,-1,0,1,309
2025-12-04 00:00:00+00:00,0.57732,0.57748,0.5767,0.57748,1845,0.00015999999999993797,0.0007800000000000029,0.0,0.0006200000000000649,1,0.57709,0.20512820512812482,pinbar,1,0,False,False,False,0.0022799999999999487,0.34,False,False,0.0022799999999999487,0.34,False,False,0.0022799999999999487,0.34,1,1893.85910033842,0.97,False,,0,,-1,-1,-1,1,316,2,0,0.0,range,1,0.57774,0.5767,310,313,0.57774,0.5767,,311,0.57774,,96,0.55808,,0,,0.55808,SEEK_PULLBACK,EST_OR_UPD,0,,-1,-1,0,1,309
2025-12-04 01:00:00+00:00,0.57748,0.57764,0.5766,0.5768,2726,0.0006800000000000139,0.001040000000000041,0.000160000000000049,0.00019999999999997797,-1,0.5771200000000001,0.6538461538461415,maru,0,0,False,False,False,0.0022799999999999487,0.46,False,False,0.0022799999999999487,0.46,False,False,0.0022799999999999487,0.46,-1,1973.1106145919039,1.38,True,,0,,-1,-1,-1,1,317,2,0,0.0,range,1,0.57774,0.5766,310,313,0.57774,0.5766,,311,0.57774,,96,0.55808,,0,,0.55808,SEEK_PULLBACK,EST_OR_UPD,0,,-1,-1,0,1,309
2025-12-04 02:00:00+00:00,0.5768,0.57716,0.57674,0.57689,2075,9.00000000000345e-05,0.00041999999999997595,0.00026999999999999247,5.999999999994898e-05,1,0.5769500000000001,0.2142857142858087,pinbar,-1,0,False,False,False,0.0022799999999999487,0.18,False,False,0.0022799999999999487,0.18,False,False,0.0022799999999999487,0.18,1,1982.8143655831511,1.05,False,,0,,-1,-1,-1,1,318,2,0,0.0,range,1,0.57774,0.5766,310,313,0.57774,0.5766,,311,0.57774,,96,0.55808,,0,,0.55808,SEEK_PULLBACK,EST_OR_UPD,0,,-1,-1,0,1,309
2025-12-04 03:00:00+00:00,0.57687,0.57689,0.57614,0.57675,2450,0.00012000000000000899,0.0007500000000000284,2.0000000000020002e-05,0.0006099999999999994,-1,0.576515,0.16000000000000592,pinbar,1,0,False,False,False,0.0022799999999999487,0.33,False,False,0.0022799999999999487,0.33,False,False,0.0022799999999999487,0.33,-1,2027.3082355276129,1.21,True,,0,,-1,-1,-1,0,-1,-1,0,0.0,range,1,0.57774,0.57614,310,313,0.57774,0.57614,,311,0.57774,,96,0.55808,,0,,0.55808,SEEK_PULLBACK,EST_OR_UPD,0,,-1,-1,0,1,309
2025-12-04 04:00:00+00:00,0.57676,0.5772,0.57667,0.57714,1838,0.00037999999999993594,0.0005300000000000304,6.0000000000060005e-05,9.00000000000345e-05,1,0.576935,0.7169811320753097,maru,0,0,False,False,False,0.0022799999999999487,0.23,False,False,0.0022799999999999487,0.23,False,False,0.0022799999999999487,0.23,1,2009.2788797630783,0.91,False,,0,,-1,-1,-1,1,320,2,1,2.999999999997449e-05,range,1,0.57774,0.57614,310,313,0.57774,0.57614,,311,0.57774,,96,0.55808,,0,,0.55808,SEEK_PULLBACK,EST_OR_UPD,0,,-1,-1,0,1,309
2025-12-04 05:00:00+00:00,0.5771,0.57743,0.57692,0.57714,2432,4.0000000000040004e-05,0.0005100000000000104,0.00029000000000001247,0.00017999999999995797,1,0.577175,0.07843137254909643,pinbar,-1,0,False,False,False,0.001040000000000041,0.49,False,False,0.0022799999999999487,0.22,False,False,0.0022799999999999487,0.22,0,2049.5380340713564,1.19,False,,0,,-1,-1,-1,1,321,2,0,0.0,range,1,0.57774,0.57614,310,313,0.57774,0.57614,,311,0.57774,,96,0.55808,,0,,0.55808,SEEK_PULLBACK,EST_OR_UPD,0,,-1,-1,0,1,309
2025-12-04 06:00:00+00:00,0.57716,0.57718,0.57654,0.57694,2390,0.00021999999999999797,0.0006399999999999739,2.0000000000020002e-05,0.00039999999999995595,-1,0.57686,0.3437500000000108,pinbar,1,0,False,False,True,0.001040000000000041,0.62,False,True,0.001040000000000041,0.62,False,False,0.0022799999999999487,0.28,-1,2081.9629832074174,1.15,False,,0,,-1,-1,-1,1,324,4,0,0.0,range,1,0.57774,0.57614,310,313,0.57774,0.57614,,311,0.57774,,96,0.55808,,0,,0.55808,SEEK_PULLBACK,EST_OR_UPD,0,,-1,-1,0,1,309
2025-12-04 07:00:00+00:00,0.57696,0.57738,0.57664,0.57733,1895,0.00036999999999998145,0.0007399999999999629,4.999999999999449e-05,0.00031999999999998696,1,0.57701,0.5,maru,0,0,True,True,True,0.001040000000000041,0.71,True,True,0.001040000000000041,0.71,True,True,0.001040000000000041,0.71,1,2064.156984806711,0.92,False,,0,,-1,-1,-1,1,323,2,1,8.999999999992347e-05,range,1,0.57774,0.57614,310,313,0.57774,0.57614,,311,0.57774,,96,0.55808,,0,,0.55808,SEEK_PULLBACK,EST_OR_UPD,0,,-1,-1,0,1,309
2025-12-04 08:00:00+00:00,0.57732,0.57788,0.57727,0.57732,3162,0.0,0.0006099999999999994,0.0005599999999998939,5.0000000000105516e-05,0,0.577575,0.0,pinbar,-1,0,False,False,True,0.001040000000000041,0.59,False,True,0.001040000000000041,0.59,False,True,0.001040000000000041,0.59,-1,2168.713462444167,1.46,True,,0,,-1,-1,-1,0,-1,-1,0,0.0,range,1,0.57788,0.57614,310,313,0.57788,0.57614,,322,0.57788,CTS_UPDATED,96,0.55808,,0,,0.55808,SEEK_PULLBACK,EST_OR_UPD,0,,-1,-1,0,1,309
2025-12-04 09:00:00+00:00,0.57732,0.57772,0.57709,0.57733,2516,9.99999999995449e-06,0.0006300000000000194,0.00039000000000000146,0.0002300000000000635,1,0.577405,0.015873015872943146,pinbar,-1,0,False,False,True,0.001040000000000041,0.61,False,True,0.001040000000000041,0.61,False,True,0.001040000000000041,0.61,1,2201.7883707828178,1.14,False,,0,,-1,-1,-1,0,-1,-1,0,0.0,range,1,0.57788,0.57614,310,313,0.57788,0.57614,,322,0.57788,,96,0.55808,,0,,0.55808,SEEK_PULLBACK,EST_OR_UPD,0,,-1,-1,0,1,309
2025-12-04 10:00:00+00:00,0.57734,0.57752,0.57674,0.57682,2247,0.0005199999999999649,0.0007800000000000029,0.000180000000000069,7.999999999996898e-05,-1,0.57713,0.6666666666666192,maru,0,0,False,True,True,0.001040000000000041,0.75,True,True,0.001040000000000041,0.75,True,True,0.001040000000000041,0.75,-1,2206.0942402320734,1.02,False,,0,,-1,-1,-1,1,328,4,0,0.0,range,1,0.57788,0.57614,310,313,0.57788,0.57614,,322,0.57788,,96,0.55808,,0,,0.55808,SEEK_PULLBACK,EST_OR_UPD,0,,-1,-1,0,1,309
2025-12-04 11:00:00+00:00,0.57682,0.57716,0.57657,0.57708,2421,0.000260000000000038,0.0005899999999999794,7.999999999996898e-05,0.00024999999999997247,1,0.576865,0.4406779661017747,normal,0,1,False,False,True,0.001040000000000041,0.57,False,True,0.001040000000000041,0.57,False,True,0.001040000000000041,0.57,1,2226.561455448066,1.09,False,,0,,-1,-1,-1,1,328,3,0,0.0,range,1,0.57788,0.57614,310,313,0.57788,0.57614,,322,0.57788,,96,0.55808,,0,,0.55808,SEEK_PULLBACK,EST_OR_UPD,0,,-1,-1,0,1,309
2025-12-04 12:00:00+00:00,0.57707,0.5773,0.57635,0.57665,2341,0.00041999999999997595,0.0009500000000000064,0.0002300000000000635,0.00029999999999996696,-1,0.576825,0.44210526315786647,normal,0,0,False,True,True,0.001040000000000041,0.91,True,True,0.001040000000000041,0.91,True,True,0.001040000000000041,0.91,-1,2237.460364453012,1.05,False,,0,,-1,-1,-1,1,328,2,0,0.0,range,1,0.57788,0.57614,310,313,0.57788,0.57614,,322,0.57788,,96,0.55808,,0,,0.55808,SEEK_PULLBACK,EST_OR_UPD,0,,-1,-1,0,1,309
2025-12-04 13:00:00+00:00,0.57668,0.57678,0.5758,0.57648,3751,0.00019999999999997797,0.0009799999999999809,9.999999999998899e-05,0.0006800000000000139,-1,0.57629,0.20408163265304272,pinbar,1,0,False,True,True,0.001040000000000041,0.94,True,True,0.001040000000000041,0.94,True,True,0.001040000000000041,0.94,-1,2381.6069964098683,1.57,True,,0,,-1,-1,-1,0,-1,-1,0,0.0,range,1,0.57788,0.5758,310,313,0.57788,0.5758,,322,0.57788,,96,0.55808,,0,,0.55808,SEEK_PULLBACK,EST_OR_UPD,0,,-1,-1,0,1,309
2025-12-04 14:00:00+00:00,0.57649,0.57766,0.57642,0.57694,4186,0.00045000000000006146,0.0012399999999999078,0.0007199999999999429,6.999999999990347e-05,1,0.57704,0.3629032258065282,pinbar,-1,0,False,True,True,0.001040000000000041,1.19,True,True,0.001040000000000041,1.19,True,True,0.001040000000000041,1.19,1,2553.4539491327378,1.64,True,,0,,-1,-1,-1,1,330,2,0,0.0,range,1,0.57788,0.5758,310,313,0.57788,0.5758,,322,0.57788,,96,0.55808,,0,,0.55808,SEEK_PULLBACK,EST_OR_UPD,0,,-1,-1,0,1,309
2025-12-04 15:00:00+00:00,0.57694,0.57786,0.57624,0.5775,4164,0.0005600000000000049,0.0016200000000000658,0.00036000000000002697,0.0007000000000000339,1,0.5770500000000001,0.345679012345668,pinbar,0,0,False,True,True,0.001040000000000041,1.56,True,True,0.001040000000000041,1.56,True,True,0.001040000000000041,1.56,1,2706.839287310572,1.54,True,,0,,-1,-1,-1,1,331,2,0,0.0,range,1,0.57788,0.5758,310,313,0.57788,0.5758,,322,0.57788,,96,0.55808,,0,,0.55808,SEEK_PULLBACK,EST_OR_UPD,0,,-1,-1,0,1,309
2025-12-04 16:00:00+00:00,0.5775,0.5776,0.57688,0.57735,3498,0.00014999999999998348,0.0007200000000000539,9.999999999998899e-05,0.00047000000000008146,-1,0.57724,0.2083333333332948,pinbar,1,0,False,True,True,0.001040000000000041,0.69,True,True,0.001040000000000041,0.69,True,True,0.001040000000000041,0.69,-1,2782.187926614327,1.26,True,,0,,-1,-1,-1,1,332,2,0,0.0,range,1,0.57788,0.5758,310,313,0.57788,0.5758,,322,0.57788,,96,0.55808,,0,,0.55808,SEEK_PULLBACK,EST_OR_UPD,0,,-1,-1,0,1,309
2025-12-04 17:00:00+00:00,0.57735,0.57742,0.57706,0.57726,2013,9.00000000000345e-05,0.00036000000000002697,7.00000000000145e-05,0.00019999999999997797,-1,0.57724,0.2500000000000771,pinbar,1,0,False,False,False,0.001040000000000041,0.35,False,False,0.001040000000000041,0.35,False,False,0.001040000000000041,0.35,-1,2708.9319336034387,0.74,False,,0,,-1,-1,-1,0,-1,-1,0,0.0,range,1,0.57788,0.5758,310,313,0.57788,0.5758,,322,0.57788,,96,0.55808,,0,,0.55808,SEEK_PULLBACK,EST_OR_UPD,0,,-1,-1,0,1,309
2025-12-04 18:00:00+00:00,0.57726,0.57753,0.57702,0.57714,900,0.00012000000000000899,0.0005100000000000104,0.00026999999999999247,0.00012000000000000899,-1,0.577275,0.23529411764707162,pinbar,-1,0,False,False,False,0.001040000000000041,0.49,False,False,0.001040000000000041,0.49,False,False,0.001040000000000041,0.49,-1,2536.652701831683,0.35,False,,0,,-1,-1,-1,0,-1,-1,0,0.0,range,1,0.57788,0.5758,310,313,0.57788,0.5758,,322,0.57788,,96,0.55808,,0,,0.55808,SEEK_PULLBACK,EST_OR_UPD,0,,-1,-1,0,1,309
2025-12-04 19:00:00+00:00,0.57711,0.57714,0.57656,0.57686,1294,0.00024999999999997247,0.0005800000000000249,2.999999999997449e-05,0.000300000000000078,-1,0.57685,0.43103448275855466,normal,0,1,False,False,True,0.001040000000000041,0.56,False,True,0.001040000000000041,0.56,False,True,0.001040000000000041,0.56,-1,2418.304825466761,0.54,False,,0,,-1,-1,-1,0,-1,-1,1,0.00015999999999993797,range,1,0.57788,0.5758,310,313,0.57788,0.5758,,322,0.57788,,96,0.55808,,0,,0.55808,SEEK_PULLBACK,EST_OR_UPD,0,,-1,-1,0,1,309
2025-12-04 20:00:00+00:00,0.57684,0.57686,0.57652,0.57666,1071,0.000180000000000069,0.00034000000000000696,2.0000000000020002e-05,0.00013999999999991797,-1,0.57669,0.5294117647060744,normal,0,1,False,False,False,0.001040000000000041,0.33,False,False,0.001040000000000041,0.33,False,False,0.001040000000000041,0.33,-1,2289.9900801842123,0.47,False,,0,,-1,-1,-1,1,339,5,0,0.0,range,1,0.57788,0.5758,310,313,0.57788,0.5758,,322,0.57788,,96,0.55808,,0,,0.55808,SEEK_PULLBACK,EST_OR_UPD,0,,-1,-1,0,1,309
2025-12-04 21:00:00+00:00,0.57666,0.57673,0.57616,0.57622,673,0.00043999999999999595,0.0005699999999999594,7.00000000000145e-05,5.999999999994898e-05,-1,0.576445,0.7719298245614513,maru,0,0,False,False,True,0.001040000000000041,0.55,False,True,0.001040000000000041,0.55,False,True,0.001040000000000041,0.55,-1,2135.991024928573,0.32,False,,0,,-1,-1,-1,1,338,3,0,0.0,range,1,0.57788,0.5758,310,313,0.57788,0.5758,,322,0.57788,,96,0.55808,,0,,0.55808,SEEK_PULLBACK,EST_OR_UPD,0,,-1,-1,0,1,309
2025-12-04 22:00:00+00:00,0.57641,0.57661,0.57592,0.5763,7471,0.00010999999999994348,0.0006899999999999684,0.00019999999999997797,0.00038000000000004697,-1,0.576265,0.15942028985499784,pinbar,1,0,False,True,True,0.001040000000000041,0.66,True,True,0.001040000000000041,0.66,True,True,0.001040000000000041,0.66,1,2644.0871177925187,2.83,True,,0,,-1,-1,-1,1,338,2,0,0.0,range,1,0.57788,0.5758,310,313,0.57788,0.5758,,322,0.57788,,96,0.55808,,0,,0.55808,SEEK_PULLBACK,EST_OR_UPD,0,,-1,-1,0,1,309
2025-12-04 23:00:00+00:00,0.5763,0.57638,0.57583,0.5759,951,0.00040000000000006697,0.0005500000000000504,7.999999999996898e-05,7.00000000000145e-05,-1,0.576105,0.7272727272727824,maru,0,0,False,False,True,0.001040000000000041,0.53,False,True,0.001040000000000041,0.53,False,True,0.001040000000000041,0.53,-1,2482.8407256218024,0.38,False,continuous,-1,SUCCESS,335,337,-1,0,-1,-1,0,0.0,range,1,0.57788,0.5758,310,313,0.57788,0.5758,,322,0.57788,,96,0.55808,,0,,0.55808,SEEK_PULLBACK,EST_OR_UPD,0,,-1,-1,0,1,309
2025-12-05 00:00:00+00:00,0.5759,0.5764,0.5759,0.57638,1741,0.00048000000000003595,0.000500000000000056,2.0000000000020002e-05,0.0,1,0.5761499999999999,0.9599999999999644,maru,0,0,True,False,True,0.0007800000000000029,0.64,False,False,0.001040000000000041,0.48,False,False,0.001040000000000041,0.48,1,2412.1892279435356,0.72,False,,0,,-1,-1,-1,0,-1,-1,1,2.0000000000020002e-05,range,1,0.57788,0.5758,310,313,0.57788,0.5758,,322,0.57788,,96,0.55808,,0,,0.55808,SEEK_PULLBACK,EST_OR_UPD,0,,-1,-1,0,1,309
2025-12-05 01:00:00+00:00,0.5764,0.57698,0.5764,0.57682,1964,0.00041999999999997595,0.0005800000000000249,0.000160000000000049,0.0,1,0.57669,0.7241379310344102,maru,0,0,False,True,True,0.0007800000000000029,0.74,True,True,0.0007800000000000029,0.74,False,True,0.001040000000000041,0.56,1,2369.504539567961,0.83,False,double_maru,1,SUCCESS,338,339,-1,1,341,2,1,5.999999999994898e-05,range,1,0.57788,0.5758,310,313,0.57788,0.5758,,322,0.57788,,96,0.55808,,0,,0.55808,SEEK_PULLBACK,EST_OR_UPD,0,,-1,-1,0,1,309
2025-12-05 02:00:00+00:00,0.57684,0.57696,0.57646,0.5766,1737,0.00024000000000001798,0.000500000000000056,0.00012000000000000899,0.000140000000000029,-1,0.5767100000000001,0.4799999999999822,normal,0,0,False,False,True,0.0007800000000000029,0.64,False,True,0.0007800000000000029,0.64,False,True,0.0007800000000000029,0.64,-1,2309.2660119900597,0.75,False,,0,,-1,-1,-1,1,342,2,0,0.0,range,1,0.57788,0.5758,310,313,0.57788,0.5758,,322,0.57788,,96,0.55808,,0,,0.55808,SEEK_PULLBACK,EST_OR_UPD,0,,-1,-1,0,1,309
2025-12-05 03:00:00+00:00,0.57659,0.57662,0.57622,0.57642,1232,0.00017000000000000348,0.00040000000000006697,2.999999999997449e-05,0.000200000000000089,-1,0.5764199999999999,0.42499999999993754,normal,0,1,False,False,True,0.0007800000000000029,0.51,False,True,0.0007800000000000029,0.51,False,True,0.0007800000000000029,0.51,-1,2206.6692489433876,0.56,False,,0,,-1,-1,-1,0,-1,-1,0,0.0,range,1,0.57788,0.5758,310,313,0.57788,0.5758,,322,0.57788,,96,0.55808,,0,,0.55808,SEEK_PULLBACK,EST_OR_UPD,0,,-1,-1,0,1,309
2025-12-05 04:00:00+00:00,0.57642,0.57703,0.57638,0.57684,1528,0.00041999999999997595,0.0006500000000000394,0.00019000000000002348,4.0000000000040004e-05,1,0.576705,0.6461538461537699,maru,0,0,False,True,True,0.0007800000000000029,0.83,True,True,0.0007800000000000029,0.83,True,True,0.0007800000000000029,0.83,1,2142.034082377351,0.71,False,,0,,-1,-1,-1,0,-1,-1,1,2.0000000000020002e-05,range,1,0.57788,0.5758,310,313,0.57788,0.5758,,322,0.57788,,96,0.55808,,0,,0.55808,SEEK_PULLBACK,EST_OR_UPD,0,,-1,-1,0,1,309
2025-12-05 05:00:00+00:00,0.57684,0.5772,0.57664,0.57701,1925,0.00017000000000000348,0.0005600000000000049,0.00019000000000002348,0.00019999999999997797,1,0.5769200000000001,0.3035714285714321,pinbar,0,0,False,True,True,0.0006500000000000394,0.86,True,True,0.0007800000000000029,0.72,True,True,0.0007800000000000029,0.72,1,2121.364169769984,0.91,False,,0,,-1,-1,-1,0,-1,-1,0,0.0,range,1,0.57788,0.5758,310,313,0.57788,0.5758,,322,0.57788,,96,0.55808,,0,,0.55808,SEEK_PULLBACK,EST_OR_UPD,0,,-1,-1,0,1,309
2025-12-05 06:00:00+00:00,0.57702,0.57756,0.57692,0.57748,1685,0.00046000000000001595,0.0006399999999999739,7.999999999996898e-05,9.999999999998899e-05,1,0.57724,0.7187500000000542,maru,0,0,False,True,True,0.0006500000000000394,0.98,True,True,0.0006500000000000394,0.98,True,True,0.0007800000000000029,0.82,1,2079.805677410938,0.81,False,continuous,1,SUCCESS,342,344,-1,1,346,2,1,0.00013999999999991797,range,1,0.57788,0.5758,310,313,0.57788,0.5758,,322,0.57788,,96,0.55808,,0,,0.55808,SEEK_PULLBACK,EST_OR_UPD,0,,-1,-1,0,1,309
2025-12-05 07:00:00+00:00,0.57748,0.5781,0.57734,0.5774,2755,7.999999999996898e-05,0.0007599999999999829,0.0006199999999999539,6.0000000000060005e-05,-1,0.57772,0.1052631578946984,pinbar,-1,0,False,True,True,0.0006500000000000394,1.17,True,True,0.0006500000000000394,1.17,True,True,0.0006500000000000394,1.17,-1,2144.1098986098964,1.28,True,,0,,-1,-1,-1,1,347,2,0,0.0,range,1,0.5781,0.5758,310,313,0.5781,0.5758,,345,0.5781,CTS_UPDATED,96,0.55808,,0,,0.55808,SEEK_PULLBACK,EST_OR_UPD,0,,-1,-1,0,1,309
2025-12-05 08:00:00+00:00,0.57742,0.5779,0.57717,0.57724,3223,0.000180000000000069,0.0007300000000000084,0.00047999999999992493,7.00000000000145e-05,-1,0.5775349999999999,0.2465753424658451,pinbar,-1,0,False,True,True,0.0006500000000000394,1.12,True,True,0.0006500000000000394,1.12,True,True,0.0006500000000000394,1.12,-1,2246.8613368375254,1.43,True,,0,,-1,-1,-1,1,348,2,0,0.0,range,1,0.5781,0.5758,310,313,0.5781,0.5758,,345,0.5781,,96,0.55808,,0,,0.55808,SEEK_PULLBACK,EST_OR_UPD,0,,-1,-1,0,1,309
2025-12-05 09:00:00+00:00,0.57724,0.57754,0.577,0.57748,1764,0.00024000000000001798,0.000540000000000096,6.0000000000060005e-05,0.00024000000000001798,1,0.57727,0.44444444444439873,normal,0,1,False,True,True,0.0006500000000000394,0.83,True,True,0.0006500000000000394,0.83,True,True,0.0006500000000000394,0.83,1,2200.874542852999,0.8,False,,0,,-1,-1,-1,1,349,2,0,0.0,range,1,0.5781,0.5758,310,313,0.5781,0.5758,,345,0.5781,,96,0.55808,,0,,0.55808,SEEK_PULLBACK,EST_OR_UPD,0,,-1,-1,0,1,309
2025-12-05 10:00:00+00:00,0.57749,0.57782,0.57716,0.57764,2271,0.0001500000000000945,0.0006599999999999939,0.00017999999999995797,0.00032999999999994145,1,0.5774900000000001,0.22727272727287254,pinbar,0,0,False,True,True,0.0006500000000000394,1.02,True,True,0.0006500000000000394,1.02,True,True,0.0006500000000000394,1.02,1,2207.5531578193804,1.03,False,,0,,-1,-1,-1,0,-1,-1,0,0.0,range,1,0.5781,0.5758,310,313,0.5781,0.5758,,345,0.5781,,96,0.55808,,0,,0.55808,SEEK_PULLBACK,EST_OR_UPD,0,,-1,-1,0,1,309
2025-12-05 11:00:00+00:00,0.57764,0.57767,0.57674,0.5771,2512,0.000540000000000096,0.0009299999999999864,2.999999999997449e-05,0.00035999999999991594,-1,0.577205,0.5806451612904343,normal,0,1,False,True,True,0.0006500000000000394,1.43,True,True,0.0006500000000000394,1.43,True,True,0.0006500000000000394,1.43,-1,2236.5480951699155,1.12,False,,0,,-1,-1,-1,1,354,5,0,0.0,range,1,0.5781,0.5758,310,313,0.5781,0.5758,,345,0.5781,,96,0.55808,,0,,0.55808,SEEK_PULLBACK,EST_OR_UPD,0,,-1,-1,0,1,309
2025-12-05 12:00:00+00:00,0.5771,0.57796,0.57708,0.57795,2732,0.0008500000000000174,0.0008799999999999919,1.0000000000065512e-05,1.999999999990898e-05,1,0.57752,0.9659090909091196,maru,0,0,True,True,True,0.0006500000000000394,1.35,True,True,0.0006500000000000394,1.35,True,True,0.0006500000000000394,1.35,1,2283.7339908680187,1.2,True,,0,,-1,-1,-1,1,355,5,0,0.0,range,1,0.5781,0.5758,310,313,0.5781,0.5758,,345,0.5781,,96,0.55808,,0,,0.55808,SEEK_PULLBACK,EST_OR_UPD,0,,-1,-1,0,1,309
2025-12-05 13:00:00+00:00,0.57796,0.57831,0.57766,0.57804,3823,7.999999999996898e-05,0.0006500000000000394,0.00026999999999999247,0.000300000000000078,1,0.577985,0.12307692307686789,pinbar,0,0,False,True,True,0.0008799999999999919,0.74,True,True,0.0006500000000000394,1.0,True,True,0.0006500000000000394,1.0,1,2430.330753642493,1.57,True,one_maru_continuous,1,SUCCESS,350,351,-1,1,353,2,0,0.0,range,1,0.57831,0.5758,310,313,0.57831,0.5758,,351,0.57831,CTS_UPDATED,96,0.55808,,0,,0.55808,SEEK_PULLBACK,EST_OR_UPD,0,,-1,-1,0,1,309
2025-12-05 14:00:00+00:00,0.57804,0.5787,0.57774,0.57834,4690,0.00029999999999996696,0.0009599999999999609,0.00036000000000002697,0.00029999999999996696,1,0.57822,0.3124999999999783,pinbar,0,0,False,True,True,0.0008799999999999919,1.09,True,True,0.0008799999999999919,1.09,True,True,0.0006500000000000394,1.48,1,2645.537348533684,1.77,True,,0,,-1,-1,-1,0,-1,-1,0,0.0,range,1,0.5787,0.5758,310,313,0.5787,0.5758,0.09999999999992598,352,0.5787,CTS_UPDATED,96,0.55808,,0,,0.55808,SEEK_PULLBACK,EST_OR_UPD,0,,-1,-1,0,1,309
2025-12-05 15:00:00+00:00,0.57834,0.57855,0.57765,0.57812,4521,0.00021999999999999797,0.0009000000000000119,0.00021000000000004349,0.00046999999999997044,-1,0.5781000000000001,0.24444444444443897,pinbar,1,0,False,True,True,0.0008799999999999919,1.02,True,True,0.0008799999999999919,1.02,True,True,0.0008799999999999919,1.02,-1,2824.1528391495235,1.6,True,,0,,-1,-1,-1,1,357,4,0,0.0,range,1,0.5787,0.5758,310,313,0.5787,0.5758,,352,0.5787,,96,0.55808,,0,,0.55808,SEEK_PULLBACK,EST_OR_UPD,0,,-1,-1,0,1,309
2025-12-05 16:00:00+00:00,0.57812,0.57812,0.57632,0.57706,5466,0.0010599999999999499,0.0017999999999999128,0.0,0.0007399999999999629,-1,0.5772200000000001,0.5888888888888896,normal,0,1,False,True,True,0.0008799999999999919,2.05,True,True,0.0008799999999999919,2.05,True,True,0.0008799999999999919,2.05,-1,3075.7573306590925,1.78,True,,0,,-1,-1,-1,1,356,2,1,5.999999999994898e-05,range,1,0.5787,0.5758,310,313,0.5787,0.5758,,352,0.5787,,96,0.55808,,0,,0.55808,SEEK_PULLBACK,EST_OR_UPD,0,,-1,-1,0,1,309
2025-12-05 17:00:00+00:00,0.57706,0.57759,0.57684,0.57757,3105,0.0005100000000000104,0.0007500000000000284,2.0000000000020002e-05,0.00021999999999999797,1,0.577215,0.6799999999999882,maru,0,0,True,True,True,0.0008799999999999919,0.85,True,True,0.0008799999999999919,0.85,True,True,0.0008799999999999919,0.85,1,3078.542346786798,1.01,False,,0,,-1,-1,-1,1,358,3,0,0.0,range,1,0.5787,0.5758,310,313,0.5787,0.5758,,352,0.5787,,96,0.55808,,0,,0.55808,SEEK_PULLBACK,EST_OR_UPD,0,,-1,-1,0,1,309
2025-12-05 18:00:00+00:00,0.57758,0.5778,0.5773,0.57749,1198,9.00000000000345e-05,0.0004999999999999449,0.00021999999999999797,0.00018999999999991246,-1,0.57755,0.1800000000000888,pinbar,0,0,False,False,True,0.0008799999999999919,0.57,False,True,0.0008799999999999919,0.57,False,True,0.0008799999999999919,0.57,-1,2899.443075664246,0.41,False,,0,,-1,-1,-1,1,358,2,0,0.0,range,1,0.5787,0.5758,310,313,0.5787,0.5758,,352,0.5787,,96,0.55808,,0,,0.55808,SEEK_PULLBACK,EST_OR_UPD,0,,-1,-1,0,1,309
2025-12-05 19:00:00+00:00,0.5775,0.5777,0.57727,0.5777,960,0.00019999999999997797,0.00043000000000004146,0.0,0.0002300000000000635,1,0.577485,0.46511627906967135,normal,0,1,False,False,False,0.0008799999999999919,0.49,False,False,0.0008799999999999919,0.49,False,False,0.0008799999999999919,0.49,1,2714.7342113152704,0.35,False,,0,,-1,-1,-1,1,359,2,0,0.0,range,1,0.5787,0.5758,310,313,0.5787,0.5758,,352,0.5787,,96,0.55808,,0,,0.55808,SEEK_PULLBACK,EST_OR_UPD,0,,-1,-1,0,1,309
2025-12-05 20:00:00+00:00,0.57767,0.57768,0.57723,0.57748,705,0.00019000000000002348,0.00044999999999995044,9.99999999995449e-06,0.00024999999999997247,-1,0.577455,0.4222222222223209,normal,0,1,False,False,True,0.0008799999999999919,0.51,False,True,0.0008799999999999919,0.51,False,True,0.0008799999999999919,0.51,-1,2523.3309530947686,0.28,False,,0,,-1,-1,-1,1,360,2,0,0.0,range,1,0.5787,0.5758,310,313,0.5787,0.5758,,352,0.5787,,96,0.55808,,0,,0.55808,SEEK_PULLBACK,EST_OR_UPD,0,,-1,-1,0,1,309
2025-12-05 21:00:00+00:00,0.57748,0.57775,0.57715,0.57769,893,0.00021000000000004349,0.0005999999999999339,5.999999999994898e-05,0.00032999999999994145,1,0.57745,0.350000000000111,pinbar,1,0,False,True,True,0.0008799999999999919,0.68,True,True,0.0008799999999999919,0.68,True,True,0.0008799999999999919,0.68,1,2368.0613385143142,0.38,False,,0,,-1,-1,-1,1,361,2,0,0.0,range,1,0.5787,0.5758,310,313,0.5787,0.5758,,352,0.5787,,96,0.55808,,0,,0.55808,SEEK_PULLBACK,EST_OR_UPD,0,,-1,-1,0,1,309
2025-12-07 22:00:00+00:00,0.57788,0.578,0.5768,0.57768,2715,0.00019999999999997797,0.0011999999999999789,0.00012000000000000899,0.0008799999999999919,-1,0.5773999999999999,0.16666666666665125,pinbar,1,0,False,True,True,0.0008799999999999919,1.36,True,True,0.0008799999999999919,1.36,True,True,0.0008799999999999919,1.36,-1,2401.103115798665,1.13,False,,0,,-1,-1,-1,0,-1,-1,0,0.0,range,1,0.5787,0.5758,310,313,0.5787,0.5758,,352,0.5787,,96,0.55808,,0,,0.55808,SEEK_PULLBACK,EST_OR_UPD,0,,-1,-1,0,1,309
2025-12-07 23:00:00+00:00,0.57752,0.57776,0.57692,0.57748,3544,4.0000000000040004e-05,0.0008400000000000629,0.00024000000000001798,0.0005600000000000049,-1,0.57734,0.04761904761909168,pinbar,1,0,False,True,True,0.0008799999999999919,0.95,True,True,0.0008799999999999919,0.95,True,True,0.0008799999999999919,0.95,-1,2509.950438103554,1.41,True,,0,,-1,-1,-1,0,-1,-1,0,0.0,range,1,0.5787,0.5758,310,313,0.5787,0.5758,,352,0.5787,,96,0.55808,,0,,0.55808,SEEK_PULLBACK,EST_OR_UPD,0,,-1,-1,0,1,309
2025-12-08 00:00:00+00:00,0.5775,0.57852,0.5774,0.57846,2335,0.0009599999999999609,0.0011200000000000099,6.0000000000060005e-05,9.999999999998899e-05,1,0.57796,0.8571428571428147,maru,0,0,True,True,True,0.0008799999999999919,1.27,True,True,0.0008799999999999919,1.27,True,True,0.0008799999999999919,1.27,1,2493.288491617501,0.94,False,,0,,-1,-1,-1,1,365,3,1,0.0005199999999999649,range,1,0.5787,0.5758,310,313,0.5787,0.5758,,352,0.5787,,96,0.55808,,0,,0.55808,SEEK_PULLBACK,EST_OR_UPD,0,,-1,-1,0,1,309
2025-12-08 01:00:00+00:00,0.57848,0.57914,0.57828,0.57886,2787,0.00038000000000004697,0.0008599999999999719,0.00027999999999994696,0.00019999999999997797,1,0.5787100000000001,0.44186046511634813,normal,0,0,False,True,True,0.0011200000000000099,0.77,True,True,0.0008799999999999919,0.98,True,True,0.0008799999999999919,0.98,1,2521.2610162253586,1.11,False,one_maru_continuous,1,SUCCESS,362,363,-1,1,365,2,0,0.0,range,1,0.57914,0.5758,310,313,0.57914,0.5758,0.42105263157902423,363,0.57914,CTS_UPDATED,96,0.55808,,0,,0.55808,SEEK_PULLBACK,EST_OR_UPD,0,,-1,-1,0,1,309
2025-12-08 02:00:00+00:00,0.57888,0.57904,0.57852,0.57896,2097,8.000000000008001e-05,0.0005199999999999649,7.999999999996898e-05,0.00035999999999991594,1,0.5787800000000001,0.15384615384631808,pinbar,1,0,False,False,False,0.0011200000000000099,0.46,False,False,0.0011200000000000099,0.46,False,True,0.0008799999999999919,0.59,1,2480.855205156277,0.85,False,,0,,-1,-1,-1,1,367,3,0,0.0,range,1,0.57914,0.5758,310,313,0.57914,0.5758,,363,0.57914,,96,0.55808,,0,,0.55808,SEEK_PULLBACK,EST_OR_UPD,0,,-1,-1,0,1,309
2025-12-08 03:00:00+00:00,0.57896,0.57913,0.57834,0.57846,1826,0.000500000000000056,0.0007900000000000684,0.00017000000000000348,0.00012000000000000899,-1,0.578735,0.6329113924050793,normal,0,0,False,True,True,0.0011200000000000099,0.71,True,True,0.0011200000000000099,0.71,True,True,0.0011200000000000099,0.71,-1,2418.488042760441,0.76,False,,0,,-1,-1,-1,1,367,2,0,0.0,range,1,0.57914,0.5758,310,313,0.57914,0.5758,,363,0.57914,,96,0.55808,,0,,0.55808,SEEK_PULLBACK,EST_OR_UPD,0,,-1,-1,0,1,309
2025-12-08 04:00:00+00:00,0.57846,0.57876,0.57838,0.5785,1483,4.0000000000040004e-05,0.00038000000000004697,0.000260000000000038,7.999999999996898e-05,1,0.57857,0.10526315789482911,pinbar,-1,0,False,False,False,0.0011200000000000099,0.34,False,False,0.0011200000000000099,0.34,False,False,0.0011200000000000099,0.34,1,2329.393943449923,0.64,False,,0,,-1,-1,-1,1,368,2,0,0.0,range,1,0.57914,0.5758,310,313,0.57914,0.5758,,363,0.57914,,96,0.55808,,0,,0.55808,SEEK_PULLBACK,EST_OR_UPD,0,,-1,-1,0,1,309
2025-12-08 05:00:00+00:00,0.57851,0.5787,0.57817,0.57858,1738,7.00000000000145e-05,0.0005300000000000304,0.00012000000000000899,0.00034000000000000696,1,0.578435,0.13207547169813297,pinbar,1,0,False,False,False,0.0011200000000000099,0.47,False,False,0.0011200000000000099,0.47,False,False,0.0011200000000000099,0.47,1,2273.0707107404064,0.76,False,,0,,-1,-1,-1,1,370,3,0,0.0,range,1,0.57914,0.5758,310,313,0.57914,0.5758,,363,0.57914,,96,0.55808,,0,,0.55808,SEEK_PULLBACK,EST_OR_UPD,0,,-1,-1,0,1,309
2025-12-08 06:00:00+00:00,0.57858,0.57902,0.57808,0.57846,2733,0.00012000000000000899,0.0009399999999999409,0.00043999999999999595,0.00037999999999993594,-1,0.57855,0.1276595744681027,pinbar,0,0,False,True,True,0.0011200000000000099,0.84,True,True,0.0011200000000000099,0.84,True,True,0.0011200000000000099,0.84,-1,2316.873500193701,1.18,False,,0,,-1,-1,-1,1,370,2,0,0.0,range,1,0.57914,0.5758,310,313,0.57914,0.5758,,363,0.57914,,96,0.55808,,0,,0.55808,SEEK_PULLBACK,EST_OR_UPD,0,,-1,-1,0,1,309
2025-12-08 07:00:00+00:00,0.57848,0.5786,0.57743,0.57778,2601,0.0007000000000000339,0.0011700000000000044,0.00012000000000000899,0.00034999999999996145,-1,0.578015,0.598290598290625,normal,0,0,False,True,True,0.0011200000000000099,1.04,True,True,0.0011200000000000099,1.04,True,True,0.0011200000000000099,1.04,-1,2343.93316684192,1.11,False,,0,,-1,-1,-1,1,371,2,0,0.0,range,1,0.57914,0.5758,310,313,0.57914,0.5758,,363,0.57914,,96,0.55808,,0,,0.55808,SEEK_PULLBACK,EST_OR_UPD,0,,-1,-1,0,1,309
2025-12-08 08:00:00+00:00,0.57776,0.5785,0.57766,0.57832,3577,0.0005599999999998939,0.0008400000000000629,0.000180000000000069,0.00010000000000010001,1,0.5780799999999999,0.6666666666664904,maru,0,0,False,True,True,0.0011200000000000099,0.75,True,True,0.0011200000000000099,0.75,True,True,0.0011200000000000099,0.75,1,2461.3681033331654,1.45,True,,0,,-1,-1,-1,1,372,2,0,0.0,range,1,0.57914,0.5758,310,313,0.57914,0.5758,,363,0.57914,,96,0.55808,,0,,0.55808,SEEK_PULLBACK,EST_OR_UPD,0,,-1,-1,0,1,309
2025-12-08 09:00:00+00:00,0.57832,0.57894,0.57791,0.57842,2714,0.00010000000000010001,0.0010299999999999754,0.0005199999999999649,0.00040999999999991044,1,0.578425,0.09708737864087612,pinbar,-1,0,False,True,True,0.0011200000000000099,0.92,True,True,0.0011200000000000099,0.92,True,True,0.0011200000000000099,0.92,1,2485.428283968102,1.09,False,,0,,-1,-1,-1,1,374,3,0,0.0,range,1,0.57914,0.5758,310,313,0.57914,0.5758,,363,0.57914,,96,0.55808,,0,,0.55808,SEEK_PULLBACK,EST_OR_UPD,0,,-1,-1,0,1,309
2025-12-08 10:00:00+00:00,0.5784,0.57868,0.57826,0.5783,2119,9.999999999998899e-05,0.00041999999999997595,0.00027999999999994696,4.0000000000040004e-05,-1,0.57847,0.2380952380952255,pinbar,-1,0,False,False,False,0.0011200000000000099,0.37,False,False,0.0011200000000000099,0.37,False,False,0.0011200000000000099,0.37,-1,2450.530352161616,0.86,False,,0,,-1,-1,-1,1,374,2,0,0.0,range,1,0.57914,0.5758,310,313,0.57914,0.5758,,363,0.57914,,96,0.55808,,0,,0.55808,SEEK_PULLBACK,EST_OR_UPD,0,,-1,-1,0,1,309
2025-12-08 11:00:00+00:00,0.57827,0.57841,0.57758,0.5777,1889,0.0005699999999999594,0.0008299999999999974,0.000140000000000029,0.00012000000000000899,-1,0.577995,0.6867469879517605,maru,0,0,False,True,True,0.0011200000000000099,0.74,True,True,0.0011200000000000099,0.74,True,True,0.0011200000000000099,0.74,-1,2397.0512710033668,0.79,False,,0,,-1,-1,-1,1,375,2,0,0.0,range,1,0.57914,0.5758,310,313,0.57914,0.5758,,363,0.57914,,96,0.55808,,0,,0.55808,SEEK_PULLBACK,EST_OR_UPD,0,,-1,-1,0,1,309
2025-12-08 12:00:00+00:00,0.57769,0.57861,0.57746,0.57861,2580,0.0009199999999999209,0.0011499999999999844,0.0,0.0002300000000000635,1,0.578035,0.7999999999999421,maru,0,0,True,True,True,0.0011200000000000099,1.03,True,True,0.0011200000000000099,1.03,True,True,0.0011200000000000099,1.03,1,2414.4749594792365,1.07,False,,0,,-1,-1,-1,1,379,5,0,0.0,range,1,0.57914,0.5758,310,313,0.57914,0.5758,,363,0.57914,,96,0.55808,,0,,0.55808,SEEK_PULLBACK,EST_OR_UPD,0,,-1,-1,0,1,309
2025-12-08 13:00:00+00:00,0.57862,0.57927,0.57822,0.57836,3530,0.000260000000000038,0.0010499999999999954,0.0006499999999999284,0.000140000000000029,-1,0.578745,0.24761904761908488,pinbar,-1,0,False,True,True,0.0011499999999999844,0.91,True,True,0.0011200000000000099,0.94,True,True,0.0011200000000000099,0.94,-1,2520.715439528833,1.4,True,,0,,-1,-1,-1,0,-1,-1,0,0.0,range,1,0.57927,0.5758,310,313,0.57927,0.5758,,375,0.57927,CTS_UPDATED,96,0.55808,,0,,0.55808,SEEK_PULLBACK,EST_OR_UPD,0,,-1,-1,0,1,309
2025-12-08 14:00:00+00:00,0.57836,0.57884,0.57739,0.57742,3956,0.0009399999999999409,0.0014500000000000624,0.00048000000000003595,3.0000000000085514e-05,-1,0.5781149999999999,0.6482758620688969,maru,0,0,True,True,True,0.0011499999999999844,1.26,True,True,0.0011499999999999844,1.26,True,True,0.0011200000000000099,1.29,-1,2657.4092071927535,1.49,True,,0,,-1,-1,-1,1,379,3,1,0.0007999999999999119,range,1,0.57927,0.5758,310,313,0.57927,0.5758,,375,0.57927,,96,0.55808,,0,,0.55808,SEEK_PULLBACK,EST_OR_UPD,0,,-1,-1,0,1,309
2025-12-08 15:00:00+00:00,0.57742,0.57742,0.57587,0.57612,4329,0.0013000000000000789,0.0015500000000000513,0.0,0.00024999999999997247,-1,0.5766450000000001,0.838709677419378,maru,0,0,False,True,True,0.0014500000000000624,1.07,True,True,0.0011499999999999844,1.35,True,True,0.0011499999999999844,1.35,-1,2816.608330317253,1.54,True,one_maru_continuous,-1,SUCCESS,376,377,-1,1,380,3,1,0.00031999999999998696,range,1,0.57927,0.5758,310,313,0.57927,0.5758,,375,0.57927,,96,0.55808,,0,,0.55808,SEEK_PULLBACK,EST_OR_UPD,0,,-1,-1,0,1,309
2025-12-08 16:00:00+00:00,0.57613,0.57707,0.57596,0.57696,3926,0.0008299999999999974,0.0011099999999999444,0.00010999999999994348,0.00017000000000000348,1,0.576515,0.7477477477477829,maru,0,0,True,True,True,0.0015500000000000513,0.72,True,True,0.0014500000000000624,0.77,True,True,0.0011499999999999844,0.97,1,2922.264679810848,1.34,True,,0,,-1,-1,-1,0,-1,-1,0,0.0,range,1,0.57927,0.5758,310,313,0.57927,0.5758,,375,0.57927,,96,0.55808,,0,,0.55808,SEEK_PULLBACK,EST_OR_UPD,0,,-1,-1,0,1,309
2025-12-08 17:00:00+00:00,0.57694,0.57776,0.57665,0.57775,2382,0.0008099999999999774,0.0011100000000000554,1.0000000000065512e-05,0.00029000000000001247,1,0.577205,0.729729729729673,maru,0,0,True,True,True,0.0015500000000000513,0.72,True,True,0.0015500000000000513,0.72,True,True,0.0014500000000000624,0.77,1,2870.810900781243,0.83,False,one_maru_continuous,1,SUCCESS,378,379,-1,1,381,2,0,0.0,range,1,0.57927,0.5758,310,313,0.57927,0.5758,,375,0.57927,,96,0.55808,,0,,0.55808,SEEK_PULLBACK,EST_OR_UPD,0,,-1,-1,0,1,309
2025-12-08 18:00:00+00:00,0.57775,0.578,0.57702,0.57722,1288,0.0005300000000000304,0.0009799999999999809,0.00024999999999997247,0.00019999999999997797,-1,0.57751,0.5408163265306538,normal,0,0,False,False,True,0.0015500000000000513,0.63,False,True,0.0015500000000000513,0.63,False,True,0.0015500000000000513,0.63,-1,2720.067005468744,0.47,False,,0,,-1,-1,-1,1,382,2,0,0.0,range,1,0.57927,0.5758,310,313,0.57927,0.5758,,375,0.57927,,96,0.55808,,0,,0.55808,SEEK_PULLBACK,EST_OR_UPD,0,,-1,-1,0,1,309
2025-12-08 19:00:00+00:00,0.5772,0.57757,0.57703,0.57744,1404,0.00023999999999990695,0.0005399999999999849,0.0001300000000000745,0.00017000000000000348,1,0.5773,0.44444444444428455,normal,0,0,False,False,False,0.0015500000000000513,0.35,False,False,0.0015500000000000513,0.35,False,False,0.0015500000000000513,0.35,1,2594.727290662197,0.54,False,,0,,-1,-1,-1,1,383,2,0,0.0,range,1,0.57927,0.5758,310,313,0.57927,0.5758,,375,0.57927,,96,0.55808,,0,,0.55808,SEEK_PULLBACK,EST_OR_UPD,0,,-1,-1,0,1,309
2025-12-08 20:00:00+00:00,0.57744,0.5777,0.57738,0.5777,1127,0.000260000000000038,0.00031999999999998696,0.0,5.999999999994898e-05,1,0.5775399999999999,0.8125000000001518,maru,0,0,True,False,False,0.0015500000000000513,0.21,False,False,0.0015500000000000513,0.21,False,False,0.0015500000000000513,0.21,1,2454.943739170559,0.46,False,,0,,-1,-1,-1,1,385,3,0,0.0,range,1,0.57927,0.5758,310,313,0.57927,0.5758,,375,0.57927,,96,0.55808,,0,,0.55808,SEEK_PULLBACK,EST_OR_UPD,0,,-1,-1,0,1,309
2025-12-08 21:00:00+00:00,0.57774,0.57774,0.57737,0.57754,736,0.00019999999999997797,0.00036999999999998145,0.0,0.00017000000000000348,-1,0.577555,0.5405405405405082,normal,0,1,False,False,False,0.0015500000000000513,0.24,False,False,0.0015500000000000513,0.24,False,False,0.0015500000000000513,0.24,-1,2291.234811630506,0.32,False,,0,,-1,-1,-1,1,385,2,0,0.0,range,1,0.57927,0.5758,310,313,0.57927,0.5758,,375,0.57927,,96,0.55808,,0,,0.55808,SEEK_PULLBACK,EST_OR_UPD,0,,-1,-1,0,1,309
2025-12-08 22:00:00+00:00,0.57754,0.57773,0.57715,0.57728,1589,0.000260000000000038,0.0005799999999999139,0.00018999999999991246,0.00012999999999996348,-1,0.57744,0.44827586206909753,normal,0,0,False,False,False,0.0015500000000000513,0.37,False,False,0.0015500000000000513,0.37,False,False,0.0015500000000000513,0.37,-1,2224.3553057609342,0.71,False,,0,,-1,-1,-1,1,386,2,0,0.0,range,1,0.57927,0.5758,310,313,0.57927,0.5758,,375,0.57927,,96,0.55808,,0,,0.55808,SEEK_PULLBACK,EST_OR_UPD,0,,-1,-1,0,1,309
2025-12-08 23:00:00+00:00,0.57727,0.5776,0.5772,0.5776,712,0.0003300000000000525,0.00039999999999995595,0.0,6.999999999990347e-05,1,0.5774,0.825000000000222,maru,0,0,True,False,False,0.0015500000000000513,0.26,False,False,0.0015500000000000513,0.26,False,False,0.0015500000000000513,0.26,1,2080.321467117036,0.34,False,,0,,-1,-1,-1,1,387,2,0,0.0,range,1,0.57927,0.5758,310,313,0.57927,0.5758,,375,0.57927,,96,0.55808,,0,,0.55808,SEEK_PULLBACK,EST_OR_UPD,0,,-1,-1,0,1,309
2025-12-09 00:00:00+00:00,0.57758,0.57778,0.57714,0.57722,1714,0.00036000000000002697,0.0006399999999999739,0.00019999999999997797,7.999999999996898e-05,-1,0.57746,0.5625000000000651,normal,0,0,False,False,False,0.0015500000000000513,0.41,False,False,0.0015500000000000513,0.41,False,False,0.0015500000000000513,0.41,-1,2045.4337083439848,0.84,False,,0,,-1,-1,-1,0,-1,-1,0,0.0,range,1,0.57927,0.5758,310,313,0.57927,0.5758,,375,0.57927,,96,0.55808,,0,,0.55808,SEEK_PULLBACK,EST_OR_UPD,0,,-1,-1,0,1,309
2025-12-09 01:00:00+00:00,0.57719,0.57758,0.57674,0.57752,2871,0.0003300000000000525,0.0008399999999999519,5.999999999994898e-05,0.00044999999999995044,1,0.57716,0.39285714285722784,pinbar,1,0,False,False,True,0.0015500000000000513,0.54,False,True,0.0015500000000000513,0.54,False,True,0.0015500000000000513,0.54,1,2124.0590694540815,1.35,True,,0,,-1,-1,-1,0,-1,-1,0,0.0,range,1,0.57927,0.5758,310,313,0.57927,0.5758,,375,0.57927,,96,0.55808,,0,,0.55808,SEEK_PULLBACK,EST_OR_UPD,0,,-1,-1,0,1,309
2025-12-09 02:00:00+00:00,0.57754,0.57808,0.57729,0.57802,2217,0.00047999999999992493,0.0007900000000000684,6.0000000000060005e-05,0.0002500000000000835,1,0.577685,0.6075949367087131,maru,0,0,True,False,True,0.0015500000000000513,0.51,False,True,0.0015500000000000513,0.51,False,True,0.0015500000000000513,0.51,1,2132.910586648931,1.04,False,,0,,-1,-1,-1,0,-1,-1,0,0.0,range,1,0.57927,0.5758,310,313,0.57927,0.5758,,375,0.57927,,96,0.55808,,0,,0.55808,SEEK_PULLBACK,EST_OR_UPD,0,,-1,-1,0,1,309
2025-12-09 03:00:00+00:00,0.57802,0.57882,0.57758,0.57858,4179,0.0005600000000000049,0.0012400000000000189,0.00024000000000001798,0.00043999999999999595,1,0.5782,0.45161290322580355,normal,0,0,False,True,True,0.0011100000000000554,1.12,True,True,0.0015500000000000513,0.8,True,True,0.0015500000000000513,0.8,1,2327.776245063318,1.8,True,,0,,-1,-1,-1,1,391,2,1,0.00025999999999992696,range,1,0.57927,0.5758,310,313,0.57927,0.5758,,375,0.57927,,96,0.55808,,0,,0.55808,SEEK_PULLBACK,EST_OR_UPD,0,,-1,-1,0,1,309
2025-12-09 04:00:00+00:00,0.5786,0.57907,0.57834,0.57898,3431,0.00038000000000004697,0.0007300000000000084,8.999999999992347e-05,0.000260000000000038,1,0.578705,0.5205479452055378,normal,0,1,False,True,True,0.0011100000000000554,0.66,True,True,0.0011100000000000554,0.66,False,False,0.0015500000000000513,0.47,1,2432.8451741049066,1.41,True,double_maru,1,CONFIRMED,388,389,390,0,-1,-1,0,0.0,range,1,0.57927,0.5758,310,313,0.57927,0.5758,,375,0.57927,,96,0.55808,,0,,0.55808,SEEK_PULLBACK,EST_OR_UPD,0,,-1,-1,0,1,309
2025-12-09 05:00:00+00:00,0.579,0.57924,0.57849,0.57879,2733,0.00020999999999993246,0.0007500000000000284,0.00024000000000001798,0.000300000000000078,-1,0.578865,0.27999999999989933,pinbar,0,0,False,True,True,0.0011100000000000554,0.68,True,True,0.0011100000000000554,0.68,True,True,0.0011100000000000554,0.68,-1,2461.431347999677,1.11,False,,0,,-1,-1,-1,1,396,5,0,0.0,range,1,0.57927,0.5758,310,313,0.57927,0.5758,,375,0.57927,,96,0.55808,,0,,0.55808,SEEK_PULLBACK,EST_OR_UPD,0,,-1,-1,0,1,309
2025-12-09 06:00:00+00:00,0.57878,0.57881,0.57799,0.5783,2859,0.00047999999999992493,0.0008200000000000429,3.0000000000085514e-05,0.00031000000000003247,-1,0.5784,0.5853658536584144,normal,0,1,False,True,True,0.0011100000000000554,0.74,True,True,0.0011100000000000554,0.74,True,True,0.0011100000000000554,0.74,-1,2499.295029142565,1.14,False,,0,,-1,-1,-1,1,394,2,0,0.0,range,1,0.57927,0.5758,310,313,0.57927,0.5758,,375,0.57927,,96,0.55808,,0,,0.55808,SEEK_PULLBACK,EST_OR_UPD,0,,-1,-1,0,1,309
2025-12-09 07:00:00+00:00,0.5783,0.57858,0.57774,0.57809,3070,0.00021000000000004349,0.0008399999999999519,0.00027999999999994696,0.00034999999999996145,-1,0.57816,0.25000000000006606,pinbar,0,0,False,True,True,0.0011100000000000554,0.76,True,True,0.0011100000000000554,0.76,True,True,0.0011100000000000554,0.76,-1,2553.6478835099397,1.2,True,,0,,-1,-1,-1,1,398,5,0,0.0,range,1,0.57927,0.5758,310,313,0.57927,0.5758,,375,0.57927,,96,0.55808,,0,,0.55808,SEEK_PULLBACK,EST_OR_UPD,0,,-1,-1,0,1,309
2025-12-09 08:00:00+00:00,0.57811,0.57841,0.57786,0.57816,3808,4.999999999999449e-05,0.0005499999999999394,0.00024999999999997247,0.00024999999999997247,1,0.5781350000000001,0.09090909090909091,pinbar,0,0,False,False,True,0.0011100000000000554,0.5,False,True,0.0011100000000000554,0.5,False,True,0.0011100000000000554,0.5,1,2673.1099898423263,1.42,True,,0,,-1,-1,-1,0,-1,-1,0,0.0,range,1,0.57927,0.5758,310,313,0.57927,0.5758,,375,0.57927,,96,0.55808,,0,,0.55808,SEEK_PULLBACK,EST_OR_UPD,0,,-1,-1,0,1,309
2025-12-09 09:00:00+00:00,0.57814,0.57947,0.57812,0.57932,2874,0.0011799999999999589,0.0013500000000000734,0.0001500000000000945,2.0000000000020002e-05,1,0.578795,0.8740740740739961,maru,0,0,False,True,True,0.0011100000000000554,1.22,True,True,0.0011100000000000554,1.22,True,True,0.0011100000000000554,1.22,1,2692.242371762105,1.07,False,,0,,-1,-1,-1,1,397,2,1,0.00019000000000002348,range,1,0.57947,0.5758,310,313,0.57947,0.5758,0.04237288135592902,395,0.57947,CTS_UPDATED,96,0.55808,,0,,0.55808,SEEK_PULLBACK,EST_OR_UPD,0,,-1,-1,0,1,309
2025-12-09 10:00:00+00:00,0.57929,0.57935,0.5786,0.57877,2385,0.0005199999999999649,0.0007500000000000284,6.0000000000060005e-05,0.00017000000000000348,-1,0.578975,0.6933333333332603,maru,0,0,False,False,True,0.0013500000000000734,0.56,True,True,0.0011100000000000554,0.68,True,True,0.0011100000000000554,0.68,-1,2662.9811934990475,0.9,False,,0,,-1,-1,-1,1,400,4,0,0.0,range,1,0.57947,0.5758,310,313,0.57947,0.5758,,395,0.57947,,96,0.55808,,0,,0.55808,SEEK_PULLBACK,EST_OR_UPD,0,,-1,-1,0,1,309
2025-12-09 11:00:00+00:00,0.5788,0.5791,0.57858,0.57884,2158,4.0000000000040004e-05,0.0005199999999999649,0.00025999999999992696,0.00021999999999999797,1,0.57884,0.07692307692315904,pinbar,0,0,False,False,False,0.0013500000000000734,0.39,False,False,0.0013500000000000734,0.39,False,False,0.0011100000000000554,0.47,1,2614.8877464991383,0.83,False,,0,,-1,-1,-1,1,400,3,0,0.0,range,1,0.57947,0.5758,310,313,0.57947,0.5758,,395,0.57947,,96,0.55808,,0,,0.55808,SEEK_PULLBACK,EST_OR_UPD,0,,-1,-1,0,1,309
2025-12-09 12:00:00+00:00,0.57886,0.5789,0.57828,0.57852,1983,0.00034000000000000696,0.0006199999999999539,3.999999999992898e-05,0.00024000000000001798,-1,0.5785899999999999,0.5483870967742456,normal,0,1,False,False,False,0.0013500000000000734,0.46,False,False,0.0013500000000000734,0.46,False,False,0.0013500000000000734,0.46,-1,2554.707961118268,0.78,False,,0,,-1,-1,-1,1,400,2,0,0.0,range,1,0.57947,0.5758,310,313,0.57947,0.5758,,395,0.57947,,96,0.55808,,0,,0.55808,SEEK_PULLBACK,EST_OR_UPD,0,,-1,-1,0,1,309
2025-12-09 13:00:00+00:00,0.57852,0.57892,0.57802,0.57854,3279,2.0000000000020002e-05,0.0009000000000000119,0.00037999999999993594,0.000500000000000056,1,0.57847,0.022222222222244153,pinbar,1,0,False,True,True,0.0013500000000000734,0.67,True,True,0.0013500000000000734,0.67,True,True,0.0013500000000000734,0.67,1,2623.6881552974805,1.25,True,,0,,-1,-1,-1,1,401,2,0,0.0,range,1,0.57947,0.5758,310,313,0.57947,0.5758,,395,0.57947,,96,0.55808,,0,,0.55808,SEEK_PULLBACK,EST_OR_UPD,0,,-1,-1,0,1,309
2025-12-09 14:00:00+00:00,0.57854,0.57888,0.57798,0.5788,4372,0.00025999999999992696,0.0008999999999999009,7.999999999996898e-05,0.0005600000000000049,1,0.57843,0.28888888888883957,pinbar,1,0,False,True,True,0.0013500000000000734,0.67,True,True,0.0013500000000000734,0.67,True,True,0.0013500000000000734,0.67,1,2790.194045269149,1.57,True,,0,,-1,-1,-1,1,405,5,0,0.0,range,1,0.57947,0.5758,310,313,0.57947,0.5758,,395,0.57947,,96,0.55808,,0,,0.55808,SEEK_PULLBACK,EST_OR_UPD,0,,-1,-1,0,1,309
2025-12-09 15:00:00+00:00,0.57877,0.5795,0.57734,0.57844,6092,0.0003300000000000525,0.0021600000000000508,0.0007300000000000084,0.0010999999999999899,-1,0.5784199999999999,0.15277777777779847,pinbar,1,0,False,True,True,0.0013500000000000734,1.6,True,True,0.0013500000000000734,1.6,True,True,0.0013500000000000734,1.6,-1,3104.6517552435157,1.96,True,,0,,-1,-1,-1,1,403,2,0,0.0,range,1,0.5795,0.5758,310,313,0.5795,0.5758,,401,0.5795,CTS_UPDATED,96,0.55808,,0,,0.55808,SEEK_PULLBACK,EST_OR_UPD,0,,-1,-1,0,1,309
2025-12-09 16:00:00+00:00,0.57842,0.5793,0.57838,0.57918,3508,0.0007599999999999829,0.0009200000000000319,0.00012000000000000899,4.0000000000040004e-05,1,0.57884,0.826086956521692,maru,0,0,False,True,True,0.0013500000000000734,0.68,True,True,0.0013500000000000734,0.68,True,True,0.0013500000000000734,0.68,1,3143.0658737917524,1.12,False,,0,,-1,-1,-1,0,-1,-1,0,0.0,range,1,0.5795,0.5758,310,313,0.5795,0.5758,,401,0.5795,,96,0.55808,,0,,0.55808,SEEK_PULLBACK,EST_OR_UPD,0,,-1,-1,0,1,309
2025-12-09 17:00:00+00:00,0.5792,0.57928,0.57788,0.57794,3033,0.0012600000000000389,0.0014000000000000679,7.999999999996898e-05,6.0000000000060005e-05,-1,0.57858,0.8999999999999841,maru,0,0,True,True,True,0.0013500000000000734,1.04,True,True,0.0013500000000000734,1.04,True,True,0.0013500000000000734,1.04,-1,3132.5834096211092,0.97,False,,0,,-1,-1,-1,1,405,2,1,0.00043999999999999595,range,1,0.5795,0.5758,310,313,0.5795,0.5758,,401,0.5795,,96,0.55808,,0,,0.55808,SEEK_PULLBACK,EST_OR_UPD,0,,-1,-1,0,1,309
2025-12-09 18:00:00+00:00,0.57794,0.57794,0.57754,0.5779,1271,4.0000000000040004e-05,0.00039999999999995595,0.0,0.00035999999999991594,-1,0.57774,0.10000000000011103,pinbar,1,0,False,False,False,0.0014000000000000679,0.29,False,False,0.0013500000000000734,0.3,False,False,0.0013500000000000734,0.3,-1,2955.289751561956,0.43,False,one_maru_continuous,-1,SUCCESS,403,404,-1,1,408,4,0,0.0,range,1,0.5795,0.5758,310,313,0.5795,0.5758,,401,0.5795,,96,0.55808,,0,,0.55808,SEEK_PULLBACK,EST_OR_UPD,0,,-1,-1,0,1,309
2025-12-09 19:00:00+00:00,0.57791,0.5782,0.57774,0.578,1366,8.999999999992347e-05,0.00046000000000001595,0.000200000000000089,0.00017000000000000348,1,0.5779700000000001,0.19565217391287035,pinbar,0,0,False,False,False,0.0014000000000000679,0.33,False,False,0.0014000000000000679,0.33,False,False,0.0013500000000000734,0.34,1,2803.92882284177,0.49,False,,0,,-1,-1,-1,1,407,2,0,0.0,range,1,0.5795,0.5758,310,313,0.5795,0.5758,,401,0.5795,,96,0.55808,,0,,0.55808,SEEK_PULLBACK,EST_OR_UPD,0,,-1,-1,0,1,309
2025-12-09 20:00:00+00:00,0.578,0.57817,0.57788,0.5781,1042,9.999999999998899e-05,0.00029000000000001247,7.00000000000145e-05,0.00012000000000000899,1,0.578025,0.34482758620684373,pinbar,0,0,False,False,False,0.0014000000000000679,0.21,False,False,0.0014000000000000679,0.21,False,False,0.0014000000000000679,0.21,1,2636.1260778092205,0.4,False,,0,,-1,-1,-1,1,408,2,0,0.0,range,1,0.5795,0.5758,310,313,0.5795,0.5758,,401,0.5795,,96,0.55808,,0,,0.55808,SEEK_PULLBACK,EST_OR_UPD,0,,-1,-1,0,1,309
2025-12-09 21:00:00+00:00,0.57808,0.57815,0.57783,0.57813,825,4.999999999999449e-05,0.000320000000000098,2.0000000000020002e-05,0.0002500000000000835,1,0.57799,0.15624999999993494,pinbar,1,0,False,False,False,0.0014000000000000679,0.23,False,False,0.0014000000000000679,0.23,False,False,0.0014000000000000679,0.23,1,2463.637879922628,0.33,False,,0,,-1,-1,-1,1,409,2,0,0.0,range,1,0.5795,0.5758,310,313,0.5795,0.5758,,401,0.5795,,96,0.55808,,0,,0.55808,SEEK_PULLBACK,EST_OR_UPD,0,,-1,-1,0,1,309
2025-12-09 22:00:00+00:00,0.57783,0.57802,0.57741,0.57789,1689,6.0000000000060005e-05,0.0006099999999999994,0.00012999999999996348,0.00041999999999997595,1,0.577715,0.09836065573780338,pinbar,1,0,False,False,False,0.0014000000000000679,0.44,False,False,0.0014000000000000679,0.44,False,False,0.0014000000000000679,0.44,-1,2389.8628437395205,0.71,False,,0,,-1,-1,-1,1,410,2,0,0.0,range,1,0.5795,0.5758,310,313,0.5795,0.5758,,401,0.5795,,96,0.55808,,0,,0.55808,SEEK_PULLBACK,EST_OR_UPD,0,,-1,-1,0,1,309
2025-12-09 23:00:00+00:00,0.5779,0.57806,0.57774,0.57792,664,2.0000000000020002e-05,0.00031999999999998696,0.000140000000000029,0.00015999999999993797,1,0.5779000000000001,0.06250000000006506,pinbar,0,0,False,False,False,0.0014000000000000679,0.23,False,False,0.0014000000000000679,0.23,False,False,0.0014000000000000679,0.23,1,2225.4949538595665,0.3,False,,0,,-1,-1,-1,0,-1,-1,0,0.0,range,1,0.5795,0.5758,310,313,0.5795,0.5758,,401,0.5795,,96,0.55808,,0,,0.55808,SEEK_PULLBACK,EST_OR_UPD,0,,-1,-1,0,1,309
2025-12-10 00:00:00+00:00,0.57794,0.57827,0.57751,0.57754,2047,0.00039999999999995595,0.0007599999999999829,0.00032999999999994145,3.0000000000085514e-05,-1,0.57789,0.5263157894736381,maru,0,0,True,False,True,0.0014000000000000679,0.54,False,True,0.0014000000000000679,0.54,False,True,0.0014000000000000679,0.54,-1,2208.4954344443695,0.93,False,,0,,-1,-1,-1,1,415,5,1,2.0000000000020002e-05,range,1,0.5795,0.5758,310,313,0.5795,0.5758,,401,0.5795,,96,0.55808,,0,,0.55808,SEEK_PULLBACK,EST_OR_UPD,0,,-1,-1,0,1,309
2025-12-10 01:00:00+00:00,0.57754,0.57772,0.57668,0.5767,3266,0.0008400000000000629,0.001040000000000041,0.00017999999999995797,2.0000000000020002e-05,-1,0.5771999999999999,0.8076923076923365,maru,0,0,True,True,True,0.0014000000000000679,0.74,True,True,0.0014000000000000679,0.74,True,True,0.0014000000000000679,0.74,-1,2309.210154973477,1.41,True,double_maru,-1,SUCCESS,410,411,-1,1,413,2,1,0.0005299999999999194,range,1,0.5795,0.5758,310,313,0.5795,0.5758,,401,0.5795,,96,0.55808,,0,,0.55808,SEEK_PULLBACK,EST_OR_UPD,0,,-1,-1,0,1,309
2025-12-10 02:00:00+00:00,0.57669,0.57698,0.57648,0.57664,2822,4.999999999999449e-05,0.000500000000000056,0.00029000000000001247,0.000160000000000049,-1,0.57673,0.0999999999999778,pinbar,-1,0,False,False,False,0.0014000000000000679,0.36,False,False,0.0014000000000000679,0.36,False,False,0.0014000000000000679,0.36,-1,2358.047283071241,1.2,True,one_maru_continuous,-1,SUCCESS,411,412,-1,0,-1,-1,0,0.0,range,1,0.5795,0.5758,310,313,0.5795,0.5758,,401,0.5795,,96,0.55808,,0,,0.55808,SEEK_PULLBACK,EST_OR_UPD,0,,-1,-1,0,1,309
2025-12-10 03:00:00+00:00,0.57661,0.57696,0.57614,0.57682,2689,0.00021000000000004349,0.0008200000000000429,0.000140000000000029,0.00046999999999997044,1,0.57655,0.2560975609756494,pinbar,1,0,False,False,True,0.0014000000000000679,0.59,False,True,0.0014000000000000679,0.59,False,True,0.0014000000000000679,0.59,1,2389.5665894454087,1.13,False,,0,,-1,-1,-1,0,-1,-1,0,0.0,range,1,0.5795,0.5758,310,313,0.5795,0.5758,,401,0.5795,,96,0.55808,,0,,0.55808,SEEK_PULLBACK,EST_OR_UPD,0,,-1,-1,0,1,309
2025-12-10 04:00:00+00:00,0.57683,0.57742,0.5767,0.57734,1773,0.0005100000000000104,0.0007200000000000539,8.000000000008001e-05,0.00012999999999996348,1,0.57706,0.7083333333332947,maru,0,0,False,False,True,0.0014000000000000679,0.51,False,True,0.0014000000000000679,0.51,False,True,0.0014000000000000679,0.51,1,2330.845961879179,0.76,False,,0,,-1,-1,-1,0,-1,-1,1,0.00013999999999991797,range,1,0.5795,0.5758,310,313,0.5795,0.5758,,401,0.5795,,96,0.55808,,0,,0.55808,SEEK_PULLBACK,EST_OR_UPD,0,,-1,-1,0,1,309
2025-12-10 05:00:00+00:00,0.57734,0.57764,0.5771,0.57762,2136,0.000280000000000058,0.000540000000000096,2.0000000000020002e-05,0.00024000000000001798,1,0.5773699999999999,0.5185185185185337,maru,0,0,True,False,False,0.0014000000000000679,0.39,False,False,0.0014000000000000679,0.39,False,False,0.0014000000000000679,0.39,1,2312.2892036049716,0.92,False,double_maru,1,SUCCESS,414,415,-1,0,-1,-1,1,0.00012999999999996348,range,1,0.5795,0.5758,310,313,0.5795,0.5758,,401,0.5795,,96,0.55808,,0,,0.55808,SEEK_PULLBACK,EST_OR_UPD,0,,-1,-1,0,1,309
2025-12-10 06:00:00+00:00,0.57762,0.57818,0.57755,0.57816,1937,0.0005399999999999849,0.0006300000000000194,2.0000000000020002e-05,7.00000000000145e-05,1,0.5778650000000001,0.8571428571428068,maru,0,0,True,False,False,0.0014000000000000679,0.45,False,False,0.0014000000000000679,0.45,False,False,0.0014000000000000679,0.45,1,2276.547374690212,0.85,False,,0,,-1,-1,-1,0,-1,-1,1,0.00029999999999996696,range,1,0.5795,0.5758,310,313,0.5795,0.5758,,401,0.5795,,96,0.55808,,0,,0.55808,SEEK_PULLBACK,EST_OR_UPD,0,,-1,-1,0,1,309
2025-12-10 07:00:00+00:00,0.57816,0.5784,0.57794,0.57826,2506,9.999999999998899e-05,0.00046000000000001595,0.000140000000000029,0.00021999999999999797,1,0.5781700000000001,0.2173913043477946,pinbar,0,0,False,False,False,0.001040000000000041,0.44,False,False,0.0014000000000000679,0.33,False,False,0.0014000000000000679,0.33,1,2298.4000056720965,1.09,False,,0,,-1,-1,-1,1,422,5,0,0.0,range,1,0.5795,0.5758,310,313,0.5795,0.5758,,401,0.5795,,96,0.55808,,0,,0.55808,SEEK_PULLBACK,EST_OR_UPD,0,,-1,-1,0,1,309
2025-12-10 08:00:00+00:00,0.57826,0.57892,0.57804,0.57868,3532,0.00041999999999997595,0.0008799999999999919,0.00024000000000001798,0.00021999999999999797,1,0.57848,0.4772727272727043,normal,0,0,False,True,True,0.001040000000000041,0.85,True,True,0.001040000000000041,0.85,False,True,0.0014000000000000679,0.63,1,2415.885719417611,1.46,True,one_maru_continuous,1,CONFIRMED,415,416,418,1,420,2,0,0.0,range,1,0.5795,0.5758,310,313,0.5795,0.5758,,401,0.5795,,96,0.55808,,0,,0.55808,SEEK_PULLBACK,EST_OR_UPD,0,,-1,-1,0,1,309
2025-12-10 09:00:00+00:00,0.57868,0.57892,0.57807,0.57866,3469,2.0000000000020002e-05,0.0008500000000000174,0.00024000000000001798,0.0005899999999999794,-1,0.578495,0.023529411764728933,pinbar,1,0,False,True,True,0.001040000000000041,0.82,True,True,0.001040000000000041,0.82,True,True,0.001040000000000041,0.82,-1,2516.182317568315,1.38,True,,0,,-1,-1,-1,1,421,2,0,0.0,range,1,0.5795,0.5758,310,313,0.5795,0.5758,,401,0.5795,,96,0.55808,,0,,0.55808,SEEK_PULLBACK,EST_OR_UPD,0,,-1,-1,0,1,309
2025-12-10 10:00:00+00:00,0.57866,0.57894,0.57818,0.57841,3044,0.00024999999999997247,0.0007599999999999829,0.000280000000000058,0.00022999999999995246,-1,0.57856,0.3289473684210238,pinbar,0,0,False,True,True,0.001040000000000041,0.73,True,True,0.001040000000000041,0.73,True,True,0.001040000000000041,0.73,-1,2566.4506682760943,1.19,False,,0,,-1,-1,-1,1,422,2,0,0.0,range,1,0.5795,0.5758,310,313,0.5795,0.5758,,401,0.5795,,96,0.55808,,0,,0.55808,SEEK_PULLBACK,EST_OR_UPD,0,,-1,-1,0,1,309
2025-12-10 11:00:00+00:00,0.57842,0.57864,0.57802,0.57854,2085,0.00012000000000000899,0.0006200000000000649,9.999999999998899e-05,0.00040000000000006697,1,0.57833,0.19354838709676842,pinbar,1,0,False,False,True,0.001040000000000041,0.6,False,True,0.001040000000000041,0.6,False,True,0.001040000000000041,0.6,1,2520.598223678371,0.83,False,,0,,-1,-1,-1,1,423,2,0,0.0,range,1,0.5795,0.5758,310,313,0.5795,0.5758,,401,0.5795,,96,0.55808,,0,,0.55808,SEEK_PULLBACK,EST_OR_UPD,0,,-1,-1,0,1,309
2025-12-10 12:00:00+00:00,0.57854,0.57878,0.57824,0.5784,2353,0.000140000000000029,0.0005399999999999849,0.00023999999999990695,0.000160000000000049,-1,0.57851,0.2592592592593202,pinbar,0,0,False,False,True,0.001040000000000041,0.52,False,True,0.001040000000000041,0.52,False,True,0.001040000000000041,0.52,-1,2504.636488089955,0.94,False,,0,,-1,-1,-1,1,424,2,0,0.0,range,1,0.5795,0.5758,310,313,0.5795,0.5758,,401,0.5795,,96,0.55808,,0,,0.55808,SEEK_PULLBACK,EST_OR_UPD,0,,-1,-1,0,1,309
2025-12-10 13:00:00+00:00,0.5784,0.57848,0.57745,0.5782,3760,0.00019999999999997797,0.0010299999999999754,7.999999999996898e-05,0.0007500000000000284,-1,0.5779650000000001,0.19417475728153666,pinbar,1,0,False,True,True,0.001040000000000041,0.99,True,True,0.001040000000000041,0.99,True,True,0.001040000000000041,0.99,-1,2624.1949177956735,1.43,True,,0,,-1,-1,-1,1,425,2,0,0.0,range,1,0.5795,0.5758,310,313,0.5795,0.5758,,401,0.5795,,96,0.55808,,0,,0.55808,SEEK_PULLBACK,EST_OR_UPD,0,,-1,-1,0,1,309
2025-12-10 14:00:00+00:00,0.5782,0.57836,0.5777,0.57824,4996,3.999999999992898e-05,0.0006599999999999939,0.00012000000000000899,0.000500000000000056,1,0.57803,0.06060606060595356,pinbar,1,0,False,False,True,0.001040000000000041,0.63,False,True,0.001040000000000041,0.63,False,True,0.001040000000000041,0.63,1,2850.0811161008473,1.75,True,,0,,-1,-1,-1,1,428,4,0,0.0,range,1,0.5795,0.5758,310,313,0.5795,0.5758,,401,0.5795,,96,0.55808,,0,,0.55808,SEEK_PULLBACK,EST_OR_UPD,0,,-1,-1,0,1,309
2025-12-10 15:00:00+00:00,0.57824,0.57872,0.57754,0.57791,4048,0.00032999999999994145,0.0011799999999999589,0.00048000000000003595,0.00036999999999998145,-1,0.57813,0.27966101694911266,pinbar,0,0,False,True,True,0.001040000000000041,1.13,True,True,0.001040000000000041,1.13,True,True,0.001040000000000041,1.13,-1,2964.1686288531478,1.37,True,,0,,-1,-1,-1,1,428,3,0,0.0,range,1,0.5795,0.5758,310,313,0.5795,0.5758,,401,0.5795,,96,0.55808,,0,,0.55808,SEEK_PULLBACK,EST_OR_UPD,0,,-1,-1,0,1,309
2025-12-10 16:00:00+00:00,0.5779,0.57866,0.57756,0.57864,3398,0.0007400000000000739,0.0010999999999999899,1.999999999990898e-05,0.00034000000000000696,1,0.5781099999999999,0.6727272727273461,maru,0,0,True,True,True,0.001040000000000041,1.06,True,True,0.001040000000000041,1.06,True,True,0.001040000000000041,1.06,1,3005.4859022957053,1.13,False,,0,,-1,-1,-1,1,428,2,0,0.0,range,1,0.5795,0.5758,310,313,0.5795,0.5758,,401,0.5795,,96,0.55808,,0,,0.55808,SEEK_PULLBACK,EST_OR_UPD,0,,-1,-1,0,1,309
2025-12-10 17:00:00+00:00,0.57864,0.57897,0.57836,0.57876,1896,0.00012000000000000899,0.0006099999999999994,0.00020999999999993246,0.000280000000000058,1,0.578665,0.19672131147542476,pinbar,0,0,False,False,True,0.0010999999999999899,0.55,False,True,0.001040000000000041,0.59,False,True,0.001040000000000041,0.59,1,2899.8205782675427,0.65,False,one_maru_continuous,1,SUCCESS,426,427,-1,0,-1,-1,0,0.0,range,1,0.5795,0.5758,310,313,0.5795,0.5758,,401,0.5795,,96,0.55808,,0,,0.55808,SEEK_PULLBACK,EST_OR_UPD,0,,-1,-1,0,1,309
2025-12-10 18:00:00+00:00,0.57876,0.57906,0.5782,0.57822,1113,0.000540000000000096,0.0008599999999999719,0.00029999999999996696,1.999999999990898e-05,-1,0.57863,0.6279069767443182,maru,0,0,True,True,True,0.0010999999999999899,0.78,True,True,0.0010999999999999899,0.78,True,True,0.001040000000000041,0.83,-1,2729.6471898611103,0.41,False,,0,,-1,-1,-1,0,-1,-1,0,0.0,range,1,0.5795,0.5758,310,313,0.5795,0.5758,,401,0.5795,,96,0.55808,,0,,0.55808,SEEK_PULLBACK,EST_OR_UPD,0,,-1,-1,0,1,309
2025-12-10 19:00:00+00:00,0.57824,0.58084,0.57784,0.58049,15902,0.0022499999999999742,0.0030000000000000027,0.0003500000000000725,0.00039999999999995595,1,0.57934,0.7499999999999908,maru,0,0,False,True,True,0.0010999999999999899,2.73,True,True,0.0010999999999999899,2.73,True,True,0.0010999999999999899,2.73,1,3984.156981302909,3.99,True,,0,,-1,-1,-1,0,-1,-1,1,0.0011099999999999444,range,1,0.5795,0.5758,310,313,0.5795,0.5758,0.4399999999999763,429,0.58084,CTS_UPDATED,96,0.55808,,0,,0.55808,SEEK_PULLBACK,EST_OR_UPD,0,,-1,-1,0,1,309
2025-12-10 20:00:00+00:00,0.58047,0.58246,0.58017,0.58162,5208,0.0011499999999999844,0.0022900000000000142,0.0008399999999999519,0.000300000000000078,1,0.581315,0.5021834061135272,normal,0,-1,False,True,True,0.0030000000000000027,0.76,True,True,0.0010999999999999899,2.08,True,True,0.0010999999999999899,2.08,1,4100.71345927406,1.27,True,one_maru_continuous,1,SUCCESS,429,430,-1,1,432,2,1,0.0004999999999999449,breakout,0,,,-1,-1,,,1.0,430,0.58246,CTS_UPDATED,96,0.55808,,0,,0.55808,SEEK_PULLBACK,EST_OR_UPD,0,,-1,-1,0,1,430
2025-12-10 21:00:00+00:00,0.58162,0.58183,0.58134,0.58162,1489,0.0,0.0004899999999999904,0.00020999999999993246,0.000280000000000058,0,0.581585,0.0,pinbar,1,0,False,False,False,0.0030000000000000027,0.16,False,False,0.0030000000000000027,0.16,False,False,0.0010999999999999899,0.45,0,3851.9788441051023,0.39,False,,0,,-1,-1,-1,1,433,2,0,0.0,range,1,0.58246,0.58134,431,433,0.58246,0.58134,,430,0.58246,,96,0.55808,,0,,0.55808,SEEK_PULLBACK,EST_OR_UPD,0,,-1,-1,0,1,430
2025-12-10 22:00:00+00:00,0.5815,0.58156,0.58119,0.58128,717,0.00021999999999999797,0.00036999999999998145,5.999999999994898e-05,9.00000000000345e-05,-1,0.581375,0.5945945945946189,normal,0,0,False,False,False,0.0030000000000000027,0.12,False,False,0.0030000000000000027,0.12,False,False,0.0030000000000000027,0.12,-1,3553.409430380807,0.2,False,,0,,-1,-1,-1,1,434,2,0,0.0,range,1,0.58246,0.58119,431,433,0.58246,0.58119,0.27272727272704334,430,0.58246,,96,0.55808,,0,,0.55808,SEEK_PULLBACK,EST_OR_UPD,0,,-1,-1,0,1,430
2025-12-10 23:00:00+00:00,0.5813,0.58172,0.58114,0.58162,1144,0.00031999999999998696,0.0005800000000000249,9.999999999998899e-05,0.000160000000000049,1,0.58143,0.5517241379309883,normal,0,0,False,False,False,0.0030000000000000027,0.19,False,False,0.0030000000000000027,0.19,False,False,0.0030000000000000027,0.19,1,3323.941865582635,0.34,False,,0,,-1,-1,-1,1,435,2,0,0.0,range,1,0.58246,0.58114,431,433,0.58246,0.58114,,430,0.58246,,96,0.55808,,0,,0.55808,SEEK_PULLBACK,EST_OR_UPD,0,,-1,-1,0,1,430
2025-12-11 00:00:00+00:00,0.58165,0.58207,0.5811,0.58132,3643,0.0003300000000000525,0.0009700000000000264,0.00041999999999997595,0.00021999999999999797,-1,0.581585,0.3402061855670552,pinbar,0,0,False,False,False,0.0030000000000000027,0.32,False,False,0.0030000000000000027,0.32,False,False,0.0030000000000000027,0.32,-1,3354.3283545747645,1.09,False,,0,,-1,-1,-1,0,-1,-1,0,0.0,range,1,0.58246,0.5811,431,433,0.58246,0.5811,,430,0.58246,,96,0.55808,,0,,0.55808,SEEK_PULLBACK,EST_OR_UPD,0,,-1,-1,0,1,430
2025-12-11 01:00:00+00:00,0.58131,0.58188,0.58116,0.5817,3798,0.00039000000000000146,0.0007199999999999429,0.00017999999999995797,0.00014999999999998348,1,0.58152,0.5416666666667116,normal,0,0,False,False,False,0.0030000000000000027,0.24,False,False,0.0030000000000000027,0.24,False,False,0.0030000000000000027,0.24,1,3396.5827969962156,1.12,False,,0,,-1,-1,-1,0,-1,-1,0,0.0,range,1,0.58246,0.5811,431,433,0.58246,0.5811,,430,0.58246,,96,0.55808,,0,,0.55808,SEEK_PULLBACK,EST_OR_UPD,0,,-1,-1,0,1,430
2025-12-11 02:00:00+00:00,0.58172,0.58206,0.58036,0.58046,2640,0.0012600000000000389,0.0017000000000000348,0.00034000000000000696,9.999999999998899e-05,-1,0.58121,0.741176470588243,maru,0,0,True,False,True,0.0030000000000000027,0.57,False,True,0.0030000000000000027,0.57,False,True,0.0030000000000000027,0.57,-1,3324.527292520386,0.79,False,,0,,-1,-1,-1,0,-1,-1,1,0.0005199999999999649,range,1,0.58246,0.5811,431,433,0.58246,0.5811,0.5079365079364716,430,0.58246,,96,0.55808,,0,,0.55808,SEEK_PULLBACK,EST_OR_UPD,0,,-1,-1,0,1,430
2025-12-11 03:00:00+00:00,0.58048,0.58064,0.57956,0.57972,3397,0.0007599999999999829,0.001080000000000081,0.000160000000000049,0.000160000000000049,-1,0.5801000000000001,0.7037037037036352,maru,0,0,False,False,False,0.0030000000000000027,0.36,False,False,0.0030000000000000027,0.36,False,False,0.0030000000000000027,0.36,-1,3331.429455137492,1.02,False,,0,,-1,-1,-1,1,441,4,1,0.00046000000000001595,range,1,0.58246,0.5811,431,433,0.58246,0.5811,1.0,430,0.58246,,96,0.55808,,0,,0.55808,SEEK_PULLBACK,EST_OR_UPD,0,,-1,-1,0,1,430
2025-12-11 04:00:00+00:00,0.57971,0.5799,0.57918,0.57973,2108,2.0000000000020002e-05,0.0007199999999999429,0.00017000000000000348,0.0005299999999999194,1,0.5795399999999999,0.02777777777780776,pinbar,1,0,False,False,False,0.0030000000000000027,0.24,False,False,0.0030000000000000027,0.24,False,False,0.0030000000000000027,0.24,1,3214.912364172016,0.66,False,,0,,-1,-1,-1,1,440,2,0,0.0,range,1,0.58246,0.5811,431,433,0.58246,0.5811,1.0,430,0.58246,,96,0.55808,,0,,0.55808,SEEK_PULLBACK,EST_OR_UPD,0,,-1,-1,0,1,430
2025-12-11 05:00:00+00:00,0.57972,0.57988,0.57936,0.57948,2461,0.00024000000000001798,0.0005199999999999649,0.00015999999999993797,0.00012000000000000899,-1,0.57962,0.46153846153852723,normal,0,0,False,False,False,0.0030000000000000027,0.17,False,False,0.0030000000000000027,0.17,False,False,0.0030000000000000027,0.17,-1,3143.1111866318242,0.78,False,one_maru_continuous,-1,CONFIRMED,436,437,439,0,-1,-1,0,0.0,pullback,1,0.58246,0.57936,431,433,0.58246,0.57936,1.0,430,0.58246,CTS_CONFIRMED,96,0.55808,,0,0.58246,0.55808,SEEK_BREAKOUT,CONFIRMED,0,,-1,-1,0,1,430
2025-12-11 06:00:00+00:00,0.57949,0.57959,0.57882,0.57954,2755,5.0000000000105516e-05,0.0007700000000000484,4.999999999999449e-05,0.0006699999999999484,1,0.579205,0.06493506493519788,pinbar,1,0,False,False,False,0.0030000000000000027,0.26,False,False,0.0030000000000000027,0.26,False,False,0.0030000000000000027,0.26,1,3106.1482164764125,0.89,False,,0,,-1,-1,-1,0,-1,-1,0,0.0,pullback,1,0.58246,0.57882,431,433,0.58246,0.57882,,430,0.58246,,96,0.55808,,0,0.58246,0.55808,SEEK_BREAKOUT,CONFIRMED,0,,-1,-1,0,1,430
2025-12-11 07:00:00+00:00,0.57956,0.58035,0.57928,0.57996,3391,0.00040000000000006697,0.0010700000000000154,0.00039000000000000146,0.00027999999999994696,1,0.579815,0.3738317757009918,pinbar,0,0,False,False,False,0.0030000000000000027,0.36,False,False,0.0030000000000000027,0.36,False,False,0.0030000000000000027,0.36,1,3133.276957764373,1.08,False,,0,,-1,-1,-1,0,-1,-1,1,0.00024999999999997247,pullback_range,1,0.58246,0.57882,431,433,0.58246,0.57882,,430,0.58246,,96,0.55808,,0,0.58246,0.55808,SEEK_BREAKOUT,CONFIRMED,0,,-1,-1,0,1,430
2025-12-11 08:00:00+00:00,0.57998,0.58066,0.57984,0.5804,3313,0.00041999999999997595,0.0008199999999999319,0.00025999999999992696,0.000140000000000029,1,0.5802499999999999,0.5121951219512327,normal,0,0,False,False,False,0.0030000000000000027,0.27,False,False,0.0030000000000000027,0.27,False,False,0.0030000000000000027,0.27,1,3150.39343797729,1.05,False,,0,,-1,-1,-1,1,444,2,0,0.0,pullback_range,1,0.58246,0.57882,431,433,0.58246,0.57882,,430,0.58246,,96,0.55808,,0,0.58246,0.55808,SEEK_BREAKOUT,CONFIRMED,0,,-1,-1,0,1,430
2025-12-11 09:00:00+00:00,0.58036,0.58062,0.5798,0.58052,2877,0.000160000000000049,0.0008200000000000429,9.999999999998899e-05,0.0005600000000000049,1,0.58021,0.19512195121956172,pinbar,1,0,False,False,False,0.0030000000000000027,0.27,False,False,0.0030000000000000027,0.27,False,False,0.0030000000000000027,0.27,1,3124.3559676937384,0.92,False,,0,,-1,-1,-1,0,-1,-1,0,0.0,pullback_range,1,0.58246,0.57882,431,433,0.58246,0.57882,,430,0.58246,,96,0.55808,,0,0.58246,0.55808,SEEK_BREAKOUT,CONFIRMED,0,,-1,-1,0,1,430
2025-12-11 10:00:00+00:00,0.58054,0.58076,0.58017,0.58065,2619,0.0001100000000000545,0.0005900000000000905,0.0001100000000000545,0.00036999999999998145,1,0.580465,0.18644067796616548,pinbar,1,0,False,False,False,0.0030000000000000027,0.2,False,False,0.0030000000000000027,0.2,False,False,0.0030000000000000027,0.2,1,3076.2268279133827,0.85,False,,0,,-1,-1,-1,0,-1,-1,0,0.0,pullback_range,1,0.58246,0.57882,431,433,0.58246,0.57882,,430,0.58246,,96,0.55808,,0,0.58246,0.55808,SEEK_BREAKOUT,CONFIRMED,0,,-1,-1,0,1,430
2025-12-11 11:00:00+00:00,0.58065,0.58144,0.5806,0.5812,2313,0.0005500000000000504,0.0008399999999999519,0.00023999999999990695,4.999999999999449e-05,1,0.58102,0.6547619047620024,maru,0,0,False,False,False,0.0030000000000000027,0.28,False,False,0.0030000000000000027,0.28,False,False,0.0030000000000000027,0.28,1,3003.5385585882987,0.77,False,,0,,-1,-1,-1,0,-1,-1,1,0.00032999999999994145,pullback_range,1,0.58246,0.57882,431,433,0.58246,0.57882,,430,0.58246,,96,0.55808,,0,0.58246,0.55808,SEEK_BREAKOUT,CONFIRMED,0,,-1,-1,0,1,430
2025-12-11 12:00:00+00:00,0.5812,0.58154,0.58109,0.58146,2486,0.00025999999999992696,0.00044999999999995044,7.999999999996898e-05,0.0001100000000000545,1,0.581315,0.5777777777776791,normal,0,0,False,False,False,0.0030000000000000027,0.15,False,False,0.0030000000000000027,0.15,False,False,0.0030000000000000027,0.15,1,2954.2491720560797,0.84,False,,0,,-1,-1,-1,0,-1,-1,0,0.0,pullback_range,1,0.58246,0.57882,431,433,0.58246,0.57882,,430,0.58246,,96,0.55808,,0,0.58246,0.55808,SEEK_BREAKOUT,CONFIRMED,0,,-1,-1,0,1,430
2025-12-11 13:00:00+00:00,0.58147,0.58267,0.58109,0.58224,3644,0.0007699999999999374,0.0015800000000000258,0.00043000000000004146,0.00038000000000004697,1,0.58188,0.48734177215185115,normal,0,0,False,False,True,0.0030000000000000027,0.53,False,True,0.0030000000000000027,0.53,False,True,0.0030000000000000027,0.53,1,3019.939727098358,1.21,True,one_maru_continuous,1,CONFIRMED,445,446,447,1,449,2,1,8.000000000008001e-05,pullback_range,1,0.58267,0.57882,431,433,0.58267,0.57882,,430,0.58246,,96,0.55808,,0,0.58267,0.55808,SEEK_BREAKOUT,CONFIRMED,0,,-1,-1,0,1,430
2025-12-11 14:00:00+00:00,0.58224,0.58314,0.58162,0.5818,5098,0.00043999999999999595,0.0015199999999999658,0.0009000000000000119,0.00017999999999995797,-1,0.58238,0.28947368421053016,pinbar,-1,0,False,False,True,0.0030000000000000027,0.51,False,True,0.0030000000000000027,0.51,False,True,0.0030000000000000027,0.51,-1,3217.850229279467,1.58,True,,0,,-1,-1,-1,1,450,2,0,0.0,pullback_range,1,0.58314,0.57882,431,433,0.58314,0.57882,,430,0.58246,,96,0.55808,,0,0.58314,0.55808,SEEK_BREAKOUT,CONFIRMED,0,,-1,-1,0,1,430
2025-12-11 15:00:00+00:00,0.58178,0.58244,0.58144,0.58218,4594,0.00040000000000006697,0.0010000000000000009,0.00025999999999992696,0.00034000000000000696,1,0.5819399999999999,0.40000000000006664,normal,0,0,False,False,False,0.0030000000000000027,0.33,False,False,0.0030000000000000027,0.33,False,False,0.0030000000000000027,0.33,1,3348.912112205232,1.37,True,,0,,-1,-1,-1,1,451,2,0,0.0,pullback_range,1,0.58314,0.57882,431,433,0.58314,0.57882,,430,0.58246,,96,0.55808,,0,0.58314,0.55808,SEEK_BREAKOUT,CONFIRMED,0,,-1,-1,0,1,430
2025-12-11 16:00:00+00:00,0.58218,0.58242,0.5811,0.58182,3716,0.00036000000000002697,0.0013200000000000989,0.00024000000000001798,0.0007200000000000539,-1,0.58176,0.2727272727272727,pinbar,1,0,False,False,False,0.0030000000000000027,0.44,False,False,0.0030000000000000027,0.44,False,False,0.0030000000000000027,0.44,-1,3383.8728634237814,1.1,False,,0,,-1,-1,-1,1,452,2,0,0.0,pullback_range,1,0.58314,0.57882,431,433,0.58314,0.57882,,430,0.58246,,96,0.55808,,0,0.58314,0.55808,SEEK_BREAKOUT,CONFIRMED,0,,-1,-1,0,1,430
2025-12-11 17:00:00+00:00,0.58178,0.58232,0.58156,0.58176,3231,1.999999999990898e-05,0.0007599999999999829,0.0005399999999999849,0.000200000000000089,-1,0.5819399999999999,0.026315789473565037,pinbar,-1,0,False,False,False,0.0030000000000000027,0.25,False,False,0.0030000000000000027,0.25,False,False,0.0030000000000000027,0.25,-1,3369.313543097707,0.96,False,,0,,-1,-1,-1,0,-1,-1,0,0.0,pullback_range,1,0.58314,0.57882,431,433,0.58314,0.57882,,430,0.58246,,96,0.55808,,0,0.58314,0.55808,SEEK_BREAKOUT,CONFIRMED,0,,-1,-1,0,1,430
2025-12-11 18:00:00+00:00,0.58176,0.58208,0.58153,0.58166,1847,0.00010000000000010001,0.0005500000000000504,0.00031999999999998696,0.00012999999999996348,-1,0.581805,0.18181818181834697,pinbar,-1,0,False,False,False,0.0030000000000000027,0.18,False,False,0.0030000000000000027,0.18,False,False,0.0030000000000000027,0.18,-1,3224.3313008979258,0.57,False,,0,,-1,-1,-1,0,-1,-1,0,0.0,pullback_range,1,0.58314,0.57882,431,433,0.58314,0.57882,,430,0.58246,,96,0.55808,,0,0.58314,0.55808,SEEK_BREAKOUT,CONFIRMED,0,,-1,-1,0,1,430
2025-12-11 19:00:00+00:00,0.58165,0.58171,0.58094,0.58098,1778,0.0006699999999999484,0.0007699999999999374,5.999999999994898e-05,4.0000000000040004e-05,-1,0.581325,0.8701298701298739,maru,0,0,True,False,False,0.0030000000000000027,0.26,False,False,0.0030000000000000027,0.26,False,False,0.0030000000000000027,0.26,-1,3086.585462717171,0.58,False,,0,,-1,-1,-1,1,457,4,1,0.00043999999999999595,pullback_range,1,0.58314,0.57882,431,433,0.58314,0.57882,,430,0.58246,,96,0.55808,,0,0.58314,0.55808,SEEK_BREAKOUT,CONFIRMED,0,,-1,-1,0,1,430
2025-12-11 20:00:00+00:00,0.58098,0.58109,0.58051,0.581,1014,1.999999999990898e-05,0.0005800000000000249,9.00000000000345e-05,0.00047000000000008146,1,0.5808,0.03448275862053124,pinbar,1,0,False,False,False,0.0030000000000000027,0.19,False,False,0.0030000000000000027,0.19,False,False,0.0030000000000000027,0.19,1,2889.1963710298214,0.35,False,,0,,-1,-1,-1,1,456,2,0,0.0,pullback_range,1,0.58314,0.57882,431,433,0.58314,0.57882,,430,0.58246,,96,0.55808,,0,0.58314,0.55808,SEEK_BREAKOUT,CONFIRMED,0,,-1,-1,0,1,430
2025-12-11 21:00:00+00:00,0.58098,0.58114,0.58083,0.58092,1414,6.0000000000060005e-05,0.00031000000000003247,0.00015999999999993797,9.00000000000345e-05,-1,0.580985,0.1935483870969475,pinbar,-1,0,False,False,False,0.0030000000000000027,0.1,False,False,0.0030000000000000027,0.1,False,False,0.0030000000000000027,0.1,-1,2748.701478550791,0.51,False,,0,,-1,-1,-1,1,457,2,0,0.0,pullback_range,1,0.58314,0.57882,431,433,0.58314,0.57882,,430,0.58246,,96,0.55808,,0,0.58314,0.55808,SEEK_BREAKOUT,CONFIRMED,0,,-1,-1,0,1,430
2025-12-11 22:00:00+00:00,0.58081,0.58114,0.58058,0.5806,1245,0.00021000000000004349,0.0005600000000000049,0.00032999999999994145,2.0000000000020002e-05,-1,0.5808599999999999,0.37500000000007433,pinbar,-1,0,False,False,False,0.0030000000000000027,0.19,False,False,0.0030000000000000027,0.19,False,False,0.0030000000000000027,0.19,-1,2605.4918139269057,0.48,False,,0,,-1,-1,-1,1,461,5,0,0.0,pullback_range,1,0.58314,0.57882,431,433,0.58314,0.57882,,430,0.58246,,96,0.55808,,0,0.58314,0.55808,SEEK_BREAKOUT,CONFIRMED,0,,-1,-1,0,1,430
2025-12-11 23:00:00+00:00,0.58064,0.581,0.5806,0.58096,706,0.00031999999999998696,0.00039999999999995595,3.999999999992898e-05,4.0000000000040004e-05,1,0.5808,0.8000000000000556,maru,0,0,True,False,False,0.0030000000000000027,0.13,False,False,0.0030000000000000027,0.13,False,False,0.0030000000000000027,0.13,1,2424.587831648153,0.29,False,,0,,-1,-1,-1,1,462,5,0,0.0,pullback_range,1,0.58314,0.57882,431,433,0.58314,0.57882,,430,0.58246,,96,0.55808,,0,0.58314,0.55808,SEEK_BREAKOUT,CONFIRMED,0,,-1,-1,0,1,430
2025-12-12 00:00:00+00:00,0.58094,0.58178,0.58088,0.58152,2340,0.0005800000000000249,0.0009000000000000119,0.00025999999999992696,6.0000000000060005e-05,1,0.5813299999999999,0.6444444444444636,normal,0,-1,False,False,True,0.0017000000000000348,0.53,False,False,0.0030000000000000027,0.3,False,False,0.0030000000000000027,0.3,1,2416.531847681662,0.97,False,,0,,-1,-1,-1,1,460,2,1,0.000140000000000029,pullback_range,1,0.58314,0.57882,431,433,0.58314,0.57882,,430,0.58246,,96,0.55808,,0,0.58314,0.55808,SEEK_BREAKOUT,CONFIRMED,0,,-1,-1,0,1,430
2025-12-12 01:00:00+00:00,0.58152,0.58206,0.58114,0.58124,2988,0.000280000000000058,0.0009200000000000319,0.0005399999999999849,9.999999999998899e-05,-1,0.5816,0.304347826087009,pinbar,-1,0,False,False,True,0.0017000000000000348,0.54,False,True,0.0017000000000000348,0.54,False,False,0.0030000000000000027,0.31,-1,2470.957385997694,1.21,True,,0,,-1,-1,-1,1,463,4,0,0.0,pullback_range,1,0.58314,0.57882,431,433,0.58314,0.57882,,430,0.58246,,96,0.55808,,0,0.58314,0.55808,SEEK_BREAKOUT,CONFIRMED,0,,-1,-1,0,1,430
2025-12-12 02:00:00+00:00,0.58124,0.58161,0.58096,0.58126,2247,2.0000000000020002e-05,0.0006499999999999284,0.00034999999999996145,0.00027999999999994696,1,0.581285,0.03076923076926493,pinbar,-1,0,False,False,False,0.0017000000000000348,0.38,False,False,0.0017000000000000348,0.38,False,False,0.0017000000000000348,0.38,1,2449.6281111407707,0.92,False,,0,,-1,-1,-1,1,463,3,0,0.0,pullback_range,1,0.58314,0.57882,431,433,0.58314,0.57882,,430,0.58246,,96,0.55808,,0,0.58314,0.55808,SEEK_BREAKOUT,CONFIRMED,0,,-1,-1,0,1,430
2025-12-12 03:00:00+00:00,0.58127,0.58134,0.58107,0.58112,1733,0.00014999999999998348,0.00026999999999999247,7.00000000000145e-05,4.999999999999449e-05,-1,0.581205,0.5555555555555098,normal,0,0,False,False,False,0.0017000000000000348,0.16,False,False,0.0017000000000000348,0.16,False,False,0.0017000000000000348,0.16,-1,2381.3778148416495,0.73,False,,0,,-1,-1,-1,1,464,3,0,0.0,pullback_range,1,0.58314,0.57882,431,433,0.58314,0.57882,,430,0.58246,,96,0.55808,,0,0.58314,0.55808,SEEK_BREAKOUT,CONFIRMED,0,,-1,-1,0,1,430
2025-12-12 04:00:00+00:00,0.5811,0.58114,0.58078,0.58079,1288,0.00030999999999992145,0.00036000000000002697,4.0000000000040004e-05,1.0000000000065512e-05,-1,0.5809599999999999,0.8611111111108284,maru,0,0,True,False,False,0.0017000000000000348,0.21,False,False,0.0017000000000000348,0.21,False,False,0.0017000000000000348,0.21,-1,2277.24659438054,0.57,False,,0,,-1,-1,-1,0,-1,-1,0,0.0,pullback_range,1,0.58314,0.57882,431,433,0.58314,0.57882,,430,0.58246,,96,0.55808,,0,0.58314,0.55808,SEEK_BREAKOUT,CONFIRMED,0,,-1,-1,0,1,430
2025-12-12 05:00:00+00:00,0.58078,0.58146,0.58078,0.58139,1447,0.0006099999999999994,0.0006800000000000139,7.00000000000145e-05,0.0,1,0.58112,0.8970588235293926,maru,0,0,False,False,True,0.001080000000000081,0.63,False,False,0.0017000000000000348,0.4,False,False,0.0017000000000000348,0.4,1,2198.175490153822,0.66,False,,0,,-1,-1,-1,1,465,2,0,0.0,pullback_range,1,0.58314,0.57882,431,433,0.58314,0.57882,,430,0.58246,,96,0.55808,,0,0.58314,0.55808,SEEK_BREAKOUT,CONFIRMED,0,,-1,-1,0,1,430
2025-12-12 06:00:00+00:00,0.5814,0.58165,0.58102,0.58124,1979,0.000160000000000049,0.0006300000000000194,0.00024999999999997247,0.00021999999999999797,-1,0.5813349999999999,0.2539682539683239,pinbar,0,0,False,True,True,0.0008399999999999519,0.75,False,True,0.001080000000000081,0.58,False,False,0.0017000000000000348,0.37,-1,2177.3016339486962,0.91,False,,0,,-1,-1,-1,1,467,3,0,0.0,pullback_range,1,0.58314,0.57882,431,433,0.58314,0.57882,,430,0.58246,,96,0.55808,,0,0.58314,0.55808,SEEK_BREAKOUT,CONFIRMED,0,,-1,-1,0,1,430
2025-12-12 07:00:00+00:00,0.58121,0.58158,0.58076,0.58132,3095,0.00010999999999994348,0.0008199999999999319,0.000260000000000038,0.00044999999999995044,1,0.58117,0.13414634146335686,pinbar,1,0,False,True,True,0.0008399999999999519,0.98,True,True,0.0008399999999999519,0.98,True,True,0.001080000000000081,0.76,1,2264.701478334535,1.37,True,,0,,-1,-1,-1,1,467,2,0,0.0,pullback_range,1,0.58314,0.57882,431,433,0.58314,0.57882,,430,0.58246,,96,0.55808,,0,0.58314,0.55808,SEEK_BREAKOUT,CONFIRMED,0,,-1,-1,0,1,430
2025-12-12 08:00:00+00:00,0.58132,0.58196,0.58128,0.58166,3288,0.00034000000000000696,0.0006800000000000139,0.000300000000000078,3.999999999992898e-05,1,0.58162,0.5,normal,0,-1,False,True,True,0.0008399999999999519,0.81,True,True,0.0008399999999999519,0.81,True,True,0.0008399999999999519,0.81,1,2362.158480397912,1.39,True,,0,,-1,-1,-1,0,-1,-1,0,0.0,pullback_range,1,0.58314,0.57882,431,433,0.58314,0.57882,,430,0.58246,,96,0.55808,,0,0.58314,0.55808,SEEK_BREAKOUT,CONFIRMED,0,,-1,-1,0,1,430
2025-12-12 09:00:00+00:00,0.58166,0.58181,0.58103,0.5815,2595,0.00015999999999993797,0.0007800000000000029,0.0001500000000000945,0.00046999999999997044,-1,0.58142,0.20512820512812482,pinbar,1,0,False,True,True,0.0008399999999999519,0.93,True,True,0.0008399999999999519,0.93,True,True,0.0008399999999999519,0.93,-1,2384.333863217159,1.09,False,,0,,-1,-1,-1,1,469,2,0,0.0,pullback_range,1,0.58314,0.57882,431,433,0.58314,0.57882,,430,0.58246,,96,0.55808,,0,0.58314,0.55808,SEEK_BREAKOUT,CONFIRMED,0,,-1,-1,0,1,430
2025-12-12 10:00:00+00:00,0.5815,0.58156,0.58074,0.58116,2131,0.00034000000000000696,0.0008199999999999319,5.999999999994898e-05,0.00041999999999997595,-1,0.58115,0.41463414634150636,normal,0,1,False,True,True,0.0008399999999999519,0.98,True,True,0.0008399999999999519,0.98,True,True,0.0008399999999999519,0.98,-1,2360.2068286250483,0.9,False,,0,,-1,-1,-1,1,471,3,0,0.0,pullback_range,1,0.58314,0.57882,431,433,0.58314,0.57882,,430,0.58246,,96,0.55808,,0,0.58314,0.55808,SEEK_BREAKOUT,CONFIRMED,0,,-1,-1,0,1,430
2025-12-12 11:00:00+00:00,0.58116,0.58122,0.58058,0.58109,1936,7.00000000000145e-05,0.0006399999999999739,5.999999999994898e-05,0.0005100000000000104,-1,0.5809,0.1093750000000271,pinbar,1,0,False,True,True,0.0008399999999999519,0.76,True,True,0.0008399999999999519,0.76,True,True,0.0008399999999999519,0.76,-1,2319.8061782798054,0.83,False,,0,,-1,-1,-1,1,471,2,0,0.0,pullback_range,1,0.58314,0.57882,431,433,0.58314,0.57882,,430,0.58246,,96,0.55808,,0,0.58314,0.55808,SEEK_BREAKOUT,CONFIRMED,0,,-1,-1,0,1,430
2025-12-12 12:00:00+00:00,0.58108,0.58126,0.58048,0.58062,2506,0.00046000000000001595,0.0007800000000000029,0.00017999999999995797,0.000140000000000029,-1,0.58087,0.589743589743608,normal,0,0,False,True,True,0.0008399999999999519,0.93,True,True,0.0008399999999999519,0.93,True,True,0.0008399999999999519,0.93,-1,2337.538923205538,1.07,False,,0,,-1,-1,-1,1,472,2,0,0.0,pullback_range,1,0.58314,0.57882,431,433,0.58314,0.57882,,430,0.58246,,96,0.55808,,0,0.58314,0.55808,SEEK_BREAKOUT,CONFIRMED,0,,-1,-1,0,1,430
2025-12-12 13:00:00+00:00,0.58062,0.58123,0.58052,0.58088,2995,0.00025999999999992696,0.0007099999999999884,0.0003500000000000725,9.999999999998899e-05,1,0.580875,0.36619718309849464,pinbar,0,0,False,True,True,0.0008399999999999519,0.85,True,True,0.0008399999999999519,0.85,True,True,0.0008399999999999519,0.85,1,2400.15426385263,1.25,True,,0,,-1,-1,-1,0,-1,-1,0,0.0,pullback_range,1,0.58314,0.57882,431,433,0.58314,0.57882,,430,0.58246,,96,0.55808,,0,0.58314,0.55808,SEEK_BREAKOUT,CONFIRMED,0,,-1,-1,0,1,430
2025-12-12 14:00:00+00:00,0.58088,0.58158,0.58068,0.58117,3799,0.00029000000000001247,0.0009000000000000119,0.00041000000000002146,0.00019999999999997797,1,0.5811299999999999,0.3222222222222318,pinbar,0,0,False,True,True,0.0008399999999999519,1.07,True,True,0.0008399999999999519,1.07,True,True,0.0008399999999999519,1.07,1,2533.3776672952367,1.5,True,,0,,-1,-1,-1,0,-1,-1,0,0.0,pullback_range,1,0.58314,0.57882,431,433,0.58314,0.57882,,430,0.58246,,96,0.55808,,0,0.58314,0.55808,SEEK_BREAKOUT,CONFIRMED,0,,-1,-1,0,1,430
2025-12-12 15:00:00+00:00,0.58114,0.5812,0.5792,0.57961,5806,0.0015300000000000313,0.0020000000000000018,6.0000000000060005e-05,0.00040999999999991044,-1,0.5802,0.765000000000015,maru,0,0,False,True,True,0.0008399999999999519,2.38,True,True,0.0008399999999999519,2.38,True,True,0.0008399999999999519,2.38,-1,2845.0559846956903,2.04,True,,0,,-1,-1,-1,1,475,2,1,0.0008599999999999719,pullback_range,1,0.58314,0.57882,431,433,0.58314,0.57882,,430,0.58246,,96,0.55808,,0,0.58314,0.55808,SEEK_BREAKOUT,CONFIRMED,0,,-1,-1,0,1,430
2025-12-12 16:00:00+00:00,0.57958,0.57982,0.57877,0.57918,5706,0.00039999999999995595,0.0010499999999999954,0.00024000000000001798,0.00041000000000002146,-1,0.579295,0.3809523809523407,pinbar,0,0,False,False,True,0.0020000000000000018,0.52,True,True,0.0008399999999999519,1.25,True,True,0.0008399999999999519,1.25,-1,3117.526843296101,1.83,True,one_maru_continuous,-1,SUCCESS,473,474,-1,0,-1,-1,0,0.0,pullback,1,0.58314,0.57877,431,433,0.58314,0.57877,,430,0.58246,,96,0.55808,,0,0.58314,0.55808,SEEK_BREAKOUT,CONFIRMED,0,,-1,-1,0,1,430
2025-12-12 17:00:00+00:00,0.57917,0.58058,0.57914,0.58038,3788,0.0012100000000000444,0.0014399999999999968,0.00019999999999997797,2.999999999997449e-05,1,0.57986,0.8402777777778104,maru,0,0,False,True,True,0.0020000000000000018,0.72,True,True,0.0020000000000000018,0.72,True,True,0.0008399999999999519,1.71,1,3181.381429648853,1.19,False,,0,,-1,-1,-1,1,477,2,1,0.00046000000000001595,pullback_range,1,0.58314,0.57877,431,433,0.58314,0.57877,,430,0.58246,,96,0.55808,,0,0.58314,0.55808,SEEK_BREAKOUT,CONFIRMED,0,,-1,-1,0,1,430
2025-12-12 18:00:00+00:00,0.58038,0.58081,0.58028,0.5803,1992,7.999999999996898e-05,0.0005300000000000304,0.00043000000000004146,2.0000000000020002e-05,-1,0.5805450000000001,0.1509433962263479,pinbar,-1,0,False,False,False,0.0020000000000000018,0.27,False,False,0.0020000000000000018,0.27,False,False,0.0020000000000000018,0.27,-1,3068.107007777534,0.65,False,,0,,-1,-1,-1,1,479,3,0,0.0,pullback_range,1,0.58314,0.57877,431,433,0.58314,0.57877,,430,0.58246,,96,0.55808,,0,0.58314,0.55808,SEEK_BREAKOUT,CONFIRMED,0,,-1,-1,0,1,430
2025-12-12 19:00:00+00:00,0.5803,0.58032,0.57994,0.58028,1761,2.0000000000020002e-05,0.00037999999999993594,1.999999999990898e-05,0.00034000000000000696,-1,0.58013,0.05263157894742993,pinbar,1,0,False,False,False,0.0020000000000000018,0.19,False,False,0.0020000000000000018,0.19,False,False,0.0020000000000000018,0.19,-1,2943.6206260844356,0.6,False,,0,,-1,-1,-1,1,481,4,0,0.0,pullback_range,1,0.58314,0.57877,431,433,0.58314,0.57877,,430,0.58246,,96,0.55808,,0,0.58314,0.55808,SEEK_BREAKOUT,CONFIRMED,0,,-1,-1,0,1,430
2025-12-12 20:00:00+00:00,0.58028,0.5808,0.57996,0.5802,1546,7.999999999996898e-05,0.0008399999999999519,0.0005199999999999649,0.00024000000000001798,-1,0.58038,0.09523809523806377,pinbar,-1,0,False,False,False,0.0020000000000000018,0.42,False,False,0.0020000000000000018,0.42,False,False,0.0020000000000000018,0.42,-1,2810.51389979068,0.55,False,,0,,-1,-1,-1,1,481,3,0,0.0,pullback_range,1,0.58314,0.57877,431,433,0.58314,0.57877,,430,0.58246,,96,0.55808,,0,0.58314,0.55808,SEEK_BREAKOUT,CONFIRMED,0,,-1,-1,0,1,430
2025-12-12 21:00:00+00:00,0.5802,0.58059,0.58017,0.58043,1117,0.00022999999999995246,0.00042000000000008697,0.000160000000000049,3.0000000000085514e-05,1,0.58038,0.5476190476188211,normal,0,-1,False,False,False,0.0020000000000000018,0.21,False,False,0.0020000000000000018,0.21,False,False,0.0020000000000000018,0.21,1,2649.2268617153773,0.42,False,,0,,-1,-1,-1,1,482,3,0,0.0,pullback_range,1,0.58314,0.57877,431,433,0.58314,0.57877,,430,0.58246,,96,0.55808,,0,0.58314,0.55808,SEEK_BREAKOUT,CONFIRMED,0,,-1,-1,0,1,430
2025-12-14 22:00:00+00:00,0.58012,0.58064,0.57925,0.5793,1987,0.0008199999999999319,0.0013900000000000023,0.000520000000000076,4.999999999999449e-05,-1,0.579945,0.5899280575539069,maru,0,0,True,True,True,0.0020000000000000018,0.7,True,True,0.0020000000000000018,0.7,True,True,0.0020000000000000018,0.7,-1,2586.1576367901034,0.77,False,,0,,-1,-1,-1,1,482,2,0,0.0,pullback_range,1,0.58314,0.57877,431,433,0.58314,0.57877,,430,0.58246,,96,0.55808,,0,0.58314,0.55808,SEEK_BREAKOUT,CONFIRMED,0,,-1,-1,0,1,430
2025-12-14 23:00:00+00:00,0.5793,0.5804,0.57922,0.58015,1367,0.0008500000000000174,0.0011800000000000699,0.00024999999999997247,8.000000000008001e-05,1,0.5798099999999999,0.7203389830508196,maru,0,0,False,False,True,0.0020000000000000018,0.59,False,True,0.0020000000000000018,0.59,False,True,0.0020000000000000018,0.59,1,2470.0473856672365,0.55,False,,0,,-1,-1,-1,0,-1,-1,0,0.0,pullback_range,1,0.58314,0.57877,431,433,0.58314,0.57877,,430,0.58246,,96,0.55808,,0,0.58314,0.55808,SEEK_BREAKOUT,CONFIRMED,0,,-1,-1,0,1,430
2025-12-15 00:00:00+00:00,0.58016,0.58041,0.57978,0.5804,1930,0.00024000000000001798,0.0006300000000000194,9.99999999995449e-06,0.00038000000000004697,1,0.580095,0.38095238095239775,pinbar,1,0,False,False,False,0.0020000000000000018,0.32,False,False,0.0020000000000000018,0.32,False,False,0.0020000000000000018,0.32,1,2418.614301317976,0.8,False,,0,,-1,-1,-1,0,-1,-1,0,0.0,pullback_range,1,0.58314,0.57877,431,433,0.58314,0.57877,,430,0.58246,,96,0.55808,,0,0.58314,0.55808,SEEK_BREAKOUT,CONFIRMED,0,,-1,-1,0,1,430
2025-12-15 01:00:00+00:00,0.58038,0.58088,0.58013,0.58081,3392,0.00043000000000004146,0.0007499999999999174,6.999999999990347e-05,0.00024999999999997247,1,0.580505,0.5733333333334517,maru,0,0,True,False,False,0.0020000000000000018,0.37,False,False,0.0020000000000000018,0.37,False,False,0.0020000000000000018,0.37,1,2511.3177011924545,1.35,True,,0,,-1,-1,-1,0,-1,-1,0,0.0,pullback_range,1,0.58314,0.57877,431,433,0.58314,0.57877,,430,0.58246,,96,0.55808,,0,0.58314,0.55808,SEEK_BREAKOUT,CONFIRMED,0,,-1,-1,0,1,430
2025-12-15 02:00:00+00:00,0.58078,0.5808,0.57746,0.5781,5921,0.0026800000000000157,0.0033400000000000096,2.0000000000020002e-05,0.0006399999999999739,-1,0.5791299999999999,0.8023952095808408,maru,0,0,False,True,True,0.0020000000000000018,1.67,True,True,0.0020000000000000018,1.67,True,True,0.0020000000000000018,1.67,-1,2836.049348697935,2.09,True,,0,,-1,-1,-1,1,486,2,1,0.0016800000000000148,pullback,1,0.58314,0.57746,431,433,0.58314,0.57746,0.2500000000000207,430,0.58246,,96,0.55808,,0,0.58314,0.55808,SEEK_BREAKOUT,CONFIRMED,0,,-1,-1,0,1,430
2025-12-15 03:00:00+00:00,0.5781,0.57845,0.57676,0.57702,3523,0.0010799999999999699,0.0016899999999999693,0.0003500000000000725,0.00025999999999992696,-1,0.577605,0.6390532544378636,normal,0,0,False,False,True,0.0033400000000000096,0.51,True,True,0.0020000000000000018,0.84,True,True,0.0020000000000000018,0.84,-1,2901.4732202505124,1.21,True,one_maru_continuous,-1,SUCCESS,484,485,-1,1,487,2,0,0.0,pullback,1,0.58314,0.57676,431,433,0.58314,0.57676,0.40740740740741505,430,0.58246,,96,0.55808,,0,0.58314,0.55808,SEEK_BREAKOUT,CONFIRMED,0,,-1,-1,0,1,430
2025-12-15 04:00:00+00:00,0.57702,0.57756,0.57656,0.5775,2363,0.00048000000000003595,0.0010000000000000009,5.999999999994898e-05,0.00046000000000001595,1,0.5770599999999999,0.4800000000000355,normal,0,1,False,False,False,0.0033400000000000096,0.3,False,False,0.0033400000000000096,0.3,False,True,0.0020000000000000018,0.5,1,2850.19005641713,0.83,False,,0,,-1,-1,-1,0,-1,-1,0,0.0,pullback,1,0.58314,0.57656,431,433,0.58314,0.57656,,430,0.58246,,96,0.55808,,0,0.58314,0.55808,SEEK_BREAKOUT,CONFIRMED,0,,-1,-1,0,1,430
2025-12-15 05:00:00+00:00,0.57751,0.57822,0.5775,0.57812,2322,0.0006099999999999994,0.0007199999999999429,9.999999999998899e-05,9.99999999995449e-06,1,0.57786,0.8472222222222886,maru,0,0,False,False,False,0.0033400000000000096,0.22,False,False,0.0033400000000000096,0.22,False,False,0.0033400000000000096,0.22,1,2799.8862415202607,0.83,False,,0,,-1,-1,-1,1,490,3,1,0.000140000000000029,pullback_range,1,0.58314,0.57656,431,433,0.58314,0.57656,,430,0.58246,,96,0.55808,,0,0.58314,0.55808,SEEK_BREAKOUT,CONFIRMED,0,,-1,-1,0,1,430
2025-12-15 06:00:00+00:00,0.57811,0.57854,0.5777,0.5785,2705,0.00039000000000000146,0.0008400000000000629,4.0000000000040004e-05,0.00041000000000002146,1,0.57812,0.4642857142856812,normal,0,1,False,False,False,0.0033400000000000096,0.25,False,False,0.0033400000000000096,0.25,False,False,0.0033400000000000096,0.25,1,2790.849456613569,0.97,False,,0,,-1,-1,-1,1,490,2,1,6.0000000000060005e-05,pullback_range,1,0.58314,0.57656,431,433,0.58314,0.57656,,430,0.58246,,96,0.55808,,0,0.58314,0.55808,SEEK_BREAKOUT,CONFIRMED,0,,-1,-1,0,1,430
2025-12-15 07:00:00+00:00,0.5785,0.5788,0.57828,0.5783,3121,0.00019999999999997797,0.0005199999999999649,0.00029999999999996696,2.0000000000020002e-05,-1,0.57854,0.3846153846153682,pinbar,-1,0,False,False,False,0.0033400000000000096,0.16,False,False,0.0033400000000000096,0.16,False,False,0.0033400000000000096,0.16,-1,2822.292365507515,1.11,False,,0,,-1,-1,-1,1,491,2,0,0.0,pullback_range,1,0.58314,0.57656,431,433,0.58314,0.57656,,430,0.58246,,96,0.55808,,0,0.58314,0.55808,SEEK_BREAKOUT,CONFIRMED,0,,-1,-1,0,1,430
2025-12-15 08:00:00+00:00,0.57832,0.57868,0.57785,0.57792,3301,0.00039999999999995595,0.0008299999999999974,0.00036000000000002697,7.00000000000145e-05,-1,0.578265,0.4819277108433219,normal,0,-1,False,False,False,0.0033400000000000096,0.25,False,False,0.0033400000000000096,0.25,False,False,0.0033400000000000096,0.25,-1,2867.8835687925134,1.15,False,,0,,-1,-1,-1,1,492,2,0,0.0,pullback_range,1,0.58314,0.57656,431,433,0.58314,0.57656,,430,0.58246,,96,0.55808,,0,0.58314,0.55808,SEEK_BREAKOUT,CONFIRMED,0,,-1,-1,0,1,430
2025-12-15 09:00:00+00:00,0.57792,0.57868,0.57784,0.57862,2570,0.0007000000000000339,0.0008399999999999519,5.999999999994898e-05,7.999999999996898e-05,1,0.57826,0.8333333333334214,maru,0,0,True,False,False,0.0033400000000000096,0.25,False,False,0.0033400000000000096,0.25,False,False,0.0033400000000000096,0.25,1,2839.5137050979883,0.91,False,,0,,-1,-1,-1,0,-1,-1,0,0.0,pullback_range,1,0.58314,0.57656,431,433,0.58314,0.57656,,430,0.58246,,96,0.55808,,0,0.58314,0.55808,SEEK_BREAKOUT,CONFIRMED,0,,-1,-1,0,1,430
2025-12-15 10:00:00+00:00,0.57858,0.57869,0.57803,0.57856,2770,2.0000000000020002e-05,0.0006599999999999939,0.0001100000000000545,0.0005299999999999194,-1,0.57836,0.030303030303060887,pinbar,1,0,False,False,False,0.0033400000000000096,0.2,False,False,0.0033400000000000096,0.2,False,False,0.0033400000000000096,0.2,-1,2832.8933522315133,0.98,False,,0,,-1,-1,-1,0,-1,-1,0,0.0,pullback_range,1,0.58314,0.57656,431,433,0.58314,0.57656,,430,0.58246,,96,0.55808,,0,0.58314,0.55808,SEEK_BREAKOUT,CONFIRMED,0,,-1,-1,0,1,430
2025-12-15 11:00:00+00:00,0.57856,0.57955,0.57851,0.57932,1877,0.0007599999999999829,0.001040000000000041,0.0002300000000000635,4.999999999999449e-05,1,0.5790299999999999,0.7307692307691857,maru,0,0,False,False,False,0.0033400000000000096,0.31,False,False,0.0033400000000000096,0.31,False,False,0.0033400000000000096,0.31,1,2741.855890114226,0.68,False,,0,,-1,-1,-1,1,495,2,1,0.0005999999999999339,pullback_range,1,0.58314,0.57656,431,433,0.58314,0.57656,,430,0.58246,,96,0.55808,,0,0.58314,0.55808,SEEK_BREAKOUT,CONFIRMED,0,,-1,-1,0,1,430
2025-12-15 12:00:00+00:00,0.5793,0.57975,0.57929,0.57942,1881,0.00012000000000000899,0.00046000000000001595,0.00032999999999994145,1.0000000000065512e-05,1,0.57952,0.2608695652174018,pinbar,-1,0,False,False,False,0.0033400000000000096,0.14,False,False,0.0033400000000000096,0.14,False,False,0.0033400000000000096,0.14,1,2659.8696148652525,0.71,False,,0,,-1,-1,-1,1,496,2,0,0.0,pullback_range,1,0.58314,0.57656,431,433,0.58314,0.57656,,430,0.58246,,96,0.55808,,0,0.58314,0.55808,SEEK_BREAKOUT,CONFIRMED,0,,-1,-1,0,1,430
2025-12-15 13:00:00+00:00,0.57943,0.5799,0.57917,0.57917,2316,0.000260000000000038,0.0007300000000000084,0.00046999999999997044,0.0,-1,0.5795349999999999,0.3561643835616918,pinbar,-1,0,False,False,False,0.0033400000000000096,0.22,False,False,0.0033400000000000096,0.22,False,False,0.0033400000000000096,0.22,-1,2627.1201277352284,0.88,False,,0,,-1,-1,-1,1,498,3,0,0.0,pullback_range,1,0.58314,0.57656,431,433,0.58314,0.57656,,430,0.58246,,96,0.55808,,0,0.58314,0.55808,SEEK_BREAKOUT,CONFIRMED,0,,-1,-1,0,1,430
2025-12-15 14:00:00+00:00,0.57914,0.58028,0.57892,0.57971,4252,0.0005699999999999594,0.0013600000000000279,0.0005700000000000705,0.00021999999999999797,1,0.5796,0.4191176470587851,normal,0,-1,False,False,False,0.0033400000000000096,0.41,False,False,0.0033400000000000096,0.41,False,False,0.0033400000000000096,0.41,1,2781.8705917604443,1.53,True,,0,,-1,-1,-1,1,498,2,0,0.0,pullback_range,1,0.58314,0.57656,431,433,0.58314,0.57656,,430,0.58246,,96,0.55808,,0,0.58314,0.55808,SEEK_BREAKOUT,CONFIRMED,0,,-1,-1,0,1,430
2025-12-15 15:00:00+00:00,0.5797,0.5803,0.5792,0.58022,6102,0.0005199999999999649,0.0010999999999999899,8.000000000008001e-05,0.0004999999999999449,1,0.57975,0.4727272727272452,normal,0,1,False,False,False,0.0033400000000000096,0.33,False,False,0.0033400000000000096,0.33,False,False,0.0033400000000000096,0.33,1,3098.073392545164,1.97,True,one_maru_continuous,1,CONFIRMED,493,494,497,0,-1,-1,0,0.0,pullback_range,1,0.58314,0.57656,431,433,0.58314,0.57656,,430,0.58246,,96,0.55808,,0,0.58314,0.55808,SEEK_BREAKOUT,CONFIRMED,0,,-1,-1,0,1,430
2025-12-15 16:00:00+00:00,0.58023,0.5803,0.579,0.57936,4239,0.0008700000000000374,0.0013000000000000789,7.00000000000145e-05,0.00036000000000002697,-1,0.57965,0.6692307692307574,maru,0,0,False,False,False,0.0033400000000000096,0.39,False,False,0.0033400000000000096,0.39,False,False,0.0033400000000000096,0.39,-1,3206.7330694456246,1.32,True,,0,,-1,-1,-1,0,-1,-1,0,0.0,pullback_range,1,0.58314,0.57656,431,433,0.58314,0.57656,,430,0.58246,,96,0.55808,,0,0.58314,0.55808,SEEK_BREAKOUT,CONFIRMED,0,,-1,-1,0,1,430
2025-12-15 17:00:00+00:00,0.57935,0.57948,0.57866,0.57872,3399,0.0006300000000000194,0.0008200000000000429,0.00012999999999996348,6.0000000000060005e-05,-1,0.57907,0.7682926829268127,maru,0,0,True,False,False,0.0033400000000000096,0.25,False,False,0.0033400000000000096,0.25,False,False,0.0033400000000000096,0.25,-1,3225.0442056888983,1.05,False,,0,,-1,-1,-1,1,501,2,0,0.0,pullback_range,1,0.58314,0.57656,431,433,0.58314,0.57656,,430,0.58246,,96,0.55808,,0,0.58314,0.55808,SEEK_BREAKOUT,CONFIRMED,0,,-1,-1,0,1,430
2025-12-15 18:00:00+00:00,0.57872,0.57908,0.57828,0.57862,1809,9.999999999998899e-05,0.0008000000000000229,0.00036000000000002697,0.00034000000000000696,-1,0.5786800000000001,0.12499999999998265,pinbar,0,0,False,False,True,0.0013000000000000789,0.62,False,False,0.0033400000000000096,0.24,False,False,0.0033400000000000096,0.24,-1,3090.182852766146,0.59,False,,0,,-1,-1,-1,1,502,2,0,0.0,pullback_range,1,0.58314,0.57656,431,433,0.58314,0.57656,,430,0.58246,,96,0.55808,,0,0.58314,0.55808,SEEK_BREAKOUT,CONFIRMED,0,,-1,-1,0,1,430
2025-12-15 19:00:00+00:00,0.57862,0.57882,0.57835,0.57878,1275,0.00015999999999993797,0.00046999999999997044,4.0000000000040004e-05,0.00026999999999999247,1,0.578585,0.34042553191478303,pinbar,1,0,False,False,False,0.0013000000000000789,0.36,False,False,0.0013000000000000789,0.36,False,False,0.0033400000000000096,0.14,1,2917.3082953598464,0.44,False,,0,,-1,-1,-1,1,505,4,0,0.0,pullback_range,1,0.58314,0.57656,431,433,0.58314,0.57656,,430,0.58246,,96,0.55808,,0,0.58314,0.55808,SEEK_BREAKOUT,CONFIRMED,0,,-1,-1,0,1,430
2025-12-15 20:00:00+00:00,0.57877,0.57878,0.57842,0.57847,771,0.00029999999999996696,0.00035999999999991594,9.99999999995449e-06,4.999999999999449e-05,-1,0.5786,0.8333333333334362,maru,0,0,False,False,False,0.0013000000000000789,0.28,False,False,0.0013000000000000789,0.28,False,False,0.0013000000000000789,0.28,-1,2712.8979815160515,0.28,False,one_maru_continuous,-1,CONFIRMED,498,499,502,1,505,3,0,0.0,pullback_range,1,0.58314,0.57656,431,433,0.58314,0.57656,,430,0.58246,,96,0.55808,,0,0.58314,0.55808,SEEK_BREAKOUT,CONFIRMED,0,,-1,-1,0,1,430
2025-12-15 21:00:00+00:00,0.57845,0.57865,0.57825,0.5783,702,0.00014999999999998348,0.00039999999999995595,0.00019999999999997797,4.999999999999449e-05,-1,0.57845,0.375,pinbar,0,0,False,False,False,0.0013000000000000789,0.31,False,False,0.0013000000000000789,0.31,False,False,0.0013000000000000789,0.31,-1,2521.3838880383323,0.28,False,,0,,-1,-1,-1,1,505,2,1,0.000140000000000029,pullback_range,1,0.58314,0.57656,431,433,0.58314,0.57656,,430,0.58246,,96,0.55808,,0,0.58314,0.55808,SEEK_BREAKOUT,CONFIRMED,0,,-1,-1,0,1,430
2025-12-15 22:00:00+00:00,0.57808,0.57828,0.57788,0.5781,1485,1.999999999990898e-05,0.00040000000000006697,0.000180000000000069,0.000200000000000089,1,0.5780799999999999,0.04999999999976408,pinbar,1,0,False,False,False,0.0013000000000000789,0.31,False,False,0.0013000000000000789,0.31,False,False,0.0013000000000000789,0.31,-1,2422.6806606061105,0.61,False,,0,,-1,-1,-1,0,-1,-1,0,0.0,pullback_range,1,0.58314,0.57656,431,433,0.58314,0.57656,,430,0.58246,,96,0.55808,,0,0.58314,0.55808,SEEK_BREAKOUT,CONFIRMED,0,,-1,-1,0,1,430
2025-12-15 23:00:00+00:00,0.57812,0.57894,0.57806,0.57856,1345,0.00043999999999999595,0.0008799999999999919,0.00038000000000004697,5.999999999994898e-05,1,0.5785,0.5,normal,0,-1,False,True,True,0.0013000000000000789,0.68,True,True,0.0013000000000000789,0.68,True,True,0.0013000000000000789,0.68,1,2320.044407215052,0.58,False,,0,,-1,-1,-1,0,-1,-1,0,0.0,pullback_range,1,0.58314,0.57656,431,433,0.58314,0.57656,,430,0.58246,,96,0.55808,,0,0.58314,0.55808,SEEK_BREAKOUT,CONFIRMED,0,,-1,-1,0,1,430
2025-12-16 00:00:00+00:00,0.57856,0.57872,0.57712,0.57722,2848,0.0013400000000000079,0.0016000000000000458,0.000160000000000049,9.999999999998899e-05,-1,0.57792,0.8374999999999809,maru,0,0,True,True,True,0.0013000000000000789,1.23,True,True,0.0013000000000000789,1.23,True,True,0.0013000000000000789,1.23,-1,2370.32589224219,1.2,True,,0,,-1,-1,-1,1,509,3,1,0.0007099999999999884,pullback_range,1,0.58314,0.57656,431,433,0.58314,0.57656,,430,0.58246,,96,0.55808,,0,0.58314,0.55808,SEEK_BREAKOUT,CONFIRMED,0,,-1,-1,0,1,430
2025-12-16 01:00:00+00:00,0.57722,0.57735,0.57582,0.5765,4269,0.0007199999999999429,0.0015300000000000313,0.0001300000000000745,0.0006800000000000139,-1,0.576585,0.4705882352940707,normal,0,1,False,True,True,0.0016000000000000458,0.96,True,True,0.0013000000000000789,1.18,True,True,0.0013000000000000789,1.18,-1,2551.151997742934,1.67,True,one_maru_continuous,-1,SUCCESS,506,507,-1,0,-1,-1,1,0.00012999999999996348,pullback,1,0.58314,0.57582,431,433,0.58314,0.57582,0.08333333333326909,430,0.58246,,96,0.55808,,0,0.58314,0.55808,SEEK_BREAKOUT,CONFIRMED,0,,-1,-1,0,1,430
2025-12-16 02:00:00+00:00,0.5765,0.57699,0.57636,0.57682,3852,0.00031999999999998696,0.0006300000000000194,0.00017000000000000348,0.000140000000000029,1,0.576675,0.5079365079364716,normal,0,0,False,False,False,0.0016000000000000458,0.39,False,False,0.0016000000000000458,0.39,False,False,0.0013000000000000789,0.48,1,2675.042283672178,1.44,True,,0,,-1,-1,-1,0,-1,-1,0,0.0,pullback_range,1,0.58314,0.57582,431,433,0.58314,0.57582,,430,0.58246,,96,0.55808,,0,0.58314,0.55808,SEEK_BREAKOUT,CONFIRMED,0,,-1,-1,0,1,430
2025-12-16 03:00:00+00:00,0.5768,0.57772,0.57672,0.57768,2516,0.0008799999999999919,0.0010000000000000009,4.0000000000040004e-05,7.999999999996898e-05,1,0.5772200000000001,0.8799999999999911,maru,0,0,True,False,True,0.0016000000000000458,0.62,False,True,0.0016000000000000458,0.62,False,True,0.0016000000000000458,0.62,1,2659.895399512923,0.95,False,,0,,-1,-1,-1,0,-1,-1,1,0.0005600000000000049,pullback_range,1,0.58314,0.57582,431,433,0.58314,0.57582,,430,0.58246,,96,0.55808,,0,0.58314,0.55808,SEEK_BREAKOUT,CONFIRMED,0,,-1,-1,0,1,430
2025-12-16 04:00:00+00:00,0.57768,0.57818,0.57755,0.57792,2155,0.00024000000000001798,0.0006300000000000194,0.000260000000000038,0.00012999999999996348,1,0.5778650000000001,0.38095238095239775,pinbar,0,0,False,False,False,0.0016000000000000458,0.39,False,False,0.0016000000000000458,0.39,False,False,0.0016000000000000458,0.39,1,2611.8101233688353,0.83,False,,0,,-1,-1,-1,0,-1,-1,0,0.0,pullback_range,1,0.58314,0.57582,431,433,0.58314,0.57582,,430,0.58246,,96,0.55808,,0,0.58314,0.55808,SEEK_BREAKOUT,CONFIRMED,0,,-1,-1,0,1,430
2025-12-16 05:00:00+00:00,0.5779,0.57816,0.5776,0.57775,2263,0.00014999999999998348,0.0005600000000000049,0.000260000000000038,0.00014999999999998348,-1,0.57788,0.267857142857111,pinbar,0,0,False,False,False,0.0016000000000000458,0.35,False,False,0.0016000000000000458,0.35,False,False,0.0016000000000000458,0.35,-1,2578.5901116194227,0.88,False,,0,,-1,-1,-1,0,-1,-1,0,0.0,pullback_range,1,0.58314,0.57582,431,433,0.58314,0.57582,,430,0.58246,,96,0.55808,,0,0.58314,0.55808,SEEK_BREAKOUT,CONFIRMED,0,,-1,-1,0,1,430
2025-12-16 06:00:00+00:00,0.57774,0.57856,0.57754,0.57844,2148,0.0006999999999999229,0.0010199999999999099,0.00012000000000000899,0.00019999999999997797,1,0.57805,0.6862745098039066,maru,0,0,False,False,True,0.0016000000000000458,0.64,False,True,0.0016000000000000458,0.64,False,True,0.0016000000000000458,0.64,1,2537.5815295604298,0.85,False,one_maru_continuous,1,CONFIRMED,509,510,512,1,515,3,1,5.999999999994898e-05,pullback_range,1,0.58314,0.57582,431,433,0.58314,0.57582,,430,0.58246,,96,0.55808,,0,0.58314,0.55808,SEEK_BREAKOUT,CONFIRMED,0,,-1,-1,0,1,430
2025-12-16 07:00:00+00:00,0.57844,0.5787,0.57822,0.5785,1628,6.0000000000060005e-05,0.00048000000000003595,0.00019999999999997797,0.00021999999999999797,1,0.57846,0.12500000000011566,pinbar,0,0,False,False,False,0.0016000000000000458,0.3,False,False,0.0016000000000000458,0.3,False,False,0.0016000000000000458,0.3,1,2450.9547172213415,0.66,False,,0,,-1,-1,-1,1,515,2,0,0.0,pullback_range,1,0.58314,0.57582,431,433,0.58314,0.57582,,430,0.58246,,96,0.55808,,0,0.58314,0.55808,SEEK_BREAKOUT,CONFIRMED,0,,-1,-1,0,1,430
2025-12-16 08:00:00+00:00,0.57852,0.57914,0.5785,0.57876,2333,0.00024000000000001798,0.0006399999999999739,0.00037999999999993594,2.0000000000020002e-05,1,0.57882,0.37500000000004335,pinbar,-1,0,False,False,False,0.0016000000000000458,0.4,False,False,0.0016000000000000458,0.4,False,False,0.0016000000000000458,0.4,1,2439.7209346288328,0.96,False,,0,,-1,-1,-1,1,517,3,0,0.0,pullback_range,1,0.58314,0.57582,431,433,0.58314,0.57582,,430,0.58246,,96,0.55808,,0,0.58314,0.55808,SEEK_BREAKOUT,CONFIRMED,0,,-1,-1,0,1,430
2025-12-16 09:00:00+00:00,0.57878,0.57891,0.57831,0.57833,2304,0.00044999999999995044,0.0006000000000000449,0.0001300000000000745,2.0000000000020002e-05,-1,0.5786100000000001,0.7499999999998612,maru,0,0,True,False,False,0.0016000000000000458,0.38,False,False,0.0016000000000000458,0.38,False,False,0.0016000000000000458,0.38,-1,2426.795131330849,0.95,False,,0,,-1,-1,-1,1,517,2,0,0.0,pullback_range,1,0.58314,0.57582,431,433,0.58314,0.57582,,430,0.58246,,96,0.55808,,0,0.58314,0.55808,SEEK_BREAKOUT,CONFIRMED,0,,-1,-1,0,1,430
2025-12-16 10:00:00+00:00,0.57832,0.57863,0.57816,0.57832,2450,0.0,0.00046999999999997044,0.00031000000000003247,0.00015999999999993797,0,0.578395,0.0,pinbar,-1,0,False,False,False,0.0016000000000000458,0.29,False,False,0.0016000000000000458,0.29,False,False,0.0016000000000000458,0.29,-1,2429.005118823149,1.01,False,,0,,-1,-1,-1,1,518,2,0,0.0,pullback_range,1,0.58314,0.57582,431,433,0.58314,0.57582,,430,0.58246,,96,0.55808,,0,0.58314,0.55808,SEEK_BREAKOUT,CONFIRMED,0,,-1,-1,0,1,430
2025-12-16 11:00:00+00:00,0.5783,0.57854,0.57807,0.57854,1492,0.00024000000000001798,0.00047000000000008146,0.0,0.0002300000000000635,1,0.5783050000000001,0.5106382978722902,maru,0,0,True,False,False,0.0016000000000000458,0.29,False,False,0.0016000000000000458,0.29,False,False,0.0016000000000000458,0.29,1,2339.7665360780875,0.64,False,,0,,-1,-1,-1,0,-1,-1,0,0.0,pullback_range,1,0.58314,0.57582,431,433,0.58314,0.57582,,430,0.58246,,96,0.55808,,0,0.58314,0.55808,SEEK_BREAKOUT,CONFIRMED,0,,-1,-1,0,1,430
2025-12-16 12:00:00+00:00,0.57854,0.57862,0.5779,0.57851,2175,3.0000000000085514e-05,0.0007200000000000539,7.999999999996898e-05,0.0006099999999999994,-1,0.57826,0.041666666666782315,pinbar,1,0,False,False,False,0.0016000000000000458,0.45,False,False,0.0016000000000000458,0.45,False,False,0.0016000000000000458,0.45,-1,2324.0744850230317,0.94,False,,0,,-1,-1,-1,0,-1,-1,0,0.0,pullback_range,1,0.58314,0.57582,431,433,0.58314,0.57582,,430,0.58246,,96,0.55808,,0,0.58314,0.55808,SEEK_BREAKOUT,CONFIRMED,0,,-1,-1,0,1,430
2025-12-16 13:00:00+00:00,0.57854,0.58074,0.5777,0.57924,9063,0.0006999999999999229,0.0030400000000000427,0.0015000000000000568,0.0008400000000000629,1,0.5792200000000001,0.23026315789470825,pinbar,0,0,False,True,True,0.0016000000000000458,1.9,True,True,0.0016000000000000458,1.9,True,True,0.0016000000000000458,1.9,1,2965.876915020838,3.06,True,,0,,-1,-1,-1,1,521,2,1,0.00027999999999994696,pullback_range,1,0.58314,0.57582,431,433,0.58314,0.57582,,430,0.58246,,96,0.55808,,0,0.58314,0.55808,SEEK_BREAKOUT,CONFIRMED,0,,-1,-1,0,1,430
2025-12-16 14:00:00+00:00,0.57922,0.58061,0.5789,0.58042,8150,0.0012000000000000899,0.0017099999999999893,0.00018999999999991246,0.00031999999999998696,1,0.579755,0.7017543859649692,maru,0,0,False,True,True,0.0016000000000000458,1.07,True,True,0.0016000000000000458,1.07,True,True,0.0016000000000000458,1.07,1,3459.6029231140915,2.36,True,,0,,-1,-1,-1,1,522,2,0,0.0,pullback_range,1,0.58314,0.57582,431,433,0.58314,0.57582,,430,0.58246,,96,0.55808,,0,0.58314,0.55808,SEEK_BREAKOUT,CONFIRMED,0,,-1,-1,0,1,430
2025-12-16 15:00:00+00:00,0.58044,0.58048,0.57854,0.57924,7128,0.0011999999999999789,0.0019399999999999418,4.0000000000040004e-05,0.0006999999999999229,-1,0.57951,0.6185567010309355,normal,0,1,False,True,True,0.0017099999999999893,1.13,True,True,0.0016000000000000458,1.21,True,True,0.0016000000000000458,1.21,-1,3808.9740732937016,1.87,True,,0,,-1,-1,-1,1,523,2,0,0.0,pullback_range,1,0.58314,0.57582,431,433,0.58314,0.57582,,430,0.58246,,96,0.55808,,0,0.58314,0.55808,SEEK_BREAKOUT,CONFIRMED,0,,-1,-1,0,1,430
2025-12-16 16:00:00+00:00,0.57922,0.57942,0.5788,0.57926,4529,4.0000000000040004e-05,0.0006200000000000649,0.000160000000000049,0.00041999999999997595,1,0.57911,0.06451612903231582,pinbar,1,0,False,False,False,0.0017099999999999893,0.36,False,False,0.0017099999999999893,0.36,False,False,0.0016000000000000458,0.39,1,3877.547971075254,1.17,False,,0,,-1,-1,-1,1,525,3,0,0.0,pullback_range,1,0.58314,0.57582,431,433,0.58314,0.57582,,430,0.58246,,96,0.55808,,0,0.58314,0.55808,SEEK_BREAKOUT,CONFIRMED,0,,-1,-1,0,1,430
2025-12-16 17:00:00+00:00,0.57928,0.57988,0.5788,0.57892,3235,0.00036000000000002697,0.0010799999999999699,0.0005999999999999339,0.00012000000000000899,-1,0.57934,0.3333333333333676,pinbar,-1,0,False,False,True,0.0017099999999999893,0.63,False,True,0.0017099999999999893,0.63,False,True,0.0017099999999999893,0.63,-1,3816.352926210944,0.85,False,,0,,-1,-1,-1,1,525,2,0,0.0,pullback_range,1,0.58314,0.57582,431,433,0.58314,0.57582,,430,0.58246,,96,0.55808,,0,0.58314,0.55808,SEEK_BREAKOUT,CONFIRMED,0,,-1,-1,0,1,430
2025-12-16 18:00:00+00:00,0.57892,0.57892,0.57798,0.57872,2034,0.00019999999999997797,0.0009399999999999409,0.0,0.0007399999999999629,-1,0.57845,0.21276595744679846,pinbar,1,0,False,False,True,0.0017099999999999893,0.55,False,True,0.0017099999999999893,0.55,False,True,0.0017099999999999893,0.55,-1,3646.605028476569,0.56,False,,0,,-1,-1,-1,1,526,2,0,0.0,pullback_range,1,0.58314,0.57582,431,433,0.58314,0.57582,,430,0.58246,,96,0.55808,,0,0.58314,0.55808,SEEK_BREAKOUT,CONFIRMED,0,,-1,-1,0,1,430
2025-12-16 19:00:00+00:00,0.5787,0.57909,0.57726,0.57884,3237,0.000140000000000029,0.0018299999999999983,0.00024999999999997247,0.0014399999999999968,1,0.578175,0.07650273224045308,pinbar,1,0,False,True,True,0.0017099999999999893,1.07,True,True,0.0017099999999999893,1.07,True,True,0.0017099999999999893,1.07,1,3607.5950257645145,0.9,False,,0,,-1,-1,-1,1,527,2,0,0.0,pullback_range,1,0.58314,0.57582,431,433,0.58314,0.57582,,430,0.58246,,96,0.55808,,0,0.58314,0.55808,SEEK_BREAKOUT,CONFIRMED,0,,-1,-1,0,1,430
2025-12-16 20:00:00+00:00,0.57884,0.57923,0.5786,0.5788,1402,4.0000000000040004e-05,0.0006300000000000194,0.00039000000000000146,0.00019999999999997797,-1,0.5789150000000001,0.06349206349212504,pinbar,-1,0,False,False,False,0.0017099999999999893,0.37,False,False,0.0017099999999999893,0.37,False,False,0.0017099999999999893,0.37,-1,3397.5383566440846,0.41,False,,0,,-1,-1,-1,1,531,5,0,0.0,pullback_range,1,0.58314,0.57582,431,433,0.58314,0.57582,,430,0.58246,,96,0.55808,,0,0.58314,0.55808,SEEK_BREAKOUT,CONFIRMED,0,,-1,-1,0,1,430
2025-12-16 21:00:00+00:00,0.57882,0.57882,0.57816,0.57834,810,0.00048000000000003595,0.0006599999999999939,0.0,0.00017999999999995797,-1,0.57849,0.7272727272727885,maru,0,0,False,False,False,0.0017099999999999893,0.39,False,False,0.0017099999999999893,0.39,False,False,0.0017099999999999893,0.39,-1,3151.106132201791,0.26,False,,0,,-1,-1,-1,1,529,2,1,0.00024000000000001798,pullback_range,1,0.58314,0.57582,431,433,0.58314,0.57582,,430,0.58246,,96,0.55808,,0,0.58314,0.55808,SEEK_BREAKOUT,CONFIRMED,0,,-1,-1,0,1,430
2025-12-16 22:00:00+00:00,0.57826,0.57836,0.57798,0.57812,725,0.000140000000000029,0.00037999999999993594,9.999999999998899e-05,0.00013999999999991797,-1,0.5781700000000001,0.3684210526317173,pinbar,0,0,False,False,False,0.0017099999999999893,0.22,False,False,0.0017099999999999893,0.22,False,False,0.0017099999999999893,0.22,-1,2920.0484053254295,0.25,False,,0,,-1,-1,-1,1,530,2,0,0.0,pullback_range,1,0.58314,0.57582,431,433,0.58314,0.57582,,430,0.58246,,96,0.55808,,0,0.58314,0.55808,SEEK_BREAKOUT,CONFIRMED,0,,-1,-1,0,1,430
2025-12-16 23:00:00+00:00,0.5781,0.5787,0.5781,0.5784,726,0.000300000000000078,0.0006000000000000449,0.00029999999999996696,0.0,1,0.5784,0.5000000000000925,normal,0,-1,False,False,False,0.0017099999999999893,0.35,False,False,0.0017099999999999893,0.35,False,False,0.0017099999999999893,0.35,1,2711.0914143420555,0.27,False,,0,,-1,-1,-1,1,532,3,0,0.0,pullback_range,1,0.58314,0.57582,431,433,0.58314,0.57582,,430,0.58246,,96,0.55808,,0,0.58314,0.55808,SEEK_BREAKOUT,CONFIRMED,0,,-1,-1,0,1,430
2025-12-17 00:00:00+00:00,0.5784,0.5784,0.57761,0.57799,2242,0.00041000000000002146,0.0007900000000000684,0.0,0.00038000000000004697,-1,0.578005,0.5189873417721341,normal,0,1,False,False,False,0.0017099999999999893,0.46,False,False,0.0017099999999999893,0.46,False,False,0.0017099999999999893,0.46,-1,2666.416041547574,0.84,False,,0,,-1,-1,-1,1,532,2,0,0.0,pullback_range,1,0.58314,0.57582,431,433,0.58314,0.57582,,430,0.58246,,96,0.55808,,0,0.58314,0.55808,SEEK_BREAKOUT,CONFIRMED,0,,-1,-1,0,1,430
2025-12-17 01:00:00+00:00,0.578,0.57889,0.57774,0.5788,3653,0.0008000000000000229,0.0011499999999999844,9.00000000000345e-05,0.00025999999999992696,1,0.578315,0.6956521739130729,maru,0,0,True,True,True,0.0017099999999999893,0.67,True,True,0.0017099999999999893,0.67,True,True,0.0017099999999999893,0.67,1,2760.376418543043,1.32,True,,0,,-1,-1,-1,1,533,2,0,0.0,pullback_range,1,0.58314,0.57582,431,433,0.58314,0.57582,,430,0.58246,,96,0.55808,,0,0.58314,0.55808,SEEK_BREAKOUT,CONFIRMED,0,,-1,-1,0,1,430
2025-12-17 02:00:00+00:00,0.57882,0.57885,0.57714,0.5782,4173,0.0006199999999999539,0.0017099999999999893,2.999999999997449e-05,0.001060000000000061,-1,0.577995,0.36257309941518,pinbar,1,0,False,True,True,0.0017099999999999893,1.0,True,True,0.0017099999999999893,1.0,True,True,0.0017099999999999893,1.0,-1,2894.9119977294204,1.44,True,,0,,-1,-1,-1,1,534,2,0,0.0,pullback_range,1,0.58314,0.57582,431,433,0.58314,0.57582,,430,0.58246,,96,0.55808,,0,0.58314,0.55808,SEEK_BREAKOUT,CONFIRMED,0,,-1,-1,0,1,430
2025-12-17 03:00:00+00:00,0.5782,0.57884,0.57796,0.57874,2444,0.0005399999999999849,0.0008799999999999919,9.999999999998899e-05,0.00024000000000001798,1,0.5784,0.6136363636363522,normal,0,0,False,False,True,0.0017099999999999893,0.51,False,True,0.0017099999999999893,0.51,False,True,0.0017099999999999893,0.51,1,2851.967997945666,0.86,False,,0,,-1,-1,-1,0,-1,-1,0,0.0,pullback_range,1,0.58314,0.57582,431,433,0.58314,0.57582,,430,0.58246,,96,0.55808,,0,0.58314,0.55808,SEEK_BREAKOUT,CONFIRMED,0,,-1,-1,0,1,430
2025-12-17 04:00:00+00:00,0.57875,0.57875,0.5775,0.5775,2341,0.0012499999999999734,0.0012499999999999734,0.0,0.0,-1,0.578125,1.0,maru,0,0,True,True,True,0.0017099999999999893,0.73,True,True,0.0017099999999999893,0.73,True,True,0.0017099999999999893,0.73,-1,2803.3043790936977,0.84,False,,0,,-1,-1,-1,1,538,4,1,0.0003300000000000525,pullback_range,1,0.58314,0.57582,431,433,0.58314,0.57582,,430,0.58246,,96,0.55808,,0,0.58314,0.55808,SEEK_BREAKOUT,CONFIRMED,0,,-1,-1,0,1,430
2025-12-17 05:00:00+00:00,0.57752,0.57763,0.57722,0.57756,2333,3.999999999992898e-05,0.00041000000000002146,7.00000000000145e-05,0.000300000000000078,1,0.577425,0.09756097560957777,pinbar,1,0,False,False,False,0.0017099999999999893,0.24,False,False,0.0017099999999999893,0.24,False,False,0.0017099999999999893,0.24,1,2758.513485846679,0.85,False,one_maru_opposite,-1,SUCCESS,534,535,-1,0,-1,-1,0,0.0,pullback_range,1,0.58314,0.57582,431,433,0.58314,0.57582,,430,0.58246,,96,0.55808,,0,0.58314,0.55808,SEEK_BREAKOUT,CONFIRMED,0,,-1,-1,0,1,430
2025-12-17 06:00:00+00:00,0.57756,0.57771,0.57692,0.57711,2834,0.00044999999999995044,0.0007899999999999574,0.00014999999999998348,0.00019000000000002348,-1,0.577315,0.5696202531645249,normal,0,0,False,False,False,0.0017099999999999893,0.46,False,False,0.0017099999999999893,0.46,False,False,0.0017099999999999893,0.46,-1,2765.702677670805,1.02,False,,0,,-1,-1,-1,1,538,2,0,0.0,pullback_range,1,0.58314,0.57582,431,433,0.58314,0.57582,,430,0.58246,,96,0.55808,,0,0.58314,0.55808,SEEK_BREAKOUT,CONFIRMED,0,,-1,-1,0,1,430
2025-12-17 07:00:00+00:00,0.5771,0.57736,0.57673,0.5772,4362,0.00010000000000010001,0.0006300000000000194,0.00015999999999993797,0.00036999999999998145,1,0.577045,0.15873015873031257,pinbar,1,0,False,False,False,0.0017099999999999893,0.37,False,False,0.0017099999999999893,0.37,False,False,0.0017099999999999893,0.37,1,2917.730994083109,1.49,True,,0,,-1,-1,-1,1,539,2,0,0.0,pullback_range,1,0.58314,0.57582,431,433,0.58314,0.57582,,430,0.58246,,96,0.55808,,0,0.58314,0.55808,SEEK_BREAKOUT,CONFIRMED,0,,-1,-1,0,1,430
2025-12-17 08:00:00+00:00,0.57718,0.57778,0.57686,0.5777,2922,0.0005199999999999649,0.0009199999999999209,7.999999999996898e-05,0.00031999999999998696,1,0.57732,0.5652173913043583,maru,0,0,True,False,True,0.0017099999999999893,0.54,False,True,0.0017099999999999893,0.54,False,True,0.0017099999999999893,0.54,1,2918.137566075194,1.0,False,,0,,-1,-1,-1,1,540,2,0,0.0,pullback_range,1,0.58314,0.57582,431,433,0.58314,0.57582,,430,0.58246,,96,0.55808,,0,0.58314,0.55808,SEEK_BREAKOUT,CONFIRMED,0,,-1,-1,0,1,430
2025-12-17 09:00:00+00:00,0.5777,0.5779,0.57705,0.57705,2953,0.0006500000000000394,0.0008500000000000174,0.00019999999999997797,0.0,-1,0.577475,0.7647058823529719,maru,0,0,True,False,True,0.0017099999999999893,0.5,False,True,0.0017099999999999893,0.5,False,True,0.0017099999999999893,0.5,-1,2921.457797877557,1.01,False,,0,,-1,-1,-1,1,541,2,0,0.0,pullback_range,1,0.58314,0.57582,431,433,0.58314,0.57582,,430,0.58246,,96,0.55808,,0,0.58314,0.55808,SEEK_BREAKOUT,CONFIRMED,0,,-1,-1,0,1,430
2025-12-17 10:00:00+00:00,0.57705,0.57782,0.57691,0.57774,2364,0.0006900000000000794,0.0009099999999999664,7.999999999996898e-05,0.00013999999999991797,1,0.577365,0.7582417582418736,maru,0,0,True,True,True,0.0012499999999999734,0.73,False,True,0.0017099999999999893,0.53,False,True,0.0017099999999999893,0.53,1,2868.3665790320756,0.82,False,,0,,-1,-1,-1,0,-1,-1,0,0.0,pullback_range,1,0.58314,0.57582,431,433,0.58314,0.57582,,430,0.58246,,96,0.55808,,0,0.58314,0.55808,SEEK_BREAKOUT,CONFIRMED,0,,-1,-1,0,1,430
2025-12-17 11:00:00+00:00,0.57774,0.57805,0.577,0.57734,2277,0.00040000000000006697,0.0010499999999999954,0.00030999999999992145,0.00034000000000000696,-1,0.577525,0.38095238095244643,pinbar,0,0,False,True,True,0.0012499999999999734,0.84,True,True,0.0012499999999999734,0.84,False,True,0.0017099999999999893,0.61,-1,2812.045952457592,0.81,False,,0,,-1,-1,-1,1,543,2,0,0.0,pullback_range,1,0.58314,0.57582,431,433,0.58314,0.57582,,430,0.58246,,96,0.55808,,0,0.58314,0.55808,SEEK_BREAKOUT,CONFIRMED,0,,-1,-1,0,1,430
2025-12-17 12:00:00+00:00,0.57735,0.57802,0.57735,0.57798,2241,0.0006300000000000194,0.0006699999999999484,3.999999999992898e-05,0.0,1,0.577685,0.940298507462788,maru,0,0,True,False,True,0.0012499999999999734,0.54,False,True,0.0012499999999999734,0.54,False,True,0.0012499999999999734,0.54,1,2757.6606236521075,0.81,False,,0,,-1,-1,-1,1,546,4,0,0.0,pullback_range,1,0.58314,0.57582,431,433,0.58314,0.57582,,430,0.58246,,96,0.55808,,0,0.58314,0.55808,SEEK_BREAKOUT,CONFIRMED,0,,-1,-1,0,1,430
2025-12-17 13:00:00+00:00,0.578,0.57805,0.57719,0.57793,3630,6.999999999990347e-05,0.0008599999999999719,4.999999999999449e-05,0.0007400000000000739,-1,0.57762,0.08139534883709972,pinbar,1,0,False,True,True,0.0012499999999999734,0.69,True,True,0.0012499999999999734,0.69,True,True,0.0012499999999999734,0.69,-1,2840.7405642566687,1.28,True,,0,,-1,-1,-1,1,546,3,0,0.0,pullback_range,1,0.58314,0.57582,431,433,0.58314,0.57582,,430,0.58246,,96,0.55808,,0,0.58314,0.55808,SEEK_BREAKOUT,CONFIRMED,0,,-1,-1,0,1,430
2025-12-17 14:00:00+00:00,0.57792,0.5788,0.57768,0.57855,4722,0.0006300000000000194,0.0011200000000000099,0.00024999999999997247,0.00024000000000001798,1,0.57824,0.5625000000000124,normal,0,0,False,True,True,0.0012499999999999734,0.9,True,True,0.0012499999999999734,0.9,True,True,0.0012499999999999734,0.9,1,3019.9081295655574,1.56,True,,0,,-1,-1,-1,0,-1,-1,0,0.0,pullback_range,1,0.58314,0.57582,431,433,0.58314,0.57582,,430,0.58246,,96,0.55808,,0,0.58314,0.55808,SEEK_BREAKOUT,CONFIRMED,0,,-1,-1,0,1,430
2025-12-17 15:00:00+00:00,0.57854,0.57943,0.57794,0.57836,5398,0.000180000000000069,0.0014899999999999913,0.0008899999999999464,0.00041999999999997595,-1,0.578685,0.12080536912756379,pinbar,-1,0,False,True,True,0.0012499999999999734,1.19,True,True,0.0012499999999999734,1.19,True,True,0.0012499999999999734,1.19,-1,3246.393069606933,1.66,True,,0,,-1,-1,-1,0,-1,-1,0,0.0,pullback_range,1,0.58314,0.57582,431,433,0.58314,0.57582,,430,0.58246,,96,0.55808,,0,0.58314,0.55808,SEEK_BREAKOUT,CONFIRMED,0,,-1,-1,0,1,430
2025-12-17 16:00:00+00:00,0.57836,0.579,0.57737,0.57758,5188,0.0007800000000000029,0.0016299999999999093,0.0006399999999999739,0.00020999999999993246,-1,0.578185,0.4785276073619916,normal,0,-1,False,True,True,0.0012499999999999734,1.3,True,True,0.0012499999999999734,1.3,True,True,0.0012499999999999734,1.3,-1,3431.3080153586534,1.51,True,,0,,-1,-1,-1,1,549,3,0,0.0,pullback_range,1,0.58314,0.57582,431,433,0.58314,0.57582,,430,0.58246,,96,0.55808,,0,0.58314,0.55808,SEEK_BREAKOUT,CONFIRMED,0,,-1,-1,0,1,430
2025-12-17 17:00:00+00:00,0.57758,0.57796,0.57742,0.57764,3434,6.0000000000060005e-05,0.0005399999999999849,0.00031999999999998696,0.00015999999999993797,1,0.57769,0.11111111111122533,pinbar,-1,0,False,False,False,0.0012499999999999734,0.43,False,False,0.0012499999999999734,0.43,False,False,0.0012499999999999734,0.43,1,3431.5643948483057,1.0,False,,0,,-1,-1,-1,1,549,2,0,0.0,pullback_range,1,0.58314,0.57582,431,433,0.58314,0.57582,,430,0.58246,,96,0.55808,,0,0.58314,0.55808,SEEK_BREAKOUT,CONFIRMED,0,,-1,-1,0,1,430
2025-12-17 18:00:00+00:00,0.57764,0.57821,0.5772,0.57733,1840,0.00031000000000003247,0.0010099999999999554,0.0005699999999999594,0.00012999999999996348,-1,0.577705,0.30693069306935267,pinbar,-1,0,False,True,True,0.0012499999999999734,0.81,True,True,0.0012499999999999734,0.81,True,True,0.0012499999999999734,0.81,-1,3279.9868334341813,0.56,False,,0,,-1,-1,-1,1,550,2,0,0.0,pullback_range,1,0.58314,0.57582,431,433,0.58314,0.57582,,430,0.58246,,96,0.55808,,0,0.58314,0.55808,SEEK_BREAKOUT,CONFIRMED,0,,-1,-1,0,1,430
2025-12-17 19:00:00+00:00,0.57734,0.57788,0.57731,0.5776,2043,0.000260000000000038,0.0005699999999999594,0.00027999999999994696,2.999999999997449e-05,1,0.577595,0.4561403508772921,normal,0,-1,False,False,False,0.0012499999999999734,0.46,False,False,0.0012499999999999734,0.46,False,False,0.0012499999999999734,0.46,1,3162.1785635833066,0.65,False,,0,,-1,-1,-1,1,551,2,0,0.0,pullback_range,1,0.58314,0.57582,431,433,0.58314,0.57582,,430,0.58246,,96,0.55808,,0,0.58314,0.55808,SEEK_BREAKOUT,CONFIRMED,0,,-1,-1,0,1,430
2025-12-17 20:00:00+00:00,0.57759,0.5782,0.57752,0.5776,2026,9.99999999995449e-06,0.0006800000000000139,0.0006000000000000449,7.00000000000145e-05,1,0.57786,0.014705882352873949,pinbar,-1,0,False,False,True,0.0012499999999999734,0.54,False,True,0.0012499999999999734,0.54,False,True,0.0012499999999999734,0.54,0,3053.971081337277,0.66,False,,0,,-1,-1,-1,0,-1,-1,0,0.0,pullback_range,1,0.58314,0.57582,431,433,0.58314,0.57582,,430,0.58246,,96,0.55808,,0,0.58314,0.55808,SEEK_BREAKOUT,CONFIRMED,0,,-1,-1,0,1,430
2025-12-17 21:00:00+00:00,0.5776,0.57844,0.57738,0.57739,1458,0.00021000000000004349,0.0010599999999999499,0.0008399999999999519,9.99999999995449e-06,-1,0.5779099999999999,0.1981132075472202,pinbar,-1,0,False,True,True,0.0012499999999999734,0.85,True,True,0.0012499999999999734,0.85,True,True,0.0012499999999999734,0.85,-1,2901.9738354956316,0.5,False,,0,,-1,-1,-1,0,-1,-1,0,0.0,pullback_range,1,0.58314,0.57582,431,433,0.58314,0.57582,,430,0.58246,,96,0.55808,,0,0.58314,0.55808,SEEK_BREAKOUT,CONFIRMED,0,,-1,-1,0,1,430
2025-12-17 22:00:00+00:00,0.57736,0.5779,0.57704,0.57706,2012,0.00029999999999996696,0.0008599999999999719,0.0005399999999999849,2.0000000000020002e-05,-1,0.5774699999999999,0.34883720930229856,pinbar,-1,0,False,True,True,0.0012499999999999734,0.69,True,True,0.0012499999999999734,0.69,True,True,0.0012499999999999734,0.69,-1,2817.2144225912857,0.71,False,,0,,-1,-1,-1,0,-1,-1,1,4.0000000000040004e-05,pullback_range,1,0.58314,0.57582,431,433,0.58314,0.57582,,430,0.58246,,96,0.55808,,0,0.58314,0.55808,SEEK_BREAKOUT,CONFIRMED,0,,-1,-1,0,1,430
2025-12-17 23:00:00+00:00,0.57707,0.57734,0.57689,0.57691,1107,0.00015999999999993797,0.00044999999999995044,0.00026999999999999247,2.0000000000020002e-05,-1,0.577115,0.35555555555545687,pinbar,-1,0,False,False,False,0.0012499999999999734,0.36,False,False,0.0012499999999999734,0.36,False,False,0.0012499999999999734,0.36,-1,2654.336858534973,0.42,False,,0,,-1,-1,-1,0,-1,-1,0,0.0,pullback_range,1,0.58314,0.57582,431,433,0.58314,0.57582,,430,0.58246,,96,0.55808,,0,0.58314,0.55808,SEEK_BREAKOUT,CONFIRMED,0,,-1,-1,0,1,430
2025-12-18 00:00:00+00:00,0.57694,0.5771,0.57628,0.57668,2098,0.000260000000000038,0.0008199999999999319,0.00015999999999993797,0.00039999999999995595,-1,0.5766899999999999,0.31707317073178,pinbar,0,0,False,True,True,0.0012499999999999734,0.66,True,True,0.0012499999999999734,0.66,True,True,0.0012499999999999734,0.66,-1,2601.352395817357,0.81,False,,0,,-1,-1,-1,1,556,2,0,0.0,pullback_range,1,0.58314,0.57582,431,433,0.58314,0.57582,,430,0.58246,,96,0.55808,,0,0.58314,0.55808,SEEK_BREAKOUT,CONFIRMED,0,,-1,-1,0,1,430
2025-12-18 01:00:00+00:00,0.57667,0.57704,0.57608,0.57646,3184,0.00021000000000004349,0.0009599999999999609,0.00036999999999998145,0.00037999999999993594,-1,0.57656,0.2187500000000542,pinbar,0,0,False,True,True,0.0012499999999999734,0.77,True,True,0.0012499999999999734,0.77,True,True,0.0012499999999999734,0.77,-1,2656.8426438347515,1.2,True,,0,,-1,-1,-1,1,558,3,0,0.0,pullback_range,1,0.58314,0.57582,431,433,0.58314,0.57582,,430,0.58246,,96,0.55808,,0,0.58314,0.55808,SEEK_BREAKOUT,CONFIRMED,0,,-1,-1,0,1,430
2025-12-18 02:00:00+00:00,0.57648,0.57707,0.57635,0.57652,3015,4.0000000000040004e-05,0.0007199999999999429,0.0005499999999999394,0.00012999999999996348,1,0.5767100000000001,0.05555555555561552,pinbar,-1,0,False,False,True,0.0012499999999999734,0.58,False,True,0.0012499999999999734,0.58,False,True,0.0012499999999999734,0.58,1,2690.952868231442,1.12,False,,0,,-1,-1,-1,1,559,3,0,0.0,pullback_range,1,0.58314,0.57582,431,433,0.58314,0.57582,,430,0.58246,,96,0.55808,,0,0.58314,0.55808,SEEK_BREAKOUT,CONFIRMED,0,,-1,-1,0,1,430
2025-12-18 03:00:00+00:00,0.57651,0.57676,0.57546,0.5756,2003,0.0009099999999999664,0.0013000000000000789,0.0002500000000000835,0.000140000000000029,-1,0.57611,0.6999999999999317,maru,0,0,False,True,True,0.0012499999999999734,1.04,True,True,0.0012499999999999734,1.04,True,True,0.0012499999999999734,1.04,-1,2625.433547447495,0.76,False,,0,,-1,-1,-1,1,559,2,1,0.0002300000000000635,pullback,1,0.58314,0.57546,431,433,0.58314,0.57546,0.24175824175824845,430,0.58246,,96,0.55808,,0,0.58314,0.55808,SEEK_BREAKOUT,CONFIRMED,0,,-1,-1,0,1,430
2025-12-18 04:00:00+00:00,0.57559,0.57612,0.57558,0.57612,1467,0.0005299999999999194,0.0005399999999999849,0.0,1.0000000000065512e-05,1,0.57585,0.9814814814813596,maru,0,0,True,False,False,0.0013000000000000789,0.42,False,False,0.0012499999999999734,0.43,False,False,0.0012499999999999734,0.43,1,2515.106542928686,0.58,False,,0,,-1,-1,-1,0,-1,-1,0,0.0,pullback_range,1,0.58314,0.57546,431,433,0.58314,0.57546,,430,0.58246,,96,0.55808,,0,0.58314,0.55808,SEEK_BREAKOUT,CONFIRMED,0,,-1,-1,0,1,430
2025-12-18 05:00:00+00:00,0.57615,0.5766,0.57606,0.57644,2108,0.00028999999999990145,0.0005399999999999849,0.000160000000000049,9.00000000000345e-05,1,0.57633,0.5370370370368696,normal,0,0,False,False,False,0.0013000000000000789,0.42,False,False,0.0013000000000000789,0.42,False,False,0.0012499999999999734,0.43,1,2476.334491221192,0.85,False,,0,,-1,-1,-1,1,561,2,0,0.0,pullback_range,1,0.58314,0.57546,431,433,0.58314,0.57546,,430,0.58246,,96,0.55808,,0,0.58314,0.55808,SEEK_BREAKOUT,CONFIRMED,0,,-1,-1,0,1,430
2025-12-18 06:00:00+00:00,0.57644,0.57655,0.57585,0.5762,2293,0.00023999999999990695,0.0007000000000000339,0.0001100000000000545,0.0003500000000000725,-1,0.5762,0.3428571428569933,pinbar,1,0,False,False,True,0.0013000000000000789,0.54,False,True,0.0013000000000000789,0.54,False,True,0.0013000000000000789,0.54,-1,2458.8740634858405,0.93,False,,0,,-1,-1,-1,1,562,2,0,0.0,pullback_range,1,0.58314,0.57546,431,433,0.58314,0.57546,,430,0.58246,,96,0.55808,,0,0.58314,0.55808,SEEK_BREAKOUT,CONFIRMED,0,,-1,-1,0,1,430
2025-12-18 07:00:00+00:00,0.57618,0.57682,0.57617,0.5764,3289,0.00021999999999999797,0.0006500000000000394,0.00041999999999997595,1.0000000000065512e-05,1,0.576495,0.33846153846151483,pinbar,-1,0,False,False,True,0.0013000000000000789,0.5,False,True,0.0013000000000000789,0.5,False,True,0.0013000000000000789,0.5,1,2537.933676487189,1.3,True,,0,,-1,-1,-1,1,563,2,0,0.0,pullback_range,1,0.58314,0.57546,431,433,0.58314,0.57546,,430,0.58246,,96,0.55808,,0,0.58314,0.55808,SEEK_BREAKOUT,CONFIRMED,0,,-1,-1,0,1,430
2025-12-18 08:00:00+00:00,0.57639,0.57666,0.57603,0.5764,2957,1.0000000000065512e-05,0.0006299999999999084,0.00025999999999992696,0.00035999999999991594,1,0.576345,0.01587301587312217,pinbar,1,0,False,False,False,0.0013000000000000789,0.48,False,False,0.0013000000000000789,0.48,False,False,0.0013000000000000789,0.48,0,2577.844754916981,1.15,False,,0,,-1,-1,-1,1,565,3,0,0.0,pullback_range,1,0.58314,0.57546,431,433,0.58314,0.57546,,430,0.58246,,96,0.55808,,0,0.58314,0.55808,SEEK_BREAKOUT,CONFIRMED,0,,-1,-1,0,1,430
2025-12-18 09:00:00+00:00,0.5764,0.57648,0.57586,0.57635,2935,4.999999999999449e-05,0.0006199999999999539,7.999999999996898e-05,0.0004899999999999904,-1,0.5761700000000001,0.08064516129031969,pinbar,1,0,False,False,False,0.0013000000000000789,0.48,False,False,0.0013000000000000789,0.48,False,False,0.0013000000000000789,0.48,-1,2611.8595401629827,1.12,False,,0,,-1,-1,-1,1,566,3,0,0.0,pullback_range,1,0.58314,0.57546,431,433,0.58314,0.57546,,430,0.58246,,96,0.55808,,0,0.58314,0.55808,SEEK_BREAKOUT,CONFIRMED,0,,-1,-1,0,1,430
2025-12-18 10:00:00+00:00,0.57634,0.57688,0.5763,0.5767,1806,0.00036000000000002697,0.0005799999999999139,0.00017999999999995797,3.999999999992898e-05,1,0.5765899999999999,0.6206896551725524,normal,0,-1,False,False,False,0.0013000000000000789,0.45,False,False,0.0013000000000000789,0.45,False,False,0.0013000000000000789,0.45,1,2535.111012528413,0.71,False,,0,,-1,-1,-1,1,566,2,0,0.0,pullback_range,1,0.58314,0.57546,431,433,0.58314,0.57546,,430,0.58246,,96,0.55808,,0,0.58314,0.55808,SEEK_BREAKOUT,CONFIRMED,0,,-1,-1,0,1,430
2025-12-18 11:00:00+00:00,0.57669,0.57681,0.57646,0.57664,1701,4.999999999999449e-05,0.0003500000000000725,0.00012000000000000899,0.000180000000000069,-1,0.576635,0.14285714285709755,pinbar,1,0,False,False,False,0.0013000000000000789,0.27,False,False,0.0013000000000000789,0.27,False,False,0.0013000000000000789,0.27,-1,2455.671868478088,0.69,False,,0,,-1,-1,-1,0,-1,-1,0,0.0,pullback_range,1,0.58314,0.57546,431,433,0.58314,0.57546,,430,0.58246,,96,0.55808,,0,0.58314,0.55808,SEEK_BREAKOUT,CONFIRMED,0,,-1,-1,0,1,430
2025-12-18 12:00:00+00:00,0.57662,0.57704,0.5761,0.57638,2969,0.00024000000000001798,0.0009400000000000519,0.00041999999999997595,0.000280000000000058,-1,0.57657,0.25531914893617524,pinbar,0,0,False,True,True,0.0013000000000000789,0.72,True,True,0.0013000000000000789,0.72,True,True,0.0013000000000000789,0.72,-1,2504.560261956365,1.19,False,,0,,-1,-1,-1,0,-1,-1,0,0.0,pullback_range,1,0.58314,0.57546,431,433,0.58314,0.57546,,430,0.58246,,96,0.55808,,0,0.58314,0.55808,SEEK_BREAKOUT,CONFIRMED,0,,-1,-1,0,1,430
2025-12-18 13:00:00+00:00,0.5764,0.57884,0.57623,0.57798,7257,0.0015800000000000258,0.002610000000000001,0.0008599999999999719,0.00017000000000000348,1,0.577535,0.6053639846743392,normal,0,-1,False,True,True,0.0013000000000000789,2.01,True,True,0.0013000000000000789,2.01,True,True,0.0013000000000000789,2.01,1,2957.1735703414734,2.45,True,,0,,-1,-1,-1,1,569,2,1,0.00043999999999999595,pullback_range,1,0.58314,0.57546,431,433,0.58314,0.57546,,430,0.58246,,96,0.55808,,0,0.58314,0.55808,SEEK_BREAKOUT,CONFIRMED,0,,-1,-1,0,1,430
2025-12-18 14:00:00+00:00,0.57796,0.57875,0.57748,0.57786,7004,9.999999999998899e-05,0.0012699999999999934,0.0007899999999999574,0.00038000000000004697,-1,0.5781149999999999,0.0787401574803067,pinbar,-1,0,False,True,True,0.0013000000000000789,0.98,True,True,0.0013000000000000789,0.98,True,True,0.0013000000000000789,0.98,-1,3342.585611261333,2.1,True,,0,,-1,-1,-1,1,570,2,0,0.0,pullback_range,1,0.58314,0.57546,431,433,0.58314,0.57546,,430,0.58246,,96,0.55808,,0,0.58314,0.55808,SEEK_BREAKOUT,CONFIRMED,0,,-1,-1,0,1,430
2025-12-18 15:00:00+00:00,0.57786,0.57822,0.57696,0.57779,5679,7.00000000000145e-05,0.0012599999999999278,0.00035999999999991594,0.0008299999999999974,-1,0.57759,0.05555555555557024,pinbar,1,0,False,True,True,0.0013000000000000789,0.97,True,True,0.0013000000000000789,0.97,True,True,0.0013000000000000789,0.97,-1,3565.101267331682,1.59,True,,0,,-1,-1,-1,1,571,2,0,0.0,pullback_range,1,0.58314,0.57546,431,433,0.58314,0.57546,,430,0.58246,,96,0.55808,,0,0.58314,0.55808,SEEK_BREAKOUT,CONFIRMED,0,,-1,-1,0,1,430
2025-12-18 16:00:00+00:00,0.57778,0.57872,0.57771,0.57792,4269,0.000140000000000029,0.0010100000000000664,0.0008000000000000229,7.00000000000145e-05,1,0.5782149999999999,0.1386138613861582,pinbar,-1,0,False,True,True,0.0013000000000000789,0.78,True,True,0.0013000000000000789,0.78,True,True,0.0013000000000000789,0.78,1,3632.1392418715213,1.18,False,,0,,-1,-1,-1,0,-1,-1,0,0.0,pullback_range,1,0.58314,0.57546,431,433,0.58314,0.57546,,430,0.58246,,96,0.55808,,0,0.58314,0.55808,SEEK_BREAKOUT,CONFIRMED,0,,-1,-1,0,1,430
2025-12-18 17:00:00+00:00,0.57792,0.57799,0.57664,0.57735,4908,0.0005699999999999594,0.0013499999999999623,7.00000000000145e-05,0.0007099999999999884,-1,0.577315,0.42222222222220396,normal,0,1,False,True,True,0.0013000000000000789,1.04,True,True,0.0013000000000000789,1.04,True,True,0.0013000000000000789,1.04,-1,3753.6497902647097,1.31,True,,0,,-1,-1,-1,1,573,2,1,9.99999999995449e-06,pullback_range,1,0.58314,0.57546,431,433,0.58314,0.57546,,430,0.58246,,96,0.55808,,0,0.58314,0.55808,SEEK_BREAKOUT,CONFIRMED,0,,-1,-1,0,1,430
2025-12-18 18:00:00+00:00,0.57735,0.5777,0.57712,0.57742,1858,7.00000000000145e-05,0.0005800000000000249,0.00027999999999994696,0.0002300000000000635,1,0.57741,0.12068965517243359,pinbar,0,0,False,False,False,0.0013000000000000789,0.45,False,False,0.0013000000000000789,0.45,False,False,0.0013000000000000789,0.45,1,3573.111715001404,0.52,False,,0,,-1,-1,-1,1,574,2,0,0.0,pullback_range,1,0.58314,0.57546,431,433,0.58314,0.57546,,430,0.58246,,96,0.55808,,0,0.58314,0.55808,SEEK_BREAKOUT,CONFIRMED,0,,-1,-1,0,1,430
2025-12-18 19:00:00+00:00,0.57742,0.57754,0.57716,0.57726,2546,0.000160000000000049,0.00038000000000004697,0.00012000000000000899,9.999999999998899e-05,-1,0.57735,0.42105263157902423,normal,0,0,False,False,False,0.0013000000000000789,0.29,False,False,0.0013000000000000789,0.29,False,False,0.0013000000000000789,0.29,-1,3475.291551667937,0.73,False,,0,,-1,-1,-1,1,576,3,0,0.0,pullback_range,1,0.58314,0.57546,431,433,0.58314,0.57546,,430,0.58246,,96,0.55808,,0,0.58314,0.55808,SEEK_BREAKOUT,CONFIRMED,0,,-1,-1,0,1,430
2025-12-18 20:00:00+00:00,0.57722,0.57751,0.5771,0.57724,1207,2.0000000000020002e-05,0.00041000000000002146,0.00026999999999999247,0.00012000000000000899,1,0.577305,0.04878048780492428,pinbar,-1,0,False,False,False,0.0013000000000000789,0.32,False,False,0.0013000000000000789,0.32,False,False,0.0013000000000000789,0.32,-1,3259.2637848424188,0.37,False,,0,,-1,-1,-1,1,576,2,0,0.0,pullback_range,1,0.58314,0.57546,431,433,0.58314,0.57546,,430,0.58246,,96,0.55808,,0,0.58314,0.55808,SEEK_BREAKOUT,CONFIRMED,0,,-1,-1,0,1,430
2025-12-18 21:00:00+00:00,0.57722,0.5776,0.57722,0.57756,629,0.00034000000000000696,0.00038000000000004697,4.0000000000040004e-05,0.0,1,0.57741,0.8947368421051709,maru,0,0,False,False,False,0.0013000000000000789,0.29,False,False,0.0013000000000000789,0.29,False,False,0.0013000000000000789,0.29,1,3008.7624720002837,0.21,False,,0,,-1,-1,-1,1,577,2,0,0.0,pullback_range,1,0.58314,0.57546,431,433,0.58314,0.57546,,430,0.58246,,96,0.55808,,0,0.58314,0.55808,SEEK_BREAKOUT,CONFIRMED,0,,-1,-1,0,1,430
2025-12-18 22:00:00+00:00,0.5772,0.57748,0.57706,0.5773,733,9.999999999998899e-05,0.00041999999999997595,0.00017999999999995797,0.000140000000000029,1,0.57727,0.2380952380952255,pinbar,0,0,False,False,False,0.0013000000000000789,0.32,False,False,0.0013000000000000789,0.32,False,False,0.0013000000000000789,0.32,-1,2792.0231889526376,0.26,False,,0,,-1,-1,-1,1,579,3,0,0.0,pullback_range,1,0.58314,0.57546,431,433,0.58314,0.57546,,430,0.58246,,96,0.55808,,0,0.58314,0.55808,SEEK_BREAKOUT,CONFIRMED,0,,-1,-1,0,1,430
2025-12-18 23:00:00+00:00,0.57728,0.57774,0.57726,0.5775,727,0.00021999999999999797,0.00048000000000003595,0.00024000000000001798,2.0000000000020002e-05,1,0.5775,0.4583333333332948,normal,0,-1,False,False,False,0.0013000000000000789,0.37,False,False,0.0013000000000000789,0.37,False,False,0.0013000000000000789,0.37,1,2595.3543138142913,0.28,False,,0,,-1,-1,-1,0,-1,-1,0,0.0,pullback_range,1,0.58314,0.57546,431,433,0.58314,0.57546,,430,0.58246,,96,0.55808,,0,0.58314,0.55808,SEEK_BREAKOUT,CONFIRMED,0,,-1,-1,0,1,430
2025-12-19 00:00:00+00:00,0.57749,0.57826,0.57706,0.57807,2661,0.0005800000000000249,0.0011999999999999789,0.00019000000000002348,0.00042999999999993044,1,0.5776600000000001,0.48333333333336265,normal,0,0,False,True,True,0.0013000000000000789,0.92,True,True,0.0013000000000000789,0.92,True,True,0.0013000000000000789,0.92,1,2601.6062839272163,1.02,False,,0,,-1,-1,-1,0,-1,-1,0,0.0,pullback_range,1,0.58314,0.57546,431,433,0.58314,0.57546,,430,0.58246,,96,0.55808,,0,0.58314,0.55808,SEEK_BREAKOUT,CONFIRMED,0,,-1,-1,0,1,430
2025-12-19 01:00:00+00:00,0.57809,0.57834,0.57709,0.57724,3099,0.0008500000000000174,0.0012499999999999734,0.00024999999999997247,0.00014999999999998348,-1,0.577715,0.6800000000000285,maru,0,0,False,True,True,0.0013000000000000789,0.96,True,True,0.0013000000000000789,0.96,True,True,0.0013000000000000789,0.96,-1,2648.977114029386,1.17,False,,0,,-1,-1,-1,0,-1,-1,0,0.0,pullback_range,1,0.58314,0.57546,431,433,0.58314,0.57546,,430,0.58246,,96,0.55808,,0,0.58314,0.55808,SEEK_BREAKOUT,CONFIRMED,0,,-1,-1,0,1,430
2025-12-19 02:00:00+00:00,0.57722,0.57756,0.57664,0.57678,2384,0.00043999999999999595,0.0009199999999999209,0.00034000000000000696,0.00013999999999991797,-1,0.5771,0.4782608695652541,normal,0,-1,False,True,True,0.0013000000000000789,0.71,True,True,0.0013000000000000789,0.71,True,True,0.0013000000000000789,0.71,-1,2623.7411984075397,0.91,False,one_maru_continuous,-1,SUCCESS,579,580,-1,0,-1,-1,1,0.00010999999999994348,pullback_range,1,0.58314,0.57546,431,433,0.58314,0.57546,,430,0.58246,,96,0.55808,,0,0.58314,0.55808,SEEK_BREAKOUT,CONFIRMED,0,,-1,-1,0,1,430
2025-12-19 03:00:00+00:00,0.5768,0.57698,0.57644,0.57648,3231,0.00031999999999998696,0.000540000000000096,0.000180000000000069,4.0000000000040004e-05,-1,0.5767100000000001,0.5925925925924631,maru,0,0,True,False,False,0.0013000000000000789,0.42,False,False,0.0013000000000000789,0.42,False,False,0.0013000000000000789,0.42,-1,2681.575369987774,1.2,True,,0,,-1,-1,-1,0,-1,-1,1,4.0000000000040004e-05,pullback_range,1,0.58314,0.57546,431,433,0.58314,0.57546,,430,0.58246,,96,0.55808,,0,0.58314,0.55808,SEEK_BREAKOUT,CONFIRMED,0,,-1,-1,0,1,430
2025-12-19 04:00:00+00:00,0.57648,0.5766,0.57594,0.57621,1596,0.00026999999999999247,0.0006599999999999939,0.00012000000000000899,0.00026999999999999247,-1,0.5762700000000001,0.40909090909090146,normal,0,1,False,False,True,0.0013000000000000789,0.51,False,True,0.0013000000000000789,0.51,False,True,0.0013000000000000789,0.51,-1,2578.187239512748,0.62,False,,0,,-1,-1,-1,1,584,2,1,0.00017999999999995797,pullback_range,1,0.58314,0.57546,431,433,0.58314,0.57546,,430,0.58246,,96,0.55808,,0,0.58314,0.55808,SEEK_BREAKOUT,CONFIRMED,0,,-1,-1,0,1,430
2025-12-19 05:00:00+00:00,0.57621,0.57626,0.57584,0.57586,1585,0.00034999999999996145,0.00041999999999997595,4.999999999999449e-05,2.0000000000020002e-05,-1,0.57605,0.8333333333332893,maru,0,0,True,False,False,0.0013000000000000789,0.32,False,False,0.0013000000000000789,0.32,False,False,0.0013000000000000789,0.32,-1,2483.597978606772,0.64,False,one_maru_continuous,-1,CONFIRMED,581,582,583,0,-1,-1,0,0.0,pullback_range,1,0.58314,0.57546,431,433,0.58314,0.57546,,430,0.58246,,96,0.55808,,0,0.58314,0.55808,SEEK_BREAKOUT,CONFIRMED,0,,-1,-1,0,1,430
2025-12-19 06:00:00+00:00,0.57586,0.57637,0.57561,0.576,2614,0.00013999999999991797,0.0007600000000000939,0.0003700000000000925,0.0002500000000000835,1,0.57599,0.18421052631565876,pinbar,0,0,False,False,True,0.0012499999999999734,0.61,False,True,0.0013000000000000789,0.58,False,True,0.0013000000000000789,0.58,1,2496.01721873946,1.05,False,,0,,-1,-1,-1,0,-1,-1,0,0.0,pullback_range,1,0.58314,0.57546,431,433,0.58314,0.57546,,430,0.58246,,96,0.55808,,0,0.58314,0.55808,SEEK_BREAKOUT,CONFIRMED,0,,-1,-1,0,1,430
2025-12-19 07:00:00+00:00,0.576,0.57622,0.57449,0.57472,3452,0.0012799999999999478,0.0017300000000000093,0.00021999999999999797,0.0002300000000000635,-1,0.575355,0.7398843930635497,maru,0,0,False,True,True,0.0012499999999999734,1.38,True,True,0.0012499999999999734,1.38,True,True,0.0013000000000000789,1.33,-1,2587.0631979071304,1.33,True,,0,,-1,-1,-1,1,587,2,1,0.00030999999999992145,pullback,1,0.58314,0.57449,431,433,0.58314,0.57449,0.5781249999999946,430,0.58246,,96,0.55808,,0,0.58314,0.55808,SEEK_BREAKOUT,CONFIRMED,0,,-1,-1,0,1,430
2025-12-19 08:00:00+00:00,0.57471,0.5753,0.57454,0.57494,2947,0.00022999999999995246,0.0007599999999999829,0.00036000000000002697,0.00017000000000000348,1,0.5749200000000001,0.3026315789473127,pinbar,0,0,False,False,False,0.0017300000000000093,0.44,False,True,0.0012499999999999734,0.61,False,True,0.0012499999999999734,0.61,1,2621.3428933445466,1.12,False,,0,,-1,-1,-1,1,588,2,0,0.0,pullback_range,1,0.58314,0.57449,431,433,0.58314,0.57449,,430,0.58246,,96,0.55808,,0,0.58314,0.55808,SEEK_BREAKOUT,CONFIRMED,0,,-1,-1,0,1,430
2025-12-19 09:00:00+00:00,0.57494,0.57522,0.57454,0.57488,2591,6.0000000000060005e-05,0.0006799999999999029,0.00027999999999994696,0.00033999999999989594,-1,0.5748800000000001,0.0882352941177479,pinbar,0,0,False,False,False,0.0017300000000000093,0.39,False,False,0.0017300000000000093,0.39,False,True,0.0012499999999999734,0.54,-1,2618.453093978399,0.99,False,,0,,-1,-1,-1,1,589,2,0,0.0,pullback_range,1,0.58314,0.57449,431,433,0.58314,0.57449,,430,0.58246,,96,0.55808,,0,0.58314,0.55808,SEEK_BREAKOUT,CONFIRMED,0,,-1,-1,0,1,430
2025-12-19 10:00:00+00:00,0.57487,0.57508,0.57461,0.57502,2551,0.00014999999999998348,0.00047000000000008146,6.0000000000060005e-05,0.000260000000000038,1,0.574845,0.3191489361701223,pinbar,1,0,False,False,False,0.0017300000000000093,0.27,False,False,0.0017300000000000093,0.27,False,False,0.0017300000000000093,0.27,1,2612.0289897899797,0.98,False,,0,,-1,-1,-1,0,-1,-1,0,0.0,pullback_range,1,0.58314,0.57449,431,433,0.58314,0.57449,,430,0.58246,,96,0.55808,,0,0.58314,0.55808,SEEK_BREAKOUT,CONFIRMED,0,,-1,-1,0,1,430
2025-12-19 11:00:00+00:00,0.575,0.57504,0.57435,0.57458,1977,0.00041999999999997595,0.0006899999999999684,4.0000000000040004e-05,0.00022999999999995246,-1,0.574695,0.6086956521739061,normal,0,1,False,False,False,0.0017300000000000093,0.4,False,False,0.0017300000000000093,0.4,False,False,0.0017300000000000093,0.4,-1,2551.55003838141,0.77,False,,0,,-1,-1,-1,1,591,2,0,0.0,pullback,1,0.58314,0.57435,431,433,0.58314,0.57435,,430,0.58246,,96,0.55808,,0,0.58314,0.55808,SEEK_BREAKOUT,CONFIRMED,0,,-1,-1,0,1,430
2025-12-19 12:00:00+00:00,0.57456,0.57462,0.57412,0.57412,1965,0.00043999999999999595,0.000500000000000056,6.0000000000060005e-05,0.0,-1,0.57437,0.8799999999998934,maru,0,0,True,False,False,0.0017300000000000093,0.29,False,False,0.0017300000000000093,0.29,False,False,0.0017300000000000093,0.29,-1,2495.688129964133,0.79,False,one_maru_opposite,-1,CONFIRMED,585,586,590,0,-1,-1,0,0.0,pullback,1,0.58314,0.57412,431,433,0.58314,0.57412,0.5227272727274218,430,0.58246,,96,0.55808,,0,0.58314,0.55808,SEEK_BREAKOUT,CONFIRMED,0,,-1,-1,0,1,430
2025-12-19 13:00:00+00:00,0.57414,0.57454,0.5736,0.57452,2751,0.00038000000000004697,0.0009400000000000519,2.0000000000020002e-05,0.0005399999999999849,1,0.5740700000000001,0.4042553191489638,normal,0,1,False,False,True,0.0017300000000000093,0.54,False,True,0.0017300000000000093,0.54,False,True,0.0017300000000000093,0.54,1,2520.003546158025,1.09,False,,0,,-1,-1,-1,0,-1,-1,0,0.0,pullback,1,0.58314,0.5736,431,433,0.58314,0.5736,,430,0.58246,,96,0.55808,,0,0.58314,0.55808,SEEK_BREAKOUT,CONFIRMED,0,,-1,-1,0,1,430
2025-12-19 14:00:00+00:00,0.57454,0.5758,0.57446,0.57568,4836,0.0011399999999999189,0.0013400000000000079,0.00012000000000000899,8.000000000008001e-05,1,0.5751299999999999,0.8507462686566509,maru,0,0,True,True,True,0.0017300000000000093,0.77,True,True,0.0017300000000000093,0.77,True,True,0.0017300000000000093,0.77,1,2740.574637000118,1.76,True,,0,,-1,-1,-1,0,-1,-1,1,0.00028999999999990145,pullback_range,1,0.58314,0.5736,431,433,0.58314,0.5736,,430,0.58246,,96,0.55808,,0,0.58314,0.55808,SEEK_BREAKOUT,CONFIRMED,0,,-1,-1,0,1,430
2025-12-19 15:00:00+00:00,0.57564,0.57601,0.57483,0.57522,4365,0.00042000000000008697,0.0011800000000000699,0.00036999999999998145,0.00039000000000000146,-1,0.57542,0.35593220338988313,pinbar,0,0,False,True,True,0.0017300000000000093,0.68,True,True,0.0017300000000000093,0.68,True,True,0.0017300000000000093,0.68,-1,2895.2818144286784,1.51,True,,0,,-1,-1,-1,1,595,2,0,0.0,pullback_range,1,0.58314,0.5736,431,433,0.58314,0.5736,,430,0.58246,,96,0.55808,,0,0.58314,0.55808,SEEK_BREAKOUT,CONFIRMED,0,,-1,-1,0,1,430
2025-12-19 16:00:00+00:00,0.57522,0.57601,0.57515,0.5759,3267,0.0006800000000000139,0.0008599999999999719,0.0001100000000000545,6.999999999990347e-05,1,0.57558,0.7906976744186467,maru,0,0,False,False,True,0.0017300000000000093,0.5,False,True,0.0017300000000000093,0.5,False,True,0.0017300000000000093,0.5,1,2930.6835463878515,1.11,False,,0,,-1,-1,-1,1,598,4,0,0.0,pullback_range,1,0.58314,0.5736,431,433,0.58314,0.5736,,430,0.58246,,96,0.55808,,0,0.58314,0.55808,SEEK_BREAKOUT,CONFIRMED,0,,-1,-1,0,1,430
2025-12-19 17:00:00+00:00,0.5759,0.5761,0.57556,0.57594,2263,4.0000000000040004e-05,0.0005399999999999849,0.00015999999999993797,0.00034000000000000696,1,0.57583,0.07407407407415022,pinbar,1,0,False,False,False,0.0017300000000000093,0.31,False,False,0.0017300000000000093,0.31,False,False,0.0017300000000000093,0.31,1,2867.094637208056,0.79,False,,0,,-1,-1,-1,1,598,3,0,0.0,pullback_range,1,0.58314,0.5736,431,433,0.58314,0.5736,,430,0.58246,,96,0.55808,,0,0.58314,0.55808,SEEK_BREAKOUT,CONFIRMED,0,,-1,-1,0,1,430
2025-12-19 18:00:00+00:00,0.57594,0.57657,0.57592,0.57615,1663,0.00021000000000004349,0.0006500000000000394,0.00041999999999997595,2.0000000000020002e-05,1,0.576245,0.3230769230769704,pinbar,-1,0,False,False,False,0.0017300000000000093,0.38,False,False,0.0017300000000000093,0.38,False,False,0.0017300000000000093,0.38,1,2752.4189574739553,0.6,False,,0,,-1,-1,-1,0,-1,-1,0,0.0,pullback_range,1,0.58314,0.5736,431,433,0.58314,0.5736,,430,0.58246,,96,0.55808,,0,0.58314,0.55808,SEEK_BREAKOUT,CONFIRMED,0,,-1,-1,0,1,430
2025-12-19 19:00:00+00:00,0.57614,0.57648,0.57606,0.57644,1244,0.00029999999999996696,0.00041999999999997595,4.0000000000040004e-05,7.999999999996898e-05,1,0.5762700000000001,0.7142857142856766,maru,0,0,True,False,False,0.0017300000000000093,0.24,False,False,0.0017300000000000093,0.24,False,False,0.0017300000000000093,0.24,1,2608.7600091431023,0.48,False,,0,,-1,-1,-1,1,602,5,0,0.0,pullback_range,1,0.58314,0.5736,431,433,0.58314,0.5736,,430,0.58246,,96,0.55808,,0,0.58314,0.55808,SEEK_BREAKOUT,CONFIRMED,0,,-1,-1,0,1,430
2025-12-19 20:00:00+00:00,0.57642,0.57654,0.57558,0.57581,739,0.0006099999999999994,0.0009600000000000719,0.00012000000000000899,0.0002300000000000635,-1,0.57606,0.6354166666666184,normal,0,0,False,False,True,0.0017300000000000093,0.55,False,True,0.0017300000000000093,0.55,False,True,0.0017300000000000093,0.55,-1,2430.6876273199496,0.3,False,,0,,-1,-1,-1,1,601,3,1,0.000140000000000029,pullback_range,1,0.58314,0.5736,431,433,0.58314,0.5736,,430,0.58246,,96,0.55808,,0,0.58314,0.55808,SEEK_BREAKOUT,CONFIRMED,0,,-1,-1,0,1,430
2025-12-19 21:00:00+00:00,0.57582,0.57592,0.57531,0.57558,1533,0.00024000000000001798,0.0006099999999999994,9.999999999998899e-05,0.00026999999999999247,-1,0.575615,0.39344262295084953,pinbar,0,0,False,False,False,0.0017300000000000093,0.35,False,False,0.0017300000000000093,0.35,False,False,0.0017300000000000093,0.35,-1,2345.1935675751924,0.65,False,,0,,-1,-1,-1,1,601,2,1,0.00012999999999996348,pullback_range,1,0.58314,0.5736,431,433,0.58314,0.5736,,430,0.58246,,96,0.55808,,0,0.58314,0.55808,SEEK_BREAKOUT,CONFIRMED,0,,-1,-1,0,1,430
2025-12-21 22:00:00+00:00,0.57539,0.57545,0.57464,0.57503,1013,0.00035999999999991594,0.0008099999999999774,6.0000000000060005e-05,0.00039000000000000146,-1,0.575045,0.44444444444435305,normal,0,1,False,False,False,0.0017300000000000093,0.47,False,False,0.0017300000000000093,0.47,False,False,0.0017300000000000093,0.47,-1,2218.3179897108885,0.46,False,,0,,-1,-1,-1,0,-1,-1,0,0.0,pullback_range,1,0.58314,0.5736,431,433,0.58314,0.5736,,430,0.58246,,96,0.55808,,0,0.58314,0.55808,SEEK_BREAKOUT,CONFIRMED,0,,-1,-1,0,1,430
2025-12-21 23:00:00+00:00,0.57503,0.57574,0.57503,0.57562,3972,0.0005899999999999794,0.0007099999999999884,0.00012000000000000899,0.0,1,0.575385,0.8309859154929423,maru,0,0,False,False,False,0.0017300000000000093,0.41,False,False,0.0017300000000000093,0.41,False,False,0.0017300000000000093,0.41,1,2385.335324024137,1.67,True,,0,,-1,-1,-1,0,-1,-1,1,0.00019000000000002348,pullback_range,1,0.58314,0.5736,431,433,0.58314,0.5736,,430,0.58246,,96,0.55808,,0,0.58314,0.55808,SEEK_BREAKOUT,CONFIRMED,0,,-1,-1,0,1,430
2025-12-22 00:00:00+00:00,0.57564,0.57648,0.57564,0.57644,4664,0.0007999999999999119,0.0008399999999999519,4.0000000000040004e-05,0.0,1,0.57606,0.952380952380902,maru,0,0,True,False,True,0.0013400000000000079,0.63,False,False,0.0017300000000000093,0.49,False,False,0.0017300000000000093,0.49,1,2602.3510074504097,1.79,True,,0,,-1,-1,-1,0,-1,-1,1,0.00025999999999992696,pullback_range,1,0.58314,0.5736,431,433,0.58314,0.5736,,430,0.58246,,96,0.55808,,0,0.58314,0.55808,SEEK_BREAKOUT,CONFIRMED,0,,-1,-1,0,1,430
2025-12-22 01:00:00+00:00,0.57644,0.57696,0.576,0.57628,5679,0.00015999999999993797,0.0009600000000000719,0.000520000000000076,0.000280000000000058,-1,0.57648,0.16666666666658958,pinbar,-1,0,False,True,True,0.0013400000000000079,0.72,True,True,0.0013400000000000079,0.72,False,True,0.0017300000000000093,0.55,-1,2895.3651972170373,1.96,True,,0,,-1,-1,-1,1,605,2,0,0.0,pullback_range,1,0.58314,0.5736,431,433,0.58314,0.5736,,430,0.58246,,96,0.55808,,0,0.58314,0.55808,SEEK_BREAKOUT,CONFIRMED,0,,-1,-1,0,1,430
2025-12-22 02:00:00+00:00,0.5763,0.57704,0.57626,0.57694,1222,0.0006399999999999739,0.0007800000000000029,9.999999999998899e-05,4.0000000000040004e-05,1,0.57665,0.8205128205127841,maru,0,0,False,False,True,0.0013400000000000079,0.58,False,True,0.0013400000000000079,0.58,False,True,0.0013400000000000079,0.58,1,2735.997083196367,0.45,False,one_maru_continuous,1,CONFIRMED,601,602,604,1,606,2,0,0.0,pullback_range,1,0.58314,0.5736,431,433,0.58314,0.5736,,430,0.58246,,96,0.55808,,0,0.58314,0.55808,SEEK_BREAKOUT,CONFIRMED,0,,-1,-1,0,1,430
2025-12-22 03:00:00+00:00,0.57694,0.57716,0.57654,0.57662,2156,0.00031999999999998696,0.0006199999999999539,0.00021999999999999797,7.999999999996898e-05,-1,0.5768500000000001,0.5161290322580818,normal,0,-1,False,True,True,0.0008599999999999719,0.72,False,False,0.0013400000000000079,0.46,False,False,0.0013400000000000079,0.46,-1,2680.759265749094,0.8,False,,0,,-1,-1,-1,1,607,2,0,0.0,pullback_range,1,0.58314,0.5736,431,433,0.58314,0.5736,,430,0.58246,,96,0.55808,,0,0.58314,0.55808,SEEK_BREAKOUT,CONFIRMED,0,,-1,-1,0,1,430
2025-12-22 04:00:00+00:00,0.5766,0.57714,0.57658,0.57702,1260,0.00041999999999997595,0.0005600000000000049,0.00012000000000000899,2.0000000000020002e-05,1,0.5768599999999999,0.7499999999999505,maru,0,0,False,True,True,0.0008599999999999719,0.65,True,True,0.0008599999999999719,0.65,False,False,0.0013400000000000079,0.42,1,2545.4488594872755,0.5,False,,0,,-1,-1,-1,1,608,2,0,0.0,pullback_range,1,0.58314,0.5736,431,433,0.58314,0.5736,,430,0.58246,,96,0.55808,,0,0.58314,0.55808,SEEK_BREAKOUT,CONFIRMED,0,,-1,-1,0,1,430
2025-12-22 05:00:00+00:00,0.57703,0.57712,0.57676,0.5769,1831,0.0001300000000000745,0.00035999999999991594,8.999999999992347e-05,0.00013999999999991797,-1,0.57694,0.36111111111140237,pinbar,0,0,False,False,False,0.0008399999999999519,0.43,False,False,0.0008599999999999719,0.42,False,False,0.0008599999999999719,0.42,-1,2477.4061109646777,0.74,False,,0,,-1,-1,-1,0,-1,-1,0,0.0,pullback_range,1,0.58314,0.5736,431,433,0.58314,0.5736,,430,0.58246,,96,0.55808,,0,0.58314,0.55808,SEEK_BREAKOUT,CONFIRMED,0,,-1,-1,0,1,430
2025-12-22 06:00:00+00:00,0.5769,0.57706,0.57668,0.57692,1760,2.0000000000020002e-05,0.00038000000000004697,0.000140000000000029,0.00021999999999999797,1,0.57687,0.052631578947414555,pinbar,1,0,False,False,False,0.0008399999999999519,0.45,False,False,0.0008399999999999519,0.45,False,False,0.0008599999999999719,0.44,1,2409.0817194442325,0.73,False,,0,,-1,-1,-1,0,-1,-1,0,0.0,pullback_range,1,0.58314,0.5736,431,433,0.58314,0.5736,,430,0.58246,,96,0.55808,,0,0.58314,0.55808,SEEK_BREAKOUT,CONFIRMED,0,,-1,-1,0,1,430
2025-12-22 07:00:00+00:00,0.57691,0.57836,0.5769,0.57788,2398,0.0009699999999999154,0.0014600000000000168,0.00048000000000003595,1.0000000000065512e-05,1,0.57763,0.66438356164377,maru,0,0,False,True,True,0.0008399999999999519,1.74,True,True,0.0008399999999999519,1.74,True,True,0.0008399999999999519,1.74,1,2408.0263175924006,1.0,False,,0,,-1,-1,-1,1,611,2,1,0.0006800000000000139,pullback_range,1,0.58314,0.5736,431,433,0.58314,0.5736,,430,0.58246,,96,0.55808,,0,0.58314,0.55808,SEEK_BREAKOUT,CONFIRMED,0,,-1,-1,0,1,430
2025-12-22 08:00:00+00:00,0.57783,0.5785,0.57774,0.57844,2158,0.0006099999999999994,0.0007599999999999829,6.0000000000060005e-05,8.999999999992347e-05,1,0.57812,0.8026315789473857,maru,0,0,True,False,True,0.0014600000000000168,0.52,True,True,0.0008399999999999519,0.9,True,True,0.0008399999999999519,0.9,1,2384.2142873455055,0.91,False,one_maru_continuous,1,SUCCESS,609,610,-1,1,612,2,0,0.0,pullback_range,1,0.58314,0.5736,431,433,0.58314,0.5736,,430,0.58246,,96,0.55808,,0,0.58314,0.55808,SEEK_BREAKOUT,CONFIRMED,0,,-1,-1,0,1,430
2025-12-22 09:00:00+00:00,0.57843,0.5785,0.5779,0.57828,2003,0.00014999999999998348,0.0006000000000000449,7.00000000000145e-05,0.00038000000000004697,-1,0.5782,0.24999999999995373,pinbar,1,0,False,False,False,0.0014600000000000168,0.41,False,False,0.0014600000000000168,0.41,True,True,0.0008399999999999519,0.71,-1,2347.9081647411713,0.85,False,,0,,-1,-1,-1,0,-1,-1,0,0.0,pullback_range,1,0.58314,0.5736,431,433,0.58314,0.5736,,430,0.58246,,96,0.55808,,0,0.58314,0.55808,SEEK_BREAKOUT,CONFIRMED,0,,-1,-1,0,1,430
2025-12-22 10:00:00+00:00,0.57827,0.57866,0.57824,0.57841,2092,0.000140000000000029,0.00041999999999997595,0.00024999999999997247,2.999999999997449e-05,1,0.5784499999999999,0.33333333333342147,pinbar,-1,0,False,False,False,0.0014600000000000168,0.29,False,False,0.0014600000000000168,0.29,False,False,0.0014600000000000168,0.29,1,2323.535958575346,0.9,False,,0,,-1,-1,-1,0,-1,-1,0,0.0,pullback_range,1,0.58314,0.5736,431,433,0.58314,0.5736,,430,0.58246,,96,0.55808,,0,0.58314,0.55808,SEEK_BREAKOUT,CONFIRMED,0,,-1,-1,0,1,430
2025-12-22 11:00:00+00:00,0.57842,0.57886,0.57829,0.57885,2109,0.00042999999999993044,0.0005700000000000705,1.0000000000065512e-05,0.0001300000000000745,1,0.5785750000000001,0.7543859649120654,maru,0,0,True,False,False,0.0014600000000000168,0.39,False,False,0.0014600000000000168,0.39,False,False,0.0014600000000000168,0.39,1,2303.103962520551,0.92,False,,0,,-1,-1,-1,0,-1,-1,0,0.0,pullback_range,1,0.58314,0.5736,431,433,0.58314,0.5736,,430,0.58246,,96,0.55808,,0,0.58314,0.55808,SEEK_BREAKOUT,CONFIRMED,0,,-1,-1,0,1,430
2025-12-22 12:00:00+00:00,0.57886,0.57897,0.57854,0.5789,2247,3.999999999992898e-05,0.00042999999999993044,7.00000000000145e-05,0.00031999999999998696,1,0.578755,0.09302325581380337,pinbar,1,0,False,False,False,0.0014600000000000168,0.29,False,False,0.0014600000000000168,0.29,False,False,0.0014600000000000168,0.29,1,2297.7607279947842,0.98,False,,0,,-1,-1,-1,0,-1,-1,0,0.0,pullback_range,1,0.58314,0.5736,431,433,0.58314,0.5736,,430,0.58246,,96,0.55808,,0,0.58314,0.55808,SEEK_BREAKOUT,CONFIRMED,0,,-1,-1,0,1,430
2025-12-22 13:00:00+00:00,0.57892,0.57926,0.5788,0.57888,2673,4.0000000000040004e-05,0.00046000000000001595,0.00034000000000000696,7.999999999996898e-05,-1,0.5790299999999999,0.08695652173921438,pinbar,-1,0,False,False,False,0.0014600000000000168,0.32,False,False,0.0014600000000000168,0.32,False,False,0.0014600000000000168,0.32,-1,2333.4978015190904,1.15,False,,0,,-1,-1,-1,0,-1,-1,0,0.0,pullback_range,1,0.58314,0.5736,431,433,0.58314,0.5736,,430,0.58246,,96,0.55808,,0,0.58314,0.55808,SEEK_BREAKOUT,CONFIRMED,0,,-1,-1,0,1,430
2025-12-22 14:00:00+00:00,0.5789,0.57982,0.57852,0.57968,3643,0.0007800000000000029,0.0012999999999999678,0.000140000000000029,0.00037999999999993594,1,0.57917,0.6000000000000171,normal,0,0,False,True,True,0.0014600000000000168,0.89,True,True,0.0014600000000000168,0.89,True,True,0.0014600000000000168,0.89,1,2458.2122966125103,1.48,True,,0,,-1,-1,-1,1,618,2,1,0.000140000000000029,pullback_range,1,0.58314,0.5736,431,433,0.58314,0.5736,,430,0.58246,,96,0.55808,,0,0.58314,0.55808,SEEK_BREAKOUT,CONFIRMED,0,,-1,-1,0,1,430
2025-12-22 15:00:00+00:00,0.57969,0.58,0.5794,0.57944,3839,0.0002500000000000835,0.0005999999999999339,0.00030999999999992145,3.999999999992898e-05,-1,0.5797,0.4166666666668517,normal,0,-1,False,False,False,0.0014600000000000168,0.41,False,False,0.0014600000000000168,0.41,False,False,0.0014600000000000168,0.41,-1,2589.715887411319,1.48,True,,0,,-1,-1,-1,1,619,2,0,0.0,pullback_range,1,0.58314,0.5736,431,433,0.58314,0.5736,,430,0.58246,,96,0.55808,,0,0.58314,0.55808,SEEK_BREAKOUT,CONFIRMED,0,,-1,-1,0,1,430
2025-12-22 16:00:00+00:00,0.57944,0.5798,0.5793,0.57964,3176,0.000200000000000089,0.0004999999999999449,0.00015999999999993797,0.00013999999999991797,1,0.57955,0.40000000000022207,normal,0,0,False,False,False,0.0014600000000000168,0.34,False,False,0.0014600000000000168,0.34,False,False,0.0014600000000000168,0.34,1,2645.552469562622,1.2,True,,0,,-1,-1,-1,1,620,2,0,0.0,pullback_range,1,0.58314,0.5736,431,433,0.58314,0.5736,,430,0.58246,,96,0.55808,,0,0.58314,0.55808,SEEK_BREAKOUT,CONFIRMED,0,,-1,-1,0,1,430
2025-12-22 17:00:00+00:00,0.57964,0.58016,0.57954,0.5798,2421,0.00015999999999993797,0.0006199999999999539,0.00036000000000002697,9.999999999998899e-05,1,0.57985,0.25806451612895137,pinbar,-1,0,False,False,False,0.0014600000000000168,0.42,False,False,0.0014600000000000168,0.42,False,False,0.0014600000000000168,0.42,1,2624.1665200804673,0.92,False,,0,,-1,-1,-1,0,-1,-1,0,0.0,pullback_range,1,0.58314,0.5736,431,433,0.58314,0.5736,,430,0.58246,,96,0.55808,,0,0.58314,0.55808,SEEK_BREAKOUT,CONFIRMED,0,,-1,-1,0,1,430
2025-12-22 18:00:00+00:00,0.5798,0.57982,0.57924,0.57945,1168,0.00034999999999996145,0.0005800000000000249,2.0000000000020002e-05,0.00021000000000004349,-1,0.57953,0.6034482758619766,normal,0,1,False,False,False,0.0014600000000000168,0.4,False,False,0.0014600000000000168,0.4,False,False,0.0014600000000000168,0.4,-1,2485.4839943585184,0.47,False,,0,,-1,-1,-1,1,622,2,1,6.0000000000060005e-05,pullback_range,1,0.58314,0.5736,431,433,0.58314,0.5736,,430,0.58246,,96,0.55808,,0,0.58314,0.55808,SEEK_BREAKOUT,CONFIRMED,0,,-1,-1,0,1,430
2025-12-22 19:00:00+00:00,0.57944,0.57948,0.5792,0.57942,1262,1.999999999990898e-05,0.00027999999999994696,4.0000000000040004e-05,0.00021999999999999797,-1,0.57934,0.07142857142825988,pinbar,1,0,False,False,False,0.0014600000000000168,0.19,False,False,0.0014600000000000168,0.19,False,False,0.0014600000000000168,0.19,-1,2368.9617091815167,0.53,False,,0,,-1,-1,-1,1,624,3,0,0.0,pullback_range,1,0.58314,0.5736,431,433,0.58314,0.5736,,430,0.58246,,96,0.55808,,0,0.58314,0.55808,SEEK_BREAKOUT,CONFIRMED,0,,-1,-1,0,1,430
2025-12-22 20:00:00+00:00,0.5794,0.5797,0.57924,0.57936,1178,4.0000000000040004e-05,0.00046000000000001595,0.00029999999999996696,0.00012000000000000899,-1,0.5794699999999999,0.08695652173921438,pinbar,-1,0,False,False,False,0.0014600000000000168,0.32,False,False,0.0014600000000000168,0.32,False,False,0.0014600000000000168,0.32,-1,2255.5367844975626,0.52,False,,0,,-1,-1,-1,1,624,2,0,0.0,pullback_range,1,0.58314,0.5736,431,433,0.58314,0.5736,,430,0.58246,,96,0.55808,,0,0.58314,0.55808,SEEK_BREAKOUT,CONFIRMED,0,,-1,-1,0,1,430
2025-12-22 21:00:00+00:00,0.57936,0.57961,0.57934,0.57952,726,0.000160000000000049,0.00026999999999999247,8.999999999992347e-05,2.0000000000020002e-05,1,0.579475,0.5925925925927906,normal,0,-1,False,False,False,0.0014600000000000168,0.18,False,False,0.0014600000000000168,0.18,False,False,0.0014600000000000168,0.18,1,2109.866614545414,0.34,False,,0,,-1,-1,-1,1,625,2,0,0.0,pullback_range,1,0.58314,0.5736,431,433,0.58314,0.5736,,430,0.58246,,96,0.55808,,0,0.58314,0.55808,SEEK_BREAKOUT,CONFIRMED,0,,-1,-1,0,1,430
2025-12-22 22:00:00+00:00,0.57901,0.57956,0.57878,0.5794,759,0.00039000000000000146,0.0007800000000000029,0.00015999999999993797,0.0002300000000000635,1,0.57917,0.5,normal,0,0,False,False,True,0.0014600000000000168,0.53,False,True,0.0014600000000000168,0.53,False,True,0.0014600000000000168,0.53,-1,1981.2126512553746,0.38,False,,0,,-1,-1,-1,0,-1,-1,0,0.0,pullback_range,1,0.58314,0.5736,431,433,0.58314,0.5736,,430,0.58246,,96,0.55808,,0,0.58314,0.55808,SEEK_BREAKOUT,CONFIRMED,0,,-1,-1,0,1,430
2025-12-22 23:00:00+00:00,0.57938,0.57978,0.57934,0.57956,833,0.00017999999999995797,0.00043999999999999595,0.00021999999999999797,4.0000000000040004e-05,1,0.57956,0.40909090909081736,normal,0,-1,False,False,False,0.0014600000000000168,0.3,False,False,0.0014600000000000168,0.3,False,False,0.0014600000000000168,0.3,1,1871.8590654215293,0.45,False,,0,,-1,-1,-1,0,-1,-1,0,0.0,pullback_range,1,0.58314,0.5736,431,433,0.58314,0.5736,,430,0.58246,,96,0.55808,,0,0.58314,0.55808,SEEK_BREAKOUT,CONFIRMED,0,,-1,-1,0,1,430
2025-12-23 00:00:00+00:00,0.57956,0.58078,0.57948,0.58028,1961,0.0007200000000000539,0.0012999999999999678,0.0004999999999999449,7.999999999996898e-05,1,0.58013,0.553846153846209,normal,0,-1,False,True,True,0.0014600000000000168,0.89,True,True,0.0014600000000000168,0.89,True,True,0.0014600000000000168,0.89,1,1880.3486782385266,1.04,False,,0,,-1,-1,-1,0,-1,-1,1,0.000280000000000058,pullback_range,1,0.58314,0.5736,431,433,0.58314,0.5736,,430,0.58246,,96,0.55808,,0,0.58314,0.55808,SEEK_BREAKOUT,CONFIRMED,0,,-1,-1,0,1,430
2025-12-23 01:00:00+00:00,0.58028,0.58098,0.58006,0.5807,2452,0.00041999999999997595,0.0009200000000000319,0.000280000000000058,0.00021999999999999797,1,0.58052,0.4565217391303928,normal,0,0,False,False,True,0.0014600000000000168,0.63,False,True,0.0014600000000000168,0.63,False,True,0.0014600000000000168,0.63,1,1934.791661263429,1.27,True,,0,,-1,-1,-1,0,-1,-1,0,0.0,pullback_range,1,0.58314,0.5736,431,433,0.58314,0.5736,,430,0.58246,,96,0.55808,,0,0.58314,0.55808,SEEK_BREAKOUT,CONFIRMED,0,,-1,-1,0,1,430
2025-12-23 02:00:00+00:00,0.58073,0.58169,0.58072,0.58158,2452,0.0008500000000000174,0.0009700000000000264,0.0001100000000000545,9.99999999995449e-06,1,0.581205,0.8762886597938085,maru,0,0,False,True,True,0.0014600000000000168,0.66,True,True,0.0014600000000000168,0.66,True,True,0.0014600000000000168,0.66,1,1984.0495982859597,1.24,True,,0,,-1,-1,-1,1,630,2,1,5.999999999994898e-05,pullback_range,1,0.58314,0.5736,431,433,0.58314,0.5736,,430,0.58246,,96,0.55808,,0,0.58314,0.55808,SEEK_BREAKOUT,CONFIRMED,0,,-1,-1,0,1,430
2025-12-23 03:00:00+00:00,0.58159,0.58167,0.58104,0.58136,2218,0.0002300000000000635,0.0006300000000000194,7.999999999996898e-05,0.00031999999999998696,-1,0.5813550000000001,0.3650793650794546,pinbar,1,0,False,False,False,0.0014600000000000168,0.43,False,False,0.0014600000000000168,0.43,False,False,0.0014600000000000168,0.43,-1,2006.330588925392,1.11,False,,0,,-1,-1,-1,1,631,2,0,0.0,pullback_range,1,0.58314,0.5736,431,433,0.58314,0.5736,,430,0.58246,,96,0.55808,,0,0.58314,0.55808,SEEK_BREAKOUT,CONFIRMED,0,,-1,-1,0,1,430
2025-12-23 04:00:00+00:00,0.58137,0.58168,0.58126,0.58144,2230,6.999999999990347e-05,0.00041999999999997595,0.00024000000000001798,0.0001100000000000545,1,0.5814699999999999,0.1666666666664464,pinbar,-1,0,False,False,False,0.0014600000000000168,0.29,False,False,0.0014600000000000168,0.29,False,False,0.0014600000000000168,0.29,1,2027.6324375991642,1.1,False,,0,,-1,-1,-1,0,-1,-1,0,0.0,pullback_range,1,0.58314,0.5736,431,433,0.58314,0.5736,,430,0.58246,,96,0.55808,,0,0.58314,0.55808,SEEK_BREAKOUT,CONFIRMED,0,,-1,-1,0,1,430
2025-12-23 05:00:00+00:00,0.58141,0.58162,0.58106,0.58122,2473,0.00019000000000002348,0.0005600000000000049,0.00021000000000004349,0.00015999999999993797,-1,0.58134,0.3392857142857532,pinbar,0,0,False,False,False,0.0014600000000000168,0.38,False,False,0.0014600000000000168,0.38,False,False,0.0014600000000000168,0.38,-1,2070.0483959230532,1.19,False,,0,,-1,-1,-1,0,-1,-1,0,0.0,pullback_range,1,0.58314,0.5736,431,433,0.58314,0.5736,,430,0.58246,,96,0.55808,,0,0.58314,0.55808,SEEK_BREAKOUT,CONFIRMED,0,,-1,-1,0,1,430
2025-12-23 06:00:00+00:00,0.58124,0.58156,0.5808,0.58111,2155,0.00012999999999996348,0.0007599999999999829,0.00031999999999998696,0.00031000000000003247,-1,0.58118,0.17105263157890316,pinbar,0,0,False,False,True,0.0014600000000000168,0.52,False,True,0.0014600000000000168,0.52,False,True,0.0014600000000000168,0.52,-1,2078.1390248827624,1.04,False,,0,,-1,-1,-1,0,-1,-1,0,0.0,pullback_range,1,0.58314,0.5736,431,433,0.58314,0.5736,,430,0.58246,,96,0.55808,,0,0.58314,0.55808,SEEK_BREAKOUT,CONFIRMED,0,,-1,-1,0,1,430
2025-12-23 07:00:00+00:00,0.58112,0.58227,0.58099,0.58202,2948,0.0009000000000000119,0.0012799999999999478,0.00024999999999997247,0.00012999999999996348,1,0.58163,0.703125000000038,maru,0,0,False,True,True,0.0014600000000000168,0.88,True,True,0.0014600000000000168,0.88,True,True,0.0014600000000000168,0.88,1,2160.9829272748802,1.36,True,,0,,-1,-1,-1,0,-1,-1,1,0.00040000000000006697,pullback_range,1,0.58314,0.5736,431,433,0.58314,0.5736,,430,0.58246,,96,0.55808,,0,0.58314,0.55808,SEEK_BREAKOUT,CONFIRMED,0,,-1,-1,0,1,430
2025-12-23 08:00:00+00:00,0.58203,0.58328,0.58196,0.58316,3000,0.0011299999999999644,0.0013199999999999878,0.00012000000000000899,7.00000000000145e-05,1,0.58262,0.856060606060587,maru,0,0,True,True,True,0.0014600000000000168,0.9,True,True,0.0014600000000000168,0.9,True,True,0.0014600000000000168,0.9,1,2240.889315153463,1.34,True,one_maru_continuous,1,SUCCESS,633,634,-1,1,639,5,1,0.0007700000000000484,pullback_range,1,0.58314,0.5736,431,433,0.58314,0.5736,0.017699115044266047,430,0.58246,,96,0.55808,,0,0.58314,0.55808,SEEK_BREAKOUT,CONFIRMED,0,,-1,-1,0,1,430
2025-12-23 09:00:00+00:00,0.58318,0.58381,0.58304,0.5838,3094,0.0006199999999999539,0.0007700000000000484,1.0000000000065512e-05,0.000140000000000029,1,0.5834250000000001,0.8051948051946947,maru,0,0,True,False,True,0.0013199999999999878,0.58,False,True,0.0014600000000000168,0.53,False,True,0.0014600000000000168,0.53,1,2322.137951805514,1.33,True,one_maru_continuous,1,SUCCESS,634,635,-1,1,637,2,1,0.00044999999999995044,pullback_range,1,0.58314,0.5736,431,433,0.58314,0.5736,1.0,430,0.58246,,96,0.55808,,0,0.58314,0.55808,SEEK_BREAKOUT,CONFIRMED,0,,-1,-1,0,1,430
2025-12-23 10:00:00+00:00,0.58381,0.58412,0.58373,0.584,1743,0.00018999999999991246,0.00039000000000000146,0.00012000000000000899,8.000000000008001e-05,1,0.583925,0.4871794871792609,normal,0,0,False,False,False,0.0013199999999999878,0.3,False,False,0.0013199999999999878,0.3,False,False,0.0014600000000000168,0.27,1,2266.981956395465,0.77,False,,0,,-1,-1,-1,1,638,2,0,0.0,breakout,0,,,-1,-1,,,1.0,636,0.58412,CTS_UPDATED,591,0.5736,BOS_CONFIRMED,1,,0.5736,SEEK_PULLBACK,EST_OR_UPD,0,,-1,-1,0,1,636
2025-12-23 11:00:00+00:00,0.58398,0.58415,0.5837,0.58373,1844,0.0002500000000000835,0.00044999999999995044,0.00016999999999989246,2.999999999997449e-05,-1,0.583925,0.5555555555558023,maru,0,0,True,False,False,0.0013199999999999878,0.34,False,False,0.0013199999999999878,0.34,False,False,0.0013199999999999878,0.34,-1,2226.697960548278,0.83,False,,0,,-1,-1,-1,0,-1,-1,0,0.0,breakout,0,,,-1,-1,,,,637,0.58415,CTS_UPDATED,591,0.5736,,1,,0.5736,SEEK_PULLBACK,EST_OR_UPD,0,,-1,-1,0,1,636
2025-12-23 12:00:00+00:00,0.58371,0.58422,0.58367,0.58386,2872,0.0001500000000000945,0.0005499999999999394,0.00035999999999991594,3.999999999992898e-05,1,0.5839449999999999,0.2727272727274746,pinbar,-1,0,False,False,False,0.0013199999999999878,0.42,False,False,0.0013199999999999878,0.42,False,False,0.0013199999999999878,0.42,1,2288.155297638918,1.26,True,,0,,-1,-1,-1,0,-1,-1,0,0.0,breakout,0,,,-1,-1,,,,638,0.58422,CTS_UPDATED,591,0.5736,,1,,0.5736,SEEK_PULLBACK,EST_OR_UPD,0,,-1,-1,0,1,636
2025-12-23 13:00:00+00:00,0.58386,0.58434,0.5828,0.58286,4954,0.0010000000000000009,0.0015399999999999858,0.00047999999999992493,6.0000000000060005e-05,-1,0.5835699999999999,0.6493506493506559,maru,0,0,True,True,True,0.0013199999999999878,1.17,True,True,0.0013199999999999878,1.17,True,True,0.0013199999999999878,1.17,-1,2542.0452692923545,1.95,True,,0,,-1,-1,-1,1,641,2,1,0.0005700000000000705,breakout,0,,,-1,-1,,,,639,0.58434,CTS_UPDATED,591,0.5736,,1,,0.5736,SEEK_PULLBACK,EST_OR_UPD,0,,-1,-1,0,1,636
2025-12-23 14:00:00+00:00,0.58284,0.5831,0.58198,0.58232,6078,0.000520000000000076,0.0011199999999998989,0.00025999999999992696,0.00033999999999989594,-1,0.5825400000000001,0.46428571428582405,normal,0,0,False,True,True,0.0015399999999999858,0.73,True,True,0.0013199999999999878,0.85,True,True,0.0013199999999999878,0.85,-1,2878.8028626930827,2.11,True,one_maru_continuous,-1,SUCCESS,639,640,-1,1,642,2,0,0.0,pullback,1,0.58434,0.58198,639,640,0.58434,0.58198,,639,0.58434,CTS_CONFIRMED,591,0.5736,,1,0.58434,0.5736,SEEK_BREAKOUT,CONFIRMED,0,,-1,-1,0,1,636
2025-12-23 15:00:00+00:00,0.58233,0.58311,0.58208,0.58298,5549,0.0006500000000000394,0.0010299999999999754,0.00012999999999996348,0.00024999999999997247,1,0.582595,0.6310679611651019,normal,0,0,False,True,True,0.0015399999999999858,0.67,True,True,0.0015399999999999858,0.67,True,True,0.0013199999999999878,0.78,1,3133.107351960408,1.77,True,,0,,-1,-1,-1,1,643,2,0,0.0,pullback_range,1,0.58434,0.58198,639,640,0.58434,0.58198,,639,0.58434,,591,0.5736,,1,0.58434,0.5736,SEEK_BREAKOUT,CONFIRMED,0,,-1,-1,0,1,636
2025-12-23 16:00:00+00:00,0.58298,0.58336,0.58285,0.58308,3756,9.999999999998899e-05,0.0005100000000000104,0.00027999999999994696,0.0001300000000000745,1,0.583105,0.1960784313725234,pinbar,-1,0,False,False,False,0.0015399999999999858,0.33,False,False,0.0015399999999999858,0.33,False,False,0.0015399999999999858,0.33,1,3192.430461297512,1.18,False,,0,,-1,-1,-1,0,-1,-1,0,0.0,pullback_range,1,0.58434,0.58198,639,640,0.58434,0.58198,,639,0.58434,,591,0.5736,,1,0.58434,0.5736,SEEK_BREAKOUT,CONFIRMED,0,,-1,-1,0,1,636
2025-12-23 17:00:00+00:00,0.58308,0.58338,0.58286,0.58289,1950,0.00019000000000002348,0.0005199999999999649,0.00029999999999996696,2.999999999997449e-05,-1,0.5831200000000001,0.3653846153846852,pinbar,-1,0,False,False,False,0.0015399999999999858,0.34,False,False,0.0015399999999999858,0.34,False,False,0.0015399999999999858,0.34,-1,3074.103750697749,0.63,False,,0,,-1,-1,-1,0,-1,-1,0,0.0,pullback_range,1,0.58434,0.58198,639,640,0.58434,0.58198,,639,0.58434,,591,0.5736,,1,0.58434,0.5736,SEEK_BREAKOUT,CONFIRMED,0,,-1,-1,0,1,636
2025-12-23 18:00:00+00:00,0.58289,0.58354,0.58285,0.58354,1595,0.0006499999999999284,0.0006899999999999684,0.0,4.0000000000040004e-05,1,0.5831949999999999,0.9420289855071857,maru,0,0,True,False,False,0.0015399999999999858,0.45,False,False,0.0015399999999999858,0.45,False,False,0.0015399999999999858,0.45,1,2933.236726821773,0.54,False,,0,,-1,-1,-1,0,-1,-1,1,0.000140000000000029,pullback_range,1,0.58434,0.58198,639,640,0.58434,0.58198,,639,0.58434,,591,0.5736,,1,0.58434,0.5736,SEEK_BREAKOUT,CONFIRMED,0,,-1,-1,0,1,636
2025-12-23 19:00:00+00:00,0.58354,0.58404,0.58352,0.58392,1376,0.00038000000000004697,0.0005199999999999649,0.00012000000000000899,1.999999999990898e-05,1,0.58378,0.7307692307693704,maru,0,0,False,False,False,0.0015399999999999858,0.34,False,False,0.0015399999999999858,0.34,False,False,0.0015399999999999858,0.34,1,2784.9284671244613,0.49,False,,0,,-1,-1,-1,1,648,3,1,0.000140000000000029,pullback_range,1,0.58434,0.58198,639,640,0.58434,0.58198,,639,0.58434,,591,0.5736,,1,0.58434,0.5736,SEEK_BREAKOUT,CONFIRMED,0,,-1,-1,0,1,636
2025-12-23 20:00:00+00:00,0.58389,0.58396,0.58368,0.58385,1023,4.0000000000040004e-05,0.000280000000000058,7.00000000000145e-05,0.00017000000000000348,-1,0.58382,0.14285714285725615,pinbar,1,0,False,False,False,0.0015399999999999858,0.18,False,False,0.0015399999999999858,0.18,False,False,0.0015399999999999858,0.18,-1,2617.125755969751,0.39,False,,0,,-1,-1,-1,0,-1,-1,0,0.0,pullback_range,1,0.58434,0.58198,639,640,0.58434,0.58198,,639,0.58434,,591,0.5736,,1,0.58434,0.5736,SEEK_BREAKOUT,CONFIRMED,0,,-1,-1,0,1,636
2025-12-23 21:00:00+00:00,0.58387,0.58428,0.58382,0.58413,648,0.000260000000000038,0.00046000000000001595,0.00014999999999998348,4.999999999999449e-05,1,0.58405,0.5652173913044107,normal,0,-1,False,False,False,0.0015399999999999858,0.3,False,False,0.0015399999999999858,0.3,False,False,0.0015399999999999858,0.3,1,2429.589969686918,0.27,False,one_maru_continuous,1,CONFIRMED,644,645,647,1,650,3,0,0.0,pullback_range,1,0.58434,0.58198,639,640,0.58434,0.58198,,639,0.58434,,591,0.5736,,1,0.58434,0.5736,SEEK_BREAKOUT,CONFIRMED,0,,-1,-1,0,1,636
2025-12-23 22:00:00+00:00,0.58382,0.58411,0.58372,0.584,1009,0.00017999999999995797,0.00039000000000000146,0.0001100000000000545,9.999999999998899e-05,1,0.583915,0.46153846153835204,normal,0,0,False,False,False,0.0015399999999999858,0.25,False,False,0.0015399999999999858,0.25,False,False,0.0015399999999999858,0.25,-1,2294.2956868595925,0.44,False,,0,,-1,-1,-1,1,650,2,0,0.0,pullback_range,1,0.58434,0.58198,639,640,0.58434,0.58198,,639,0.58434,,591,0.5736,,1,0.58434,0.5736,SEEK_BREAKOUT,CONFIRMED,0,,-1,-1,0,1,636
2025-12-23 23:00:00+00:00,0.58396,0.58432,0.58392,0.58431,1130,0.00034999999999996145,0.00039999999999995595,9.99999999995449e-06,4.0000000000040004e-05,1,0.58412,0.875,maru,0,0,True,False,False,0.0015399999999999858,0.26,False,False,0.0015399999999999858,0.26,False,False,0.0015399999999999858,0.26,1,2183.4103833491554,0.52,False,,0,,-1,-1,-1,1,653,4,0,0.0,pullback_range,1,0.58434,0.58198,639,640,0.58434,0.58198,,639,0.58434,,591,0.5736,,1,0.58434,0.5736,SEEK_BREAKOUT,CONFIRMED,0,,-1,-1,0,1,636
2025-12-24 00:00:00+00:00,0.58432,0.58448,0.58372,0.58406,2170,0.00025999999999992696,0.0007599999999999829,0.000160000000000049,0.00034000000000000696,-1,0.5841000000000001,0.3421052631578063,pinbar,0,0,False,False,False,0.0015399999999999858,0.49,False,False,0.0015399999999999858,0.49,False,False,0.0015399999999999858,0.49,-1,2182.1332039825693,0.99,False,,0,,-1,-1,-1,1,653,3,0,0.0,pullback_range,1,0.58448,0.58198,639,640,0.58448,0.58198,,639,0.58434,,591,0.5736,,1,0.58448,0.5736,SEEK_BREAKOUT,CONFIRMED,0,,-1,-1,0,1,636
2025-12-24 01:00:00+00:00,0.58405,0.58488,0.58362,0.58488,3032,0.0008299999999999974,0.0012599999999999278,0.0,0.00042999999999993044,1,0.5842499999999999,0.6587301587301944,maru,0,0,True,True,True,0.0015399999999999858,0.82,True,True,0.0015399999999999858,0.82,True,True,0.0015399999999999858,0.82,1,2263.072898841372,1.34,True,,0,,-1,-1,-1,1,653,2,1,0.00027999999999994696,pullback_range,1,0.58448,0.58198,639,640,0.58448,0.58198,0.4819277108433219,639,0.58434,,591,0.5736,,1,0.58448,0.5736,SEEK_BREAKOUT,CONFIRMED,0,,-1,-1,0,1,636
2025-12-24 02:00:00+00:00,0.58488,0.58534,0.58476,0.58478,2035,9.999999999998899e-05,0.0005800000000000249,0.00046000000000001595,2.0000000000020002e-05,-1,0.58505,0.17241379310342186,pinbar,-1,0,False,False,False,0.0015399999999999858,0.38,False,False,0.0015399999999999858,0.38,False,False,0.0015399999999999858,0.38,-1,2241.351670380289,0.91,False,,0,,-1,-1,-1,0,-1,-1,0,0.0,breakout,0,,,-1,-1,,,1.0,652,0.58534,CTS_ESTABLISHED,640,0.58198,BOS_CONFIRMED,2,,0.58198,SEEK_PULLBACK,EST_OR_UPD,0,,-1,-1,0,1,652
2025-12-24 03:00:00+00:00,0.58481,0.58486,0.584,0.58404,2209,0.0007700000000000484,0.0008600000000000829,4.999999999999449e-05,4.0000000000040004e-05,-1,0.58443,0.8953488372092723,maru,0,0,True,False,True,0.0015399999999999858,0.56,False,True,0.0015399999999999858,0.56,False,True,0.0015399999999999858,0.56,-1,2238.2705589154994,0.99,False,,0,,-1,-1,-1,1,655,2,1,0.00047999999999992493,range,1,0.58534,0.584,653,655,0.58534,0.584,,652,0.58534,,640,0.58198,,2,,0.58198,SEEK_PULLBACK,EST_OR_UPD,0,,-1,-1,0,1,652
2025-12-24 04:00:00+00:00,0.58403,0.58428,0.58392,0.58404,1183,9.99999999995449e-06,0.00036000000000002697,0.00024000000000001798,0.0001100000000000545,1,0.5841000000000001,0.02777777777764928,pinbar,-1,0,False,False,False,0.0012599999999999278,0.29,False,False,0.0015399999999999858,0.23,False,False,0.0015399999999999858,0.23,0,2137.768600923547,0.55,False,,0,,-1,-1,-1,0,-1,-1,0,0.0,range,1,0.58534,0.58392,653,655,0.58534,0.58392,,652,0.58534,,640,0.58198,,2,,0.58198,SEEK_PULLBACK,EST_OR_UPD,0,,-1,-1,0,1,652
2025-12-24 05:00:00+00:00,0.58404,0.58454,0.58401,0.58447,1464,0.00043000000000004146,0.0005299999999999194,6.999999999990347e-05,2.999999999997449e-05,1,0.584275,0.8113207547171827,maru,0,0,False,False,False,0.0012599999999999278,0.42,False,False,0.0012599999999999278,0.42,False,False,0.0015399999999999858,0.34,1,2073.600162740352,0.71,False,,0,,-1,-1,-1,1,657,2,1,4.999999999999449e-05,range,1,0.58534,0.58392,653,655,0.58534,0.58392,,652,0.58534,,640,0.58198,,2,,0.58198,SEEK_PULLBACK,EST_OR_UPD,0,,-1,-1,0,1,652
2025-12-24 06:00:00+00:00,0.58444,0.58477,0.58433,0.5846,1722,0.000160000000000049,0.00043999999999999595,0.00017000000000000348,0.00010999999999994348,1,0.58455,0.36363636363647833,pinbar,0,0,False,False,False,0.0012599999999999278,0.35,False,False,0.0012599999999999278,0.35,False,False,0.0012599999999999278,0.35,1,2040.1144329555566,0.84,False,,0,,-1,-1,-1,1,658,2,0,0.0,range,1,0.58534,0.58392,653,655,0.58534,0.58392,,652,0.58534,,640,0.58198,,2,,0.58198,SEEK_PULLBACK,EST_OR_UPD,0,,-1,-1,0,1,652
2025-12-24 07:00:00+00:00,0.58461,0.58481,0.58412,0.58438,2480,0.00022999999999995246,0.0006900000000000794,0.000200000000000089,0.000260000000000038,-1,0.584465,0.33333333333322607,pinbar,0,0,False,False,True,0.0012599999999999278,0.55,False,True,0.0012599999999999278,0.55,False,True,0.0012599999999999278,0.55,-1,2082.0082964835988,1.19,False,,0,,-1,-1,-1,1,659,2,0,0.0,range,1,0.58534,0.58392,653,655,0.58534,0.58392,,652,0.58534,,640,0.58198,,2,,0.58198,SEEK_PULLBACK,EST_OR_UPD,0,,-1,-1,0,1,652
2025-12-24 08:00:00+00:00,0.58439,0.5847,0.58385,0.58464,3248,0.0002500000000000835,0.0008500000000000174,5.999999999994898e-05,0.0005399999999999849,1,0.584275,0.29411764705891574,pinbar,1,0,False,True,True,0.0012599999999999278,0.67,True,True,0.0012599999999999278,0.67,True,True,0.0012599999999999278,0.67,1,2193.0551253899225,1.48,True,,0,,-1,-1,-1,1,660,2,0,0.0,range,1,0.58534,0.58385,653,655,0.58534,0.58385,,652,0.58534,,640,0.58198,,2,,0.58198,SEEK_PULLBACK,EST_OR_UPD,0,,-1,-1,0,1,652
2025-12-24 09:00:00+00:00,0.58465,0.58478,0.58423,0.58465,2563,0.0,0.0005499999999999394,0.00012999999999996348,0.00041999999999997595,0,0.584505,0.0,pinbar,1,0,False,False,False,0.0012599999999999278,0.44,False,False,0.0012599999999999278,0.44,False,False,0.0012599999999999278,0.44,1,2228.287970590882,1.15,False,,0,,-1,-1,-1,1,661,2,0,0.0,range,1,0.58534,0.58385,653,655,0.58534,0.58385,,652,0.58534,,640,0.58198,,2,,0.58198,SEEK_PULLBACK,EST_OR_UPD,0,,-1,-1,0,1,652
2025-12-24 10:00:00+00:00,0.58464,0.5847,0.58428,0.5846,1809,4.0000000000040004e-05,0.00041999999999997595,5.999999999994898e-05,0.00031999999999998696,-1,0.58449,0.09523809523819594,pinbar,1,0,False,False,False,0.0012599999999999278,0.33,False,False,0.0012599999999999278,0.33,False,False,0.0012599999999999278,0.33,-1,2188.35578291556,0.83,False,,0,,-1,-1,-1,0,-1,-1,0,0.0,range,1,0.58534,0.58385,653,655,0.58534,0.58385,,652,0.58534,,640,0.58198,,2,,0.58198,SEEK_PULLBACK,EST_OR_UPD,0,,-1,-1,0,1,652
2025-12-24 11:00:00+00:00,0.5846,0.58467,0.58424,0.58424,1786,0.00036000000000002697,0.00043000000000004146,7.00000000000145e-05,0.0,-1,0.584455,0.8372093023255633,maru,0,0,True,False,False,0.0012599999999999278,0.34,False,False,0.0012599999999999278,0.34,False,False,0.0012599999999999278,0.34,-1,2150.0361845426496,0.83,False,,0,,-1,-1,-1,0,-1,-1,0,0.0,range,1,0.58534,0.58385,653,655,0.58534,0.58385,,652,0.58534,,640,0.58198,,2,,0.58198,SEEK_PULLBACK,EST_OR_UPD,0,,-1,-1,0,1,652
2025-12-24 12:00:00+00:00,0.58424,0.58459,0.58354,0.58368,2333,0.0005600000000000049,0.0010500000000001064,0.0003500000000000725,0.000140000000000029,-1,0.5840650000000001,0.533333333333284,normal,0,0,False,True,True,0.0012599999999999278,0.83,True,True,0.0012599999999999278,0.83,True,True,0.0012599999999999278,0.83,-1,2167.461309824302,1.08,False,,0,,-1,-1,-1,1,664,2,1,0.00034000000000000696,range,1,0.58534,0.58354,653,655,0.58534,0.58354,0.3035714285714321,652,0.58534,,640,0.58198,,2,,0.58198,SEEK_PULLBACK,EST_OR_UPD,0,,-1,-1,0,1,652
2025-12-24 13:00:00+00:00,0.58368,0.5839,0.58337,0.58368,3475,0.0,0.0005299999999999194,0.00021999999999999797,0.00030999999999992145,0,0.583635,0.0,pinbar,1,0,False,False,False,0.0012599999999999278,0.42,False,False,0.0012599999999999278,0.42,False,False,0.0012599999999999278,0.42,0,2291.9888041267495,1.52,True,,0,,-1,-1,-1,1,665,2,0,0.0,range,1,0.58534,0.58337,653,655,0.58534,0.58337,,652,0.58534,,640,0.58198,,2,,0.58198,SEEK_PULLBACK,EST_OR_UPD,0,,-1,-1,0,1,652
2025-12-24 14:00:00+00:00,0.58366,0.58398,0.58334,0.58372,3429,6.0000000000060005e-05,0.0006400000000000849,0.000260000000000038,0.00031999999999998696,1,0.5836600000000001,0.09375000000008131,pinbar,0,0,False,False,True,0.0012599999999999278,0.51,False,True,0.0012599999999999278,0.51,False,True,0.0012599999999999278,0.51,1,2400.2755846861064,1.43,True,,0,,-1,-1,-1,1,666,2,0,0.0,range,1,0.58534,0.58334,653,655,0.58534,0.58334,,652,0.58534,,640,0.58198,,2,,0.58198,SEEK_PULLBACK,EST_OR_UPD,0,,-1,-1,0,1,652
2025-12-24 15:00:00+00:00,0.58369,0.58426,0.58329,0.58364,3813,4.999999999999449e-05,0.0009700000000000264,0.0005699999999999594,0.0003500000000000725,-1,0.5837749999999999,0.05154639175257024,pinbar,-1,0,False,True,True,0.0012599999999999278,0.77,True,True,0.0012599999999999278,0.77,True,True,0.0012599999999999278,0.77,-1,2534.820767096953,1.5,True,,0,,-1,-1,-1,1,667,2,0,0.0,range,1,0.58534,0.58329,653,655,0.58534,0.58329,,652,0.58534,,640,0.58198,,2,,0.58198,SEEK_PULLBACK,EST_OR_UPD,0,,-1,-1,0,1,652
2025-12-24 16:00:00+00:00,0.58363,0.5841,0.58324,0.58349,3418,0.000140000000000029,0.0008599999999999719,0.00046999999999997044,0.00024999999999997247,-1,0.5836699999999999,0.16279069767445764,pinbar,-1,0,False,True,True,0.0012599999999999278,0.68,True,True,0.0012599999999999278,0.68,True,True,0.0012599999999999278,0.68,-1,2618.9330749924816,1.31,True,,0,,-1,-1,-1,1,668,2,0,0.0,range,1,0.58534,0.58324,653,655,0.58534,0.58324,,652,0.58534,,640,0.58198,,2,,0.58198,SEEK_PULLBACK,EST_OR_UPD,0,,-1,-1,0,1,652
2025-12-24 17:00:00+00:00,0.5835,0.58371,0.58324,0.58332,2120,0.000180000000000069,0.00046999999999997044,0.00020999999999993246,7.999999999996898e-05,-1,0.583475,0.3829787234044262,pinbar,0,0,False,False,False,0.0012599999999999278,0.37,False,False,0.0012599999999999278,0.37,False,False,0.0012599999999999278,0.37,-1,2571.415639278912,0.82,False,,0,,-1,-1,-1,1,669,2,0,0.0,range,1,0.58534,0.58324,653,655,0.58534,0.58324,,652,0.58534,,640,0.58198,,2,,0.58198,SEEK_PULLBACK,EST_OR_UPD,0,,-1,-1,0,1,652
2025-12-24 18:00:00+00:00,0.58332,0.58368,0.58307,0.58364,3830,0.000320000000000098,0.0006099999999999994,3.999999999992898e-05,0.00024999999999997247,1,0.583375,0.5245901639345874,maru,0,0,True,False,False,0.0012599999999999278,0.48,False,False,0.0012599999999999278,0.48,False,False,0.0012599999999999278,0.48,1,2691.280816490444,1.42,True,,0,,-1,-1,-1,1,670,2,0,0.0,range,1,0.58534,0.58307,653,655,0.58534,0.58307,,652,0.58534,,640,0.58198,,2,,0.58198,SEEK_PULLBACK,EST_OR_UPD,0,,-1,-1,0,1,652
2025-12-24 19:00:00+00:00,0.58362,0.58367,0.58348,0.58358,1065,4.0000000000040004e-05,0.00019000000000002348,4.999999999999449e-05,9.999999999998899e-05,-1,0.583575,0.21052631578965822,pinbar,1,0,False,False,False,0.0012599999999999278,0.15,False,False,0.0012599999999999278,0.15,False,False,0.0012599999999999278,0.15,-1,2536.39692920564,0.42,False,,0,,-1,-1,-1,1,671,2,0,0.0,range,1,0.58534,0.58307,653,655,0.58534,0.58307,,652,0.58534,,640,0.58198,,2,,0.58198,SEEK_PULLBACK,EST_OR_UPD,0,,-1,-1,0,1,652
2025-12-24 20:00:00+00:00,0.58358,0.5836,0.58346,0.58348,2342,9.999999999998899e-05,0.000140000000000029,2.0000000000020002e-05,2.0000000000020002e-05,-1,0.58353,0.7142857142854877,maru,0,0,False,False,False,0.0012599999999999278,0.11,False,False,0.0012599999999999278,0.11,False,False,0.0012599999999999278,0.11,-1,2517.8829359479596,0.93,False,,0,,-1,-1,-1,1,673,3,0,0.0,range,1,0.58534,0.58307,653,655,0.58534,0.58307,,652,0.58534,,640,0.58198,,2,,0.58198,SEEK_PULLBACK,EST_OR_UPD,0,,-1,-1,0,1,652
2025-12-24 21:00:00+00:00,0.58346,0.58361,0.58344,0.58348,2147,2.0000000000020002e-05,0.00017000000000000348,0.00012999999999996348,2.0000000000020002e-05,1,0.583525,0.11764705882364467,pinbar,-1,0,False,False,False,0.0008600000000000829,0.2,False,False,0.0012599999999999278,0.13,False,False,0.0012599999999999278,0.13,0,2482.5607515719635,0.86,False,,0,,-1,-1,-1,1,673,2,1,9.999999999998899e-05,range,1,0.58534,0.58307,653,655,0.58534,0.58307,,652,0.58534,,640,0.58198,,2,,0.58198,SEEK_PULLBACK,EST_OR_UPD,0,,-1,-1,0,1,652
2025-12-25 22:00:00+00:00,0.58391,0.58413,0.5837,0.58392,151,9.99999999995449e-06,0.00043000000000004146,0.00021000000000004349,0.00021000000000004349,1,0.583915,0.02325581395338029,pinbar,0,0,False,False,True,0.0008600000000000829,0.5,False,True,0.0008600000000000829,0.5,False,False,0.0012599999999999278,0.34,1,2260.507346660348,0.07,False,,0,,-1,-1,-1,1,676,4,0,0.0,range,1,0.58534,0.58307,653,655,0.58534,0.58307,,652,0.58534,,640,0.58198,,2,,0.58198,SEEK_PULLBACK,EST_OR_UPD,0,,-1,-1,0,1,652
2025-12-25 23:00:00+00:00,0.5838,0.584,0.58313,0.58357,5208,0.00022999999999995246,0.0008699999999999264,0.00019999999999997797,0.00043999999999999595,-1,0.583565,0.2643678160919217,pinbar,1,0,False,True,True,0.0008600000000000829,1.01,True,True,0.0008600000000000829,1.01,True,True,0.0008600000000000829,1.01,-1,2541.220932692696,2.05,True,,0,,-1,-1,-1,1,675,2,0,0.0,range,1,0.58534,0.58307,653,655,0.58534,0.58307,,652,0.58534,,640,0.58198,,2,,0.58198,SEEK_PULLBACK,EST_OR_UPD,0,,-1,-1,0,1,652
2025-12-26 00:00:00+00:00,0.58356,0.58396,0.58334,0.58344,1713,0.00012000000000000899,0.0006200000000000649,0.00040000000000006697,9.999999999998899e-05,-1,0.58365,0.19354838709676842,pinbar,-1,0,False,True,True,0.0008600000000000829,0.72,True,True,0.0008600000000000829,0.72,True,True,0.0008600000000000829,0.72,-1,2462.342748626725,0.7,False,,0,,-1,-1,-1,1,676,2,0,0.0,range,1,0.58534,0.58307,653,655,0.58534,0.58307,,652,0.58534,,640,0.58198,,2,,0.58198,SEEK_PULLBACK,EST_OR_UPD,0,,-1,-1,0,1,652
2025-12-26 01:00:00+00:00,0.58348,0.5842,0.58344,0.58349,2114,9.99999999995449e-06,0.0007600000000000939,0.0007100000000000994,4.0000000000040004e-05,1,0.58382,0.013157894736780596,pinbar,-1,0,False,True,True,0.0008600000000000829,0.88,True,True,0.0008600000000000829,0.88,True,True,0.0008600000000000829,0.88,1,2429.1672487575133,0.87,False,,0,,-1,-1,-1,1,679,4,0,0.0,range,1,0.58534,0.58307,653,655,0.58534,0.58307,,652,0.58534,,640,0.58198,,2,,0.58198,SEEK_PULLBACK,EST_OR_UPD,0,,-1,-1,0,1,652
2025-12-26 02:00:00+00:00,0.5835,0.58406,0.58344,0.58388,1471,0.00037999999999993594,0.0006200000000000649,0.000180000000000069,6.0000000000060005e-05,1,0.58375,0.6129032258062841,normal,0,0,False,True,True,0.0008600000000000829,0.72,True,True,0.0008600000000000829,0.72,True,True,0.0008600000000000829,0.72,1,2337.9132250663215,0.63,False,,0,,-1,-1,-1,1,679,3,0,0.0,range,1,0.58534,0.58307,653,655,0.58534,0.58307,,652,0.58534,,640,0.58198,,2,,0.58198,SEEK_PULLBACK,EST_OR_UPD,0,,-1,-1,0,1,652
2025-12-26 03:00:00+00:00,0.5839,0.58394,0.5832,0.5832,1984,0.0006999999999999229,0.0007399999999999629,4.0000000000040004e-05,0.0,-1,0.58357,0.9459459459458892,maru,0,0,True,True,True,0.0008600000000000829,0.86,True,True,0.0008600000000000829,0.86,True,True,0.0008600000000000829,0.86,-1,2304.2072036314335,0.86,False,,0,,-1,-1,-1,1,679,2,0,0.0,range,1,0.58534,0.58307,653,655,0.58534,0.58307,,652,0.58534,,640,0.58198,,2,,0.58198,SEEK_PULLBACK,EST_OR_UPD,0,,-1,-1,0,1,652
2025-12-26 04:00:00+00:00,0.58321,0.58346,0.58312,0.58326,1356,4.999999999999449e-05,0.00034000000000000696,0.00019999999999997797,9.00000000000345e-05,1,0.58329,0.14705882352939256,pinbar,-1,0,False,False,False,0.0007399999999999629,0.46,False,False,0.0008600000000000829,0.4,False,False,0.0008600000000000829,0.4,1,2213.9017556665353,0.61,False,,0,,-1,-1,-1,0,-1,-1,0,0.0,range,1,0.58534,0.58307,653,655,0.58534,0.58307,,652,0.58534,,640,0.58198,,2,,0.58198,SEEK_PULLBACK,EST_OR_UPD,0,,-1,-1,0,1,652
2025-12-26 05:00:00+00:00,0.58328,0.58363,0.58294,0.58349,1395,0.00020999999999993246,0.0006899999999999684,0.000140000000000029,0.00034000000000000696,1,0.583285,0.30434782608687255,pinbar,0,0,False,True,True,0.0007399999999999629,0.93,True,True,0.0007399999999999629,0.93,True,True,0.0008600000000000829,0.8,1,2135.9111122697223,0.65,False,,0,,-1,-1,-1,0,-1,-1,0,0.0,range,1,0.58534,0.58294,653,655,0.58534,0.58294,,652,0.58534,,640,0.58198,,2,,0.58198,SEEK_PULLBACK,EST_OR_UPD,0,,-1,-1,0,1,652
2025-12-26 06:00:00+00:00,0.58352,0.58368,0.58276,0.58284,2133,0.0006800000000000139,0.0009200000000000319,0.00015999999999993797,8.000000000008001e-05,-1,0.58322,0.7391304347825982,maru,0,0,True,True,True,0.0007399999999999629,1.24,True,True,0.0007399999999999629,1.24,True,True,0.0007399999999999629,1.24,-1,2135.6338634821295,1.0,False,one_maru_opposite,-1,CONFIRMED,677,678,680,0,-1,-1,0,0.0,range,1,0.58534,0.58294,653,655,0.58534,0.58294,0.14705882352939256,652,0.58534,,640,0.58198,,2,,0.58198,SEEK_PULLBACK,EST_OR_UPD,0,,-1,-1,0,1,652
2025-12-26 07:00:00+00:00,0.58286,0.58294,0.5822,0.58248,2747,0.00038000000000004697,0.0007399999999999629,7.999999999996898e-05,0.00027999999999994696,-1,0.58257,0.5135135135136027,normal,0,1,False,True,True,0.0009200000000000319,0.8,True,True,0.0007399999999999629,1.0,True,True,0.0007399999999999629,1.0,-1,2193.859209817165,1.25,True,one_maru_continuous,-1,SUCCESS,680,681,-1,0,-1,-1,1,0.00015999999999993797,range,1,0.58534,0.58294,653,655,0.58534,0.58294,1.0,652,0.58534,,640,0.58198,,2,,0.58198,SEEK_PULLBACK,EST_OR_UPD,0,,-1,-1,0,1,652
2025-12-26 08:00:00+00:00,0.58247,0.5826,0.58211,0.58257,2576,9.999999999998899e-05,0.0004899999999999904,2.999999999997449e-05,0.00036000000000002697,1,0.582355,0.20408163265304272,pinbar,1,0,False,False,True,0.0009200000000000319,0.53,False,True,0.0009200000000000319,0.53,True,True,0.0007399999999999629,0.66,1,2230.253570786959,1.16,False,,0,,-1,-1,-1,1,686,4,0,0.0,range,1,0.58534,0.58294,653,655,0.58534,0.58294,1.0,652,0.58534,,640,0.58198,,2,,0.58198,SEEK_PULLBACK,EST_OR_UPD,0,,-1,-1,0,1,652
2025-12-26 09:00:00+00:00,0.58258,0.58264,0.5819,0.5819,1892,0.0006800000000000139,0.0007400000000000739,6.0000000000060005e-05,0.0,-1,0.5822700000000001,0.9189189189188459,maru,0,0,True,True,True,0.0009200000000000319,0.8,True,True,0.0009200000000000319,0.8,True,True,0.0009200000000000319,0.8,-1,2198.0389449977247,0.86,False,,0,,-1,-1,-1,1,685,2,0,0.0,pullback,1,0.58534,0.5819,653,655,0.58534,0.5819,1.0,652,0.58534,CTS_CONFIRMED,640,0.58198,,2,0.58534,0.5819,SEEK_BREAKOUT,CONFIRMED,0,,-1,-1,0,1,652
2025-12-26 10:00:00+00:00,0.58188,0.58231,0.5818,0.58193,1891,4.999999999999449e-05,0.0005100000000000104,0.00038000000000004697,7.999999999996898e-05,1,0.582055,0.0980392156862617,pinbar,-1,0,False,False,True,0.0009200000000000319,0.55,False,True,0.0009200000000000319,0.55,False,True,0.0009200000000000319,0.55,1,2168.797140712227,0.87,False,,0,,-1,-1,-1,1,686,2,0,0.0,pullback,1,0.58534,0.5818,653,655,0.58534,0.5818,,652,0.58534,,640,0.58198,,2,0.58534,0.5818,SEEK_BREAKOUT,CONFIRMED,0,,-1,-1,0,1,652
2025-12-26 11:00:00+00:00,0.58194,0.58228,0.58192,0.58208,1638,0.000140000000000029,0.00036000000000002697,0.00019999999999997797,2.0000000000020002e-05,1,0.5821000000000001,0.3888888888889403,pinbar,-1,0,False,False,False,0.0009200000000000319,0.39,False,False,0.0009200000000000319,0.39,False,False,0.0009200000000000319,0.39,1,2118.245032072967,0.77,False,,0,,-1,-1,-1,0,-1,-1,0,0.0,pullback_range,1,0.58534,0.5818,653,655,0.58534,0.5818,,652,0.58534,,640,0.58198,,2,0.58534,0.5818,SEEK_BREAKOUT,CONFIRMED,0,,-1,-1,0,1,652
2025-12-26 12:00:00+00:00,0.58208,0.5822,0.58182,0.58214,2214,5.999999999994898e-05,0.00038000000000004697,6.0000000000060005e-05,0.000260000000000038,1,0.58201,0.1578947368419515,pinbar,1,0,False,False,False,0.0009200000000000319,0.41,False,False,0.0009200000000000319,0.41,False,False,0.0009200000000000319,0.41,1,2127.3645528279226,1.04,False,,0,,-1,-1,-1,0,-1,-1,0,0.0,pullback_range,1,0.58534,0.5818,653,655,0.58534,0.5818,,652,0.58534,,640,0.58198,,2,0.58534,0.5818,SEEK_BREAKOUT,CONFIRMED,0,,-1,-1,0,1,652
2025-12-26 13:00:00+00:00,0.58217,0.58336,0.58204,0.5832,3667,0.0010300000000000864,0.0013199999999999878,0.00015999999999993797,0.00012999999999996348,1,0.5827,0.780303030303103,maru,0,0,False,True,True,0.0009200000000000319,1.43,True,True,0.0009200000000000319,1.43,True,True,0.0009200000000000319,1.43,1,2273.9965001776445,1.61,True,,0,,-1,-1,-1,1,690,3,1,0.0009699999999999154,pullback_range,1,0.58534,0.5818,653,655,0.58534,0.5818,,652,0.58534,,640,0.58198,,2,0.58534,0.5818,SEEK_BREAKOUT,CONFIRMED,0,,-1,-1,0,1,652
2025-12-26 14:00:00+00:00,0.58322,0.5837,0.58317,0.58343,4332,0.00021000000000004349,0.0005300000000000304,0.00026999999999999247,4.999999999999449e-05,1,0.5834349999999999,0.39622641509439893,normal,0,-1,False,False,False,0.0013199999999999878,0.4,False,True,0.0009200000000000319,0.58,False,True,0.0009200000000000319,0.58,1,2469.996833494059,1.75,True,continuous,1,CONFIRMED,685,687,688,0,-1,-1,0,0.0,pullback_range,1,0.58534,0.5818,653,655,0.58534,0.5818,,652,0.58534,,640,0.58198,,2,0.58534,0.5818,SEEK_BREAKOUT,CONFIRMED,0,,-1,-1,0,1,652
2025-12-26 15:00:00+00:00,0.58344,0.58424,0.5832,0.58348,5368,4.0000000000040004e-05,0.0010399999999999299,0.0007599999999999829,0.00023999999999990695,1,0.58372,0.03846153846157952,pinbar,-1,0,False,True,True,0.0013199999999999878,0.79,True,True,0.0013199999999999878,0.79,True,True,0.0009200000000000319,1.13,1,2745.9971350660535,1.95,True,,0,,-1,-1,-1,1,694,5,0,0.0,none,0,,,-1,-1,,,,-1,,,-1,,,-1,,,NONE,NONE,0,,-1,-1,1,-1,-1
2025-12-26 16:00:00+00:00,0.58348,0.58352,0.58243,0.58273,5644,0.0007500000000000284,0.0010900000000000354,4.0000000000040004e-05,0.00029999999999996696,-1,0.582975,0.6880733944954166,maru,0,0,False,True,True,0.0013199999999999878,0.83,True,True,0.0013199999999999878,0.83,True,True,0.0013199999999999878,0.83,-1,3021.9974079169056,1.87,True,,0,,-1,-1,-1,1,692,2,1,0.000180000000000069,none,0,,,-1,-1,,,,-1,,,-1,,,-1,,,NONE,NONE,0,,-1,-1,1,-1,-1
2025-12-26 17:00:00+00:00,0.58272,0.58302,0.58252,0.58298,4641,0.000260000000000038,0.0004999999999999449,3.999999999992898e-05,0.00019999999999997797,1,0.58277,0.5200000000001332,maru,0,0,True,False,False,0.0013199999999999878,0.38,False,False,0.0013199999999999878,0.38,False,False,0.0013199999999999878,0.38,1,3176.1881309724386,1.46,True,,0,,-1,-1,-1,1,693,2,0,0.0,none,0,,,-1,-1,,,,-1,,,-1,,,-1,,,NONE,NONE,0,,-1,-1,1,-1,-1
2025-12-26 18:00:00+00:00,0.583,0.58318,0.58286,0.58298,2402,1.999999999990898e-05,0.00031999999999998696,0.000180000000000069,0.00012000000000000899,-1,0.5830200000000001,0.06249999999971811,pinbar,-1,0,False,False,False,0.0013199999999999878,0.24,False,False,0.0013199999999999878,0.24,False,False,0.0013199999999999878,0.24,0,3102.455928022682,0.77,False,,0,,-1,-1,-1,1,695,3,0,0.0,none,0,,,-1,-1,,,,-1,,,-1,,,-1,,,NONE,NONE,0,,-1,-1,1,-1,-1
2025-12-26 19:00:00+00:00,0.58298,0.58306,0.58268,0.58296,1281,2.0000000000020002e-05,0.00038000000000004697,7.999999999996898e-05,0.000280000000000058,-1,0.58287,0.052631578947414555,pinbar,1,0,False,False,False,0.0013199999999999878,0.29,False,False,0.0013199999999999878,0.29,False,False,0.0013199999999999878,0.29,-1,2928.983934877665,0.44,False,,0,,-1,-1,-1,1,695,2,0,0.0,none,0,,,-1,-1,,,,-1,,,-1,,,-1,,,NONE,NONE,0,,-1,-1,1,-1,-1
2025-12-26 20:00:00+00:00,0.58298,0.58325,0.58292,0.58325,889,0.00026999999999999247,0.0003300000000000525,0.0,6.0000000000060005e-05,1,0.5830850000000001,0.8181818181816652,maru,0,0,True,False,False,0.0013199999999999878,0.25,False,False,0.0013199999999999878,0.25,False,False,0.0013199999999999878,0.25,1,2734.6997506036014,0.33,False,one_maru_opposite,1,CONFIRMED,691,692,694,1,699,5,0,0.0,none,0,,,-1,-1,,,,-1,,,-1,,,-1,,,NONE,NONE,0,,-1,-1,1,-1,-1
2025-12-26 21:00:00+00:00,0.58326,0.58331,0.58253,0.58306,3047,0.00019999999999997797,0.0007800000000000029,4.999999999999449e-05,0.0005300000000000304,-1,0.58292,0.2564102564102272,pinbar,1,0,False,False,True,0.0013199999999999878,0.59,False,True,0.0013199999999999878,0.59,False,True,0.0013199999999999878,0.59,-1,2764.4426314984967,1.1,False,,0,,-1,-1,-1,1,697,2,0,0.0,none,0,,,-1,-1,,,,-1,,,-1,,,-1,,,NONE,NONE,0,,-1,-1,1,-1,-1
2025-12-28 22:00:00+00:00,0.58267,0.58298,0.58249,0.58274,1627,7.00000000000145e-05,0.0004900000000001015,0.00024000000000001798,0.000180000000000069,1,0.582735,0.14285714285714285,pinbar,0,0,False,False,False,0.0013199999999999878,0.37,False,False,0.0013199999999999878,0.37,False,False,0.0013199999999999878,0.37,-1,2656.114761831973,0.61,False,,0,,-1,-1,-1,1,698,2,0,0.0,none,0,,,-1,-1,,,,-1,,,-1,,,-1,,,NONE,NONE,0,,-1,-1,1,-1,-1
2025-12-28 23:00:00+00:00,0.58273,0.58306,0.5825,0.58263,1504,9.999999999998899e-05,0.0005600000000000049,0.0003300000000000525,0.00012999999999996348,-1,0.5827800000000001,0.17857142857140734,pinbar,-1,0,False,False,False,0.0013199999999999878,0.42,False,False,0.0013199999999999878,0.42,False,False,0.0013199999999999878,0.42,-1,2546.3895464194043,0.59,False,,0,,-1,-1,-1,1,699,2,0,0.0,none,0,,,-1,-1,,,,-1,,,-1,,,-1,,,NONE,NONE,0,,-1,-1,1,-1,-1
2025-12-29 00:00:00+00:00,0.58263,0.58332,0.58255,0.5827,2848,7.00000000000145e-05,0.0007699999999999374,0.0006199999999999539,7.999999999996898e-05,1,0.582935,0.09090909090911713,pinbar,-1,0,False,False,True,0.0013199999999999878,0.58,False,True,0.0013199999999999878,0.58,False,True,0.0013199999999999878,0.58,1,2575.1143515223184,1.11,False,,0,,-1,-1,-1,1,700,2,0,0.0,none,0,,,-1,-1,,,,-1,,,-1,,,-1,,,NONE,NONE,0,,-1,-1,1,-1,-1
2025-12-29 01:00:00+00:00,0.58272,0.58316,0.58259,0.58293,3239,0.00020999999999993246,0.0005699999999999594,0.0002300000000000635,0.00012999999999996348,1,0.582875,0.36842105263148667,pinbar,0,0,False,False,False,0.0013199999999999878,0.43,False,False,0.0013199999999999878,0.43,False,False,0.0013199999999999878,0.43,1,2638.3415561392403,1.23,True,,0,,-1,-1,-1,1,701,2,0,0.0,none,0,,,-1,-1,,,,-1,,,-1,,,-1,,,NONE,NONE,0,,-1,-1,1,-1,-1
2025-12-29 02:00:00+00:00,0.5829,0.58336,0.58253,0.58314,2383,0.00024000000000001798,0.0008299999999999974,0.00021999999999999797,0.00036999999999998145,1,0.582945,0.2891566265060467,pinbar,0,0,False,False,True,0.0013199999999999878,0.63,False,True,0.0013199999999999878,0.63,False,True,0.0013199999999999878,0.63,1,2614.0233126974076,0.91,False,,0,,-1,-1,-1,0,-1,-1,0,0.0,none,0,,,-1,-1,,,,-1,,,-1,,,-1,,,NONE,NONE,0,,-1,-1,1,-1,-1
2025-12-29 03:00:00+00:00,0.58313,0.5833,0.5828,0.583,1558,0.0001300000000000745,0.000500000000000056,0.00017000000000000348,0.00019999999999997797,-1,0.5830500000000001,0.2600000000001199,pinbar,0,0,False,False,False,0.0013199999999999878,0.38,False,False,0.0013199999999999878,0.38,False,False,0.0013199999999999878,0.38,-1,2513.449663869083,0.62,False,,0,,-1,-1,-1,0,-1,-1,0,0.0,none,0,,,-1,-1,,,,-1,,,-1,,,-1,,,NONE,NONE,0,,-1,-1,1,-1,-1
2025-12-29 04:00:00+00:00,0.583,0.58318,0.5825,0.58252,1331,0.00047999999999992493,0.0006800000000000139,0.000180000000000069,2.0000000000020002e-05,-1,0.58284,0.7058823529410516,maru,0,0,True,False,True,0.0013199999999999878,0.52,False,True,0.0013199999999999878,0.52,False,True,0.0013199999999999878,0.52,-1,2400.8354101672653,0.55,False,,0,,-1,-1,-1,0,-1,-1,1,0.000260000000000038,none,0,,,-1,-1,,,,-1,,,-1,,,-1,,,NONE,NONE,0,,-1,-1,1,-1,-1
2025-12-29 05:00:00+00:00,0.58252,0.58254,0.58195,0.58196,1965,0.0005600000000000049,0.0005899999999999794,1.999999999990898e-05,1.0000000000065512e-05,-1,0.5822449999999999,0.9491525423729228,maru,0,0,True,False,False,0.0013199999999999878,0.45,False,False,0.0013199999999999878,0.45,False,False,0.0013199999999999878,0.45,-1,2359.3272758656212,0.83,False,double_maru,-1,SUCCESS,702,703,-1,0,-1,-1,1,0.00029000000000001247,breakout,0,,,-1,-1,,,,703,0.58195,CTS_ESTABLISHED,689,0.58424,BOS_CONFIRMED,0,,0.58424,SEEK_PULLBACK,EST_OR_UPD,0,,-1,-1,1,-1,703
2025-12-29 06:00:00+00:00,0.58196,0.58221,0.58166,0.58194,2411,2.0000000000020002e-05,0.0005500000000000504,0.00024999999999997247,0.000280000000000058,-1,0.581935,0.0363636363636694,pinbar,1,0,False,False,True,0.0010900000000000354,0.5,False,False,0.0013199999999999878,0.42,False,False,0.0013199999999999878,0.42,-1,2364.248487687943,1.02,False,,0,,-1,-1,-1,0,-1,-1,0,0.0,breakout,0,,,-1,-1,,,,704,0.58166,CTS_UPDATED,689,0.58424,,0,,0.58424,SEEK_PULLBACK,EST_OR_UPD,0,,-1,-1,1,-1,703
2025-12-29 07:00:00+00:00,0.58196,0.58251,0.58156,0.58186,3736,9.999999999998899e-05,0.0009500000000000064,0.0005499999999999394,0.000300000000000078,-1,0.582035,0.10526315789472454,pinbar,-1,0,False,True,True,0.0010900000000000354,0.87,True,True,0.0010900000000000354,0.87,True,True,0.0013199999999999878,0.72,-1,2494.89148886052,1.5,True,,0,,-1,-1,-1,0,-1,-1,0,0.0,breakout,0,,,-1,-1,,,,705,0.58156,CTS_UPDATED,689,0.58424,,0,,0.58424,SEEK_PULLBACK,EST_OR_UPD,0,,-1,-1,1,-1,703
2025-12-29 08:00:00+00:00,0.58184,0.58186,0.58078,0.58136,3448,0.00048000000000003595,0.001080000000000081,2.0000000000020002e-05,0.0005800000000000249,-1,0.5813200000000001,0.4444444444444444,normal,0,1,False,True,True,0.0010900000000000354,0.99,True,True,0.0010900000000000354,0.99,True,True,0.0010900000000000354,0.99,-1,2585.663728016661,1.33,True,one_maru_continuous,-1,CONFIRMED,703,704,706,0,-1,-1,1,0.00012000000000000899,breakout,0,,,-1,-1,,,,706,0.58078,CTS_UPDATED,689,0.58424,,0,,0.58424,SEEK_PULLBACK,EST_OR_UPD,0,,-1,-1,1,-1,703
2025-12-29 09:00:00+00:00,0.58136,0.58144,0.5803,0.58075,3430,0.0006099999999999994,0.0011399999999999189,7.999999999996898e-05,0.00044999999999995044,-1,0.58087,0.5350877192982832,normal,0,1,False,True,True,0.0010900000000000354,1.05,True,True,0.0010900000000000354,1.05,True,True,0.0010900000000000354,1.05,-1,2666.0767063007884,1.29,True,,0,,-1,-1,-1,1,712,5,0,0.0,breakout,0,,,-1,-1,,,,707,0.5803,CTS_UPDATED,689,0.58424,,0,,0.58424,SEEK_PULLBACK,EST_OR_UPD,0,,-1,-1,1,-1,703
2025-12-29 10:00:00+00:00,0.58076,0.58109,0.58042,0.58046,2599,0.000300000000000078,0.0006699999999999484,0.00032999999999994145,3.999999999992898e-05,-1,0.580755,0.4477611940300016,normal,0,-1,False,False,True,0.0010900000000000354,0.61,False,True,0.0010900000000000354,0.61,False,True,0.0010900000000000354,0.61,-1,2659.688448557856,0.98,False,,0,,-1,-1,-1,1,712,4,0,0.0,breakout,0,,,-1,-1,,,,707,0.5803,,689,0.58424,,0,,0.58424,SEEK_PULLBACK,EST_OR_UPD,0,,-1,-1,1,-1,703
2025-12-29 11:00:00+00:00,0.58044,0.5805,0.57989,0.57998,2199,0.00045999999999990493,0.0006099999999999994,6.0000000000060005e-05,9.00000000000345e-05,-1,0.580195,0.7540983606555826,maru,0,0,False,False,True,0.0010900000000000354,0.56,False,True,0.0010900000000000354,0.56,False,True,0.0010900000000000354,0.56,-1,2615.813358219013,0.84,False,,0,,-1,-1,-1,0,-1,-1,1,0.00043999999999999595,breakout,0,,,-1,-1,,,,709,0.57989,CTS_UPDATED,689,0.58424,,0,,0.58424,SEEK_PULLBACK,EST_OR_UPD,0,,-1,-1,1,-1,703
2025-12-29 12:00:00+00:00,0.57998,0.57998,0.57902,0.57958,2483,0.00040000000000006697,0.0009600000000000719,0.0,0.0005600000000000049,-1,0.5795,0.4166666666667052,normal,0,1,False,True,True,0.0006800000000000139,1.41,True,True,0.0010900000000000354,0.88,True,True,0.0010900000000000354,0.88,-1,2603.164466960059,0.95,False,continuous,-1,CONFIRMED,707,709,710,0,-1,-1,0,0.0,breakout,0,,,-1,-1,,,,710,0.57902,CTS_UPDATED,689,0.58424,,0,,0.58424,SEEK_PULLBACK,EST_OR_UPD,0,,-1,-1,1,-1,710
2025-12-29 13:00:00+00:00,0.57961,0.58002,0.57932,0.57981,3581,0.000200000000000089,0.0007000000000000339,0.00020999999999993246,0.00029000000000001247,1,0.5796699999999999,0.285714285714399,pinbar,0,0,False,True,True,0.0006800000000000139,1.03,True,True,0.0006800000000000139,1.03,False,True,0.0010900000000000354,0.64,1,2696.2916605829105,1.33,True,,0,,-1,-1,-1,1,716,5,0,0.0,range,1,0.58002,0.57902,711,716,0.57902,0.58002,,710,0.57902,,689,0.58424,,0,,0.58424,SEEK_PULLBACK,EST_OR_UPD,0,,-1,-1,1,-1,710
2025-12-29 14:00:00+00:00,0.57981,0.58088,0.57929,0.58051,4400,0.0006999999999999229,0.0015899999999999803,0.00036999999999998145,0.000520000000000076,1,0.580085,0.44025157232700096,normal,0,0,False,True,True,0.0006800000000000139,2.34,True,True,0.0006800000000000139,2.34,True,True,0.0006800000000000139,2.34,1,2858.5495976702523,1.54,True,,0,,-1,-1,-1,1,714,2,0,0.0,range,1,0.58088,0.57902,711,716,0.57902,0.58088,0.7000000000000635,710,0.57902,,689,0.58424,,0,,0.58424,SEEK_PULLBACK,EST_OR_UPD,0,,-1,-1,1,-1,710
2025-12-29 15:00:00+00:00,0.58052,0.58098,0.57952,0.58098,5999,0.00046000000000001595,0.0014600000000000168,0.0,0.0010000000000000009,1,0.58025,0.31506849315069224,pinbar,1,0,False,True,True,0.0006800000000000139,2.15,True,True,0.0006800000000000139,2.15,True,True,0.0006800000000000139,2.15,1,3157.640112177847,1.9,True,,0,,-1,-1,-1,1,715,2,0,0.0,range,1,0.58098,0.57902,711,716,0.57902,0.58098,0.21739130434803597,710,0.57902,,689,0.58424,,0,,0.58424,SEEK_PULLBACK,EST_OR_UPD,0,,-1,-1,1,-1,710
2025-12-29 16:00:00+00:00,0.58098,0.58108,0.5803,0.58055,4220,0.00043000000000004146,0.0007800000000000029,9.999999999998899e-05,0.00024999999999997247,-1,0.58069,0.5512820512821024,normal,0,0,False,True,True,0.0006800000000000139,1.15,True,True,0.0006800000000000139,1.15,True,True,0.0006800000000000139,1.15,-1,3258.8172443513854,1.29,True,,0,,-1,-1,-1,1,717,3,0,0.0,range,1,0.58108,0.57902,711,716,0.57902,0.58108,,710,0.57902,,689,0.58424,,0,,0.58424,SEEK_PULLBACK,EST_OR_UPD,0,,-1,-1,1,-1,710
2025-12-29 17:00:00+00:00,0.58056,0.58064,0.58017,0.58032,3014,0.00024000000000001798,0.00047000000000008146,8.000000000008001e-05,0.00014999999999998348,-1,0.5804050000000001,0.5106382978722902,normal,0,0,False,True,True,0.0006800000000000139,0.69,True,True,0.0006800000000000139,0.69,True,True,0.0006800000000000139,0.69,-1,3235.50131631792,0.93,False,,0,,-1,-1,-1,1,717,2,0,0.0,range,1,0.58108,0.57902,711,716,0.57902,0.58108,,710,0.57902,,689,0.58424,,0,,0.58424,SEEK_PULLBACK,EST_OR_UPD,0,,-1,-1,1,-1,710
2025-12-29 18:00:00+00:00,0.58032,0.58064,0.57993,0.57994,1661,0.00037999999999993594,0.0007100000000000994,0.000320000000000098,1.0000000000065512e-05,-1,0.5802849999999999,0.5352112676054687,maru,0,0,True,True,True,0.0006800000000000139,1.04,True,True,0.0006800000000000139,1.04,True,True,0.0006800000000000139,1.04,-1,3085.548810001928,0.54,False,,0,,-1,-1,-1,1,718,2,0,0.0,range,1,0.58108,0.57902,711,716,0.57902,0.58108,,710,0.57902,,689,0.58424,,0,,0.58424,SEEK_PULLBACK,EST_OR_UPD,0,,-1,-1,1,-1,710
2025-12-29 19:00:00+00:00,0.57993,0.58073,0.57983,0.58064,1599,0.0007100000000000994,0.0009000000000000119,8.999999999992347e-05,9.999999999998899e-05,1,0.5802799999999999,0.7888888888889889,maru,0,0,True,True,True,0.0007100000000000994,1.27,True,True,0.0006800000000000139,1.32,True,True,0.0006800000000000139,1.32,1,2943.972732858887,0.54,False,,0,,-1,-1,-1,1,719,2,0,0.0,range,1,0.58108,0.57902,711,716,0.57902,0.58108,,710,0.57902,,689,0.58424,,0,,0.58424,SEEK_PULLBACK,EST_OR_UPD,0,,-1,-1,1,-1,710
2025-12-29 20:00:00+00:00,0.58064,0.58074,0.58025,0.58042,1288,0.00021999999999999797,0.0004899999999999904,9.999999999998899e-05,0.00017000000000000348,-1,0.580495,0.4489795918367393,normal,0,0,False,False,True,0.0009000000000000119,0.54,True,True,0.0007100000000000994,0.69,True,True,0.0006800000000000139,0.72,-1,2786.2610440151834,0.46,False,,0,,-1,-1,-1,1,720,2,0,0.0,range,1,0.58108,0.57902,711,716,0.57902,0.58108,,710,0.57902,,689,0.58424,,0,,0.58424,SEEK_PULLBACK,EST_OR_UPD,0,,-1,-1,1,-1,710
2025-12-29 21:00:00+00:00,0.58042,0.58076,0.58034,0.58037,900,4.999999999999449e-05,0.00042000000000008697,0.00034000000000000696,3.0000000000085514e-05,-1,0.58055,0.11904761904758128,pinbar,-1,0,False,False,False,0.0009000000000000119,0.47,False,False,0.0009000000000000119,0.47,False,True,0.0007100000000000994,0.59,-1,2606.6171350613563,0.35,False,,0,,-1,-1,-1,1,722,3,0,0.0,range,1,0.58108,0.57902,711,716,0.57902,0.58108,,710,0.57902,,689,0.58424,,0,,0.58424,SEEK_PULLBACK,EST_OR_UPD,0,,-1,-1,1,-1,710
2025-12-29 22:00:00+00:00,0.57999,0.58086,0.5798,0.58048,2624,0.0004899999999999904,0.001060000000000061,0.00038000000000004697,0.00019000000000002348,1,0.58033,0.46226415094336065,normal,0,0,False,True,True,0.0009000000000000119,1.18,True,True,0.0009000000000000119,1.18,True,True,0.0009000000000000119,1.18,1,2608.272646007894,1.01,False,,0,,-1,-1,-1,1,722,2,0,0.0,range,1,0.58108,0.57902,711,716,0.57902,0.58108,,710,0.57902,,689,0.58424,,0,,0.58424,SEEK_PULLBACK,EST_OR_UPD,0,,-1,-1,1,-1,710
2025-12-29 23:00:00+00:00,0.58043,0.58082,0.58038,0.58078,843,0.00034999999999996145,0.00043999999999999595,4.0000000000040004e-05,4.999999999999449e-05,1,0.5806,0.7954545454544651,maru,0,0,True,False,False,0.0009000000000000119,0.49,False,False,0.0009000000000000119,0.49,False,False,0.0009000000000000119,0.49,1,2440.15144162619,0.35,False,,0,,-1,-1,-1,1,725,4,0,0.0,range,1,0.58108,0.57902,711,716,0.57902,0.58108,,710,0.57902,,689,0.58424,,0,,0.58424,SEEK_PULLBACK,EST_OR_UPD,0,,-1,-1,1,-1,710
2025-12-30 00:00:00+00:00,0.58076,0.58098,0.58041,0.58059,1369,0.00017000000000000348,0.0005700000000000705,0.00021999999999999797,0.000180000000000069,-1,0.580695,0.29824561403505695,pinbar,0,0,False,False,True,0.0009000000000000119,0.63,False,True,0.0009000000000000119,0.63,False,True,0.0009000000000000119,0.63,-1,2338.1370186141717,0.59,False,,0,,-1,-1,-1,1,724,2,0,0.0,range,1,0.58108,0.57902,711,716,0.57902,0.58108,,710,0.57902,,689,0.58424,,0,,0.58424,SEEK_PULLBACK,EST_OR_UPD,0,,-1,-1,1,-1,710
2025-12-30 01:00:00+00:00,0.58058,0.58096,0.58023,0.58092,2384,0.00034000000000000696,0.0007300000000000084,4.0000000000040004e-05,0.00034999999999996145,1,0.580595,0.46575342465753844,normal,0,1,False,True,True,0.0009000000000000119,0.81,True,True,0.0009000000000000119,0.81,True,True,0.0009000000000000119,0.81,1,2342.5049216032985,1.02,False,,0,,-1,-1,-1,1,725,2,0,0.0,range,1,0.58108,0.57902,711,716,0.57902,0.58108,,710,0.57902,,689,0.58424,,0,,0.58424,SEEK_PULLBACK,EST_OR_UPD,0,,-1,-1,1,-1,710
2025-12-30 02:00:00+00:00,0.58093,0.58116,0.5803,0.58086,1838,6.999999999990347e-05,0.0008599999999999719,0.0002300000000000635,0.0005600000000000049,-1,0.58073,0.08139534883709972,pinbar,1,0,False,True,True,0.0009000000000000119,0.96,True,True,0.0009000000000000119,0.96,True,True,0.0009000000000000119,0.96,-1,2294.4568338315557,0.8,False,,0,,-1,-1,-1,0,-1,-1,0,0.0,range,1,0.58116,0.57902,711,716,0.57902,0.58116,,710,0.57902,,689,0.58424,,0,,0.58424,SEEK_PULLBACK,EST_OR_UPD,0,,-1,-1,1,-1,710
2025-12-30 03:00:00+00:00,0.58086,0.5811,0.58048,0.58076,1995,9.999999999998899e-05,0.0006199999999999539,0.00023999999999990695,0.000280000000000058,-1,0.5807899999999999,0.16129032258063938,pinbar,0,0,False,True,True,0.0009000000000000119,0.69,True,True,0.0009000000000000119,0.69,True,True,0.0009000000000000119,0.69,-1,2265.9371353714077,0.88,False,,0,,-1,-1,-1,1,730,5,0,0.0,range,1,0.58116,0.57902,711,716,0.57902,0.58116,,710,0.57902,,689,0.58424,,0,,0.58424,SEEK_PULLBACK,EST_OR_UPD,0,,-1,-1,1,-1,710
2025-12-30 04:00:00+00:00,0.58076,0.5814,0.58076,0.58132,880,0.0005599999999998939,0.0006399999999999739,8.000000000008001e-05,0.0,1,0.58108,0.8749999999998699,maru,0,0,False,True,True,0.0009000000000000119,0.71,True,True,0.0009000000000000119,0.71,True,True,0.0009000000000000119,0.71,1,2133.9431224788927,0.41,False,,0,,-1,-1,-1,1,729,3,1,0.00012000000000000899,range,1,0.58116,0.57902,711,716,0.57902,0.58116,0.2857142857142291,710,0.57902,,689,0.58424,,0,,0.58424,SEEK_PULLBACK,EST_OR_UPD,0,,-1,-1,1,-1,710
2025-12-30 05:00:00+00:00,0.58132,0.5818,0.58122,0.58165,1203,0.0003300000000000525,0.0005800000000000249,0.00014999999999998348,9.999999999998899e-05,1,0.58151,0.5689655172414453,normal,0,0,False,False,True,0.0009000000000000119,0.64,False,True,0.0009000000000000119,0.64,False,True,0.0009000000000000119,0.64,1,2045.2818727189983,0.59,False,one_maru_continuous,1,SUCCESS,726,727,-1,1,729,2,1,7.999999999996898e-05,pullback,1,0.5818,0.57902,711,716,0.57902,0.5818,1.0,710,0.57902,CTS_CONFIRMED,689,0.58424,,0,0.57902,0.58424,SEEK_BREAKOUT,CONFIRMED,0,,-1,-1,1,-1,710
2025-12-30 06:00:00+00:00,0.58166,0.58196,0.58148,0.58174,1571,8.000000000008001e-05,0.00048000000000003595,0.00021999999999999797,0.00017999999999995797,1,0.58172,0.16666666666682087,pinbar,0,0,False,False,True,0.0009000000000000119,0.53,False,True,0.0009000000000000119,0.53,False,True,0.0009000000000000119,0.53,1,2000.1121705552844,0.79,False,,0,,-1,-1,-1,0,-1,-1,0,0.0,pullback,1,0.58196,0.57902,711,716,0.57902,0.58196,,710,0.57902,,689,0.58424,,0,0.57902,0.58424,SEEK_BREAKOUT,CONFIRMED,0,,-1,-1,1,-1,710
2025-12-30 07:00:00+00:00,0.58174,0.5818,0.58116,0.58136,2099,0.00038000000000004697,0.0006399999999999739,5.999999999994898e-05,0.00019999999999997797,-1,0.58148,0.5937500000000976,normal,0,1,False,True,True,0.0009000000000000119,0.71,True,True,0.0009000000000000119,0.71,True,True,0.0009000000000000119,0.71,-1,2009.5300590738289,1.04,False,,0,,-1,-1,-1,0,-1,-1,0,0.0,pullback_range,1,0.58196,0.57902,711,716,0.57902,0.58196,,710,0.57902,,689,0.58424,,0,0.57902,0.58424,SEEK_BREAKOUT,CONFIRMED,0,,-1,-1,1,-1,710
2025-12-30 08:00:00+00:00,0.58139,0.58158,0.58086,0.58098,2516,0.00040999999999991044,0.0007199999999999429,0.00019000000000002348,0.00012000000000000899,-1,0.5812200000000001,0.5694444444443651,normal,0,0,False,True,True,0.0009000000000000119,0.8,True,True,0.0009000000000000119,0.8,True,True,0.0009000000000000119,0.8,-1,2057.765291542988,1.22,True,,0,,-1,-1,-1,0,-1,-1,0,0.0,pullback_range,1,0.58196,0.57902,711,716,0.57902,0.58196,,710,0.57902,,689,0.58424,,0,0.57902,0.58424,SEEK_BREAKOUT,CONFIRMED,0,,-1,-1,1,-1,710
2025-12-30 09:00:00+00:00,0.58098,0.5815,0.58066,0.5807,1801,0.000280000000000058,0.0008400000000000629,0.0005199999999999649,4.0000000000040004e-05,-1,0.58108,0.3333333333333774,pinbar,-1,0,False,True,True,0.0009000000000000119,0.93,True,True,0.0009000000000000119,0.93,True,True,0.0009000000000000119,0.93,-1,2033.3114542531798,0.89,False,,0,,-1,-1,-1,0,-1,-1,0,0.0,pullback_range,1,0.58196,0.57902,711,716,0.57902,0.58196,,710,0.57902,,689,0.58424,,0,0.57902,0.58424,SEEK_BREAKOUT,CONFIRMED,0,,-1,-1,1,-1,710
2025-12-30 10:00:00+00:00,0.5807,0.58118,0.58068,0.58083,1821,0.00012999999999996348,0.000500000000000056,0.0003500000000000725,2.0000000000020002e-05,1,0.58093,0.25999999999989787,pinbar,-1,0,False,False,True,0.0009000000000000119,0.56,False,True,0.0009000000000000119,0.56,False,True,0.0009000000000000119,0.56,1,2013.0913157528769,0.9,False,,0,,-1,-1,-1,0,-1,-1,0,0.0,pullback_range,1,0.58196,0.57902,711,716,0.57902,0.58196,,710,0.57902,,689,0.58424,,0,0.57902,0.58424,SEEK_BREAKOUT,CONFIRMED,0,,-1,-1,1,-1,710
2025-12-30 11:00:00+00:00,0.58084,0.5809,0.57992,0.58004,2090,0.0008000000000000229,0.0009799999999999809,5.999999999994898e-05,0.00012000000000000899,-1,0.58041,0.8163265306122842,maru,0,0,False,True,True,0.0009000000000000119,1.09,True,True,0.0009000000000000119,1.09,True,True,0.0009000000000000119,1.09,-1,2020.415952347841,1.03,False,,0,,-1,-1,-1,1,736,3,1,0.0006099999999999994,pullback_range,1,0.58196,0.57902,711,716,0.57902,0.58196,,710,0.57902,,689,0.58424,,0,0.57902,0.58424,SEEK_BREAKOUT,CONFIRMED,0,,-1,-1,1,-1,710
2025-12-30 12:00:00+00:00,0.58004,0.58007,0.57968,0.57982,2258,0.00021999999999999797,0.00039000000000000146,2.999999999997449e-05,0.000140000000000029,-1,0.5798749999999999,0.5641025641025568,normal,0,1,False,False,False,0.0009799999999999809,0.4,False,False,0.0009000000000000119,0.43,False,False,0.0009000000000000119,0.43,-1,2043.0430045051896,1.11,False,one_maru_continuous,-1,SUCCESS,733,734,-1,0,-1,-1,0,0.0,pullback_range,1,0.58196,0.57902,711,716,0.57902,0.58196,,710,0.57902,,689,0.58424,,0,0.57902,0.58424,SEEK_BREAKOUT,CONFIRMED,0,,-1,-1,1,-1,710
2025-12-30 13:00:00+00:00,0.57983,0.5801,0.57942,0.57974,3294,8.999999999992347e-05,0.0006799999999999029,0.00026999999999999247,0.00031999999999998696,-1,0.57976,0.13235294117637694,pinbar,0,0,False,True,True,0.0009799999999999809,0.69,True,True,0.0009799999999999809,0.69,True,True,0.0009000000000000119,0.76,-1,2162.1817659808858,1.52,True,,0,,-1,-1,-1,1,740,5,0,0.0,pullback_range,1,0.58196,0.57902,711,716,0.57902,0.58196,,710,0.57902,,689,0.58424,,0,0.57902,0.58424,SEEK_BREAKOUT,CONFIRMED,0,,-1,-1,1,-1,710
2025-12-30 14:00:00+00:00,0.57974,0.58029,0.57964,0.58026,2833,0.0005199999999999649,0.0006499999999999284,2.999999999997449e-05,9.999999999998899e-05,1,0.5799650000000001,0.8000000000000341,maru,0,0,True,True,True,0.0009799999999999809,0.66,True,True,0.0009799999999999809,0.66,True,True,0.0009799999999999809,0.66,1,2226.069216839849,1.27,True,,0,,-1,-1,-1,1,738,2,0,0.0,pullback_range,1,0.58196,0.57902,711,716,0.57902,0.58196,,710,0.57902,,689,0.58424,,0,0.57902,0.58424,SEEK_BREAKOUT,CONFIRMED,0,,-1,-1,1,-1,710
2025-12-30 15:00:00+00:00,0.58026,0.5805,0.57902,0.58048,4316,0.00021999999999999797,0.0014800000000000368,2.0000000000020002e-05,0.0012400000000000189,1,0.57976,0.14864864864864358,pinbar,1,0,False,True,True,0.0009799999999999809,1.51,True,True,0.0009799999999999809,1.51,True,True,0.0009799999999999809,1.51,1,2425.110243807482,1.78,True,,0,,-1,-1,-1,1,739,2,0,0.0,pullback_range,1,0.58196,0.57902,711,716,0.57902,0.58196,,710,0.57902,,689,0.58424,,0,0.57902,0.58424,SEEK_BREAKOUT,CONFIRMED,0,,-1,-1,1,-1,710
2025-12-30 16:00:00+00:00,0.58048,0.58066,0.58002,0.58024,3568,0.00024000000000001798,0.0006399999999999739,0.00017999999999995797,0.00021999999999999797,-1,0.58034,0.37500000000004335,pinbar,0,0,False,True,True,0.0009799999999999809,0.65,True,True,0.0009799999999999809,0.65,True,True,0.0009799999999999809,0.65,-1,2533.9568872543887,1.41,True,,0,,-1,-1,-1,0,-1,-1,0,0.0,pullback_range,1,0.58196,0.57902,711,716,0.57902,0.58196,,710,0.57902,,689,0.58424,,0,0.57902,0.58424,SEEK_BREAKOUT,CONFIRMED,0,,-1,-1,1,-1,710
2025-12-30 17:00:00+00:00,0.58025,0.5804,0.57996,0.58036,1924,0.00010999999999994348,0.00043999999999999595,4.0000000000040004e-05,0.00029000000000001247,1,0.58018,0.24999999999987385,pinbar,1,0,False,False,False,0.0009799999999999809,0.45,False,False,0.0009799999999999809,0.45,False,False,0.0009799999999999809,0.45,1,2475.8657551349233,0.78,False,,0,,-1,-1,-1,0,-1,-1,0,0.0,pullback_range,1,0.58196,0.57902,711,716,0.57902,0.58196,,710,0.57902,,689,0.58424,,0,0.57902,0.58424,SEEK_BREAKOUT,CONFIRMED,0,,-1,-1,1,-1,710
2025-12-30 18:00:00+00:00,0.58036,0.5805,0.57958,0.57965,1001,0.0007099999999999884,0.0009200000000000319,0.000140000000000029,7.00000000000145e-05,-1,0.58004,0.7717391304347433,maru,0,0,True,True,True,0.0009799999999999809,0.94,True,True,0.0009799999999999809,0.94,True,True,0.0009799999999999809,0.94,-1,2335.4023498839783,0.43,False,,0,,-1,-1,-1,0,-1,-1,1,0.00019999999999997797,pullback_range,1,0.58196,0.57902,711,716,0.57902,0.58196,,710,0.57902,,689,0.58424,,0,0.57902,0.58424,SEEK_BREAKOUT,CONFIRMED,0,,-1,-1,1,-1,710
2025-12-30 19:00:00+00:00,0.57964,0.57976,0.57899,0.57919,1193,0.00045000000000006146,0.0007700000000000484,0.00012000000000000899,0.00019999999999997797,-1,0.579375,0.5844155844156275,normal,0,0,False,True,True,0.0009799999999999809,0.79,True,True,0.0009799999999999809,0.79,True,True,0.0009799999999999809,0.79,-1,2226.602126085504,0.54,False,one_maru_continuous,-1,SUCCESS,740,741,-1,1,743,2,1,0.000140000000000029,pullback_range,1,0.58196,0.57899,711,716,0.57899,0.58196,,710,0.57902,,689,0.58424,,0,0.57899,0.58424,SEEK_BREAKOUT,CONFIRMED,0,,-1,-1,1,-1,710
2025-12-30 20:00:00+00:00,0.57921,0.57944,0.57886,0.5789,1191,0.00031000000000003247,0.0005799999999999139,0.00022999999999995246,3.999999999992898e-05,-1,0.57915,0.534482758620825,maru,0,0,True,False,True,0.0009799999999999809,0.59,False,True,0.0009799999999999809,0.59,False,True,0.0009799999999999809,0.59,-1,2127.973352172599,0.56,False,,0,,-1,-1,-1,1,744,2,0,0.0,pullback_range,1,0.58196,0.57886,711,716,0.57886,0.58196,0.29032258064524213,710,0.57902,,689,0.58424,,0,0.57886,0.58424,SEEK_BREAKOUT,CONFIRMED,0,,-1,-1,1,-1,710
2025-12-30 21:00:00+00:00,0.5789,0.57932,0.5789,0.57932,729,0.00041999999999997595,0.00041999999999997595,0.0,0.0,1,0.57911,1.0,maru,0,0,True,False,False,0.0009799999999999809,0.43,False,False,0.0009799999999999809,0.43,False,False,0.0009799999999999809,0.43,1,1994.7377948228275,0.37,False,,0,,-1,-1,-1,1,745,2,0,0.0,pullback_range,1,0.58196,0.57886,711,716,0.57886,0.58196,,710,0.57902,,689,0.58424,,0,0.57886,0.58424,SEEK_BREAKOUT,CONFIRMED,0,,-1,-1,1,-1,710
2025-12-30 22:00:00+00:00,0.57913,0.57927,0.57894,0.57896,774,0.00017000000000000348,0.00032999999999994145,0.00013999999999991797,2.0000000000020002e-05,-1,0.579105,0.5151515151516171,maru,0,0,True,False,False,0.0009799999999999809,0.34,False,False,0.0009799999999999809,0.34,False,False,0.0009799999999999809,0.34,-1,1878.4770524587489,0.41,False,,0,,-1,-1,-1,0,-1,-1,0,0.0,pullback_range,1,0.58196,0.57886,711,716,0.57886,0.58196,,710,0.57902,,689,0.58424,,0,0.57886,0.58424,SEEK_BREAKOUT,CONFIRMED,0,,-1,-1,1,-1,710
2025-12-30 23:00:00+00:00,0.579,0.57918,0.57892,0.57904,797,4.0000000000040004e-05,0.000260000000000038,0.000140000000000029,7.999999999996898e-05,1,0.5790500000000001,0.15384615384628522,pinbar,-1,0,False,False,False,0.0009200000000000319,0.28,False,False,0.0009799999999999809,0.27,False,False,0.0009799999999999809,0.27,1,1775.479237938868,0.45,False,,0,,-1,-1,-1,0,-1,-1,0,0.0,pullback_range,1,0.58196,0.57886,711,716,0.57886,0.58196,,710,0.57902,,689,0.58424,,0,0.57886,0.58424,SEEK_BREAKOUT,CONFIRMED,0,,-1,-1,1,-1,710
2025-12-31 00:00:00+00:00,0.57904,0.57922,0.57856,0.57881,1285,0.00022999999999995246,0.0006599999999999939,0.00017999999999995797,0.0002500000000000835,-1,0.5788899999999999,0.3484848484847797,pinbar,0,0,False,True,True,0.0009200000000000319,0.72,True,True,0.0009200000000000319,0.72,True,True,0.0009799999999999809,0.67,-1,1728.7669295637377,0.74,False,,0,,-1,-1,-1,0,-1,-1,0,0.0,pullback_range,1,0.58196,0.57856,711,716,0.57856,0.58196,0.21739130434784706,710,0.57902,,689,0.58424,,0,0.57856,0.58424,SEEK_BREAKOUT,CONFIRMED,0,,-1,-1,1,-1,710
2025-12-31 01:00:00+00:00,0.5788,0.57915,0.57809,0.5781,2599,0.0007000000000000339,0.001060000000000061,0.0003500000000000725,9.99999999995449e-06,-1,0.57862,0.6603773584905601,maru,0,0,True,True,True,0.0009200000000000319,1.15,True,True,0.0009200000000000319,1.15,True,True,0.0009200000000000319,1.15,-1,1811.6462696052863,1.43,True,,0,,-1,-1,-1,0,-1,-1,1,0.00020999999999993246,pullback_range,1,0.58196,0.57856,711,716,0.57856,0.58196,0.657142857142848,710,0.57902,,689,0.58424,,0,0.57856,0.58424,SEEK_BREAKOUT,CONFIRMED,0,,-1,-1,1,-1,710
2025-12-31 02:00:00+00:00,0.57808,0.57835,0.57764,0.57818,2614,9.999999999998899e-05,0.0007099999999999884,0.00017000000000000348,0.00043999999999999595,1,0.577995,0.140845070422522,pinbar,1,0,False,True,True,0.001060000000000061,0.67,True,True,0.0009200000000000319,0.77,True,True,0.0009200000000000319,0.77,1,1888.060910595259,1.38,True,,0,,-1,-1,-1,1,750,2,0,0.0,range,1,0.57835,0.57764,748,750,0.57764,0.57835,1.0,748,0.57764,CTS_ESTABLISHED,728,0.58196,BOS_CONFIRMED,1,,0.58196,SEEK_PULLBACK,EST_OR_UPD,0,,-1,-1,1,-1,748
2025-12-31 03:00:00+00:00,0.57818,0.57841,0.57791,0.57802,1500,0.000160000000000049,0.0004999999999999449,0.00022999999999995246,0.00010999999999994348,-1,0.57816,0.32000000000013323,pinbar,0,0,False,False,False,0.001060000000000061,0.47,False,False,0.001060000000000061,0.47,False,True,0.0009200000000000319,0.54,-1,1851.1027286338058,0.81,False,,0,,-1,-1,-1,0,-1,-1,0,0.0,range,1,0.57841,0.57764,748,750,0.57764,0.57841,,748,0.57764,,728,0.58196,,1,,0.58196,SEEK_PULLBACK,EST_OR_UPD,0,,-1,-1,1,-1,748
2025-12-31 04:00:00+00:00,0.57801,0.57814,0.5777,0.57772,1054,0.00029000000000001247,0.00043999999999999595,0.00012999999999996348,2.0000000000020002e-05,-1,0.57792,0.6590909090909435,maru,0,0,True,False,False,0.001060000000000061,0.42,False,False,0.001060000000000061,0.42,False,False,0.001060000000000061,0.42,-1,1775.1881830496338,0.59,False,,0,,-1,-1,-1,0,-1,-1,0,0.0,range,1,0.57841,0.57764,748,750,0.57764,0.57841,,748,0.57764,,728,0.58196,,1,,0.58196,SEEK_PULLBACK,EST_OR_UPD,0,,-1,-1,1,-1,748
2025-12-31 05:00:00+00:00,0.57774,0.57799,0.57703,0.57726,1811,0.00048000000000003595,0.0009599999999999609,0.00024999999999997247,0.00022999999999995246,-1,0.57751,0.5000000000000578,normal,0,0,False,True,True,0.001060000000000061,0.91,True,True,0.001060000000000061,0.91,True,True,0.001060000000000061,0.91,-1,1778.598832283002,1.02,False,one_maru_opposite,-1,CONFIRMED,747,748,751,1,753,2,1,0.00043999999999999595,range,1,0.57841,0.57703,748,750,0.57703,0.57841,0.7916666666667053,751,0.57703,CTS_UPDATED,728,0.58196,,1,,0.58196,SEEK_PULLBACK,EST_OR_UPD,0,,-1,-1,1,-1,748
2025-12-31 06:00:00+00:00,0.57726,0.57726,0.57675,0.57704,1362,0.00021999999999999797,0.0005100000000000104,0.0,0.00029000000000001247,-1,0.577005,0.43137254901959504,normal,0,1,False,False,False,0.001060000000000061,0.48,False,False,0.001060000000000061,0.48,False,False,0.001060000000000061,0.48,-1,1738.9227530179542,0.78,False,,0,,-1,-1,-1,1,757,5,0,0.0,range,1,0.57841,0.57675,748,750,0.57675,0.57841,,752,0.57675,CTS_UPDATED,728,0.58196,,1,,0.58196,SEEK_PULLBACK,EST_OR_UPD,0,,-1,-1,1,-1,748
2025-12-31 07:00:00+00:00,0.57704,0.57728,0.5764,0.57726,2336,0.00021999999999999797,0.0008799999999999919,2.0000000000020002e-05,0.0006399999999999739,1,0.57684,0.25,pinbar,1,0,False,True,True,0.001060000000000061,0.83,True,True,0.001060000000000061,0.83,True,True,0.001060000000000061,0.83,1,1795.7872527305299,1.3,True,,0,,-1,-1,-1,1,755,2,0,0.0,range,1,0.57841,0.5764,748,750,0.5764,0.57841,,753,0.5764,CTS_UPDATED,728,0.58196,,1,,0.58196,SEEK_PULLBACK,EST_OR_UPD,0,,-1,-1,1,-1,748
2025-12-31 08:00:00+00:00,0.57728,0.57744,0.57644,0.57657,3059,0.0007099999999999884,0.0010000000000000009,0.00015999999999993797,0.0001300000000000745,-1,0.57694,0.7099999999999878,maru,0,0,False,True,True,0.001060000000000061,0.94,True,True,0.001060000000000061,0.94,True,True,0.001060000000000061,0.94,-1,1916.0932286609554,1.6,True,double_maru,-1,CONFIRMED,750,751,754,1,757,3,0,0.0,range,1,0.57841,0.5764,748,750,0.5764,0.57841,,753,0.5764,,728,0.58196,,1,,0.58196,SEEK_PULLBACK,EST_OR_UPD,0,,-1,-1,1,-1,748
2025-12-31 09:00:00+00:00,0.57656,0.57689,0.57648,0.5766,2315,4.0000000000040004e-05,0.00041000000000002146,0.00029000000000001247,7.999999999996898e-05,1,0.576685,0.09756097560984855,pinbar,-1,0,False,False,False,0.001060000000000061,0.39,False,False,0.001060000000000061,0.39,False,False,0.001060000000000061,0.39,1,1954.0843497408644,1.18,False,,0,,-1,-1,-1,1,757,2,0,0.0,range,1,0.57841,0.5764,748,750,0.5764,0.57841,,753,0.5764,,728,0.58196,,1,,0.58196,SEEK_PULLBACK,EST_OR_UPD,0,,-1,-1,1,-1,748
2025-12-31 10:00:00+00:00,0.57662,0.57686,0.57602,0.57626,2329,0.00036000000000002697,0.0008400000000000629,0.00024000000000001798,0.00024000000000001798,-1,0.5764400000000001,0.42857142857142855,normal,0,0,False,True,True,0.001060000000000061,0.79,True,True,0.001060000000000061,0.79,True,True,0.001060000000000061,0.79,-1,1989.7906021464964,1.17,False,one_maru_opposite,-1,CONFIRMED,754,755,756,1,759,3,0,0.0,range,1,0.57841,0.57602,748,750,0.57602,0.57841,0.3888888888889403,756,0.57602,CTS_UPDATED,728,0.58196,,1,,0.58196,SEEK_PULLBACK,EST_OR_UPD,0,,-1,-1,1,-1,748
2025-12-31 11:00:00+00:00,0.57626,0.57698,0.57623,0.57688,1870,0.0006199999999999539,0.0007500000000000284,0.00010000000000010001,2.999999999997449e-05,1,0.576605,0.8266666666665738,maru,0,0,False,True,True,0.001060000000000061,0.71,True,True,0.001060000000000061,0.71,True,True,0.001060000000000061,0.71,1,1978.3819733706396,0.95,False,,0,,-1,-1,-1,1,759,2,0,0.0,range,1,0.57841,0.57602,748,750,0.57602,0.57841,,756,0.57602,,728,0.58196,,1,,0.58196,SEEK_PULLBACK,EST_OR_UPD,0,,-1,-1,1,-1,748
2025-12-31 12:00:00+00:00,0.57688,0.57736,0.57684,0.57704,2640,0.000160000000000049,0.0005199999999999649,0.00031999999999998696,3.999999999992898e-05,1,0.5771,0.3076923076924227,pinbar,-1,0,False,False,False,0.001060000000000061,0.49,False,False,0.001060000000000061,0.49,False,False,0.001060000000000061,0.49,1,2041.3932140020072,1.29,True,one_maru_continuous,1,SUCCESS,757,758,-1,0,-1,-1,0,0.0,range,1,0.57841,0.57602,748,750,0.57602,0.57841,,756,0.57602,,728,0.58196,,1,,0.58196,SEEK_PULLBACK,EST_OR_UPD,0,,-1,-1,1,-1,748
2025-12-31 13:00:00+00:00,0.57705,0.57708,0.57612,0.57686,3180,0.00018999999999991246,0.0009600000000000719,3.0000000000085514e-05,0.0007400000000000739,-1,0.5766,0.19791666666656066,pinbar,1,0,False,True,True,0.001060000000000061,0.91,True,True,0.001060000000000061,0.91,True,True,0.001060000000000061,0.91,-1,2149.8319555256253,1.48,True,,0,,-1,-1,-1,0,-1,-1,0,0.0,range,1,0.57841,0.57602,748,750,0.57602,0.57841,,756,0.57602,,728,0.58196,,1,,0.58196,SEEK_PULLBACK,EST_OR_UPD,0,,-1,-1,1,-1,748
2025-12-31 14:00:00+00:00,0.57686,0.57689,0.57581,0.57586,5065,0.0010000000000000009,0.0010799999999999699,2.999999999997449e-05,4.999999999999449e-05,-1,0.57635,0.9259259259259526,maru,0,0,True,True,True,0.001060000000000061,1.02,True,True,0.001060000000000061,1.02,True,True,0.001060000000000061,1.02,-1,2427.4670073803277,2.09,True,,0,,-1,-1,-1,0,-1,-1,1,0.00020999999999993246,range,1,0.57841,0.57602,748,750,0.57602,0.57841,0.15999999999993783,760,0.57581,CTS_UPDATED,728,0.58196,,1,,0.58196,SEEK_PULLBACK,EST_OR_UPD,0,,-1,-1,1,-1,748
2025-12-31 15:00:00+00:00,0.57588,0.57591,0.574,0.575,5189,0.0008799999999999919,0.0019100000000000783,3.0000000000085514e-05,0.0010000000000000009,-1,0.574955,0.4607329842931706,normal,0,1,False,True,True,0.0010799999999999699,1.77,True,True,0.001060000000000061,1.8,True,True,0.001060000000000061,1.8,-1,2690.470149534582,1.93,True,one_maru_continuous,-1,SUCCESS,760,761,-1,1,763,2,1,0.00029000000000001247,breakout,0,,,-1,-1,,,1.0,761,0.574,CTS_UPDATED,728,0.58196,,1,,0.58196,SEEK_PULLBACK,EST_OR_UPD,0,,-1,-1,1,-1,761
2025-12-31 16:00:00+00:00,0.57502,0.57552,0.57487,0.57538,3813,0.00036000000000002697,0.0006500000000000394,0.000140000000000029,0.00014999999999998348,1,0.575195,0.5538461538461618,normal,0,0,False,False,True,0.0010799999999999699,0.6,False,True,0.0010799999999999699,0.6,False,True,0.001060000000000061,0.61,1,2797.3777543408123,1.36,True,,0,,-1,-1,-1,1,764,2,0,0.0,range,1,0.57552,0.574,762,764,0.574,0.57552,,761,0.574,,728,0.58196,,1,,0.58196,SEEK_PULLBACK,EST_OR_UPD,0,,-1,-1,1,-1,761
2025-12-31 17:00:00+00:00,0.57539,0.57566,0.5752,0.57546,3067,7.00000000000145e-05,0.00045999999999990493,0.00019999999999997797,0.00018999999999991246,1,0.57543,0.15217391304354122,pinbar,0,0,False,False,False,0.0010799999999999699,0.43,False,False,0.0010799999999999699,0.43,False,False,0.0010799999999999699,0.43,1,2823.0560634512112,1.09,False,,0,,-1,-1,-1,1,765,2,0,0.0,range,1,0.57566,0.574,762,764,0.574,0.57566,,761,0.574,,728,0.58196,,1,,0.58196,SEEK_PULLBACK,EST_OR_UPD,0,,-1,-1,1,-1,761
2025-12-31 18:00:00+00:00,0.57546,0.5756,0.57515,0.57531,1774,0.00014999999999998348,0.00044999999999995044,0.000140000000000029,0.00015999999999993797,-1,0.575375,0.3333333333333333,pinbar,0,0,False,False,False,0.0010799999999999699,0.42,False,False,0.0010799999999999699,0.42,False,False,0.0010799999999999699,0.42,-1,2723.1459621701433,0.65,False,,0,,-1,-1,-1,1,767,3,0,0.0,range,1,0.57566,0.574,762,764,0.574,0.57566,,761,0.574,,728,0.58196,,1,,0.58196,SEEK_PULLBACK,EST_OR_UPD,0,,-1,-1,1,-1,761
2025-12-31 19:00:00+00:00,0.57533,0.57547,0.57506,0.57524,2092,9.00000000000345e-05,0.00041000000000002146,0.000140000000000029,0.00017999999999995797,-1,0.575265,0.21951219512202386,pinbar,0,0,False,False,False,0.0010799999999999699,0.38,False,False,0.0010799999999999699,0.38,False,False,0.0010799999999999699,0.38,-1,2663.0368229158444,0.79,False,,0,,-1,-1,-1,0,-1,-1,0,0.0,range,1,0.57566,0.574,762,764,0.574,0.57566,,761,0.574,,728,0.58196,,1,,0.58196,SEEK_PULLBACK,EST_OR_UPD,0,,-1,-1,1,-1,761
2025-12-31 20:00:00+00:00,0.57524,0.57574,0.57512,0.57562,923,0.00038000000000004697,0.0006200000000000649,0.00012000000000000899,0.00012000000000000899,1,0.57543,0.6129032258064632,normal,0,0,False,False,True,0.0010799999999999699,0.57,False,True,0.0010799999999999699,0.57,False,True,0.0010799999999999699,0.57,1,2497.3190302571925,0.37,False,,0,,-1,-1,-1,0,-1,-1,0,0.0,range,1,0.57574,0.574,762,764,0.574,0.57574,,761,0.574,,728,0.58196,,1,,0.58196,SEEK_PULLBACK,EST_OR_UPD,0,,-1,-1,1,-1,761
2025-12-31 21:00:00+00:00,0.57564,0.57586,0.57528,0.5756,646,4.0000000000040004e-05,0.0005800000000000249,0.00021999999999999797,0.00031999999999998696,-1,0.57557,0.06896551724144531,pinbar,1,0,False,False,True,0.0010799999999999699,0.54,False,True,0.0010799999999999699,0.54,False,True,0.0010799999999999699,0.54,-1,2321.00293213746,0.28,False,,0,,-1,-1,-1,1,769,2,0,0.0,range,1,0.57586,0.574,762,764,0.574,0.57586,,761,0.574,,728,0.58196,,1,,0.58196,SEEK_PULLBACK,EST_OR_UPD,0,,-1,-1,1,-1,761
2026-01-01 22:00:00+00:00,0.57588,0.5762,0.57574,0.57586,922,1.999999999990898e-05,0.00046000000000001595,0.000320000000000098,0.00012000000000000899,-1,0.5759700000000001,0.04347826086936584,pinbar,-1,0,False,False,False,0.0010799999999999699,0.43,False,False,0.0010799999999999699,0.43,False,False,0.0010799999999999699,0.43,1,2187.764557648178,0.42,False,,0,,-1,-1,-1,0,-1,-1,0,0.0,range,1,0.5762,0.574,762,764,0.574,0.5762,,761,0.574,,728,0.58196,,1,,0.58196,SEEK_PULLBACK,EST_OR_UPD,0,,-1,-1,1,-1,761
2026-01-01 23:00:00+00:00,0.57584,0.57598,0.57522,0.57576,927,7.999999999996898e-05,0.0007600000000000939,0.000140000000000029,0.000540000000000096,-1,0.5756,0.10526315789468302,pinbar,1,0,False,True,True,0.0010799999999999699,0.7,True,True,0.0010799999999999699,0.7,True,True,0.0010799999999999699,0.7,-1,2067.691742634066,0.45,False,,0,,-1,-1,-1,0,-1,-1,0,0.0,range,1,0.5762,0.574,762,764,0.574,0.5762,,761,0.574,,728,0.58196,,1,,0.58196,SEEK_PULLBACK,EST_OR_UPD,0,,-1,-1,1,-1,761
2026-01-02 00:00:00+00:00,0.57576,0.57642,0.57514,0.57627,1294,0.0005099999999998994,0.0012800000000000589,0.0001500000000000945,0.0006200000000000649,1,0.57578,0.3984374999999031,normal,0,1,False,True,True,0.0010799999999999699,1.19,True,True,0.0010799999999999699,1.19,True,True,0.0010799999999999699,1.19,1,1994.006814764155,0.65,False,,0,,-1,-1,-1,1,774,4,1,0.00027999999999994696,range,1,0.57642,0.574,762,764,0.574,0.57642,0.13725490196062212,761,0.574,,728,0.58196,,1,,0.58196,SEEK_PULLBACK,EST_OR_UPD,0,,-1,-1,1,-1,761
2026-01-02 01:00:00+00:00,0.57626,0.57704,0.57626,0.57672,2214,0.00046000000000001595,0.0007800000000000029,0.00031999999999998696,0.0,1,0.57665,0.589743589743608,normal,0,-1,False,True,True,0.0010799999999999699,0.72,True,True,0.0010799999999999699,0.72,True,True,0.0010799999999999699,0.72,1,2014.9585466913784,1.1,False,,0,,-1,-1,-1,1,773,2,1,7.999999999996898e-05,range,1,0.57704,0.574,762,764,0.574,0.57704,0.6521739130433838,761,0.574,,728,0.58196,,1,,0.58196,SEEK_PULLBACK,EST_OR_UPD,0,,-1,-1,1,-1,761
2026-01-02 02:00:00+00:00,0.57674,0.57708,0.5765,0.5767,1429,4.0000000000040004e-05,0.0005800000000000249,0.00034000000000000696,0.00019999999999997797,-1,0.57679,0.06896551724144531,pinbar,-1,0,False,False,True,0.0010799999999999699,0.54,False,True,0.0010799999999999699,0.54,False,True,0.0010799999999999699,0.54,-1,1959.152970816009,0.73,False,,0,,-1,-1,-1,0,-1,-1,0,0.0,range,1,0.57708,0.574,762,764,0.574,0.57708,,761,0.574,,728,0.58196,,1,,0.58196,SEEK_PULLBACK,EST_OR_UPD,0,,-1,-1,1,-1,761
2026-01-02 03:00:00+00:00,0.57671,0.57693,0.57632,0.57686,1251,0.0001500000000000945,0.0006099999999999994,7.00000000000145e-05,0.00038999999999989043,1,0.576625,0.24590163934441744,pinbar,1,0,False,False,True,0.0010799999999999699,0.56,False,True,0.0010799999999999699,0.56,False,True,0.0010799999999999699,0.56,1,1891.7098307382937,0.66,False,,0,,-1,-1,-1,1,777,4,0,0.0,range,1,0.57708,0.574,762,764,0.574,0.57708,,761,0.574,,728,0.58196,,1,,0.58196,SEEK_PULLBACK,EST_OR_UPD,0,,-1,-1,1,-1,761
2026-01-02 04:00:00+00:00,0.57685,0.57694,0.57604,0.57604,1101,0.0008099999999999774,0.0009000000000000119,9.00000000000345e-05,0.0,-1,0.57649,0.8999999999999629,maru,0,0,True,True,True,0.0010799999999999699,0.83,True,True,0.0010799999999999699,0.83,True,True,0.0010799999999999699,0.83,-1,1816.404132572742,0.61,False,,0,,-1,-1,-1,1,777,3,1,6.0000000000060005e-05,range,1,0.57708,0.574,762,764,0.574,0.57708,,761,0.574,,728,0.58196,,1,,0.58196,SEEK_PULLBACK,EST_OR_UPD,0,,-1,-1,1,-1,761
2026-01-02 05:00:00+00:00,0.57603,0.57626,0.57578,0.57592,910,0.0001100000000000545,0.00048000000000003595,0.00022999999999995246,0.000140000000000029,-1,0.57602,0.22916666666676305,pinbar,0,0,False,False,False,0.0010799999999999699,0.44,False,False,0.0010799999999999699,0.44,False,False,0.0010799999999999699,0.44,-1,1730.0799294705762,0.53,False,one_maru_continuous,-1,SUCCESS,774,775,-1,0,-1,-1,1,2.999999999997449e-05,range,1,0.57708,0.574,762,764,0.574,0.57708,,761,0.574,,728,0.58196,,1,,0.58196,SEEK_PULLBACK,EST_OR_UPD,0,,-1,-1,1,-1,761
2026-01-02 06:00:00+00:00,0.5759,0.57601,0.5756,0.57562,1274,0.00027999999999994696,0.00041000000000002146,0.0001100000000000545,2.0000000000020002e-05,-1,0.575805,0.6829268292681275,maru,0,0,True,False,False,0.0010799999999999699,0.38,False,False,0.0010799999999999699,0.38,False,False,0.0010799999999999699,0.38,-1,1686.6437457114737,0.76,False,,0,,-1,-1,-1,0,-1,-1,0,0.0,range,1,0.57708,0.574,762,764,0.574,0.57708,,761,0.574,,728,0.58196,,1,,0.58196,SEEK_PULLBACK,EST_OR_UPD,0,,-1,-1,1,-1,761
2026-01-02 07:00:00+00:00,0.57562,0.57653,0.57556,0.57642,2449,0.0008000000000000229,0.0009700000000000264,0.00010999999999994348,6.0000000000060005e-05,1,0.5760449999999999,0.8247422680412383,maru,0,0,False,True,True,0.0010799999999999699,0.9,True,True,0.0010799999999999699,0.9,True,True,0.0010799999999999699,0.9,1,1759.2491032627618,1.39,True,,0,,-1,-1,-1,0,-1,-1,1,0.00017999999999995797,range,1,0.57708,0.574,762,764,0.574,0.57708,,761,0.574,,728,0.58196,,1,,0.58196,SEEK_PULLBACK,EST_OR_UPD,0,,-1,-1,1,-1,761
2026-01-02 08:00:00+00:00,0.57639,0.57714,0.57619,0.57692,3721,0.0005300000000000304,0.0009500000000000064,0.00021999999999999797,0.00019999999999997797,1,0.576665,0.5578947368421335,normal,0,0,False,True,True,0.0010799999999999699,0.88,True,True,0.0010799999999999699,0.88,True,True,0.0010799999999999699,0.88,1,1946.0825219996416,1.91,True,one_maru_continuous,1,SUCCESS,777,778,-1,1,781,3,1,0.00012999999999996348,range,1,0.57714,0.574,762,764,0.574,0.57714,,761,0.574,,728,0.58196,,1,,0.58196,SEEK_PULLBACK,EST_OR_UPD,0,,-1,-1,1,-1,761
2026-01-02 09:00:00+00:00,0.5769,0.57724,0.57666,0.57696,2592,6.0000000000060005e-05,0.0005800000000000249,0.00027999999999994696,0.00024000000000001798,1,0.57695,0.10344827586216797,pinbar,0,0,False,False,True,0.0010799999999999699,0.54,False,True,0.0010799999999999699,0.54,False,True,0.0010799999999999699,0.54,1,2007.59847228539,1.29,True,,0,,-1,-1,-1,1,781,2,0,0.0,range,1,0.57724,0.574,762,764,0.574,0.57724,,761,0.574,,728,0.58196,,1,,0.58196,SEEK_PULLBACK,EST_OR_UPD,0,,-1,-1,1,-1,761
2026-01-02 10:00:00+00:00,0.57696,0.5774,0.57684,0.57721,2075,0.00024999999999997247,0.0005600000000000049,0.00019000000000002348,0.00012000000000000899,1,0.5771200000000001,0.44642857142851833,normal,0,0,False,False,True,0.0010799999999999699,0.52,False,True,0.0010799999999999699,0.52,False,True,0.0010799999999999699,0.52,1,2014.0176654010672,1.03,False,,0,,-1,-1,-1,1,782,2,0,0.0,range,1,0.5774,0.574,762,764,0.574,0.5774,,761,0.574,,728,0.58196,,1,,0.58196,SEEK_PULLBACK,EST_OR_UPD,0,,-1,-1,1,-1,761
2026-01-02 11:00:00+00:00,0.57719,0.5773,0.57677,0.57695,2042,0.00024000000000001798,0.0005300000000000304,0.0001100000000000545,0.00017999999999995797,-1,0.577035,0.4528301886792532,normal,0,0,False,False,False,0.0010799999999999699,0.49,False,False,0.0010799999999999699,0.49,False,False,0.0010799999999999699,0.49,-1,2016.6826496485846,1.01,False,,0,,-1,-1,-1,1,785,4,0,0.0,range,1,0.5774,0.574,762,764,0.574,0.5774,,761,0.574,,728,0.58196,,1,,0.58196,SEEK_PULLBACK,EST_OR_UPD,0,,-1,-1,1,-1,761
2026-01-02 12:00:00+00:00,0.57694,0.57727,0.57668,0.57688,2032,6.0000000000060005e-05,0.0005899999999999794,0.00032999999999994145,0.00019999999999997797,-1,0.576975,0.10169491525434254,pinbar,-1,0,False,False,True,0.0010799999999999699,0.55,False,True,0.0010799999999999699,0.55,False,True,0.0010799999999999699,0.55,-1,2018.141444920148,1.01,False,,0,,-1,-1,-1,1,785,3,0,0.0,range,1,0.5774,0.574,762,764,0.574,0.5774,,761,0.574,,728,0.58196,,1,,0.58196,SEEK_PULLBACK,EST_OR_UPD,0,,-1,-1,1,-1,761
2026-01-02 13:00:00+00:00,0.5769,0.57709,0.57642,0.57657,2145,0.00032999999999994145,0.0006699999999999484,0.00019000000000002348,0.00014999999999998348,-1,0.576755,0.49253731343278634,normal,0,0,False,False,True,0.0010799999999999699,0.62,False,True,0.0010799999999999699,0.62,False,True,0.0010799999999999699,0.62,-1,2030.22321207061,1.06,False,,0,,-1,-1,-1,1,786,3,0,0.0,range,1,0.5774,0.574,762,764,0.574,0.5774,,761,0.574,,728,0.58196,,1,,0.58196,SEEK_PULLBACK,EST_OR_UPD,0,,-1,-1,1,-1,761
2026-01-02 14:00:00+00:00,0.57656,0.57742,0.5765,0.57739,3085,0.0008299999999999974,0.0009200000000000319,3.0000000000085514e-05,5.999999999994898e-05,1,0.57696,0.9021739130434442,maru,0,0,True,True,True,0.0010799999999999699,0.85,True,True,0.0010799999999999699,0.85,True,True,0.0010799999999999699,0.85,1,2130.6781442543615,1.45,True,,0,,-1,-1,-1,1,786,2,0,0.0,range,1,0.57742,0.574,762,764,0.574,0.57742,,761,0.574,,728,0.58196,,1,,0.58196,SEEK_PULLBACK,EST_OR_UPD,0,,-1,-1,1,-1,761
2026-01-02 15:00:00+00:00,0.57738,0.5778,0.5769,0.57718,5044,0.00019999999999997797,0.0009000000000000119,0.00041999999999997595,0.000280000000000058,-1,0.57735,0.22222222222219482,pinbar,0,0,False,True,True,0.0010799999999999699,0.83,True,True,0.0010799999999999699,0.83,True,True,0.0010799999999999699,0.83,-1,2408.137368611089,2.09,True,,0,,-1,-1,-1,0,-1,-1,0,0.0,range,1,0.5778,0.574,762,764,0.574,0.5778,,761,0.574,,728,0.58196,,1,,0.58196,SEEK_PULLBACK,EST_OR_UPD,0,,-1,-1,1,-1,761
2026-01-02 16:00:00+00:00,0.57718,0.5772,0.57638,0.57654,4867,0.0006399999999999739,0.0008200000000000429,2.0000000000020002e-05,0.000160000000000049,-1,0.57679,0.7804878048779761,maru,0,0,False,True,True,0.0010799999999999699,0.76,True,True,0.0010799999999999699,0.76,True,True,0.0010799999999999699,0.76,-1,2642.3147620767,1.84,True,,0,,-1,-1,-1,1,789,3,0,0.0,range,1,0.5778,0.574,762,764,0.574,0.5778,,761,0.574,,728,0.58196,,1,,0.58196,SEEK_PULLBACK,EST_OR_UPD,0,,-1,-1,1,-1,761
2026-01-02 17:00:00+00:00,0.57652,0.57707,0.5764,0.57674,3444,0.00021999999999999797,0.0006699999999999484,0.00032999999999994145,0.00012000000000000899,1,0.576735,0.32835820895524614,pinbar,0,0,False,True,True,0.0009700000000000264,0.69,False,True,0.0010799999999999699,0.62,False,True,0.0010799999999999699,0.62,1,2718.665737117014,1.27,True,,0,,-1,-1,-1,1,789,2,0,0.0,range,1,0.5778,0.574,762,764,0.574,0.5778,,761,0.574,,728,0.58196,,1,,0.58196,SEEK_PULLBACK,EST_OR_UPD,0,,-1,-1,1,-1,761
2026-01-02 18:00:00+00:00,0.57674,0.57676,0.57592,0.57618,1375,0.0005600000000000049,0.0008400000000000629,2.0000000000020002e-05,0.000260000000000038,-1,0.5763400000000001,0.6666666666666227,maru,0,0,False,True,True,0.0009700000000000264,0.87,True,True,0.0009700000000000264,0.87,True,True,0.0010799999999999699,0.78,-1,2590.697571677298,0.53,False,,0,,-1,-1,-1,1,790,2,0,0.0,range,1,0.5778,0.574,762,764,0.574,0.5778,,761,0.574,,728,0.58196,,1,,0.58196,SEEK_PULLBACK,EST_OR_UPD,0,,-1,-1,1,-1,761
2026-01-02 19:00:00+00:00,0.57618,0.57672,0.57614,0.57667,1702,0.0004899999999999904,0.0005800000000000249,4.999999999999449e-05,4.0000000000040004e-05,1,0.57643,0.8448275862068437,maru,0,0,True,False,True,0.0009700000000000264,0.6,False,True,0.0009700000000000264,0.6,False,True,0.0009700000000000264,0.6,1,2506.0597077080315,0.68,False,,0,,-1,-1,-1,0,-1,-1,0,0.0,range,1,0.5778,0.574,762,764,0.574,0.5778,,761,0.574,,728,0.58196,,1,,0.58196,SEEK_PULLBACK,EST_OR_UPD,0,,-1,-1,1,-1,761
2026-01-02 20:00:00+00:00,0.57669,0.5768,0.57646,0.57675,903,5.999999999994898e-05,0.00034000000000000696,4.999999999999449e-05,0.0002300000000000635,1,0.57663,0.17647058823514045,pinbar,1,0,False,False,False,0.0009700000000000264,0.35,False,False,0.0009700000000000264,0.35,False,False,0.0009700000000000264,0.35,1,2353.387354592981,0.38,False,,0,,-1,-1,-1,0,-1,-1,1,2.0000000000020002e-05,range,1,0.5778,0.574,762,764,0.574,0.5778,,761,0.574,,728,0.58196,,1,,0.58196,SEEK_PULLBACK,EST_OR_UPD,0,,-1,-1,1,-1,761
2026-01-02 21:00:00+00:00,0.57675,0.57709,0.57674,0.57694,999,0.00019000000000002348,0.00034999999999996145,0.00014999999999998348,9.99999999995449e-06,1,0.5769150000000001,0.5428571428572697,normal,0,-1,False,False,False,0.0009700000000000264,0.36,False,False,0.0009700000000000264,0.36,False,False,0.0009700000000000264,0.36,1,2224.398082726983,0.45,False,one_maru_continuous,1,CONFIRMED,789,790,791,0,-1,-1,0,0.0,range,1,0.5778,0.574,762,764,0.574,0.5778,,761,0.574,,728,0.58196,,1,,0.58196,SEEK_PULLBACK,EST_OR_UPD,0,,-1,-1,1,-1,761
2026-01-04 22:00:00+00:00,0.57652,0.57655,0.57476,0.57566,1849,0.0008600000000000829,0.0017899999999999583,2.999999999997449e-05,0.0008999999999999009,-1,0.575655,0.4804469273743592,normal,0,1,False,True,True,0.0009700000000000264,1.85,True,True,0.0009700000000000264,1.85,True,True,0.0009700000000000264,1.85,-1,2188.645884372032,0.84,False,,0,,-1,-1,-1,1,794,2,0,0.0,range,1,0.5778,0.574,762,764,0.574,0.5778,,761,0.574,,728,0.58196,,1,,0.58196,SEEK_PULLBACK,EST_OR_UPD,0,,-1,-1,1,-1,761
2026-01-04 23:00:00+00:00,0.57566,0.57694,0.57518,0.57549,2455,0.00017000000000000348,0.0017599999999999838,0.0012800000000000589,0.00030999999999992145,-1,0.57606,0.09659090909091196,pinbar,-1,0,False,True,True,0.0009700000000000264,1.81,True,True,0.0009700000000000264,1.81,True,True,0.0009700000000000264,1.81,-1,2214.012943003267,1.11,False,,0,,-1,-1,-1,1,795,2,0,0.0,range,1,0.5778,0.574,762,764,0.574,0.5778,,761,0.574,,728,0.58196,,1,,0.58196,SEEK_PULLBACK,EST_OR_UPD,0,,-1,-1,1,-1,761
2026-01-05 00:00:00+00:00,0.57548,0.57634,0.57524,0.57546,3894,2.0000000000020002e-05,0.0010999999999999899,0.0008599999999999719,0.00021999999999999797,-1,0.57579,0.018181818181836534,pinbar,-1,0,False,True,True,0.0009700000000000264,1.13,True,True,0.0009700000000000264,1.13,True,True,0.0009700000000000264,1.13,-1,2374.011710336289,1.64,True,,0,,-1,-1,-1,1,796,2,0,0.0,range,1,0.5778,0.574,762,764,0.574,0.5778,,761,0.574,,728,0.58196,,1,,0.58196,SEEK_PULLBACK,EST_OR_UPD,0,,-1,-1,1,-1,761
2026-01-05 01:00:00+00:00,0.57544,0.57619,0.57488,0.57568,5425,0.00024000000000001798,0.0013100000000000334,0.0005100000000000104,0.0005600000000000049,1,0.5755349999999999,0.18320610687023806,pinbar,0,0,False,True,True,0.0009700000000000264,1.35,True,True,0.0009700000000000264,1.35,True,True,0.0009700000000000264,1.35,1,2664.582023637595,2.04,True,,0,,-1,-1,-1,1,797,2,0,0.0,range,1,0.5778,0.574,762,764,0.574,0.5778,,761,0.574,,728,0.58196,,1,,0.58196,SEEK_PULLBACK,EST_OR_UPD,0,,-1,-1,1,-1,761
2026-01-05 02:00:00+00:00,0.57568,0.57629,0.57534,0.57599,3685,0.00031000000000003247,0.0009500000000000064,0.00029999999999996696,0.00034000000000000696,1,0.575815,0.3263157894737162,pinbar,0,0,False,True,True,0.0009700000000000264,0.98,True,True,0.0009700000000000264,0.98,True,True,0.0009700000000000264,0.98,1,2761.764688053062,1.33,True,,0,,-1,-1,-1,1,799,3,0,0.0,range,1,0.5778,0.574,762,764,0.574,0.5778,,761,0.574,,728,0.58196,,1,,0.58196,SEEK_PULLBACK,EST_OR_UPD,0,,-1,-1,1,-1,761
2026-01-05 03:00:00+00:00,0.57598,0.57616,0.575,0.575,3033,0.000980000000000092,0.0011600000000000499,0.00017999999999995797,0.0,-1,0.57558,0.8448275862069394,maru,0,0,True,True,True,0.0009700000000000264,1.2,True,True,0.0009700000000000264,1.2,True,True,0.0009700000000000264,1.2,-1,2787.5966225241987,1.09,False,,0,,-1,-1,-1,1,799,2,1,0.00015999999999993797,range,1,0.5778,0.574,762,764,0.574,0.5778,,761,0.574,,728,0.58196,,1,,0.58196,SEEK_PULLBACK,EST_OR_UPD,0,,-1,-1,1,-1,761
2026-01-05 04:00:00+00:00,0.575,0.57518,0.57424,0.57509,2675,9.00000000000345e-05,0.0009400000000000519,9.00000000000345e-05,0.0007599999999999829,1,0.57471,0.09574468085109525,pinbar,1,0,False,True,True,0.0011600000000000499,0.81,True,True,0.0009700000000000264,0.97,True,True,0.0009700000000000264,0.97,1,2776.873134664751,0.96,False,,0,,-1,-1,-1,1,801,3,0,0.0,range,1,0.5778,0.574,762,764,0.574,0.5778,,761,0.574,,728,0.58196,,1,,0.58196,SEEK_PULLBACK,EST_OR_UPD,0,,-1,-1,1,-1,761
2026-01-05 05:00:00+00:00,0.57506,0.57557,0.57475,0.57547,2180,0.00041000000000002146,0.0008200000000000429,9.999999999998899e-05,0.00031000000000003247,1,0.57516,0.5,normal,0,1,False,True,True,0.0011600000000000499,0.71,True,True,0.0011600000000000499,0.71,True,True,0.0009700000000000264,0.85,1,2720.028074220489,0.8,False,,0,,-1,-1,-1,1,801,2,0,0.0,range,1,0.5778,0.574,762,764,0.574,0.5778,,761,0.574,,728,0.58196,,1,,0.58196,SEEK_PULLBACK,EST_OR_UPD,0,,-1,-1,1,-1,761
2026-01-05 06:00:00+00:00,0.57548,0.57573,0.57488,0.57566,2578,0.00017999999999995797,0.0008500000000000174,7.00000000000145e-05,0.0006000000000000449,1,0.575305,0.21176470588229915,pinbar,1,0,False,True,True,0.0011600000000000499,0.73,True,True,0.0011600000000000499,0.73,True,True,0.0011600000000000499,0.73,1,2706.501590961395,0.95,False,,0,,-1,-1,-1,1,802,2,0,0.0,range,1,0.5778,0.574,762,764,0.574,0.5778,,761,0.574,,728,0.58196,,1,,0.58196,SEEK_PULLBACK,EST_OR_UPD,0,,-1,-1,1,-1,761
2026-01-05 07:00:00+00:00,0.57565,0.5759,0.57471,0.57494,3398,0.0007099999999999884,0.0011899999999999133,0.00024999999999997247,0.00022999999999995246,-1,0.575305,0.5966386554622186,normal,0,0,False,True,True,0.0011600000000000499,1.03,True,True,0.0011600000000000499,1.03,True,True,0.0011600000000000499,1.03,-1,2772.358582298405,1.23,True,,0,,-1,-1,-1,1,803,2,0,0.0,range,1,0.5778,0.574,762,764,0.574,0.5778,,761,0.574,,728,0.58196,,1,,0.58196,SEEK_PULLBACK,EST_OR_UPD,0,,-1,-1,1,-1,761
2026-01-05 08:00:00+00:00,0.57492,0.57584,0.57456,0.57522,3835,0.00029999999999996696,0.0012800000000000589,0.0006200000000000649,0.00036000000000002697,1,0.5751999999999999,0.23437499999996342,pinbar,0,0,False,True,True,0.0011600000000000499,1.1,True,True,0.0011600000000000499,1.1,True,True,0.0011600000000000499,1.1,1,2873.562526841414,1.33,True,,0,,-1,-1,-1,1,805,3,0,0.0,range,1,0.5778,0.574,762,764,0.574,0.5778,,761,0.574,,728,0.58196,,1,,0.58196,SEEK_PULLBACK,EST_OR_UPD,0,,-1,-1,1,-1,761
2026-01-05 09:00:00+00:00,0.57522,0.57539,0.57454,0.57498,2611,0.00023999999999990695,0.0008499999999999064,0.00017000000000000348,0.00043999999999999595,-1,0.574965,0.2823529411763922,pinbar,1,0,False,True,True,0.0011600000000000499,0.73,True,True,0.0011600000000000499,0.73,True,True,0.0011600000000000499,0.73,-1,2848.5565719041365,0.92,False,,0,,-1,-1,-1,0,-1,-1,0,0.0,range,1,0.5778,0.574,762,764,0.574,0.5778,,761,0.574,,728,0.58196,,1,,0.58196,SEEK_PULLBACK,EST_OR_UPD,0,,-1,-1,1,-1,761
2026-01-05 10:00:00+00:00,0.57498,0.57632,0.57496,0.57615,2840,0.0011700000000000044,0.0013600000000000279,0.00017000000000000348,2.0000000000020002e-05,1,0.57564,0.8602941176470444,maru,0,0,False,True,True,0.0011600000000000499,1.17,True,True,0.0011600000000000499,1.17,True,True,0.0011600000000000499,1.17,1,2847.7416602942185,1.0,False,,0,,-1,-1,-1,1,806,2,1,0.00039000000000000146,range,1,0.5778,0.574,762,764,0.574,0.5778,,761,0.574,,728,0.58196,,1,,0.58196,SEEK_PULLBACK,EST_OR_UPD,0,,-1,-1,1,-1,761
2026-01-05 11:00:00+00:00,0.57618,0.5764,0.57578,0.57578,2813,0.00040000000000006697,0.0006200000000000649,0.00021999999999999797,0.0,-1,0.57609,0.645161290322621,maru,0,0,True,False,False,0.0013600000000000279,0.46,False,True,0.0011600000000000499,0.53,False,True,0.0011600000000000499,0.53,-1,2844.432930742388,0.99,False,,0,,-1,-1,-1,0,-1,-1,0,0.0,range,1,0.5778,0.574,762,764,0.574,0.5778,,761,0.574,,728,0.58196,,1,,0.58196,SEEK_PULLBACK,EST_OR_UPD,0,,-1,-1,1,-1,761
2026-01-05 12:00:00+00:00,0.57578,0.57625,0.57555,0.57563,2746,0.00014999999999998348,0.0007000000000000339,0.00047000000000008146,7.999999999996898e-05,-1,0.5759000000000001,0.2142857142856803,pinbar,-1,0,False,False,True,0.0013600000000000279,0.51,False,True,0.0013600000000000279,0.51,False,True,0.0011600000000000499,0.6,-1,2835.0583659097797,0.97,False,,0,,-1,-1,-1,0,-1,-1,1,9.999999999998899e-05,range,1,0.5778,0.574,762,764,0.574,0.5778,,761,0.574,,728,0.58196,,1,,0.58196,SEEK_PULLBACK,EST_OR_UPD,0,,-1,-1,1,-1,761
2026-01-05 13:00:00+00:00,0.57566,0.57568,0.57418,0.57566,5130,0.0,0.0014999999999999458,2.0000000000020002e-05,0.0014799999999999258,0,0.5749299999999999,0.0,pinbar,1,0,False,True,True,0.0013600000000000279,1.1,True,True,0.0013600000000000279,1.1,True,True,0.0013600000000000279,1.1,1,3053.624235823134,1.68,True,,0,,-1,-1,-1,0,-1,-1,0,0.0,range,1,0.5778,0.574,762,764,0.574,0.5778,,761,0.574,,728,0.58196,,1,,0.58196,SEEK_PULLBACK,EST_OR_UPD,0,,-1,-1,1,-1,761
2026-01-05 14:00:00+00:00,0.57566,0.57674,0.57556,0.57644,6204,0.0007800000000000029,0.0011800000000000699,0.000300000000000078,9.999999999998899e-05,1,0.5761499999999999,0.6610169491525056,maru,0,0,False,True,True,0.0013600000000000279,0.87,True,True,0.0013600000000000279,0.87,True,True,0.0013600000000000279,0.87,1,3353.6600228875973,1.85,True,one_maru_opposite,1,CONFIRMED,804,805,808,0,-1,-1,1,0.0006500000000000394,range,1,0.5778,0.574,762,764,0.574,0.5778,,761,0.574,,728,0.58196,,1,,0.58196,SEEK_PULLBACK,EST_OR_UPD,0,,-1,-1,1,-1,761
2026-01-05 15:00:00+00:00,0.57644,0.57847,0.57633,0.5781,6330,0.0016599999999999948,0.0021400000000000308,0.0003700000000000925,0.00010999999999994348,1,0.5774,0.7757009345794257,maru,0,0,False,True,True,0.0013600000000000279,1.57,True,True,0.0013600000000000279,1.57,True,True,0.0013600000000000279,1.57,1,3637.120973088778,1.74,True,one_maru_continuous,1,SUCCESS,808,809,-1,0,-1,-1,1,0.0013499999999999623,range,1,0.5778,0.574,762,764,0.574,0.5778,0.1807228915662457,761,0.574,,728,0.58196,,1,,0.58196,SEEK_PULLBACK,EST_OR_UPD,0,,-1,-1,1,-1,761
2026-01-05 16:00:00+00:00,0.5781,0.57911,0.57809,0.5788,4453,0.0007000000000000339,0.0010200000000000209,0.00031000000000003247,9.99999999995449e-06,1,0.5786,0.6862745098039408,maru,0,0,False,False,False,0.0021400000000000308,0.48,True,True,0.0013600000000000279,0.75,True,True,0.0013600000000000279,0.75,1,3714.8237375565136,1.2,True,one_maru_continuous,1,SUCCESS,809,810,-1,1,812,2,1,7.00000000000145e-05,pullback,1,0.57911,0.574,762,764,0.574,0.57911,1.0,761,0.574,CTS_CONFIRMED,728,0.58196,,1,0.574,0.58196,SEEK_BREAKOUT,CONFIRMED,0,,-1,-1,1,-1,761
2026-01-05 17:00:00+00:00,0.5788,0.57897,0.57854,0.57862,3225,0.00017999999999995797,0.00042999999999993044,0.00017000000000000348,7.999999999996898e-05,-1,0.578755,0.4186046511627607,normal,0,-1,False,False,False,0.0021400000000000308,0.2,False,False,0.0021400000000000308,0.2,False,False,0.0013600000000000279,0.32,-1,3668.1738577892265,0.88,False,,0,,-1,-1,-1,1,814,3,0,0.0,pullback_range,1,0.57911,0.574,762,764,0.574,0.57911,,761,0.574,,728,0.58196,,1,0.574,0.58196,SEEK_BREAKOUT,CONFIRMED,0,,-1,-1,1,-1,761
2026-01-05 18:00:00+00:00,0.57862,0.57884,0.57859,0.57884,1300,0.00021999999999999797,0.00024999999999997247,0.0,2.999999999997449e-05,1,0.5787150000000001,0.8800000000000888,maru,0,0,True,False,False,0.0021400000000000308,0.12,False,False,0.0021400000000000308,0.12,False,False,0.0021400000000000308,0.12,1,3442.6334903807287,0.38,False,,0,,-1,-1,-1,1,816,4,0,0.0,pullback_range,1,0.57911,0.574,762,764,0.574,0.57911,,761,0.574,,728,0.58196,,1,0.574,0.58196,SEEK_BREAKOUT,CONFIRMED,0,,-1,-1,1,-1,761
2026-01-05 19:00:00+00:00,0.57886,0.57911,0.57876,0.57909,975,0.00022999999999995246,0.00034999999999996145,2.0000000000020002e-05,9.999999999998899e-05,1,0.578935,0.6571428571427937,maru,0,0,True,False,False,0.0021400000000000308,0.16,False,False,0.0021400000000000308,0.16,False,False,0.0021400000000000308,0.16,1,3207.6207770111355,0.3,False,,0,,-1,-1,-1,1,815,2,1,3.999999999992898e-05,pullback_range,1,0.57911,0.574,762,764,0.574,0.57911,,761,0.574,,728,0.58196,,1,0.574,0.58196,SEEK_BREAKOUT,CONFIRMED,0,,-1,-1,1,-1,761
2026-01-05 20:00:00+00:00,0.57908,0.57919,0.57888,0.57889,688,0.00019000000000002348,0.00031000000000003247,0.00010999999999994348,1.0000000000065512e-05,-1,0.579035,0.6129032258064632,maru,0,0,True,False,False,0.0021400000000000308,0.14,False,False,0.0021400000000000308,0.14,False,False,0.0021400000000000308,0.14,-1,2967.6568934862657,0.23,False,,0,,-1,-1,-1,0,-1,-1,0,0.0,pullback,1,0.57919,0.574,762,764,0.574,0.57919,,761,0.574,,728,0.58196,,1,0.574,0.58196,SEEK_BREAKOUT,CONFIRMED,0,,-1,-1,1,-1,761
2026-01-05 21:00:00+00:00,0.57892,0.57908,0.57881,0.5789,670,2.0000000000020002e-05,0.00026999999999999247,0.000160000000000049,8.999999999992347e-05,-1,0.578945,0.07407407407415022,pinbar,-1,0,False,False,False,0.0021400000000000308,0.13,False,False,0.0021400000000000308,0.13,False,False,0.0021400000000000308,0.13,1,2748.8324274399547,0.24,False,,0,,-1,-1,-1,0,-1,-1,0,0.0,pullback_range,1,0.57919,0.574,762,764,0.574,0.57919,,761,0.574,,728,0.58196,,1,0.574,0.58196,SEEK_BREAKOUT,CONFIRMED,0,,-1,-1,1,-1,761
2026-01-05 22:00:00+00:00,0.57867,0.57893,0.57864,0.5788,1432,0.00012999999999996348,0.00028999999999990145,0.00012999999999996348,2.999999999997449e-05,1,0.578785,0.4482758620689919,normal,0,-1,False,False,False,0.0021400000000000308,0.14,False,False,0.0021400000000000308,0.14,False,False,0.0021400000000000308,0.14,-1,2623.419815302816,0.55,False,,0,,-1,-1,-1,1,818,2,0,0.0,pullback_range,1,0.57919,0.574,762,764,0.574,0.57919,,761,0.574,,728,0.58196,,1,0.574,0.58196,SEEK_BREAKOUT,CONFIRMED,0,,-1,-1,1,-1,761
2026-01-05 23:00:00+00:00,0.57882,0.57892,0.57845,0.57856,905,0.000260000000000038,0.00046999999999997044,9.999999999998899e-05,0.00010999999999994348,-1,0.578685,0.5531914893618177,normal,0,0,False,False,False,0.0021400000000000308,0.22,False,False,0.0021400000000000308,0.22,False,False,0.0021400000000000308,0.22,-1,2459.7607852739766,0.37,False,,0,,-1,-1,-1,0,-1,-1,0,0.0,pullback_range,1,0.57919,0.574,762,764,0.574,0.57919,,761,0.574,,728,0.58196,,1,0.574,0.58196,SEEK_BREAKOUT,CONFIRMED,0,,-1,-1,1,-1,761
2026-01-06 00:00:00+00:00,0.57857,0.57884,0.57828,0.57878,2032,0.00020999999999993246,0.0005600000000000049,6.0000000000060005e-05,0.00029000000000001247,1,0.57856,0.3749999999998761,pinbar,1,0,False,False,False,0.0021400000000000308,0.26,False,False,0.0021400000000000308,0.26,False,False,0.0021400000000000308,0.26,1,2419.0216628669314,0.84,False,,0,,-1,-1,-1,0,-1,-1,0,0.0,pullback_range,1,0.57919,0.574,762,764,0.574,0.57919,,761,0.574,,728,0.58196,,1,0.574,0.58196,SEEK_BREAKOUT,CONFIRMED,0,,-1,-1,1,-1,761
2026-01-06 01:00:00+00:00,0.57878,0.57968,0.57793,0.57946,3820,0.0006800000000000139,0.0017499999999999183,0.00021999999999999797,0.0008499999999999064,1,0.578805,0.38857142857145466,pinbar,0,0,False,True,True,0.0021400000000000308,0.82,True,True,0.0021400000000000308,0.82,True,True,0.0021400000000000308,0.82,1,2552.448171165319,1.5,True,,0,,-1,-1,-1,0,-1,-1,1,0.00043999999999999595,pullback,1,0.57968,0.574,762,764,0.574,0.57968,0.39705882352939253,761,0.574,,728,0.58196,,1,0.574,0.58196,SEEK_BREAKOUT,CONFIRMED,0,,-1,-1,1,-1,761
2026-01-06 02:00:00+00:00,0.57945,0.58064,0.57928,0.5803,2792,0.0008500000000000174,0.0013600000000000279,0.00034000000000000696,0.00017000000000000348,1,0.57996,0.625,normal,0,0,False,False,True,0.0021400000000000308,0.64,False,True,0.0021400000000000308,0.64,False,True,0.0021400000000000308,0.64,1,2575.262631054336,1.08,False,,0,,-1,-1,-1,1,822,2,0,0.0,pullback,1,0.58064,0.574,762,764,0.574,0.58064,0.7294117647059438,761,0.574,,728,0.58196,,1,0.574,0.58196,SEEK_BREAKOUT,CONFIRMED,0,,-1,-1,1,-1,761
2026-01-06 03:00:00+00:00,0.58029,0.5803,0.57962,0.57978,2525,0.0005100000000000104,0.0006800000000000139,1.0000000000065512e-05,0.00015999999999993797,-1,0.57996,0.75,maru,0,0,False,False,False,0.0021400000000000308,0.32,False,False,0.0021400000000000308,0.32,False,False,0.0021400000000000308,0.32,-1,2570.475713811066,0.98,False,,0,,-1,-1,-1,1,823,2,0,0.0,pullback_range,1,0.58064,0.574,762,764,0.574,0.58064,,761,0.574,,728,0.58196,,1,0.574,0.58196,SEEK_BREAKOUT,CONFIRMED,0,,-1,-1,1,-1,761
2026-01-06 04:00:00+00:00,0.57978,0.58012,0.57969,0.57991,1795,0.0001300000000000745,0.00042999999999993044,0.00020999999999993246,8.999999999992347e-05,1,0.579905,0.302325581395571,pinbar,0,0,False,False,False,0.0010200000000000209,0.42,False,False,0.0021400000000000308,0.2,False,False,0.0021400000000000308,0.2,1,2496.6208839242972,0.72,False,,0,,-1,-1,-1,0,-1,-1,0,0.0,pullback_range,1,0.58064,0.574,762,764,0.574,0.58064,,761,0.574,,728,0.58196,,1,0.574,0.58196,SEEK_BREAKOUT,CONFIRMED,0,,-1,-1,1,-1,761
2026-01-06 05:00:00+00:00,0.57992,0.58049,0.57984,0.57996,2284,4.0000000000040004e-05,0.0006499999999999284,0.0005299999999999194,7.999999999996898e-05,1,0.580165,0.06153846153852986,pinbar,-1,0,False,False,True,0.0010200000000000209,0.64,False,True,0.0010200000000000209,0.64,False,False,0.0021400000000000308,0.3,1,2476.371275931507,0.92,False,,0,,-1,-1,-1,1,825,2,0,0.0,pullback_range,1,0.58064,0.574,762,764,0.574,0.58064,,761,0.574,,728,0.58196,,1,0.574,0.58196,SEEK_BREAKOUT,CONFIRMED,0,,-1,-1,1,-1,761
2026-01-06 06:00:00+00:00,0.57996,0.58078,0.57988,0.58063,2345,0.0006699999999999484,0.0009000000000000119,0.00014999999999998348,8.000000000008001e-05,1,0.58033,0.7444444444443773,maru,0,0,False,True,True,0.0010200000000000209,0.88,True,True,0.0010200000000000209,0.88,True,True,0.0010200000000000209,0.88,1,2463.859725842792,0.95,False,,0,,-1,-1,-1,0,-1,-1,0,0.0,pullback,1,0.58078,0.574,762,764,0.574,0.58078,,761,0.574,,728,0.58196,,1,0.574,0.58196,SEEK_BREAKOUT,CONFIRMED,0,,-1,-1,1,-1,761
2026-01-06 07:00:00+00:00,0.5806,0.581,0.5802,0.58044,2297,0.000160000000000049,0.0007999999999999119,0.00039999999999995595,0.00023999999999990695,-1,0.5806,0.20000000000008328,pinbar,0,0,False,True,True,0.0009000000000000119,0.89,True,True,0.0010200000000000209,0.78,True,True,0.0010200000000000209,0.78,-1,2447.9683233815736,0.94,False,,0,,-1,-1,-1,0,-1,-1,0,0.0,pullback,1,0.581,0.574,762,764,0.574,0.581,,761,0.574,,728,0.58196,,1,0.574,0.58196,SEEK_BREAKOUT,CONFIRMED,0,,-1,-1,1,-1,761
2026-01-06 08:00:00+00:00,0.58044,0.58105,0.57951,0.57968,3860,0.0007599999999999829,0.0015399999999999858,0.0006099999999999994,0.00017000000000000348,-1,0.5802799999999999,0.49350649350648695,normal,0,-1,False,True,True,0.0009000000000000119,1.71,True,True,0.0009000000000000119,1.71,True,True,0.0010200000000000209,1.51,-1,2582.4475306785666,1.49,True,,0,,-1,-1,-1,0,-1,-1,1,0.000500000000000056,pullback,1,0.58105,0.574,762,764,0.574,0.58105,,761,0.574,,728,0.58196,,1,0.574,0.58196,SEEK_BREAKOUT,CONFIRMED,0,,-1,-1,1,-1,761
2026-01-06 09:00:00+00:00,0.57967,0.5797,0.57896,0.57916,4136,0.0005100000000000104,0.0007399999999999629,2.999999999997449e-05,0.00019999999999997797,-1,0.57933,0.6891891891892379,maru,0,0,False,True,True,0.0009000000000000119,0.82,True,True,0.0009000000000000119,0.82,True,True,0.0009000000000000119,0.82,-1,2730.4049087091794,1.51,True,,0,,-1,-1,-1,1,831,4,0,0.0,pullback_range,1,0.58105,0.574,762,764,0.574,0.58105,,761,0.574,,728,0.58196,,1,0.574,0.58196,SEEK_BREAKOUT,CONFIRMED,0,,-1,-1,1,-1,761
2026-01-06 10:00:00+00:00,0.57914,0.57954,0.57884,0.57894,3087,0.00019999999999997797,0.0007000000000000339,0.00040000000000006697,9.999999999998899e-05,-1,0.5791900000000001,0.2857142857142404,pinbar,-1,0,False,True,True,0.0009000000000000119,0.78,True,True,0.0009000000000000119,0.78,True,True,0.0009000000000000119,0.78,-1,2764.366345974972,1.12,False,,0,,-1,-1,-1,1,831,3,0,0.0,pullback_range,1,0.58105,0.574,762,764,0.574,0.58105,,761,0.574,,728,0.58196,,1,0.574,0.58196,SEEK_BREAKOUT,CONFIRMED,0,,-1,-1,1,-1,761
2026-01-06 11:00:00+00:00,0.57892,0.57908,0.5786,0.57884,2431,7.999999999996898e-05,0.00048000000000003595,0.000160000000000049,0.00024000000000001798,-1,0.57884,0.16666666666658958,pinbar,0,0,False,False,True,0.0009000000000000119,0.53,False,True,0.0009000000000000119,0.53,False,True,0.0009000000000000119,0.53,-1,2732.617170167832,0.89,False,,0,,-1,-1,-1,1,831,2,0,0.0,pullback_range,1,0.58105,0.574,762,764,0.574,0.58105,,761,0.574,,728,0.58196,,1,0.574,0.58196,SEEK_BREAKOUT,CONFIRMED,0,,-1,-1,1,-1,761
2026-01-06 12:00:00+00:00,0.57884,0.57916,0.57829,0.57832,2002,0.000520000000000076,0.0008700000000000374,0.00031999999999998696,2.999999999997449e-05,-1,0.5787249999999999,0.5977011494253489,maru,0,0,True,True,True,0.0009000000000000119,0.97,True,True,0.0009000000000000119,0.97,True,True,0.0009000000000000119,0.97,-1,2663.0345825328,0.75,False,one_maru_continuous,-1,CONFIRMED,827,828,830,1,835,5,0,0.0,pullback_range,1,0.58105,0.574,762,764,0.574,0.58105,,761,0.574,,728,0.58196,,1,0.574,0.58196,SEEK_BREAKOUT,CONFIRMED,0,,-1,-1,1,-1,761
2026-01-06 13:00:00+00:00,0.57834,0.57916,0.57816,0.57904,3934,0.0007000000000000339,0.0010000000000000009,0.00012000000000000899,0.00017999999999995797,1,0.57866,0.7000000000000333,maru,0,0,False,True,True,0.0009000000000000119,1.11,True,True,0.0009000000000000119,1.11,True,True,0.0009000000000000119,1.11,1,2784.0789080058667,1.41,True,,0,,-1,-1,-1,1,835,4,0,0.0,pullback_range,1,0.58105,0.574,762,764,0.574,0.58105,,761,0.574,,728,0.58196,,1,0.574,0.58196,SEEK_BREAKOUT,CONFIRMED,0,,-1,-1,1,-1,761
2026-01-06 14:00:00+00:00,0.57902,0.57979,0.57866,0.57926,5378,0.00024000000000001798,0.0011300000000000754,0.0005300000000000304,0.00036000000000002697,1,0.579225,0.2123893805309752,pinbar,0,0,False,True,True,0.0010000000000000009,1.13,True,True,0.0009000000000000119,1.26,True,True,0.0009000000000000119,1.26,1,3031.119012005308,1.77,True,,0,,-1,-1,-1,0,-1,-1,0,0.0,pullback_range,1,0.58105,0.574,762,764,0.574,0.58105,,761,0.574,,728,0.58196,,1,0.574,0.58196,SEEK_BREAKOUT,CONFIRMED,0,,-1,-1,1,-1,761
2026-01-06 15:00:00+00:00,0.57924,0.57924,0.57718,0.57775,5227,0.0014899999999999913,0.0020599999999999508,0.0,0.0005699999999999594,-1,0.57821,0.7233009708737995,maru,0,0,False,True,True,0.0010000000000000009,2.06,True,True,0.0010000000000000009,2.06,True,True,0.0009000000000000119,2.29,-1,3240.2505346714693,1.61,True,,0,,-1,-1,-1,1,835,2,1,0.0007499999999999174,pullback_range,1,0.58105,0.574,762,764,0.574,0.58105,,761,0.574,,728,0.58196,,1,0.574,0.58196,SEEK_BREAKOUT,CONFIRMED,0,,-1,-1,1,-1,761
2026-01-06 16:00:00+00:00,0.57776,0.57791,0.57688,0.57779,4340,2.999999999997449e-05,0.0010300000000000864,0.00012000000000000899,0.0008800000000001029,1,0.577395,0.0291262135922058,pinbar,1,0,False,False,True,0.0020599999999999508,0.5,True,True,0.0010000000000000009,1.03,True,True,0.0010000000000000009,1.03,1,3344.9885789884725,1.3,True,,0,,-1,-1,-1,0,-1,-1,0,0.0,pullback_range,1,0.58105,0.574,762,764,0.574,0.58105,,761,0.574,,728,0.58196,,1,0.574,0.58196,SEEK_BREAKOUT,CONFIRMED,0,,-1,-1,1,-1,761
2026-01-06 17:00:00+00:00,0.57778,0.57848,0.57774,0.57829,2621,0.0005100000000000104,0.0007399999999999629,0.00019000000000002348,3.999999999992898e-05,1,0.57811,0.6891891891892379,maru,0,0,False,False,False,0.0020599999999999508,0.36,False,False,0.0020599999999999508,0.36,True,True,0.0010000000000000009,0.74,1,3276.0372857514753,0.8,False,,0,,-1,-1,-1,1,837,2,1,0.00012000000000000899,pullback_range,1,0.58105,0.574,762,764,0.574,0.58105,,761,0.574,,728,0.58196,,1,0.574,0.58196,SEEK_BREAKOUT,CONFIRMED,0,,-1,-1,1,-1,761
2026-01-06 18:00:00+00:00,0.57829,0.57854,0.57803,0.57806,1253,0.00022999999999995246,0.0005100000000000104,0.0002500000000000835,2.999999999997449e-05,-1,0.578285,0.4509803921567603,normal,0,-1,False,False,False,0.0020599999999999508,0.25,False,False,0.0020599999999999508,0.25,False,False,0.0020599999999999508,0.25,-1,3083.367068060859,0.41,False,,0,,-1,-1,-1,1,838,2,0,0.0,pullback_range,1,0.58105,0.574,762,764,0.574,0.58105,,761,0.574,,728,0.58196,,1,0.574,0.58196,SEEK_BREAKOUT,CONFIRMED,0,,-1,-1,1,-1,761
2026-01-06 19:00:00+00:00,0.57808,0.57822,0.57782,0.57821,1150,0.00012999999999996348,0.00039999999999995595,9.99999999995449e-06,0.000260000000000038,1,0.57802,0.3249999999999445,pinbar,1,0,False,False,False,0.0020599999999999508,0.19,False,False,0.0020599999999999508,0.19,False,False,0.0020599999999999508,0.19,1,2899.236871102682,0.4,False,,0,,-1,-1,-1,1,841,4,0,0.0,pullback_range,1,0.58105,0.574,762,764,0.574,0.58105,,761,0.574,,728,0.58196,,1,0.574,0.58196,SEEK_BREAKOUT,CONFIRMED,0,,-1,-1,1,-1,761
2026-01-06 20:00:00+00:00,0.57822,0.5787,0.57818,0.57841,1214,0.00019000000000002348,0.0005199999999999649,0.00029000000000001247,3.999999999992898e-05,1,0.5784400000000001,0.3653846153846852,pinbar,-1,0,False,False,False,0.0020599999999999508,0.25,False,False,0.0020599999999999508,0.25,False,False,0.0020599999999999508,0.25,1,2738.7381214738552,0.44,False,,0,,-1,-1,-1,1,840,2,1,9.999999999998899e-05,pullback_range,1,0.58105,0.574,762,764,0.574,0.58105,,761,0.574,,728,0.58196,,1,0.574,0.58196,SEEK_BREAKOUT,CONFIRMED,0,,-1,-1,1,-1,761
2026-01-06 21:00:00+00:00,0.57843,0.57857,0.57832,0.57845,650,2.0000000000020002e-05,0.0002500000000000835,0.00012000000000000899,0.0001100000000000545,1,0.578445,0.08000000000005329,pinbar,0,0,False,False,False,0.0020599999999999508,0.12,False,False,0.0020599999999999508,0.12,False,False,0.0020599999999999508,0.12,1,2539.810681333488,0.26,False,,0,,-1,-1,-1,1,842,3,0,0.0,pullback_range,1,0.58105,0.574,762,764,0.574,0.58105,,761,0.574,,728,0.58196,,1,0.574,0.58196,SEEK_BREAKOUT,CONFIRMED,0,,-1,-1,1,-1,761
2026-01-06 22:00:00+00:00,0.5782,0.57963,0.57796,0.57864,3201,0.00043999999999999595,0.0016699999999999493,0.0009899999999999354,0.00024000000000001798,1,0.578795,0.26347305389222114,pinbar,-1,0,False,True,True,0.0020599999999999508,0.81,True,True,0.0020599999999999508,0.81,True,True,0.0020599999999999508,0.81,1,2602.7810926350603,1.23,True,,0,,-1,-1,-1,1,842,2,0,0.0,pullback_range,1,0.58105,0.574,762,764,0.574,0.58105,,761,0.574,,728,0.58196,,1,0.574,0.58196,SEEK_BREAKOUT,CONFIRMED,0,,-1,-1,1,-1,761
2026-01-06 23:00:00+00:00,0.57868,0.57881,0.57804,0.5781,771,0.0005800000000000249,0.0007700000000000484,0.0001300000000000745,5.999999999994898e-05,-1,0.578425,0.7532467532467383,maru,0,0,True,False,False,0.0020599999999999508,0.37,False,False,0.0020599999999999508,0.37,False,False,0.0020599999999999508,0.37,-1,2428.3257504793405,0.32,False,,0,,-1,-1,-1,1,843,2,0,0.0,pullback_range,1,0.58105,0.574,762,764,0.574,0.58105,,761,0.574,,728,0.58196,,1,0.574,0.58196,SEEK_BREAKOUT,CONFIRMED,0,,-1,-1,1,-1,761
2026-01-07 00:00:00+00:00,0.57808,0.5788,0.5777,0.57844,3837,0.00035999999999991594,0.0010999999999999899,0.00036000000000002697,0.00038000000000004697,1,0.5782499999999999,0.3272727272726539,pinbar,0,0,False,False,True,0.0020599999999999508,0.53,False,True,0.0020599999999999508,0.53,False,True,0.0020599999999999508,0.53,1,2562.4852028146415,1.5,True,,0,,-1,-1,-1,1,844,2,0,0.0,pullback_range,1,0.58105,0.574,762,764,0.574,0.58105,,761,0.574,,728,0.58196,,1,0.574,0.58196,SEEK_BREAKOUT,CONFIRMED,0,,-1,-1,1,-1,761
2026-01-07 01:00:00+00:00,0.57846,0.57928,0.57804,0.57876,4575,0.000300000000000078,0.0012400000000000189,0.0005199999999999649,0.00041999999999997595,1,0.57866,0.24193548387102695,pinbar,0,0,False,False,True,0.0020599999999999508,0.6,False,True,0.0020599999999999508,0.6,False,True,0.0020599999999999508,0.6,1,2754.1532787370566,1.66,True,,0,,-1,-1,-1,1,845,2,0,0.0,pullback_range,1,0.58105,0.574,762,764,0.574,0.58105,,761,0.574,,728,0.58196,,1,0.574,0.58196,SEEK_BREAKOUT,CONFIRMED,0,,-1,-1,1,-1,761
2026-01-07 02:00:00+00:00,0.57874,0.57916,0.57848,0.57864,2909,9.999999999998899e-05,0.0006800000000000139,0.00041999999999997595,0.000160000000000049,-1,0.57882,0.14705882352939256,pinbar,-1,0,False,False,False,0.0020599999999999508,0.33,False,False,0.0020599999999999508,0.33,False,False,0.0020599999999999508,0.33,-1,2768.900585524004,1.05,False,,0,,-1,-1,-1,0,-1,-1,0,0.0,pullback_range,1,0.58105,0.574,762,764,0.574,0.58105,,761,0.574,,728,0.58196,,1,0.574,0.58196,SEEK_BREAKOUT,CONFIRMED,0,,-1,-1,1,-1,761
2026-01-07 03:00:00+00:00,0.57861,0.57904,0.5786,0.57876,2074,0.0001500000000000945,0.00043999999999999595,0.00027999999999994696,9.99999999995449e-06,1,0.57882,0.3409090909093088,pinbar,-1,0,False,False,False,0.0020599999999999508,0.21,False,False,0.0020599999999999508,0.21,False,False,0.0020599999999999508,0.21,1,2702.719577378861,0.77,False,,0,,-1,-1,-1,1,850,5,0,0.0,pullback_range,1,0.58105,0.574,762,764,0.574,0.58105,,761,0.574,,728,0.58196,,1,0.574,0.58196,SEEK_BREAKOUT,CONFIRMED,0,,-1,-1,1,-1,761
2026-01-07 04:00:00+00:00,0.57871,0.57921,0.57812,0.57813,2716,0.0005799999999999139,0.0010900000000000354,0.000500000000000056,1.0000000000065512e-05,-1,0.578665,0.532110091743023,maru,0,0,True,False,True,0.0020599999999999508,0.53,False,True,0.0020599999999999508,0.53,False,True,0.0020599999999999508,0.53,-1,2703.984379533255,1.0,False,,0,,-1,-1,-1,1,848,2,1,5.999999999994898e-05,pullback_range,1,0.58105,0.574,762,764,0.574,0.58105,,761,0.574,,728,0.58196,,1,0.574,0.58196,SEEK_BREAKOUT,CONFIRMED,0,,-1,-1,1,-1,761
2026-01-07 05:00:00+00:00,0.57812,0.57854,0.57789,0.5781,1982,2.0000000000020002e-05,0.0006500000000000394,0.00042000000000008697,0.00020999999999993246,-1,0.578215,0.030769230769259675,pinbar,-1,0,False,False,False,0.0020599999999999508,0.32,False,False,0.0020599999999999508,0.32,False,False,0.0020599999999999508,0.32,-1,2635.2239624348495,0.75,False,,0,,-1,-1,-1,1,849,2,0,0.0,pullback_range,1,0.58105,0.574,762,764,0.574,0.58105,,761,0.574,,728,0.58196,,1,0.574,0.58196,SEEK_BREAKOUT,CONFIRMED,0,,-1,-1,1,-1,761
2026-01-07 06:00:00+00:00,0.5781,0.57851,0.57794,0.57832,2929,0.00021999999999999797,0.0005699999999999594,0.00019000000000002348,0.00015999999999993797,1,0.578225,0.38596491228072566,pinbar,0,0,False,False,False,0.0020599999999999508,0.28,False,False,0.0020599999999999508,0.28,False,False,0.0020599999999999508,0.28,1,2663.2026326791492,1.1,False,,0,,-1,-1,-1,0,-1,-1,0,0.0,pullback_range,1,0.58105,0.574,762,764,0.574,0.58105,,761,0.574,,728,0.58196,,1,0.574,0.58196,SEEK_BREAKOUT,CONFIRMED,0,,-1,-1,1,-1,761
2026-01-07 07:00:00+00:00,0.57831,0.57846,0.57742,0.57812,3005,0.00019000000000002348,0.0010399999999999299,0.00014999999999998348,0.0006999999999999229,-1,0.57794,0.1826923076923426,pinbar,1,0,False,False,True,0.0020599999999999508,0.5,False,True,0.0020599999999999508,0.5,False,True,0.0020599999999999508,0.5,-1,2695.7547629001824,1.11,False,,0,,-1,-1,-1,0,-1,-1,0,0.0,pullback_range,1,0.58105,0.574,762,764,0.574,0.58105,,761,0.574,,728,0.58196,,1,0.574,0.58196,SEEK_BREAKOUT,CONFIRMED,0,,-1,-1,1,-1,761
2026-01-07 08:00:00+00:00,0.57811,0.57874,0.57794,0.57871,2602,0.0005999999999999339,0.0008000000000000229,3.0000000000085514e-05,0.00017000000000000348,1,0.5783400000000001,0.749999999999896,maru,0,0,True,False,False,0.0020599999999999508,0.39,False,False,0.0020599999999999508,0.39,False,False,0.0020599999999999508,0.39,1,2686.8257378620697,0.97,False,,0,,-1,-1,-1,0,-1,-1,0,0.0,pullback_range,1,0.58105,0.574,762,764,0.574,0.58105,,761,0.574,,728,0.58196,,1,0.574,0.58196,SEEK_BREAKOUT,CONFIRMED,0,,-1,-1,1,-1,761
2026-01-07 09:00:00+00:00,0.57871,0.57884,0.57842,0.57874,2057,3.0000000000085514e-05,0.00041999999999997595,9.999999999998899e-05,0.00028999999999990145,1,0.57863,0.07142857142877912,pinbar,1,0,False,False,False,0.0020599999999999508,0.2,False,False,0.0020599999999999508,0.2,False,False,0.0020599999999999508,0.2,1,2626.842334256158,0.78,False,,0,,-1,-1,-1,1,854,3,0,0.0,pullback_range,1,0.58105,0.574,762,764,0.574,0.58105,,761,0.574,,728,0.58196,,1,0.574,0.58196,SEEK_BREAKOUT,CONFIRMED,0,,-1,-1,1,-1,761
2026-01-07 10:00:00+00:00,0.57874,0.57914,0.57872,0.5789,2258,0.00015999999999993797,0.00041999999999997595,0.00024000000000001798,2.0000000000020002e-05,1,0.57893,0.3809523809522551,pinbar,-1,0,False,False,False,0.0020599999999999508,0.2,False,False,0.0020599999999999508,0.2,False,False,0.0020599999999999508,0.2,1,2591.714492898429,0.87,False,,0,,-1,-1,-1,1,854,2,0,0.0,pullback_range,1,0.58105,0.574,762,764,0.574,0.58105,,761,0.574,,728,0.58196,,1,0.574,0.58196,SEEK_BREAKOUT,CONFIRMED,0,,-1,-1,1,-1,761
2026-01-07 11:00:00+00:00,0.5789,0.57932,0.57878,0.5791,1786,0.00019999999999997797,0.0005399999999999849,0.00021999999999999797,0.00012000000000000899,1,0.57905,0.37037037037033993,pinbar,0,0,False,False,False,0.0020599999999999508,0.26,False,False,0.0020599999999999508,0.26,False,False,0.0020599999999999508,0.26,1,2514.979779289055,0.71,False,,0,,-1,-1,-1,1,855,2,0,0.0,pullback_range,1,0.58105,0.574,762,764,0.574,0.58105,,761,0.574,,728,0.58196,,1,0.574,0.58196,SEEK_BREAKOUT,CONFIRMED,0,,-1,-1,1,-1,761
2026-01-07 12:00:00+00:00,0.5791,0.5793,0.57846,0.57876,2474,0.00033999999999989594,0.0008400000000000629,0.000200000000000089,0.000300000000000078,-1,0.5788800000000001,0.40476190476175056,normal,0,0,False,False,False,0.0020599999999999508,0.41,False,False,0.0020599999999999508,0.41,False,False,0.0020599999999999508,0.41,-1,2511.076943166288,0.99,False,,0,,-1,-1,-1,1,856,2,0,0.0,pullback_range,1,0.58105,0.574,762,764,0.574,0.58105,,761,0.574,,728,0.58196,,1,0.574,0.58196,SEEK_BREAKOUT,CONFIRMED,0,,-1,-1,1,-1,761
2026-01-07 13:00:00+00:00,0.57873,0.5793,0.57834,0.5792,3485,0.00047000000000008146,0.0009600000000000719,9.999999999998899e-05,0.00039000000000000146,1,0.57882,0.4895833333333815,normal,0,1,False,False,False,0.0020599999999999508,0.47,False,False,0.0020599999999999508,0.47,False,False,0.0020599999999999508,0.47,1,2603.831520007594,1.34,True,one_maru_continuous,1,CONFIRMED,850,851,855,0,-1,-1,0,0.0,pullback_range,1,0.58105,0.574,762,764,0.574,0.58105,,761,0.574,,728,0.58196,,1,0.574,0.58196,SEEK_BREAKOUT,CONFIRMED,0,,-1,-1,1,-1,761
2026-01-07 14:00:00+00:00,0.5792,0.57932,0.57858,0.57915,4273,4.999999999999449e-05,0.0007399999999999629,0.00011999999999989797,0.0005700000000000705,-1,0.57895,0.06756756756756352,pinbar,1,0,False,False,False,0.0020599999999999508,0.36,False,False,0.0020599999999999508,0.36,False,False,0.0020599999999999508,0.36,-1,2762.7999466735373,1.55,True,,0,,-1,-1,-1,0,-1,-1,0,0.0,pullback_range,1,0.58105,0.574,762,764,0.574,0.58105,,761,0.574,,728,0.58196,,1,0.574,0.58196,SEEK_BREAKOUT,CONFIRMED,0,,-1,-1,1,-1,761
2026-01-07 15:00:00+00:00,0.57918,0.57918,0.57746,0.57806,7183,0.0011200000000000099,0.0017200000000000548,0.0,0.0006000000000000449,-1,0.57832,0.6511627906976594,maru,0,0,False,True,True,0.0020599999999999508,0.83,True,True,0.0020599999999999508,0.83,True,True,0.0020599999999999508,0.83,-1,3183.7713803236766,2.26,True,,0,,-1,-1,-1,1,859,2,1,0.00042999999999993044,pullback_range,1,0.58105,0.574,762,764,0.574,0.58105,,761,0.574,,728,0.58196,,1,0.574,0.58196,SEEK_BREAKOUT,CONFIRMED,0,,-1,-1,1,-1,761
2026-01-07 16:00:00+00:00,0.57806,0.57815,0.57748,0.57786,3948,0.00019999999999997797,0.0006700000000000594,9.00000000000345e-05,0.00038000000000004697,-1,0.577815,0.2985074626865078,pinbar,1,0,False,False,False,0.0017200000000000548,0.39,False,False,0.0020599999999999508,0.33,False,False,0.0020599999999999508,0.33,-1,3256.555058388088,1.21,True,one_maru_continuous,-1,SUCCESS,857,858,-1,1,861,3,0,0.0,pullback_range,1,0.58105,0.574,762,764,0.574,0.58105,,761,0.574,,728,0.58196,,1,0.574,0.58196,SEEK_BREAKOUT,CONFIRMED,0,,-1,-1,1,-1,761
2026-01-07 17:00:00+00:00,0.57786,0.5785,0.57786,0.57818,2357,0.00031999999999998696,0.0006399999999999739,0.00031999999999998696,0.0,1,0.57818,0.5,normal,0,-1,False,False,False,0.0017200000000000548,0.37,False,False,0.0017200000000000548,0.37,False,False,0.0020599999999999508,0.31,1,3170.883148065413,0.74,False,,0,,-1,-1,-1,0,-1,-1,0,0.0,pullback_range,1,0.58105,0.574,762,764,0.574,0.58105,,761,0.574,,728,0.58196,,1,0.574,0.58196,SEEK_BREAKOUT,CONFIRMED,0,,-1,-1,1,-1,761
2026-01-07 18:00:00+00:00,0.57818,0.5785,0.57813,0.5782,1269,2.0000000000020002e-05,0.00036999999999998145,0.00029999999999996696,4.999999999999449e-05,1,0.578315,0.054054054054110824,pinbar,-1,0,False,False,False,0.0017200000000000548,0.22,False,False,0.0017200000000000548,0.22,False,False,0.0017200000000000548,0.22,1,2989.751419678231,0.42,False,,0,,-1,-1,-1,0,-1,-1,0,0.0,pullback_range,1,0.58105,0.574,762,764,0.574,0.58105,,761,0.574,,728,0.58196,,1,0.574,0.58196,SEEK_BREAKOUT,CONFIRMED,0,,-1,-1,1,-1,761
2026-01-07 19:00:00+00:00,0.57821,0.57827,0.57768,0.57781,1476,0.00039999999999995595,0.0005899999999999794,5.999999999994898e-05,0.0001300000000000745,-1,0.5779749999999999,0.6779661016948643,maru,0,0,False,False,False,0.0017200000000000548,0.34,False,False,0.0017200000000000548,0.34,False,False,0.0017200000000000548,0.34,-1,2845.5846178041133,0.52,False,,0,,-1,-1,-1,0,-1,-1,1,0.00021000000000004349,pullback_range,1,0.58105,0.574,762,764,0.574,0.58105,,761,0.574,,728,0.58196,,1,0.574,0.58196,SEEK_BREAKOUT,CONFIRMED,0,,-1,-1,1,-1,761
2026-01-07 20:00:00+00:00,0.57782,0.57792,0.57736,0.57736,1734,0.00046000000000001595,0.0005600000000000049,9.999999999998899e-05,0.0,-1,0.5776399999999999,0.8214285714285927,maru,0,0,True,False,False,0.0017200000000000548,0.33,False,False,0.0017200000000000548,0.33,False,False,0.0017200000000000548,0.33,-1,2739.7194161084835,0.63,False,,0,,-1,-1,-1,1,864,2,1,0.00031999999999998696,pullback_range,1,0.58105,0.574,762,764,0.574,0.58105,,761,0.574,,728,0.58196,,1,0.574,0.58196,SEEK_BREAKOUT,CONFIRMED,0,,-1,-1,1,-1,761
2026-01-07 21:00:00+00:00,0.57734,0.57736,0.57698,0.57728,647,5.999999999994898e-05,0.00037999999999993594,2.0000000000020002e-05,0.00029999999999996696,-1,0.57717,0.15789473684199762,pinbar,1,0,False,False,False,0.0017200000000000548,0.22,False,False,0.0017200000000000548,0.22,False,False,0.0017200000000000548,0.22,-1,2540.412805050533,0.25,False,,0,,-1,-1,-1,1,867,4,0,0.0,pullback_range,1,0.58105,0.574,762,764,0.574,0.58105,,761,0.574,,728,0.58196,,1,0.574,0.58196,SEEK_BREAKOUT,CONFIRMED,0,,-1,-1,1,-1,761
2026-01-07 22:00:00+00:00,0.57748,0.57776,0.57724,0.57738,1002,9.999999999998899e-05,0.000520000000000076,0.000280000000000058,0.000140000000000029,-1,0.5775,0.19230769230764302,pinbar,-1,0,False,False,False,0.0017200000000000548,0.3,False,False,0.0017200000000000548,0.3,False,False,0.0017200000000000548,0.3,1,2393.897299807625,0.42,False,,0,,-1,-1,-1,0,-1,-1,0,0.0,pullback_range,1,0.58105,0.574,762,764,0.574,0.58105,,761,0.574,,728,0.58196,,1,0.574,0.58196,SEEK_BREAKOUT,CONFIRMED,0,,-1,-1,1,-1,761
2026-01-07 23:00:00+00:00,0.57737,0.57748,0.5772,0.57738,1461,9.99999999995449e-06,0.00027999999999994696,9.999999999998899e-05,0.00017000000000000348,1,0.57734,0.03571428571412994,pinbar,1,0,False,False,False,0.0017200000000000548,0.16,False,False,0.0017200000000000548,0.16,False,False,0.0017200000000000548,0.16,0,2305.0499379211847,0.63,False,,0,,-1,-1,-1,0,-1,-1,0,0.0,pullback_range,1,0.58105,0.574,762,764,0.574,0.58105,,761,0.574,,728,0.58196,,1,0.574,0.58196,SEEK_BREAKOUT,CONFIRMED,0,,-1,-1,1,-1,761
2026-01-08 00:00:00+00:00,0.57738,0.57743,0.57668,0.57678,1526,0.0006000000000000449,0.0007500000000000284,4.999999999999449e-05,9.999999999998899e-05,-1,0.577055,0.8000000000000296,maru,0,0,False,False,False,0.0017200000000000548,0.44,False,False,0.0017200000000000548,0.44,False,False,0.0017200000000000548,0.44,-1,2230.8547057382148,0.68,False,one_maru_continuous,-1,CONFIRMED,861,862,866,1,869,3,1,4.0000000000040004e-05,pullback_range,1,0.58105,0.574,762,764,0.574,0.58105,,761,0.574,,728,0.58196,,1,0.574,0.58196,SEEK_BREAKOUT,CONFIRMED,0,,-1,-1,1,-1,761
2026-01-08 01:00:00+00:00,0.57678,0.57716,0.57658,0.57699,2714,0.00021000000000004349,0.0005800000000000249,0.00017000000000000348,0.00019999999999997797,1,0.57687,0.3620689655173008,pinbar,0,0,False,False,False,0.0017200000000000548,0.34,False,False,0.0017200000000000548,0.34,False,False,0.0017200000000000548,0.34,1,2276.868543286956,1.19,False,,0,,-1,-1,-1,1,869,2,0,0.0,pullback_range,1,0.58105,0.574,762,764,0.574,0.58105,,761,0.574,,728,0.58196,,1,0.574,0.58196,SEEK_BREAKOUT,CONFIRMED,0,,-1,-1,1,-1,761
2026-01-08 02:00:00+00:00,0.57701,0.5771,0.57619,0.57653,2980,0.00048000000000003595,0.0009099999999999664,8.999999999992347e-05,0.00034000000000000696,-1,0.576645,0.5274725274725864,normal,0,1,False,False,True,0.0017200000000000548,0.53,False,True,0.0017200000000000548,0.53,False,True,0.0017200000000000548,0.53,-1,2343.8334439262935,1.27,True,,0,,-1,-1,-1,1,870,2,0,0.0,pullback_range,1,0.58105,0.574,762,764,0.574,0.58105,,761,0.574,,728,0.58196,,1,0.574,0.58196,SEEK_BREAKOUT,CONFIRMED,0,,-1,-1,1,-1,761
2026-01-08 03:00:00+00:00,0.57654,0.57698,0.57649,0.57684,2434,0.00029999999999996696,0.0004900000000001015,0.000140000000000029,5.0000000000105516e-05,1,0.576735,0.6122448979589895,normal,0,0,False,False,False,0.0017200000000000548,0.28,False,False,0.0017200000000000548,0.28,False,False,0.0017200000000000548,0.28,1,2352.420734980932,1.03,False,,0,,-1,-1,-1,0,-1,-1,0,0.0,pullback_range,1,0.58105,0.574,762,764,0.574,0.58105,,761,0.574,,728,0.58196,,1,0.574,0.58196,SEEK_BREAKOUT,CONFIRMED,0,,-1,-1,1,-1,761
2026-01-08 04:00:00+00:00,0.57683,0.57692,0.57645,0.5765,1725,0.00032999999999994145,0.00046999999999997044,9.00000000000345e-05,4.999999999999449e-05,-1,0.576685,0.7021276595743877,maru,0,0,False,False,False,0.0017200000000000548,0.27,False,False,0.0017200000000000548,0.27,False,False,0.0017200000000000548,0.27,-1,2292.666379268462,0.75,False,,0,,-1,-1,-1,0,-1,-1,0,0.0,pullback_range,1,0.58105,0.574,762,764,0.574,0.58105,,761,0.574,,728,0.58196,,1,0.574,0.58196,SEEK_BREAKOUT,CONFIRMED,0,,-1,-1,1,-1,761
2026-01-08 05:00:00+00:00,0.57648,0.5765,0.57604,0.57626,2341,0.00021999999999999797,0.00046000000000001595,2.0000000000020002e-05,0.00021999999999999797,-1,0.5762700000000001,0.4782608695651964,normal,0,1,False,False,False,0.0017200000000000548,0.27,False,False,0.0017200000000000548,0.27,False,False,0.0017200000000000548,0.27,-1,2297.269581242894,1.02,False,,0,,-1,-1,-1,0,-1,-1,1,0.00019999999999997797,pullback_range,1,0.58105,0.574,762,764,0.574,0.58105,,761,0.574,,728,0.58196,,1,0.574,0.58196,SEEK_BREAKOUT,CONFIRMED,0,,-1,-1,1,-1,761
2026-01-08 06:00:00+00:00,0.57624,0.57625,0.57513,0.5758,3022,0.00043999999999999595,0.0011200000000000099,1.0000000000065512e-05,0.0006699999999999484,-1,0.57569,0.3928571428571358,pinbar,1,0,False,True,True,0.0017200000000000548,0.65,True,True,0.0017200000000000548,0.65,True,True,0.0017200000000000548,0.65,-1,2366.291525886428,1.28,True,,0,,-1,-1,-1,0,-1,-1,1,0.00014999999999998348,pullback_range,1,0.58105,0.574,762,764,0.574,0.58105,,761,0.574,,728,0.58196,,1,0.574,0.58196,SEEK_BREAKOUT,CONFIRMED,0,,-1,-1,1,-1,761
2026-01-08 07:00:00+00:00,0.57582,0.57589,0.57525,0.57526,3321,0.0005600000000000049,0.0006399999999999739,7.00000000000145e-05,9.99999999995449e-06,-1,0.57557,0.8750000000000434,maru,0,0,True,False,False,0.0017200000000000548,0.37,False,False,0.0017200000000000548,0.37,False,False,0.0017200000000000548,0.37,-1,2457.2161424686733,1.35,True,one_maru_continuous,-1,CONFIRMED,870,871,873,0,-1,-1,0,0.0,pullback_range,1,0.58105,0.574,762,764,0.574,0.58105,,761,0.574,,728,0.58196,,1,0.574,0.58196,SEEK_BREAKOUT,CONFIRMED,0,,-1,-1,1,-1,761
2026-01-08 08:00:00+00:00,0.57526,0.57548,0.57458,0.57468,3453,0.0005800000000000249,0.0009000000000000119,0.00021999999999999797,9.999999999998899e-05,-1,0.5750299999999999,0.6444444444444636,normal,0,0,False,True,True,0.0007500000000000284,1.2,False,True,0.0017200000000000548,0.52,False,True,0.0017200000000000548,0.52,-1,2552.0527003287993,1.35,True,,0,,-1,-1,-1,1,876,2,1,0.00038000000000004697,pullback_range,1,0.58105,0.574,762,764,0.574,0.58105,,761,0.574,,728,0.58196,,1,0.574,0.58196,SEEK_BREAKOUT,CONFIRMED,0,,-1,-1,1,-1,761
2026-01-08 09:00:00+00:00,0.57467,0.57487,0.57407,0.57448,2895,0.00019000000000002348,0.0008000000000000229,0.00019999999999997797,0.00041000000000002146,-1,0.57447,0.23750000000002255,pinbar,1,0,False,True,True,0.0007500000000000284,1.07,True,True,0.0007500000000000284,1.07,False,False,0.0017200000000000548,0.47,-1,2584.714347916533,1.12,False,,0,,-1,-1,-1,1,879,4,0,0.0,pullback_range,1,0.58105,0.574,762,764,0.574,0.58105,,761,0.574,,728,0.58196,,1,0.574,0.58196,SEEK_BREAKOUT,CONFIRMED,0,,-1,-1,1,-1,761
2026-01-08 10:00:00+00:00,0.5745,0.57498,0.57434,0.57496,2449,0.00046000000000001595,0.0006400000000000849,2.0000000000020002e-05,0.000160000000000049,1,0.57466,0.7187499999999295,maru,0,0,True,True,True,0.0007500000000000284,0.85,True,True,0.0007500000000000284,0.85,True,True,0.0007500000000000284,0.85,1,2571.789171924482,0.95,False,,0,,-1,-1,-1,1,878,2,0,0.0,pullback_range,1,0.58105,0.574,762,764,0.574,0.58105,,761,0.574,,728,0.58196,,1,0.574,0.58196,SEEK_BREAKOUT,CONFIRMED,0,,-1,-1,1,-1,761
2026-01-08 11:00:00+00:00,0.57494,0.57509,0.57473,0.57504,1951,9.999999999998899e-05,0.00036000000000002697,4.999999999999449e-05,0.00021000000000004349,1,0.57491,0.2777777777777264,pinbar,1,0,False,False,False,0.0007500000000000284,0.48,False,False,0.0007500000000000284,0.48,False,False,0.0007500000000000284,0.48,1,2512.66639364596,0.78,False,one_maru_continuous,1,SUCCESS,876,877,-1,1,880,3,0,0.0,pullback_range,1,0.58105,0.574,762,764,0.574,0.58105,,761,0.574,,728,0.58196,,1,0.574,0.58196,SEEK_BREAKOUT,CONFIRMED,0,,-1,-1,1,-1,761
2026-01-08 12:00:00+00:00,0.57503,0.57515,0.57463,0.57488,2403,0.0001500000000000945,0.000520000000000076,0.00012000000000000899,0.00024999999999997247,-1,0.57489,0.28846153846167805,pinbar,0,0,False,True,True,0.0007500000000000284,0.69,True,True,0.0007500000000000284,0.69,True,True,0.0007500000000000284,0.69,-1,2502.2219752034875,0.96,False,,0,,-1,-1,-1,1,880,2,0,0.0,pullback_range,1,0.58105,0.574,762,764,0.574,0.58105,,761,0.574,,728,0.58196,,1,0.574,0.58196,SEEK_BREAKOUT,CONFIRMED,0,,-1,-1,1,-1,761
2026-01-08 13:00:00+00:00,0.5749,0.57519,0.57424,0.57456,3826,0.00034000000000000696,0.0009500000000000064,0.00029000000000001247,0.00031999999999998696,-1,0.574715,0.3578947368421102,pinbar,0,0,False,True,True,0.0007500000000000284,1.27,True,True,0.0007500000000000284,1.27,True,True,0.0007500000000000284,1.27,-1,2628.2960728031553,1.46,True,,0,,-1,-1,-1,1,882,3,0,0.0,pullback_range,1,0.58105,0.574,762,764,0.574,0.58105,,761,0.574,,728,0.58196,,1,0.574,0.58196,SEEK_BREAKOUT,CONFIRMED,0,,-1,-1,1,-1,761
2026-01-08 14:00:00+00:00,0.57454,0.57486,0.57376,0.5748,5444,0.00025999999999992696,0.0010999999999999899,6.0000000000060005e-05,0.0007800000000000029,1,0.5743100000000001,0.23636363636357213,pinbar,1,0,False,True,True,0.0007500000000000284,1.47,True,True,0.0007500000000000284,1.47,True,True,0.0007500000000000284,1.47,1,2896.458351583807,1.88,True,,0,,-1,-1,-1,1,884,4,0,0.0,pullback_range,1,0.58105,0.57376,762,764,0.57376,0.58105,,761,0.574,,728,0.58196,,1,0.57376,0.58196,SEEK_BREAKOUT,CONFIRMED,0,,-1,-1,1,-1,761
2026-01-08 15:00:00+00:00,0.5748,0.5755,0.57436,0.57548,5369,0.0006800000000000139,0.0011400000000000299,2.0000000000020002e-05,0.00043999999999999595,1,0.5749299999999999,0.5964912280701721,maru,0,0,True,True,True,0.0007500000000000284,1.52,True,True,0.0007500000000000284,1.52,True,True,0.0007500000000000284,1.52,1,3131.938508575826,1.71,True,,0,,-1,-1,-1,1,883,2,0,0.0,pullback_range,1,0.58105,0.57376,762,764,0.57376,0.58105,,761,0.574,,728,0.58196,,1,0.57376,0.58196,SEEK_BREAKOUT,CONFIRMED,0,,-1,-1,1,-1,761
2026-01-08 16:00:00+00:00,0.57548,0.57548,0.5746,0.57499,4760,0.0004899999999999904,0.0008799999999999919,0.0,0.00039000000000000146,-1,0.57504,0.5568181818181761,normal,0,1,False,True,True,0.0011400000000000299,0.77,True,True,0.0007500000000000284,1.17,True,True,0.0007500000000000284,1.17,-1,3286.991983949557,1.45,True,,0,,-1,-1,-1,1,885,3,0,0.0,pullback_range,1,0.58105,0.57376,762,764,0.57376,0.58105,,761,0.574,,728,0.58196,,1,0.57376,0.58196,SEEK_BREAKOUT,CONFIRMED,0,,-1,-1,1,-1,761
2026-01-08 17:00:00+00:00,0.57498,0.57523,0.5745,0.57494,3587,4.0000000000040004e-05,0.0007300000000000084,0.00024999999999997247,0.00043999999999999595,-1,0.574865,0.054794520547999374,pinbar,1,0,False,False,True,0.0011400000000000299,0.64,False,True,0.0011400000000000299,0.64,True,True,0.0007500000000000284,0.97,-1,3315.564175954361,1.08,False,,0,,-1,-1,-1,1,885,2,0,0.0,pullback_range,1,0.58105,0.57376,762,764,0.57376,0.58105,,761,0.574,,728,0.58196,,1,0.57376,0.58196,SEEK_BREAKOUT,CONFIRMED,0,,-1,-1,1,-1,761
2026-01-08 18:00:00+00:00,0.57494,0.57494,0.57441,0.57444,1122,0.000500000000000056,0.0005300000000000304,0.0,2.999999999997449e-05,-1,0.574675,0.9433962264151458,maru,0,0,True,False,False,0.0011400000000000299,0.46,False,False,0.0011400000000000299,0.46,False,False,0.0011400000000000299,0.46,-1,3106.6533020539455,0.36,False,,0,,-1,-1,-1,1,886,2,0,0.0,pullback_range,1,0.58105,0.57376,762,764,0.57376,0.58105,,761,0.574,,728,0.58196,,1,0.57376,0.58196,SEEK_BREAKOUT,CONFIRMED,0,,-1,-1,1,-1,761
2026-01-08 19:00:00+00:00,0.57443,0.57477,0.57427,0.57469,1190,0.000260000000000038,0.000500000000000056,7.999999999996898e-05,0.000160000000000049,1,0.5745199999999999,0.5200000000000178,normal,0,0,False,False,False,0.0011400000000000299,0.44,False,False,0.0011400000000000299,0.44,False,False,0.0011400000000000299,0.44,1,2924.114892334522,0.41,False,,0,,-1,-1,-1,1,890,5,0,0.0,pullback_range,1,0.58105,0.57376,762,764,0.57376,0.58105,,761,0.574,,728,0.58196,,1,0.57376,0.58196,SEEK_BREAKOUT,CONFIRMED,0,,-1,-1,1,-1,761
2026-01-08 20:00:00+00:00,0.57471,0.5752,0.57471,0.57494,979,0.00022999999999995246,0.0004899999999999904,0.000260000000000038,0.0,1,0.5749550000000001,0.46938775510195296,normal,0,-1,False,False,False,0.0011400000000000299,0.43,False,False,0.0011400000000000299,0.43,False,False,0.0011400000000000299,0.43,1,2738.86585496933,0.36,False,,0,,-1,-1,-1,1,888,2,0,0.0,pullback_range,1,0.58105,0.57376,762,764,0.57376,0.58105,,761,0.574,,728,0.58196,,1,0.57376,0.58196,SEEK_BREAKOUT,CONFIRMED,0,,-1,-1,1,-1,761
2026-01-08 21:00:00+00:00,0.57493,0.5754,0.57474,0.57518,1015,0.00024999999999997247,0.0006599999999999939,0.00021999999999999797,0.00019000000000002348,1,0.57507,0.37878787878784054,pinbar,0,0,False,False,True,0.0011400000000000299,0.58,False,True,0.0011400000000000299,0.58,False,True,0.0011400000000000299,0.58,1,2574.68815449606,0.39,False,,0,,-1,-1,-1,1,889,2,0,0.0,pullback_range,1,0.58105,0.57376,762,764,0.57376,0.58105,,761,0.574,,728,0.58196,,1,0.57376,0.58196,SEEK_BREAKOUT,CONFIRMED,0,,-1,-1,1,-1,761
2026-01-08 22:00:00+00:00,0.5751,0.57527,0.57466,0.57513,1281,3.0000000000085514e-05,0.0006099999999999994,0.00013999999999991797,0.00043999999999999595,1,0.574965,0.04918032786899269,pinbar,1,0,False,False,True,0.0011400000000000299,0.54,False,True,0.0011400000000000299,0.54,False,True,0.0011400000000000299,0.54,-1,2451.479758829769,0.52,False,,0,,-1,-1,-1,0,-1,-1,0,0.0,pullback_range,1,0.58105,0.57376,762,764,0.57376,0.58105,,761,0.574,,728,0.58196,,1,0.57376,0.58196,SEEK_BREAKOUT,CONFIRMED,0,,-1,-1,1,-1,761
2026-01-08 23:00:00+00:00,0.57514,0.57537,0.57488,0.57498,663,0.00015999999999993797,0.0004900000000001015,0.0002300000000000635,0.00010000000000010001,-1,0.575125,0.32653061224470376,pinbar,0,0,False,False,False,0.0011400000000000299,0.43,False,False,0.0011400000000000299,0.43,False,False,0.0011400000000000299,0.43,-1,2281.148353226934,0.29,False,,0,,-1,-1,-1,0,-1,-1,0,0.0,pullback_range,1,0.58105,0.57376,762,764,0.57376,0.58105,,761,0.574,,728,0.58196,,1,0.57376,0.58196,SEEK_BREAKOUT,CONFIRMED,0,,-1,-1,1,-1,761
2026-01-09 00:00:00+00:00,0.57496,0.57496,0.57449,0.57452,1837,0.00043999999999999595,0.00047000000000008146,0.0,3.0000000000085514e-05,-1,0.5747249999999999,0.9361702127657866,maru,0,0,True,False,False,0.0011400000000000299,0.41,False,False,0.0011400000000000299,0.41,False,False,0.0011400000000000299,0.41,-1,2238.848510062464,0.82,False,,0,,-1,-1,-1,1,894,4,1,0.00019999999999997797,pullback_range,1,0.58105,0.57376,762,764,0.57376,0.58105,,761,0.574,,728,0.58196,,1,0.57376,0.58196,SEEK_BREAKOUT,CONFIRMED,0,,-1,-1,1,-1,761
2026-01-09 01:00:00+00:00,0.57451,0.57468,0.57384,0.57432,3041,0.00018999999999991246,0.0008399999999999519,0.00017000000000000348,0.00048000000000003595,-1,0.57426,0.22619047619038493,pinbar,1,0,False,True,True,0.0011400000000000299,0.74,True,True,0.0011400000000000299,0.74,True,True,0.0011400000000000299,0.74,-1,2315.243890056515,1.31,True,,0,,-1,-1,-1,1,893,2,0,0.0,pullback_range,1,0.58105,0.57376,762,764,0.57376,0.58105,,761,0.574,,728,0.58196,,1,0.57376,0.58196,SEEK_BREAKOUT,CONFIRMED,0,,-1,-1,1,-1,761
2026-01-09 02:00:00+00:00,0.57431,0.57452,0.57402,0.57438,2738,7.00000000000145e-05,0.000500000000000056,0.000140000000000029,0.00029000000000001247,1,0.5742700000000001,0.14000000000001334,pinbar,1,0,False,False,False,0.0011400000000000299,0.44,False,False,0.0011400000000000299,0.44,False,False,0.0011400000000000299,0.44,1,2355.506376717799,1.16,False,,0,,-1,-1,-1,1,895,3,0,0.0,pullback_range,1,0.58105,0.57376,762,764,0.57376,0.58105,,761,0.574,,728,0.58196,,1,0.57376,0.58196,SEEK_BREAKOUT,CONFIRMED,0,,-1,-1,1,-1,761
2026-01-09 03:00:00+00:00,0.57437,0.57447,0.57397,0.57429,1962,8.000000000008001e-05,0.000500000000000056,9.999999999998899e-05,0.00031999999999998696,-1,0.57422,0.1600000000001421,pinbar,1,0,False,False,False,0.0011400000000000299,0.44,False,False,0.0011400000000000299,0.44,False,False,0.0011400000000000299,0.44,-1,2318.029578935151,0.85,False,,0,,-1,-1,-1,1,895,2,0,0.0,pullback_range,1,0.58105,0.57376,762,764,0.57376,0.58105,,761,0.574,,728,0.58196,,1,0.57376,0.58196,SEEK_BREAKOUT,CONFIRMED,0,,-1,-1,1,-1,761
2026-01-09 04:00:00+00:00,0.57428,0.57467,0.57408,0.57458,2006,0.00029999999999996696,0.0005899999999999794,9.00000000000345e-05,0.00019999999999997797,1,0.5743750000000001,0.5084745762711481,normal,0,0,False,False,True,0.0011400000000000299,0.52,False,True,0.0011400000000000299,0.52,False,True,0.0011400000000000299,0.52,1,2288.3124761794224,0.88,False,,0,,-1,-1,-1,0,-1,-1,0,0.0,pullback_range,1,0.58105,0.57376,762,764,0.57376,0.58105,,761,0.574,,728,0.58196,,1,0.57376,0.58196,SEEK_BREAKOUT,CONFIRMED,0,,-1,-1,1,-1,761
2026-01-09 05:00:00+00:00,0.57458,0.57464,0.57396,0.5741,2229,0.00047999999999992493,0.0006800000000000139,6.0000000000060005e-05,0.000140000000000029,-1,0.5743,0.7058823529410516,maru,0,0,False,False,True,0.0011400000000000299,0.6,False,True,0.0011400000000000299,0.6,False,True,0.0011400000000000299,0.6,-1,2282.663668924239,0.98,False,,0,,-1,-1,-1,0,-1,-1,0,0.0,pullback_range,1,0.58105,0.57376,762,764,0.57376,0.58105,,761,0.574,,728,0.58196,,1,0.57376,0.58196,SEEK_BREAKOUT,CONFIRMED,0,,-1,-1,1,-1,761
2026-01-09 06:00:00+00:00,0.57411,0.57433,0.57382,0.57385,2396,0.000260000000000038,0.0005100000000000104,0.00021999999999999797,2.999999999997449e-05,-1,0.574075,0.5098039215686915,maru,0,0,True,False,False,0.0011400000000000299,0.45,False,False,0.0011400000000000299,0.45,False,False,0.0011400000000000299,0.45,-1,2293.4576052171687,1.04,False,double_maru,-1,SUCCESS,895,896,-1,0,-1,-1,1,4.0000000000040004e-05,pullback_range,1,0.58105,0.57376,762,764,0.57376,0.58105,,761,0.574,,728,0.58196,,1,0.57376,0.58196,SEEK_BREAKOUT,CONFIRMED,0,,-1,-1,1,-1,761
2026-01-09 07:00:00+00:00,0.57384,0.57392,0.57305,0.57334,2957,0.000500000000000056,0.0008700000000000374,7.999999999996898e-05,0.00029000000000001247,-1,0.573485,0.5747126436782005,normal,0,1,False,True,True,0.0011400000000000299,0.76,True,True,0.0011400000000000299,0.76,True,True,0.0011400000000000299,0.76,-1,2356.65211900601,1.25,True,,0,,-1,-1,-1,0,-1,-1,1,0.00036999999999998145,pullback_range,1,0.58105,0.57305,762,764,0.57305,0.58105,0.8400000000000799,761,0.574,,728,0.58196,,1,0.57305,0.58196,SEEK_BREAKOUT,CONFIRMED,0,,-1,-1,1,-1,761
2026-01-09 08:00:00+00:00,0.57334,0.57345,0.57272,0.5732,2829,0.00013999999999991797,0.0007300000000000084,0.0001100000000000545,0.00048000000000003595,-1,0.5730850000000001,0.19178082191769363,pinbar,1,0,False,False,True,0.0011400000000000299,0.64,False,True,0.0011400000000000299,0.64,False,True,0.0011400000000000299,0.64,-1,2401.637631481628,1.18,False,,0,,-1,-1,-1,1,900,2,0,0.0,pullback_range,1,0.58105,0.57272,762,764,0.57272,0.58105,,761,0.574,,728,0.58196,,1,0.57272,0.58196,SEEK_BREAKOUT,CONFIRMED,0,,-1,-1,1,-1,761
2026-01-09 09:00:00+00:00,0.57322,0.57347,0.57277,0.57283,1615,0.00039000000000000146,0.0007000000000000339,0.0002500000000000835,5.999999999994898e-05,-1,0.5731200000000001,0.5571428571428322,maru,0,0,True,False,True,0.0011400000000000299,0.61,False,True,0.0011400000000000299,0.61,False,True,0.0011400000000000299,0.61,-1,2326.719761816711,0.69,False,one_maru_continuous,-1,CONFIRMED,896,897,899,1,904,5,0,0.0,pullback_range,1,0.58105,0.57272,762,764,0.57272,0.58105,,761,0.574,,728,0.58196,,1,0.57272,0.58196,SEEK_BREAKOUT,CONFIRMED,0,,-1,-1,1,-1,761
2026-01-09 10:00:00+00:00,0.57284,0.57308,0.57264,0.5728,1651,4.0000000000040004e-05,0.00043999999999999595,0.00024000000000001798,0.00015999999999993797,-1,0.57286,0.09090909090918266,pinbar,-1,0,False,False,True,0.0007000000000000339,0.63,False,False,0.0011400000000000299,0.39,False,False,0.0011400000000000299,0.39,-1,2262.3654987865484,0.73,False,,0,,-1,-1,-1,1,904,4,0,0.0,pullback_range,1,0.58105,0.57264,762,764,0.57264,0.58105,,761,0.574,,728,0.58196,,1,0.57264,0.58196,SEEK_BREAKOUT,CONFIRMED,0,,-1,-1,1,-1,761
2026-01-09 11:00:00+00:00,0.57282,0.57312,0.57263,0.57276,1508,5.999999999994898e-05,0.0004899999999999904,0.00029999999999996696,0.0001300000000000745,-1,0.572875,0.12244897959173501,pinbar,-1,0,False,True,True,0.0007000000000000339,0.7,True,True,0.0007000000000000339,0.7,False,False,0.0011400000000000299,0.43,-1,2190.5211655687817,0.69,False,,0,,-1,-1,-1,1,904,3,0,0.0,pullback_range,1,0.58105,0.57263,762,764,0.57263,0.58105,,761,0.574,,728,0.58196,,1,0.57263,0.58196,SEEK_BREAKOUT,CONFIRMED,0,,-1,-1,1,-1,761
2026-01-09 12:00:00+00:00,0.57277,0.57291,0.57228,0.57242,2291,0.00034999999999996145,0.0006300000000000194,0.000140000000000029,0.000140000000000029,-1,0.572595,0.5555555555554772,normal,0,0,False,True,True,0.0007000000000000339,0.9,True,True,0.0007000000000000339,0.9,True,True,0.0007000000000000339,0.9,-1,2200.090578371755,1.04,False,one_maru_continuous,-1,CONFIRMED,899,900,902,1,904,2,0,0.0,pullback_range,1,0.58105,0.57228,762,764,0.57228,0.58105,0.5999999999998731,761,0.574,,728,0.58196,,1,0.57228,0.58196,SEEK_BREAKOUT,CONFIRMED,0,,-1,-1,1,-1,761
2026-01-09 13:00:00+00:00,0.57242,0.57457,0.57159,0.57356,8433,0.0011399999999999189,0.0029799999999999827,0.0010100000000000664,0.0008299999999999974,1,0.57308,0.3825503355704448,pinbar,0,0,False,True,True,0.0007000000000000339,4.26,True,True,0.0007000000000000339,4.26,True,True,0.0007000000000000339,4.26,1,2793.700999479207,3.02,True,,0,,-1,-1,-1,1,905,2,0,0.0,pullback_range,1,0.58105,0.57159,762,764,0.57159,0.58105,,761,0.574,,728,0.58196,,1,0.57159,0.58196,SEEK_BREAKOUT,CONFIRMED,0,,-1,-1,1,-1,761
2026-01-09 14:00:00+00:00,0.57356,0.57406,0.57233,0.57282,8498,0.0007399999999999629,0.0017300000000000093,0.000500000000000056,0.0004899999999999904,-1,0.573195,0.42774566473986064,normal,0,0,False,True,True,0.0007000000000000339,2.47,True,True,0.0007000000000000339,2.47,True,True,0.0007000000000000339,2.47,-1,3336.9675709573776,2.55,True,,0,,-1,-1,-1,1,906,2,0,0.0,pullback_range,1,0.58105,0.57159,762,764,0.57159,0.58105,,761,0.574,,728,0.58196,,1,0.57159,0.58196,SEEK_BREAKOUT,CONFIRMED,0,,-1,-1,1,-1,761
2026-01-09 15:00:00+00:00,0.57282,0.57332,0.57112,0.5731,8503,0.000280000000000058,0.0022000000000000908,0.00021999999999999797,0.0017000000000000348,1,0.57222,0.12727272727274838,pinbar,1,0,False,True,True,0.0007000000000000339,3.14,True,True,0.0007000000000000339,3.14,True,True,0.0007000000000000339,3.14,1,3828.9706594376275,2.22,True,,0,,-1,-1,-1,1,907,2,0,0.0,pullback_range,1,0.58105,0.57112,762,764,0.57112,0.58105,,761,0.574,,728,0.58196,,1,0.57112,0.58196,SEEK_BREAKOUT,CONFIRMED,0,,-1,-1,1,-1,761
2026-01-09 16:00:00+00:00,0.57312,0.57356,0.5723,0.57301,4044,0.00010999999999994348,0.0012599999999999278,0.00043999999999999595,0.0007099999999999884,-1,0.5729299999999999,0.08730158730154744,pinbar,1,0,False,True,True,0.0007000000000000339,1.8,True,True,0.0007000000000000339,1.8,True,True,0.0007000000000000339,1.8,-1,3849.4496442530917,1.05,False,,0,,-1,-1,-1,1,908,2,0,0.0,pullback_range,1,0.58105,0.57112,762,764,0.57112,0.58105,,761,0.574,,728,0.58196,,1,0.57112,0.58196,SEEK_BREAKOUT,CONFIRMED,0,,-1,-1,1,-1,761
2026-01-09 17:00:00+00:00,0.573,0.57315,0.57266,0.57268,2893,0.00031999999999998696,0.0004900000000001015,0.0001500000000000945,2.0000000000020002e-05,-1,0.572905,0.6530612244896341,maru,0,0,True,True,True,0.0007000000000000339,0.7,True,True,0.0007000000000000339,0.7,True,True,0.0007000000000000339,0.7,-1,3758.3592019432735,0.77,False,,0,,-1,-1,-1,1,909,2,0,0.0,pullback_range,1,0.58105,0.57112,762,764,0.57112,0.58105,,761,0.574,,728,0.58196,,1,0.57112,0.58196,SEEK_BREAKOUT,CONFIRMED,0,,-1,-1,1,-1,761
2026-01-09 18:00:00+00:00,0.57267,0.57337,0.57261,0.57283,1448,0.00015999999999993797,0.0007600000000000939,0.000540000000000096,6.0000000000060005e-05,1,0.57299,0.21052631578936604,pinbar,-1,0,False,True,True,0.0007000000000000339,1.09,True,True,0.0007000000000000339,1.09,True,True,0.0007000000000000339,1.09,1,3538.3249922343903,0.41,False,,0,,-1,-1,-1,1,910,2,0,0.0,pullback_range,1,0.58105,0.57112,762,764,0.57112,0.58105,,761,0.574,,728,0.58196,,1,0.57112,0.58196,SEEK_BREAKOUT,CONFIRMED,0,,-1,-1,1,-1,761
2026-01-09 19:00:00+00:00,0.57284,0.57307,0.57276,0.57302,1101,0.00017999999999995797,0.00030999999999992145,4.999999999999449e-05,7.999999999996898e-05,1,0.5729150000000001,0.5806451612903342,normal,0,0,False,False,False,0.0007000000000000339,0.44,False,False,0.0007000000000000339,0.44,False,False,0.0007000000000000339,0.44,1,3306.1988024977813,0.33,False,,0,,-1,-1,-1,1,913,4,0,0.0,pullback_range,1,0.58105,0.57112,762,764,0.57112,0.58105,,761,0.574,,728,0.58196,,1,0.57112,0.58196,SEEK_BREAKOUT,CONFIRMED,0,,-1,-1,1,-1,761
2026-01-09 20:00:00+00:00,0.57297,0.57342,0.57296,0.57336,527,0.00039000000000000146,0.00046000000000001595,6.0000000000060005e-05,9.99999999995449e-06,1,0.5731900000000001,0.8478260869564955,maru,0,0,False,True,True,0.0007000000000000339,0.66,True,True,0.0007000000000000339,0.66,True,True,0.0007000000000000339,0.66,1,3041.5132022598973,0.17,False,,0,,-1,-1,-1,1,912,2,0,0.0,pullback_range,1,0.58105,0.57112,762,764,0.57112,0.58105,,761,0.574,,728,0.58196,,1,0.57112,0.58196,SEEK_BREAKOUT,CONFIRMED,0,,-1,-1,1,-1,761
2026-01-09 21:00:00+00:00,0.57334,0.57341,0.5729,0.57318,734,0.00015999999999993797,0.0005100000000000104,7.00000000000145e-05,0.000280000000000058,-1,0.573155,0.31372549019595036,pinbar,1,0,False,True,True,0.0007000000000000339,0.73,True,True,0.0007000000000000339,0.73,True,True,0.0007000000000000339,0.73,-1,2821.750040139907,0.26,False,,0,,-1,-1,-1,1,913,2,0,0.0,pullback_range,1,0.58105,0.57112,762,764,0.57112,0.58105,,761,0.574,,728,0.58196,,1,0.57112,0.58196,SEEK_BREAKOUT,CONFIRMED,0,,-1,-1,1,-1,761
2026-01-11 22:00:00+00:00,0.57273,0.5734,0.57273,0.57336,401,0.0006300000000000194,0.0006700000000000594,4.0000000000040004e-05,0.0,1,0.5730649999999999,0.9402985074626321,maru,0,0,True,True,True,0.0007000000000000339,0.96,True,True,0.0007000000000000339,0.96,True,True,0.0007000000000000339,0.96,1,2591.2024172694396,0.15,False,,0,,-1,-1,-1,0,-1,-1,0,0.0,pullback_range,1,0.58105,0.57112,762,764,0.57112,0.58105,,761,0.574,,728,0.58196,,1,0.57112,0.58196,SEEK_BREAKOUT,CONFIRMED,0,,-1,-1,1,-1,761
2026-01-11 23:00:00+00:00,0.57339,0.57342,0.57271,0.57291,933,0.00047999999999992493,0.0007099999999999884,3.0000000000085514e-05,0.00019999999999997797,-1,0.573065,0.6760563380280743,maru,0,0,False,True,True,0.0007000000000000339,1.01,True,True,0.0007000000000000339,1.01,True,True,0.0007000000000000339,1.01,-1,2433.278377529493,0.38,False,,0,,-1,-1,-1,0,-1,-1,0,0.0,pullback_range,1,0.58105,0.57112,762,764,0.57112,0.58105,,761,0.574,,728,0.58196,,1,0.57112,0.58196,SEEK_BREAKOUT,CONFIRMED,0,,-1,-1,1,-1,761
2026-01-12 00:00:00+00:00,0.5729,0.5747,0.57264,0.57461,3814,0.0017099999999999893,0.0020599999999999508,9.00000000000345e-05,0.00025999999999992696,1,0.57367,0.8300970873786554,maru,0,0,True,True,True,0.0007099999999999884,2.9,True,True,0.0007000000000000339,2.94,True,True,0.0007000000000000339,2.94,1,2564.7756749076366,1.49,True,,0,,-1,-1,-1,1,916,2,1,0.0008199999999999319,pullback_range,1,0.58105,0.57112,762,764,0.57112,0.58105,,761,0.574,,728,0.58196,,1,0.57112,0.58196,SEEK_BREAKOUT,CONFIRMED,0,,-1,-1,1,-1,761
2026-01-12 01:00:00+00:00,0.57462,0.575,0.57424,0.57449,4275,0.0001300000000000745,0.0007599999999999829,0.00037999999999993594,0.00024999999999997247,-1,0.5746199999999999,0.17105263157904924,pinbar,0,0,False,False,False,0.0020599999999999508,0.37,True,True,0.0007099999999999884,1.07,True,True,0.0007000000000000339,1.09,-1,2727.65418205929,1.57,True,,0,,-1,-1,-1,1,917,2,0,0.0,pullback_range,1,0.58105,0.57112,762,764,0.57112,0.58105,,761,0.574,,728,0.58196,,1,0.57112,0.58196,SEEK_BREAKOUT,CONFIRMED,0,,-1,-1,1,-1,761
2026-01-12 02:00:00+00:00,0.57448,0.57484,0.57425,0.57434,2547,0.000140000000000029,0.0005899999999999794,0.00036000000000002697,8.999999999992347e-05,-1,0.5745450000000001,0.23728813559327774,pinbar,-1,0,False,False,False,0.0020599999999999508,0.29,False,False,0.0020599999999999508,0.29,True,True,0.0007099999999999884,0.83,-1,2710.449021863167,0.94,False,,0,,-1,-1,-1,1,918,2,0,0.0,pullback_range,1,0.58105,0.57112,762,764,0.57112,0.58105,,761,0.574,,728,0.58196,,1,0.57112,0.58196,SEEK_BREAKOUT,CONFIRMED,0,,-1,-1,1,-1,761
2026-01-12 03:00:00+00:00,0.57436,0.57464,0.57426,0.57441,1761,4.999999999999449e-05,0.00038000000000004697,0.0002300000000000635,9.999999999998899e-05,1,0.57445,0.1315789473683903,pinbar,-1,0,False,False,False,0.0020599999999999508,0.18,False,False,0.0020599999999999508,0.18,False,False,0.0020599999999999508,0.18,1,2620.025305495247,0.67,False,,0,,-1,-1,-1,0,-1,-1,0,0.0,pullback_range,1,0.58105,0.57112,762,764,0.57112,0.58105,,761,0.574,,728,0.58196,,1,0.57112,0.58196,SEEK_BREAKOUT,CONFIRMED,0,,-1,-1,1,-1,761
2026-01-12 04:00:00+00:00,0.5744,0.57446,0.57402,0.57436,1321,4.0000000000040004e-05,0.00043999999999999595,5.999999999994898e-05,0.00034000000000000696,-1,0.57424,0.09090909090918266,pinbar,1,0,False,False,False,0.0020599999999999508,0.21,False,False,0.0020599999999999508,0.21,False,False,0.0020599999999999508,0.21,-1,2496.3086097337946,0.53,False,,0,,-1,-1,-1,0,-1,-1,0,0.0,pullback_range,1,0.58105,0.57112,762,764,0.57112,0.58105,,761,0.574,,728,0.58196,,1,0.57112,0.58196,SEEK_BREAKOUT,CONFIRMED,0,,-1,-1,1,-1,761
2026-01-12 05:00:00+00:00,0.57436,0.57496,0.57435,0.57492,1983,0.0005600000000000049,0.0006099999999999994,4.0000000000040004e-05,9.99999999995449e-06,1,0.574655,0.9180327868852548,maru,0,0,True,False,False,0.0020599999999999508,0.3,False,False,0.0020599999999999508,0.3,False,False,0.0020599999999999508,0.3,1,2447.422075473433,0.81,False,,0,,-1,-1,-1,0,-1,-1,1,0.000180000000000069,pullback_range,1,0.58105,0.57112,762,764,0.57112,0.58105,,761,0.574,,728,0.58196,,1,0.57112,0.58196,SEEK_BREAKOUT,CONFIRMED,0,,-1,-1,1,-1,761
2026-01-12 06:00:00+00:00,0.5749,0.57508,0.57464,0.57486,1767,3.999999999992898e-05,0.00043999999999999595,0.000180000000000069,0.00021999999999999797,-1,0.57486,0.09090909090893035,pinbar,0,0,False,False,False,0.0020599999999999508,0.21,False,False,0.0020599999999999508,0.21,False,False,0.0020599999999999508,0.21,-1,2382.619973047392,0.74,False,,0,,-1,-1,-1,0,-1,-1,0,0.0,pullback_range,1,0.58105,0.57112,762,764,0.57112,0.58105,,761,0.574,,728,0.58196,,1,0.57112,0.58196,SEEK_BREAKOUT,CONFIRMED,0,,-1,-1,1,-1,761
2026-01-12 07:00:00+00:00,0.57484,0.57556,0.57468,0.5753,2878,0.00046000000000001595,0.0008799999999999919,0.00025999999999992696,0.000160000000000049,1,0.57512,0.5227272727272957,normal,0,0,False,False,False,0.0020599999999999508,0.43,False,False,0.0020599999999999508,0.43,False,False,0.0020599999999999508,0.43,1,2429.7990232333545,1.18,False,,0,,-1,-1,-1,1,923,2,1,1.999999999990898e-05,pullback_range,1,0.58105,0.57112,762,764,0.57112,0.58105,,761,0.574,,728,0.58196,,1,0.57112,0.58196,SEEK_BREAKOUT,CONFIRMED,0,,-1,-1,1,-1,761
2026-01-12 08:00:00+00:00,0.5753,0.57592,0.5751,0.57544,2791,0.00013999999999991797,0.0008200000000000429,0.00048000000000003595,0.000200000000000089,1,0.57551,0.1707317073169642,pinbar,-1,0,False,False,False,0.0020599999999999508,0.4,False,False,0.0020599999999999508,0.4,False,False,0.0020599999999999508,0.4,1,2464.199116258749,1.13,False,,0,,-1,-1,-1,1,924,2,0,0.0,pullback_range,1,0.58105,0.57112,762,764,0.57112,0.58105,,761,0.574,,728,0.58196,,1,0.57112,0.58196,SEEK_BREAKOUT,CONFIRMED,0,,-1,-1,1,-1,761
2026-01-12 09:00:00+00:00,0.57544,0.57602,0.57514,0.5755,2740,6.0000000000060005e-05,0.0008799999999999919,0.0005199999999999649,0.00029999999999996696,1,0.57558,0.068181818181887,pinbar,-1,0,False,False,False,0.0020599999999999508,0.43,False,False,0.0020599999999999508,0.43,False,False,0.0020599999999999508,0.43,1,2490.4658670912495,1.1,False,,0,,-1,-1,-1,1,925,2,0,0.0,pullback_range,1,0.58105,0.57112,762,764,0.57112,0.58105,,761,0.574,,728,0.58196,,1,0.57112,0.58196,SEEK_BREAKOUT,CONFIRMED,0,,-1,-1,1,-1,761
2026-01-12 10:00:00+00:00,0.5755,0.57591,0.57517,0.5759,2018,0.00039999999999995595,0.0007400000000000739,1.0000000000065512e-05,0.0003300000000000525,1,0.5755399999999999,0.540540540540427,maru,0,0,True,False,False,0.0020599999999999508,0.36,False,False,0.0020599999999999508,0.36,False,False,0.0020599999999999508,0.36,1,2445.4691178444637,0.83,False,,0,,-1,-1,-1,0,-1,-1,0,0.0,pullback_range,1,0.58105,0.57112,762,764,0.57112,0.58105,,761,0.574,,728,0.58196,,1,0.57112,0.58196,SEEK_BREAKOUT,CONFIRMED,0,,-1,-1,1,-1,761
2026-01-12 11:00:00+00:00,0.57588,0.57622,0.57568,0.57575,1465,0.00012999999999996348,0.0005399999999999849,0.00034000000000000696,7.00000000000145e-05,-1,0.57595,0.24074074074067983,pinbar,-1,0,False,False,False,0.0020599999999999508,0.26,False,False,0.0020599999999999508,0.26,False,False,0.0020599999999999508,0.26,-1,2352.0911066211816,0.62,False,,0,,-1,-1,-1,1,928,3,0,0.0,pullback_range,1,0.58105,0.57112,762,764,0.57112,0.58105,,761,0.574,,728,0.58196,,1,0.57112,0.58196,SEEK_BREAKOUT,CONFIRMED,0,,-1,-1,1,-1,761
2026-01-12 12:00:00+00:00,0.57574,0.57644,0.57558,0.57604,2537,0.00029999999999996696,0.0008599999999999719,0.00039999999999995595,0.000160000000000049,1,0.5760099999999999,0.34883720930229856,pinbar,0,0,False,False,False,0.0020599999999999508,0.42,False,False,0.0020599999999999508,0.42,False,False,0.0020599999999999508,0.42,1,2369.7014774191643,1.07,False,,0,,-1,-1,-1,1,928,2,0,0.0,pullback_range,1,0.58105,0.57112,762,764,0.57112,0.58105,,761,0.574,,728,0.58196,,1,0.57112,0.58196,SEEK_BREAKOUT,CONFIRMED,0,,-1,-1,1,-1,761
2026-01-12 13:00:00+00:00,0.57605,0.5769,0.57597,0.57662,3635,0.0005700000000000705,0.0009299999999999864,0.00027999999999994696,7.999999999996898e-05,1,0.576435,0.6129032258065363,normal,0,-1,False,False,False,0.0020599999999999508,0.45,False,False,0.0020599999999999508,0.45,False,False,0.0020599999999999508,0.45,1,2490.206098617339,1.46,True,one_maru_opposite,1,CONFIRMED,924,925,927,1,929,2,0,0.0,pullback_range,1,0.58105,0.57112,762,764,0.57112,0.58105,,761,0.574,,728,0.58196,,1,0.57112,0.58196,SEEK_BREAKOUT,CONFIRMED,0,,-1,-1,1,-1,761
2026-01-12 14:00:00+00:00,0.5766,0.57669,0.57559,0.57606,4718,0.0005399999999999849,0.0010999999999999899,9.00000000000345e-05,0.00046999999999997044,-1,0.5761400000000001,0.49090909090908175,normal,0,1,False,False,True,0.0020599999999999508,0.53,False,True,0.0020599999999999508,0.53,False,True,0.0020599999999999508,0.53,-1,2702.376946368069,1.75,True,,0,,-1,-1,-1,1,930,2,0,0.0,pullback_range,1,0.58105,0.57112,762,764,0.57112,0.58105,,761,0.574,,728,0.58196,,1,0.57112,0.58196,SEEK_BREAKOUT,CONFIRMED,0,,-1,-1,1,-1,761
2026-01-12 15:00:00+00:00,0.57605,0.57663,0.57578,0.57645,3956,0.00040000000000006697,0.0008500000000000174,0.00017999999999995797,0.00026999999999999247,1,0.576205,0.4705882352941868,normal,0,0,False,False,False,0.0020599999999999508,0.41,False,False,0.0020599999999999508,0.41,False,False,0.0020599999999999508,0.41,1,2821.7696181425385,1.4,True,,0,,-1,-1,-1,1,932,3,0,0.0,pullback_range,1,0.58105,0.57112,762,764,0.57112,0.58105,,761,0.574,,728,0.58196,,1,0.57112,0.58196,SEEK_BREAKOUT,CONFIRMED,0,,-1,-1,1,-1,761
2026-01-12 16:00:00+00:00,0.57643,0.57682,0.57623,0.57624,3228,0.00019000000000002348,0.0005899999999999794,0.00039000000000000146,9.99999999995449e-06,-1,0.576525,0.3220338983051358,pinbar,-1,0,False,False,False,0.0020599999999999508,0.29,False,False,0.0020599999999999508,0.29,False,False,0.0020599999999999508,0.29,-1,2860.4582259384874,1.13,False,,0,,-1,-1,-1,1,932,2,0,0.0,pullback_range,1,0.58105,0.57112,762,764,0.57112,0.58105,,761,0.574,,728,0.58196,,1,0.57112,0.58196,SEEK_BREAKOUT,CONFIRMED,0,,-1,-1,1,-1,761
2026-01-12 17:00:00+00:00,0.57625,0.57681,0.57617,0.5768,2866,0.0005499999999999394,0.0006400000000000849,1.0000000000065512e-05,8.000000000008001e-05,1,0.57649,0.8593749999997913,maru,0,0,True,False,False,0.0020599999999999508,0.31,False,False,0.0020599999999999508,0.31,False,False,0.0020599999999999508,0.31,1,2860.9860139443454,1.0,False,,0,,-1,-1,-1,1,933,2,0,0.0,pullback_range,1,0.58105,0.57112,762,764,0.57112,0.58105,,761,0.574,,728,0.58196,,1,0.57112,0.58196,SEEK_BREAKOUT,CONFIRMED,0,,-1,-1,1,-1,761
2026-01-12 18:00:00+00:00,0.5768,0.57688,0.57645,0.57654,1138,0.00025999999999992696,0.00042999999999993044,7.999999999996898e-05,9.00000000000345e-05,-1,0.576665,0.6046511627906256,normal,0,0,False,False,False,0.0020599999999999508,0.21,False,False,0.0020599999999999508,0.21,False,False,0.0020599999999999508,0.21,-1,2696.8921078544076,0.42,False,,0,,-1,-1,-1,1,934,2,0,0.0,pullback_range,1,0.58105,0.57112,762,764,0.57112,0.58105,,761,0.574,,728,0.58196,,1,0.57112,0.58196,SEEK_BREAKOUT,CONFIRMED,0,,-1,-1,1,-1,761
2026-01-12 19:00:00+00:00,0.57652,0.57686,0.57639,0.57665,1026,0.00012999999999996348,0.00047000000000008146,0.00021000000000004349,0.0001300000000000745,1,0.5766249999999999,0.2765957446807254,pinbar,0,0,False,False,False,0.0020599999999999508,0.23,False,False,0.0020599999999999508,0.23,False,False,0.0020599999999999508,0.23,1,2537.7595261539877,0.4,False,,0,,-1,-1,-1,0,-1,-1,0,0.0,pullback_range,1,0.58105,0.57112,762,764,0.57112,0.58105,,761,0.574,,728,0.58196,,1,0.57112,0.58196,SEEK_BREAKOUT,CONFIRMED,0,,-1,-1,1,-1,761
2026-01-12 20:00:00+00:00,0.57664,0.57685,0.57656,0.57664,772,0.0,0.00029000000000001247,0.00020999999999993246,8.000000000008001e-05,0,0.576705,0.0,pinbar,-1,0,False,False,False,0.0020599999999999508,0.14,False,False,0.0020599999999999508,0.14,False,False,0.0020599999999999508,0.14,-1,2369.5919522345603,0.33,False,,0,,-1,-1,-1,0,-1,-1,0,0.0,pullback_range,1,0.58105,0.57112,762,764,0.57112,0.58105,,761,0.574,,728,0.58196,,1,0.57112,0.58196,SEEK_BREAKOUT,CONFIRMED,0,,-1,-1,1,-1,761
2026-01-12 21:00:00+00:00,0.57664,0.5775,0.5766,0.5772,1073,0.0005600000000000049,0.0009000000000000119,0.00029999999999996696,4.0000000000040004e-05,1,0.5770500000000001,0.6222222222222195,normal,0,-1,False,False,False,0.0020599999999999508,0.44,False,False,0.0020599999999999508,0.44,False,False,0.0020599999999999508,0.44,1,2246.1070044026974,0.48,False,,0,,-1,-1,-1,1,937,2,1,0.0002300000000000635,pullback_range,1,0.58105,0.57112,762,764,0.57112,0.58105,,761,0.574,,728,0.58196,,1,0.57112,0.58196,SEEK_BREAKOUT,CONFIRMED,0,,-1,-1,1,-1,761
2026-01-12 22:00:00+00:00,0.57732,0.57739,0.57708,0.57728,816,4.0000000000040004e-05,0.00030999999999992145,6.999999999990347e-05,0.00019999999999997797,-1,0.5772349999999999,0.12903225806467786,pinbar,1,0,False,False,False,0.0020599999999999508,0.15,False,False,0.0020599999999999508,0.15,False,False,0.0020599999999999508,0.15,1,2109.906337316726,0.39,False,,0,,-1,-1,-1,0,-1,-1,0,0.0,pullback_range,1,0.58105,0.57112,762,764,0.57112,0.58105,,761,0.574,,728,0.58196,,1,0.57112,0.58196,SEEK_BREAKOUT,CONFIRMED,0,,-1,-1,1,-1,761
2026-01-12 23:00:00+00:00,0.57728,0.57745,0.57716,0.5773,890,2.0000000000020002e-05,0.00029000000000001247,0.00014999999999998348,0.00012000000000000899,1,0.577305,0.06896551724144531,pinbar,-1,0,False,False,False,0.0020599999999999508,0.14,False,False,0.0020599999999999508,0.14,False,False,0.0020599999999999508,0.14,1,1993.7247813817999,0.45,False,,0,,-1,-1,-1,0,-1,-1,0,0.0,pullback_range,1,0.58105,0.57112,762,764,0.57112,0.58105,,761,0.574,,728,0.58196,,1,0.57112,0.58196,SEEK_BREAKOUT,CONFIRMED,0,,-1,-1,1,-1,761
2026-01-13 00:00:00+00:00,0.57729,0.57758,0.57716,0.57756,1517,0.00026999999999999247,0.00041999999999997595,2.0000000000020002e-05,0.00012999999999996348,1,0.5773699999999999,0.6428571428571618,maru,0,0,True,False,False,0.0020599999999999508,0.2,False,False,0.0020599999999999508,0.2,False,False,0.0020599999999999508,0.2,1,1948.3224212502,0.78,False,,0,,-1,-1,-1,1,940,2,0,0.0,pullback_range,1,0.58105,0.57112,762,764,0.57112,0.58105,,761,0.574,,728,0.58196,,1,0.57112,0.58196,SEEK_BREAKOUT,CONFIRMED,0,,-1,-1,1,-1,761
2026-01-13 01:00:00+00:00,0.57756,0.57794,0.57729,0.57756,3125,0.0,0.0006500000000000394,0.00038000000000004697,0.00026999999999999247,0,0.577615,0.0,pinbar,-1,0,False,False,False,0.0020599999999999508,0.32,False,False,0.0020599999999999508,0.32,False,False,0.0020599999999999508,0.32,0,2060.3869525597047,1.52,True,,0,,-1,-1,-1,1,941,2,0,0.0,pullback_range,1,0.58105,0.57112,762,764,0.57112,0.58105,,761,0.574,,728,0.58196,,1,0.57112,0.58196,SEEK_BREAKOUT,CONFIRMED,0,,-1,-1,1,-1,761
2026-01-13 02:00:00+00:00,0.57756,0.57806,0.57748,0.57758,2911,2.0000000000020002e-05,0.0005800000000000249,0.00048000000000003595,7.999999999996898e-05,1,0.57777,0.034482758620722656,pinbar,-1,0,False,False,False,0.0020599999999999508,0.28,False,False,0.0020599999999999508,0.28,False,False,0.0020599999999999508,0.28,1,2141.39771898259,1.36,True,,0,,-1,-1,-1,1,942,2,0,0.0,pullback_range,1,0.58105,0.57112,762,764,0.57112,0.58105,,761,0.574,,728,0.58196,,1,0.57112,0.58196,SEEK_BREAKOUT,CONFIRMED,0,,-1,-1,1,-1,761
2026-01-13 03:00:00+00:00,0.57758,0.578,0.57746,0.5777,1975,0.00012000000000000899,0.0005399999999999849,0.00029999999999996696,0.00012000000000000899,1,0.57773,0.22222222222224505,pinbar,-1,0,False,False,False,0.0020599999999999508,0.26,False,False,0.0020599999999999508,0.26,False,False,0.0020599999999999508,0.26,1,2125.550317174724,0.93,False,,0,,-1,-1,-1,1,943,2,0,0.0,pullback_range,1,0.58105,0.57112,762,764,0.57112,0.58105,,761,0.574,,728,0.58196,,1,0.57112,0.58196,SEEK_BREAKOUT,CONFIRMED,0,,-1,-1,1,-1,761
2026-01-13 04:00:00+00:00,0.5777,0.57794,0.57755,0.57788,1502,0.00017999999999995797,0.00039000000000000146,6.0000000000060005e-05,0.00014999999999998348,1,0.577745,0.46153846153835204,normal,0,1,False,False,False,0.0020599999999999508,0.19,False,False,0.0020599999999999508,0.19,False,False,0.0020599999999999508,0.19,1,2066.1645726818933,0.73,False,,0,,-1,-1,-1,0,-1,-1,0,0.0,pullback_range,1,0.58105,0.57112,762,764,0.57112,0.58105,,761,0.574,,728,0.58196,,1,0.57112,0.58196,SEEK_BREAKOUT,CONFIRMED,0,,-1,-1,1,-1,761
2026-01-13 05:00:00+00:00,0.57788,0.57806,0.57759,0.57771,1878,0.00017000000000000348,0.00046999999999997044,0.000180000000000069,0.00011999999999989797,-1,0.577825,0.36170212765960463,pinbar,0,0,False,False,False,0.0020599999999999508,0.23,False,False,0.0020599999999999508,0.23,False,False,0.0020599999999999508,0.23,-1,2048.2441371883797,0.92,False,,0,,-1,-1,-1,0,-1,-1,0,0.0,pullback_range,1,0.58105,0.57112,762,764,0.57112,0.58105,,761,0.574,,728,0.58196,,1,0.57112,0.58196,SEEK_BREAKOUT,CONFIRMED,0,,-1,-1,1,-1,761
2026-01-13 06:00:00+00:00,0.5777,0.57776,0.5771,0.57734,2381,0.00036000000000002697,0.000660000000000105,6.0000000000060005e-05,0.00024000000000001798,-1,0.57743,0.5454545454544996,normal,0,1,False,False,False,0.0020599999999999508,0.32,False,False,0.0020599999999999508,0.32,False,False,0.0020599999999999508,0.32,-1,2079.935171741867,1.14,False,,0,,-1,-1,-1,0,-1,-1,1,0.00017000000000000348,pullback_range,1,0.58105,0.57112,762,764,0.57112,0.58105,,761,0.574,,728,0.58196,,1,0.57112,0.58196,SEEK_BREAKOUT,CONFIRMED,0,,-1,-1,1,-1,761
2026-01-13 07:00:00+00:00,0.5773,0.57742,0.57696,0.57708,2110,0.00021999999999999797,0.00046000000000001595,0.00012000000000000899,0.00012000000000000899,-1,0.5771900000000001,0.4782608695651964,normal,0,0,False,False,False,0.0020599999999999508,0.22,False,False,0.0020599999999999508,0.22,False,False,0.0020599999999999508,0.22,-1,2082.7984887188322,1.01,False,,0,,-1,-1,-1,1,947,2,0,0.0,pullback_range,1,0.58105,0.57112,762,764,0.57112,0.58105,,761,0.574,,728,0.58196,,1,0.57112,0.58196,SEEK_BREAKOUT,CONFIRMED,0,,-1,-1,1,-1,761
2026-01-13 08:00:00+00:00,0.57706,0.57746,0.57641,0.57694,3005,0.00012000000000000899,0.0010499999999999954,0.00039999999999995595,0.0005300000000000304,-1,0.576935,0.11428571428572334,pinbar,1,0,False,False,True,0.0020599999999999508,0.51,False,True,0.0020599999999999508,0.51,False,True,0.0020599999999999508,0.51,-1,2170.6272040789436,1.38,True,,0,,-1,-1,-1,1,949,3,0,0.0,pullback_range,1,0.58105,0.57112,762,764,0.57112,0.58105,,761,0.574,,728,0.58196,,1,0.57112,0.58196,SEEK_BREAKOUT,CONFIRMED,0,,-1,-1,1,-1,761
2026-01-13 09:00:00+00:00,0.57694,0.57722,0.57676,0.57706,2286,0.00012000000000000899,0.00045999999999990493,0.00015999999999993797,0.00017999999999995797,1,0.57699,0.26086956521746474,pinbar,0,0,False,False,False,0.0020599999999999508,0.22,False,False,0.0020599999999999508,0.22,False,False,0.0020599999999999508,0.22,1,2181.6150894047582,1.05,False,,0,,-1,-1,-1,0,-1,-1,0,0.0,pullback_range,1,0.58105,0.57112,762,764,0.57112,0.58105,,761,0.574,,728,0.58196,,1,0.57112,0.58196,SEEK_BREAKOUT,CONFIRMED,0,,-1,-1,1,-1,761
2026-01-13 10:00:00+00:00,0.57705,0.57714,0.57623,0.57628,2261,0.0007699999999999374,0.0009099999999999664,9.00000000000345e-05,4.999999999999449e-05,-1,0.576685,0.8461538461538086,maru,0,0,True,False,False,0.0020599999999999508,0.44,False,False,0.0020599999999999508,0.44,False,False,0.0020599999999999508,0.44,-1,2189.1755570804958,1.03,False,,0,,-1,-1,-1,1,951,3,1,0.0002300000000000635,pullback_range,1,0.58105,0.57112,762,764,0.57112,0.58105,,761,0.574,,728,0.58196,,1,0.57112,0.58196,SEEK_BREAKOUT,CONFIRMED,0,,-1,-1,1,-1,761
2026-01-13 11:00:00+00:00,0.57629,0.57653,0.57608,0.57648,1648,0.00019000000000002348,0.00044999999999995044,4.999999999999449e-05,0.00020999999999993246,1,0.5763050000000001,0.4222222222223209,normal,0,1,False,False,False,0.0009099999999999664,0.49,False,False,0.0020599999999999508,0.22,False,False,0.0020599999999999508,0.22,1,2137.635027834734,0.77,False,,0,,-1,-1,-1,0,-1,-1,0,0.0,pullback_range,1,0.58105,0.57112,762,764,0.57112,0.58105,,761,0.574,,728,0.58196,,1,0.57112,0.58196,SEEK_BREAKOUT,CONFIRMED,0,,-1,-1,1,-1,761
2026-01-13 12:00:00+00:00,0.57645,0.57651,0.5758,0.57586,1795,0.0005899999999999794,0.0007099999999999884,5.999999999994898e-05,6.0000000000060005e-05,-1,0.576155,0.8309859154929423,maru,0,0,True,True,True,0.0009099999999999664,0.78,True,True,0.0009099999999999664,0.78,False,False,0.0020599999999999508,0.34,-1,2105.003120421902,0.85,False,one_maru_opposite,-1,CONFIRMED,948,949,950,1,952,2,0,0.0,pullback_range,1,0.58105,0.57112,762,764,0.57112,0.58105,,761,0.574,,728,0.58196,,1,0.57112,0.58196,SEEK_BREAKOUT,CONFIRMED,0,,-1,-1,1,-1,761
2026-01-13 13:00:00+00:00,0.57586,0.57827,0.57552,0.57654,8487,0.0006800000000000139,0.002749999999999919,0.0017299999999998983,0.00034000000000000696,1,0.5768949999999999,0.2472727272727396,pinbar,-1,0,False,True,True,0.0009099999999999664,3.02,True,True,0.0009099999999999664,3.02,True,True,0.0009099999999999664,3.02,1,2712.812347048388,3.13,True,,0,,-1,-1,-1,0,-1,-1,0,0.0,pullback_range,1,0.58105,0.57112,762,764,0.57112,0.58105,,761,0.574,,728,0.58196,,1,0.57112,0.58196,SEEK_BREAKOUT,CONFIRMED,0,,-1,-1,1,-1,761
2026-01-13 14:00:00+00:00,0.57654,0.57705,0.5758,0.57605,7699,0.0004900000000001015,0.0012499999999999734,0.0005099999999998994,0.00024999999999997247,-1,0.576425,0.39200000000008955,pinbar,0,0,False,True,True,0.0009099999999999664,1.37,True,True,0.0009099999999999664,1.37,True,True,0.0009099999999999664,1.37,-1,3187.687361615208,2.42,True,,0,,-1,-1,-1,0,-1,-1,0,0.0,pullback_range,1,0.58105,0.57112,762,764,0.57112,0.58105,,761,0.574,,728,0.58196,,1,0.57112,0.58196,SEEK_BREAKOUT,CONFIRMED,0,,-1,-1,1,-1,761
2026-01-13 15:00:00+00:00,0.57604,0.57613,0.57422,0.57491,5393,0.0011299999999999644,0.0019100000000000783,9.00000000000345e-05,0.0006900000000000794,-1,0.575175,0.5916230366491717,normal,0,1,False,True,True,0.0009099999999999664,2.1,True,True,0.0009099999999999664,2.1,True,True,0.0009099999999999664,2.1,-1,3397.717136699474,1.59,True,,0,,-1,-1,-1,0,-1,-1,1,0.0008399999999999519,pullback_range,1,0.58105,0.57112,762,764,0.57112,0.58105,,761,0.574,,728,0.58196,,1,0.57112,0.58196,SEEK_BREAKOUT,CONFIRMED,0,,-1,-1,1,-1,761
2026-01-13 16:00:00+00:00,0.5749,0.57496,0.57351,0.5745,4858,0.00039999999999995595,0.0014500000000000624,6.0000000000060005e-05,0.0009900000000000464,-1,0.574235,0.275862068965475,pinbar,1,0,False,True,True,0.0009099999999999664,1.59,True,True,0.0009099999999999664,1.59,True,True,0.0009099999999999664,1.59,-1,3536.791695109048,1.37,True,,0,,-1,-1,-1,1,956,2,0,0.0,pullback_range,1,0.58105,0.57112,762,764,0.57112,0.58105,,761,0.574,,728,0.58196,,1,0.57112,0.58196,SEEK_BREAKOUT,CONFIRMED,0,,-1,-1,1,-1,761
2026-01-13 17:00:00+00:00,0.57452,0.57466,0.5738,0.574,4333,0.000520000000000076,0.0008599999999999719,0.00013999999999991797,0.00019999999999997797,-1,0.57423,0.6046511627908058,normal,0,0,False,True,True,0.0009099999999999664,0.95,True,True,0.0009099999999999664,0.95,True,True,0.0009099999999999664,0.95,-1,3612.6210574796146,1.2,True,,0,,-1,-1,-1,1,957,2,0,0.0,pullback_range,1,0.58105,0.57112,762,764,0.57112,0.58105,,761,0.574,,728,0.58196,,1,0.57112,0.58196,SEEK_BREAKOUT,CONFIRMED,0,,-1,-1,1,-1,761
2026-01-13 18:00:00+00:00,0.574,0.57428,0.57372,0.57409,1927,9.00000000000345e-05,0.0005600000000000049,0.00019000000000002348,0.00027999999999994696,1,0.5740000000000001,0.1607142857143459,pinbar,0,0,False,False,True,0.0009099999999999664,0.62,False,True,0.0009099999999999664,0.62,False,True,0.0009099999999999664,0.62,1,3452.0857186720323,0.56,False,,0,,-1,-1,-1,1,958,2,0,0.0,pullback_range,1,0.58105,0.57112,762,764,0.57112,0.58105,,761,0.574,,728,0.58196,,1,0.57112,0.58196,SEEK_BREAKOUT,CONFIRMED,0,,-1,-1,1,-1,761
2026-01-13 19:00:00+00:00,0.5741,0.57415,0.5736,0.57398,1821,0.00012000000000000899,0.0005500000000000504,4.999999999999449e-05,0.00038000000000004697,-1,0.573875,0.2181818181818145,pinbar,1,0,False,False,True,0.0009099999999999664,0.6,False,True,0.0009099999999999664,0.6,False,True,0.0009099999999999664,0.6,-1,3296.7442216556483,0.55,False,,0,,-1,-1,-1,1,959,2,0,0.0,pullback_range,1,0.58105,0.57112,762,764,0.57112,0.58105,,761,0.574,,728,0.58196,,1,0.57112,0.58196,SEEK_BREAKOUT,CONFIRMED,0,,-1,-1,1,-1,761
2026-01-13 20:00:00+00:00,0.57399,0.57406,0.57374,0.57398,1653,9.99999999995449e-06,0.00031999999999998696,7.00000000000145e-05,0.00024000000000001798,-1,0.5739000000000001,0.031249999999859054,pinbar,1,0,False,False,False,0.0009099999999999664,0.35,False,False,0.0009099999999999664,0.35,False,False,0.0009099999999999664,0.35,0,3140.1971529265393,0.53,False,,0,,-1,-1,-1,1,961,3,0,0.0,pullback_range,1,0.58105,0.57112,762,764,0.57112,0.58105,,761,0.574,,728,0.58196,,1,0.57112,0.58196,SEEK_BREAKOUT,CONFIRMED,0,,-1,-1,1,-1,761
2026-01-13 21:00:00+00:00,0.57396,0.57411,0.5736,0.57371,835,0.00024999999999997247,0.0005100000000000104,0.00014999999999998348,0.0001100000000000545,-1,0.573855,0.4901960784313085,normal,0,0,False,False,True,0.0009099999999999664,0.56,False,True,0.0009099999999999664,0.56,False,True,0.0009099999999999664,0.56,-1,2920.6545669335355,0.29,False,,0,,-1,-1,-1,1,961,2,0,0.0,pullback_range,1,0.58105,0.57112,762,764,0.57112,0.58105,,761,0.574,,728,0.58196,,1,0.57112,0.58196,SEEK_BREAKOUT,CONFIRMED,0,,-1,-1,1,-1,761
2026-01-13 22:00:00+00:00,0.57392,0.57419,0.57382,0.57414,699,0.00021999999999999797,0.00036999999999998145,4.999999999999449e-05,9.999999999998899e-05,1,0.574005,0.5945945945946189,normal,0,0,False,False,False,0.0009099999999999664,0.41,False,False,0.0009099999999999664,0.41,False,False,0.0009099999999999664,0.41,1,2709.06841770177,0.26,False,,0,,-1,-1,-1,0,-1,-1,0,0.0,pullback_range,1,0.58105,0.57112,762,764,0.57112,0.58105,,761,0.574,,728,0.58196,,1,0.57112,0.58196,SEEK_BREAKOUT,CONFIRMED,0,,-1,-1,1,-1,761
2026-01-13 23:00:00+00:00,0.57418,0.57434,0.57381,0.57382,824,0.00036000000000002697,0.0005299999999999194,0.00015999999999993797,9.99999999995449e-06,-1,0.574075,0.6792452830190221,maru,0,0,True,False,True,0.0009099999999999664,0.58,False,True,0.0009099999999999664,0.58,False,True,0.0009099999999999664,0.58,-1,2529.538092206363,0.33,False,,0,,-1,-1,-1,0,-1,-1,0,0.0,pullback_range,1,0.58105,0.57112,762,764,0.57112,0.58105,,761,0.574,,728,0.58196,,1,0.57112,0.58196,SEEK_BREAKOUT,CONFIRMED,0,,-1,-1,1,-1,761
2026-01-14 00:00:00+00:00,0.57382,0.57394,0.57354,0.57367,1412,0.00014999999999998348,0.00039999999999995595,0.00012000000000000899,0.00012999999999996348,-1,0.57374,0.375,pinbar,0,0,False,False,False,0.0009099999999999664,0.44,False,False,0.0009099999999999664,0.44,False,False,0.0009099999999999664,0.44,-1,2423.1058929486144,0.58,False,,0,,-1,-1,-1,0,-1,-1,1,3.0000000000085514e-05,pullback_range,1,0.58105,0.57112,762,764,0.57112,0.58105,,761,0.574,,728,0.58196,,1,0.57112,0.58196,SEEK_BREAKOUT,CONFIRMED,0,,-1,-1,1,-1,761
2026-01-14 01:00:00+00:00,0.57368,0.57378,0.57306,0.57342,2716,0.00025999999999992696,0.0007199999999999429,9.999999999998899e-05,0.00036000000000002697,-1,0.57342,0.3611111111110383,pinbar,1,0,False,True,True,0.0009099999999999664,0.79,True,True,0.0009099999999999664,0.79,True,True,0.0009099999999999664,0.79,-1,2451.000569810651,1.11,False,,0,,-1,-1,-1,0,-1,-1,0,0.0,pullback_range,1,0.58105,0.57112,762,764,0.57112,0.58105,,761,0.574,,728,0.58196,,1,0.57112,0.58196,SEEK_BREAKOUT,CONFIRMED,0,,-1,-1,1,-1,761
2026-01-14 02:00:00+00:00,0.57342,0.5745,0.57338,0.57439,2337,0.0009699999999999154,0.0011200000000000099,0.0001100000000000545,4.0000000000040004e-05,1,0.57394,0.8660714285713453,maru,0,0,True,True,True,0.0009099999999999664,1.23,True,True,0.0009099999999999664,1.23,True,True,0.0009099999999999664,1.23,1,2440.143372685827,0.96,False,,0,,-1,-1,-1,1,966,2,1,0.0005700000000000705,pullback_range,1,0.58105,0.57112,762,764,0.57112,0.58105,,761,0.574,,728,0.58196,,1,0.57112,0.58196,SEEK_BREAKOUT,CONFIRMED,0,,-1,-1,1,-1,761
2026-01-14 03:00:00+00:00,0.57438,0.5748,0.57435,0.57458,1933,0.00019999999999997797,0.00044999999999995044,0.00021999999999999797,2.999999999997449e-05,1,0.5745750000000001,0.4444444444444444,normal,0,-1,False,False,False,0.0011200000000000099,0.4,False,False,0.0009099999999999664,0.49,False,False,0.0009099999999999664,0.49,1,2391.8440038586054,0.81,False,one_maru_continuous,1,SUCCESS,964,965,-1,1,969,4,0,0.0,pullback_range,1,0.58105,0.57112,762,764,0.57112,0.58105,,761,0.574,,728,0.58196,,1,0.57112,0.58196,SEEK_BREAKOUT,CONFIRMED,0,,-1,-1,1,-1,761
2026-01-14 04:00:00+00:00,0.57462,0.57482,0.57435,0.57441,1498,0.00021000000000004349,0.00046999999999997044,0.00019999999999997797,5.999999999994898e-05,-1,0.574585,0.4468085106384185,normal,0,-1,False,False,False,0.0011200000000000099,0.42,False,False,0.0011200000000000099,0.42,False,True,0.0009099999999999664,0.52,-1,2306.716003491119,0.65,False,,0,,-1,-1,-1,1,969,3,0,0.0,pullback_range,1,0.58105,0.57112,762,764,0.57112,0.58105,,761,0.574,,728,0.58196,,1,0.57112,0.58196,SEEK_BREAKOUT,CONFIRMED,0,,-1,-1,1,-1,761
2026-01-14 05:00:00+00:00,0.57441,0.57454,0.57423,0.57426,2152,0.00014999999999998348,0.00031000000000003247,0.0001300000000000745,2.999999999997449e-05,-1,0.574385,0.4838709677418315,normal,0,-1,False,False,False,0.0011200000000000099,0.28,False,False,0.0011200000000000099,0.28,False,False,0.0011200000000000099,0.28,-1,2291.981146015774,0.94,False,,0,,-1,-1,-1,1,972,5,0,0.0,pullback_range,1,0.58105,0.57112,762,764,0.57112,0.58105,,761,0.574,,728,0.58196,,1,0.57112,0.58196,SEEK_BREAKOUT,CONFIRMED,0,,-1,-1,1,-1,761
2026-01-14 06:00:00+00:00,0.57426,0.57506,0.57411,0.57506,2296,0.0008000000000000229,0.0009500000000000064,0.0,0.00014999999999998348,1,0.574585,0.8421052631579132,maru,0,0,True,True,True,0.0011200000000000099,0.85,True,True,0.0011200000000000099,0.85,True,True,0.0011200000000000099,0.85,1,2292.3638940142714,1.0,False,,0,,-1,-1,-1,1,970,2,1,5.999999999994898e-05,pullback_range,1,0.58105,0.57112,762,764,0.57112,0.58105,,761,0.574,,728,0.58196,,1,0.57112,0.58196,SEEK_BREAKOUT,CONFIRMED,0,,-1,-1,1,-1,761
2026-01-14 07:00:00+00:00,0.57505,0.5751,0.5746,0.57465,1604,0.00039999999999995595,0.0004999999999999449,4.999999999999449e-05,4.999999999999449e-05,-1,0.57485,0.8,maru,0,0,True,False,False,0.0011200000000000099,0.45,False,False,0.0011200000000000099,0.45,False,False,0.0011200000000000099,0.45,-1,2226.805427917674,0.72,False,,0,,-1,-1,-1,1,971,2,0,0.0,pullback_range,1,0.58105,0.57112,762,764,0.57112,0.58105,,761,0.574,,728,0.58196,,1,0.57112,0.58196,SEEK_BREAKOUT,CONFIRMED,0,,-1,-1,1,-1,761
2026-01-14 08:00:00+00:00,0.57464,0.5748,0.5741,0.57467,3937,2.999999999997449e-05,0.0006999999999999229,0.00012999999999996348,0.0005399999999999849,1,0.57445,0.04285714285711114,pinbar,1,0,False,False,True,0.0011200000000000099,0.62,False,True,0.0011200000000000099,0.62,False,True,0.0011200000000000099,0.62,1,2389.681101449324,1.65,True,,0,,-1,-1,-1,1,972,2,0,0.0,pullback_range,1,0.58105,0.57112,762,764,0.57112,0.58105,,761,0.574,,728,0.58196,,1,0.57112,0.58196,SEEK_BREAKOUT,CONFIRMED,0,,-1,-1,1,-1,761
2026-01-14 09:00:00+00:00,0.57469,0.57504,0.57436,0.57475,2226,5.999999999994898e-05,0.0006800000000000139,0.00029000000000001247,0.0003300000000000525,1,0.5747,0.08823529411757022,pinbar,0,0,False,False,True,0.0011200000000000099,0.61,False,True,0.0011200000000000099,0.61,False,True,0.0011200000000000099,0.61,1,2374.092425120817,0.94,False,,0,,-1,-1,-1,1,974,3,0,0.0,pullback_range,1,0.58105,0.57112,762,764,0.57112,0.58105,,761,0.574,,728,0.58196,,1,0.57112,0.58196,SEEK_BREAKOUT,CONFIRMED,0,,-1,-1,1,-1,761
2026-01-14 10:00:00+00:00,0.57474,0.57484,0.5742,0.57426,2419,0.00048000000000003595,0.0006399999999999739,9.999999999998899e-05,5.999999999994898e-05,-1,0.57452,0.7500000000000867,maru,0,0,True,False,True,0.0011200000000000099,0.57,False,True,0.0011200000000000099,0.57,False,True,0.0011200000000000099,0.57,-1,2378.3693370140727,1.02,False,,0,,-1,-1,-1,1,974,2,1,9.999999999998899e-05,pullback_range,1,0.58105,0.57112,762,764,0.57112,0.58105,,761,0.574,,728,0.58196,,1,0.57112,0.58196,SEEK_BREAKOUT,CONFIRMED,0,,-1,-1,1,-1,761
2026-01-14 11:00:00+00:00,0.57426,0.57426,0.5738,0.57413,2616,0.00012999999999996348,0.00046000000000001595,0.0,0.0003300000000000525,-1,0.57403,0.28260869565208474,pinbar,1,0,False,False,False,0.0011200000000000099,0.41,False,False,0.0011200000000000099,0.41,False,False,0.0011200000000000099,0.41,-1,2401.0008287270184,1.09,False,,0,,-1,-1,-1,1,975,2,0,0.0,pullback_range,1,0.58105,0.57112,762,764,0.57112,0.58105,,761,0.574,,728,0.58196,,1,0.57112,0.58196,SEEK_BREAKOUT,CONFIRMED,0,,-1,-1,1,-1,761
2026-01-14 12:00:00+00:00,0.57412,0.57458,0.57369,0.57438,3025,0.000260000000000038,0.0008899999999999464,0.00019999999999997797,0.00042999999999993044,1,0.5741350000000001,0.29213483146073443,pinbar,0,0,False,True,True,0.0011200000000000099,0.79,True,True,0.0011200000000000099,0.79,True,True,0.0011200000000000099,0.79,1,2460.4293212292073,1.23,True,,0,,-1,-1,-1,1,979,5,0,0.0,pullback_range,1,0.58105,0.57112,762,764,0.57112,0.58105,,761,0.574,,728,0.58196,,1,0.57112,0.58196,SEEK_BREAKOUT,CONFIRMED,0,,-1,-1,1,-1,761
2026-01-14 13:00:00+00:00,0.57436,0.5744,0.57382,0.57424,3216,0.00012000000000000899,0.0005800000000000249,4.0000000000040004e-05,0.00041999999999997595,-1,0.57411,0.20689655172414453,pinbar,1,0,False,False,True,0.0011200000000000099,0.52,False,True,0.0011200000000000099,0.52,False,True,0.0011200000000000099,0.52,-1,2532.388433493092,1.27,True,,0,,-1,-1,-1,1,979,4,0,0.0,pullback_range,1,0.58105,0.57112,762,764,0.57112,0.58105,,761,0.574,,728,0.58196,,1,0.57112,0.58196,SEEK_BREAKOUT,CONFIRMED,0,,-1,-1,1,-1,761
2026-01-14 14:00:00+00:00,0.57422,0.57512,0.57406,0.57494,5752,0.0007200000000000539,0.0010599999999999499,0.00017999999999995797,0.00015999999999993797,1,0.5745899999999999,0.6792452830189509,maru,0,0,False,True,True,0.0011200000000000099,0.95,True,True,0.0011200000000000099,0.95,True,True,0.0011200000000000099,0.95,1,2839.01810649375,2.03,True,,0,,-1,-1,-1,1,978,2,1,0.000140000000000029,pullback_range,1,0.58105,0.57112,762,764,0.57112,0.58105,,761,0.574,,728,0.58196,,1,0.57112,0.58196,SEEK_BREAKOUT,CONFIRMED,0,,-1,-1,1,-1,761
2026-01-14 15:00:00+00:00,0.57493,0.57549,0.57454,0.57536,6306,0.00042999999999993044,0.0009499999999998954,0.00012999999999996348,0.00039000000000000146,1,0.575015,0.45263157894734507,normal,0,1,False,True,True,0.0011200000000000099,0.85,True,True,0.0011200000000000099,0.85,True,True,0.0011200000000000099,0.85,1,3169.20685825625,1.99,True,,0,,-1,-1,-1,1,982,5,0,0.0,pullback_range,1,0.58105,0.57112,762,764,0.57112,0.58105,,761,0.574,,728,0.58196,,1,0.57112,0.58196,SEEK_BREAKOUT,CONFIRMED,0,,-1,-1,1,-1,761
2026-01-14 16:00:00+00:00,0.57537,0.5756,0.5746,0.57492,4632,0.00045000000000006146,0.0010000000000000009,0.00022999999999995246,0.00031999999999998696,-1,0.5751,0.4500000000000611,normal,0,0,False,True,True,0.0011200000000000099,0.89,True,True,0.0011200000000000099,0.89,True,True,0.0011200000000000099,0.89,-1,3308.520490803274,1.4,True,,0,,-1,-1,-1,1,982,4,0,0.0,pullback_range,1,0.58105,0.57112,762,764,0.57112,0.58105,,761,0.574,,728,0.58196,,1,0.57112,0.58196,SEEK_BREAKOUT,CONFIRMED,0,,-1,-1,1,-1,761
2026-01-14 17:00:00+00:00,0.57491,0.57501,0.57414,0.5742,3167,0.0007099999999999884,0.0008700000000000374,9.999999999998899e-05,6.0000000000060005e-05,-1,0.5745750000000001,0.8160919540229401,maru,0,0,True,True,True,0.0011200000000000099,0.78,True,True,0.0011200000000000099,0.78,True,True,0.0011200000000000099,0.78,-1,3295.04234882201,0.96,False,,0,,-1,-1,-1,1,981,2,0,0.0,pullback_range,1,0.58105,0.57112,762,764,0.57112,0.58105,,761,0.574,,728,0.58196,,1,0.57112,0.58196,SEEK_BREAKOUT,CONFIRMED,0,,-1,-1,1,-1,761
2026-01-14 18:00:00+00:00,0.5742,0.57465,0.5741,0.57447,1715,0.00026999999999999247,0.0005499999999999394,0.00017999999999995797,9.999999999998899e-05,1,0.5743750000000001,0.49090909090913126,normal,0,0,False,False,True,0.0010599999999999499,0.52,False,False,0.0011200000000000099,0.49,False,False,0.0011200000000000099,0.49,1,3144.5621251246757,0.55,False,,0,,-1,-1,-1,1,984,4,0,0.0,pullback_range,1,0.58105,0.57112,762,764,0.57112,0.58105,,761,0.574,,728,0.58196,,1,0.57112,0.58196,SEEK_BREAKOUT,CONFIRMED,0,,-1,-1,1,-1,761
2026-01-14 19:00:00+00:00,0.57444,0.57456,0.57419,0.57442,1344,1.999999999990898e-05,0.00036999999999998145,0.00012000000000000899,0.0002300000000000635,-1,0.574375,0.05405405405381076,pinbar,1,0,False,False,False,0.0010599999999999499,0.35,False,False,0.0010599999999999499,0.35,False,False,0.0011200000000000099,0.33,-1,2973.080017969945,0.45,False,,0,,-1,-1,-1,1,984,3,0,0.0,pullback_range,1,0.58105,0.57112,762,764,0.57112,0.58105,,761,0.574,,728,0.58196,,1,0.57112,0.58196,SEEK_BREAKOUT,CONFIRMED,0,,-1,-1,1,-1,761
2026-01-14 20:00:00+00:00,0.57442,0.575,0.57436,0.5747,2449,0.00027999999999994696,0.0006399999999999739,0.00029999999999996696,6.0000000000060005e-05,1,0.57468,0.43749999999993494,normal,0,-1,False,False,True,0.0010599999999999499,0.6,False,True,0.0010599999999999499,0.6,False,True,0.0010599999999999499,0.6,1,2923.1676353061407,0.84,False,,0,,-1,-1,-1,1,984,2,0,0.0,pullback_range,1,0.58105,0.57112,762,764,0.57112,0.58105,,761,0.574,,728,0.58196,,1,0.57112,0.58196,SEEK_BREAKOUT,CONFIRMED,0,,-1,-1,1,-1,761
2026-01-14 21:00:00+00:00,0.57468,0.575,0.57454,0.57478,1497,9.999999999998899e-05,0.00045999999999990493,0.00021999999999999797,0.00013999999999991797,1,0.57477,0.21739130434784706,pinbar,0,0,False,False,False,0.0010599999999999499,0.43,False,False,0.0010599999999999499,0.43,False,False,0.0010599999999999499,0.43,1,2787.3421462293654,0.54,False,,0,,-1,-1,-1,0,-1,-1,0,0.0,pullback_range,1,0.58105,0.57112,762,764,0.57112,0.58105,,761,0.574,,728,0.58196,,1,0.57112,0.58196,SEEK_BREAKOUT,CONFIRMED,0,,-1,-1,1,-1,761
2026-01-14 22:00:00+00:00,0.57498,0.5752,0.57432,0.57456,1868,0.00042000000000008697,0.0008799999999999919,0.00021999999999999797,0.00023999999999990695,-1,0.57476,0.4772727272728305,normal,0,0,False,True,True,0.0010599999999999499,0.83,True,True,0.0010599999999999499,0.83,True,True,0.0010599999999999499,0.83,-1,2699.785751350378,0.69,False,,0,,-1,-1,-1,1,986,2,0,0.0,pullback_range,1,0.58105,0.57112,762,764,0.57112,0.58105,,761,0.574,,728,0.58196,,1,0.57112,0.58196,SEEK_BREAKOUT,CONFIRMED,0,,-1,-1,1,-1,761
2026-01-14 23:00:00+00:00,0.57458,0.57498,0.57396,0.57428,1769,0.00029999999999996696,0.0010200000000000209,0.00040000000000006697,0.00031999999999998696,-1,0.57447,0.2941176470587851,pinbar,0,0,False,True,True,0.0010599999999999499,0.96,True,True,0.0010599999999999499,0.96,True,True,0.0010599999999999499,0.96,-1,2611.1394893170086,0.68,False,,0,,-1,-1,-1,0,-1,-1,0,0.0,pullback_range,1,0.58105,0.57112,762,764,0.57112,0.58105,,761,0.574,,728,0.58196,,1,0.57112,0.58196,SEEK_BREAKOUT,CONFIRMED,0,,-1,-1,1,-1,761
2026-01-15 00:00:00+00:00,0.57428,0.57454,0.57398,0.57438,2501,9.999999999998899e-05,0.0005600000000000049,0.000160000000000049,0.00029999999999996696,1,0.57426,0.17857142857140734,pinbar,1,0,False,False,True,0.0010599999999999499,0.53,False,True,0.0010599999999999499,0.53,False,True,0.0010599999999999499,0.53,1,2600.65001414396,0.96,False,,0,,-1,-1,-1,0,-1,-1,0,0.0,pullback_range,1,0.58105,0.57112,762,764,0.57112,0.58105,,761,0.574,,728,0.58196,,1,0.57112,0.58196,SEEK_BREAKOUT,CONFIRMED,0,,-1,-1,1,-1,761
2026-01-15 01:00:00+00:00,0.57438,0.57444,0.57354,0.5739,4654,0.00048000000000003595,0.0008999999999999009,5.999999999994898e-05,0.00035999999999991594,-1,0.57399,0.533333333333432,normal,0,1,False,True,True,0.0010599999999999499,0.85,True,True,0.0010599999999999499,0.85,True,True,0.0010599999999999499,0.85,-1,2796.2071556540595,1.66,True,,0,,-1,-1,-1,1,992,5,1,2.0000000000020002e-05,pullback_range,1,0.58105,0.57112,762,764,0.57112,0.58105,,761,0.574,,728,0.58196,,1,0.57112,0.58196,SEEK_BREAKOUT,CONFIRMED,0,,-1,-1,1,-1,761
2026-01-15 02:00:00+00:00,0.57388,0.57396,0.5735,0.57362,2853,0.00025999999999992696,0.00046000000000001595,8.000000000008001e-05,0.00012000000000000899,-1,0.5737300000000001,0.5652173913041695,normal,0,0,False,False,False,0.0010599999999999499,0.43,False,False,0.0010599999999999499,0.43,False,False,0.0010599999999999499,0.43,-1,2801.615997972721,1.02,False,,0,,-1,-1,-1,1,992,4,0,0.0,pullback_range,1,0.58105,0.57112,762,764,0.57112,0.58105,,761,0.574,,728,0.58196,,1,0.57112,0.58196,SEEK_BREAKOUT,CONFIRMED,0,,-1,-1,1,-1,761
2026-01-15 03:00:00+00:00,0.57364,0.57366,0.57314,0.57343,2523,0.00021000000000004349,0.0005199999999999649,1.999999999990898e-05,0.00029000000000001247,-1,0.5733999999999999,0.4038461538462647,normal,0,1,False,False,False,0.0010599999999999499,0.49,False,False,0.0010599999999999499,0.49,False,False,0.0010599999999999499,0.49,-1,2775.081141022938,0.91,False,,0,,-1,-1,-1,1,991,2,0,0.0,pullback_range,1,0.58105,0.57112,762,764,0.57112,0.58105,,761,0.574,,728,0.58196,,1,0.57112,0.58196,SEEK_BREAKOUT,CONFIRMED,0,,-1,-1,1,-1,761
2026-01-15 04:00:00+00:00,0.57344,0.57356,0.5732,0.57328,1579,0.00015999999999993797,0.00035999999999991594,0.00012000000000000899,7.999999999996898e-05,-1,0.57338,0.4444444444443759,normal,0,0,False,False,False,0.0010599999999999499,0.34,False,False,0.0010599999999999499,0.34,False,False,0.0010599999999999499,0.34,-1,2661.1686514017056,0.59,False,,0,,-1,-1,-1,0,-1,-1,0,0.0,pullback_range,1,0.58105,0.57112,762,764,0.57112,0.58105,,761,0.574,,728,0.58196,,1,0.57112,0.58196,SEEK_BREAKOUT,CONFIRMED,0,,-1,-1,1,-1,761
2026-01-15 05:00:00+00:00,0.57326,0.57371,0.57318,0.57342,2003,0.000160000000000049,0.0005300000000000304,0.00029000000000001247,7.999999999996898e-05,1,0.573445,0.3018867924529053,pinbar,-1,0,False,False,True,0.0010599999999999499,0.5,False,True,0.0010599999999999499,0.5,False,True,0.0010599999999999499,0.5,1,2598.485922696781,0.77,False,,0,,-1,-1,-1,0,-1,-1,0,0.0,pullback_range,1,0.58105,0.57112,762,764,0.57112,0.58105,,761,0.574,,728,0.58196,,1,0.57112,0.58196,SEEK_BREAKOUT,CONFIRMED,0,,-1,-1,1,-1,761
2026-01-15 06:00:00+00:00,0.57342,0.57406,0.57339,0.57376,3202,0.00034000000000000696,0.0006700000000000594,0.00029999999999996696,3.0000000000085514e-05,1,0.573725,0.5074626865671296,normal,0,-1,False,False,True,0.0010599999999999499,0.63,False,True,0.0010599999999999499,0.63,False,True,0.0010599999999999499,0.63,1,2655.963453868516,1.21,True,,0,,-1,-1,-1,0,-1,-1,0,0.0,pullback_range,1,0.58105,0.57112,762,764,0.57112,0.58105,,761,0.574,,728,0.58196,,1,0.57112,0.58196,SEEK_BREAKOUT,CONFIRMED,0,,-1,-1,1,-1,761
2026-01-15 07:00:00+00:00,0.57375,0.57408,0.57359,0.574,2613,0.00024999999999997247,0.0004899999999999904,8.000000000008001e-05,0.00015999999999993797,1,0.5738350000000001,0.5102040816326068,normal,0,0,False,False,False,0.0010599999999999499,0.46,False,False,0.0010599999999999499,0.46,False,False,0.0010599999999999499,0.46,1,2651.8716963572283,0.99,False,,0,,-1,-1,-1,0,-1,-1,0,0.0,pullback_range,1,0.58105,0.57112,762,764,0.57112,0.58105,,761,0.574,,728,0.58196,,1,0.57112,0.58196,SEEK_BREAKOUT,CONFIRMED,0,,-1,-1,1,-1,761
2026-01-15 08:00:00+00:00,0.57398,0.57448,0.57364,0.57438,3114,0.00039999999999995595,0.0008399999999999519,9.999999999998899e-05,0.00034000000000000696,1,0.57406,0.476190476190451,normal,0,1,False,True,True,0.0010599999999999499,0.79,True,True,0.0010599999999999499,0.79,True,True,0.0010599999999999499,0.79,1,2695.8839157517777,1.16,False,,0,,-1,-1,-1,1,998,4,1,0.00029999999999996696,pullback_range,1,0.58105,0.57112,762,764,0.57112,0.58105,,761,0.574,,728,0.58196,,1,0.57112,0.58196,SEEK_BREAKOUT,CONFIRMED,0,,-1,-1,1,-1,761
2026-01-15 09:00:00+00:00,0.57439,0.57522,0.57438,0.57496,2523,0.0005700000000000705,0.0008399999999999519,0.00025999999999992696,9.99999999995449e-06,1,0.5748,0.6785714285715513,maru,0,0,False,True,True,0.0010599999999999499,0.79,True,True,0.0010599999999999499,0.79,True,True,0.0010599999999999499,0.79,1,2679.418780918275,0.94,False,,0,,-1,-1,-1,1,997,2,1,0.00043999999999999595,pullback_range,1,0.58105,0.57112,762,764,0.57112,0.58105,,761,0.574,,728,0.58196,,1,0.57112,0.58196,SEEK_BREAKOUT,CONFIRMED,0,,-1,-1,1,-1,761
2026-01-15 10:00:00+00:00,0.57496,0.57524,0.57492,0.57508,1908,0.00012000000000000899,0.00031999999999998696,0.00015999999999993797,4.0000000000040004e-05,1,0.57508,0.37500000000004335,pinbar,0,0,False,False,False,0.0010599999999999499,0.3,False,False,0.0010599999999999499,0.3,False,False,0.0010599999999999499,0.3,1,2605.950325592725,0.73,False,one_maru_continuous,1,SUCCESS,995,996,-1,0,-1,-1,0,0.0,pullback_range,1,0.58105,0.57112,762,764,0.57112,0.58105,,761,0.574,,728,0.58196,,1,0.57112,0.58196,SEEK_BREAKOUT,CONFIRMED,0,,-1,-1,1,-1,761
2026-01-15 11:00:00+00:00,0.57508,0.57518,0.5745,0.57452,2237,0.0005600000000000049,0.0006800000000000139,9.999999999998899e-05,2.0000000000020002e-05,-1,0.57484,0.8235294117646963,maru,0,0,True,False,True,0.0010599999999999499,0.64,False,True,0.0010599999999999499,0.64,False,True,0.0010599999999999499,0.64,-1,2570.812199345799,0.87,False,,0,,-1,-1,-1,0,-1,-1,1,5.999999999994898e-05,pullback_range,1,0.58105,0.57112,762,764,0.57112,0.58105,,761,0.574,,728,0.58196,,1,0.57112,0.58196,SEEK_BREAKOUT,CONFIRMED,0,,-1,-1,1,-1,761
2026-01-15 12:00:00+00:00,0.57452,0.57486,0.57413,0.57426,1701,0.000260000000000038,0.0007300000000000084,0.00034000000000000696,0.00012999999999996348,-1,0.574495,0.3561643835616918,pinbar,0,0,False,True,True,0.0010599999999999499,0.69,True,True,0.0010599999999999499,0.69,True,True,0.0010599999999999499,0.69,-1,2487.9729422652467,0.68,False,,0,,-1,-1,-1,1,1001,3,1,0.00021000000000004349,pullback_range,1,0.58105,0.57112,762,764,0.57112,0.58105,,761,0.574,,728,0.58196,,1,0.57112,0.58196,SEEK_BREAKOUT,CONFIRMED,0,,-1,-1,1,-1,761
2026-01-15 13:00:00+00:00,0.57424,0.57429,0.57274,0.573,3978,0.0012400000000000189,0.0015499999999999403,4.999999999999449e-05,0.00025999999999992696,-1,0.573515,0.800000000000043,maru,0,0,False,True,True,0.0010599999999999499,1.46,True,True,0.0010599999999999499,1.46,True,True,0.0010599999999999499,1.46,-1,2629.880281097128,1.51,True,continuous,-1,SUCCESS,997,999,-1,1,1001,2,1,0.00047000000000008146,pullback_range,1,0.58105,0.57112,762,764,0.57112,0.58105,,761,0.574,,728,0.58196,,1,0.57112,0.58196,SEEK_BREAKOUT,CONFIRMED,0,,-1,-1,1,-1,761
2026-01-15 14:00:00+00:00,0.573,0.57366,0.57255,0.57348,4845,0.00048000000000003595,0.0011099999999999444,0.00017999999999995797,0.00044999999999995044,1,0.573105,0.4324324324324865,normal,0,1,False,True,True,0.0015499999999999403,0.72,True,True,0.0010599999999999499,1.05,True,True,0.0010599999999999499,1.05,1,2840.8440638497823,1.71,True,,0,,-1,-1,-1,0,-1,-1,0,0.0,pullback_range,1,0.58105,0.57112,762,764,0.57112,0.58105,,761,0.574,,728,0.58196,,1,0.57112,0.58196,SEEK_BREAKOUT,CONFIRMED,0,,-1,-1,1,-1,761
2026-01-15 15:00:00+00:00,0.57348,0.57426,0.57314,0.57418,5252,0.0007000000000000339,0.0011200000000000099,7.999999999996898e-05,0.00034000000000000696,1,0.5737,0.6250000000000248,maru,0,0,True,True,True,0.0015499999999999403,0.72,True,True,0.0015499999999999403,0.72,True,True,0.0010599999999999499,1.06,1,3070.4779625307556,1.71,True,,0,,-1,-1,-1,1,1005,4,1,0.000320000000000098,pullback_range,1,0.58105,0.57112,762,764,0.57112,0.58105,,761,0.574,,728,0.58196,,1,0.57112,0.58196,SEEK_BREAKOUT,CONFIRMED,0,,-1,-1,1,-1,761
2026-01-15 16:00:00+00:00,0.57416,0.57474,0.57398,0.57428,3883,0.00012000000000000899,0.0007599999999999829,0.00046000000000001595,0.00017999999999995797,1,0.57436,0.15789473684212063,pinbar,-1,0,False,False,False,0.0015499999999999403,0.49,False,False,0.0015499999999999403,0.49,False,False,0.0015499999999999403,0.49,1,3147.8610137183027,1.23,True,one_maru_continuous,1,SUCCESS,1001,1002,-1,1,1004,2,0,0.0,pullback_range,1,0.58105,0.57112,762,764,0.57112,0.58105,,761,0.574,,728,0.58196,,1,0.57112,0.58196,SEEK_BREAKOUT,CONFIRMED,0,,-1,-1,1,-1,761
2026-01-15 17:00:00+00:00,0.57428,0.57465,0.57416,0.57432,2911,4.0000000000040004e-05,0.0004899999999999904,0.00032999999999994145,0.00012000000000000899,1,0.574405,0.08163265306130772,pinbar,-1,0,False,False,False,0.0015499999999999403,0.32,False,False,0.0015499999999999403,0.32,False,False,0.0015499999999999403,0.32,1,3125.3028219356074,0.93,False,,0,,-1,-1,-1,1,1005,2,0,0.0,pullback_range,1,0.58105,0.57112,762,764,0.57112,0.58105,,761,0.574,,728,0.58196,,1,0.57112,0.58196,SEEK_BREAKOUT,CONFIRMED,0,,-1,-1,1,-1,761
2026-01-15 18:00:00+00:00,0.57432,0.57474,0.57432,0.57448,1258,0.00015999999999993797,0.00041999999999997595,0.000260000000000038,0.0,1,0.57453,0.3809523809522551,pinbar,-1,0,False,False,False,0.0015499999999999403,0.27,False,False,0.0015499999999999403,0.27,False,False,0.0015499999999999403,0.27,1,2947.46445794174,0.43,False,,0,,-1,-1,-1,1,1009,5,0,0.0,pullback_range,1,0.58105,0.57112,762,764,0.57112,0.58105,,761,0.574,,728,0.58196,,1,0.57112,0.58196,SEEK_BREAKOUT,CONFIRMED,0,,-1,-1,1,-1,761
2026-01-15 19:00:00+00:00,0.57447,0.5747,0.57411,0.57423,1742,0.00024000000000001798,0.0005899999999999794,0.00022999999999995246,0.00012000000000000899,-1,0.574405,0.4067796610169938,normal,0,0,False,False,False,0.0015499999999999403,0.38,False,False,0.0015499999999999403,0.38,False,False,0.0015499999999999403,0.38,-1,2832.6583190901456,0.61,False,,0,,-1,-1,-1,1,1007,2,1,8.000000000008001e-05,pullback_range,1,0.58105,0.57112,762,764,0.57112,0.58105,,761,0.574,,728,0.58196,,1,0.57112,0.58196,SEEK_BREAKOUT,CONFIRMED,0,,-1,-1,1,-1,761
2026-01-15 20:00:00+00:00,0.57424,0.57424,0.57362,0.57369,1021,0.0005499999999999394,0.0006199999999999539,0.0,7.00000000000145e-05,-1,0.57393,0.8870967741935166,maru,0,0,False,False,False,0.0015499999999999403,0.4,False,False,0.0015499999999999403,0.4,False,False,0.0015499999999999403,0.4,-1,2660.119431557751,0.38,False,,0,,-1,-1,-1,1,1008,2,0,0.0,pullback_range,1,0.58105,0.57112,762,764,0.57112,0.58105,,761,0.574,,728,0.58196,,1,0.57112,0.58196,SEEK_BREAKOUT,CONFIRMED,0,,-1,-1,1,-1,761
2026-01-15 21:00:00+00:00,0.5737,0.5744,0.57368,0.57428,870,0.0005800000000000249,0.0007200000000000539,0.00012000000000000899,2.0000000000020002e-05,1,0.57404,0.8055555555555298,maru,0,0,False,False,False,0.0015499999999999403,0.46,False,False,0.0015499999999999403,0.46,False,False,0.0015499999999999403,0.46,1,2489.6318666474886,0.35,False,,0,,-1,-1,-1,1,1009,2,0,0.0,pullback_range,1,0.58105,0.57112,762,764,0.57112,0.58105,,761,0.574,,728,0.58196,,1,0.57112,0.58196,SEEK_BREAKOUT,CONFIRMED,0,,-1,-1,1,-1,761
2026-01-15 22:00:00+00:00,0.57428,0.57444,0.57395,0.57418,1723,9.999999999998899e-05,0.0004899999999999904,0.00015999999999993797,0.0002300000000000635,-1,0.574195,0.20408163265304272,pinbar,0,0,False,False,False,0.0015499999999999403,0.32,False,False,0.0015499999999999403,0.32,False,False,0.0015499999999999403,0.32,-1,2416.619307919156,0.71,False,,0,,-1,-1,-1,1,1010,2,0,0.0,pullback_range,1,0.58105,0.57112,762,764,0.57112,0.58105,,761,0.574,,728,0.58196,,1,0.57112,0.58196,SEEK_BREAKOUT,CONFIRMED,0,,-1,-1,1,-1,761
2026-01-15 23:00:00+00:00,0.57416,0.57448,0.5741,0.57436,1204,0.00019999999999997797,0.00037999999999993594,0.00012000000000000899,5.999999999994898e-05,1,0.57429,0.5263157894737149,normal,0,0,False,False,False,0.0015499999999999403,0.25,False,False,0.0015499999999999403,0.25,False,False,0.0015499999999999403,0.25,1,2301.1317547839985,0.52,False,,0,,-1,-1,-1,0,-1,-1,0,0.0,pullback_range,1,0.58105,0.57112,762,764,0.57112,0.58105,,761,0.574,,728,0.58196,,1,0.57112,0.58196,SEEK_BREAKOUT,CONFIRMED,0,,-1,-1,1,-1,761
2026-01-16 00:00:00+00:00,0.57434,0.57476,0.57429,0.5744,1135,6.0000000000060005e-05,0.00047000000000008146,0.00036000000000002697,4.999999999999449e-05,1,0.574525,0.12765957446819065,pinbar,-1,0,False,False,False,0.0015499999999999403,0.3,False,False,0.0015499999999999403,0.3,False,False,0.0015499999999999403,0.3,1,2190.071587661713,0.52,False,,0,,-1,-1,-1,0,-1,-1,0,0.0,pullback_range,1,0.58105,0.57112,762,764,0.57112,0.58105,,761,0.574,,728,0.58196,,1,0.57112,0.58196,SEEK_BREAKOUT,CONFIRMED,0,,-1,-1,1,-1,761
2026-01-16 01:00:00+00:00,0.57442,0.57507,0.57438,0.57472,1633,0.00029999999999996696,0.0006899999999999684,0.00034999999999996145,4.0000000000040004e-05,1,0.5747249999999999,0.4347826086956242,normal,0,-1,False,False,False,0.0015499999999999403,0.45,False,False,0.0015499999999999403,0.45,False,False,0.0015499999999999403,0.45,1,2137.01715074155,0.76,False,,0,,-1,-1,-1,0,-1,-1,0,0.0,pullback_range,1,0.58105,0.57112,762,764,0.57112,0.58105,,761,0.574,,728,0.58196,,1,0.57112,0.58196,SEEK_BREAKOUT,CONFIRMED,0,,-1,-1,1,-1,761
2026-01-16 02:00:00+00:00,0.5747,0.57522,0.57454,0.57496,2265,0.000260000000000038,0.0006799999999999029,0.00025999999999992696,0.00015999999999993797,1,0.5748800000000001,0.38235294117658103,pinbar,0,0,False,False,False,0.0015499999999999403,0.44,False,False,0.0015499999999999403,0.44,False,False,0.0015499999999999403,0.44,1,2149.205993528069,1.05,False,,0,,-1,-1,-1,0,-1,-1,0,0.0,pullback_range,1,0.58105,0.57112,762,764,0.57112,0.58105,,761,0.574,,728,0.58196,,1,0.57112,0.58196,SEEK_BREAKOUT,CONFIRMED,0,,-1,-1,1,-1,761
2026-01-16 03:00:00+00:00,0.57496,0.57581,0.57489,0.57571,1148,0.0007500000000000284,0.0009200000000000319,9.999999999998899e-05,7.00000000000145e-05,1,0.57535,0.8152173913043504,maru,0,0,False,False,True,0.0015499999999999403,0.59,False,True,0.0015499999999999403,0.59,False,True,0.0015499999999999403,0.59,1,2053.853041763491,0.56,False,,0,,-1,-1,-1,1,1015,2,1,0.00034000000000000696,pullback_range,1,0.58105,0.57112,762,764,0.57112,0.58105,,761,0.574,,728,0.58196,,1,0.57112,0.58196,SEEK_BREAKOUT,CONFIRMED,0,,-1,-1,1,-1,761
2026-01-16 04:00:00+00:00,0.57572,0.57585,0.57556,0.57577,729,4.999999999999449e-05,0.00029000000000001247,7.999999999996898e-05,0.000160000000000049,1,0.5757049999999999,0.17241379310342186,pinbar,1,0,False,False,False,0.0015499999999999403,0.19,False,False,0.0015499999999999403,0.19,False,False,0.0015499999999999403,0.19,1,1927.6765615955394,0.38,False,,0,,-1,-1,-1,0,-1,-1,0,0.0,pullback_range,1,0.58105,0.57112,762,764,0.57112,0.58105,,761,0.574,,728,0.58196,,1,0.57112,0.58196,SEEK_BREAKOUT,CONFIRMED,0,,-1,-1,1,-1,761
2026-01-16 05:00:00+00:00,0.57577,0.57582,0.57536,0.57546,933,0.00031000000000003247,0.00046000000000001595,4.999999999999449e-05,9.999999999998899e-05,-1,0.57559,0.673913043478308,maru,0,0,False,False,False,0.0015499999999999403,0.3,False,False,0.0015499999999999403,0.3,False,False,0.0015499999999999403,0.3,-1,1832.9454604912023,0.51,False,,0,,-1,-1,-1,0,-1,-1,0,0.0,pullback_range,1,0.58105,0.57112,762,764,0.57112,0.58105,,761,0.574,,728,0.58196,,1,0.57112,0.58196,SEEK_BREAKOUT,CONFIRMED,0,,-1,-1,1,-1,761
2026-01-16 06:00:00+00:00,0.57548,0.5756,0.57516,0.57555,1139,7.00000000000145e-05,0.00043999999999999595,4.999999999999449e-05,0.00031999999999998696,1,0.57538,0.1590909090909435,pinbar,1,0,False,False,False,0.0011200000000000099,0.39,False,False,0.0015499999999999403,0.28,False,False,0.0015499999999999403,0.28,1,1766.8554166348972,0.64,False,,0,,-1,-1,-1,0,-1,-1,0,0.0,pullback_range,1,0.58105,0.57112,762,764,0.57112,0.58105,,761,0.574,,728,0.58196,,1,0.57112,0.58196,SEEK_BREAKOUT,CONFIRMED,0,,-1,-1,1,-1,761
2026-01-16 07:00:00+00:00,0.57554,0.57638,0.57541,0.57586,1652,0.00031999999999998696,0.0009700000000000264,0.0005199999999999649,0.0001300000000000745,1,0.575895,0.3298969072164724,pinbar,-1,0,False,True,True,0.0011200000000000099,0.87,True,True,0.0011200000000000099,0.87,False,True,0.0015499999999999403,0.63,1,1755.9168055268117,0.94,False,,0,,-1,-1,-1,1,1019,2,1,2.0000000000020002e-05,pullback_range,1,0.58105,0.57112,762,764,0.57112,0.58105,,761,0.574,,728,0.58196,,1,0.57112,0.58196,SEEK_BREAKOUT,CONFIRMED,0,,-1,-1,1,-1,761
2026-01-16 08:00:00+00:00,0.57586,0.5763,0.57562,0.57594,1920,7.999999999996898e-05,0.0006800000000000139,0.00036000000000002697,0.00024000000000001798,1,0.57596,0.11764705882348139,pinbar,-1,0,False,False,True,0.0011200000000000099,0.61,False,True,0.0011200000000000099,0.61,False,True,0.0011200000000000099,0.61,1,1771.5437764290202,1.08,False,,0,,-1,-1,-1,1,1020,2,0,0.0,pullback_range,1,0.58105,0.57112,762,764,0.57112,0.58105,,761,0.574,,728,0.58196,,1,0.57112,0.58196,SEEK_BREAKOUT,CONFIRMED,0,,-1,-1,1,-1,761
2026-01-16 09:00:00+00:00,0.57593,0.57628,0.5759,0.57594,1328,9.99999999995449e-06,0.00038000000000004697,0.00034000000000000696,3.0000000000085514e-05,1,0.57609,0.026315789473561193,pinbar,-1,0,False,False,False,0.0011200000000000099,0.34,False,False,0.0011200000000000099,0.34,False,False,0.0011200000000000099,0.34,0,1729.3015120072087,0.77,False,,0,,-1,-1,-1,1,1021,2,0,0.0,pullback_range,1,0.58105,0.57112,762,764,0.57112,0.58105,,761,0.574,,728,0.58196,,1,0.57112,0.58196,SEEK_BREAKOUT,CONFIRMED,0,,-1,-1,1,-1,761
2026-01-16 10:00:00+00:00,0.57594,0.57645,0.57574,0.57608,1418,0.000140000000000029,0.0007099999999999884,0.00036999999999998145,0.00019999999999997797,1,0.576095,0.19718309859159333,pinbar,-1,0,False,False,True,0.0011200000000000099,0.63,False,True,0.0011200000000000099,0.63,False,True,0.0011200000000000099,0.63,1,1699.6537489589032,0.83,False,,0,,-1,-1,-1,1,1022,2,0,0.0,pullback_range,1,0.58105,0.57112,762,764,0.57112,0.58105,,761,0.574,,728,0.58196,,1,0.57112,0.58196,SEEK_BREAKOUT,CONFIRMED,0,,-1,-1,1,-1,761
2026-01-16 11:00:00+00:00,0.57608,0.57674,0.57608,0.57622,1285,0.00013999999999991797,0.0006599999999999939,0.000520000000000076,0.0,1,0.5764100000000001,0.21212121212108978,pinbar,-1,0,False,False,True,0.0011200000000000099,0.59,False,True,0.0011200000000000099,0.59,False,True,0.0011200000000000099,0.59,1,1660.1629157247219,0.77,False,,0,,-1,-1,-1,0,-1,-1,0,0.0,pullback_range,1,0.58105,0.57112,762,764,0.57112,0.58105,,761,0.574,,728,0.58196,,1,0.57112,0.58196,SEEK_BREAKOUT,CONFIRMED,0,,-1,-1,1,-1,761
2026-01-16 12:00:00+00:00,0.5762,0.57652,0.57572,0.5759,1906,0.000300000000000078,0.0008000000000000229,0.00031999999999998696,0.00017999999999995797,-1,0.57612,0.3750000000000867,pinbar,0,0,False,True,True,0.0011200000000000099,0.71,True,True,0.0011200000000000099,0.71,True,True,0.0011200000000000099,0.71,-1,1683.5759713699863,1.13,False,,0,,-1,-1,-1,0,-1,-1,1,4.999999999999449e-05,pullback_range,1,0.58105,0.57112,762,764,0.57112,0.58105,,761,0.574,,728,0.58196,,1,0.57112,0.58196,SEEK_BREAKOUT,CONFIRMED,0,,-1,-1,1,-1,761
2026-01-16 13:00:00+00:00,0.57589,0.57603,0.57546,0.57566,2846,0.0002300000000000635,0.0005700000000000705,0.000140000000000029,0.00019999999999997797,-1,0.575745,0.40350877192988605,normal,0,0,False,False,True,0.0011200000000000099,0.51,False,True,0.0011200000000000099,0.51,False,True,0.0011200000000000099,0.51,-1,1794.2830217157018,1.59,True,,0,,-1,-1,-1,0,-1,-1,0,0.0,pullback_range,1,0.58105,0.57112,762,764,0.57112,0.58105,,761,0.574,,728,0.58196,,1,0.57112,0.58196,SEEK_BREAKOUT,CONFIRMED,0,,-1,-1,1,-1,761
2026-01-16 14:00:00+00:00,0.57566,0.57585,0.57514,0.5754,3020,0.00025999999999992696,0.0007099999999999884,0.00019000000000002348,0.000260000000000038,-1,0.575495,0.36619718309849464,pinbar,0,0,False,False,True,0.0011200000000000099,0.63,False,True,0.0011200000000000099,0.63,False,True,0.0011200000000000099,0.63,-1,1911.0179720284923,1.58,True,,0,,-1,-1,-1,1,1029,5,0,0.0,pullback_range,1,0.58105,0.57112,762,764,0.57112,0.58105,,761,0.574,,728,0.58196,,1,0.57112,0.58196,SEEK_BREAKOUT,CONFIRMED,0,,-1,-1,1,-1,761
2026-01-16 15:00:00+00:00,0.5754,0.57602,0.5742,0.5746,6184,0.0008000000000000229,0.0018199999999999328,0.0006199999999999539,0.00039999999999995595,-1,0.57511,0.43956043956046836,normal,0,0,False,True,True,0.0011200000000000099,1.62,True,True,0.0011200000000000099,1.62,True,True,0.0011200000000000099,1.62,-1,2317.968641359112,2.67,True,,0,,-1,-1,-1,1,1027,2,0,0.0,pullback_range,1,0.58105,0.57112,762,764,0.57112,0.58105,,761,0.574,,728,0.58196,,1,0.57112,0.58196,SEEK_BREAKOUT,CONFIRMED,0,,-1,-1,1,-1,761
2026-01-16 16:00:00+00:00,0.57459,0.5753,0.57459,0.57494,3700,0.00034999999999996145,0.0007099999999999884,0.00036000000000002697,0.0,1,0.574945,0.492957746478827,normal,0,-1,False,False,True,0.0011200000000000099,0.63,False,True,0.0011200000000000099,0.63,False,True,0.0011200000000000099,0.63,1,2449.590675515387,1.51,True,,0,,-1,-1,-1,1,1028,2,0,0.0,pullback_range,1,0.58105,0.57112,762,764,0.57112,0.58105,,761,0.574,,728,0.58196,,1,0.57112,0.58196,SEEK_BREAKOUT,CONFIRMED,0,,-1,-1,1,-1,761
2026-01-16 17:00:00+00:00,0.57493,0.57522,0.5748,0.57499,1986,5.999999999994898e-05,0.00041999999999997595,0.00022999999999995246,0.0001300000000000745,1,0.57501,0.14285714285702958,pinbar,-1,0,False,False,False,0.0011200000000000099,0.37,False,False,0.0011200000000000099,0.37,False,False,0.0011200000000000099,0.37,1,2405.4391826091596,0.83,False,,0,,-1,-1,-1,0,-1,-1,0,0.0,pullback_range,1,0.58105,0.57112,762,764,0.57112,0.58105,,761,0.574,,728,0.58196,,1,0.57112,0.58196,SEEK_BREAKOUT,CONFIRMED,0,,-1,-1,1,-1,761
2026-01-16 18:00:00+00:00,0.57496,0.57526,0.57482,0.57502,899,5.999999999994898e-05,0.00043999999999999595,0.00024000000000001798,0.000140000000000029,1,0.57504,0.13636363636352167,pinbar,-1,0,False,False,False,0.0011200000000000099,0.39,False,False,0.0011200000000000099,0.39,False,False,0.0011200000000000099,0.39,1,2261.9687842654303,0.4,False,,0,,-1,-1,-1,0,-1,-1,0,0.0,pullback_range,1,0.58105,0.57112,762,764,0.57112,0.58105,,761,0.574,,728,0.58196,,1,0.57112,0.58196,SEEK_BREAKOUT,CONFIRMED,0,,-1,-1,1,-1,761
2026-01-16 19:00:00+00:00,0.57502,0.5755,0.57477,0.5753,1010,0.000280000000000058,0.0007300000000000084,0.00019999999999997797,0.00024999999999997247,1,0.575135,0.3835616438356914,pinbar,0,0,False,True,True,0.0011200000000000099,0.65,True,True,0.0011200000000000099,0.65,True,True,0.0011200000000000099,0.65,1,2142.733661954437,0.47,False,,0,,-1,-1,-1,1,1031,2,1,4.999999999999449e-05,pullback_range,1,0.58105,0.57112,762,764,0.57112,0.58105,,761,0.574,,728,0.58196,,1,0.57112,0.58196,SEEK_BREAKOUT,CONFIRMED,0,,-1,-1,1,-1,761
2026-01-16 20:00:00+00:00,0.57531,0.57556,0.57531,0.57534,635,2.999999999997449e-05,0.00024999999999997247,0.00021999999999999797,0.0,1,0.5754349999999999,0.11999999999991118,pinbar,-1,0,False,False,False,0.0011200000000000099,0.22,False,False,0.0011200000000000099,0.22,False,False,0.0011200000000000099,0.22,1,1999.1399798635382,0.32,False,,0,,-1,-1,-1,0,-1,-1,0,0.0,pullback_range,1,0.58105,0.57112,762,764,0.57112,0.58105,,761,0.574,,728,0.58196,,1,0.57112,0.58196,SEEK_BREAKOUT,CONFIRMED,0,,-1,-1,1,-1,761
2026-01-16 21:00:00+00:00,0.57537,0.57544,0.57506,0.57527,1213,0.00010000000000010001,0.00037999999999993594,6.999999999990347e-05,0.00020999999999993246,-1,0.57525,0.2631578947371496,pinbar,1,0,False,False,False,0.0011200000000000099,0.34,False,False,0.0011200000000000099,0.34,False,False,0.0011200000000000099,0.34,-1,1924.2695055908202,0.63,False,,0,,-1,-1,-1,0,-1,-1,1,0.00041000000000002146,pullback_range,1,0.58105,0.57112,762,764,0.57112,0.58105,,761,0.574,,728,0.58196,,1,0.57112,0.58196,SEEK_BREAKOUT,CONFIRMED,0,,-1,-1,1,-1,761
2026-01-18 22:00:00+00:00,0.57434,0.5749,0.57413,0.57446,813,0.00012000000000000899,0.0007699999999999374,0.00043999999999999595,0.00020999999999993246,1,0.574515,0.15584415584418018,pinbar,-1,0,False,True,True,0.0011200000000000099,0.69,True,True,0.0011200000000000099,0.69,True,True,0.0011200000000000099,0.69,-1,1818.4343145821706,0.45,False,,0,,-1,-1,-1,0,-1,-1,0,0.0,pullback_range,1,0.58105,0.57112,762,764,0.57112,0.58105,,761,0.574,,728,0.58196,,1,0.57112,0.58196,SEEK_BREAKOUT,CONFIRMED,0,,-1,-1,1,-1,761
2026-01-18 23:00:00+00:00,0.57446,0.57639,0.57431,0.57638,3833,0.0019200000000000328,0.0020799999999999708,9.99999999995449e-06,0.00014999999999998348,1,0.57535,0.9230769230769518,maru,0,0,True,True,True,0.0011200000000000099,1.86,True,True,0.0011200000000000099,1.86,True,True,0.0011200000000000099,1.86,1,2010.2977131933924,1.91,True,,0,,-1,-1,-1,0,-1,-1,1,0.00043000000000004146,pullback_range,1,0.58105,0.57112,762,764,0.57112,0.58105,,761,0.574,,728,0.58196,,1,0.57112,0.58196,SEEK_BREAKOUT,CONFIRMED,0,,-1,-1,1,-1,761
2026-01-19 00:00:00+00:00,0.57636,0.57667,0.57533,0.57634,6052,2.0000000000020002e-05,0.0013400000000000079,0.00031000000000003247,0.0010099999999999554,-1,0.5760000000000001,0.014925373134343197,pinbar,1,0,False,False,True,0.0020799999999999708,0.64,True,True,0.0011200000000000099,1.2,True,True,0.0011200000000000099,1.2,-1,2395.2217405083074,2.53,True,,0,,-1,-1,-1,1,1036,2,0,0.0,pullback_range,1,0.58105,0.57112,762,764,0.57112,0.58105,,761,0.574,,728,0.58196,,1,0.57112,0.58196,SEEK_BREAKOUT,CONFIRMED,0,,-1,-1,1,-1,761
2026-01-19 01:00:00+00:00,0.57634,0.5773,0.57629,0.57645,4961,0.0001100000000000545,0.0010100000000000664,0.0008500000000000174,4.999999999999449e-05,1,0.576795,0.1089108910891557,pinbar,-1,0,False,False,False,0.0020799999999999708,0.49,False,False,0.0020799999999999708,0.49,True,True,0.0011200000000000099,0.9,1,2639.5815747456113,1.88,True,,0,,-1,-1,-1,1,1037,2,0,0.0,pullback_range,1,0.58105,0.57112,762,764,0.57112,0.58105,,761,0.574,,728,0.58196,,1,0.57112,0.58196,SEEK_BREAKOUT,CONFIRMED,0,,-1,-1,1,-1,761
2026-01-19 02:00:00+00:00,0.57646,0.57674,0.57598,0.57664,4035,0.000180000000000069,0.0007599999999999829,9.999999999998899e-05,0.00047999999999992493,1,0.57636,0.236842105263254,pinbar,1,0,False,False,False,0.0020799999999999708,0.37,False,False,0.0020799999999999708,0.37,False,False,0.0020799999999999708,0.37,1,2772.4785676269817,1.46,True,,0,,-1,-1,-1,0,-1,-1,0,0.0,pullback_range,1,0.58105,0.57112,762,764,0.57112,0.58105,,761,0.574,,728,0.58196,,1,0.57112,0.58196,SEEK_BREAKOUT,CONFIRMED,0,,-1,-1,1,-1,761
2026-01-19 03:00:00+00:00,0.57666,0.57709,0.57651,0.577,3128,0.00034000000000000696,0.0005800000000000249,9.00000000000345e-05,0.00014999999999998348,1,0.5768,0.586206896551711,normal,0,0,False,False,False,0.0020799999999999708,0.28,False,False,0.0020799999999999708,0.28,False,False,0.0020799999999999708,0.28,1,2806.3377516625073,1.11,False,,0,,-1,-1,-1,1,1041,4,1,0.00021999999999999797,pullback_range,1,0.58105,0.57112,762,764,0.57112,0.58105,,761,0.574,,728,0.58196,,1,0.57112,0.58196,SEEK_BREAKOUT,CONFIRMED,0,,-1,-1,1,-1,761
2026-01-19 04:00:00+00:00,0.577,0.57769,0.57696,0.57763,3052,0.0006300000000000194,0.0007300000000000084,6.0000000000060005e-05,3.999999999992898e-05,1,0.5773250000000001,0.8630136986301536,maru,0,0,True,False,False,0.0020799999999999708,0.35,False,False,0.0020799999999999708,0.35,False,False,0.0020799999999999708,0.35,1,2829.734156266078,1.08,False,,0,,-1,-1,-1,1,1040,2,1,0.00031999999999998696,pullback_range,1,0.58105,0.57112,762,764,0.57112,0.58105,,761,0.574,,728,0.58196,,1,0.57112,0.58196,SEEK_BREAKOUT,CONFIRMED,0,,-1,-1,1,-1,761
2026-01-19 05:00:00+00:00,0.57763,0.57798,0.57741,0.57742,2554,0.00020999999999993246,0.0005700000000000705,0.0003500000000000725,1.0000000000065512e-05,-1,0.5776950000000001,0.36842105263141495,pinbar,-1,0,False,False,False,0.0020799999999999708,0.27,False,False,0.0020799999999999708,0.27,False,False,0.0020799999999999708,0.27,-1,2803.4737604312136,0.91,False,,0,,-1,-1,-1,1,1042,3,0,0.0,pullback_range,1,0.58105,0.57112,762,764,0.57112,0.58105,,761,0.574,,728,0.58196,,1,0.57112,0.58196,SEEK_BREAKOUT,CONFIRMED,0,,-1,-1,1,-1,761
2026-01-19 06:00:00+00:00,0.5774,0.57772,0.57724,0.57734,2716,6.0000000000060005e-05,0.00048000000000003595,0.00031999999999998696,9.999999999998899e-05,-1,0.57748,0.12500000000011566,pinbar,-1,0,False,False,False,0.0020799999999999708,0.23,False,False,0.0020799999999999708,0.23,False,False,0.0020799999999999708,0.23,-1,2795.1429261044314,0.97,False,,0,,-1,-1,-1,1,1042,2,0,0.0,pullback_range,1,0.58105,0.57112,762,764,0.57112,0.58105,,761,0.574,,728,0.58196,,1,0.57112,0.58196,SEEK_BREAKOUT,CONFIRMED,0,,-1,-1,1,-1,761
2026-01-19 07:00:00+00:00,0.57735,0.57796,0.57695,0.57696,3726,0.00039000000000000146,0.0010100000000000664,0.0006099999999999994,1.0000000000065512e-05,-1,0.577455,0.38613861386136217,pinbar,-1,0,False,False,False,0.0020799999999999708,0.49,False,False,0.0020799999999999708,0.49,False,False,0.0020799999999999708,0.49,-1,2883.795980761152,1.29,True,,0,,-1,-1,-1,1,1043,2,0,0.0,pullback_range,1,0.58105,0.57112,762,764,0.57112,0.58105,,761,0.574,,728,0.58196,,1,0.57112,0.58196,SEEK_BREAKOUT,CONFIRMED,0,,-1,-1,1,-1,761
2026-01-19 08:00:00+00:00,0.57699,0.5776,0.57691,0.57751,3743,0.0005199999999999649,0.0006899999999999684,9.00000000000345e-05,7.999999999996898e-05,1,0.5772550000000001,0.7536231884057808,maru,0,0,False,False,False,0.0020799999999999708,0.33,False,False,0.0020799999999999708,0.33,False,False,0.0020799999999999708,0.33,1,2965.6249349743753,1.26,True,,0,,-1,-1,-1,0,-1,-1,0,0.0,pullback_range,1,0.58105,0.57112,762,764,0.57112,0.58105,,761,0.574,,728,0.58196,,1,0.57112,0.58196,SEEK_BREAKOUT,CONFIRMED,0,,-1,-1,1,-1,761
2026-01-19 09:00:00+00:00,0.57751,0.57774,0.57707,0.57762,3687,0.0001100000000000545,0.0006700000000000594,0.00012000000000000899,0.00043999999999999595,1,0.577405,0.16417910447767872,pinbar,1,0,False,False,False,0.0020799999999999708,0.32,False,False,0.0020799999999999708,0.32,False,False,0.0020799999999999708,0.32,1,3034.327322119673,1.22,True,,0,,-1,-1,-1,0,-1,-1,1,2.0000000000020002e-05,pullback_range,1,0.58105,0.57112,762,764,0.57112,0.58105,,761,0.574,,728,0.58196,,1,0.57112,0.58196,SEEK_BREAKOUT,CONFIRMED,0,,-1,-1,1,-1,761
2026-01-19 10:00:00+00:00,0.57762,0.57856,0.57762,0.57825,1956,0.0006300000000000194,0.0009399999999999409,0.00030999999999992145,0.0,1,0.57809,0.6702127659575097,maru,0,0,False,False,False,0.0020799999999999708,0.45,False,False,0.0020799999999999708,0.45,False,False,0.0020799999999999708,0.45,1,2931.6294819177997,0.67,False,,0,,-1,-1,-1,1,1046,2,1,0.00024000000000001798,pullback_range,1,0.58105,0.57112,762,764,0.57112,0.58105,,761,0.574,,728,0.58196,,1,0.57112,0.58196,SEEK_BREAKOUT,CONFIRMED,0,,-1,-1,1,-1,761
2026-01-19 11:00:00+00:00,0.57824,0.57838,0.57798,0.57833,1804,9.00000000000345e-05,0.00039999999999995595,4.999999999999449e-05,0.00025999999999992696,1,0.57818,0.22500000000011103,pinbar,1,0,False,False,False,0.0020799999999999708,0.19,False,False,0.0020799999999999708,0.19,False,False,0.0020799999999999708,0.19,1,2824.2361979256284,0.64,False,,0,,-1,-1,-1,0,-1,-1,0,0.0,pullback_range,1,0.58105,0.57112,762,764,0.57112,0.58105,,761,0.574,,728,0.58196,,1,0.57112,0.58196,SEEK_BREAKOUT,CONFIRMED,0,,-1,-1,1,-1,761
2026-01-19 12:00:00+00:00,0.57832,0.57874,0.5782,0.57842,1914,0.00010000000000010001,0.0005399999999999849,0.00031999999999998696,0.00011999999999989797,1,0.57847,0.18518518518537555,pinbar,-1,0,False,False,False,0.0020799999999999708,0.26,False,False,0.0020799999999999708,0.26,False,False,0.0020799999999999708,0.26,1,2737.5470362184255,0.7,False,,0,,-1,-1,-1,0,-1,-1,1,2.999999999997449e-05,pullback_range,1,0.58105,0.57112,762,764,0.57112,0.58105,,761,0.574,,728,0.58196,,1,0.57112,0.58196,SEEK_BREAKOUT,CONFIRMED,0,,-1,-1,1,-1,761
2026-01-19 13:00:00+00:00,0.57842,0.57895,0.57841,0.57852,1716,9.999999999998899e-05,0.0005399999999999849,0.00042999999999993044,1.0000000000065512e-05,1,0.57868,0.18518518518516996,pinbar,-1,0,False,False,False,0.0020799999999999708,0.26,False,False,0.0020799999999999708,0.26,False,False,0.0020799999999999708,0.26,1,2640.256842292861,0.65,False,,0,,-1,-1,-1,0,-1,-1,0,0.0,pullback_range,1,0.58105,0.57112,762,764,0.57112,0.58105,,761,0.574,,728,0.58196,,1,0.57112,0.58196,SEEK_BREAKOUT,CONFIRMED,0,,-1,-1,1,-1,761
2026-01-19 14:00:00+00:00,0.5785,0.57898,0.57792,0.57886,2044,0.00036000000000002697,0.001060000000000061,0.00012000000000000899,0.0005800000000000249,1,0.57845,0.3396226415094399,pinbar,1,0,False,False,True,0.0020799999999999708,0.51,False,True,0.0020799999999999708,0.51,False,True,0.0020799999999999708,0.51,1,2583.4704763602076,0.79,False,,0,,-1,-1,-1,0,-1,-1,0,0.0,pullback_range,1,0.58105,0.57112,762,764,0.57112,0.58105,,761,0.574,,728,0.58196,,1,0.57112,0.58196,SEEK_BREAKOUT,CONFIRMED,0,,-1,-1,1,-1,761
2026-01-19 15:00:00+00:00,0.57884,0.5794,0.57872,0.57904,2662,0.00019999999999997797,0.0006800000000000139,0.00036000000000002697,0.00012000000000000899,1,0.57906,0.2941176470587851,pinbar,-1,0,False,False,False,0.0020799999999999708,0.33,False,False,0.0020799999999999708,0.33,False,False,0.0020799999999999708,0.33,1,2590.9494786116165,1.03,False,,0,,-1,-1,-1,1,1052,3,0,0.0,pullback_range,1,0.58105,0.57112,762,764,0.57112,0.58105,,761,0.574,,728,0.58196,,1,0.57112,0.58196,SEEK_BREAKOUT,CONFIRMED,0,,-1,-1,1,-1,761
2026-01-19 16:00:00+00:00,0.57906,0.57954,0.57892,0.5794,1817,0.00034000000000000696,0.0006200000000000649,0.000140000000000029,0.000140000000000029,1,0.57923,0.5483870967741473,normal,0,0,False,False,False,0.0020799999999999708,0.3,False,False,0.0020799999999999708,0.3,False,False,0.0020799999999999708,0.3,1,2517.240004458129,0.72,False,,0,,-1,-1,-1,1,1052,2,0,0.0,pullback_range,1,0.58105,0.57112,762,764,0.57112,0.58105,,761,0.574,,728,0.58196,,1,0.57112,0.58196,SEEK_BREAKOUT,CONFIRMED,0,,-1,-1,1,-1,761
2026-01-19 17:00:00+00:00,0.57942,0.5797,0.5793,0.57958,898,0.00015999999999993797,0.00039999999999995595,0.00012000000000000899,0.00012000000000000899,1,0.5795,0.399999999999889,normal,0,0,False,False,False,0.0020799999999999708,0.19,False,False,0.0020799999999999708,0.19,False,False,0.0020799999999999708,0.19,1,2363.026670700212,0.38,False,,0,,-1,-1,-1,1,1054,3,0,0.0,pullback_range,1,0.58105,0.57112,762,764,0.57112,0.58105,,761,0.574,,728,0.58196,,1,0.57112,0.58196,SEEK_BREAKOUT,CONFIRMED,0,,-1,-1,1,-1,761
2026-01-19 18:00:00+00:00,0.57958,0.5797,0.57928,0.5794,473,0.00017999999999995797,0.00041999999999997595,0.00012000000000000899,0.00012000000000000899,-1,0.5794900000000001,0.42857142857135305,normal,0,0,False,False,False,0.0020799999999999708,0.2,False,False,0.0020799999999999708,0.2,False,False,0.0020799999999999708,0.2,-1,2183.024130633525,0.22,False,,0,,-1,-1,-1,1,1054,2,0,0.0,pullback_range,1,0.58105,0.57112,762,764,0.57112,0.58105,,761,0.574,,728,0.58196,,1,0.57112,0.58196,SEEK_BREAKOUT,CONFIRMED,0,,-1,-1,1,-1,761
2026-01-19 19:00:00+00:00,0.57939,0.57956,0.57912,0.57919,487,0.00019999999999997797,0.00043999999999999595,0.00017000000000000348,7.00000000000145e-05,-1,0.57934,0.4545454545454087,normal,0,-1,False,False,False,0.0020799999999999708,0.21,False,False,0.0020799999999999708,0.21,False,False,0.0020799999999999708,0.21,-1,2021.4980229541418,0.24,False,,0,,-1,-1,-1,1,1057,4,0,0.0,pullback_range,1,0.58105,0.57112,762,764,0.57112,0.58105,,761,0.574,,728,0.58196,,1,0.57112,0.58196,SEEK_BREAKOUT,CONFIRMED,0,,-1,-1,1,-1,761
2026-01-19 20:00:00+00:00,0.57918,0.5795,0.57892,0.5795,405,0.00031999999999998696,0.0005800000000000249,0.0,0.000260000000000038,1,0.57921,0.5517241379309883,maru,0,0,True,False,False,0.0020799999999999708,0.28,False,False,0.0020799999999999708,0.28,False,False,0.0020799999999999708,0.28,1,1867.5458302918428,0.22,False,,0,,-1,-1,-1,1,1057,3,0,0.0,pullback_range,1,0.58105,0.57112,762,764,0.57112,0.58105,,761,0.574,,728,0.58196,,1,0.57112,0.58196,SEEK_BREAKOUT,CONFIRMED,0,,-1,-1,1,-1,761
2026-01-19 21:00:00+00:00,0.5795,0.58034,0.5793,0.57986,995,0.00036000000000002697,0.0010399999999999299,0.00047999999999992493,0.00019999999999997797,1,0.57982,0.34615384615389544,pinbar,0,0,False,False,True,0.0020799999999999708,0.5,False,True,0.0020799999999999708,0.5,False,True,0.0020799999999999708,0.5,1,1784.4462274069053,0.56,False,,0,,-1,-1,-1,0,-1,-1,1,0.00012000000000000899,pullback_range,1,0.58105,0.57112,762,764,0.57112,0.58105,,761,0.574,,728,0.58196,,1,0.57112,0.58196,SEEK_BREAKOUT,CONFIRMED,0,,-1,-1,1,-1,761
2026-01-19 22:00:00+00:00,0.57982,0.58006,0.57962,0.57964,339,0.00017999999999995797,0.00043999999999999595,0.00024000000000001798,2.0000000000020002e-05,-1,0.57984,0.40909090909081736,normal,0,-1,False,False,False,0.0020799999999999708,0.21,False,False,0.0020799999999999708,0.21,False,False,0.0020799999999999708,0.21,-1,1646.7846819395809,0.21,False,,0,,-1,-1,-1,0,-1,-1,0,0.0,pullback_range,1,0.58105,0.57112,762,764,0.57112,0.58105,,761,0.574,,728,0.58196,,1,0.57112,0.58196,SEEK_BREAKOUT,CONFIRMED,0,,-1,-1,1,-1,761
2026-01-19 23:00:00+00:00,0.57964,0.57986,0.57915,0.57926,632,0.00038000000000004697,0.0007099999999999884,0.00021999999999999797,0.00010999999999994348,-1,0.579505,0.5352112676057087,normal,0,0,False,False,False,0.0020799999999999708,0.34,False,False,0.0020799999999999708,0.34,False,False,0.0020799999999999708,0.34,-1,1550.1385217548589,0.41,False,,0,,-1,-1,-1,0,-1,-1,0,0.0,pullback_range,1,0.58105,0.57112,762,764,0.57112,0.58105,,761,0.574,,728,0.58196,,1,0.57112,0.58196,SEEK_BREAKOUT,CONFIRMED,0,,-1,-1,1,-1,761
